Datetime,Close,High,Low,Open,Volume
2026-04-15 04:00:00+00:00,4849.7001953125,4850.5,4844.5,4848.0,158
2026-04-15 04:15:00+00:00,4848.39990234375,4851.0,4845.7001953125,4849.60009765625,231
2026-04-15 04:30:00+00:00,4847.2001953125,4851.60009765625,4847.10009765625,4848.7001953125,239
2026-04-15 04:45:00+00:00,4848.89990234375,4850.5,4845.10009765625,4847.2001953125,246
2026-04-15 05:00:00+00:00,4850.2998046875,4852.7998046875,4846.2998046875,4849.10009765625,427
2026-04-15 05:15:00+00:00,4849.7001953125,4854.2998046875,4847.89990234375,4850.2001953125,451
2026-04-15 05:30:00+00:00,4840.5,4851.5,4835.89990234375,4850.0,1227
2026-04-15 05:45:00+00:00,4843.2998046875,4847.10009765625,4837.7001953125,4840.39990234375,1068
2026-04-15 06:00:00+00:00,4842.7998046875,4848.5,4840.10009765625,4843.39990234375,727
2026-04-15 06:15:00+00:00,4838.5,4843.10009765625,4837.2001953125,4843.0,532
2026-04-15 06:30:00+00:00,4839.7001953125,4841.39990234375,4834.60009765625,4838.2001953125,844
2026-04-15 06:45:00+00:00,4834.89990234375,4845.7001953125,4834.2001953125,4839.7998046875,1078
2026-04-15 07:00:00+00:00,4838.60009765625,4840.0,4827.39990234375,4835.2001953125,2204
2026-04-15 07:15:00+00:00,4835.7998046875,4839.0,4829.0,4838.7001953125,1522
2026-04-15 07:30:00+00:00,4833.5,4838.7998046875,4831.60009765625,4835.7001953125,786
2026-04-15 07:45:00+00:00,4834.10009765625,4835.7001953125,4829.0,4833.2998046875,913
2026-04-15 08:00:00+00:00,4834.10009765625,4835.5,4827.10009765625,4833.7998046875,1002
2026-04-15 08:15:00+00:00,4833.2998046875,4837.39990234375,4828.7998046875,4834.5,1143
2026-04-15 08:30:00+00:00,4833.7998046875,4836.0,4828.7998046875,4832.0,779
2026-04-15 08:45:00+00:00,4841.60009765625,4845.39990234375,4832.89990234375,4833.10009765625,1254
2026-04-15 09:00:00+00:00,4827.7998046875,4842.39990234375,4815.2001953125,4841.39990234375,2902
2026-04-15 09:15:00+00:00,4820.0,4830.60009765625,4819.2001953125,4828.10009765625,1252
2026-04-15 09:30:00+00:00,4818.7998046875,4826.89990234375,4818.0,4820.0,1784
2026-04-15 09:45:00+00:00,4821.2001953125,4823.0,4808.39990234375,4818.7998046875,1921
2026-04-15 10:00:00+00:00,4823.89990234375,4826.10009765625,4818.10009765625,4820.60009765625,699
2026-04-15 10:15:00+00:00,4817.5,4824.2001953125,4812.7001953125,4823.89990234375,1147
2026-04-15 10:30:00+00:00,4823.2001953125,4824.2001953125,4815.89990234375,4818.10009765625,915
2026-04-15 10:45:00+00:00,4822.7998046875,4829.2001953125,4821.60009765625,4823.2998046875,919
2026-04-15 11:00:00+00:00,4825.39990234375,4827.2001953125,4818.39990234375,4822.7998046875,600
2026-04-15 11:15:00+00:00,4827.7001953125,4829.7998046875,4822.60009765625,4825.7998046875,491
2026-04-15 11:30:00+00:00,4828.7001953125,4831.5,4825.0,4827.7998046875,705
2026-04-15 11:45:00+00:00,4835.7001953125,4837.7998046875,4826.2998046875,4828.39990234375,1562
2026-04-15 12:00:00+00:00,4836.39990234375,4837.0,4829.2998046875,4835.0,1158
2026-04-15 12:15:00+00:00,4835.2001953125,4838.7001953125,4832.2001953125,4836.7998046875,1432
2026-04-15 12:30:00+00:00,4834.10009765625,4838.5,4832.60009765625,4834.89990234375,737
2026-04-15 12:45:00+00:00,4833.89990234375,4837.89990234375,4830.39990234375,4834.10009765625,730
2026-04-15 13:00:00+00:00,4836.7998046875,4838.89990234375,4831.10009765625,4834.39990234375,1273
2026-04-15 13:15:00+00:00,4844.39990234375,4844.7001953125,4832.7998046875,4836.7998046875,1492
2026-04-15 13:30:00+00:00,4842.60009765625,4848.39990234375,4838.2998046875,4844.39990234375,2484
2026-04-15 13:45:00+00:00,4851.89990234375,4853.5,4842.5,4843.5,2161
2026-04-15 14:00:00+00:00,4851.7998046875,4853.0,4843.5,4851.7001953125,2326
2026-04-15 14:15:00+00:00,4848.2001953125,4854.60009765625,4845.5,4852.0,1890
2026-04-15 14:30:00+00:00,4842.2998046875,4848.7998046875,4838.10009765625,4848.5,1652
2026-04-15 14:45:00+00:00,4838.39990234375,4842.2001953125,4836.2001953125,4842.2001953125,1140
2026-04-15 15:00:00+00:00,4832.60009765625,4839.0,4822.5,4839.0,3367
2026-04-15 15:15:00+00:00,4820.2998046875,4833.60009765625,4819.2001953125,4832.2998046875,2287
2026-04-15 15:30:00+00:00,4826.0,4828.7001953125,4807.89990234375,4820.39990234375,3138
2026-04-15 15:45:00+00:00,4823.5,4829.7998046875,4821.7998046875,4825.60009765625,1786
2026-04-15 16:00:00+00:00,4830.7001953125,4832.7998046875,4822.5,4824.0,1528
2026-04-15 16:15:00+00:00,4833.7001953125,4835.0,4827.39990234375,4830.60009765625,1539
2026-04-15 16:30:00+00:00,4826.60009765625,4834.2001953125,4825.10009765625,4833.7998046875,1718
2026-04-15 16:45:00+00:00,4825.89990234375,4829.39990234375,4822.0,4826.5,1342
2026-04-15 17:00:00+00:00,4820.10009765625,4827.0,4820.10009765625,4826.2001953125,810
2026-04-15 17:15:00+00:00,4823.60009765625,4830.7998046875,4820.2998046875,4820.39990234375,2109
2026-04-15 17:30:00+00:00,4815.60009765625,4824.7001953125,4814.0,4823.89990234375,1653
2026-04-15 17:45:00+00:00,4814.7998046875,4818.10009765625,4812.89990234375,4815.89990234375,1040
2026-04-15 18:00:00+00:00,4819.5,4823.2001953125,4812.2001953125,4814.7998046875,1540
2026-04-15 18:15:00+00:00,4817.0,4821.0,4815.0,4819.0,508
2026-04-15 18:30:00+00:00,4819.2001953125,4820.5,4816.7001953125,4817.2001953125,290
2026-04-15 18:45:00+00:00,4822.2001953125,4825.2998046875,4819.39990234375,4819.5,1195
2026-04-15 19:00:00+00:00,4821.2998046875,4826.10009765625,4820.89990234375,4822.2001953125,474
2026-04-15 19:15:00+00:00,4825.2001953125,4825.7001953125,4820.2998046875,4821.39990234375,268
2026-04-15 19:30:00+00:00,4819.39990234375,4825.60009765625,4817.5,4825.0,386
2026-04-15 19:45:00+00:00,4818.2998046875,4823.7001953125,4817.10009765625,4819.2001953125,558
2026-04-15 20:00:00+00:00,4816.0,4819.39990234375,4815.10009765625,4818.7001953125,282
2026-04-15 20:15:00+00:00,4816.5,4818.39990234375,4816.10009765625,4816.10009765625,94
2026-04-15 20:30:00+00:00,4813.0,4816.10009765625,4812.7998046875,4816.10009765625,241
2026-04-15 20:45:00+00:00,4813.89990234375,4816.0,4810.5,4814.0,561
2026-04-15 22:00:00+00:00,4813.60009765625,4821.10009765625,4812.39990234375,4813.60009765625,223
2026-04-15 22:15:00+00:00,4822.0,4823.7001953125,4814.7001953125,4814.7001953125,453
2026-04-15 22:30:00+00:00,4822.7001953125,4825.0,4820.39990234375,4823.2001953125,365
2026-04-15 22:45:00+00:00,4829.2001953125,4833.7998046875,4823.0,4823.0,1028
2026-04-15 23:00:00+00:00,4834.10009765625,4834.60009765625,4829.2001953125,4829.2001953125,380
2026-04-15 23:15:00+00:00,4836.5,4837.2998046875,4833.60009765625,4834.10009765625,402
2026-04-15 23:30:00+00:00,4844.7001953125,4846.10009765625,4835.89990234375,4836.2998046875,1389
2026-04-15 23:45:00+00:00,4845.39990234375,4848.60009765625,4843.39990234375,4845.10009765625,518
2026-04-16 00:00:00+00:00,4852.2001953125,4854.2998046875,4845.39990234375,4845.39990234375,1129
2026-04-16 00:15:00+00:00,4846.7998046875,4853.5,4843.7998046875,4852.5,1718
2026-04-16 00:30:00+00:00,4854.60009765625,4859.7001953125,4841.10009765625,4846.89990234375,2811
2026-04-16 00:45:00+00:00,4854.7001953125,4859.5,4852.7998046875,4854.2998046875,602
2026-04-16 01:00:00+00:00,4851.60009765625,4858.60009765625,4850.2001953125,4854.7001953125,789
2026-04-16 01:15:00+00:00,4845.39990234375,4852.39990234375,4843.7001953125,4852.2998046875,634
2026-04-16 01:30:00+00:00,4838.2001953125,4847.5,4832.89990234375,4845.5,945
2026-04-16 01:45:00+00:00,4839.89990234375,4844.7001953125,4837.2998046875,4837.60009765625,695
2026-04-16 02:00:00+00:00,4844.0,4847.2001953125,4839.60009765625,4840.7001953125,428
2026-04-16 02:15:00+00:00,4841.39990234375,4845.89990234375,4841.10009765625,4843.39990234375,540
2026-04-16 02:30:00+00:00,4839.10009765625,4843.5,4834.60009765625,4841.39990234375,482
2026-04-16 02:45:00+00:00,4842.10009765625,4843.60009765625,4837.7001953125,4840.0,284
2026-04-16 03:00:00+00:00,4849.0,4849.60009765625,4841.5,4841.7998046875,406
2026-04-16 03:15:00+00:00,4846.5,4849.0,4845.0,4848.7001953125,269
2026-04-16 03:30:00+00:00,4842.89990234375,4848.60009765625,4841.5,4846.60009765625,437
2026-04-16 03:45:00+00:00,4847.7001953125,4849.10009765625,4843.10009765625,4843.10009765625,245
2026-04-16 04:00:00+00:00,4849.39990234375,4849.89990234375,4845.2001953125,4846.2998046875,264
2026-04-16 04:15:00+00:00,4848.89990234375,4852.60009765625,4848.0,4849.5,380
2026-04-16 04:30:00+00:00,4852.89990234375,4853.89990234375,4847.5,4849.0,311
2026-04-16 04:45:00+00:00,4855.7001953125,4856.10009765625,4851.89990234375,4853.39990234375,249
2026-04-16 05:00:00+00:00,4857.0,4861.2998046875,4855.39990234375,4855.5,873
2026-04-16 05:15:00+00:00,4855.5,4859.2001953125,4854.39990234375,4858.0,497
2026-04-16 05:30:00+00:00,4848.2998046875,4856.89990234375,4847.5,4856.0,1487
2026-04-16 05:45:00+00:00,4844.10009765625,4852.60009765625,4843.7001953125,4848.39990234375,1533
2026-04-16 06:00:00+00:00,4845.2001953125,4850.7998046875,4843.60009765625,4843.60009765625,1217
2026-04-16 06:15:00+00:00,4838.0,4848.0,4836.0,4845.10009765625,1722
2026-04-16 06:30:00+00:00,4846.2001953125,4846.5,4836.60009765625,4838.2998046875,2639
2026-04-16 06:45:00+00:00,4848.2998046875,4852.10009765625,4844.0,4845.7001953125,2793
2026-04-16 07:00:00+00:00,4846.2998046875,4852.7998046875,4844.2998046875,4848.0,2338
2026-04-16 07:15:00+00:00,4849.7001953125,4851.39990234375,4838.2998046875,4846.39990234375,2685
2026-04-16 07:30:00+00:00,4849.2998046875,4851.89990234375,4845.60009765625,4849.7001953125,980
2026-04-16 07:45:00+00:00,4843.0,4849.7998046875,4840.60009765625,4848.89990234375,616
2026-04-16 08:00:00+00:00,4833.10009765625,4843.2001953125,4828.0,4842.7998046875,1966
2026-04-16 08:15:00+00:00,4832.89990234375,4836.0,4830.7998046875,4833.0,632
2026-04-16 08:30:00+00:00,4833.2001953125,4834.7998046875,4827.7998046875,4833.0,810
2026-04-16 08:45:00+00:00,4834.7001953125,4836.0,4829.39990234375,4833.39990234375,933
2026-04-16 09:00:00+00:00,4837.7001953125,4839.5,4833.0,4834.89990234375,482
2026-04-16 09:15:00+00:00,4834.2998046875,4838.5,4832.5,4837.2998046875,602
2026-04-16 09:30:00+00:00,4835.7001953125,4836.10009765625,4827.7001953125,4834.2001953125,1550
2026-04-16 09:45:00+00:00,4834.2001953125,4836.7998046875,4831.0,4835.7001953125,690
2026-04-16 10:00:00+00:00,4828.2998046875,4836.7998046875,4828.10009765625,4834.10009765625,716
2026-04-16 10:15:00+00:00,4828.39990234375,4831.5,4825.60009765625,4828.10009765625,351
2026-04-16 10:30:00+00:00,4829.39990234375,4833.5,4826.39990234375,4828.2001953125,523
2026-04-16 10:45:00+00:00,4838.7001953125,4838.7001953125,4827.7998046875,4828.7998046875,593
2026-04-16 11:00:00+00:00,4838.7998046875,4842.10009765625,4837.5,4838.7001953125,720
2026-04-16 11:15:00+00:00,4837.60009765625,4841.5,4836.7998046875,4839.0,479
2026-04-16 11:30:00+00:00,4839.2998046875,4841.60009765625,4837.39990234375,4838.0,414
2026-04-16 11:45:00+00:00,4843.89990234375,4844.2998046875,4837.60009765625,4839.2001953125,572
2026-04-16 12:00:00+00:00,4838.39990234375,4845.0,4833.0,4844.10009765625,1484
2026-04-16 12:15:00+00:00,4837.0,4840.7001953125,4835.5,4838.39990234375,767
2026-04-16 12:30:00+00:00,4838.39990234375,4842.2001953125,4833.10009765625,4836.89990234375,1324
2026-04-16 12:45:00+00:00,4837.7998046875,4840.7001953125,4835.2998046875,4838.5,877
2026-04-16 13:00:00+00:00,4839.10009765625,4844.7998046875,4836.10009765625,4838.2998046875,1820
2026-04-16 13:15:00+00:00,4837.60009765625,4843.39990234375,4837.2001953125,4839.5,1006
2026-04-16 13:30:00+00:00,4837.7998046875,4846.2001953125,4834.39990234375,4837.7998046875,2710
2026-04-16 13:45:00+00:00,4815.89990234375,4841.7001953125,4805.2998046875,4838.0,6600
2026-04-16 14:00:00+00:00,4823.39990234375,4828.39990234375,4806.39990234375,4815.7998046875,5993
2026-04-16 14:15:00+00:00,4821.0,4825.5,4813.2001953125,4823.60009765625,1789
2026-04-16 14:30:00+00:00,4809.2001953125,4823.0,4792.10009765625,4821.5,4427
2026-04-16 14:45:00+00:00,4810.2998046875,4815.2001953125,4806.7001953125,4808.7998046875,1848
2026-04-16 15:00:00+00:00,4828.0,4834.7001953125,4809.89990234375,4810.39990234375,3175
2026-04-16 15:15:00+00:00,4823.2001953125,4831.2998046875,4823.2001953125,4828.60009765625,1458
2026-04-16 15:30:00+00:00,4824.5,4833.10009765625,4819.2998046875,4823.2001953125,2302
2026-04-16 15:45:00+00:00,4828.2001953125,4830.10009765625,4822.2001953125,4824.2001953125,965
2026-04-16 16:00:00+00:00,4826.2001953125,4831.39990234375,4824.60009765625,4828.60009765625,724
2026-04-16 16:15:00+00:00,4820.2998046875,4827.0,4817.7001953125,4826.39990234375,1028
2026-04-16 16:30:00+00:00,4811.0,4821.0,4807.2001953125,4821.0,2720
2026-04-16 16:45:00+00:00,4812.7001953125,4814.5,4806.0,4810.89990234375,1364
2026-04-16 17:00:00+00:00,4812.39990234375,4816.60009765625,4810.60009765625,4812.60009765625,1059
2026-04-16 17:15:00+00:00,4805.7998046875,4815.10009765625,4805.5,4812.2998046875,1715
2026-04-16 17:30:00+00:00,4807.7998046875,4810.2001953125,4802.0,4806.0,1494
2026-04-16 17:45:00+00:00,4810.10009765625,4812.0,4803.10009765625,4808.10009765625,1328
2026-04-16 18:00:00+00:00,4810.60009765625,4815.5,4806.5,4810.0,886
2026-04-16 18:15:00+00:00,4807.7001953125,4814.0,4807.60009765625,4810.5,589
2026-04-16 18:30:00+00:00,4810.60009765625,4812.2998046875,4807.5,4807.7001953125,396
2026-04-16 18:45:00+00:00,4809.7001953125,4813.60009765625,4808.89990234375,4810.89990234375,316
2026-04-16 19:00:00+00:00,4810.60009765625,4815.89990234375,4810.2998046875,4810.89990234375,537
2026-04-16 19:15:00+00:00,4811.60009765625,4814.89990234375,4811.2998046875,4811.39990234375,387
2026-04-16 19:30:00+00:00,4818.5,4818.7998046875,4811.5,4811.5,517
2026-04-16 19:45:00+00:00,4814.5,4819.7001953125,4813.60009765625,4819.10009765625,804
2026-04-16 20:00:00+00:00,4811.5,4815.10009765625,4811.0,4814.7998046875,220
2026-04-16 20:15:00+00:00,4810.39990234375,4812.89990234375,4809.2998046875,4811.2001953125,226
2026-04-16 20:30:00+00:00,4809.60009765625,4811.5,4807.2998046875,4810.2001953125,231
2026-04-16 20:45:00+00:00,4810.89990234375,4812.10009765625,4806.0,4810.0,495
2026-04-16 22:00:00+00:00,4816.0,4818.7998046875,4811.7998046875,4811.7998046875,269
2026-04-16 22:15:00+00:00,4815.2998046875,4817.2998046875,4813.0,4815.89990234375,169
2026-04-16 22:30:00+00:00,4816.0,4816.7998046875,4811.39990234375,4814.5,336
2026-04-16 22:45:00+00:00,4816.0,4818.0,4815.2001953125,4815.2001953125,217
2026-04-16 23:00:00+00:00,4813.2998046875,4816.0,4812.60009765625,4815.60009765625,127
2026-04-16 23:15:00+00:00,4814.2998046875,4818.7001953125,4813.10009765625,4813.7001953125,161
2026-04-16 23:30:00+00:00,4816.7001953125,4817.2001953125,4812.7998046875,4814.39990234375,139
2026-04-16 23:45:00+00:00,4812.5,4817.7001953125,4812.39990234375,4816.0,234
2026-04-17 00:00:00+00:00,4811.2998046875,4812.7998046875,4806.7001953125,4812.0,507
2026-04-17 00:15:00+00:00,4814.0,4814.0,4808.2998046875,4811.10009765625,236
2026-04-17 00:30:00+00:00,4819.39990234375,4819.5,4813.60009765625,4814.0,408
2026-04-17 00:45:00+00:00,4816.2998046875,4822.2001953125,4814.60009765625,4819.2001953125,420
2026-04-17 01:00:00+00:00,4799.2001953125,4816.5,4785.89990234375,4815.60009765625,2115
2026-04-17 01:15:00+00:00,4789.2998046875,4805.89990234375,4787.7001953125,4799.0,1318
2026-04-17 01:30:00+00:00,4796.89990234375,4797.7998046875,4787.89990234375,4788.89990234375,1270
2026-04-17 01:45:00+00:00,4810.2001953125,4811.5,4795.2998046875,4797.7998046875,1149
2026-04-17 02:00:00+00:00,4811.39990234375,4814.39990234375,4808.2998046875,4809.7998046875,730
2026-04-17 02:15:00+00:00,4808.7001953125,4812.0,4808.2998046875,4811.7998046875,312
2026-04-17 02:30:00+00:00,4811.7998046875,4815.0,4808.39990234375,4808.60009765625,409
2026-04-17 02:45:00+00:00,4804.60009765625,4813.7998046875,4804.2998046875,4811.2998046875,410
2026-04-17 03:00:00+00:00,4816.5,4818.0,4804.7998046875,4804.7998046875,785
2026-04-17 03:15:00+00:00,4815.0,4819.10009765625,4813.60009765625,4816.5,431
2026-04-17 03:30:00+00:00,4814.7998046875,4815.7998046875,4812.2998046875,4814.5,276
2026-04-17 03:45:00+00:00,4814.10009765625,4817.5,4813.7001953125,4815.0,198
2026-04-17 04:00:00+00:00,4815.7001953125,4816.89990234375,4813.10009765625,4813.89990234375,293
2026-04-17 04:15:00+00:00,4816.7998046875,4817.10009765625,4814.5,4816.39990234375,157
2026-04-17 04:30:00+00:00,4822.2001953125,4822.7998046875,4816.2001953125,4817.0,605
2026-04-17 04:45:00+00:00,4824.2001953125,4825.60009765625,4819.2001953125,4822.2001953125,592
2026-04-17 05:00:00+00:00,4826.10009765625,4827.2001953125,4820.60009765625,4823.7001953125,440
2026-04-17 05:15:00+00:00,4824.7998046875,4826.39990234375,4822.60009765625,4826.0,320
2026-04-17 05:30:00+00:00,4818.0,4826.60009765625,4817.0,4824.5,963
2026-04-17 05:45:00+00:00,4815.89990234375,4822.10009765625,4815.10009765625,4818.10009765625,1031
2026-04-17 06:00:00+00:00,4809.0,4816.5,4808.10009765625,4815.89990234375,1054
2026-04-17 06:15:00+00:00,4805.2001953125,4811.2001953125,4804.5,4808.89990234375,815
2026-04-17 06:30:00+00:00,4806.10009765625,4808.0,4800.0,4804.7998046875,1081
2026-04-17 06:45:00+00:00,4805.5,4807.89990234375,4804.60009765625,4806.2998046875,565
2026-04-17 07:00:00+00:00,4807.7001953125,4812.0,4804.7998046875,4806.0,1014
2026-04-17 07:15:00+00:00,4812.0,4813.5,4805.39990234375,4808.2001953125,762
2026-04-17 07:30:00+00:00,4807.39990234375,4815.2998046875,4803.60009765625,4812.0,1269
2026-04-17 07:45:00+00:00,4805.5,4807.5,4800.2001953125,4807.39990234375,1024
2026-04-17 08:00:00+00:00,4805.10009765625,4812.5,4802.60009765625,4806.10009765625,1065
2026-04-17 08:15:00+00:00,4806.10009765625,4808.60009765625,4804.2001953125,4805.0,487
2026-04-17 08:30:00+00:00,4818.7001953125,4818.7001953125,4806.0,4806.0,1099
2026-04-17 08:45:00+00:00,4817.7998046875,4818.7998046875,4812.60009765625,4818.7998046875,699
2026-04-17 09:00:00+00:00,4814.7998046875,4822.7001953125,4814.39990234375,4817.7998046875,1101
2026-04-17 09:15:00+00:00,4817.60009765625,4820.2001953125,4813.60009765625,4814.89990234375,776
2026-04-17 09:30:00+00:00,4816.2998046875,4820.7001953125,4815.7001953125,4817.89990234375,838
2026-04-17 09:45:00+00:00,4812.2001953125,4816.7001953125,4812.0,4816.39990234375,731
2026-04-17 10:00:00+00:00,4813.7001953125,4814.5,4809.10009765625,4812.60009765625,729
2026-04-17 10:15:00+00:00,4811.7001953125,4816.0,4810.5,4813.60009765625,363
2026-04-17 10:30:00+00:00,4806.60009765625,4811.7001953125,4803.10009765625,4811.2001953125,669
2026-04-17 10:45:00+00:00,4809.0,4810.2998046875,4804.0,4806.60009765625,751
2026-04-17 11:00:00+00:00,4807.89990234375,4811.2001953125,4805.5,4809.2001953125,591
2026-04-17 11:15:00+00:00,4814.89990234375,4815.39990234375,4806.2001953125,4807.7998046875,708
2026-04-17 11:30:00+00:00,4820.7001953125,4820.7998046875,4811.7001953125,4814.89990234375,789
2026-04-17 11:45:00+00:00,4822.0,4834.0,4820.7998046875,4820.7998046875,2865
2026-04-17 12:00:00+00:00,4826.10009765625,4828.10009765625,4819.7998046875,4821.7001953125,1023
2026-04-17 12:15:00+00:00,4839.39990234375,4842.2001953125,4825.7001953125,4826.2998046875,2943
2026-04-17 12:30:00+00:00,4845.60009765625,4847.5,4837.7998046875,4839.7001953125,2755
2026-04-17 12:45:00+00:00,4869.0,4870.7998046875,4844.2998046875,4846.0,9670
2026-04-17 13:00:00+00:00,4906.2998046875,4917.7001953125,4856.89990234375,4869.0,12310
2026-04-17 13:15:00+00:00,4874.60009765625,4906.7001953125,4872.39990234375,4906.2998046875,6885
2026-04-17 13:30:00+00:00,4887.0,4897.0,4870.7001953125,4873.89990234375,4827
2026-04-17 13:45:00+00:00,4903.10009765625,4905.5,4874.39990234375,4887.60009765625,6149
2026-04-17 14:00:00+00:00,4890.10009765625,4908.89990234375,4883.39990234375,4903.2998046875,4458
2026-04-17 14:15:00+00:00,4894.39990234375,4903.60009765625,4888.60009765625,4890.5,2711
2026-04-17 14:30:00+00:00,4900.39990234375,4906.2001953125,4892.39990234375,4895.0,3650
2026-04-17 14:45:00+00:00,4895.7001953125,4904.60009765625,4892.7998046875,4900.5,2425
2026-04-17 15:00:00+00:00,4890.60009765625,4903.5,4885.0,4896.2001953125,3836
2026-04-17 15:15:00+00:00,4888.60009765625,4897.39990234375,4885.2998046875,4890.7001953125,3467
2026-04-17 15:30:00+00:00,4880.89990234375,4896.60009765625,4877.2998046875,4888.60009765625,2182
2026-04-17 15:45:00+00:00,4889.7001953125,4894.10009765625,4880.39990234375,4881.0,1509
2026-04-17 16:00:00+00:00,4894.2001953125,4896.0,4886.0,4889.5,1302
2026-04-17 16:15:00+00:00,4889.89990234375,4895.89990234375,4889.89990234375,4894.2998046875,696
2026-04-17 16:30:00+00:00,4890.60009765625,4895.5,4889.7998046875,4890.7001953125,760
2026-04-17 16:45:00+00:00,4889.0,4891.2998046875,4887.2001953125,4890.89990234375,752
2026-04-17 17:00:00+00:00,4884.7998046875,4891.60009765625,4879.0,4889.0,1573
2026-04-17 17:15:00+00:00,4880.5,4887.2998046875,4875.39990234375,4885.2001953125,2287
2026-04-17 17:30:00+00:00,4876.39990234375,4884.7998046875,4875.0,4880.2001953125,1160
2026-04-17 17:45:00+00:00,4884.60009765625,4885.5,4876.7998046875,4876.7998046875,697
2026-04-17 18:00:00+00:00,4882.7998046875,4888.39990234375,4882.10009765625,4884.7001953125,837
2026-04-17 18:15:00+00:00,4882.89990234375,4890.10009765625,4880.60009765625,4883.0,676
2026-04-17 18:30:00+00:00,4883.7998046875,4888.39990234375,4882.2001953125,4882.7998046875,495
2026-04-17 18:45:00+00:00,4879.60009765625,4884.60009765625,4877.0,4884.39990234375,575
2026-04-17 19:00:00+00:00,4878.10009765625,4880.10009765625,4875.2001953125,4879.89990234375,566
2026-04-17 19:15:00+00:00,4878.2998046875,4879.7001953125,4875.60009765625,4878.0,372
2026-04-17 19:30:00+00:00,4881.39990234375,4882.60009765625,4877.0,4878.0,885
2026-04-17 19:45:00+00:00,4875.5,4881.39990234375,4873.60009765625,4881.2001953125,1301
2026-04-17 20:00:00+00:00,4866.5,4876.2998046875,4865.2001953125,4875.60009765625,1567
2026-04-17 20:15:00+00:00,4867.0,4872.7001953125,4865.2001953125,4866.60009765625,1033
2026-04-17 20:30:00+00:00,4856.60009765625,4868.0,4854.60009765625,4866.39990234375,1321
2026-04-17 20:45:00+00:00,4879.60009765625,4879.60009765625,4848.0,4856.60009765625,1422
2026-04-19 22:00:00+00:00,4809.89990234375,4815.0,4801.89990234375,4813.39990234375,1404
2026-04-19 22:15:00+00:00,4805.2001953125,4815.0,4803.5,4809.89990234375,1324
2026-04-19 22:30:00+00:00,4799.5,4810.60009765625,4798.39990234375,4805.2998046875,714
2026-04-19 22:45:00+00:00,4799.39990234375,4806.89990234375,4797.60009765625,4800.0,626
2026-04-19 23:00:00+00:00,4792.89990234375,4799.39990234375,4792.0,4798.89990234375,1140
2026-04-19 23:15:00+00:00,4789.2998046875,4796.2001953125,4788.2001953125,4792.7998046875,733
2026-04-19 23:30:00+00:00,4771.2001953125,4793.5,4752.0,4789.7998046875,3201
2026-04-19 23:45:00+00:00,4775.0,4775.0,4756.0,4771.0,2433
2026-04-20 00:00:00+00:00,4771.7001953125,4774.7998046875,4764.2001953125,4774.39990234375,1683
2026-04-20 00:15:00+00:00,4785.5,4785.89990234375,4771.5,4772.0,1888
2026-04-20 00:30:00+00:00,4784.0,4788.2001953125,4780.5,4785.10009765625,704
2026-04-20 00:45:00+00:00,4792.0,4793.7998046875,4779.0,4784.7998046875,1291
2026-04-20 01:00:00+00:00,4812.89990234375,4813.7001953125,4790.2998046875,4792.0,3302
2026-04-20 01:15:00+00:00,4822.10009765625,4823.10009765625,4808.0,4813.2998046875,1627
2026-04-20 01:30:00+00:00,4826.10009765625,4831.2998046875,4820.60009765625,4821.7001953125,1904
2026-04-20 01:45:00+00:00,4827.7998046875,4834.5,4825.60009765625,4825.7998046875,1424
2026-04-20 02:00:00+00:00,4820.2998046875,4828.7998046875,4820.10009765625,4827.39990234375,1395
2026-04-20 02:15:00+00:00,4819.60009765625,4823.39990234375,4816.60009765625,4820.7001953125,890
2026-04-20 02:30:00+00:00,4815.39990234375,4821.39990234375,4813.2001953125,4821.0,904
2026-04-20 02:45:00+00:00,4813.2998046875,4817.0,4813.10009765625,4815.5,125
2026-04-20 09:30:00+00:00,4811.2001953125,4879.60009765625,4804.60009765625,4879.60009765625,23928
2026-04-20 09:45:00+00:00,4811.39990234375,4817.10009765625,4809.2001953125,4811.5,1290
2026-04-20 10:00:00+00:00,4815.89990234375,4820.0,4809.60009765625,4811.7001953125,1072
2026-04-20 10:15:00+00:00,4818.39990234375,4821.2001953125,4815.39990234375,4816.10009765625,587
2026-04-20 10:30:00+00:00,4815.2998046875,4820.10009765625,4815.10009765625,4818.5,247
2026-04-20 10:45:00+00:00,4815.7001953125,4879.60009765625,4815.0,4815.39990234375,330
2026-04-20 11:00:00+00:00,4809.39990234375,4816.10009765625,4806.39990234375,4815.7001953125,919
2026-04-20 11:15:00+00:00,4807.89990234375,4810.7001953125,4806.2998046875,4809.2998046875,510
2026-04-20 11:30:00+00:00,4811.2998046875,4811.7001953125,4807.39990234375,4808.0,499
2026-04-20 11:45:00+00:00,4830.89990234375,4879.60009765625,4822.39990234375,4879.60009765625,3137
2026-04-20 12:00:00+00:00,4830.60009765625,4832.89990234375,4822.7001953125,4830.7998046875,2464
2026-04-20 12:15:00+00:00,4825.89990234375,4842.89990234375,4824.0,4831.0,4340
2026-04-20 12:30:00+00:00,4826.0,4829.7001953125,4818.7998046875,4825.7001953125,1676
2026-04-20 12:45:00+00:00,4823.2998046875,4828.7998046875,4820.89990234375,4826.10009765625,1491
2026-04-20 13:00:00+00:00,4835.89990234375,4837.10009765625,4819.7001953125,4823.60009765625,2178
2026-04-20 13:15:00+00:00,4845.0,4846.5,4832.2998046875,4836.0,2143
2026-04-20 13:30:00+00:00,4843.2001953125,4847.2998046875,4836.5,4845.0,2653
2026-04-20 13:45:00+00:00,4838.7998046875,4845.2001953125,4837.7998046875,4843.10009765625,1736
2026-04-20 14:00:00+00:00,4836.0,4839.39990234375,4826.5,4838.7998046875,4815
2026-04-20 14:15:00+00:00,4843.2998046875,4847.2001953125,4834.10009765625,4835.7001953125,2252
2026-04-20 14:30:00+00:00,4834.7001953125,4847.89990234375,4830.5,4843.5,2078
2026-04-20 14:45:00+00:00,4824.89990234375,4835.10009765625,4811.89990234375,4833.89990234375,3542
2026-04-20 15:00:00+00:00,4818.10009765625,4827.2001953125,4812.60009765625,4825.7001953125,2291
2026-04-20 15:15:00+00:00,4828.39990234375,4829.7998046875,4814.10009765625,4818.0,2830
2026-04-20 15:30:00+00:00,4820.10009765625,4829.5,4819.60009765625,4828.39990234375,1241
2026-04-20 15:45:00+00:00,4819.89990234375,4821.7001953125,4815.0,4820.2001953125,1276
2026-04-20 16:00:00+00:00,4818.2998046875,4821.5,4814.10009765625,4819.7998046875,991
2026-04-20 16:15:00+00:00,4821.5,4821.89990234375,4812.5,4818.39990234375,1433
2026-04-20 16:30:00+00:00,4822.0,4824.60009765625,4818.7001953125,4821.89990234375,1004
2026-04-20 16:45:00+00:00,4825.60009765625,4826.60009765625,4821.7001953125,4822.10009765625,994
2026-04-20 17:00:00+00:00,4828.7001953125,4830.7001953125,4824.0,4825.89990234375,1154
2026-04-20 17:15:00+00:00,4830.10009765625,4831.5,4826.2001953125,4828.89990234375,1942
2026-04-20 17:30:00+00:00,4829.89990234375,4832.39990234375,4825.39990234375,4830.2998046875,1023
2026-04-20 17:45:00+00:00,4827.10009765625,4830.2001953125,4825.7998046875,4829.7998046875,509
2026-04-20 18:00:00+00:00,4836.2001953125,4836.5,4827.60009765625,4827.60009765625,945
2026-04-20 18:15:00+00:00,4833.89990234375,4835.89990234375,4832.0,4835.89990234375,614
2026-04-20 18:30:00+00:00,4835.10009765625,4835.7998046875,4831.2001953125,4834.0,511
2026-04-20 18:45:00+00:00,4834.7998046875,4837.0,4833.60009765625,4835.10009765625,503
2026-04-20 19:00:00+00:00,4841.0,4842.10009765625,4834.7001953125,4834.7001953125,757
2026-04-20 19:15:00+00:00,4837.60009765625,4840.89990234375,4836.60009765625,4840.89990234375,508
2026-04-20 19:30:00+00:00,4831.7998046875,4837.60009765625,4829.7001953125,4837.60009765625,1080
2026-04-20 19:45:00+00:00,4834.7998046875,4834.89990234375,4831.39990234375,4832.10009765625,571
2026-04-20 20:00:00+00:00,4834.0,4837.39990234375,4832.7998046875,4835.0,606
2026-04-20 20:15:00+00:00,4836.60009765625,4837.7001953125,4832.89990234375,4834.2998046875,244
2026-04-20 20:30:00+00:00,4837.2001953125,4838.0,4833.39990234375,4836.5,389
2026-04-20 20:45:00+00:00,4841.0,4842.7001953125,4836.89990234375,4837.10009765625,395
2026-04-20 22:00:00+00:00,4849.89990234375,4854.7998046875,4841.10009765625,4842.39990234375,668
2026-04-20 22:15:00+00:00,4849.39990234375,4854.2001953125,4849.39990234375,4850.39990234375,700
2026-04-20 22:30:00+00:00,4851.89990234375,4852.0,4845.7998046875,4849.7001953125,616
2026-04-20 22:45:00+00:00,4848.5,4852.89990234375,4846.2998046875,4851.60009765625,468
2026-04-20 23:00:00+00:00,4846.7998046875,4852.5,4844.5,4848.7001953125,681
2026-04-20 23:15:00+00:00,4846.5,4848.0,4844.7001953125,4846.5,199
2026-04-20 23:30:00+00:00,4844.5,4846.39990234375,4843.60009765625,4846.39990234375,363
2026-04-20 23:45:00+00:00,4842.39990234375,4845.60009765625,4840.5,4845.10009765625,316
2026-04-21 00:00:00+00:00,4848.7001953125,4851.2001953125,4841.0,4843.0,708
2026-04-21 00:15:00+00:00,4839.5,4849.60009765625,4839.2001953125,4848.5,803
2026-04-21 00:30:00+00:00,4842.39990234375,4844.2998046875,4836.39990234375,4839.7998046875,711
2026-04-21 00:45:00+00:00,4843.60009765625,4845.89990234375,4841.2001953125,4842.39990234375,394
2026-04-21 01:00:00+00:00,4834.60009765625,4844.2998046875,4832.60009765625,4843.7998046875,882
2026-04-21 01:15:00+00:00,4838.2001953125,4838.2001953125,4833.7001953125,4834.5,509
2026-04-21 01:30:00+00:00,4832.60009765625,4839.0,4828.2998046875,4837.7001953125,689
2026-04-21 01:45:00+00:00,4829.7998046875,4833.60009765625,4825.2998046875,4833.10009765625,837
2026-04-21 02:00:00+00:00,4826.60009765625,4830.2001953125,4825.0,4830.10009765625,631
2026-04-21 02:15:00+00:00,4827.2001953125,4828.10009765625,4822.0,4827.0,481
2026-04-21 02:30:00+00:00,4825.2998046875,4826.89990234375,4821.60009765625,4826.7998046875,634
2026-04-21 02:45:00+00:00,4826.0,4827.5,4821.5,4825.2998046875,547
2026-04-21 03:00:00+00:00,4819.7001953125,4826.89990234375,4819.2001953125,4826.2001953125,662
2026-04-21 03:15:00+00:00,4817.7001953125,4821.2001953125,4812.60009765625,4819.60009765625,1473
2026-04-21 03:30:00+00:00,4813.7998046875,4819.39990234375,4811.2001953125,4818.0,1419
2026-04-21 03:45:00+00:00,4816.2998046875,4816.39990234375,4812.60009765625,4813.60009765625,580
2026-04-21 04:00:00+00:00,4812.89990234375,4816.60009765625,4812.10009765625,4816.10009765625,766
2026-04-21 04:15:00+00:00,4810.7998046875,4815.10009765625,4809.2998046875,4812.7001953125,1245
2026-04-21 04:30:00+00:00,4810.0,4812.7998046875,4808.0,4810.7001953125,719
2026-04-21 04:45:00+00:00,4807.7001953125,4811.89990234375,4807.0,4810.2998046875,1009
2026-04-21 05:00:00+00:00,4807.7998046875,4811.5,4804.2998046875,4807.7998046875,1694
2026-04-21 05:15:00+00:00,4806.10009765625,4809.7998046875,4804.2998046875,4808.0,1098
2026-04-21 05:30:00+00:00,4815.10009765625,4815.7001953125,4804.39990234375,4806.2001953125,1457
2026-04-21 05:45:00+00:00,4802.89990234375,4815.2998046875,4801.7001953125,4815.2998046875,1557
2026-04-21 06:00:00+00:00,4803.60009765625,4809.39990234375,4794.10009765625,4802.60009765625,2950
2026-04-21 06:15:00+00:00,4796.7001953125,4804.5,4795.60009765625,4803.39990234375,2329
2026-04-21 06:30:00+00:00,4799.39990234375,4828.7998046875,4794.60009765625,4828.7998046875,1957
2026-04-21 06:45:00+00:00,4796.7998046875,4802.60009765625,4793.0,4799.0,2035
2026-04-21 07:00:00+00:00,4801.39990234375,4804.2998046875,4790.7998046875,4796.2998046875,1689
2026-04-21 07:15:00+00:00,4802.2001953125,4806.7001953125,4799.39990234375,4801.7001953125,719
2026-04-21 07:30:00+00:00,4805.2998046875,4806.0,4799.5,4802.5,527
2026-04-21 07:45:00+00:00,4804.89990234375,4811.5,4803.0,4805.10009765625,1118
2026-04-21 08:00:00+00:00,4794.7001953125,4806.60009765625,4793.2998046875,4804.5,1261
2026-04-21 08:15:00+00:00,4805.89990234375,4808.0,4794.0,4794.39990234375,1130
2026-04-21 08:30:00+00:00,4810.2998046875,4812.2001953125,4803.7001953125,4805.89990234375,974
2026-04-21 08:45:00+00:00,4805.0,4811.7998046875,4805.0,4810.7001953125,495
2026-04-21 09:00:00+00:00,4803.10009765625,4805.5,4800.0,4804.89990234375,639
2026-04-21 09:15:00+00:00,4801.10009765625,4806.89990234375,4800.10009765625,4802.7001953125,564
2026-04-21 09:30:00+00:00,4805.7998046875,4806.0,4800.7998046875,4800.89990234375,1310
2026-04-21 09:45:00+00:00,4802.39990234375,4808.2998046875,4802.0,4806.0,1625
2026-04-21 10:00:00+00:00,4801.89990234375,4805.0,4801.2001953125,4802.7998046875,523
2026-04-21 10:15:00+00:00,4802.10009765625,4803.89990234375,4799.60009765625,4802.10009765625,508
2026-04-21 10:30:00+00:00,4805.39990234375,4807.0,4801.7001953125,4802.10009765625,469
2026-04-21 10:45:00+00:00,4809.0,4809.7001953125,4805.2998046875,4805.39990234375,612
2026-04-21 11:00:00+00:00,4801.0,4809.5,4794.2998046875,4809.2001953125,1456
2026-04-21 11:15:00+00:00,4802.39990234375,4803.89990234375,4798.2001953125,4800.89990234375,549
2026-04-21 11:30:00+00:00,4812.60009765625,4814.39990234375,4802.2001953125,4802.39990234375,1588
2026-04-21 11:45:00+00:00,4814.2001953125,4818.0,4811.2998046875,4812.7998046875,1072
2026-04-21 12:00:00+00:00,4810.2998046875,4816.7001953125,4810.2998046875,4814.39990234375,1199
2026-04-21 12:15:00+00:00,4799.7001953125,4811.10009765625,4798.2001953125,4810.89990234375,1991
2026-04-21 12:30:00+00:00,4797.2998046875,4809.2998046875,4781.60009765625,4799.2998046875,4914
2026-04-21 12:45:00+00:00,4797.60009765625,4802.10009765625,4794.39990234375,4797.2001953125,1518
2026-04-21 13:00:00+00:00,4783.7998046875,4802.7998046875,4783.2998046875,4797.60009765625,2984
2026-04-21 13:15:00+00:00,4793.10009765625,4793.7001953125,4777.2998046875,4783.60009765625,2813
2026-04-21 13:30:00+00:00,4808.39990234375,4812.10009765625,4788.7998046875,4792.89990234375,4365
2026-04-21 13:45:00+00:00,4798.2001953125,4813.7998046875,4796.5,4808.2001953125,3080
2026-04-21 14:00:00+00:00,4798.39990234375,4801.89990234375,4792.2998046875,4798.2001953125,2440
2026-04-21 14:15:00+00:00,4792.60009765625,4799.5,4788.5,4797.2001953125,1802
2026-04-21 14:30:00+00:00,4762.7998046875,4793.5,4761.2001953125,4792.5,8314
2026-04-21 14:45:00+00:00,4757.39990234375,4763.89990234375,4740.89990234375,4762.7001953125,12562
2026-04-21 15:00:00+00:00,4766.89990234375,4769.2001953125,4745.89990234375,4757.7998046875,7213
2026-04-21 15:15:00+00:00,4761.10009765625,4776.60009765625,4760.2998046875,4766.2998046875,4285
2026-04-21 15:30:00+00:00,4764.2001953125,4766.39990234375,4755.2998046875,4761.2001953125,1793
2026-04-21 15:45:00+00:00,4759.7998046875,4768.60009765625,4757.0,4764.0,2031
2026-04-21 16:00:00+00:00,4749.5,4765.89990234375,4745.7001953125,4760.2998046875,2927
2026-04-21 16:15:00+00:00,4739.89990234375,4753.39990234375,4737.60009765625,4749.2998046875,3094
2026-04-21 16:30:00+00:00,4740.0,4746.7998046875,4738.39990234375,4739.5,2558
2026-04-21 16:45:00+00:00,4729.5,4741.89990234375,4726.39990234375,4739.7001953125,4445
2026-04-21 17:00:00+00:00,4724.10009765625,4737.60009765625,4718.10009765625,4729.2998046875,5346
2026-04-21 17:15:00+00:00,4719.10009765625,4727.0,4715.0,4725.0,3880
2026-04-21 17:30:00+00:00,4737.39990234375,4742.0,4716.2998046875,4719.2998046875,4989
2026-04-21 17:45:00+00:00,4731.0,4738.5,4725.7998046875,4737.7001953125,1891
2026-04-21 18:00:00+00:00,4724.10009765625,4734.2001953125,4723.7001953125,4730.89990234375,1345
2026-04-21 18:15:00+00:00,4716.2001953125,4724.7001953125,4712.0,4724.7001953125,2726
2026-04-21 18:30:00+00:00,4722.39990234375,4723.10009765625,4716.39990234375,4716.39990234375,1233
2026-04-21 18:45:00+00:00,4728.10009765625,4732.7998046875,4718.0,4721.89990234375,1829
2026-04-21 19:00:00+00:00,4726.2001953125,4732.0,4722.7998046875,4728.7001953125,1341
2026-04-21 19:15:00+00:00,4732.89990234375,4734.10009765625,4723.89990234375,4726.89990234375,1581
2026-04-21 19:30:00+00:00,4690.39990234375,4733.5,4685.7998046875,4732.7998046875,5034
2026-04-21 19:45:00+00:00,4698.2998046875,4704.2001953125,4689.60009765625,4690.60009765625,3273
2026-04-21 20:00:00+00:00,4716.5,4721.39990234375,4688.39990234375,4698.5,3324
2026-04-21 20:15:00+00:00,4724.60009765625,4730.2998046875,4713.89990234375,4717.7998046875,1885
2026-04-21 20:30:00+00:00,4730.2998046875,4732.7998046875,4724.2998046875,4724.2998046875,760
2026-04-21 20:45:00+00:00,4738.5,4739.60009765625,4728.0,4729.89990234375,848
2026-04-21 22:00:00+00:00,4739.39990234375,4748.10009765625,4734.2998046875,4738.7001953125,532
2026-04-21 22:15:00+00:00,4737.0,4740.0,4734.39990234375,4740.0,201
2026-04-21 22:30:00+00:00,4735.5,4737.7001953125,4734.0,4737.2998046875,360
2026-04-21 22:45:00+00:00,4737.60009765625,4738.10009765625,4733.10009765625,4734.7001953125,368
2026-04-21 23:00:00+00:00,4745.2001953125,4747.60009765625,4736.0,4737.10009765625,826
2026-04-21 23:15:00+00:00,4748.0,4751.10009765625,4744.0,4745.7998046875,817
2026-04-21 23:30:00+00:00,4749.7998046875,4752.0,4746.2998046875,4747.60009765625,597
2026-04-21 23:45:00+00:00,4755.7998046875,4758.39990234375,4749.5,4749.5,951
2026-04-22 00:00:00+00:00,4760.89990234375,4766.0,4756.2998046875,4756.2998046875,1118
2026-04-22 00:15:00+00:00,4760.60009765625,4763.89990234375,4758.2998046875,4760.60009765625,560
2026-04-22 00:30:00+00:00,4759.89990234375,4765.10009765625,4759.2998046875,4760.2998046875,685
2026-04-22 00:45:00+00:00,4757.7001953125,4764.60009765625,4756.10009765625,4760.2998046875,765
2026-04-22 01:00:00+00:00,4756.2001953125,4763.0,4753.5,4757.39990234375,1430
2026-04-22 01:15:00+00:00,4764.10009765625,4767.39990234375,4756.0,4756.10009765625,909
2026-04-22 01:30:00+00:00,4767.2998046875,4771.89990234375,4764.0,4764.2001953125,1753
2026-04-22 01:45:00+00:00,4769.7998046875,4772.5,4765.7001953125,4767.2998046875,1181
2026-04-22 02:00:00+00:00,4773.5,4774.10009765625,4767.5,4770.2998046875,846
2026-04-22 02:15:00+00:00,4773.39990234375,4775.7998046875,4771.0,4773.2001953125,619
2026-04-22 02:30:00+00:00,4769.10009765625,4776.2001953125,4768.89990234375,4773.0,825
2026-04-22 02:45:00+00:00,4773.5,4774.60009765625,4768.2998046875,4768.89990234375,653
2026-04-22 03:00:00+00:00,4775.2998046875,4778.5,4770.39990234375,4773.10009765625,857
2026-04-22 03:15:00+00:00,4780.7001953125,4781.0,4774.0,4774.89990234375,877
2026-04-22 03:30:00+00:00,4776.7998046875,4782.7001953125,4774.60009765625,4780.39990234375,858
2026-04-22 03:45:00+00:00,4777.0,4778.60009765625,4774.7998046875,4777.2998046875,405
2026-04-22 04:00:00+00:00,4775.2001953125,4777.39990234375,4773.2001953125,4776.10009765625,536
2026-04-22 04:15:00+00:00,4773.5,4775.5,4772.39990234375,4775.5,392
2026-04-22 04:30:00+00:00,4774.10009765625,4775.0,4770.2998046875,4773.5,738
2026-04-22 04:45:00+00:00,4772.39990234375,4777.2998046875,4770.10009765625,4774.0,1397
2026-04-22 05:00:00+00:00,4774.89990234375,4775.10009765625,4769.89990234375,4772.39990234375,531
2026-04-22 05:15:00+00:00,4784.2001953125,4789.7998046875,4774.2998046875,4774.7001953125,2594
2026-04-22 05:30:00+00:00,4785.39990234375,4787.2001953125,4781.7001953125,4784.10009765625,748
2026-04-22 05:45:00+00:00,4786.39990234375,4789.89990234375,4782.60009765625,4785.0,1853
2026-04-22 06:00:00+00:00,4781.2001953125,4786.5,4777.5,4786.0,1738
2026-04-22 06:15:00+00:00,4785.39990234375,4785.7998046875,4778.7998046875,4781.0,752
2026-04-22 06:30:00+00:00,4782.10009765625,4786.10009765625,4782.0,4785.2001953125,488
2026-04-22 06:45:00+00:00,4786.0,4786.2001953125,4781.7001953125,4781.7001953125,522
2026-04-22 07:00:00+00:00,4784.2998046875,4790.7998046875,4783.60009765625,4785.89990234375,1170
2026-04-22 07:15:00+00:00,4784.7001953125,4786.60009765625,4780.7998046875,4784.0,964
2026-04-22 07:30:00+00:00,4782.0,4785.39990234375,4780.5,4784.60009765625,816
2026-04-22 07:45:00+00:00,4779.5,4783.2998046875,4778.39990234375,4782.60009765625,723
2026-04-22 08:00:00+00:00,4776.89990234375,4781.39990234375,4776.7001953125,4779.60009765625,791
2026-04-22 08:15:00+00:00,4773.0,4778.89990234375,4772.89990234375,4777.10009765625,1162
2026-04-22 08:30:00+00:00,4774.89990234375,4776.0,4770.5,4773.0,975
2026-04-22 08:45:00+00:00,4775.7001953125,4777.10009765625,4772.5,4774.7001953125,566
2026-04-22 09:00:00+00:00,4779.39990234375,4780.2001953125,4775.2998046875,4775.5,1065
2026-04-22 09:15:00+00:00,4775.0,4780.89990234375,4774.89990234375,4779.39990234375,555
2026-04-22 09:30:00+00:00,4777.10009765625,4781.10009765625,4773.60009765625,4774.89990234375,1021
2026-04-22 09:45:00+00:00,4773.39990234375,4777.7001953125,4771.0,4777.2998046875,692
2026-04-22 10:00:00+00:00,4767.2001953125,4776.2998046875,4764.2998046875,4773.60009765625,1283
2026-04-22 10:15:00+00:00,4773.39990234375,4774.7998046875,4766.89990234375,4766.89990234375,789
2026-04-22 10:30:00+00:00,4774.89990234375,4778.39990234375,4772.39990234375,4773.39990234375,770
2026-04-22 10:45:00+00:00,4778.10009765625,4779.2001953125,4774.10009765625,4775.39990234375,380
2026-04-22 11:00:00+00:00,4775.7001953125,4779.0,4775.0,4777.89990234375,619
2026-04-22 11:15:00+00:00,4776.10009765625,4779.60009765625,4775.10009765625,4775.7998046875,711
2026-04-22 11:30:00+00:00,4767.39990234375,4778.7001953125,4766.89990234375,4776.2998046875,1285
2026-04-22 11:45:00+00:00,4768.89990234375,4772.0,4766.2998046875,4767.5,1229
2026-04-22 12:00:00+00:00,4770.7001953125,4776.5,4768.10009765625,4769.2001953125,1318
2026-04-22 12:15:00+00:00,4772.10009765625,4779.0,4765.7001953125,4770.5,1610
2026-04-22 12:30:00+00:00,4765.2001953125,4772.89990234375,4763.89990234375,4771.7001953125,1784
2026-04-22 12:45:00+00:00,4762.60009765625,4767.0,4761.10009765625,4765.39990234375,1534
2026-04-22 13:00:00+00:00,4761.0,4769.2001953125,4757.2001953125,4762.89990234375,2487
2026-04-22 13:15:00+00:00,4768.5,4768.60009765625,4754.60009765625,4760.60009765625,2337
2026-04-22 13:30:00+00:00,4773.7001953125,4775.0,4760.0,4768.7001953125,2542
2026-04-22 13:45:00+00:00,4771.7001953125,4779.39990234375,4769.5,4773.7001953125,2148
2026-04-22 14:00:00+00:00,4765.10009765625,4776.2998046875,4760.7998046875,4771.5,2615
2026-04-22 14:15:00+00:00,4763.0,4769.7001953125,4761.89990234375,4764.7001953125,1629
2026-04-22 14:30:00+00:00,4750.7998046875,4763.60009765625,4746.89990234375,4763.10009765625,3726
2026-04-22 14:45:00+00:00,4754.2998046875,4757.7998046875,4750.39990234375,4751.0,1715
2026-04-22 15:00:00+00:00,4755.60009765625,4758.39990234375,4752.5,4754.2001953125,1424
2026-04-22 15:15:00+00:00,4752.89990234375,4755.89990234375,4747.7001953125,4755.89990234375,1700
2026-04-22 15:30:00+00:00,4745.60009765625,4753.7001953125,4744.0,4753.2001953125,1373
2026-04-22 15:45:00+00:00,4746.2001953125,4750.0,4743.2001953125,4745.5,1105
2026-04-22 16:00:00+00:00,4748.89990234375,4754.10009765625,4744.2998046875,4746.10009765625,1248
2026-04-22 16:15:00+00:00,4745.5,4749.10009765625,4742.10009765625,4748.7001953125,976
2026-04-22 16:30:00+00:00,4747.10009765625,4750.7998046875,4742.39990234375,4745.5,1001
2026-04-22 16:45:00+00:00,4747.5,4749.60009765625,4744.89990234375,4746.7001953125,696
2026-04-22 17:00:00+00:00,4754.10009765625,4758.39990234375,4747.2001953125,4747.39990234375,1117
2026-04-22 17:15:00+00:00,4753.7998046875,4756.5,4751.39990234375,4754.0,1388
2026-04-22 17:30:00+00:00,4755.0,4756.89990234375,4753.0,4754.0,750
2026-04-22 17:45:00+00:00,4756.39990234375,4757.2998046875,4752.7001953125,4755.2001953125,811
2026-04-22 18:00:00+00:00,4754.5,4757.60009765625,4754.0,4756.10009765625,456
2026-04-22 18:15:00+00:00,4749.0,4754.89990234375,4748.39990234375,4754.39990234375,941
2026-04-22 18:30:00+00:00,4758.39990234375,4758.39990234375,4749.2001953125,4749.2001953125,1061
2026-04-22 18:45:00+00:00,4760.7001953125,4770.2001953125,4757.7001953125,4758.39990234375,2124
2026-04-22 19:00:00+00:00,4757.5,4762.39990234375,4755.7998046875,4761.0,893
2026-04-22 19:15:00+00:00,4763.5,4764.39990234375,4757.10009765625,4757.7001953125,451
2026-04-22 19:30:00+00:00,4758.2998046875,4763.60009765625,4757.5,4763.5,469
2026-04-22 19:45:00+00:00,4759.0,4761.0,4756.0,4758.2001953125,784
2026-04-22 20:00:00+00:00,4754.7998046875,4759.5,4753.5,4759.39990234375,466
2026-04-22 20:15:00+00:00,4755.7998046875,4756.7998046875,4753.10009765625,4754.89990234375,321
2026-04-22 20:30:00+00:00,4756.2998046875,4758.39990234375,4754.89990234375,4756.0,320
2026-04-22 20:45:00+00:00,4758.2998046875,4759.89990234375,4756.0,4756.7001953125,362
2026-04-22 22:00:00+00:00,4753.60009765625,4763.60009765625,4753.2998046875,4759.2001953125,206
2026-04-22 22:15:00+00:00,4750.10009765625,4755.39990234375,4750.0,4753.7998046875,404
2026-04-22 22:30:00+00:00,4747.2998046875,4752.39990234375,4746.89990234375,4750.5,389
2026-04-22 22:45:00+00:00,4743.2001953125,4749.2001953125,4742.7998046875,4747.2998046875,521
2026-04-22 23:00:00+00:00,4742.89990234375,4745.2998046875,4740.60009765625,4743.5,589
2026-04-22 23:15:00+00:00,4745.39990234375,4746.7998046875,4742.60009765625,4743.2998046875,339
2026-04-22 23:30:00+00:00,4741.39990234375,4745.10009765625,4741.0,4744.7001953125,201
2026-04-22 23:45:00+00:00,4745.0,4746.5,4741.7998046875,4741.7998046875,393
2026-04-23 00:00:00+00:00,4716.2001953125,4745.39990234375,4714.5,4745.0,2343
2026-04-23 00:15:00+00:00,4758.7001953125,4759.39990234375,4710.39990234375,4715.7001953125,4980
2026-04-23 00:30:00+00:00,4761.7001953125,4769.2001953125,4757.7001953125,4758.60009765625,1890
2026-04-23 00:45:00+00:00,4765.5,4771.2998046875,4760.60009765625,4762.10009765625,1021
2026-04-23 01:00:00+00:00,4754.7001953125,4767.5,4753.2001953125,4765.2998046875,1077
2026-04-23 01:15:00+00:00,4745.10009765625,4756.0,4743.60009765625,4754.10009765625,1413
2026-04-23 01:30:00+00:00,4749.89990234375,4752.0,4742.7001953125,4745.10009765625,960
2026-04-23 01:45:00+00:00,4739.39990234375,4753.2998046875,4738.39990234375,4750.39990234375,1686
2026-04-23 02:00:00+00:00,4723.60009765625,4740.89990234375,4722.10009765625,4738.89990234375,2152
2026-04-23 02:15:00+00:00,4729.7998046875,4734.2001953125,4721.0,4723.0,1490
2026-04-23 02:30:00+00:00,4717.60009765625,4731.7001953125,4716.0,4730.10009765625,1880
2026-04-23 02:45:00+00:00,4714.39990234375,4723.60009765625,4714.0,4717.2001953125,1795
2026-04-23 03:00:00+00:00,4717.89990234375,4724.7998046875,4714.39990234375,4715.0,1608
2026-04-23 03:15:00+00:00,4719.2001953125,4721.7001953125,4713.89990234375,4718.10009765625,917
2026-04-23 03:30:00+00:00,4720.7001953125,4723.2001953125,4716.7001953125,4719.0,828
2026-04-23 03:45:00+00:00,4720.0,4723.10009765625,4718.10009765625,4720.5,391
2026-04-23 04:00:00+00:00,4722.10009765625,4722.10009765625,4716.5,4719.0,472
2026-04-23 04:15:00+00:00,4721.2998046875,4722.7001953125,4718.2998046875,4722.2001953125,330
2026-04-23 04:30:00+00:00,4717.39990234375,4722.60009765625,4717.2001953125,4721.39990234375,382
2026-04-23 04:45:00+00:00,4720.10009765625,4720.2998046875,4714.2998046875,4717.60009765625,548
2026-04-23 05:00:00+00:00,4723.7001953125,4726.10009765625,4719.10009765625,4719.60009765625,726
2026-04-23 05:15:00+00:00,4721.5,4725.0,4721.10009765625,4723.60009765625,410
2026-04-23 05:30:00+00:00,4717.2001953125,4723.0,4705.7001953125,4721.5,1676
2026-04-23 05:45:00+00:00,4729.0,4731.10009765625,4717.39990234375,4717.39990234375,1629
2026-04-23 06:00:00+00:00,4728.2001953125,4734.2001953125,4726.89990234375,4729.60009765625,1409
2026-04-23 06:15:00+00:00,4728.7001953125,4730.7998046875,4724.89990234375,4727.89990234375,921
2026-04-23 06:30:00+00:00,4731.5,4733.7001953125,4725.7998046875,4728.60009765625,1056
2026-04-23 06:45:00+00:00,4730.10009765625,4739.0,4729.0,4731.5,3247
2026-04-23 07:00:00+00:00,4729.0,4733.60009765625,4724.2998046875,4729.89990234375,2517
2026-04-23 07:15:00+00:00,4722.7998046875,4731.5,4719.39990234375,4728.60009765625,3044
2026-04-23 07:30:00+00:00,4730.5,4730.5,4720.2998046875,4722.7001953125,1046
2026-04-23 07:45:00+00:00,4736.10009765625,4737.39990234375,4730.2001953125,4730.60009765625,926
2026-04-23 08:00:00+00:00,4734.7001953125,4742.10009765625,4734.2001953125,4735.60009765625,1212
2026-04-23 08:15:00+00:00,4732.2001953125,4738.39990234375,4731.7998046875,4734.5,421
2026-04-23 08:30:00+00:00,4720.10009765625,4733.2001953125,4719.7001953125,4732.39990234375,1179
2026-04-23 08:45:00+00:00,4719.60009765625,4723.89990234375,4717.7998046875,4719.7998046875,886
2026-04-23 09:00:00+00:00,4713.2001953125,4720.0,4710.7001953125,4719.39990234375,1905
2026-04-23 09:15:00+00:00,4716.89990234375,4719.2001953125,4711.7998046875,4712.89990234375,997
2026-04-23 09:30:00+00:00,4717.10009765625,4719.5,4715.2001953125,4716.7998046875,1253
2026-04-23 09:45:00+00:00,4713.5,4718.2998046875,4710.89990234375,4717.2001953125,1326
2026-04-23 10:00:00+00:00,4704.7998046875,4717.89990234375,4700.89990234375,4713.5,1671
2026-04-23 10:15:00+00:00,4702.7001953125,4708.60009765625,4700.0,4704.7998046875,1779
2026-04-23 10:30:00+00:00,4707.10009765625,4713.10009765625,4700.10009765625,4703.2998046875,1892
2026-04-23 10:45:00+00:00,4712.60009765625,4713.39990234375,4705.39990234375,4706.2001953125,633
2026-04-23 11:00:00+00:00,4714.39990234375,4716.39990234375,4711.2998046875,4712.7998046875,958
2026-04-23 11:15:00+00:00,4715.60009765625,4719.7998046875,4712.5,4714.2998046875,720
2026-04-23 11:30:00+00:00,4721.7998046875,4722.39990234375,4712.89990234375,4715.7001953125,1098
2026-04-23 11:45:00+00:00,4737.39990234375,4737.7998046875,4721.2001953125,4722.0,2560
2026-04-23 12:00:00+00:00,4746.2998046875,4756.0,4736.2998046875,4737.10009765625,5119
2026-04-23 12:15:00+00:00,4750.60009765625,4752.5,4742.7998046875,4746.0,2434
2026-04-23 12:30:00+00:00,4757.0,4759.89990234375,4750.2001953125,4750.2001953125,2758
2026-04-23 12:45:00+00:00,4757.7001953125,4761.7001953125,4748.5,4756.89990234375,2738
2026-04-23 13:00:00+00:00,4743.0,4758.5,4740.7998046875,4758.10009765625,2999
2026-04-23 13:15:00+00:00,4744.2998046875,4747.89990234375,4742.60009765625,4742.60009765625,1042
2026-04-23 13:30:00+00:00,4751.60009765625,4753.2998046875,4741.39990234375,4744.2001953125,2426
2026-04-23 13:45:00+00:00,4742.0,4759.10009765625,4741.60009765625,4751.60009765625,2497
2026-04-23 14:00:00+00:00,4741.2998046875,4746.0,4733.89990234375,4741.5,4126
2026-04-23 14:15:00+00:00,4748.5,4753.60009765625,4740.7001953125,4741.2001953125,1745
2026-04-23 14:30:00+00:00,4748.0,4752.0,4742.89990234375,4748.5,1444
2026-04-23 14:45:00+00:00,4750.60009765625,4754.0,4745.10009765625,4748.39990234375,1232
2026-04-23 15:00:00+00:00,4747.7001953125,4752.10009765625,4743.7001953125,4750.89990234375,1163
2026-04-23 15:15:00+00:00,4750.7001953125,4758.2001953125,4746.60009765625,4748.0,1851
2026-04-23 15:30:00+00:00,4745.0,4751.89990234375,4744.89990234375,4750.60009765625,1300
2026-04-23 15:45:00+00:00,4737.2998046875,4745.5,4733.2998046875,4745.2001953125,2247
2026-04-23 16:00:00+00:00,4736.2001953125,4739.2001953125,4732.5,4737.60009765625,1152
2026-04-23 16:15:00+00:00,4740.10009765625,4741.7001953125,4735.7998046875,4735.89990234375,784
2026-04-23 16:30:00+00:00,4750.7001953125,4751.5,4739.5,4739.5,1227
2026-04-23 16:45:00+00:00,4749.7998046875,4754.10009765625,4747.7001953125,4751.10009765625,1515
2026-04-23 17:00:00+00:00,4732.60009765625,4751.7001953125,4722.2001953125,4750.10009765625,4468
2026-04-23 17:15:00+00:00,4723.0,4734.89990234375,4720.7998046875,4732.60009765625,6297
2026-04-23 17:30:00+00:00,4693.5,4730.7998046875,4688.0,4723.2001953125,6144
2026-04-23 17:45:00+00:00,4725.60009765625,4726.7001953125,4680.10009765625,4694.2001953125,7344
2026-04-23 18:00:00+00:00,4730.2001953125,4738.7001953125,4723.89990234375,4726.10009765625,2778
2026-04-23 18:15:00+00:00,4732.89990234375,4733.10009765625,4726.7001953125,4729.89990234375,802
2026-04-23 18:30:00+00:00,4727.7998046875,4736.7001953125,4723.2998046875,4732.5,1138
2026-04-23 18:45:00+00:00,4717.2001953125,4728.2001953125,4714.89990234375,4727.2998046875,1254
2026-04-23 19:00:00+00:00,4712.89990234375,4720.60009765625,4708.7001953125,4717.10009765625,1424
2026-04-23 19:15:00+00:00,4716.5,4718.60009765625,4711.7998046875,4712.60009765625,1054
2026-04-23 19:30:00+00:00,4708.89990234375,4717.2998046875,4705.5,4716.5,800
2026-04-23 19:45:00+00:00,4712.7998046875,4716.5,4708.5,4708.5,1223
2026-04-23 20:00:00+00:00,4707.0,4714.7998046875,4706.89990234375,4712.5,694
2026-04-23 20:15:00+00:00,4705.5,4708.89990234375,4702.7001953125,4706.7001953125,551
2026-04-23 20:30:00+00:00,4707.2998046875,4707.7998046875,4704.2998046875,4705.7001953125,203
2026-04-23 20:45:00+00:00,4708.60009765625,4710.60009765625,4704.7001953125,4707.89990234375,338
2026-04-23 22:00:00+00:00,4712.7998046875,4719.7998046875,4710.10009765625,4715.60009765625,205
2026-04-23 22:15:00+00:00,4708.2001953125,4712.89990234375,4707.60009765625,4712.2001953125,351
2026-04-23 22:30:00+00:00,4708.39990234375,4712.10009765625,4705.7001953125,4708.5,317
2026-04-23 22:45:00+00:00,4708.5,4709.89990234375,4705.2998046875,4709.2001953125,162
2026-04-23 23:00:00+00:00,4704.60009765625,4711.0,4704.60009765625,4708.7001953125,188
2026-04-23 23:15:00+00:00,4709.7001953125,4710.10009765625,4702.0,4704.89990234375,421
2026-04-23 23:30:00+00:00,4713.0,4716.10009765625,4708.89990234375,4710.10009765625,471
2026-04-23 23:45:00+00:00,4710.7998046875,4715.0,4707.39990234375,4712.60009765625,294
2026-04-24 00:00:00+00:00,4713.7001953125,4716.39990234375,4706.2998046875,4711.7001953125,535
2026-04-24 00:15:00+00:00,4720.5,4721.0,4711.89990234375,4714.0,539
2026-04-24 00:30:00+00:00,4716.7001953125,4723.10009765625,4716.2001953125,4720.89990234375,513
2026-04-24 00:45:00+00:00,4719.7998046875,4721.10009765625,4712.39990234375,4716.2998046875,682
2026-04-24 01:00:00+00:00,4725.10009765625,4725.60009765625,4711.5,4719.7998046875,1001
2026-04-24 01:15:00+00:00,4714.0,4726.7001953125,4714.0,4725.0,658
2026-04-24 01:30:00+00:00,4706.2001953125,4717.7001953125,4705.7001953125,4714.10009765625,1007
2026-04-24 01:45:00+00:00,4715.10009765625,4716.0,4705.7998046875,4705.7998046875,427
2026-04-24 02:00:00+00:00,4708.2998046875,4716.39990234375,4705.5,4715.2001953125,461
2026-04-24 02:15:00+00:00,4698.89990234375,4711.60009765625,4696.7998046875,4708.7998046875,1156
2026-04-24 02:30:00+00:00,4698.60009765625,4706.2001953125,4695.0,4699.2998046875,1027
2026-04-24 02:45:00+00:00,4692.39990234375,4699.2998046875,4687.2998046875,4698.2998046875,1247
2026-04-24 03:00:00+00:00,4685.60009765625,4693.5,4683.5,4692.0,1139
2026-04-24 03:15:00+00:00,4689.5,4693.39990234375,4685.2998046875,4685.60009765625,897
2026-04-24 03:30:00+00:00,4690.0,4693.39990234375,4687.60009765625,4689.60009765625,572
2026-04-24 03:45:00+00:00,4687.5,4691.60009765625,4687.0,4690.2001953125,331
2026-04-24 04:00:00+00:00,4684.89990234375,4689.7998046875,4681.7998046875,4686.89990234375,784
2026-04-24 04:15:00+00:00,4674.60009765625,4685.7998046875,4673.10009765625,4684.7998046875,1407
2026-04-24 04:30:00+00:00,4682.89990234375,4683.60009765625,4672.2001953125,4674.7001953125,1262
2026-04-24 04:45:00+00:00,4689.2998046875,4691.5,4682.89990234375,4683.2001953125,958
2026-04-24 05:00:00+00:00,4688.2001953125,4691.7998046875,4684.39990234375,4689.60009765625,488
2026-04-24 05:15:00+00:00,4691.60009765625,4693.7998046875,4686.7998046875,4688.60009765625,538
2026-04-24 05:30:00+00:00,4697.7998046875,4702.2998046875,4691.7998046875,4691.7998046875,1154
2026-04-24 05:45:00+00:00,4701.5,4702.0,4695.5,4697.2998046875,775
2026-04-24 06:00:00+00:00,4696.89990234375,4703.10009765625,4695.60009765625,4701.7001953125,950
2026-04-24 06:15:00+00:00,4686.5,4697.39990234375,4684.7001953125,4696.7001953125,1027
2026-04-24 06:30:00+00:00,4688.60009765625,4691.2001953125,4684.60009765625,4686.60009765625,847
2026-04-24 06:45:00+00:00,4687.10009765625,4691.7001953125,4681.60009765625,4687.89990234375,1247
2026-04-24 07:00:00+00:00,4695.7001953125,4696.7001953125,4686.2001953125,4687.10009765625,833
2026-04-24 07:15:00+00:00,4699.7001953125,4700.10009765625,4693.60009765625,4695.89990234375,686
2026-04-24 07:30:00+00:00,4700.7001953125,4701.39990234375,4697.0,4699.2998046875,697
2026-04-24 07:45:00+00:00,4709.39990234375,4710.7001953125,4700.2998046875,4700.2998046875,1190
2026-04-24 08:00:00+00:00,4702.60009765625,4710.10009765625,4701.39990234375,4710.10009765625,960
2026-04-24 08:15:00+00:00,4702.7998046875,4712.7001953125,4701.60009765625,4703.0,907
2026-04-24 08:30:00+00:00,4703.10009765625,4705.39990234375,4700.10009765625,4702.7001953125,569
2026-04-24 08:45:00+00:00,4705.5,4708.2001953125,4702.89990234375,4702.89990234375,302
2026-04-24 09:00:00+00:00,4710.0,4710.5,4704.7998046875,4706.10009765625,1064
2026-04-24 09:15:00+00:00,4698.7001953125,4711.89990234375,4697.7001953125,4710.2998046875,1870
2026-04-24 09:30:00+00:00,4701.2001953125,4704.10009765625,4695.0,4698.5,1597
2026-04-24 09:45:00+00:00,4697.7001953125,4702.10009765625,4694.89990234375,4701.60009765625,1078
2026-04-24 10:00:00+00:00,4697.7001953125,4700.2998046875,4696.2998046875,4697.39990234375,612
2026-04-24 10:15:00+00:00,4697.39990234375,4701.5,4695.10009765625,4697.2998046875,705
2026-04-24 10:30:00+00:00,4694.7998046875,4697.2001953125,4689.60009765625,4697.2001953125,1005
2026-04-24 10:45:00+00:00,4693.0,4695.7998046875,4691.89990234375,4694.0,338
2026-04-24 11:00:00+00:00,4712.89990234375,4719.2998046875,4693.0,4693.10009765625,3503
2026-04-24 11:15:00+00:00,4731.89990234375,4733.39990234375,4708.2998046875,4713.2998046875,3252
2026-04-24 11:30:00+00:00,4721.39990234375,4733.89990234375,4721.0,4731.89990234375,1970
2026-04-24 11:45:00+00:00,4723.2001953125,4724.5,4718.7998046875,4721.2001953125,1009
2026-04-24 12:00:00+00:00,4724.7998046875,4726.10009765625,4719.5,4723.2001953125,920
2026-04-24 12:15:00+00:00,4726.0,4727.89990234375,4717.5,4725.10009765625,2026
2026-04-24 12:30:00+00:00,4714.89990234375,4727.5,4714.39990234375,4726.2001953125,1253
2026-04-24 12:45:00+00:00,4716.89990234375,4717.10009765625,4706.2998046875,4715.0,2429
2026-04-24 13:00:00+00:00,4718.89990234375,4721.60009765625,4712.2001953125,4717.2001953125,1862
2026-04-24 13:15:00+00:00,4713.10009765625,4721.10009765625,4709.2001953125,4718.7998046875,1466
2026-04-24 13:30:00+00:00,4724.2998046875,4726.10009765625,4705.39990234375,4713.10009765625,2664
2026-04-24 13:45:00+00:00,4727.89990234375,4734.2001953125,4721.10009765625,4724.60009765625,2252
2026-04-24 14:00:00+00:00,4748.0,4757.10009765625,4723.2001953125,4728.0,7153
2026-04-24 14:15:00+00:00,4741.7001953125,4750.7001953125,4737.7998046875,4748.2001953125,3058
2026-04-24 14:30:00+00:00,4747.39990234375,4750.0,4740.39990234375,4742.0,1628
2026-04-24 14:45:00+00:00,4743.2001953125,4748.2001953125,4740.5,4747.2001953125,1573
2026-04-24 15:00:00+00:00,4738.60009765625,4744.0,4735.60009765625,4743.39990234375,1366
2026-04-24 15:15:00+00:00,4738.60009765625,4743.10009765625,4734.7998046875,4738.60009765625,1273
2026-04-24 15:30:00+00:00,4744.39990234375,4746.60009765625,4730.7998046875,4738.60009765625,1603
2026-04-24 15:45:00+00:00,4743.89990234375,4750.39990234375,4740.60009765625,4744.7001953125,2398
2026-04-24 16:00:00+00:00,4737.2001953125,4746.5,4737.10009765625,4743.60009765625,979
2026-04-24 16:15:00+00:00,4739.89990234375,4742.5,4735.89990234375,4737.0,679
2026-04-24 16:30:00+00:00,4739.2998046875,4743.89990234375,4735.60009765625,4740.7001953125,842
2026-04-24 16:45:00+00:00,4743.7001953125,4744.5,4737.2001953125,4739.5,572
2026-04-24 17:00:00+00:00,4744.60009765625,4747.0,4742.60009765625,4744.39990234375,721
2026-04-24 17:15:00+00:00,4739.89990234375,4746.2998046875,4739.10009765625,4744.60009765625,2453
2026-04-24 17:30:00+00:00,4739.5,4742.2998046875,4735.7001953125,4739.60009765625,989
2026-04-24 17:45:00+00:00,4740.10009765625,4744.60009765625,4737.2998046875,4739.2998046875,1050
2026-04-24 18:00:00+00:00,4740.2998046875,4741.5,4736.60009765625,4740.39990234375,573
2026-04-24 18:15:00+00:00,4733.2998046875,4740.7001953125,4733.2998046875,4740.39990234375,586
2026-04-24 18:30:00+00:00,4735.0,4737.0,4733.0,4733.2998046875,331
2026-04-24 18:45:00+00:00,4738.7001953125,4739.60009765625,4734.10009765625,4735.2001953125,366
2026-04-24 19:00:00+00:00,4739.10009765625,4742.39990234375,4737.2001953125,4739.39990234375,568
2026-04-24 19:15:00+00:00,4735.2998046875,4739.7001953125,4733.5,4738.7001953125,623
2026-04-24 19:30:00+00:00,4732.7001953125,4736.5,4731.89990234375,4735.0,344
2026-04-24 19:45:00+00:00,4732.10009765625,4734.60009765625,4729.5,4732.60009765625,1062
2026-04-24 20:00:00+00:00,4722.2998046875,4733.39990234375,4721.2001953125,4731.89990234375,1055
2026-04-24 20:15:00+00:00,4723.7001953125,4725.39990234375,4721.2001953125,4722.5,568
2026-04-24 20:30:00+00:00,4723.2998046875,4724.2998046875,4721.10009765625,4723.5,455
2026-04-24 20:45:00+00:00,4740.89990234375,4740.89990234375,4722.10009765625,4723.2001953125,687
2026-04-26 22:00:00+00:00,4700.0,4700.7998046875,4694.0,4696.10009765625,207
2026-04-26 22:15:00+00:00,4701.7001953125,4704.0,4697.10009765625,4700.39990234375,606
2026-04-26 22:30:00+00:00,4699.60009765625,4701.7998046875,4697.0,4701.2998046875,363
2026-04-26 22:45:00+00:00,4699.60009765625,4700.7998046875,4696.2998046875,4699.60009765625,353
2026-04-26 23:00:00+00:00,4698.2998046875,4700.0,4692.2001953125,4699.10009765625,489
2026-04-26 23:15:00+00:00,4692.10009765625,4699.5,4691.2998046875,4698.2001953125,291
2026-04-26 23:30:00+00:00,4691.5,4694.7998046875,4689.10009765625,4691.60009765625,514
2026-04-26 23:45:00+00:00,4694.7998046875,4696.89990234375,4692.0,4692.0,443
2026-04-27 00:00:00+00:00,4694.7998046875,4695.7001953125,4686.60009765625,4695.2998046875,856
2026-04-27 00:15:00+00:00,4695.5,4697.39990234375,4692.2001953125,4694.5,448
2026-04-27 00:30:00+00:00,4695.39990234375,4696.39990234375,4691.2001953125,4695.60009765625,355
2026-04-27 00:45:00+00:00,4712.60009765625,4713.10009765625,4695.7998046875,4695.7998046875,1122
2026-04-27 01:00:00+00:00,4707.60009765625,4724.7998046875,4707.0,4712.39990234375,2231
2026-04-27 01:15:00+00:00,4712.89990234375,4713.2998046875,4705.5,4707.2998046875,980
2026-04-27 01:30:00+00:00,4712.2998046875,4715.60009765625,4710.39990234375,4712.7998046875,603
2026-04-27 01:45:00+00:00,4717.10009765625,4721.2998046875,4712.89990234375,4713.0,687
2026-04-27 02:00:00+00:00,4714.60009765625,4721.5,4710.60009765625,4717.7001953125,663
2026-04-27 02:15:00+00:00,4720.39990234375,4722.7998046875,4713.7998046875,4713.7998046875,626
2026-04-27 02:30:00+00:00,4728.5,4729.39990234375,4718.89990234375,4720.0,958
2026-04-27 02:45:00+00:00,4732.89990234375,4738.2998046875,4726.89990234375,4728.5,1473
2026-04-27 03:00:00+00:00,4733.10009765625,4737.7001953125,4731.39990234375,4733.2001953125,783
2026-04-27 03:15:00+00:00,4730.60009765625,4733.89990234375,4729.60009765625,4733.0,282
2026-04-27 03:30:00+00:00,4743.5,4744.7998046875,4731.2001953125,4731.2001953125,923
2026-04-27 03:45:00+00:00,4739.7998046875,4744.60009765625,4737.89990234375,4743.5,751
2026-04-27 04:00:00+00:00,4743.0,4743.39990234375,4738.89990234375,4739.7998046875,322
2026-04-27 04:15:00+00:00,4742.5,4743.7001953125,4740.60009765625,4743.2998046875,242
2026-04-27 04:30:00+00:00,4742.10009765625,4745.7998046875,4741.10009765625,4742.7998046875,513
2026-04-27 04:45:00+00:00,4740.5,4742.2998046875,4738.2998046875,4741.89990234375,443
2026-04-27 05:00:00+00:00,4734.2998046875,4741.2001953125,4734.2001953125,4741.2001953125,508
2026-04-27 05:15:00+00:00,4734.2001953125,4736.0,4731.7001953125,4733.89990234375,711
2026-04-27 05:30:00+00:00,4727.2998046875,4734.2998046875,4724.7001953125,4733.89990234375,1127
2026-04-27 05:45:00+00:00,4725.7001953125,4729.5,4724.0,4727.2001953125,620
2026-04-27 06:00:00+00:00,4730.10009765625,4730.89990234375,4724.60009765625,4725.39990234375,685
2026-04-27 06:15:00+00:00,4729.60009765625,4730.7998046875,4726.5,4729.39990234375,584
2026-04-27 06:30:00+00:00,4725.60009765625,4729.2998046875,4724.2998046875,4729.2998046875,450
2026-04-27 06:45:00+00:00,4727.60009765625,4730.5,4724.7998046875,4725.7001953125,491
2026-04-27 07:00:00+00:00,4732.2998046875,4733.5,4725.89990234375,4727.39990234375,676
2026-04-27 07:15:00+00:00,4730.89990234375,4733.2001953125,4727.10009765625,4731.7998046875,400
2026-04-27 07:30:00+00:00,4729.7001953125,4732.39990234375,4728.2998046875,4730.7998046875,455
2026-04-27 07:45:00+00:00,4727.89990234375,4731.7998046875,4725.0,4729.7998046875,426
2026-04-27 08:00:00+00:00,4725.60009765625,4729.5,4725.0,4728.39990234375,557
2026-04-27 08:15:00+00:00,4725.60009765625,4729.0,4724.2998046875,4726.2001953125,363
2026-04-27 08:30:00+00:00,4726.7998046875,4726.7998046875,4720.2001953125,4725.5,685
2026-04-27 08:45:00+00:00,4722.0,4730.0,4720.7001953125,4726.7998046875,694
2026-04-27 09:00:00+00:00,4720.2998046875,4723.60009765625,4717.60009765625,4722.2998046875,735
2026-04-27 09:15:00+00:00,4717.7001953125,4722.2001953125,4716.7001953125,4720.2001953125,614
2026-04-27 09:30:00+00:00,4720.10009765625,4721.2998046875,4714.7001953125,4717.5,1308
2026-04-27 09:45:00+00:00,4719.10009765625,4720.39990234375,4714.89990234375,4720.39990234375,761
2026-04-27 10:00:00+00:00,4717.7998046875,4722.39990234375,4716.89990234375,4719.2001953125,399
2026-04-27 10:15:00+00:00,4720.7001953125,4721.2998046875,4714.7001953125,4717.10009765625,625
2026-04-27 10:30:00+00:00,4724.2001953125,4726.0,4720.0,4720.7001953125,682
2026-04-27 10:45:00+00:00,4724.2998046875,4726.39990234375,4722.2998046875,4724.5,361
2026-04-27 11:00:00+00:00,4719.2998046875,4724.5,4719.10009765625,4724.2001953125,415
2026-04-27 11:15:00+00:00,4720.2001953125,4722.2001953125,4715.5,4719.2001953125,693
2026-04-27 11:30:00+00:00,4717.7001953125,4724.0,4713.5,4720.10009765625,729
2026-04-27 11:45:00+00:00,4719.7001953125,4720.5,4716.0,4718.0,432
2026-04-27 12:00:00+00:00,4724.0,4724.7998046875,4717.5,4720.10009765625,1064
2026-04-27 12:15:00+00:00,4722.10009765625,4728.0,4717.0,4724.0,2037
2026-04-27 12:30:00+00:00,4714.10009765625,4723.10009765625,4712.0,4721.89990234375,1195
2026-04-27 12:45:00+00:00,4714.10009765625,4719.89990234375,4712.5,4713.7998046875,916
2026-04-27 13:00:00+00:00,4710.89990234375,4716.2001953125,4708.2998046875,4714.7998046875,1757
2026-04-27 13:15:00+00:00,4715.2001953125,4718.89990234375,4710.60009765625,4710.89990234375,976
2026-04-27 13:30:00+00:00,4708.0,4718.0,4703.2998046875,4715.5,2225
2026-04-27 13:45:00+00:00,4711.60009765625,4712.7001953125,4704.0,4708.10009765625,1869
2026-04-27 14:00:00+00:00,4707.89990234375,4711.7001953125,4702.39990234375,4711.2001953125,2044
2026-04-27 14:15:00+00:00,4704.0,4712.0,4701.2998046875,4707.5,1945
2026-04-27 14:30:00+00:00,4708.5,4712.2001953125,4698.5,4704.2001953125,2632
2026-04-27 14:45:00+00:00,4693.2001953125,4709.10009765625,4691.2998046875,4708.60009765625,2494
2026-04-27 15:00:00+00:00,4689.5,4694.60009765625,4681.7998046875,4693.39990234375,4133
2026-04-27 15:15:00+00:00,4695.7998046875,4695.89990234375,4686.5,4689.2001953125,1963
2026-04-27 15:30:00+00:00,4692.7001953125,4697.10009765625,4691.5,4695.60009765625,1092
2026-04-27 15:45:00+00:00,4684.7998046875,4692.7998046875,4681.2001953125,4692.10009765625,1702
2026-04-27 16:00:00+00:00,4689.2001953125,4689.60009765625,4681.5,4684.60009765625,1433
2026-04-27 16:15:00+00:00,4691.0,4692.2998046875,4688.2001953125,4689.10009765625,801
2026-04-27 16:30:00+00:00,4689.5,4694.2998046875,4688.89990234375,4691.2998046875,848
2026-04-27 16:45:00+00:00,4691.10009765625,4692.60009765625,4689.2998046875,4689.39990234375,458
2026-04-27 17:00:00+00:00,4688.2001953125,4693.0,4686.10009765625,4691.39990234375,1279
2026-04-27 17:15:00+00:00,4694.7001953125,4694.7998046875,4682.5,4688.39990234375,3551
2026-04-27 17:30:00+00:00,4697.7001953125,4700.89990234375,4694.10009765625,4694.60009765625,1623
2026-04-27 17:45:00+00:00,4697.2001953125,4699.2998046875,4695.89990234375,4698.2001953125,413
2026-04-27 18:00:00+00:00,4696.10009765625,4697.39990234375,4693.60009765625,4696.7001953125,658
2026-04-27 18:15:00+00:00,4698.7998046875,4700.2001953125,4695.2001953125,4696.2001953125,440
2026-04-27 18:30:00+00:00,4697.5,4700.10009765625,4697.2001953125,4698.60009765625,415
2026-04-27 18:45:00+00:00,4695.7001953125,4700.10009765625,4695.7001953125,4697.60009765625,564
2026-04-27 19:00:00+00:00,4695.39990234375,4696.0,4693.2998046875,4695.5,479
2026-04-27 19:15:00+00:00,4697.39990234375,4697.89990234375,4694.89990234375,4695.10009765625,379
2026-04-27 19:30:00+00:00,4695.10009765625,4697.5,4691.7001953125,4697.5,699
2026-04-27 19:45:00+00:00,4696.2001953125,4696.7998046875,4693.2998046875,4695.10009765625,973
2026-04-27 20:00:00+00:00,4694.5,4696.60009765625,4691.7998046875,4695.89990234375,391
2026-04-27 20:15:00+00:00,4695.10009765625,4696.2001953125,4693.89990234375,4694.60009765625,132
2026-04-27 20:30:00+00:00,4695.2998046875,4695.7998046875,4694.0,4695.2001953125,172
2026-04-27 20:45:00+00:00,4697.7001953125,4697.7998046875,4693.7001953125,4695.39990234375,159
2026-04-27 22:00:00+00:00,4704.5,4706.2998046875,4697.0,4697.5,477
2026-04-27 22:15:00+00:00,4704.0,4704.89990234375,4702.0,4704.2001953125,232
2026-04-27 22:30:00+00:00,4702.10009765625,4704.89990234375,4701.2001953125,4704.39990234375,204
2026-04-27 22:45:00+00:00,4702.7001953125,4703.2998046875,4701.10009765625,4702.39990234375,137
2026-04-27 23:00:00+00:00,4705.0,4705.5,4702.10009765625,4703.2998046875,159
2026-04-27 23:15:00+00:00,4705.7001953125,4707.2001953125,4704.60009765625,4705.2998046875,211
2026-04-27 23:30:00+00:00,4709.10009765625,4709.7001953125,4706.0,4706.0,408
2026-04-27 23:45:00+00:00,4707.10009765625,4710.2998046875,4706.7001953125,4709.39990234375,313
2026-04-28 00:00:00+00:00,4712.7001953125,4716.5,4706.89990234375,4707.10009765625,576
2026-04-28 00:15:00+00:00,4709.7998046875,4714.60009765625,4707.10009765625,4712.60009765625,482
2026-04-28 00:30:00+00:00,4708.60009765625,4710.2001953125,4707.0,4710.2001953125,407
2026-04-28 00:45:00+00:00,4705.60009765625,4709.60009765625,4705.2001953125,4708.39990234375,317
2026-04-28 01:00:00+00:00,4703.0,4705.7998046875,4699.10009765625,4705.2001953125,852
2026-04-28 01:15:00+00:00,4702.60009765625,4705.39990234375,4700.10009765625,4702.5,341
2026-04-28 01:30:00+00:00,4701.7001953125,4705.7998046875,4698.2001953125,4702.0,789
2026-04-28 01:45:00+00:00,4684.7001953125,4702.2998046875,4681.39990234375,4701.5,1608
2026-04-28 02:00:00+00:00,4691.2001953125,4692.10009765625,4679.89990234375,4684.60009765625,1556
2026-04-28 02:15:00+00:00,4689.7998046875,4694.0,4688.39990234375,4691.5,628
2026-04-28 02:30:00+00:00,4684.39990234375,4689.10009765625,4683.7001953125,4689.10009765625,690
2026-04-28 02:45:00+00:00,4683.0,4685.10009765625,4680.10009765625,4684.60009765625,791
2026-04-28 03:00:00+00:00,4686.7998046875,4688.2998046875,4682.2998046875,4682.89990234375,602
2026-04-28 03:15:00+00:00,4688.7998046875,4690.10009765625,4684.89990234375,4686.60009765625,580
2026-04-28 03:30:00+00:00,4686.0,4689.2998046875,4685.5,4689.2998046875,374
2026-04-28 03:45:00+00:00,4685.60009765625,4686.2998046875,4683.0,4685.60009765625,415
2026-04-28 04:00:00+00:00,4683.39990234375,4685.10009765625,4680.2998046875,4684.60009765625,733
2026-04-28 04:15:00+00:00,4681.2001953125,4683.5,4679.7001953125,4683.0,404
2026-04-28 04:30:00+00:00,4683.2001953125,4683.5,4680.10009765625,4681.10009765625,556
2026-04-28 04:45:00+00:00,4681.2998046875,4683.60009765625,4680.60009765625,4683.2001953125,305
2026-04-28 05:00:00+00:00,4666.2001953125,4681.5,4661.0,4681.39990234375,2908
2026-04-28 05:15:00+00:00,4672.2001953125,4673.2001953125,4664.7998046875,4665.89990234375,1008
2026-04-28 05:30:00+00:00,4638.7998046875,4672.2001953125,4638.60009765625,4672.2001953125,4053
2026-04-28 05:45:00+00:00,4646.60009765625,4648.60009765625,4638.0,4638.89990234375,1755
2026-04-28 06:00:00+00:00,4654.7998046875,4656.89990234375,4639.2998046875,4645.89990234375,1788
2026-04-28 06:15:00+00:00,4645.0,4655.10009765625,4636.5,4655.10009765625,1608
2026-04-28 06:30:00+00:00,4643.2998046875,4648.2998046875,4639.0,4645.0,1695
2026-04-28 06:45:00+00:00,4642.7001953125,4646.0,4636.89990234375,4643.60009765625,2378
2026-04-28 07:00:00+00:00,4648.0,4653.2998046875,4641.5,4642.60009765625,1895
2026-04-28 07:15:00+00:00,4643.7001953125,4648.60009765625,4641.2001953125,4647.7998046875,1071
2026-04-28 07:30:00+00:00,4643.2998046875,4649.39990234375,4640.0,4643.89990234375,1144
2026-04-28 07:45:00+00:00,4646.60009765625,4647.39990234375,4634.39990234375,4643.2998046875,1684
2026-04-28 08:00:00+00:00,4634.10009765625,4647.39990234375,4628.2998046875,4647.0,2496
2026-04-28 08:15:00+00:00,4640.60009765625,4640.89990234375,4633.0,4634.2001953125,1122
2026-04-28 08:30:00+00:00,4641.89990234375,4649.39990234375,4640.39990234375,4640.7001953125,1598
2026-04-28 08:45:00+00:00,4643.60009765625,4644.5,4638.10009765625,4641.7001953125,951
2026-04-28 09:00:00+00:00,4639.39990234375,4644.0,4635.2998046875,4643.39990234375,979
2026-04-28 09:15:00+00:00,4631.89990234375,4640.0,4626.39990234375,4638.7998046875,1643
2026-04-28 09:30:00+00:00,4627.39990234375,4633.10009765625,4621.5,4631.89990234375,2865
2026-04-28 09:45:00+00:00,4618.60009765625,4629.2998046875,4617.7001953125,4627.39990234375,1609
2026-04-28 10:00:00+00:00,4626.39990234375,4627.10009765625,4618.0,4618.39990234375,1034
2026-04-28 10:15:00+00:00,4625.5,4630.5,4624.39990234375,4626.2001953125,1009
2026-04-28 10:30:00+00:00,4626.7998046875,4629.5,4624.89990234375,4625.10009765625,718
2026-04-28 10:45:00+00:00,4616.7001953125,4629.2001953125,4616.7001953125,4627.0,1524
2026-04-28 11:00:00+00:00,4612.10009765625,4622.39990234375,4610.5,4616.60009765625,2091
2026-04-28 11:15:00+00:00,4613.10009765625,4617.5,4607.10009765625,4611.7001953125,2884
2026-04-28 11:30:00+00:00,4585.10009765625,4613.39990234375,4581.10009765625,4612.89990234375,4937
2026-04-28 11:45:00+00:00,4575.2001953125,4587.39990234375,4568.0,4584.89990234375,4713
2026-04-28 12:00:00+00:00,4594.7998046875,4594.7998046875,4567.60009765625,4575.60009765625,4376
2026-04-28 12:15:00+00:00,4593.39990234375,4611.10009765625,4587.0,4594.7998046875,4678
2026-04-28 12:30:00+00:00,4600.0,4601.7001953125,4583.2998046875,4593.2001953125,2458
2026-04-28 12:45:00+00:00,4607.39990234375,4613.7998046875,4597.0,4600.0,3228
2026-04-28 13:00:00+00:00,4589.39990234375,4608.2001953125,4584.2998046875,4607.0,3762
2026-04-28 13:15:00+00:00,4594.5,4598.0,4584.89990234375,4589.2001953125,2325
2026-04-28 13:30:00+00:00,4594.7001953125,4604.7998046875,4583.7001953125,4594.2998046875,3389
2026-04-28 13:45:00+00:00,4593.39990234375,4606.2998046875,4587.7001953125,4595.2001953125,2866
2026-04-28 14:00:00+00:00,4581.7001953125,4594.0,4576.5,4593.0,4377
2026-04-28 14:15:00+00:00,4585.0,4591.39990234375,4576.0,4581.39990234375,2749
2026-04-28 14:30:00+00:00,4577.39990234375,4592.0,4570.0,4585.2001953125,3486
2026-04-28 14:45:00+00:00,4588.2998046875,4588.2998046875,4571.0,4577.2998046875,3421
2026-04-28 15:00:00+00:00,4586.60009765625,4595.39990234375,4583.7001953125,4587.89990234375,2383
2026-04-28 15:15:00+00:00,4591.0,4591.0,4580.5,4586.5,2421
2026-04-28 15:30:00+00:00,4591.60009765625,4595.2001953125,4584.2001953125,4590.10009765625,1870
2026-04-28 15:45:00+00:00,4600.10009765625,4600.2001953125,4590.2998046875,4591.60009765625,1556
2026-04-28 16:00:00+00:00,4599.2998046875,4600.60009765625,4595.7998046875,4600.0,1069
2026-04-28 16:15:00+00:00,4596.7998046875,4599.60009765625,4591.39990234375,4599.0,1585
2026-04-28 16:30:00+00:00,4599.10009765625,4601.7001953125,4594.60009765625,4597.0,973
2026-04-28 16:45:00+00:00,4606.2001953125,4608.7998046875,4597.7998046875,4599.10009765625,1889
2026-04-28 17:00:00+00:00,4607.5,4608.89990234375,4602.39990234375,4606.2998046875,1187
2026-04-28 17:15:00+00:00,4607.7998046875,4611.39990234375,4601.0,4608.0,2937
2026-04-28 17:30:00+00:00,4613.39990234375,4615.89990234375,4607.7001953125,4607.89990234375,1945
2026-04-28 17:45:00+00:00,4609.0,4614.60009765625,4608.2998046875,4613.10009765625,743
2026-04-28 18:00:00+00:00,4610.0,4612.7001953125,4606.0,4609.39990234375,566
2026-04-28 18:15:00+00:00,4613.2001953125,4614.7998046875,4610.2001953125,4610.5,787
2026-04-28 18:30:00+00:00,4612.10009765625,4613.2998046875,4607.5,4613.2001953125,431
2026-04-28 18:45:00+00:00,4608.39990234375,4613.10009765625,4607.2001953125,4612.2001953125,421
2026-04-28 19:00:00+00:00,4609.89990234375,4612.89990234375,4608.10009765625,4608.5,536
2026-04-28 19:15:00+00:00,4610.60009765625,4611.5,4607.89990234375,4609.7001953125,328
2026-04-28 19:30:00+00:00,4612.7001953125,4614.10009765625,4608.89990234375,4610.5,368
2026-04-28 19:45:00+00:00,4609.60009765625,4613.5,4607.2998046875,4612.7001953125,899
2026-04-28 20:00:00+00:00,4611.2998046875,4612.89990234375,4608.7998046875,4609.39990234375,380
2026-04-28 20:15:00+00:00,4607.5,4612.2001953125,4605.7001953125,4611.2998046875,473
2026-04-28 20:30:00+00:00,4608.10009765625,4609.89990234375,4607.10009765625,4607.5,231
2026-04-28 20:45:00+00:00,4609.60009765625,4611.7001953125,4607.2001953125,4608.2001953125,333
2026-04-28 22:00:00+00:00,4610.7001953125,4614.0,4608.10009765625,4611.39990234375,223
2026-04-28 22:15:00+00:00,4610.0,4611.2001953125,4609.2001953125,4610.7998046875,173
2026-04-28 22:30:00+00:00,4607.7998046875,4611.5,4607.0,4610.10009765625,166
2026-04-28 22:45:00+00:00,4607.7998046875,4609.10009765625,4606.2998046875,4607.2998046875,156
2026-04-28 23:00:00+00:00,4605.10009765625,4608.2998046875,4603.2001953125,4608.2998046875,253
2026-04-28 23:15:00+00:00,4605.39990234375,4607.10009765625,4604.10009765625,4604.7998046875,147
2026-04-28 23:30:00+00:00,4604.10009765625,4607.7001953125,4602.0,4606.0,286
2026-04-28 23:45:00+00:00,4609.7001953125,4610.5,4603.0,4604.2998046875,341
2026-04-29 00:00:00+00:00,4621.2998046875,4624.2998046875,4608.7998046875,4609.5,1457
2026-04-29 00:15:00+00:00,4613.2998046875,4621.7001953125,4612.10009765625,4621.10009765625,775
2026-04-29 00:30:00+00:00,4617.39990234375,4618.60009765625,4613.0,4614.0,346
2026-04-29 00:45:00+00:00,4613.7001953125,4617.60009765625,4609.60009765625,4617.10009765625,513
2026-04-29 01:00:00+00:00,4596.7001953125,4613.5,4589.10009765625,4613.5,2410
2026-04-29 01:15:00+00:00,4594.39990234375,4600.60009765625,4593.0,4595.7998046875,672
2026-04-29 01:30:00+00:00,4603.89990234375,4605.2001953125,4592.2001953125,4593.5,892
2026-04-29 01:45:00+00:00,4598.10009765625,4605.39990234375,4594.0,4603.7998046875,770
2026-04-29 02:00:00+00:00,4614.7998046875,4615.89990234375,4598.5,4598.5,1209
2026-04-29 02:15:00+00:00,4613.10009765625,4617.7001953125,4612.0,4614.5,723
2026-04-29 02:30:00+00:00,4610.10009765625,4616.0,4609.0,4613.2001953125,572
2026-04-29 02:45:00+00:00,4606.89990234375,4614.7001953125,4605.5,4610.60009765625,541
2026-04-29 03:00:00+00:00,4615.5,4616.39990234375,4606.10009765625,4606.89990234375,535
2026-04-29 03:15:00+00:00,4612.10009765625,4616.7001953125,4610.89990234375,4615.2998046875,410
2026-04-29 03:30:00+00:00,4607.60009765625,4612.60009765625,4606.0,4612.60009765625,233
2026-04-29 03:45:00+00:00,4609.60009765625,4610.10009765625,4605.7001953125,4607.7998046875,426
2026-04-29 04:00:00+00:00,4614.2998046875,4617.10009765625,4609.10009765625,4609.10009765625,364
2026-04-29 04:15:00+00:00,4615.39990234375,4615.39990234375,4610.89990234375,4614.60009765625,428
2026-04-29 04:30:00+00:00,4615.7001953125,4619.2998046875,4615.2001953125,4615.2998046875,557
2026-04-29 04:45:00+00:00,4618.10009765625,4619.2998046875,4616.0,4616.0,277
2026-04-29 05:00:00+00:00,4614.5,4621.2998046875,4614.0,4618.60009765625,433
2026-04-29 05:15:00+00:00,4614.2001953125,4616.10009765625,4612.2001953125,4614.89990234375,189
2026-04-29 05:30:00+00:00,4612.60009765625,4615.0,4607.5,4614.60009765625,403
2026-04-29 05:45:00+00:00,4604.7001953125,4616.7998046875,4604.39990234375,4612.7998046875,724
2026-04-29 06:00:00+00:00,4602.7001953125,4612.2998046875,4601.2001953125,4604.5,1275
2026-04-29 06:15:00+00:00,4599.39990234375,4603.39990234375,4595.60009765625,4602.5,1503
2026-04-29 06:30:00+00:00,4598.89990234375,4601.39990234375,4594.89990234375,4599.39990234375,796
2026-04-29 06:45:00+00:00,4598.10009765625,4600.7001953125,4594.7998046875,4598.89990234375,526
2026-04-29 07:00:00+00:00,4592.60009765625,4603.2001953125,4590.7998046875,4598.10009765625,1362
2026-04-29 07:15:00+00:00,4589.60009765625,4595.5,4583.5,4593.2001953125,1582
2026-04-29 07:30:00+00:00,4584.39990234375,4593.10009765625,4583.0,4589.5,2019
2026-04-29 07:45:00+00:00,4581.39990234375,4586.2998046875,4580.5,4584.60009765625,1159
2026-04-29 08:00:00+00:00,4578.39990234375,4586.7001953125,4577.7998046875,4581.60009765625,1425
2026-04-29 08:15:00+00:00,4579.5,4585.0,4578.7001953125,4578.7001953125,919
2026-04-29 08:30:00+00:00,4581.60009765625,4582.0,4570.5,4579.10009765625,1672
2026-04-29 08:45:00+00:00,4586.10009765625,4590.0,4581.2998046875,4581.2998046875,1097
2026-04-29 09:00:00+00:00,4586.89990234375,4588.7001953125,4583.39990234375,4586.5,1052
2026-04-29 09:15:00+00:00,4578.7998046875,4594.2998046875,4578.7998046875,4587.0,1395
2026-04-29 09:30:00+00:00,4571.89990234375,4582.7998046875,4571.89990234375,4578.7001953125,1400
2026-04-29 09:45:00+00:00,4568.2998046875,4575.2001953125,4564.5,4572.5,2479
2026-04-29 10:00:00+00:00,4581.10009765625,4581.5,4567.60009765625,4568.10009765625,1134
2026-04-29 10:15:00+00:00,4584.89990234375,4586.5,4581.2001953125,4581.39990234375,1067
2026-04-29 10:30:00+00:00,4579.10009765625,4589.5,4579.0,4585.7998046875,923
2026-04-29 10:45:00+00:00,4582.7001953125,4583.7001953125,4576.7001953125,4579.39990234375,860
2026-04-29 11:00:00+00:00,4580.89990234375,4585.60009765625,4577.89990234375,4583.0,765
2026-04-29 11:15:00+00:00,4577.60009765625,4583.0,4576.7998046875,4581.10009765625,586
2026-04-29 11:30:00+00:00,4579.7998046875,4585.0,4576.2998046875,4577.39990234375,856
2026-04-29 11:45:00+00:00,4574.7001953125,4579.5,4571.89990234375,4579.5,858
2026-04-29 12:00:00+00:00,4578.2001953125,4581.39990234375,4573.2998046875,4574.2001953125,846
2026-04-29 12:15:00+00:00,4572.60009765625,4582.10009765625,4572.10009765625,4578.89990234375,1091
2026-04-29 12:30:00+00:00,4570.60009765625,4573.2001953125,4563.0,4572.39990234375,2135
2026-04-29 12:45:00+00:00,4557.39990234375,4572.7998046875,4552.89990234375,4570.39990234375,2596
2026-04-29 13:00:00+00:00,4562.39990234375,4566.0,4558.10009765625,4558.39990234375,1776
2026-04-29 13:15:00+00:00,4550.7998046875,4564.39990234375,4546.7998046875,4562.5,3283
2026-04-29 13:30:00+00:00,4527.2001953125,4552.7001953125,4525.2998046875,4550.7998046875,5735
2026-04-29 13:45:00+00:00,4534.7001953125,4543.0,4522.2001953125,4526.89990234375,4847
2026-04-29 14:00:00+00:00,4538.7001953125,4540.7998046875,4530.2998046875,4534.7001953125,3646
2026-04-29 14:15:00+00:00,4545.89990234375,4550.2001953125,4536.60009765625,4538.39990234375,3766
2026-04-29 14:30:00+00:00,4551.2001953125,4556.39990234375,4543.39990234375,4545.7001953125,2173
2026-04-29 14:45:00+00:00,4551.89990234375,4553.5,4544.89990234375,4551.7998046875,1763
2026-04-29 15:00:00+00:00,4550.5,4560.0,4548.60009765625,4551.89990234375,2753
2026-04-29 15:15:00+00:00,4556.39990234375,4559.10009765625,4548.60009765625,4550.7998046875,1808
2026-04-29 15:30:00+00:00,4565.7998046875,4569.60009765625,4552.60009765625,4556.0,2922
2026-04-29 15:45:00+00:00,4560.2001953125,4572.0,4555.0,4566.2001953125,3428
2026-04-29 16:00:00+00:00,4572.0,4578.2998046875,4560.0,4560.60009765625,2431
2026-04-29 16:15:00+00:00,4573.60009765625,4577.60009765625,4570.0,4572.39990234375,1769
2026-04-29 16:30:00+00:00,4563.89990234375,4573.5,4559.2998046875,4573.2998046875,2378
2026-04-29 16:45:00+00:00,4559.0,4565.39990234375,4557.2001953125,4563.89990234375,1174
2026-04-29 17:00:00+00:00,4564.5,4566.2001953125,4556.7001953125,4559.39990234375,1357
2026-04-29 17:15:00+00:00,4561.0,4568.5,4559.7998046875,4564.5,3269
2026-04-29 17:30:00+00:00,4559.0,4562.7001953125,4556.7001953125,4560.89990234375,1062
2026-04-29 17:45:00+00:00,4561.7998046875,4561.7998046875,4555.89990234375,4558.60009765625,974
2026-04-29 18:00:00+00:00,4539.60009765625,4567.0,4539.2998046875,4561.2001953125,3256
2026-04-29 18:15:00+00:00,4547.5,4554.0,4539.10009765625,4539.39990234375,1727
2026-04-29 18:30:00+00:00,4534.5,4554.89990234375,4534.10009765625,4547.60009765625,2946
2026-04-29 18:45:00+00:00,4552.7001953125,4555.60009765625,4532.0,4534.2998046875,1832
2026-04-29 19:00:00+00:00,4562.10009765625,4563.2998046875,4547.39990234375,4553.10009765625,1482
2026-04-29 19:15:00+00:00,4556.7998046875,4565.0,4555.2001953125,4561.7998046875,1023
2026-04-29 19:30:00+00:00,4552.89990234375,4559.0,4551.5,4556.5,976
2026-04-29 19:45:00+00:00,4560.7998046875,4563.60009765625,4552.89990234375,4553.10009765625,1319
2026-04-29 20:00:00+00:00,4559.5,4567.2998046875,4556.7001953125,4561.2001953125,1493
2026-04-29 20:15:00+00:00,4556.7001953125,4561.60009765625,4555.0,4559.5,536
2026-04-29 20:30:00+00:00,4557.7001953125,4560.39990234375,4556.10009765625,4556.7998046875,139
2026-04-29 20:45:00+00:00,4557.2998046875,4558.2998046875,4555.2001953125,4557.2001953125,222
2026-04-29 22:00:00+00:00,4558.5,4560.7998046875,4550.7998046875,4557.0,248
2026-04-29 22:15:00+00:00,4560.7001953125,4562.7998046875,4558.10009765625,4558.10009765625,266
2026-04-29 22:30:00+00:00,4560.0,4564.10009765625,4559.2998046875,4560.2001953125,223
2026-04-29 22:45:00+00:00,4563.60009765625,4564.89990234375,4559.60009765625,4559.60009765625,129
2026-04-29 23:00:00+00:00,4565.0,4566.10009765625,4562.2998046875,4564.5,109
2026-04-29 23:15:00+00:00,4563.7001953125,4566.89990234375,4561.60009765625,4565.5,228
2026-04-29 23:30:00+00:00,4566.39990234375,4567.0,4563.2998046875,4563.2998046875,122
2026-04-29 23:45:00+00:00,4573.7998046875,4574.2001953125,4565.89990234375,4566.7001953125,414
2026-04-30 00:00:00+00:00,4570.0,4581.5,4569.5,4573.60009765625,1144
2026-04-30 00:15:00+00:00,4575.89990234375,4577.0,4568.2001953125,4570.0,961
2026-04-30 00:30:00+00:00,4578.7998046875,4579.2001953125,4574.5,4576.0,343
2026-04-30 00:45:00+00:00,4582.0,4586.2998046875,4578.89990234375,4579.2998046875,899
2026-04-30 01:00:00+00:00,4580.2998046875,4583.39990234375,4576.39990234375,4581.7001953125,676
2026-04-30 01:15:00+00:00,4591.39990234375,4592.7998046875,4577.2998046875,4580.7001953125,948
2026-04-30 01:30:00+00:00,4587.89990234375,4593.5,4582.7001953125,4592.60009765625,1050
2026-04-30 01:45:00+00:00,4590.7998046875,4594.10009765625,4585.5,4588.10009765625,796
2026-04-30 02:00:00+00:00,4591.2001953125,4593.7998046875,4586.39990234375,4591.10009765625,704
2026-04-30 02:15:00+00:00,4584.39990234375,4592.5,4583.0,4591.2001953125,661
2026-04-30 02:30:00+00:00,4573.2998046875,4585.7998046875,4571.5,4584.39990234375,1521
2026-04-30 02:45:00+00:00,4576.39990234375,4576.7998046875,4571.10009765625,4573.2001953125,666
2026-04-30 03:00:00+00:00,4576.7001953125,4581.0,4573.89990234375,4576.39990234375,620
2026-04-30 03:15:00+00:00,4574.7001953125,4578.60009765625,4574.10009765625,4577.0,339
2026-04-30 03:30:00+00:00,4572.7998046875,4575.2001953125,4568.60009765625,4575.10009765625,785
2026-04-30 03:45:00+00:00,4567.89990234375,4572.10009765625,4566.89990234375,4572.10009765625,507
2026-04-30 04:00:00+00:00,4566.5,4568.0,4562.2001953125,4567.39990234375,551
2026-04-30 04:15:00+00:00,4558.89990234375,4568.0,4557.10009765625,4566.60009765625,575
2026-04-30 04:30:00+00:00,4556.0,4558.7001953125,4552.2001953125,4558.39990234375,708
2026-04-30 04:45:00+00:00,4553.2001953125,4560.7001953125,4553.2001953125,4556.0,809
2026-04-30 05:00:00+00:00,4564.10009765625,4565.0,4553.0,4553.7001953125,574
2026-04-30 05:15:00+00:00,4566.5,4570.2001953125,4563.10009765625,4564.5,512
2026-04-30 05:30:00+00:00,4575.0,4577.89990234375,4564.89990234375,4567.10009765625,907
2026-04-30 05:45:00+00:00,4573.7001953125,4581.0,4573.2998046875,4574.60009765625,754
2026-04-30 06:00:00+00:00,4577.2001953125,4579.10009765625,4570.89990234375,4573.7001953125,1477
2026-04-30 06:15:00+00:00,4581.7001953125,4582.7998046875,4574.7001953125,4577.10009765625,1315
2026-04-30 06:30:00+00:00,4586.10009765625,4590.7998046875,4581.2998046875,4581.2998046875,1899
2026-04-30 06:45:00+00:00,4601.60009765625,4603.7001953125,4586.39990234375,4586.5,1941
2026-04-30 07:00:00+00:00,4603.5,4608.0,4598.0,4601.7998046875,1657
2026-04-30 07:15:00+00:00,4603.60009765625,4605.89990234375,4596.5,4603.5,1326
2026-04-30 07:30:00+00:00,4608.39990234375,4609.89990234375,4599.7001953125,4603.7998046875,1384
2026-04-30 07:45:00+00:00,4610.60009765625,4617.2998046875,4605.2998046875,4608.2998046875,2162
2026-04-30 08:00:00+00:00,4630.89990234375,4641.39990234375,4609.2001953125,4610.5,3952
2026-04-30 08:15:00+00:00,4629.60009765625,4632.39990234375,4623.60009765625,4630.7998046875,1691
2026-04-30 08:30:00+00:00,4626.7001953125,4632.89990234375,4625.60009765625,4629.2001953125,1416
2026-04-30 08:45:00+00:00,4628.39990234375,4630.89990234375,4626.2001953125,4627.2998046875,804
2026-04-30 09:00:00+00:00,4631.0,4632.5,4626.2998046875,4628.7001953125,1163
2026-04-30 09:15:00+00:00,4637.5,4638.89990234375,4627.5,4631.2001953125,992
2026-04-30 09:30:00+00:00,4631.0,4644.60009765625,4630.2998046875,4637.5,3042
2026-04-30 09:45:00+00:00,4637.2001953125,4639.0,4629.7998046875,4631.2998046875,1175
2026-04-30 10:00:00+00:00,4638.2998046875,4641.2001953125,4635.5,4637.2001953125,872
2026-04-30 10:15:00+00:00,4655.60009765625,4656.5,4638.0,4638.7998046875,2159
2026-04-30 10:30:00+00:00,4648.39990234375,4658.7998046875,4645.89990234375,4655.5,1796
2026-04-30 10:45:00+00:00,4651.7001953125,4651.89990234375,4645.7001953125,4648.2001953125,1290
2026-04-30 11:00:00+00:00,4648.0,4658.0,4648.0,4651.89990234375,1670
2026-04-30 11:15:00+00:00,4650.7001953125,4655.60009765625,4642.7998046875,4648.10009765625,2960
2026-04-30 11:30:00+00:00,4642.89990234375,4651.0,4639.5,4650.39990234375,2319
2026-04-30 11:45:00+00:00,4643.0,4648.10009765625,4641.0,4642.60009765625,1290
2026-04-30 12:00:00+00:00,4648.2998046875,4650.2001953125,4642.7001953125,4643.2998046875,1282
2026-04-30 12:15:00+00:00,4643.89990234375,4650.39990234375,4641.10009765625,4648.7998046875,2319
2026-04-30 12:30:00+00:00,4638.2998046875,4649.60009765625,4635.0,4643.5,2079
2026-04-30 12:45:00+00:00,4652.39990234375,4652.7001953125,4637.2001953125,4638.2001953125,1756
2026-04-30 13:00:00+00:00,4654.0,4657.2998046875,4647.2998046875,4652.5,2412
2026-04-30 13:15:00+00:00,4646.10009765625,4658.60009765625,4645.7001953125,4654.10009765625,2074
2026-04-30 13:30:00+00:00,4638.2998046875,4647.7998046875,4632.60009765625,4645.89990234375,3390
2026-04-30 13:45:00+00:00,4623.10009765625,4637.89990234375,4622.39990234375,4637.89990234375,2670
2026-04-30 14:00:00+00:00,4632.7998046875,4638.0,4621.2998046875,4623.2001953125,3233
2026-04-30 14:15:00+00:00,4635.39990234375,4638.7001953125,4628.39990234375,4632.39990234375,2109
2026-04-30 14:30:00+00:00,4630.2998046875,4634.60009765625,4622.60009765625,4634.60009765625,2610
2026-04-30 14:45:00+00:00,4632.5,4636.5,4629.2998046875,4630.0,1506
2026-04-30 15:00:00+00:00,4632.5,4636.89990234375,4627.5,4633.2998046875,1399
2026-04-30 15:15:00+00:00,4635.60009765625,4637.10009765625,4628.0,4632.7998046875,1176
2026-04-30 15:30:00+00:00,4628.5,4637.7998046875,4626.0,4635.2998046875,1390
2026-04-30 15:45:00+00:00,4628.10009765625,4630.2001953125,4623.7001953125,4628.39990234375,1037
2026-04-30 16:00:00+00:00,4624.2998046875,4630.60009765625,4622.39990234375,4628.2001953125,852
2026-04-30 16:15:00+00:00,4620.60009765625,4624.39990234375,4618.0,4624.10009765625,1215
2026-04-30 16:30:00+00:00,4622.10009765625,4626.7001953125,4619.7001953125,4620.5,1570
2026-04-30 16:45:00+00:00,4620.39990234375,4631.10009765625,4618.39990234375,4621.7998046875,2850
2026-04-30 17:00:00+00:00,4628.89990234375,4632.89990234375,4620.7998046875,4620.89990234375,1944
2026-04-30 17:15:00+00:00,4630.89990234375,4633.89990234375,4626.0,4628.89990234375,2756
2026-04-30 17:30:00+00:00,4630.60009765625,4635.0,4627.7001953125,4630.7001953125,1278
2026-04-30 17:45:00+00:00,4629.7998046875,4632.60009765625,4628.2001953125,4630.7001953125,439
2026-04-30 18:00:00+00:00,4633.39990234375,4638.10009765625,4629.60009765625,4630.0,1193
2026-04-30 18:15:00+00:00,4633.5,4638.5,4632.7001953125,4633.7001953125,672
2026-04-30 18:30:00+00:00,4633.7001953125,4636.7998046875,4632.0,4634.0,576
2026-04-30 18:45:00+00:00,4635.39990234375,4638.2998046875,4633.10009765625,4633.5,530
2026-04-30 19:00:00+00:00,4637.60009765625,4640.2998046875,4635.39990234375,4635.5,668
2026-04-30 19:15:00+00:00,4630.5,4638.5,4630.0,4637.2998046875,574
2026-04-30 19:30:00+00:00,4635.7998046875,4636.10009765625,4628.2001953125,4631.5,682
2026-04-30 19:45:00+00:00,4630.0,4636.60009765625,4627.7001953125,4635.5,884
2026-04-30 20:00:00+00:00,4629.2001953125,4633.5,4628.7998046875,4630.39990234375,523
2026-04-30 20:15:00+00:00,4629.60009765625,4632.39990234375,4628.89990234375,4629.5,249
2026-04-30 20:30:00+00:00,4630.10009765625,4631.60009765625,4628.2998046875,4629.5,167
2026-04-30 20:45:00+00:00,4636.0,4636.0,4629.7001953125,4630.0,299
2026-04-30 22:00:00+00:00,4644.2001953125,4652.0,4636.89990234375,4636.89990234375,242
2026-04-30 22:15:00+00:00,4643.89990234375,4644.2998046875,4641.5,4643.60009765625,175
2026-04-30 22:30:00+00:00,4644.7998046875,4644.7998046875,4639.2998046875,4644.60009765625,386
2026-04-30 22:45:00+00:00,4642.7001953125,4644.7001953125,4640.89990234375,4644.5,344
2026-04-30 23:00:00+00:00,4642.7998046875,4644.10009765625,4640.7001953125,4643.2001953125,318
2026-04-30 23:15:00+00:00,4643.2001953125,4644.60009765625,4641.60009765625,4642.39990234375,181
2026-04-30 23:30:00+00:00,4643.89990234375,4646.7998046875,4643.39990234375,4643.5,310
2026-04-30 23:45:00+00:00,4638.89990234375,4645.7001953125,4638.7998046875,4643.7001953125,351
2026-05-01 00:00:00+00:00,4633.7998046875,4643.5,4632.7998046875,4639.0,494
2026-05-01 00:15:00+00:00,4635.7998046875,4640.7001953125,4633.39990234375,4634.39990234375,319
2026-05-01 00:30:00+00:00,4632.39990234375,4637.39990234375,4630.5,4635.7998046875,355
2026-05-01 00:45:00+00:00,4631.7998046875,4637.2001953125,4631.7998046875,4632.89990234375,246
2026-05-01 01:00:00+00:00,4630.60009765625,4633.2001953125,4627.60009765625,4631.60009765625,535
2026-05-01 01:15:00+00:00,4628.2001953125,4631.2001953125,4625.89990234375,4630.89990234375,354
2026-05-01 01:30:00+00:00,4631.89990234375,4634.10009765625,4627.7001953125,4628.39990234375,607
2026-05-01 01:45:00+00:00,4632.60009765625,4634.0,4630.39990234375,4631.7001953125,208
2026-05-01 02:00:00+00:00,4642.60009765625,4646.39990234375,4631.5,4632.60009765625,761
2026-05-01 02:15:00+00:00,4641.10009765625,4648.10009765625,4640.10009765625,4642.89990234375,634
2026-05-01 02:30:00+00:00,4635.89990234375,4642.7001953125,4635.10009765625,4641.60009765625,546
2026-05-01 02:45:00+00:00,4630.5,4636.10009765625,4628.0,4635.60009765625,667
2026-05-01 03:00:00+00:00,4632.2001953125,4632.89990234375,4628.89990234375,4630.10009765625,414
2026-05-01 03:15:00+00:00,4637.7001953125,4638.2998046875,4632.2001953125,4632.2998046875,356
2026-05-01 03:30:00+00:00,4637.39990234375,4643.5,4636.7998046875,4638.0,685
2026-05-01 03:45:00+00:00,4638.60009765625,4639.7001953125,4636.7998046875,4638.0,200
2026-05-01 04:00:00+00:00,4633.2998046875,4640.2998046875,4631.10009765625,4637.7998046875,595
2026-05-01 04:15:00+00:00,4628.89990234375,4634.60009765625,4628.60009765625,4632.89990234375,459
2026-05-01 04:30:00+00:00,4624.7998046875,4629.89990234375,4623.39990234375,4628.89990234375,1136
2026-05-01 04:45:00+00:00,4620.39990234375,4625.7998046875,4620.2998046875,4625.0,319
2026-05-01 05:00:00+00:00,4625.10009765625,4626.10009765625,4618.5,4620.7001953125,550
2026-05-01 05:15:00+00:00,4626.0,4628.2001953125,4622.39990234375,4625.2998046875,294
2026-05-01 05:30:00+00:00,4621.2001953125,4626.60009765625,4620.5,4626.10009765625,464
2026-05-01 05:45:00+00:00,4616.2001953125,4624.7001953125,4614.10009765625,4620.7001953125,649
2026-05-01 06:00:00+00:00,4613.2998046875,4619.39990234375,4612.10009765625,4616.2001953125,820
2026-05-01 06:15:00+00:00,4605.2998046875,4613.7001953125,4604.7998046875,4613.2998046875,925
2026-05-01 06:30:00+00:00,4604.7998046875,4609.2001953125,4602.2001953125,4605.39990234375,768
2026-05-01 06:45:00+00:00,4606.7998046875,4607.7001953125,4602.7001953125,4604.7998046875,607
2026-05-01 07:00:00+00:00,4607.60009765625,4608.2001953125,4600.60009765625,4606.0,1028
2026-05-01 07:15:00+00:00,4603.7998046875,4609.7001953125,4596.7001953125,4607.2998046875,1523
2026-05-01 07:30:00+00:00,4597.10009765625,4603.89990234375,4595.2001953125,4603.89990234375,705
2026-05-01 07:45:00+00:00,4589.5,4597.60009765625,4586.7998046875,4596.7001953125,1301
2026-05-01 08:00:00+00:00,4585.10009765625,4594.0,4583.7998046875,4589.7001953125,1063
2026-05-01 08:15:00+00:00,4579.0,4588.39990234375,4578.0,4585.0,950
2026-05-01 08:30:00+00:00,4581.89990234375,4583.5,4577.2998046875,4578.5,834
2026-05-01 08:45:00+00:00,4580.2998046875,4583.89990234375,4575.89990234375,4581.89990234375,694
2026-05-01 09:00:00+00:00,4576.60009765625,4580.10009765625,4575.2001953125,4580.10009765625,573
2026-05-01 09:15:00+00:00,4580.39990234375,4582.2998046875,4575.5,4576.60009765625,720
2026-05-01 09:30:00+00:00,4581.39990234375,4584.0,4578.5,4579.89990234375,769
2026-05-01 09:45:00+00:00,4573.60009765625,4581.89990234375,4570.0,4581.89990234375,1159
2026-05-01 10:00:00+00:00,4577.5,4578.89990234375,4572.39990234375,4573.7001953125,556
2026-05-01 10:15:00+00:00,4583.10009765625,4583.60009765625,4577.5,4577.7998046875,488
2026-05-01 10:30:00+00:00,4581.10009765625,4587.39990234375,4578.2998046875,4582.89990234375,784
2026-05-01 10:45:00+00:00,4577.89990234375,4583.10009765625,4576.89990234375,4581.10009765625,376
2026-05-01 11:00:00+00:00,4576.89990234375,4579.7998046875,4573.0,4577.7998046875,578
2026-05-01 11:15:00+00:00,4582.7998046875,4587.5,4575.39990234375,4575.89990234375,772
2026-05-01 11:30:00+00:00,4586.7998046875,4588.7001953125,4581.2998046875,4582.60009765625,636
2026-05-01 11:45:00+00:00,4590.0,4590.60009765625,4583.60009765625,4586.7998046875,698
2026-05-01 12:00:00+00:00,4596.0,4601.89990234375,4586.0,4589.5,1412
2026-05-01 12:15:00+00:00,4614.2001953125,4619.2998046875,4594.10009765625,4596.2001953125,3097
2026-05-01 12:30:00+00:00,4603.10009765625,4614.7001953125,4600.10009765625,4614.5,1871
2026-05-01 12:45:00+00:00,4602.10009765625,4606.5,4600.39990234375,4603.2998046875,1366
2026-05-01 13:00:00+00:00,4602.39990234375,4608.10009765625,4600.60009765625,4601.60009765625,1158
2026-05-01 13:15:00+00:00,4600.2001953125,4604.0,4596.89990234375,4602.2998046875,975
2026-05-01 13:30:00+00:00,4619.10009765625,4620.2998046875,4597.2998046875,4600.2998046875,2260
2026-05-01 13:45:00+00:00,4637.5,4640.89990234375,4609.7998046875,4619.0,3830
2026-05-01 14:00:00+00:00,4668.0,4673.0,4635.7998046875,4636.89990234375,6025
2026-05-01 14:15:00+00:00,4656.2998046875,4672.5,4655.60009765625,4668.0,4586
2026-05-01 14:30:00+00:00,4645.0,4657.89990234375,4642.10009765625,4656.5,3292
2026-05-01 14:45:00+00:00,4643.60009765625,4647.10009765625,4638.7998046875,4644.7998046875,1709
2026-05-01 15:00:00+00:00,4647.5,4647.7998046875,4630.39990234375,4644.0,2762
2026-05-01 15:15:00+00:00,4647.2998046875,4652.0,4645.0,4647.2001953125,1770
2026-05-01 15:30:00+00:00,4654.89990234375,4655.89990234375,4646.39990234375,4647.7998046875,1467
2026-05-01 15:45:00+00:00,4654.39990234375,4659.2001953125,4643.5,4654.7998046875,2565
2026-05-01 16:00:00+00:00,4653.60009765625,4656.60009765625,4649.0,4654.0,810
2026-05-01 16:15:00+00:00,4649.0,4661.2998046875,4648.89990234375,4654.0,1732
2026-05-01 16:30:00+00:00,4650.39990234375,4652.7998046875,4644.89990234375,4649.2001953125,1315
2026-05-01 16:45:00+00:00,4650.60009765625,4654.7998046875,4648.0,4650.2001953125,533
2026-05-01 17:00:00+00:00,4651.60009765625,4654.5,4649.10009765625,4650.2001953125,610
2026-05-01 17:15:00+00:00,4643.39990234375,4652.10009765625,4642.5,4651.7001953125,2912
2026-05-01 17:30:00+00:00,4640.0,4644.5,4638.39990234375,4643.39990234375,1086
2026-05-01 17:45:00+00:00,4641.2998046875,4646.89990234375,4639.10009765625,4639.7998046875,898
2026-05-01 18:00:00+00:00,4627.5,4642.7998046875,4627.5,4641.7001953125,1027
2026-05-01 18:15:00+00:00,4635.5,4636.0,4625.2998046875,4627.5,1114
2026-05-01 18:30:00+00:00,4634.2998046875,4636.2998046875,4627.7998046875,4635.39990234375,744
2026-05-01 18:45:00+00:00,4636.10009765625,4637.7998046875,4632.2001953125,4634.10009765625,534
2026-05-01 19:00:00+00:00,4638.2001953125,4638.2998046875,4632.5,4636.2001953125,328
2026-05-01 19:15:00+00:00,4636.2998046875,4639.60009765625,4636.2998046875,4638.2998046875,282
2026-05-01 19:30:00+00:00,4624.0,4636.2998046875,4623.39990234375,4636.2998046875,1124
2026-05-01 19:45:00+00:00,4623.0,4627.5,4621.0,4623.60009765625,1016
2026-05-01 20:00:00+00:00,4623.2001953125,4625.0,4619.0,4623.0,498
2026-05-01 20:15:00+00:00,4625.2998046875,4628.2001953125,4621.7001953125,4623.5,330
2026-05-01 20:30:00+00:00,4625.7001953125,4627.10009765625,4621.89990234375,4625.10009765625,286
2026-05-01 20:45:00+00:00,4644.5,4644.5,4624.2998046875,4625.89990234375,442
2026-05-03 22:00:00+00:00,4634.60009765625,4635.39990234375,4630.39990234375,4633.2998046875,171
2026-05-03 22:15:00+00:00,4632.2998046875,4634.5,4623.5,4634.39990234375,584
2026-05-03 22:30:00+00:00,4639.89990234375,4640.89990234375,4631.5,4632.2001953125,245
2026-05-03 22:45:00+00:00,4630.7001953125,4640.5,4629.60009765625,4639.2998046875,470
2026-05-03 23:00:00+00:00,4626.10009765625,4632.39990234375,4622.39990234375,4630.0,391
2026-05-03 23:15:00+00:00,4628.2001953125,4629.0,4624.7001953125,4626.60009765625,162
2026-05-03 23:30:00+00:00,4625.10009765625,4630.0,4624.2001953125,4628.10009765625,295
2026-05-03 23:45:00+00:00,4625.0,4628.2998046875,4622.89990234375,4624.0,177
2026-05-04 00:00:00+00:00,4623.39990234375,4627.89990234375,4615.60009765625,4624.7998046875,778
2026-05-04 00:15:00+00:00,4617.0,4625.7998046875,4612.5,4624.0,536
2026-05-04 00:30:00+00:00,4617.5,4621.2998046875,4616.10009765625,4617.2998046875,332
2026-05-04 00:45:00+00:00,4623.60009765625,4625.0,4616.0,4617.2001953125,381
2026-05-04 01:00:00+00:00,4611.7001953125,4625.39990234375,4606.7998046875,4624.7001953125,895
2026-05-04 01:15:00+00:00,4605.7001953125,4615.7998046875,4605.39990234375,4612.0,431
2026-05-04 01:30:00+00:00,4612.39990234375,4612.89990234375,4603.7998046875,4605.39990234375,298
2026-05-04 01:45:00+00:00,4624.2001953125,4624.89990234375,4612.0,4612.5,595
2026-05-04 02:00:00+00:00,4619.2001953125,4629.89990234375,4614.60009765625,4624.0,889
2026-05-04 02:15:00+00:00,4603.7998046875,4618.89990234375,4602.5,4618.89990234375,656
2026-05-04 02:30:00+00:00,4614.7998046875,4615.0,4602.0,4603.7998046875,622
2026-05-04 02:45:00+00:00,4616.89990234375,4622.10009765625,4612.0,4615.0,663
2026-05-04 03:00:00+00:00,4620.5,4623.0,4615.2998046875,4616.60009765625,462
2026-05-04 03:15:00+00:00,4620.89990234375,4622.0,4619.10009765625,4621.60009765625,347
2026-05-04 03:30:00+00:00,4616.2998046875,4622.2998046875,4609.60009765625,4620.39990234375,863
2026-05-04 03:45:00+00:00,4627.7998046875,4627.89990234375,4616.5,4616.5,721
2026-05-04 04:00:00+00:00,4622.2001953125,4626.5,4618.39990234375,4626.5,605
2026-05-04 04:15:00+00:00,4619.2001953125,4624.10009765625,4618.0,4622.5,326
2026-05-04 04:30:00+00:00,4620.2001953125,4624.2001953125,4618.0,4619.2001953125,550
2026-05-04 04:45:00+00:00,4616.60009765625,4621.60009765625,4615.7998046875,4620.39990234375,306
2026-05-04 05:00:00+00:00,4613.89990234375,4617.7001953125,4612.60009765625,4616.0,440
2026-05-04 05:15:00+00:00,4607.2998046875,4624.0,4606.39990234375,4614.7998046875,1273
2026-05-04 05:30:00+00:00,4610.2001953125,4610.2001953125,4603.2998046875,4607.5,702
2026-05-04 05:45:00+00:00,4610.2001953125,4613.2001953125,4605.7998046875,4610.39990234375,565
2026-05-04 06:00:00+00:00,4608.7001953125,4611.89990234375,4598.89990234375,4610.10009765625,992
2026-05-04 06:15:00+00:00,4605.2001953125,4609.10009765625,4600.39990234375,4608.89990234375,587
2026-05-04 06:30:00+00:00,4596.2001953125,4606.7998046875,4594.5,4605.39990234375,745
2026-05-04 06:45:00+00:00,4599.7001953125,4603.5,4594.7998046875,4596.7001953125,690
2026-05-04 07:00:00+00:00,4602.7998046875,4604.39990234375,4596.60009765625,4599.2001953125,658
2026-05-04 07:15:00+00:00,4596.7001953125,4603.7001953125,4594.0,4602.60009765625,517
2026-05-04 07:30:00+00:00,4599.2001953125,4599.2001953125,4593.60009765625,4596.7001953125,571
2026-05-04 07:45:00+00:00,4589.7001953125,4601.89990234375,4588.60009765625,4599.2001953125,740
2026-05-04 08:00:00+00:00,4591.2001953125,4592.10009765625,4585.39990234375,4589.89990234375,888
2026-05-04 08:15:00+00:00,4586.10009765625,4592.0,4584.7998046875,4591.0,1017
2026-05-04 08:30:00+00:00,4589.10009765625,4592.60009765625,4584.5,4585.89990234375,545
2026-05-04 08:45:00+00:00,4587.5,4590.89990234375,4586.89990234375,4589.10009765625,445
2026-05-04 09:00:00+00:00,4594.7998046875,4595.2998046875,4587.10009765625,4587.89990234375,561
2026-05-04 09:15:00+00:00,4592.10009765625,4595.2998046875,4591.39990234375,4595.10009765625,418
2026-05-04 09:30:00+00:00,4592.5,4595.2998046875,4591.39990234375,4592.2001953125,338
2026-05-04 09:45:00+00:00,4586.0,4593.5,4582.0,4592.7001953125,712
2026-05-04 10:00:00+00:00,4552.0,4586.89990234375,4547.2998046875,4586.60009765625,4999
2026-05-04 10:15:00+00:00,4555.60009765625,4555.60009765625,4535.0,4551.89990234375,3547
2026-05-04 10:30:00+00:00,4568.7998046875,4574.5,4553.39990234375,4555.0,3055
2026-05-04 10:45:00+00:00,4573.2001953125,4577.2001953125,4568.39990234375,4569.0,1022
2026-05-04 11:00:00+00:00,4575.7998046875,4581.7998046875,4571.7001953125,4573.5,1298
2026-05-04 11:15:00+00:00,4573.2998046875,4580.7998046875,4572.39990234375,4576.2998046875,738
2026-05-04 11:30:00+00:00,4564.0,4573.2998046875,4562.39990234375,4572.7998046875,1961
2026-05-04 11:45:00+00:00,4571.10009765625,4574.0,4563.89990234375,4563.89990234375,969
2026-05-04 12:00:00+00:00,4575.0,4576.7998046875,4570.39990234375,4571.2998046875,854
2026-05-04 12:15:00+00:00,4579.7001953125,4590.39990234375,4574.2001953125,4575.0,2396
2026-05-04 12:30:00+00:00,4580.7998046875,4582.5,4571.7998046875,4579.2998046875,1138
2026-05-04 12:45:00+00:00,4579.2998046875,4586.5,4576.7998046875,4581.0,1146
2026-05-04 13:00:00+00:00,4577.0,4588.10009765625,4568.0,4579.60009765625,2338
2026-05-04 13:15:00+00:00,4571.39990234375,4578.5,4571.39990234375,4577.0,940
2026-05-04 13:30:00+00:00,4576.2998046875,4581.60009765625,4566.2998046875,4572.0,2197
2026-05-04 13:45:00+00:00,4575.0,4577.60009765625,4568.2001953125,4575.7998046875,1348
2026-05-04 14:00:00+00:00,4571.0,4576.2001953125,4564.39990234375,4574.89990234375,1852
2026-05-04 14:15:00+00:00,4582.89990234375,4593.60009765625,4570.60009765625,4570.89990234375,2668
2026-05-04 14:30:00+00:00,4586.2001953125,4594.7001953125,4581.60009765625,4582.39990234375,1416
2026-05-04 14:45:00+00:00,4572.7001953125,4588.60009765625,4570.60009765625,4585.89990234375,2096
2026-05-04 15:00:00+00:00,4559.60009765625,4577.89990234375,4558.2001953125,4572.7001953125,2523
2026-05-04 15:15:00+00:00,4548.10009765625,4566.7998046875,4524.2998046875,4559.2998046875,8104
2026-05-04 15:30:00+00:00,4545.7001953125,4553.7998046875,4538.0,4548.7001953125,3123
2026-05-04 15:45:00+00:00,4531.60009765625,4545.60009765625,4520.60009765625,4545.2998046875,4563
2026-05-04 16:00:00+00:00,4519.60009765625,4535.7001953125,4510.10009765625,4531.39990234375,5831
2026-05-04 16:15:00+00:00,4525.39990234375,4537.10009765625,4518.60009765625,4519.2001953125,3832
2026-05-04 16:30:00+00:00,4522.2001953125,4529.39990234375,4521.10009765625,4525.2998046875,1602
2026-05-04 16:45:00+00:00,4520.39990234375,4526.2998046875,4517.2001953125,4522.7998046875,1875
2026-05-04 17:00:00+00:00,4532.39990234375,4536.0,4520.89990234375,4521.10009765625,1894
2026-05-04 17:15:00+00:00,4534.10009765625,4541.7998046875,4531.5,4532.2998046875,3760
2026-05-04 17:30:00+00:00,4535.60009765625,4537.60009765625,4531.7998046875,4534.10009765625,899
2026-05-04 17:45:00+00:00,4532.5,4536.5,4531.60009765625,4536.2001953125,702
2026-05-04 18:00:00+00:00,4530.10009765625,4535.2001953125,4528.7998046875,4532.89990234375,556
2026-05-04 18:15:00+00:00,4522.0,4530.39990234375,4519.7001953125,4530.0,1190
2026-05-04 18:30:00+00:00,4521.7998046875,4525.10009765625,4520.39990234375,4522.10009765625,610
2026-05-04 18:45:00+00:00,4526.2998046875,4526.2998046875,4520.7998046875,4522.0,688
2026-05-04 19:00:00+00:00,4528.7001953125,4533.2001953125,4521.0,4525.89990234375,1650
2026-05-04 19:15:00+00:00,4531.89990234375,4535.7001953125,4527.2998046875,4528.7998046875,1133
2026-05-04 19:30:00+00:00,4530.7001953125,4536.89990234375,4530.0,4532.5,761
2026-05-04 19:45:00+00:00,4527.60009765625,4533.0,4525.10009765625,4530.5,1209
2026-05-04 20:00:00+00:00,4524.7001953125,4528.0,4521.2998046875,4527.5,492
2026-05-04 20:15:00+00:00,4524.7001953125,4525.2001953125,4521.39990234375,4524.60009765625,390
2026-05-04 20:30:00+00:00,4528.5,4528.5,4524.7001953125,4525.5,363
2026-05-04 20:45:00+00:00,4532.39990234375,4533.89990234375,4528.60009765625,4528.60009765625,512
2026-05-04 22:00:00+00:00,4530.7998046875,4535.89990234375,4527.60009765625,4534.0,212
2026-05-04 22:15:00+00:00,4529.5,4532.39990234375,4528.89990234375,4531.10009765625,196
2026-05-04 22:30:00+00:00,4528.5,4532.10009765625,4528.2001953125,4529.39990234375,198
2026-05-04 22:45:00+00:00,4527.0,4528.7998046875,4524.7998046875,4528.7998046875,206
2026-05-04 23:00:00+00:00,4529.10009765625,4530.5,4525.7001953125,4526.7998046875,286
2026-05-04 23:15:00+00:00,4530.2998046875,4531.0,4528.5,4529.5,225
2026-05-04 23:30:00+00:00,4527.7998046875,4530.7998046875,4527.60009765625,4530.2001953125,118
2026-05-04 23:45:00+00:00,4528.10009765625,4530.0,4526.0,4528.10009765625,203
2026-05-05 00:00:00+00:00,4537.7001953125,4537.89990234375,4526.7998046875,4528.60009765625,800
2026-05-05 00:15:00+00:00,4526.39990234375,4537.39990234375,4522.7001953125,4537.39990234375,879
2026-05-05 00:30:00+00:00,4533.5,4533.7998046875,4525.2998046875,4525.7001953125,378
2026-05-05 00:45:00+00:00,4538.89990234375,4540.10009765625,4533.5,4533.7998046875,688
2026-05-05 01:00:00+00:00,4548.10009765625,4548.7001953125,4534.5,4538.89990234375,1105
2026-05-05 01:15:00+00:00,4546.89990234375,4549.2001953125,4544.5,4548.5,606
2026-05-05 01:30:00+00:00,4546.2998046875,4551.5,4543.2998046875,4547.2998046875,670
2026-05-05 01:45:00+00:00,4550.39990234375,4550.5,4545.5,4546.0,342
2026-05-05 02:00:00+00:00,4547.7001953125,4552.0,4546.7001953125,4550.5,466
2026-05-05 02:15:00+00:00,4551.10009765625,4551.2998046875,4544.0,4547.60009765625,440
2026-05-05 02:30:00+00:00,4553.7001953125,4555.2001953125,4549.39990234375,4550.7998046875,510
2026-05-05 02:45:00+00:00,4548.2001953125,4556.39990234375,4548.0,4553.89990234375,882
2026-05-05 03:00:00+00:00,4551.2001953125,4551.39990234375,4546.7001953125,4548.10009765625,391
2026-05-05 03:15:00+00:00,4547.39990234375,4551.7001953125,4546.2998046875,4551.39990234375,301
2026-05-05 03:30:00+00:00,4545.0,4548.39990234375,4544.7001953125,4547.0,323
2026-05-05 03:45:00+00:00,4544.7001953125,4546.2001953125,4541.39990234375,4545.10009765625,462
2026-05-05 04:00:00+00:00,4542.10009765625,4544.7998046875,4541.5,4543.5,242
2026-05-05 04:15:00+00:00,4539.0,4542.89990234375,4538.2998046875,4542.2001953125,593
2026-05-05 04:30:00+00:00,4540.89990234375,4543.0,4537.0,4538.7998046875,414
2026-05-05 04:45:00+00:00,4543.0,4545.7998046875,4540.2998046875,4540.7001953125,400
2026-05-05 05:00:00+00:00,4549.60009765625,4554.7998046875,4540.39990234375,4543.0,771
2026-05-05 05:15:00+00:00,4549.2001953125,4549.2998046875,4544.89990234375,4549.2001953125,280
2026-05-05 05:30:00+00:00,4555.39990234375,4561.2001953125,4549.10009765625,4549.2001953125,1217
2026-05-05 05:45:00+00:00,4555.2998046875,4558.2998046875,4552.89990234375,4555.0,531
2026-05-05 06:00:00+00:00,4553.2998046875,4561.5,4551.0,4555.2998046875,1235
2026-05-05 06:15:00+00:00,4546.39990234375,4554.39990234375,4543.2001953125,4553.39990234375,730
2026-05-05 06:30:00+00:00,4556.10009765625,4559.2001953125,4546.0,4546.10009765625,899
2026-05-05 06:45:00+00:00,4557.5,4560.5,4555.39990234375,4556.2998046875,451
2026-05-05 07:00:00+00:00,4563.89990234375,4565.10009765625,4557.2001953125,4557.89990234375,901
2026-05-05 07:15:00+00:00,4558.7001953125,4565.5,4558.0,4563.60009765625,585
2026-05-05 07:30:00+00:00,4560.7998046875,4568.10009765625,4558.7001953125,4558.7001953125,957
2026-05-05 07:45:00+00:00,4555.39990234375,4561.60009765625,4553.2998046875,4561.10009765625,861
2026-05-05 08:00:00+00:00,4561.0,4563.0,4555.2001953125,4555.39990234375,637
2026-05-05 08:15:00+00:00,4560.7998046875,4564.5,4559.0,4560.7001953125,571
2026-05-05 08:30:00+00:00,4559.7001953125,4562.7998046875,4557.60009765625,4561.10009765625,880
2026-05-05 08:45:00+00:00,4568.2001953125,4569.39990234375,4557.7001953125,4559.7001953125,1160
2026-05-05 09:00:00+00:00,4568.0,4570.5,4563.39990234375,4568.60009765625,965
2026-05-05 09:15:00+00:00,4562.60009765625,4567.89990234375,4562.5,4567.89990234375,726
2026-05-05 09:30:00+00:00,4565.60009765625,4568.2001953125,4561.10009765625,4562.60009765625,1410
2026-05-05 09:45:00+00:00,4566.5,4567.5,4562.89990234375,4565.60009765625,404
2026-05-05 10:00:00+00:00,4563.39990234375,4567.2001953125,4560.89990234375,4566.7001953125,593
2026-05-05 10:15:00+00:00,4558.10009765625,4565.10009765625,4557.2998046875,4563.10009765625,547
2026-05-05 10:30:00+00:00,4555.39990234375,4564.5,4554.39990234375,4558.7001953125,843
2026-05-05 10:45:00+00:00,4554.10009765625,4556.2001953125,4550.0,4555.0,803
2026-05-05 11:00:00+00:00,4562.89990234375,4563.39990234375,4550.10009765625,4554.0,912
2026-05-05 11:15:00+00:00,4566.5,4567.7998046875,4560.10009765625,4562.7998046875,818
2026-05-05 11:30:00+00:00,4573.60009765625,4575.2998046875,4565.5,4566.2001953125,1355
2026-05-05 11:45:00+00:00,4572.89990234375,4575.5,4569.39990234375,4574.0,781
2026-05-05 12:00:00+00:00,4575.2998046875,4577.2998046875,4564.2001953125,4572.7001953125,1971
2026-05-05 12:15:00+00:00,4584.10009765625,4585.2001953125,4571.5,4575.2998046875,2384
2026-05-05 12:30:00+00:00,4577.7998046875,4585.39990234375,4576.7998046875,4584.39990234375,1218
2026-05-05 12:45:00+00:00,4574.7001953125,4579.0,4572.0,4577.7001953125,1090
2026-05-05 13:00:00+00:00,4589.60009765625,4591.5,4575.0,4575.0,3538
2026-05-05 13:15:00+00:00,4586.60009765625,4596.2001953125,4586.2001953125,4589.60009765625,2784
2026-05-05 13:30:00+00:00,4584.10009765625,4592.2001953125,4582.10009765625,4587.39990234375,1813
2026-05-05 13:45:00+00:00,4589.7998046875,4594.0,4583.2001953125,4584.10009765625,1525
2026-05-05 14:00:00+00:00,4584.10009765625,4595.10009765625,4581.0,4590.2998046875,3830
2026-05-05 14:15:00+00:00,4594.89990234375,4597.5,4576.39990234375,4584.2001953125,4083
2026-05-05 14:30:00+00:00,4594.0,4596.7998046875,4588.5,4595.0,1501
2026-05-05 14:45:00+00:00,4593.2998046875,4594.10009765625,4586.2998046875,4594.10009765625,1840
2026-05-05 15:00:00+00:00,4591.7998046875,4595.10009765625,4588.39990234375,4593.60009765625,1033
2026-05-05 15:15:00+00:00,4590.39990234375,4592.39990234375,4586.10009765625,4592.0,1299
2026-05-05 15:30:00+00:00,4583.89990234375,4592.2001953125,4583.60009765625,4590.2998046875,937
2026-05-05 15:45:00+00:00,4579.39990234375,4587.0,4579.2998046875,4583.89990234375,1107
2026-05-05 16:00:00+00:00,4577.39990234375,4579.89990234375,4573.5,4579.39990234375,1457
2026-05-05 16:15:00+00:00,4570.89990234375,4577.2001953125,4567.2001953125,4577.2001953125,2234
2026-05-05 16:30:00+00:00,4567.39990234375,4571.5,4564.60009765625,4571.0,1696
2026-05-05 16:45:00+00:00,4572.10009765625,4573.7001953125,4566.2998046875,4567.2998046875,956
2026-05-05 17:00:00+00:00,4566.7001953125,4573.5,4563.7998046875,4571.7001953125,1063
2026-05-05 17:15:00+00:00,4568.89990234375,4572.10009765625,4566.7001953125,4567.0,2681
2026-05-05 17:30:00+00:00,4571.0,4573.60009765625,4566.39990234375,4569.2001953125,888
2026-05-05 17:45:00+00:00,4570.2998046875,4572.7998046875,4568.60009765625,4570.7001953125,454
2026-05-05 18:00:00+00:00,4574.7998046875,4575.2998046875,4569.10009765625,4570.5,790
2026-05-05 18:15:00+00:00,4572.89990234375,4576.2001953125,4571.7998046875,4575.0,449
2026-05-05 18:30:00+00:00,4572.10009765625,4573.10009765625,4568.0,4573.0,591
2026-05-05 18:45:00+00:00,4571.7001953125,4576.5,4570.2001953125,4572.2001953125,561
2026-05-05 19:00:00+00:00,4567.89990234375,4572.0,4567.2001953125,4571.60009765625,493
2026-05-05 19:15:00+00:00,4567.0,4569.7001953125,4565.5,4567.7001953125,416
2026-05-05 19:30:00+00:00,4566.5,4568.7998046875,4566.5,4567.10009765625,389
2026-05-05 19:45:00+00:00,4566.0,4569.7001953125,4562.2998046875,4566.5,1214
2026-05-05 20:00:00+00:00,4567.5,4567.89990234375,4564.89990234375,4566.0,310
2026-05-05 20:15:00+00:00,4570.10009765625,4570.60009765625,4566.0,4567.60009765625,209
2026-05-05 20:30:00+00:00,4566.2001953125,4570.7998046875,4565.60009765625,4570.0,177
2026-05-05 20:45:00+00:00,4567.7998046875,4568.39990234375,4565.10009765625,4566.0,266
2026-05-05 22:00:00+00:00,4560.2998046875,4570.5,4558.60009765625,4569.2998046875,340
2026-05-05 22:15:00+00:00,4556.89990234375,4561.0,4556.10009765625,4560.60009765625,309
2026-05-05 22:30:00+00:00,4558.60009765625,4561.0,4556.10009765625,4556.89990234375,356
2026-05-05 22:45:00+00:00,4583.2001953125,4587.2001953125,4556.89990234375,4558.5,1589
2026-05-05 23:00:00+00:00,4598.7001953125,4601.39990234375,4579.39990234375,4583.5,1500
2026-05-05 23:15:00+00:00,4592.10009765625,4599.60009765625,4592.0,4599.2001953125,581
2026-05-05 23:30:00+00:00,4595.0,4598.7998046875,4589.5,4592.0,500
2026-05-05 23:45:00+00:00,4604.5,4606.2001953125,4594.7001953125,4595.7001953125,752
2026-05-06 00:00:00+00:00,4602.2001953125,4609.10009765625,4599.7001953125,4604.10009765625,1064
2026-05-06 00:15:00+00:00,4612.7998046875,4614.7001953125,4598.2998046875,4601.2001953125,1055
2026-05-06 00:30:00+00:00,4621.10009765625,4622.2998046875,4612.7001953125,4612.7001953125,1160
2026-05-06 00:45:00+00:00,4629.7998046875,4631.2001953125,4620.0,4620.89990234375,1440
2026-05-06 01:00:00+00:00,4622.2998046875,4633.7001953125,4620.39990234375,4629.89990234375,1684
2026-05-06 01:15:00+00:00,4635.7998046875,4636.5,4620.7998046875,4622.2998046875,1701
2026-05-06 01:30:00+00:00,4634.5,4637.0,4631.2998046875,4635.7001953125,1023
2026-05-06 01:45:00+00:00,4636.39990234375,4639.7998046875,4634.10009765625,4634.10009765625,1105
2026-05-06 02:00:00+00:00,4643.7998046875,4644.89990234375,4635.7998046875,4636.2001953125,1324
2026-05-06 02:15:00+00:00,4640.5,4646.60009765625,4639.89990234375,4643.60009765625,798
2026-05-06 02:30:00+00:00,4644.89990234375,4645.0,4636.7998046875,4640.39990234375,938
2026-05-06 02:45:00+00:00,4650.60009765625,4651.7998046875,4644.0,4644.2001953125,1662
2026-05-06 03:00:00+00:00,4657.5,4660.2001953125,4648.0,4650.60009765625,1396
2026-05-06 03:15:00+00:00,4655.39990234375,4660.89990234375,4654.2998046875,4657.2998046875,1294
2026-05-06 03:30:00+00:00,4657.7001953125,4662.0,4652.2998046875,4655.2998046875,1474
2026-05-06 03:45:00+00:00,4653.5,4658.39990234375,4652.89990234375,4657.7998046875,522
2026-05-06 04:00:00+00:00,4657.7998046875,4657.89990234375,4653.2998046875,4653.60009765625,677
2026-05-06 04:15:00+00:00,4663.2998046875,4664.39990234375,4655.7001953125,4657.89990234375,1024
2026-05-06 04:30:00+00:00,4658.60009765625,4663.10009765625,4656.60009765625,4663.0,826
2026-05-06 04:45:00+00:00,4660.0,4663.89990234375,4657.7998046875,4658.2998046875,909
2026-05-06 05:00:00+00:00,4665.60009765625,4667.5,4660.0,4660.0,1028
2026-05-06 05:15:00+00:00,4661.2001953125,4666.2001953125,4660.39990234375,4665.5,802
2026-05-06 05:30:00+00:00,4661.2001953125,4662.89990234375,4655.60009765625,4661.39990234375,1364
2026-05-06 05:45:00+00:00,4673.89990234375,4674.7998046875,4660.2998046875,4660.89990234375,1829
2026-05-06 06:00:00+00:00,4671.60009765625,4676.5,4667.7998046875,4673.89990234375,1525
2026-05-06 06:15:00+00:00,4676.7001953125,4677.5,4668.60009765625,4671.2998046875,1095
2026-05-06 06:30:00+00:00,4675.10009765625,4679.7001953125,4670.5,4676.7998046875,1620
2026-05-06 06:45:00+00:00,4679.5,4680.2001953125,4673.2998046875,4674.60009765625,1130
2026-05-06 07:00:00+00:00,4669.7001953125,4681.39990234375,4669.5,4679.7998046875,1783
2026-05-06 07:15:00+00:00,4677.7001953125,4680.39990234375,4668.5,4669.39990234375,2608
2026-05-06 07:30:00+00:00,4681.0,4681.10009765625,4673.2001953125,4677.7998046875,1269
2026-05-06 07:45:00+00:00,4692.39990234375,4693.2001953125,4680.60009765625,4680.7998046875,3298
2026-05-06 08:00:00+00:00,4691.39990234375,4693.89990234375,4686.5,4692.7001953125,1829
2026-05-06 08:15:00+00:00,4688.60009765625,4692.60009765625,4688.2998046875,4691.0,1023
2026-05-06 08:30:00+00:00,4688.60009765625,4689.89990234375,4682.7998046875,4688.60009765625,1932
2026-05-06 08:45:00+00:00,4712.0,4714.2998046875,4688.39990234375,4688.7001953125,4673
2026-05-06 09:00:00+00:00,4706.2998046875,4720.2001953125,4699.7001953125,4712.0,5108
2026-05-06 09:15:00+00:00,4710.89990234375,4715.60009765625,4702.2001953125,4706.60009765625,2904
2026-05-06 09:30:00+00:00,4707.2998046875,4717.2998046875,4707.0,4710.5,2127
2026-05-06 09:45:00+00:00,4713.39990234375,4715.0,4705.60009765625,4707.5,1664
2026-05-06 10:00:00+00:00,4710.60009765625,4717.39990234375,4707.5,4713.2998046875,1679
2026-05-06 10:15:00+00:00,4716.0,4716.10009765625,4707.39990234375,4709.7001953125,1240
2026-05-06 10:30:00+00:00,4725.39990234375,4727.7001953125,4715.7998046875,4716.0,3201
2026-05-06 10:45:00+00:00,4729.60009765625,4734.60009765625,4718.7998046875,4725.7998046875,3629
2026-05-06 11:00:00+00:00,4723.60009765625,4732.7001953125,4720.7001953125,4729.39990234375,2437
2026-05-06 11:15:00+00:00,4717.0,4725.2001953125,4717.0,4723.7998046875,1833
2026-05-06 11:30:00+00:00,4710.5,4726.7998046875,4707.60009765625,4717.2001953125,2474
2026-05-06 11:45:00+00:00,4703.2998046875,4713.89990234375,4702.0,4710.7998046875,2673
2026-05-06 12:00:00+00:00,4684.7998046875,4704.7998046875,4680.60009765625,4703.2998046875,4064
2026-05-06 12:15:00+00:00,4694.60009765625,4700.5,4671.0,4684.2998046875,5870
2026-05-06 12:30:00+00:00,4693.7998046875,4697.5,4688.89990234375,4694.60009765625,2468
2026-05-06 12:45:00+00:00,4694.39990234375,4695.7001953125,4687.7998046875,4694.0,1476
2026-05-06 13:00:00+00:00,4694.2001953125,4703.39990234375,4679.5,4694.10009765625,4636
2026-05-06 13:15:00+00:00,4695.7001953125,4702.0,4690.10009765625,4694.2001953125,1855
2026-05-06 13:30:00+00:00,4706.2001953125,4710.2998046875,4691.2001953125,4695.7001953125,3676
2026-05-06 13:45:00+00:00,4713.5,4719.2001953125,4703.7001953125,4706.7001953125,3404
2026-05-06 14:00:00+00:00,4722.2998046875,4724.2998046875,4708.7998046875,4713.39990234375,5437
2026-05-06 14:15:00+00:00,4717.0,4728.7001953125,4716.2998046875,4722.60009765625,2885
2026-05-06 14:30:00+00:00,4724.89990234375,4726.0,4716.0,4717.2001953125,1750
2026-05-06 14:45:00+00:00,4714.2001953125,4725.39990234375,4711.7998046875,4725.0,1715
2026-05-06 15:00:00+00:00,4708.10009765625,4717.2998046875,4704.89990234375,4714.2001953125,1774
2026-05-06 15:15:00+00:00,4706.5,4714.7998046875,4705.7001953125,4708.0,1378
2026-05-06 15:30:00+00:00,4704.39990234375,4709.2998046875,4700.60009765625,4707.10009765625,1714
2026-05-06 15:45:00+00:00,4699.2998046875,4706.2998046875,4699.2001953125,4704.10009765625,1157
2026-05-06 16:00:00+00:00,4695.2001953125,4700.10009765625,4692.89990234375,4699.0,1531
2026-05-06 16:15:00+00:00,4699.39990234375,4699.7998046875,4694.39990234375,4695.2001953125,984
2026-05-06 16:30:00+00:00,4699.7998046875,4703.5,4696.7001953125,4699.2998046875,1141
2026-05-06 16:45:00+00:00,4694.0,4700.89990234375,4690.60009765625,4699.89990234375,1526
2026-05-06 17:00:00+00:00,4696.2998046875,4699.10009765625,4690.60009765625,4693.89990234375,996
2026-05-06 17:15:00+00:00,4693.7998046875,4697.0,4690.89990234375,4696.60009765625,3553
2026-05-06 17:30:00+00:00,4691.5,4694.2001953125,4689.7998046875,4693.7001953125,1246
2026-05-06 17:45:00+00:00,4694.7998046875,4695.5,4691.2998046875,4691.60009765625,692
2026-05-06 18:00:00+00:00,4697.7001953125,4698.2998046875,4692.7001953125,4695.10009765625,991
2026-05-06 18:15:00+00:00,4698.39990234375,4701.2998046875,4697.2001953125,4697.7001953125,880
2026-05-06 18:30:00+00:00,4697.0,4701.0,4695.89990234375,4698.60009765625,755
2026-05-06 18:45:00+00:00,4696.7998046875,4698.7001953125,4695.60009765625,4696.60009765625,506
2026-05-06 19:00:00+00:00,4706.2998046875,4706.7001953125,4697.10009765625,4697.10009765625,839
2026-05-06 19:15:00+00:00,4709.2001953125,4711.2998046875,4706.0,4706.2001953125,880
2026-05-06 19:30:00+00:00,4706.2001953125,4710.10009765625,4704.7998046875,4709.2001953125,715
2026-05-06 19:45:00+00:00,4703.0,4708.89990234375,4702.7998046875,4706.2998046875,1331
2026-05-06 20:00:00+00:00,4709.2998046875,4710.0,4703.2001953125,4703.5,676
2026-05-06 20:15:00+00:00,4703.2998046875,4710.39990234375,4702.60009765625,4709.5,527
2026-05-06 20:30:00+00:00,4699.39990234375,4703.89990234375,4699.39990234375,4703.7001953125,438
2026-05-06 20:45:00+00:00,4703.10009765625,4703.10009765625,4695.7998046875,4699.2001953125,484
2026-05-06 22:00:00+00:00,4706.5,4707.7001953125,4698.0,4702.2001953125,328
2026-05-06 22:15:00+00:00,4704.7001953125,4709.2001953125,4702.39990234375,4706.2001953125,394
2026-05-06 22:30:00+00:00,4707.7001953125,4708.7998046875,4703.7001953125,4704.39990234375,302
2026-05-06 22:45:00+00:00,4704.10009765625,4707.60009765625,4703.39990234375,4707.60009765625,311
2026-05-06 23:00:00+00:00,4703.39990234375,4707.7998046875,4703.0,4703.7001953125,324
2026-05-06 23:15:00+00:00,4702.39990234375,4707.10009765625,4699.2998046875,4703.7001953125,501
2026-05-06 23:30:00+00:00,4702.60009765625,4703.60009765625,4700.7001953125,4702.2001953125,113
2026-05-06 23:45:00+00:00,4708.2001953125,4708.89990234375,4703.0,4703.0,448
2026-05-07 00:00:00+00:00,4709.0,4710.2998046875,4698.7998046875,4708.2998046875,662
2026-05-07 00:15:00+00:00,4701.5,4710.39990234375,4700.89990234375,4709.0,414
2026-05-07 00:30:00+00:00,4696.7998046875,4702.0,4694.7998046875,4701.60009765625,914
2026-05-07 00:45:00+00:00,4697.60009765625,4700.5,4694.2001953125,4697.2998046875,478
2026-05-07 01:00:00+00:00,4718.7001953125,4720.60009765625,4694.0,4697.39990234375,1929
2026-05-07 01:15:00+00:00,4713.2998046875,4725.7001953125,4712.7998046875,4719.10009765625,1892
2026-05-07 01:30:00+00:00,4721.7001953125,4727.2998046875,4711.2001953125,4713.2998046875,1565
2026-05-07 01:45:00+00:00,4723.7001953125,4730.5,4721.7998046875,4722.0,1176
2026-05-07 02:00:00+00:00,4712.60009765625,4727.2998046875,4712.10009765625,4723.39990234375,967
2026-05-07 02:15:00+00:00,4710.7001953125,4716.39990234375,4710.10009765625,4713.0,629
2026-05-07 02:30:00+00:00,4712.60009765625,4713.89990234375,4708.2001953125,4710.7001953125,524
2026-05-07 02:45:00+00:00,4716.0,4718.60009765625,4713.0,4713.2001953125,443
2026-05-07 03:00:00+00:00,4714.89990234375,4718.60009765625,4712.39990234375,4715.2001953125,479
2026-05-07 03:15:00+00:00,4713.0,4717.5,4712.7001953125,4714.7998046875,210
2026-05-07 03:30:00+00:00,4712.5,4713.60009765625,4710.7998046875,4713.0,281
2026-05-07 03:45:00+00:00,4709.0,4713.5,4708.89990234375,4712.39990234375,440
2026-05-07 04:00:00+00:00,4705.5,4709.5,4705.2998046875,4707.7001953125,842
2026-05-07 04:15:00+00:00,4705.39990234375,4706.89990234375,4703.2001953125,4705.5,614
2026-05-07 04:30:00+00:00,4706.60009765625,4707.7998046875,4700.39990234375,4705.2001953125,349
2026-05-07 04:45:00+00:00,4705.10009765625,4707.5,4702.60009765625,4706.60009765625,533
2026-05-07 05:00:00+00:00,4709.10009765625,4709.7998046875,4705.0,4705.0,347
2026-05-07 05:15:00+00:00,4704.5,4709.2001953125,4703.10009765625,4709.10009765625,406
2026-05-07 05:30:00+00:00,4711.89990234375,4714.60009765625,4703.2998046875,4704.39990234375,944
2026-05-07 05:45:00+00:00,4709.39990234375,4715.39990234375,4709.0,4712.2998046875,612
2026-05-07 06:00:00+00:00,4716.7001953125,4719.0,4709.5,4709.5,600
2026-05-07 06:15:00+00:00,4726.0,4727.0,4715.7001953125,4716.7001953125,1294
2026-05-07 06:30:00+00:00,4755.5,4759.39990234375,4724.7998046875,4725.7998046875,4682
2026-05-07 06:45:00+00:00,4748.60009765625,4756.39990234375,4745.2998046875,4755.0,1292
2026-05-07 07:00:00+00:00,4759.39990234375,4760.2998046875,4741.0,4747.7998046875,2351
2026-05-07 07:15:00+00:00,4749.2001953125,4760.5,4747.5,4759.5,1650
2026-05-07 07:30:00+00:00,4752.60009765625,4754.0,4748.0,4749.60009765625,908
2026-05-07 07:45:00+00:00,4752.5,4754.39990234375,4746.89990234375,4752.89990234375,1122
2026-05-07 08:00:00+00:00,4752.2998046875,4763.60009765625,4751.89990234375,4753.2001953125,2700
2026-05-07 08:15:00+00:00,4749.2998046875,4753.0,4742.7001953125,4752.5,1649
2026-05-07 08:30:00+00:00,4745.2998046875,4752.0,4742.89990234375,4750.2998046875,870
2026-05-07 08:45:00+00:00,4741.10009765625,4747.0,4740.89990234375,4744.89990234375,1441
2026-05-07 09:00:00+00:00,4743.89990234375,4746.2998046875,4732.0,4741.39990234375,1935
2026-05-07 09:15:00+00:00,4745.39990234375,4748.7001953125,4741.39990234375,4743.7998046875,1113
2026-05-07 09:30:00+00:00,4747.5,4749.0,4742.60009765625,4745.2001953125,1433
2026-05-07 09:45:00+00:00,4738.39990234375,4748.39990234375,4735.2998046875,4747.5,961
2026-05-07 10:00:00+00:00,4744.0,4744.2998046875,4736.0,4738.10009765625,802
2026-05-07 10:15:00+00:00,4741.89990234375,4745.7001953125,4736.89990234375,4744.5,576
2026-05-07 10:30:00+00:00,4748.2998046875,4749.60009765625,4737.39990234375,4741.7001953125,1127
2026-05-07 10:45:00+00:00,4745.0,4749.0,4744.2001953125,4748.7998046875,523
2026-05-07 11:00:00+00:00,4739.89990234375,4746.5,4737.7001953125,4745.39990234375,685
2026-05-07 11:15:00+00:00,4742.10009765625,4746.2998046875,4736.39990234375,4739.39990234375,1083
2026-05-07 11:30:00+00:00,4746.5,4747.39990234375,4741.5,4741.89990234375,876
2026-05-07 11:45:00+00:00,4752.0,4753.0,4743.0,4745.7001953125,1495
2026-05-07 12:00:00+00:00,4753.5,4755.7998046875,4748.39990234375,4752.10009765625,2021
2026-05-07 12:15:00+00:00,4747.5,4756.60009765625,4741.7001953125,4753.2998046875,2056
2026-05-07 12:30:00+00:00,4761.0,4761.7998046875,4746.2998046875,4748.39990234375,2322
2026-05-07 12:45:00+00:00,4760.10009765625,4762.7001953125,4754.39990234375,4761.2998046875,2005
2026-05-07 13:00:00+00:00,4743.0,4760.2001953125,4741.0,4760.2001953125,2643
2026-05-07 13:15:00+00:00,4754.7998046875,4756.39990234375,4741.10009765625,4743.0,2165
2026-05-07 13:30:00+00:00,4758.39990234375,4768.5,4752.89990234375,4754.60009765625,3587
2026-05-07 13:45:00+00:00,4756.5,4759.2998046875,4747.2998046875,4758.7998046875,3185
2026-05-07 14:00:00+00:00,4762.0,4764.2001953125,4752.5,4756.0,3216
2026-05-07 14:15:00+00:00,4766.60009765625,4769.89990234375,4751.10009765625,4762.39990234375,3258
2026-05-07 14:30:00+00:00,4762.0,4769.2001953125,4757.7001953125,4767.0,3312
2026-05-07 14:45:00+00:00,4773.2998046875,4774.0,4761.39990234375,4762.39990234375,3484
2026-05-07 15:00:00+00:00,4765.2998046875,4775.2001953125,4764.39990234375,4773.39990234375,4378
2026-05-07 15:15:00+00:00,4764.60009765625,4766.7001953125,4763.2998046875,4765.39990234375,746
2026-05-07 15:30:00+00:00,4749.10009765625,4757.2001953125,4694.2998046875,4694.2998046875,4652
2026-05-07 15:45:00+00:00,4739.10009765625,4749.7001953125,4736.10009765625,4748.5,3129
2026-05-07 16:00:00+00:00,4724.7998046875,4739.89990234375,4723.0,4739.2998046875,3629
2026-05-07 16:15:00+00:00,4729.89990234375,4733.2001953125,4712.60009765625,4724.7998046875,5127
2026-05-07 16:30:00+00:00,4721.2001953125,4730.7998046875,4720.2001953125,4729.89990234375,1742
2026-05-07 16:45:00+00:00,4724.7998046875,4728.0,4720.5,4721.0,1208
2026-05-07 17:00:00+00:00,4724.2998046875,4729.39990234375,4721.39990234375,4725.0,3250
2026-05-07 17:15:00+00:00,4708.5,4729.5,4696.60009765625,4724.5,15575
2026-05-07 17:30:00+00:00,4709.7998046875,4715.60009765625,4702.89990234375,4708.5,3959
2026-05-07 17:45:00+00:00,4721.10009765625,4722.10009765625,4707.60009765625,4709.0,2240
2026-05-07 18:00:00+00:00,4717.7001953125,4722.2998046875,4714.89990234375,4721.0,1401
2026-05-07 18:15:00+00:00,4722.60009765625,4722.60009765625,4715.0,4717.60009765625,1198
2026-05-07 18:30:00+00:00,4715.39990234375,4725.5,4712.7001953125,4722.2001953125,1608
2026-05-07 18:45:00+00:00,4719.10009765625,4720.7001953125,4704.60009765625,4715.89990234375,2356
2026-05-07 19:00:00+00:00,4719.5,4722.5,4714.5,4719.60009765625,963
2026-05-07 19:15:00+00:00,4714.0,4720.2001953125,4707.0,4719.0,1071
2026-05-07 19:30:00+00:00,4718.5,4721.60009765625,4712.60009765625,4714.5,672
2026-05-07 19:45:00+00:00,4712.89990234375,4720.60009765625,4712.2001953125,4719.2001953125,1506
2026-05-07 20:00:00+00:00,4721.2998046875,4729.10009765625,4713.0,4713.0,1272
2026-05-07 20:15:00+00:00,4723.39990234375,4724.60009765625,4719.2001953125,4721.7001953125,388
2026-05-07 20:30:00+00:00,4713.7998046875,4725.7001953125,4706.60009765625,4722.7998046875,1220
2026-05-07 20:45:00+00:00,4696.0,4714.10009765625,4693.2998046875,4713.7998046875,1188
2026-05-07 22:00:00+00:00,4699.7998046875,4707.10009765625,4671.0,4682.5,839
2026-05-07 22:15:00+00:00,4702.7001953125,4708.5,4698.2998046875,4700.10009765625,955
2026-05-07 22:30:00+00:00,4696.2998046875,4704.39990234375,4694.89990234375,4703.0,694
2026-05-07 22:45:00+00:00,4694.89990234375,4697.7001953125,4690.60009765625,4696.10009765625,440
2026-05-07 23:00:00+00:00,4699.7998046875,4703.60009765625,4693.89990234375,4694.39990234375,499
2026-05-07 23:15:00+00:00,4705.39990234375,4707.2001953125,4700.60009765625,4700.60009765625,368
2026-05-07 23:30:00+00:00,4706.5,4708.0,4703.2998046875,4705.60009765625,228
2026-05-07 23:45:00+00:00,4713.2001953125,4714.39990234375,4706.89990234375,4707.10009765625,534
2026-05-08 00:00:00+00:00,4711.10009765625,4718.5,4710.10009765625,4713.39990234375,620
2026-05-08 00:15:00+00:00,4705.7998046875,4714.2001953125,4702.7001953125,4711.10009765625,771
2026-05-08 00:30:00+00:00,4713.7001953125,4716.7998046875,4705.0,4706.60009765625,546
2026-05-08 00:45:00+00:00,4710.0,4714.39990234375,4705.60009765625,4714.39990234375,475
2026-05-08 01:00:00+00:00,4722.5,4728.2001953125,4709.10009765625,4710.10009765625,1234
2026-05-08 01:15:00+00:00,4721.0,4727.2998046875,4719.2001953125,4722.5,725
2026-05-08 01:30:00+00:00,4719.10009765625,4723.39990234375,4713.2998046875,4721.60009765625,914
2026-05-08 01:45:00+00:00,4731.2001953125,4734.2998046875,4719.2998046875,4719.5,1594
2026-05-08 02:00:00+00:00,4732.39990234375,4741.39990234375,4729.60009765625,4731.10009765625,1103
2026-05-08 02:15:00+00:00,4729.7001953125,4732.7001953125,4726.60009765625,4732.0,573
2026-05-08 02:30:00+00:00,4719.10009765625,4731.7001953125,4715.39990234375,4730.0,1056
2026-05-08 02:45:00+00:00,4721.7001953125,4726.0,4716.89990234375,4719.0,765
2026-05-08 03:00:00+00:00,4727.7998046875,4728.60009765625,4719.2998046875,4721.60009765625,458
2026-05-08 03:15:00+00:00,4728.10009765625,4731.2001953125,4725.39990234375,4728.7001953125,418
2026-05-08 03:30:00+00:00,4733.2001953125,4739.7998046875,4728.10009765625,4728.5,968
2026-05-08 03:45:00+00:00,4729.0,4733.7001953125,4726.7001953125,4733.7001953125,408
2026-05-08 04:00:00+00:00,4723.5,4731.89990234375,4723.5,4728.60009765625,597
2026-05-08 04:15:00+00:00,4725.89990234375,4726.89990234375,4722.0,4723.39990234375,421
2026-05-08 04:30:00+00:00,4720.7998046875,4726.7001953125,4716.60009765625,4726.39990234375,867
2026-05-08 04:45:00+00:00,4719.39990234375,4725.0,4718.2998046875,4720.2001953125,326
2026-05-08 05:00:00+00:00,4720.89990234375,4725.0,4718.2998046875,4719.60009765625,293
2026-05-08 05:15:00+00:00,4728.0,4728.89990234375,4719.60009765625,4720.60009765625,318
2026-05-08 05:30:00+00:00,4733.2998046875,4735.7001953125,4728.2001953125,4728.2001953125,929
2026-05-08 05:45:00+00:00,4736.0,4740.0,4731.89990234375,4733.39990234375,607
2026-05-08 06:00:00+00:00,4731.7001953125,4739.2001953125,4721.10009765625,4736.5,1454
2026-05-08 06:15:00+00:00,4742.2998046875,4743.5,4730.10009765625,4732.2001953125,1039
2026-05-08 06:30:00+00:00,4737.2998046875,4742.89990234375,4734.2001953125,4742.39990234375,646
2026-05-08 06:45:00+00:00,4734.2998046875,4737.7998046875,4729.39990234375,4737.7998046875,805
2026-05-08 07:00:00+00:00,4724.2998046875,4734.89990234375,4723.7001953125,4734.0,1149
2026-05-08 07:15:00+00:00,4715.89990234375,4727.0,4706.2001953125,4723.39990234375,2957
2026-05-08 07:30:00+00:00,4717.10009765625,4721.10009765625,4710.5,4715.7998046875,1207
2026-05-08 07:45:00+00:00,4717.39990234375,4722.60009765625,4716.39990234375,4717.5,957
2026-05-08 08:00:00+00:00,4720.7001953125,4722.5,4715.89990234375,4717.2001953125,661
2026-05-08 08:15:00+00:00,4726.39990234375,4732.2998046875,4720.89990234375,4721.0,1016
2026-05-08 08:30:00+00:00,4726.60009765625,4732.89990234375,4725.89990234375,4726.2001953125,540
2026-05-08 08:45:00+00:00,4724.7998046875,4729.39990234375,4724.5,4726.2001953125,395
2026-05-08 09:00:00+00:00,4727.89990234375,4730.0,4723.10009765625,4725.39990234375,773
2026-05-08 09:15:00+00:00,4727.60009765625,4732.5,4727.39990234375,4728.39990234375,532
2026-05-08 09:30:00+00:00,4722.89990234375,4728.2998046875,4719.0,4727.5,1252
2026-05-08 09:45:00+00:00,4721.60009765625,4723.2998046875,4716.89990234375,4723.0,713
2026-05-08 10:00:00+00:00,4728.5,4728.60009765625,4720.7001953125,4721.39990234375,473
2026-05-08 10:15:00+00:00,4730.89990234375,4733.60009765625,4727.10009765625,4728.39990234375,504
2026-05-08 10:30:00+00:00,4734.0,4737.7998046875,4730.0,4730.60009765625,761
2026-05-08 10:45:00+00:00,4729.39990234375,4734.2998046875,4725.2001953125,4734.2998046875,854
2026-05-08 11:00:00+00:00,4731.39990234375,4737.0,4728.5,4730.10009765625,1138
2026-05-08 11:15:00+00:00,4734.2001953125,4735.5,4729.7998046875,4731.5,1028
2026-05-08 11:30:00+00:00,4731.2001953125,4735.89990234375,4730.7998046875,4734.0,490
2026-05-08 11:45:00+00:00,4727.5,4731.0,4723.2001953125,4730.60009765625,850
2026-05-08 12:00:00+00:00,4713.89990234375,4729.10009765625,4713.5,4727.5,1383
2026-05-08 12:15:00+00:00,4720.0,4720.2998046875,4712.2001953125,4713.7001953125,1733
2026-05-08 12:30:00+00:00,4733.39990234375,4740.2998046875,4709.60009765625,4720.0,4144
2026-05-08 12:45:00+00:00,4734.10009765625,4741.60009765625,4728.60009765625,4733.60009765625,3350
2026-05-08 13:00:00+00:00,4729.7001953125,4738.60009765625,4725.7001953125,4733.39990234375,2247
2026-05-08 13:15:00+00:00,4736.60009765625,4737.5,4729.0,4729.60009765625,2011
2026-05-08 13:30:00+00:00,4747.7998046875,4754.7998046875,4736.2998046875,4736.89990234375,4698
2026-05-08 13:45:00+00:00,4757.7998046875,4758.60009765625,4744.89990234375,4748.2998046875,4371
2026-05-08 14:00:00+00:00,4741.39990234375,4760.39990234375,4728.0,4757.7998046875,6185
2026-05-08 14:15:00+00:00,4727.60009765625,4743.7998046875,4725.0,4741.2998046875,2906
2026-05-08 14:30:00+00:00,4732.60009765625,4735.2998046875,4723.5,4727.2998046875,2414
2026-05-08 14:45:00+00:00,4725.7001953125,4734.2998046875,4723.10009765625,4732.2998046875,1718
2026-05-08 15:00:00+00:00,4717.5,4730.7998046875,4716.0,4725.7998046875,2167
2026-05-08 15:15:00+00:00,4723.10009765625,4723.2001953125,4713.89990234375,4717.39990234375,4176
2026-05-08 15:30:00+00:00,4715.2998046875,4725.0,4713.60009765625,4723.10009765625,2526
2026-05-08 15:45:00+00:00,4716.60009765625,4720.60009765625,4711.5,4715.39990234375,1551
2026-05-08 16:00:00+00:00,4721.2001953125,4722.39990234375,4715.0,4716.39990234375,1562
2026-05-08 16:15:00+00:00,4727.2001953125,4727.2998046875,4720.89990234375,4720.89990234375,1164
2026-05-08 16:30:00+00:00,4723.10009765625,4729.89990234375,4722.89990234375,4727.39990234375,1067
2026-05-08 16:45:00+00:00,4721.89990234375,4725.7998046875,4720.7001953125,4723.2998046875,771
2026-05-08 17:00:00+00:00,4725.0,4725.89990234375,4721.7001953125,4721.89990234375,970
2026-05-08 17:15:00+00:00,4730.2001953125,4731.7998046875,4724.60009765625,4724.7998046875,7628
2026-05-08 17:30:00+00:00,4730.7001953125,4731.5,4728.89990234375,4730.2998046875,1780
2026-05-08 17:45:00+00:00,4730.39990234375,4732.10009765625,4728.7001953125,4730.60009765625,520
2026-05-08 18:00:00+00:00,4737.10009765625,4738.2001953125,4729.89990234375,4730.39990234375,1664
2026-05-08 18:15:00+00:00,4735.10009765625,4738.60009765625,4733.39990234375,4737.7001953125,577
2026-05-08 18:30:00+00:00,4734.39990234375,4736.0,4733.39990234375,4735.0,422
2026-05-08 18:45:00+00:00,4731.89990234375,4734.2998046875,4729.2998046875,4734.2001953125,361
2026-05-08 19:00:00+00:00,4733.10009765625,4735.2998046875,4730.60009765625,4731.5,352
2026-05-08 19:15:00+00:00,4733.2001953125,4734.7001953125,4732.7998046875,4733.2001953125,205
2026-05-08 19:30:00+00:00,4734.60009765625,4736.39990234375,4731.2001953125,4733.2001953125,584
2026-05-08 19:45:00+00:00,4733.39990234375,4735.5,4732.39990234375,4735.10009765625,845
2026-05-08 20:00:00+00:00,4728.5,4733.89990234375,4726.7998046875,4733.7998046875,650
2026-05-08 20:15:00+00:00,4727.0,4728.89990234375,4724.7001953125,4728.2001953125,302
2026-05-08 20:30:00+00:00,4725.5,4728.60009765625,4725.0,4726.7998046875,489
2026-05-08 20:45:00+00:00,4730.7001953125,4730.7001953125,4723.2998046875,4726.10009765625,634
2026-05-10 22:00:00+00:00,4695.89990234375,4703.0,4694.39990234375,4696.7998046875,371
2026-05-10 22:15:00+00:00,4702.89990234375,4704.5,4690.0,4695.2998046875,791
2026-05-10 22:30:00+00:00,4700.0,4702.7001953125,4695.10009765625,4702.60009765625,632
2026-05-10 22:45:00+00:00,4700.10009765625,4703.5,4698.39990234375,4699.60009765625,353
2026-05-10 23:00:00+00:00,4699.0,4705.60009765625,4697.2998046875,4700.0,572
2026-05-10 23:15:00+00:00,4703.60009765625,4705.89990234375,4697.7001953125,4698.89990234375,338
2026-05-10 23:30:00+00:00,4706.2998046875,4707.2998046875,4703.60009765625,4703.60009765625,392
2026-05-10 23:45:00+00:00,4700.2998046875,4707.5,4698.5,4706.2998046875,438
2026-05-11 00:00:00+00:00,4690.7998046875,4700.2998046875,4688.5,4699.89990234375,1214
2026-05-11 00:15:00+00:00,4691.89990234375,4695.39990234375,4684.5,4691.5,922
2026-05-11 00:30:00+00:00,4697.7998046875,4702.10009765625,4692.5,4692.5,845
2026-05-11 00:45:00+00:00,4692.5,4701.7998046875,4678.39990234375,4698.0,2070
2026-05-11 01:00:00+00:00,4700.7001953125,4708.5,4683.5,4692.0,2534
2026-05-11 01:15:00+00:00,4707.89990234375,4714.10009765625,4698.10009765625,4700.89990234375,1612
2026-05-11 01:30:00+00:00,4702.7998046875,4710.2001953125,4699.5,4707.7001953125,1104
2026-05-11 01:45:00+00:00,4694.2001953125,4704.7998046875,4688.5,4703.10009765625,1040
2026-05-11 02:00:00+00:00,4694.39990234375,4701.39990234375,4686.89990234375,4694.7001953125,1271
2026-05-11 02:15:00+00:00,4697.0,4697.39990234375,4691.0,4694.7001953125,599
2026-05-11 02:30:00+00:00,4697.10009765625,4709.0,4696.5,4697.39990234375,1351
2026-05-11 02:45:00+00:00,4690.0,4702.0,4684.7001953125,4696.89990234375,1904
2026-05-11 03:00:00+00:00,4694.89990234375,4697.5,4683.10009765625,4689.60009765625,775
2026-05-11 03:15:00+00:00,4697.5,4698.2998046875,4691.60009765625,4694.89990234375,668
2026-05-11 03:30:00+00:00,4695.5,4698.2001953125,4689.89990234375,4697.5,689
2026-05-11 03:45:00+00:00,4687.0,4695.39990234375,4684.60009765625,4695.2998046875,677
2026-05-11 04:00:00+00:00,4685.2998046875,4687.7001953125,4681.0,4686.39990234375,683
2026-05-11 04:15:00+00:00,4679.2998046875,4686.39990234375,4676.39990234375,4685.2998046875,965
2026-05-11 04:30:00+00:00,4680.7001953125,4682.2998046875,4675.89990234375,4679.2998046875,691
2026-05-11 04:45:00+00:00,4679.7998046875,4683.7001953125,4679.5,4681.0,279
2026-05-11 05:00:00+00:00,4681.2998046875,4683.60009765625,4678.5,4679.7998046875,597
2026-05-11 05:15:00+00:00,4678.5,4683.0,4678.2998046875,4681.2001953125,410
2026-05-11 05:30:00+00:00,4671.0,4688.7998046875,4669.2998046875,4678.7998046875,2209
2026-05-11 05:45:00+00:00,4659.60009765625,4672.0,4655.10009765625,4670.39990234375,2931
2026-05-11 06:00:00+00:00,4673.0,4674.60009765625,4656.60009765625,4659.5,1866
2026-05-11 06:15:00+00:00,4675.60009765625,4678.60009765625,4671.2001953125,4672.60009765625,1602
2026-05-11 06:30:00+00:00,4682.5,4683.89990234375,4675.5,4675.7001953125,1015
2026-05-11 06:45:00+00:00,4686.7001953125,4688.7001953125,4679.5,4682.39990234375,1035
2026-05-11 07:00:00+00:00,4684.2998046875,4688.60009765625,4682.60009765625,4686.89990234375,800
2026-05-11 07:15:00+00:00,4684.10009765625,4686.5,4680.39990234375,4684.10009765625,739
2026-05-11 07:30:00+00:00,4680.60009765625,4686.39990234375,4680.10009765625,4684.0,775
2026-05-11 07:45:00+00:00,4676.39990234375,4681.39990234375,4672.7998046875,4680.7001953125,987
2026-05-11 08:00:00+00:00,4680.39990234375,4682.2001953125,4672.7998046875,4676.2998046875,1384
2026-05-11 08:15:00+00:00,4679.60009765625,4687.5,4679.60009765625,4681.10009765625,909
2026-05-11 08:30:00+00:00,4679.10009765625,4684.0,4678.0,4679.5,678
2026-05-11 08:45:00+00:00,4675.89990234375,4680.2001953125,4675.2001953125,4679.2998046875,662
2026-05-11 09:00:00+00:00,4676.10009765625,4678.39990234375,4673.60009765625,4675.60009765625,647
2026-05-11 09:15:00+00:00,4666.0,4676.0,4665.2001953125,4675.60009765625,1590
2026-05-11 09:30:00+00:00,4671.5,4672.2998046875,4658.7001953125,4665.7998046875,2908
2026-05-11 09:45:00+00:00,4665.2998046875,4673.5,4664.2998046875,4671.2998046875,1305
2026-05-11 10:00:00+00:00,4670.7998046875,4671.39990234375,4664.5,4665.0,898
2026-05-11 10:15:00+00:00,4671.7001953125,4674.5,4668.7001953125,4670.7001953125,689
2026-05-11 10:30:00+00:00,4671.5,4675.2001953125,4668.7001953125,4671.7001953125,798
2026-05-11 10:45:00+00:00,4672.2001953125,4675.89990234375,4669.89990234375,4672.0,610
2026-05-11 11:00:00+00:00,4677.7001953125,4681.0,4672.60009765625,4672.60009765625,1025
2026-05-11 11:15:00+00:00,4680.60009765625,4680.7001953125,4676.10009765625,4677.7001953125,495
2026-05-11 11:30:00+00:00,4683.0,4686.0,4677.7998046875,4680.2001953125,1298
2026-05-11 11:45:00+00:00,4683.2998046875,4683.5,4678.7998046875,4683.2001953125,952
2026-05-11 12:00:00+00:00,4676.7001953125,4684.7001953125,4675.89990234375,4682.89990234375,1074
2026-05-11 12:15:00+00:00,4699.5,4704.39990234375,4675.89990234375,4676.7001953125,4389
2026-05-11 12:30:00+00:00,4701.10009765625,4707.2998046875,4698.0,4699.60009765625,2961
2026-05-11 12:45:00+00:00,4708.7001953125,4710.2001953125,4695.0,4701.2998046875,2576
2026-05-11 13:00:00+00:00,4730.0,4731.10009765625,4707.2998046875,4708.89990234375,5937
2026-05-11 13:15:00+00:00,4737.89990234375,4745.60009765625,4729.7998046875,4730.39990234375,5391
2026-05-11 13:30:00+00:00,4753.7001953125,4755.7001953125,4737.5,4738.0,6149
2026-05-11 13:45:00+00:00,4745.7001953125,4758.39990234375,4744.2998046875,4753.2998046875,3839
2026-05-11 14:00:00+00:00,4740.39990234375,4748.5,4728.0,4745.7001953125,4790
2026-05-11 14:15:00+00:00,4734.5,4743.39990234375,4733.7998046875,4740.39990234375,2218
2026-05-11 14:30:00+00:00,4742.5,4743.7998046875,4724.60009765625,4734.7998046875,4244
2026-05-11 14:45:00+00:00,4735.39990234375,4743.89990234375,4733.39990234375,4741.89990234375,1887
2026-05-11 15:00:00+00:00,4738.0,4741.60009765625,4732.2001953125,4735.2998046875,1669
2026-05-11 15:15:00+00:00,4742.5,4748.10009765625,4737.2001953125,4738.5,1605
2026-05-11 15:30:00+00:00,4736.89990234375,4744.5,4736.2001953125,4742.2998046875,1093
2026-05-11 15:45:00+00:00,4741.7998046875,4742.2001953125,4734.60009765625,4736.10009765625,1095
2026-05-11 16:00:00+00:00,4737.60009765625,4743.2001953125,4736.7998046875,4742.0,898
2026-05-11 16:15:00+00:00,4733.5,4737.7998046875,4732.2001953125,4737.7998046875,1141
2026-05-11 16:30:00+00:00,4720.89990234375,4735.89990234375,4716.7998046875,4733.7998046875,3525
2026-05-11 16:45:00+00:00,4726.10009765625,4726.2998046875,4718.39990234375,4720.60009765625,1756
2026-05-11 17:00:00+00:00,4727.89990234375,4729.5,4725.39990234375,4726.0,1131
2026-05-11 17:15:00+00:00,4727.7001953125,4731.2998046875,4726.7001953125,4727.7998046875,7009
2026-05-11 17:30:00+00:00,4733.2001953125,4733.7001953125,4727.39990234375,4727.60009765625,855
2026-05-11 17:45:00+00:00,4733.0,4734.2001953125,4731.0,4733.0,399
2026-05-11 18:00:00+00:00,4732.7001953125,4736.10009765625,4731.2998046875,4733.10009765625,671
2026-05-11 18:15:00+00:00,4736.2001953125,4736.7998046875,4730.10009765625,4732.89990234375,840
2026-05-11 18:30:00+00:00,4735.89990234375,4738.7998046875,4734.39990234375,4736.5,555
2026-05-11 18:45:00+00:00,4733.7998046875,4738.2998046875,4733.7998046875,4735.89990234375,534
2026-05-11 19:00:00+00:00,4734.0,4737.60009765625,4732.89990234375,4734.2001953125,832
2026-05-11 19:15:00+00:00,4733.89990234375,4734.89990234375,4731.7998046875,4734.5,439
2026-05-11 19:30:00+00:00,4736.39990234375,4738.10009765625,4732.0,4733.89990234375,688
2026-05-11 19:45:00+00:00,4743.5,4746.5,4736.7001953125,4736.7001953125,2627
2026-05-11 20:00:00+00:00,4744.7998046875,4747.7001953125,4739.5,4743.7001953125,827
2026-05-11 20:15:00+00:00,4745.0,4745.2001953125,4743.2998046875,4745.2001953125,153
2026-05-11 20:30:00+00:00,4747.39990234375,4748.5,4744.7998046875,4745.2998046875,267
2026-05-11 20:45:00+00:00,4745.60009765625,4747.7998046875,4742.39990234375,4747.39990234375,455
2026-05-11 22:00:00+00:00,4748.5,4753.7998046875,4745.2001953125,4745.2998046875,243
2026-05-11 22:15:00+00:00,4749.2001953125,4751.7001953125,4747.0,4749.10009765625,299
2026-05-11 22:30:00+00:00,4754.2998046875,4755.2001953125,4748.5,4749.10009765625,603
2026-05-11 22:45:00+00:00,4760.7001953125,4766.7998046875,4753.7998046875,4754.10009765625,2698
2026-05-11 23:00:00+00:00,4760.89990234375,4764.2001953125,4755.2001953125,4760.5,640
2026-05-11 23:15:00+00:00,4762.7001953125,4764.60009765625,4760.2998046875,4760.39990234375,571
2026-05-11 23:30:00+00:00,4765.60009765625,4769.2998046875,4761.0,4762.5,794
2026-05-11 23:45:00+00:00,4777.2001953125,4780.2998046875,4764.60009765625,4765.2001953125,3324
2026-05-12 00:00:00+00:00,4776.60009765625,4780.0,4768.10009765625,4776.7001953125,1414
2026-05-12 00:15:00+00:00,4772.2998046875,4783.39990234375,4763.0,4776.7998046875,2022
2026-05-12 00:30:00+00:00,4767.7998046875,4774.0,4767.2001953125,4772.7998046875,628
2026-05-12 00:45:00+00:00,4759.2998046875,4771.5,4757.7998046875,4768.0,897
2026-05-12 01:00:00+00:00,4756.0,4765.60009765625,4751.60009765625,4758.89990234375,1783
2026-05-12 01:15:00+00:00,4744.7998046875,4761.2998046875,4743.2998046875,4756.2998046875,1375
2026-05-12 01:30:00+00:00,4738.7998046875,4748.7998046875,4729.7998046875,4744.39990234375,1728
2026-05-12 01:45:00+00:00,4736.60009765625,4741.0,4733.2998046875,4739.0,630
2026-05-12 02:00:00+00:00,4740.7001953125,4743.39990234375,4734.60009765625,4736.2998046875,710
2026-05-12 02:15:00+00:00,4736.10009765625,4740.60009765625,4733.7998046875,4740.60009765625,595
2026-05-12 02:30:00+00:00,4741.0,4741.0,4731.10009765625,4736.2998046875,485
2026-05-12 02:45:00+00:00,4739.7998046875,4743.2001953125,4736.5,4740.7998046875,1181
2026-05-12 03:00:00+00:00,4740.5,4742.39990234375,4736.2001953125,4739.5,797
2026-05-12 03:15:00+00:00,4733.0,4740.60009765625,4732.0,4740.39990234375,589
2026-05-12 03:30:00+00:00,4733.39990234375,4736.7998046875,4732.89990234375,4733.0,366
2026-05-12 03:45:00+00:00,4729.0,4733.7001953125,4726.7998046875,4733.2998046875,844
2026-05-12 04:00:00+00:00,4730.89990234375,4732.60009765625,4729.10009765625,4729.10009765625,299
2026-05-12 04:15:00+00:00,4731.39990234375,4739.60009765625,4730.89990234375,4731.2001953125,931
2026-05-12 04:30:00+00:00,4733.5,4735.7001953125,4730.2001953125,4731.5,222
2026-05-12 04:45:00+00:00,4723.10009765625,4734.2998046875,4720.10009765625,4733.2001953125,1122
2026-05-12 05:00:00+00:00,4721.2998046875,4727.60009765625,4717.5,4722.5,1463
2026-05-12 05:15:00+00:00,4724.39990234375,4725.5,4721.5,4721.5,646
2026-05-12 05:30:00+00:00,4724.2998046875,4731.0,4721.7001953125,4724.2001953125,780
2026-05-12 05:45:00+00:00,4723.2001953125,4728.7998046875,4718.60009765625,4723.89990234375,1047
2026-05-12 06:00:00+00:00,4713.39990234375,4722.60009765625,4711.0,4722.60009765625,2195
2026-05-12 06:15:00+00:00,4704.2998046875,4715.39990234375,4702.89990234375,4713.60009765625,1858
2026-05-12 06:30:00+00:00,4710.10009765625,4713.0,4703.5,4704.39990234375,1356
2026-05-12 06:45:00+00:00,4705.39990234375,4712.2998046875,4701.60009765625,4710.10009765625,1230
2026-05-12 07:00:00+00:00,4704.10009765625,4706.39990234375,4692.39990234375,4705.0,2182
2026-05-12 07:15:00+00:00,4705.7998046875,4707.7998046875,4702.2001953125,4703.2998046875,835
2026-05-12 07:30:00+00:00,4708.10009765625,4710.39990234375,4703.2998046875,4705.89990234375,753
2026-05-12 07:45:00+00:00,4707.7998046875,4711.7001953125,4705.7001953125,4708.0,1273
2026-05-12 08:00:00+00:00,4708.10009765625,4714.7998046875,4707.10009765625,4707.5,1023
2026-05-12 08:15:00+00:00,4710.7001953125,4712.2998046875,4704.60009765625,4707.60009765625,620
2026-05-12 08:30:00+00:00,4708.10009765625,4712.7001953125,4705.7001953125,4710.7001953125,484
2026-05-12 08:45:00+00:00,4710.89990234375,4714.5,4707.0,4707.60009765625,530
2026-05-12 09:00:00+00:00,4706.0,4711.39990234375,4706.0,4710.7001953125,596
2026-05-12 09:15:00+00:00,4707.2998046875,4710.0,4705.10009765625,4706.10009765625,706
2026-05-12 09:30:00+00:00,4703.39990234375,4713.2998046875,4702.2001953125,4707.2001953125,1826
2026-05-12 09:45:00+00:00,4707.60009765625,4709.7998046875,4702.39990234375,4704.2998046875,562
2026-05-12 10:00:00+00:00,4713.10009765625,4716.7001953125,4706.89990234375,4708.0,1049
2026-05-12 10:15:00+00:00,4708.2001953125,4713.5,4707.2001953125,4713.5,1087
2026-05-12 10:30:00+00:00,4698.60009765625,4708.2001953125,4692.7998046875,4708.2001953125,1922
2026-05-12 10:45:00+00:00,4701.89990234375,4702.10009765625,4697.10009765625,4698.5,640
2026-05-12 11:00:00+00:00,4699.2998046875,4705.89990234375,4694.7001953125,4702.39990234375,1531
2026-05-12 11:15:00+00:00,4707.7998046875,4708.10009765625,4699.60009765625,4699.60009765625,657
2026-05-12 11:30:00+00:00,4711.89990234375,4714.0,4705.7998046875,4708.0,827
2026-05-12 11:45:00+00:00,4714.60009765625,4717.2001953125,4710.2001953125,4712.2998046875,898
2026-05-12 12:00:00+00:00,4714.10009765625,4715.89990234375,4706.2998046875,4714.5,1107
2026-05-12 12:15:00+00:00,4704.7001953125,4716.2001953125,4702.7001953125,4714.0,2377
2026-05-12 12:30:00+00:00,4711.0,4716.60009765625,4697.39990234375,4704.7998046875,3296
2026-05-12 12:45:00+00:00,4713.7998046875,4719.7998046875,4708.2001953125,4711.0,2261
2026-05-12 13:00:00+00:00,4697.2001953125,4717.10009765625,4695.10009765625,4713.60009765625,3088
2026-05-12 13:15:00+00:00,4698.39990234375,4703.2001953125,4687.0,4696.60009765625,3632
2026-05-12 13:30:00+00:00,4706.39990234375,4709.5,4691.0,4698.39990234375,3190
2026-05-12 13:45:00+00:00,4687.0,4709.2001953125,4684.5,4706.60009765625,3300
2026-05-12 14:00:00+00:00,4700.89990234375,4703.0,4683.39990234375,4686.5,3545
2026-05-12 14:15:00+00:00,4690.60009765625,4702.10009765625,4690.0,4700.60009765625,1952
2026-05-12 14:30:00+00:00,4693.2998046875,4695.7998046875,4678.89990234375,4690.7001953125,3198
2026-05-12 14:45:00+00:00,4680.0,4693.0,4676.0,4692.89990234375,2171
2026-05-12 15:00:00+00:00,4672.0,4683.60009765625,4670.60009765625,4680.0,3743
2026-05-12 15:15:00+00:00,4663.2998046875,4673.2998046875,4645.2001953125,4671.5,9716
2026-05-12 15:30:00+00:00,4672.60009765625,4675.39990234375,4661.2001953125,4663.60009765625,3980
2026-05-12 15:45:00+00:00,4673.10009765625,4677.2998046875,4671.5,4672.60009765625,1471
2026-05-12 16:00:00+00:00,4678.89990234375,4680.2998046875,4671.2998046875,4673.5,1491
2026-05-12 16:15:00+00:00,4675.5,4682.39990234375,4673.5,4678.5,1433
2026-05-12 16:30:00+00:00,4676.7998046875,4678.7001953125,4672.10009765625,4675.5,794
2026-05-12 16:45:00+00:00,4678.10009765625,4681.60009765625,4673.7001953125,4676.5,1134
2026-05-12 17:00:00+00:00,4684.39990234375,4686.7998046875,4678.39990234375,4678.39990234375,1623
2026-05-12 17:15:00+00:00,4686.60009765625,4689.7998046875,4683.89990234375,4684.10009765625,5947
2026-05-12 17:30:00+00:00,4686.89990234375,4687.89990234375,4683.39990234375,4686.39990234375,2112
2026-05-12 17:45:00+00:00,4685.7001953125,4688.2998046875,4684.89990234375,4686.5,1295
2026-05-12 18:00:00+00:00,4688.10009765625,4690.60009765625,4683.0,4685.7001953125,1549
2026-05-12 18:15:00+00:00,4692.5,4695.0,4687.10009765625,4688.39990234375,806
2026-05-12 18:30:00+00:00,4702.7998046875,4704.7998046875,4692.10009765625,4692.10009765625,1647
2026-05-12 18:45:00+00:00,4703.0,4705.5,4697.7998046875,4702.39990234375,940
2026-05-12 19:00:00+00:00,4706.89990234375,4710.0,4703.60009765625,4704.10009765625,897
2026-05-12 19:15:00+00:00,4710.7998046875,4712.0,4706.2001953125,4707.89990234375,930
2026-05-12 19:30:00+00:00,4716.89990234375,4718.10009765625,4710.89990234375,4710.89990234375,1008
2026-05-12 19:45:00+00:00,4723.2001953125,4723.2998046875,4716.5,4716.89990234375,1353
2026-05-12 20:00:00+00:00,4720.7001953125,4726.7001953125,4719.39990234375,4722.7998046875,1055
2026-05-12 20:15:00+00:00,4720.7001953125,4723.7001953125,4719.7998046875,4721.2998046875,177
2026-05-12 20:30:00+00:00,4722.2001953125,4722.7998046875,4719.60009765625,4720.2998046875,250
2026-05-12 20:45:00+00:00,4722.60009765625,4723.39990234375,4720.5,4722.2998046875,282
2026-05-12 22:00:00+00:00,4722.0,4729.5,4720.2998046875,4722.2998046875,320
2026-05-12 22:15:00+00:00,4725.2998046875,4727.39990234375,4721.5,4722.7001953125,396
2026-05-12 22:30:00+00:00,4724.2998046875,4728.2001953125,4723.2998046875,4724.7001953125,381
2026-05-12 22:45:00+00:00,4724.60009765625,4730.2001953125,4724.10009765625,4724.89990234375,372
2026-05-12 23:00:00+00:00,4725.0,4730.7998046875,4723.5,4724.5,1053
2026-05-12 23:15:00+00:00,4727.5,4731.60009765625,4725.0,4725.2001953125,605
2026-05-12 23:30:00+00:00,4729.10009765625,4729.39990234375,4723.89990234375,4727.89990234375,534
2026-05-12 23:45:00+00:00,4724.7001953125,4731.2001953125,4723.0,4729.2001953125,702
2026-05-13 00:00:00+00:00,4728.2998046875,4734.7998046875,4722.7001953125,4724.5,975
2026-05-13 00:15:00+00:00,4730.89990234375,4734.5,4727.7001953125,4728.60009765625,719
2026-05-13 00:30:00+00:00,4728.2998046875,4733.39990234375,4724.5,4730.0,520
2026-05-13 00:45:00+00:00,4723.0,4728.39990234375,4721.0,4728.0,645
2026-05-13 01:00:00+00:00,4717.60009765625,4725.10009765625,4715.39990234375,4722.60009765625,1650
2026-05-13 01:15:00+00:00,4712.2001953125,4718.2001953125,4710.89990234375,4718.0,1328
2026-05-13 01:30:00+00:00,4717.2998046875,4718.5,4710.0,4712.39990234375,994
2026-05-13 01:45:00+00:00,4710.89990234375,4719.2001953125,4709.2001953125,4717.2998046875,595
2026-05-13 02:00:00+00:00,4709.89990234375,4715.7001953125,4707.10009765625,4710.5,903
2026-05-13 02:15:00+00:00,4708.10009765625,4712.39990234375,4705.7001953125,4709.10009765625,830
2026-05-13 02:30:00+00:00,4702.60009765625,4708.7001953125,4702.2001953125,4708.7001953125,865
2026-05-13 02:45:00+00:00,4700.60009765625,4705.2998046875,4696.0,4702.60009765625,1474
2026-05-13 03:00:00+00:00,4700.7001953125,4702.7001953125,4697.10009765625,4700.5,671
2026-05-13 03:15:00+00:00,4708.7001953125,4708.7998046875,4699.2001953125,4700.7001953125,740
2026-05-13 03:30:00+00:00,4712.2001953125,4714.2998046875,4708.2998046875,4708.39990234375,810
2026-05-13 03:45:00+00:00,4703.0,4713.5,4702.0,4712.2998046875,808
2026-05-13 04:00:00+00:00,4706.2001953125,4707.0,4703.39990234375,4704.5,387
2026-05-13 04:15:00+00:00,4709.39990234375,4711.2998046875,4705.89990234375,4705.89990234375,336
2026-05-13 04:30:00+00:00,4706.7998046875,4711.39990234375,4705.2998046875,4709.7998046875,410
2026-05-13 04:45:00+00:00,4707.89990234375,4710.0,4706.5,4707.10009765625,234
2026-05-13 05:00:00+00:00,4713.39990234375,4715.7001953125,4706.7001953125,4707.5,445
2026-05-13 05:15:00+00:00,4706.0,4713.2998046875,4705.7001953125,4713.10009765625,419
2026-05-13 05:30:00+00:00,4704.5,4710.60009765625,4701.2998046875,4706.2998046875,935
2026-05-13 05:45:00+00:00,4711.39990234375,4713.7001953125,4703.7998046875,4705.10009765625,665
2026-05-13 06:00:00+00:00,4718.0,4720.5,4710.89990234375,4711.7998046875,1223
2026-05-13 06:15:00+00:00,4716.39990234375,4723.10009765625,4714.5,4718.2998046875,981
2026-05-13 06:30:00+00:00,4719.0,4721.7001953125,4715.2998046875,4716.5,631
2026-05-13 06:45:00+00:00,4709.7998046875,4720.2001953125,4706.89990234375,4719.2001953125,1522
2026-05-13 07:00:00+00:00,4709.89990234375,4713.5,4704.7998046875,4709.7998046875,1841
2026-05-13 07:15:00+00:00,4715.7001953125,4716.60009765625,4709.7998046875,4710.10009765625,931
2026-05-13 07:30:00+00:00,4711.0,4715.60009765625,4710.5,4715.0,532
2026-05-13 07:45:00+00:00,4710.39990234375,4712.60009765625,4709.0,4711.39990234375,1078
2026-05-13 08:00:00+00:00,4707.7998046875,4712.0,4706.0,4710.2998046875,837
2026-05-13 08:15:00+00:00,4704.5,4708.5,4702.2001953125,4707.7998046875,1117
2026-05-13 08:30:00+00:00,4703.5,4707.39990234375,4701.7998046875,4705.10009765625,758
2026-05-13 08:45:00+00:00,4707.7001953125,4710.10009765625,4702.0,4703.7998046875,785
2026-05-13 09:00:00+00:00,4701.89990234375,4709.2001953125,4700.7001953125,4707.7998046875,681
2026-05-13 09:15:00+00:00,4695.89990234375,4702.60009765625,4692.2998046875,4701.5,2539
2026-05-13 09:30:00+00:00,4701.89990234375,4702.2001953125,4693.2998046875,4695.7998046875,1386
2026-05-13 09:45:00+00:00,4709.0,4709.0,4700.60009765625,4701.5,1277
2026-05-13 10:00:00+00:00,4709.60009765625,4718.2001953125,4706.5,4708.39990234375,1380
2026-05-13 10:15:00+00:00,4707.2001953125,4713.60009765625,4706.2001953125,4710.2001953125,561
2026-05-13 10:30:00+00:00,4703.0,4707.5,4701.39990234375,4707.10009765625,613
2026-05-13 10:45:00+00:00,4701.60009765625,4704.39990234375,4701.0,4703.39990234375,487
2026-05-13 11:00:00+00:00,4706.7998046875,4706.89990234375,4698.60009765625,4701.7998046875,651
2026-05-13 11:15:00+00:00,4706.2001953125,4708.5,4703.60009765625,4706.2998046875,573
2026-05-13 11:30:00+00:00,4711.39990234375,4713.2998046875,4706.10009765625,4706.5,1180
2026-05-13 11:45:00+00:00,4705.2001953125,4713.89990234375,4705.2001953125,4711.7998046875,709
2026-05-13 12:00:00+00:00,4701.39990234375,4709.39990234375,4700.7001953125,4704.89990234375,944
2026-05-13 12:15:00+00:00,4692.10009765625,4701.5,4690.0,4701.2998046875,3194
2026-05-13 12:30:00+00:00,4689.89990234375,4695.2001953125,4682.0,4692.39990234375,3898
2026-05-13 12:45:00+00:00,4690.7001953125,4692.89990234375,4684.2998046875,4690.2998046875,1954
2026-05-13 13:00:00+00:00,4697.2001953125,4698.39990234375,4690.5,4690.60009765625,1885
2026-05-13 13:15:00+00:00,4695.89990234375,4702.0,4693.7001953125,4696.7001953125,1916
2026-05-13 13:30:00+00:00,4685.7001953125,4698.0,4679.89990234375,4696.0,4510
2026-05-13 13:45:00+00:00,4686.2001953125,4690.2001953125,4676.0,4685.39990234375,2747
2026-05-13 14:00:00+00:00,4688.0,4690.5,4679.7998046875,4686.2001953125,3414
2026-05-13 14:15:00+00:00,4691.2998046875,4692.60009765625,4680.2001953125,4687.89990234375,1915
2026-05-13 14:30:00+00:00,4691.10009765625,4698.2998046875,4690.0,4691.0,2178
2026-05-13 14:45:00+00:00,4686.7998046875,4692.5,4684.2001953125,4691.2001953125,2428
2026-05-13 15:00:00+00:00,4694.5,4698.10009765625,4686.0,4687.10009765625,1556
2026-05-13 15:15:00+00:00,4698.2001953125,4699.0,4692.0,4694.10009765625,994
2026-05-13 15:30:00+00:00,4707.39990234375,4708.0,4694.10009765625,4698.10009765625,2627
2026-05-13 15:45:00+00:00,4703.2998046875,4707.2998046875,4702.39990234375,4707.2001953125,920
2026-05-13 16:00:00+00:00,4709.60009765625,4710.7998046875,4702.7998046875,4703.0,1643
2026-05-13 16:15:00+00:00,4714.7001953125,4717.89990234375,4706.39990234375,4709.60009765625,3770
2026-05-13 16:30:00+00:00,4707.89990234375,4715.7001953125,4707.89990234375,4714.7001953125,1923
2026-05-13 16:45:00+00:00,4703.5,4709.7998046875,4702.89990234375,4708.2001953125,961
2026-05-13 17:00:00+00:00,4707.60009765625,4708.89990234375,4703.60009765625,4703.7001953125,1351
2026-05-13 17:15:00+00:00,4706.2998046875,4709.2001953125,4704.5,4707.39990234375,7353
2026-05-13 17:30:00+00:00,4699.5,4706.60009765625,4698.10009765625,4706.5,1966
2026-05-13 17:45:00+00:00,4693.39990234375,4702.60009765625,4692.60009765625,4699.60009765625,1010
2026-05-13 18:00:00+00:00,4700.5,4700.7998046875,4692.5,4693.7998046875,1505
2026-05-13 18:15:00+00:00,4700.2001953125,4702.0,4696.7998046875,4700.60009765625,497
2026-05-13 18:30:00+00:00,4694.10009765625,4700.89990234375,4693.39990234375,4699.60009765625,869
2026-05-13 18:45:00+00:00,4692.89990234375,4695.39990234375,4685.5,4694.2001953125,1259
2026-05-13 19:00:00+00:00,4696.89990234375,4697.10009765625,4691.2998046875,4692.60009765625,374
2026-05-13 19:15:00+00:00,4695.0,4698.60009765625,4694.2998046875,4697.0,450
2026-05-13 19:30:00+00:00,4696.39990234375,4697.10009765625,4692.2001953125,4695.2001953125,434
2026-05-13 19:45:00+00:00,4696.10009765625,4697.10009765625,4691.7998046875,4696.2001953125,885
2026-05-13 20:00:00+00:00,4698.89990234375,4699.0,4693.7001953125,4696.0,348
2026-05-13 20:15:00+00:00,4699.39990234375,4701.39990234375,4698.10009765625,4698.89990234375,243
2026-05-13 20:30:00+00:00,4698.7001953125,4701.2001953125,4697.0,4699.39990234375,266
2026-05-13 20:45:00+00:00,4697.10009765625,4699.2001953125,4695.7998046875,4698.2001953125,202
2026-05-13 22:00:00+00:00,4697.7998046875,4700.89990234375,4695.5,4696.7998046875,162
2026-05-13 22:15:00+00:00,4703.39990234375,4704.0,4697.39990234375,4697.5,318
2026-05-13 22:30:00+00:00,4705.60009765625,4707.0,4702.0,4703.89990234375,276
2026-05-13 22:45:00+00:00,4706.39990234375,4707.2998046875,4703.10009765625,4705.7998046875,272
2026-05-13 23:00:00+00:00,4708.2001953125,4709.0,4705.7001953125,4706.2001953125,135
2026-05-13 23:15:00+00:00,4704.2998046875,4708.10009765625,4703.2001953125,4708.10009765625,228
2026-05-13 23:30:00+00:00,4701.7001953125,4704.39990234375,4701.0,4703.5,288
2026-05-13 23:45:00+00:00,4703.5,4703.7998046875,4699.7001953125,4701.89990234375,181
2026-05-14 00:00:00+00:00,4704.2998046875,4706.2001953125,4696.2001953125,4703.10009765625,611
2026-05-14 00:15:00+00:00,4708.0,4712.89990234375,4704.10009765625,4704.10009765625,530
2026-05-14 00:30:00+00:00,4706.89990234375,4710.0,4699.60009765625,4709.0,507
2026-05-14 00:45:00+00:00,4712.0,4713.7001953125,4706.39990234375,4707.5,472
2026-05-14 01:00:00+00:00,4696.60009765625,4714.0,4690.7001953125,4712.2001953125,1818
2026-05-14 01:15:00+00:00,4698.89990234375,4701.89990234375,4694.2001953125,4694.60009765625,670
2026-05-14 01:30:00+00:00,4695.2998046875,4701.39990234375,4690.2998046875,4699.0,682
2026-05-14 01:45:00+00:00,4695.0,4701.7998046875,4690.2001953125,4695.2998046875,649
2026-05-14 02:00:00+00:00,4694.7998046875,4700.7998046875,4693.10009765625,4695.5,343
2026-05-14 02:15:00+00:00,4700.10009765625,4701.10009765625,4693.7998046875,4694.60009765625,508
2026-05-14 02:30:00+00:00,4697.89990234375,4706.5,4696.0,4700.2998046875,638
2026-05-14 02:45:00+00:00,4692.7001953125,4699.7998046875,4686.0,4698.2001953125,976
2026-05-14 03:00:00+00:00,4689.0,4696.7998046875,4687.60009765625,4692.7998046875,789
2026-05-14 03:15:00+00:00,4697.2001953125,4699.39990234375,4687.5,4688.7998046875,785
2026-05-14 03:30:00+00:00,4682.2998046875,4697.5,4681.89990234375,4697.10009765625,819
2026-05-14 03:45:00+00:00,4680.7998046875,4683.89990234375,4679.2998046875,4682.5,457
2026-05-14 04:00:00+00:00,4688.0,4688.5,4673.2001953125,4680.7998046875,1456
2026-05-14 04:15:00+00:00,4708.5,4713.5,4687.5,4688.2998046875,2173
2026-05-14 04:30:00+00:00,4711.5,4719.7001953125,4707.2998046875,4708.39990234375,1504
2026-05-14 04:45:00+00:00,4709.2001953125,4713.5,4708.7998046875,4711.7998046875,465
2026-05-14 05:00:00+00:00,4707.0,4711.2001953125,4706.60009765625,4709.5,523
2026-05-14 05:15:00+00:00,4700.7998046875,4707.10009765625,4700.0,4706.60009765625,472
2026-05-14 05:30:00+00:00,4704.2001953125,4708.2998046875,4700.0,4700.2001953125,835
2026-05-14 05:45:00+00:00,4696.2998046875,4710.2001953125,4696.0,4704.7998046875,755
2026-05-14 06:00:00+00:00,4694.7001953125,4701.39990234375,4692.7001953125,4696.2001953125,1153
2026-05-14 06:15:00+00:00,4698.10009765625,4700.2001953125,4693.2998046875,4694.2001953125,497
2026-05-14 06:30:00+00:00,4705.60009765625,4706.2998046875,4697.2998046875,4698.10009765625,776
2026-05-14 06:45:00+00:00,4707.2001953125,4709.2998046875,4701.7001953125,4705.5,818
2026-05-14 07:00:00+00:00,4702.0,4709.10009765625,4701.2001953125,4706.7001953125,766
2026-05-14 07:15:00+00:00,4711.89990234375,4713.2001953125,4701.5,4701.5,878
2026-05-14 07:30:00+00:00,4716.60009765625,4725.7998046875,4709.2998046875,4712.2998046875,2304
2026-05-14 07:45:00+00:00,4700.10009765625,4716.7998046875,4697.7001953125,4716.2001953125,1844
2026-05-14 08:00:00+00:00,4705.89990234375,4707.89990234375,4698.89990234375,4699.5,920
2026-05-14 08:15:00+00:00,4710.5,4711.7001953125,4704.0,4706.2998046875,1116
2026-05-14 08:30:00+00:00,4703.39990234375,4713.60009765625,4702.7001953125,4710.2998046875,860
2026-05-14 08:45:00+00:00,4700.2998046875,4704.10009765625,4699.7998046875,4703.89990234375,471
2026-05-14 09:00:00+00:00,4701.5,4704.7001953125,4696.0,4699.7998046875,727
2026-05-14 09:15:00+00:00,4697.2998046875,4703.10009765625,4697.2001953125,4700.89990234375,521
2026-05-14 09:30:00+00:00,4702.0,4703.7998046875,4694.60009765625,4697.10009765625,916
2026-05-14 09:45:00+00:00,4706.10009765625,4709.2998046875,4702.5,4702.5,599
2026-05-14 10:00:00+00:00,4703.60009765625,4711.89990234375,4702.5,4706.0,683
2026-05-14 10:15:00+00:00,4704.10009765625,4704.60009765625,4700.2001953125,4704.2001953125,428
2026-05-14 10:30:00+00:00,4700.2001953125,4704.39990234375,4698.5,4704.2998046875,544
2026-05-14 10:45:00+00:00,4704.10009765625,4704.39990234375,4698.0,4700.2998046875,861
2026-05-14 11:00:00+00:00,4704.0,4705.39990234375,4698.89990234375,4703.5,640
2026-05-14 11:15:00+00:00,4698.2001953125,4703.7998046875,4695.89990234375,4703.60009765625,594
2026-05-14 11:30:00+00:00,4702.10009765625,4703.5,4697.10009765625,4698.5,282
2026-05-14 11:45:00+00:00,4700.39990234375,4711.60009765625,4700.39990234375,4701.60009765625,1586
2026-05-14 12:00:00+00:00,4709.89990234375,4710.10009765625,4698.39990234375,4700.2001953125,1375
2026-05-14 12:15:00+00:00,4709.10009765625,4714.5,4705.39990234375,4710.2998046875,2386
2026-05-14 12:30:00+00:00,4704.7001953125,4716.89990234375,4704.7001953125,4710.0,2589
2026-05-14 12:45:00+00:00,4711.7998046875,4713.2998046875,4702.60009765625,4704.2998046875,1013
2026-05-14 13:00:00+00:00,4711.2998046875,4715.2001953125,4702.5,4712.2001953125,1384
2026-05-14 13:15:00+00:00,4694.5,4711.10009765625,4694.2001953125,4710.89990234375,2047
2026-05-14 13:30:00+00:00,4682.2998046875,4696.0,4671.2998046875,4694.60009765625,5295
2026-05-14 13:45:00+00:00,4685.2001953125,4696.7998046875,4681.39990234375,4682.2001953125,4579
2026-05-14 14:00:00+00:00,4694.2998046875,4696.39990234375,4683.0,4685.0,3332
2026-05-14 14:15:00+00:00,4697.7001953125,4707.2998046875,4692.7998046875,4694.0,3825
2026-05-14 14:30:00+00:00,4693.2998046875,4698.7998046875,4692.5,4697.7001953125,993
2026-05-14 14:45:00+00:00,4685.7001953125,4696.60009765625,4685.2998046875,4693.0,1301
2026-05-14 15:00:00+00:00,4690.7001953125,4692.7998046875,4683.0,4685.60009765625,1445
2026-05-14 15:15:00+00:00,4692.0,4695.7998046875,4690.2001953125,4690.7998046875,1009
2026-05-14 15:30:00+00:00,4688.60009765625,4695.2001953125,4687.10009765625,4691.7998046875,1028
2026-05-14 15:45:00+00:00,4691.89990234375,4693.0,4686.7001953125,4688.5,898
2026-05-14 16:00:00+00:00,4685.10009765625,4693.5,4680.2998046875,4692.10009765625,1740
2026-05-14 16:15:00+00:00,4683.2001953125,4687.60009765625,4681.2998046875,4684.7001953125,1020
2026-05-14 16:30:00+00:00,4681.5,4684.5,4676.10009765625,4683.5,1548
2026-05-14 16:45:00+00:00,4684.7998046875,4685.39990234375,4678.5,4681.60009765625,816
2026-05-14 17:00:00+00:00,4684.89990234375,4689.60009765625,4684.39990234375,4684.39990234375,1450
2026-05-14 17:15:00+00:00,4683.60009765625,4689.2998046875,4683.10009765625,4684.7998046875,2683
2026-05-14 17:30:00+00:00,4687.7001953125,4687.7001953125,4682.7001953125,4683.7001953125,920
2026-05-14 17:45:00+00:00,4684.2001953125,4687.89990234375,4683.7998046875,4687.39990234375,492
2026-05-14 18:00:00+00:00,4680.5,4684.5,4674.5,4684.5,1929
2026-05-14 18:15:00+00:00,4679.2998046875,4682.2998046875,4678.7998046875,4680.39990234375,778
2026-05-14 18:30:00+00:00,4674.2998046875,4680.60009765625,4674.2001953125,4679.5,624
2026-05-14 18:45:00+00:00,4677.2998046875,4677.5,4672.5,4674.5,606
2026-05-14 19:00:00+00:00,4673.2001953125,4677.39990234375,4672.0,4677.39990234375,700
2026-05-14 19:15:00+00:00,4668.89990234375,4674.5,4667.60009765625,4672.89990234375,1123
2026-05-14 19:30:00+00:00,4662.2001953125,4670.7998046875,4660.7998046875,4668.7001953125,1833
2026-05-14 19:45:00+00:00,4659.5,4664.2998046875,4658.0,4661.7001953125,2040
2026-05-14 20:00:00+00:00,4655.2998046875,4663.0,4654.2001953125,4659.60009765625,1202
2026-05-14 20:15:00+00:00,4653.0,4656.2001953125,4651.7001953125,4654.7998046875,465
2026-05-14 20:30:00+00:00,4655.7001953125,4658.0,4649.2998046875,4653.0,796
2026-05-14 20:45:00+00:00,4655.39990234375,4657.5,4654.2001953125,4656.10009765625,341
2026-05-14 22:00:00+00:00,4659.2998046875,4662.60009765625,4651.0,4654.5,409
2026-05-14 22:15:00+00:00,4662.89990234375,4663.7001953125,4659.7998046875,4659.7998046875,441
2026-05-14 22:30:00+00:00,4665.60009765625,4666.7998046875,4662.7001953125,4663.2998046875,524
2026-05-14 22:45:00+00:00,4666.7001953125,4667.0,4664.0,4666.10009765625,208
2026-05-14 23:00:00+00:00,4663.10009765625,4668.10009765625,4663.0,4666.39990234375,488
2026-05-14 23:15:00+00:00,4668.39990234375,4668.7001953125,4659.89990234375,4663.39990234375,729
2026-05-14 23:30:00+00:00,4661.7001953125,4670.10009765625,4651.0,4668.10009765625,1365
2026-05-14 23:45:00+00:00,4656.7001953125,4661.5,4652.2001953125,4661.2998046875,410
2026-05-15 00:00:00+00:00,4654.2001953125,4658.2001953125,4645.5,4656.39990234375,1218
2026-05-15 00:15:00+00:00,4634.60009765625,4662.7998046875,4629.10009765625,4655.5,2712
2026-05-15 00:30:00+00:00,4624.10009765625,4634.89990234375,4618.2998046875,4634.60009765625,3211
2026-05-15 00:45:00+00:00,4635.10009765625,4636.0,4621.7001953125,4624.2001953125,1645
2026-05-15 01:00:00+00:00,4619.2001953125,4636.7001953125,4612.2998046875,4635.0,2306
2026-05-15 01:15:00+00:00,4613.60009765625,4630.2998046875,4612.5,4619.2001953125,1949
2026-05-15 01:30:00+00:00,4627.2001953125,4627.39990234375,4611.60009765625,4612.7998046875,1075
2026-05-15 01:45:00+00:00,4617.89990234375,4628.7001953125,4611.0,4626.5,2008
2026-05-15 02:00:00+00:00,4617.2001953125,4623.2998046875,4613.5,4617.89990234375,1226
2026-05-15 02:15:00+00:00,4616.7001953125,4620.60009765625,4613.7998046875,4617.0,725
2026-05-15 02:30:00+00:00,4621.39990234375,4622.0,4613.5,4616.2001953125,682
2026-05-15 02:45:00+00:00,4621.89990234375,4627.39990234375,4615.39990234375,4621.89990234375,905
2026-05-15 03:00:00+00:00,4621.60009765625,4626.5,4618.10009765625,4621.60009765625,1242
2026-05-15 03:15:00+00:00,4616.5,4622.7998046875,4613.39990234375,4621.89990234375,848
2026-05-15 03:30:00+00:00,4617.5,4621.60009765625,4611.2998046875,4617.60009765625,765
2026-05-15 03:45:00+00:00,4619.7998046875,4622.10009765625,4614.5,4617.60009765625,573
2026-05-15 04:00:00+00:00,4623.89990234375,4625.89990234375,4616.89990234375,4619.2998046875,570
2026-05-15 04:15:00+00:00,4614.89990234375,4624.60009765625,4611.5,4623.7998046875,918
2026-05-15 04:30:00+00:00,4610.0,4619.2001953125,4608.2001953125,4615.2001953125,522
2026-05-15 04:45:00+00:00,4610.0,4616.60009765625,4609.0,4610.2001953125,790
2026-05-15 05:00:00+00:00,4596.0,4610.60009765625,4592.60009765625,4610.0,2629
2026-05-15 05:15:00+00:00,4592.7998046875,4599.39990234375,4584.89990234375,4596.2001953125,2686
2026-05-15 05:30:00+00:00,4572.10009765625,4594.2998046875,4567.5,4592.7001953125,3967
2026-05-15 05:45:00+00:00,4562.89990234375,4577.2001953125,4560.10009765625,4571.7998046875,2675
2026-05-15 06:00:00+00:00,4574.2001953125,4576.7998046875,4560.5,4562.39990234375,2448
2026-05-15 06:15:00+00:00,4579.2001953125,4582.39990234375,4573.7998046875,4574.7998046875,2651
2026-05-15 06:30:00+00:00,4572.0,4585.39990234375,4571.10009765625,4579.0,1729
2026-05-15 06:45:00+00:00,4574.5,4578.39990234375,4568.60009765625,4572.0,1659
2026-05-15 07:00:00+00:00,4590.60009765625,4591.10009765625,4569.7998046875,4573.89990234375,2970
2026-05-15 07:15:00+00:00,4586.89990234375,4593.7998046875,4583.7998046875,4590.60009765625,1885
2026-05-15 07:30:00+00:00,4582.7998046875,4587.5,4579.60009765625,4586.0,1599
2026-05-15 07:45:00+00:00,4575.7001953125,4584.0,4573.39990234375,4582.7001953125,1709
2026-05-15 08:00:00+00:00,4569.7001953125,4576.89990234375,4561.2998046875,4575.60009765625,2540
2026-05-15 08:15:00+00:00,4562.5,4569.7001953125,4556.7998046875,4569.5,2473
2026-05-15 08:30:00+00:00,4567.0,4567.39990234375,4553.2001953125,4562.10009765625,2377
2026-05-15 08:45:00+00:00,4558.89990234375,4568.60009765625,4556.2998046875,4567.0,1333
2026-05-15 09:00:00+00:00,4551.60009765625,4568.2001953125,4549.7001953125,4559.0,2370
2026-05-15 09:15:00+00:00,4556.7998046875,4558.7998046875,4543.10009765625,4551.2001953125,2423
2026-05-15 09:30:00+00:00,4547.7998046875,4559.7001953125,4546.7001953125,4557.10009765625,1717
2026-05-15 09:45:00+00:00,4549.7998046875,4551.0,4535.39990234375,4547.2001953125,2561
2026-05-15 10:00:00+00:00,4565.0,4567.0,4548.0,4549.89990234375,2230
2026-05-15 10:15:00+00:00,4555.7998046875,4567.60009765625,4555.60009765625,4565.10009765625,1674
2026-05-15 10:30:00+00:00,4559.0,4560.5,4553.60009765625,4555.89990234375,1027
2026-05-15 10:45:00+00:00,4570.2001953125,4577.0,4558.2998046875,4559.0,3113
2026-05-15 11:00:00+00:00,4570.60009765625,4574.7998046875,4565.0,4570.5,1511
2026-05-15 11:15:00+00:00,4566.7001953125,4573.60009765625,4563.39990234375,4571.0,807
2026-05-15 11:30:00+00:00,4556.10009765625,4567.0,4555.39990234375,4567.0,1394
2026-05-15 11:45:00+00:00,4555.89990234375,4563.5,4554.0,4555.7998046875,1302
2026-05-15 12:00:00+00:00,4549.89990234375,4559.5,4549.2998046875,4556.0,1870
2026-05-15 12:15:00+00:00,4559.7001953125,4562.7001953125,4549.0,4549.60009765625,2900
2026-05-15 12:30:00+00:00,4549.89990234375,4559.10009765625,4546.2998046875,4558.60009765625,2251
2026-05-15 12:45:00+00:00,4550.2001953125,4559.7998046875,4547.7001953125,4549.2998046875,1593
2026-05-15 13:00:00+00:00,4550.60009765625,4553.89990234375,4539.89990234375,4550.10009765625,3885
2026-05-15 13:15:00+00:00,4553.2001953125,4561.89990234375,4543.7998046875,4550.7001953125,2297
2026-05-15 13:30:00+00:00,4523.89990234375,4555.2998046875,4523.7998046875,4553.2001953125,6979
2026-05-15 13:45:00+00:00,4537.2998046875,4545.7001953125,4513.7998046875,4523.7998046875,5933
2026-05-15 14:00:00+00:00,4547.60009765625,4554.5,4529.2998046875,4536.89990234375,5110
2026-05-15 14:15:00+00:00,4559.7001953125,4567.10009765625,4544.39990234375,4547.60009765625,4102
2026-05-15 14:30:00+00:00,4561.10009765625,4565.0,4554.89990234375,4560.0,2084
2026-05-15 14:45:00+00:00,4566.7998046875,4570.89990234375,4550.2001953125,4561.39990234375,2339
2026-05-15 15:00:00+00:00,4555.89990234375,4568.0,4554.60009765625,4567.2998046875,1870
2026-05-15 15:15:00+00:00,4551.10009765625,4557.5,4546.7001953125,4556.60009765625,2266
2026-05-15 15:30:00+00:00,4545.60009765625,4554.5,4543.5,4551.0,1594
2026-05-15 15:45:00+00:00,4543.7998046875,4547.7001953125,4538.0,4545.10009765625,2058
2026-05-15 16:00:00+00:00,4536.60009765625,4546.5,4533.2001953125,4543.7998046875,2011
2026-05-15 16:15:00+00:00,4544.7998046875,4546.7001953125,4535.39990234375,4536.60009765625,1486
2026-05-15 16:30:00+00:00,4551.5,4552.39990234375,4544.2998046875,4545.39990234375,1240
2026-05-15 16:45:00+00:00,4548.7001953125,4552.2001953125,4546.10009765625,4551.5,942
2026-05-15 17:00:00+00:00,4561.2001953125,4562.5,4547.2001953125,4548.5,2397
2026-05-15 17:15:00+00:00,4561.7998046875,4568.7001953125,4558.60009765625,4561.39990234375,3064
2026-05-15 17:30:00+00:00,4565.10009765625,4568.0,4561.60009765625,4561.7001953125,1322
2026-05-15 17:45:00+00:00,4564.0,4566.89990234375,4561.5,4565.2998046875,590
2026-05-15 18:00:00+00:00,4566.2998046875,4566.2998046875,4560.10009765625,4564.2998046875,637
2026-05-15 18:15:00+00:00,4562.39990234375,4567.2998046875,4557.2001953125,4565.7998046875,1091
2026-05-15 18:30:00+00:00,4561.7998046875,4562.89990234375,4556.5,4562.5,685
2026-05-15 18:45:00+00:00,4563.39990234375,4567.0,4560.7998046875,4561.10009765625,391
2026-05-15 19:00:00+00:00,4554.7001953125,4564.2001953125,4553.5,4563.89990234375,1017
2026-05-15 19:15:00+00:00,4554.2998046875,4556.7998046875,4552.7001953125,4554.60009765625,727
2026-05-15 19:30:00+00:00,4557.7001953125,4559.2998046875,4553.7998046875,4554.39990234375,718
2026-05-15 19:45:00+00:00,4549.7998046875,4558.39990234375,4548.89990234375,4557.7001953125,1229
2026-05-15 20:00:00+00:00,4542.5,4550.7001953125,4540.2001953125,4550.2001953125,835
2026-05-15 20:15:00+00:00,4542.89990234375,4543.2998046875,4537.0,4542.5,483
2026-05-15 20:30:00+00:00,4544.39990234375,4547.89990234375,4542.39990234375,4543.39990234375,385
2026-05-15 20:45:00+00:00,4561.89990234375,4561.89990234375,4540.5,4544.5,355
2026-05-17 22:00:00+00:00,4551.89990234375,4558.60009765625,4551.2998046875,4557.39990234375,206
2026-05-17 22:15:00+00:00,4545.60009765625,4553.60009765625,4541.39990234375,4552.60009765625,698
2026-05-17 22:30:00+00:00,4554.0,4557.60009765625,4544.7001953125,4544.7001953125,754
2026-05-17 22:45:00+00:00,4549.7001953125,4558.0,4547.2998046875,4553.5,480
2026-05-17 23:00:00+00:00,4545.2998046875,4551.39990234375,4543.0,4550.2001953125,381
2026-05-17 23:15:00+00:00,4541.39990234375,4548.0,4541.2001953125,4544.89990234375,373
2026-05-17 23:30:00+00:00,4542.89990234375,4545.60009765625,4535.60009765625,4540.89990234375,615
2026-05-17 23:45:00+00:00,4540.89990234375,4547.39990234375,4535.10009765625,4542.2998046875,542
2026-05-18 00:00:00+00:00,4529.2001953125,4546.0,4526.5,4541.0,1215
2026-05-18 00:15:00+00:00,4519.0,4536.7998046875,4517.39990234375,4529.7001953125,1075
2026-05-18 00:30:00+00:00,4485.39990234375,4522.2001953125,4483.5,4518.60009765625,4886
2026-05-18 00:45:00+00:00,4518.5,4519.7998046875,4483.7998046875,4485.0,2633
2026-05-18 01:00:00+00:00,4500.2001953125,4519.2998046875,4492.10009765625,4518.10009765625,3094
2026-05-18 01:15:00+00:00,4507.5,4513.0,4495.39990234375,4499.7998046875,1726
2026-05-18 01:30:00+00:00,4515.2001953125,4516.2998046875,4502.5,4505.2998046875,1679
2026-05-18 01:45:00+00:00,4527.89990234375,4538.60009765625,4513.89990234375,4515.60009765625,2273
2026-05-18 02:00:00+00:00,4539.7001953125,4542.0,4524.89990234375,4527.89990234375,1635
2026-05-18 02:15:00+00:00,4536.7998046875,4544.0,4535.10009765625,4539.7998046875,945
2026-05-18 02:30:00+00:00,4539.2998046875,4544.10009765625,4532.0,4536.2001953125,914
2026-05-18 02:45:00+00:00,4536.39990234375,4545.89990234375,4533.2998046875,4538.7001953125,882
2026-05-18 03:00:00+00:00,4532.5,4538.89990234375,4530.0,4537.0,882
2026-05-18 03:15:00+00:00,4538.60009765625,4541.2998046875,4531.5,4532.0,697
2026-05-18 03:30:00+00:00,4548.60009765625,4551.39990234375,4528.0,4539.2998046875,1307
2026-05-18 03:45:00+00:00,4546.7998046875,4551.2001953125,4542.89990234375,4548.60009765625,1433
2026-05-18 04:00:00+00:00,4548.2001953125,4553.7998046875,4545.2001953125,4545.2001953125,862
2026-05-18 04:15:00+00:00,4535.89990234375,4551.10009765625,4533.39990234375,4548.2001953125,1979
2026-05-18 04:30:00+00:00,4545.5,4548.0,4535.5,4535.89990234375,1046
2026-05-18 04:45:00+00:00,4544.2001953125,4549.39990234375,4539.2998046875,4545.10009765625,1318
2026-05-18 05:00:00+00:00,4541.60009765625,4546.7001953125,4536.39990234375,4544.7998046875,1371
2026-05-18 05:15:00+00:00,4552.39990234375,4554.2998046875,4538.60009765625,4539.60009765625,1522
2026-05-18 05:30:00+00:00,4543.7998046875,4556.0,4542.39990234375,4552.5,1124
2026-05-18 05:45:00+00:00,4534.60009765625,4546.89990234375,4533.60009765625,4542.7001953125,1286
2026-05-18 06:00:00+00:00,4541.2998046875,4544.0,4533.10009765625,4534.2998046875,1594
2026-05-18 06:15:00+00:00,4541.10009765625,4551.39990234375,4538.0,4540.60009765625,2517
2026-05-18 06:30:00+00:00,4543.89990234375,4550.60009765625,4538.2998046875,4541.10009765625,1165
2026-05-18 06:45:00+00:00,4550.5,4551.7998046875,4542.10009765625,4544.10009765625,1647
2026-05-18 07:00:00+00:00,4546.60009765625,4553.10009765625,4545.7001953125,4551.0,1055
2026-05-18 07:15:00+00:00,4554.60009765625,4555.2001953125,4541.60009765625,4547.0,1506
2026-05-18 07:30:00+00:00,4553.2998046875,4564.0,4551.0,4554.7001953125,1857
2026-05-18 07:45:00+00:00,4550.0,4555.10009765625,4543.5,4552.2998046875,1342
2026-05-18 08:00:00+00:00,4550.2998046875,4552.60009765625,4546.0,4550.0,781
2026-05-18 08:15:00+00:00,4551.2001953125,4555.5,4546.60009765625,4550.0,1141
2026-05-18 08:30:00+00:00,4552.10009765625,4556.7998046875,4549.39990234375,4551.5,1236
2026-05-18 08:45:00+00:00,4553.7998046875,4560.89990234375,4552.10009765625,4552.10009765625,832
2026-05-18 09:00:00+00:00,4550.2998046875,4555.7001953125,4544.89990234375,4553.89990234375,851
2026-05-18 09:15:00+00:00,4549.0,4552.7998046875,4548.2001953125,4549.7998046875,767
2026-05-18 09:30:00+00:00,4546.60009765625,4550.2998046875,4544.0,4548.7001953125,1798
2026-05-18 09:45:00+00:00,4547.0,4548.2001953125,4543.7998046875,4546.7001953125,279
2026-05-18 10:00:00+00:00,4542.89990234375,4548.7001953125,4539.2998046875,4546.39990234375,1222
2026-05-18 10:15:00+00:00,4543.2998046875,4546.2001953125,4541.7001953125,4542.60009765625,563
2026-05-18 10:30:00+00:00,4546.89990234375,4547.5,4535.60009765625,4543.0,1185
2026-05-18 10:45:00+00:00,4543.39990234375,4551.39990234375,4540.2001953125,4547.2998046875,1016
2026-05-18 11:00:00+00:00,4543.0,4545.2998046875,4533.5,4543.5,1062
2026-05-18 11:15:00+00:00,4539.60009765625,4543.7998046875,4535.60009765625,4542.89990234375,1432
2026-05-18 11:30:00+00:00,4566.5,4571.89990234375,4539.2001953125,4539.2001953125,4239
2026-05-18 11:45:00+00:00,4554.2001953125,4568.7001953125,4553.0,4566.89990234375,3013
2026-05-18 12:00:00+00:00,4557.10009765625,4560.5,4550.7998046875,4554.39990234375,1415
2026-05-18 12:15:00+00:00,4554.39990234375,4558.7998046875,4548.7998046875,4557.0,2055
2026-05-18 12:30:00+00:00,4573.60009765625,4574.10009765625,4553.7001953125,4554.0,2830
2026-05-18 12:45:00+00:00,4575.2001953125,4579.39990234375,4566.60009765625,4573.89990234375,3061
2026-05-18 13:00:00+00:00,4572.0,4581.5,4565.39990234375,4575.39990234375,3879
2026-05-18 13:15:00+00:00,4575.60009765625,4580.0,4567.7001953125,4571.39990234375,1857
2026-05-18 13:30:00+00:00,4570.5,4584.2998046875,4568.89990234375,4576.10009765625,3414
2026-05-18 13:45:00+00:00,4579.89990234375,4588.60009765625,4567.5,4570.60009765625,3828
2026-05-18 14:00:00+00:00,4568.7001953125,4579.89990234375,4563.7001953125,4579.89990234375,3812
2026-05-18 14:15:00+00:00,4566.2001953125,4573.2998046875,4557.2001953125,4569.0,2937
2026-05-18 14:30:00+00:00,4552.0,4567.5,4542.89990234375,4565.60009765625,5942
2026-05-18 14:45:00+00:00,4550.7998046875,4552.7998046875,4542.10009765625,4551.89990234375,2443
2026-05-18 15:00:00+00:00,4544.7001953125,4552.39990234375,4536.2001953125,4551.0,3472
2026-05-18 15:15:00+00:00,4539.39990234375,4547.0,4538.7998046875,4544.60009765625,1504
2026-05-18 15:30:00+00:00,4543.0,4548.89990234375,4538.10009765625,4538.7001953125,1484
2026-05-18 15:45:00+00:00,4547.7001953125,4551.2998046875,4542.2998046875,4543.10009765625,1231
2026-05-18 16:00:00+00:00,4552.7998046875,4553.10009765625,4544.39990234375,4548.60009765625,2709
2026-05-18 16:15:00+00:00,4541.2001953125,4555.0,4537.60009765625,4552.89990234375,3143
2026-05-18 16:30:00+00:00,4547.60009765625,4549.10009765625,4538.2998046875,4540.89990234375,1601
2026-05-18 16:45:00+00:00,4554.39990234375,4558.7001953125,4547.0,4547.39990234375,2979
2026-05-18 17:00:00+00:00,4557.5,4562.5,4551.60009765625,4554.2998046875,1844
2026-05-18 17:15:00+00:00,4558.2998046875,4559.89990234375,4556.10009765625,4557.2998046875,1960
2026-05-18 17:30:00+00:00,4552.5,4558.39990234375,4551.10009765625,4558.0,1102
2026-05-18 17:45:00+00:00,4551.39990234375,4553.7998046875,4549.7998046875,4552.39990234375,690
2026-05-18 18:00:00+00:00,4549.39990234375,4552.39990234375,4548.0,4551.2998046875,696
2026-05-18 18:15:00+00:00,4546.39990234375,4549.60009765625,4540.2998046875,4549.2001953125,1167
2026-05-18 18:30:00+00:00,4545.89990234375,4548.2001953125,4543.10009765625,4545.89990234375,723
2026-05-18 18:45:00+00:00,4539.7998046875,4547.39990234375,4538.2998046875,4545.5,1046
2026-05-18 19:00:00+00:00,4558.5,4569.5,4539.10009765625,4539.89990234375,3331
2026-05-18 19:15:00+00:00,4556.0,4560.2001953125,4551.0,4558.7001953125,1180
2026-05-18 19:30:00+00:00,4562.5,4565.7998046875,4554.39990234375,4556.0,932
2026-05-18 19:45:00+00:00,4562.89990234375,4567.39990234375,4562.10009765625,4562.2998046875,1259
2026-05-18 20:00:00+00:00,4567.7001953125,4567.7001953125,4562.39990234375,4563.2998046875,413
2026-05-18 20:15:00+00:00,4567.2998046875,4571.60009765625,4566.89990234375,4566.89990234375,446
2026-05-18 20:30:00+00:00,4569.2998046875,4569.7001953125,4566.2001953125,4568.0,219
2026-05-18 20:45:00+00:00,4570.7998046875,4571.2001953125,4566.39990234375,4569.2998046875,245
2026-05-18 22:00:00+00:00,4576.7998046875,4577.5,4570.60009765625,4570.60009765625,288
2026-05-18 22:15:00+00:00,4576.89990234375,4578.7001953125,4575.2001953125,4577.60009765625,345
2026-05-18 22:30:00+00:00,4580.7998046875,4582.2998046875,4575.60009765625,4577.10009765625,391
2026-05-18 22:45:00+00:00,4578.2001953125,4581.10009765625,4576.60009765625,4580.7001953125,135
2026-05-18 23:00:00+00:00,4589.60009765625,4590.60009765625,4577.89990234375,4578.2001953125,848
2026-05-18 23:15:00+00:00,4589.60009765625,4593.2001953125,4587.10009765625,4589.39990234375,536
2026-05-18 23:30:00+00:00,4589.0,4591.7001953125,4586.7001953125,4589.7998046875,327
2026-05-18 23:45:00+00:00,4585.5,4590.2001953125,4582.60009765625,4589.5,445
2026-05-19 00:00:00+00:00,4582.39990234375,4593.10009765625,4580.0,4585.39990234375,1170
2026-05-19 00:15:00+00:00,4576.60009765625,4589.2998046875,4572.2001953125,4582.2001953125,1076
2026-05-19 00:30:00+00:00,4573.60009765625,4579.5,4571.39990234375,4577.2998046875,740
2026-05-19 00:45:00+00:00,4566.2998046875,4575.5,4564.7001953125,4573.89990234375,868
2026-05-19 01:00:00+00:00,4568.2998046875,4572.5,4560.7001953125,4565.60009765625,1328
2026-05-19 01:15:00+00:00,4561.7001953125,4572.0,4557.60009765625,4569.2998046875,824
2026-05-19 01:30:00+00:00,4573.89990234375,4575.39990234375,4558.2001953125,4562.0,761
2026-05-19 01:45:00+00:00,4567.0,4575.10009765625,4564.7001953125,4574.2998046875,696
2026-05-19 02:00:00+00:00,4557.60009765625,4566.7001953125,4556.2001953125,4566.7001953125,1149
2026-05-19 02:15:00+00:00,4562.7998046875,4565.2998046875,4554.7001953125,4556.7001953125,901
2026-05-19 02:30:00+00:00,4559.2998046875,4562.7998046875,4553.7001953125,4562.7001953125,1047
2026-05-19 02:45:00+00:00,4550.2998046875,4561.10009765625,4548.60009765625,4559.0,921
2026-05-19 03:00:00+00:00,4554.89990234375,4555.7001953125,4545.7998046875,4549.89990234375,1401
2026-05-19 03:15:00+00:00,4552.2998046875,4556.10009765625,4549.60009765625,4555.0,393
2026-05-19 03:30:00+00:00,4551.0,4558.10009765625,4550.0,4552.60009765625,800
2026-05-19 03:45:00+00:00,4548.89990234375,4552.7001953125,4545.2001953125,4550.60009765625,932
2026-05-19 04:00:00+00:00,4543.2001953125,4548.7998046875,4541.89990234375,4547.7998046875,773
2026-05-19 04:15:00+00:00,4543.2998046875,4546.39990234375,4541.2998046875,4543.7998046875,620
2026-05-19 04:30:00+00:00,4542.39990234375,4545.2998046875,4540.89990234375,4543.7998046875,294
2026-05-19 04:45:00+00:00,4545.39990234375,4546.89990234375,4542.7998046875,4543.0,360
2026-05-19 05:00:00+00:00,4547.7998046875,4549.89990234375,4542.7001953125,4545.60009765625,545
2026-05-19 05:15:00+00:00,4541.7001953125,4548.10009765625,4533.89990234375,4547.7001953125,1166
2026-05-19 05:30:00+00:00,4541.7001953125,4547.2001953125,4535.7998046875,4541.7998046875,991
2026-05-19 05:45:00+00:00,4543.7998046875,4546.7001953125,4536.0,4541.2998046875,2053
2026-05-19 06:00:00+00:00,4545.2001953125,4549.10009765625,4536.5,4543.7001953125,1314
2026-05-19 06:15:00+00:00,4551.0,4557.10009765625,4544.10009765625,4545.0,2022
2026-05-19 06:30:00+00:00,4555.89990234375,4556.0,4547.7001953125,4549.7998046875,1199
2026-05-19 06:45:00+00:00,4551.2998046875,4556.39990234375,4546.2001953125,4555.60009765625,775
2026-05-19 07:00:00+00:00,4551.10009765625,4558.89990234375,4547.60009765625,4550.39990234375,1438
2026-05-19 07:15:00+00:00,4551.5,4553.0,4546.2998046875,4551.89990234375,790
2026-05-19 07:30:00+00:00,4545.5,4552.2998046875,4544.7001953125,4551.5,1056
2026-05-19 07:45:00+00:00,4560.7001953125,4562.7001953125,4545.39990234375,4545.39990234375,1616
2026-05-19 08:00:00+00:00,4550.0,4562.5,4545.7998046875,4560.7001953125,1834
2026-05-19 08:15:00+00:00,4541.7001953125,4551.2998046875,4539.10009765625,4550.0,1252
2026-05-19 08:30:00+00:00,4546.39990234375,4548.2998046875,4540.2998046875,4541.7001953125,936
2026-05-19 08:45:00+00:00,4546.39990234375,4551.89990234375,4541.7001953125,4546.2998046875,1381
2026-05-19 09:00:00+00:00,4542.60009765625,4545.7998046875,4540.0,4545.7998046875,657
2026-05-19 09:15:00+00:00,4543.5,4550.0,4538.7998046875,4542.60009765625,1132
2026-05-19 09:30:00+00:00,4542.7001953125,4546.10009765625,4539.60009765625,4543.60009765625,1119
2026-05-19 09:45:00+00:00,4545.0,4548.39990234375,4541.0,4542.5,721
2026-05-19 10:00:00+00:00,4544.5,4545.89990234375,4538.60009765625,4544.5,885
2026-05-19 10:15:00+00:00,4543.2001953125,4545.0,4541.2998046875,4545.0,233
2026-05-19 10:30:00+00:00,4532.7001953125,4546.60009765625,4528.60009765625,4544.2001953125,1820
2026-05-19 10:45:00+00:00,4547.89990234375,4548.0,4531.10009765625,4532.2001953125,1597
2026-05-19 11:00:00+00:00,4540.10009765625,4551.5,4539.2001953125,4547.7001953125,1204
2026-05-19 11:15:00+00:00,4542.7001953125,4545.7998046875,4539.10009765625,4539.89990234375,726
2026-05-19 11:30:00+00:00,4545.2001953125,4546.7001953125,4540.2001953125,4542.39990234375,553
2026-05-19 11:45:00+00:00,4534.0,4545.7001953125,4533.10009765625,4545.5,1066
2026-05-19 12:00:00+00:00,4545.60009765625,4550.0,4530.2998046875,4533.7998046875,1672
2026-05-19 12:15:00+00:00,4546.7001953125,4548.2001953125,4540.10009765625,4545.89990234375,1889
2026-05-19 12:30:00+00:00,4540.7001953125,4550.89990234375,4540.2998046875,4546.7001953125,1822
2026-05-19 12:45:00+00:00,4541.60009765625,4545.2001953125,4539.0,4541.10009765625,1125
2026-05-19 13:00:00+00:00,4527.2998046875,4541.0,4516.2998046875,4540.39990234375,6065
2026-05-19 13:15:00+00:00,4494.39990234375,4529.2001953125,4493.0,4527.10009765625,8103
2026-05-19 13:30:00+00:00,4478.5,4498.10009765625,4467.10009765625,4494.7001953125,12368
2026-05-19 13:45:00+00:00,4506.7001953125,4513.89990234375,4476.2998046875,4478.7001953125,8640
2026-05-19 14:00:00+00:00,4495.7001953125,4517.0,4494.10009765625,4506.60009765625,6020
2026-05-19 14:15:00+00:00,4492.7001953125,4503.5,4487.0,4495.7001953125,3972
2026-05-19 14:30:00+00:00,4497.39990234375,4501.89990234375,4491.2001953125,4493.0,3888
2026-05-19 14:45:00+00:00,4496.89990234375,4500.2998046875,4489.2001953125,4497.2998046875,2646
2026-05-19 15:00:00+00:00,4502.60009765625,4503.39990234375,4492.7998046875,4497.89990234375,1956
2026-05-19 15:15:00+00:00,4503.0,4508.60009765625,4497.5,4502.2998046875,2047
2026-05-19 15:30:00+00:00,4505.5,4511.2998046875,4501.39990234375,4502.0,2390
2026-05-19 15:45:00+00:00,4511.7001953125,4512.89990234375,4503.7001953125,4505.7998046875,995
2026-05-19 16:00:00+00:00,4504.39990234375,4514.0,4499.5,4512.0,2010
2026-05-19 16:15:00+00:00,4512.2001953125,4515.60009765625,4501.89990234375,4504.5,1115
2026-05-19 16:30:00+00:00,4509.10009765625,4516.0,4508.89990234375,4512.5,915
2026-05-19 16:45:00+00:00,4511.2001953125,4512.7998046875,4508.2001953125,4509.5,753
2026-05-19 17:00:00+00:00,4514.10009765625,4514.5,4509.39990234375,4511.0,1022
2026-05-19 17:15:00+00:00,4510.5,4514.60009765625,4506.7001953125,4513.7998046875,2218
2026-05-19 17:30:00+00:00,4507.89990234375,4511.7998046875,4506.0,4510.2998046875,1272
2026-05-19 17:45:00+00:00,4504.60009765625,4508.2001953125,4502.60009765625,4508.2001953125,470
2026-05-19 18:00:00+00:00,4504.60009765625,4507.5,4503.2001953125,4504.5,421
2026-05-19 18:15:00+00:00,4499.39990234375,4505.5,4498.60009765625,4504.7001953125,808
2026-05-19 18:30:00+00:00,4502.10009765625,4504.0,4496.5,4499.2998046875,637
2026-05-19 18:45:00+00:00,4496.7998046875,4503.2001953125,4493.10009765625,4501.89990234375,561
2026-05-19 19:00:00+00:00,4499.7998046875,4500.7001953125,4496.2001953125,4496.39990234375,360
2026-05-19 19:15:00+00:00,4490.0,4500.2001953125,4488.60009765625,4500.2001953125,1078
2026-05-19 19:30:00+00:00,4491.60009765625,4493.2001953125,4489.2998046875,4490.60009765625,801
2026-05-19 19:45:00+00:00,4487.0,4492.2998046875,4484.7998046875,4491.89990234375,1171
2026-05-19 20:00:00+00:00,4488.89990234375,4490.60009765625,4484.2998046875,4486.89990234375,511
2026-05-19 20:15:00+00:00,4489.39990234375,4491.89990234375,4486.89990234375,4488.7998046875,239
2026-05-19 20:30:00+00:00,4486.60009765625,4489.7001953125,4485.10009765625,4489.7001953125,335
2026-05-19 20:45:00+00:00,4485.39990234375,4487.7001953125,4484.89990234375,4487.10009765625,400
2026-05-19 22:00:00+00:00,4485.89990234375,4488.60009765625,4482.0,4486.60009765625,98
2026-05-19 22:15:00+00:00,4482.2001953125,4485.5,4480.7001953125,4485.39990234375,235
2026-05-19 22:30:00+00:00,4485.89990234375,4488.7998046875,4480.0,4482.2001953125,475
2026-05-19 22:45:00+00:00,4487.60009765625,4487.60009765625,4482.10009765625,4484.60009765625,262
2026-05-19 23:00:00+00:00,4489.2001953125,4489.5,4482.89990234375,4486.5,268
2026-05-19 23:15:00+00:00,4488.89990234375,4492.10009765625,4486.0,4489.10009765625,398
2026-05-19 23:30:00+00:00,4495.10009765625,4499.5,4488.39990234375,4489.39990234375,682
2026-05-19 23:45:00+00:00,4491.7998046875,4498.2001953125,4491.10009765625,4495.0,1110
2026-05-20 00:00:00+00:00,4492.39990234375,4493.39990234375,4482.2001953125,4492.2001953125,780
2026-05-20 00:15:00+00:00,4504.7998046875,4505.0,4484.0,4491.60009765625,1366
2026-05-20 00:30:00+00:00,4507.7998046875,4510.39990234375,4502.7001953125,4505.0,905
2026-05-20 00:45:00+00:00,4503.89990234375,4512.0,4500.89990234375,4507.5,481
2026-05-20 01:00:00+00:00,4495.10009765625,4509.2998046875,4490.60009765625,4503.7998046875,1484
2026-05-20 01:15:00+00:00,4476.0,4499.2998046875,4475.60009765625,4495.39990234375,1115
2026-05-20 01:30:00+00:00,4469.7998046875,4479.89990234375,4458.0,4476.60009765625,2898
2026-05-20 01:45:00+00:00,4484.2998046875,4490.89990234375,4465.7998046875,4469.89990234375,1727
2026-05-20 02:00:00+00:00,4483.7001953125,4489.5,4478.60009765625,4484.0,768
2026-05-20 02:15:00+00:00,4483.7998046875,4489.60009765625,4478.7001953125,4483.89990234375,919
2026-05-20 02:30:00+00:00,4463.10009765625,4485.7001953125,4462.89990234375,4483.60009765625,1680
2026-05-20 02:45:00+00:00,4467.2001953125,4468.2001953125,4460.60009765625,4463.10009765625,1126
2026-05-20 03:00:00+00:00,4459.2998046875,4469.2001953125,4455.0,4467.39990234375,1897
2026-05-20 03:15:00+00:00,4463.10009765625,4466.10009765625,4459.5,4460.10009765625,559
2026-05-20 03:30:00+00:00,4462.39990234375,4468.2998046875,4459.7001953125,4463.89990234375,872
2026-05-20 03:45:00+00:00,4467.10009765625,4467.2001953125,4459.89990234375,4462.7001953125,477
2026-05-20 04:00:00+00:00,4471.2001953125,4472.2001953125,4465.39990234375,4465.7998046875,585
2026-05-20 04:15:00+00:00,4467.10009765625,4472.5,4464.0,4471.5,731
2026-05-20 04:30:00+00:00,4464.89990234375,4467.7001953125,4462.2001953125,4467.39990234375,402
2026-05-20 04:45:00+00:00,4464.2001953125,4465.10009765625,4458.60009765625,4464.60009765625,606
2026-05-20 05:00:00+00:00,4471.60009765625,4475.89990234375,4463.7998046875,4464.0,656
2026-05-20 05:15:00+00:00,4470.60009765625,4477.89990234375,4469.2001953125,4471.5,855
2026-05-20 05:30:00+00:00,4474.39990234375,4481.7998046875,4470.10009765625,4470.89990234375,1048
2026-05-20 05:45:00+00:00,4475.2001953125,4477.2001953125,4465.2001953125,4474.5,916
2026-05-20 06:00:00+00:00,4474.0,4479.7998046875,4469.7998046875,4474.7998046875,829
2026-05-20 06:15:00+00:00,4474.39990234375,4480.7001953125,4470.10009765625,4475.0,1418
2026-05-20 06:30:00+00:00,4469.2998046875,4475.10009765625,4463.60009765625,4474.2001953125,926
2026-05-20 06:45:00+00:00,4476.7001953125,4481.10009765625,4467.89990234375,4469.60009765625,1623
2026-05-20 07:00:00+00:00,4483.89990234375,4487.7998046875,4474.5,4476.39990234375,1708
2026-05-20 07:15:00+00:00,4485.10009765625,4486.60009765625,4479.0,4483.39990234375,975
2026-05-20 07:30:00+00:00,4483.7001953125,4488.7001953125,4478.60009765625,4485.39990234375,1665
2026-05-20 07:45:00+00:00,4480.89990234375,4484.2998046875,4477.5,4483.60009765625,1297
2026-05-20 08:00:00+00:00,4484.7998046875,4486.60009765625,4479.10009765625,4481.10009765625,1478
2026-05-20 08:15:00+00:00,4489.39990234375,4489.39990234375,4480.60009765625,4484.60009765625,1255
2026-05-20 08:30:00+00:00,4482.0,4492.0,4479.10009765625,4489.2998046875,1224
2026-05-20 08:45:00+00:00,4486.5,4492.7998046875,4481.89990234375,4481.89990234375,1274
2026-05-20 09:00:00+00:00,4482.60009765625,4488.7001953125,4482.0,4486.2001953125,2707
2026-05-20 09:15:00+00:00,4476.39990234375,4486.10009765625,4475.2001953125,4482.7998046875,1770
2026-05-20 09:30:00+00:00,4485.7001953125,4487.5,4475.10009765625,4476.5,2068
2026-05-20 09:45:00+00:00,4487.5,4494.2001953125,4484.39990234375,4485.89990234375,1496
2026-05-20 10:00:00+00:00,4490.89990234375,4494.89990234375,4487.2998046875,4487.5,1553
2026-05-20 10:15:00+00:00,4491.7001953125,4495.5,4490.0,4490.7998046875,1450
2026-05-20 10:30:00+00:00,4497.0,4499.7998046875,4491.10009765625,4491.39990234375,977
2026-05-20 10:45:00+00:00,4497.10009765625,4498.60009765625,4492.89990234375,4497.2998046875,1116
2026-05-20 11:00:00+00:00,4495.39990234375,4499.39990234375,4495.10009765625,4497.5,885
2026-05-20 11:15:00+00:00,4502.7998046875,4503.7001953125,4493.7001953125,4495.7998046875,1042
2026-05-20 11:30:00+00:00,4497.89990234375,4502.7001953125,4495.89990234375,4502.10009765625,1020
2026-05-20 11:45:00+00:00,4501.2001953125,4501.60009765625,4493.10009765625,4497.2998046875,2371
2026-05-20 12:00:00+00:00,4498.7001953125,4503.60009765625,4498.10009765625,4501.0,1324
2026-05-20 12:15:00+00:00,4502.2998046875,4502.2998046875,4495.2998046875,4498.7001953125,1664
2026-05-20 12:30:00+00:00,4505.39990234375,4507.2998046875,4501.89990234375,4502.2998046875,1889
2026-05-20 12:45:00+00:00,4499.0,4508.10009765625,4496.5,4505.7001953125,5089
2026-05-20 13:00:00+00:00,4507.89990234375,4509.0,4496.5,4499.0,3904
2026-05-20 13:15:00+00:00,4491.89990234375,4508.10009765625,4491.7001953125,4507.7001953125,2451
2026-05-20 13:30:00+00:00,4492.7998046875,4495.7998046875,4485.5,4491.7998046875,2952
2026-05-20 13:45:00+00:00,4485.7001953125,4495.2998046875,4484.60009765625,4492.39990234375,2304
2026-05-20 14:00:00+00:00,4479.5,4488.10009765625,4469.10009765625,4485.5,4872
2026-05-20 14:15:00+00:00,4509.5,4514.10009765625,4478.89990234375,4479.39990234375,10553
2026-05-20 14:30:00+00:00,4523.7998046875,4531.89990234375,4509.89990234375,4509.89990234375,6635
2026-05-20 14:45:00+00:00,4534.39990234375,4540.5,4519.5,4524.0,4307
2026-05-20 15:00:00+00:00,4527.7998046875,4539.2001953125,4526.5,4534.7998046875,3211
2026-05-20 15:15:00+00:00,4533.0,4558.39990234375,4527.7998046875,4528.10009765625,7257
2026-05-20 15:30:00+00:00,4540.2998046875,4542.7998046875,4531.0,4532.2998046875,2183
2026-05-20 15:45:00+00:00,4532.10009765625,4541.2001953125,4530.39990234375,4540.2998046875,2181
2026-05-20 16:00:00+00:00,4537.0,4538.7998046875,4531.5,4532.10009765625,1660
2026-05-20 16:15:00+00:00,4529.2998046875,4536.60009765625,4527.10009765625,4536.60009765625,1683
2026-05-20 16:30:00+00:00,4537.0,4537.10009765625,4527.39990234375,4529.2001953125,1468
2026-05-20 16:45:00+00:00,4537.5,4538.7998046875,4533.39990234375,4537.10009765625,1997
2026-05-20 17:00:00+00:00,4537.7998046875,4542.0,4534.2001953125,4537.7001953125,2145
2026-05-20 17:15:00+00:00,4535.5,4540.39990234375,4534.2001953125,4537.7998046875,2279
2026-05-20 17:30:00+00:00,4536.2001953125,4539.7001953125,4533.0,4535.7998046875,1387
2026-05-20 17:45:00+00:00,4535.10009765625,4538.60009765625,4533.5,4536.2998046875,586
2026-05-20 18:00:00+00:00,4536.39990234375,4537.7001953125,4532.2998046875,4534.60009765625,581
2026-05-20 18:15:00+00:00,4538.60009765625,4540.0,4535.2001953125,4536.39990234375,637
2026-05-20 18:30:00+00:00,4540.7001953125,4546.89990234375,4538.39990234375,4538.60009765625,1727
2026-05-20 18:45:00+00:00,4545.60009765625,4548.5,4540.39990234375,4540.39990234375,598
2026-05-20 19:00:00+00:00,4546.7998046875,4548.5,4544.89990234375,4545.7998046875,457
2026-05-20 19:15:00+00:00,4548.10009765625,4549.2998046875,4546.60009765625,4547.2998046875,595
2026-05-20 19:30:00+00:00,4549.5,4553.7998046875,4547.60009765625,4548.2998046875,1176
2026-05-20 19:45:00+00:00,4548.10009765625,4551.2998046875,4547.89990234375,4549.7001953125,1216
2026-05-20 20:00:00+00:00,4549.2001953125,4553.2001953125,4548.0,4548.39990234375,744
2026-05-20 20:15:00+00:00,4548.60009765625,4551.2001953125,4545.7998046875,4549.7001953125,603
2026-05-20 20:30:00+00:00,4546.2001953125,4549.10009765625,4545.2001953125,4549.0,516
2026-05-20 20:45:00+00:00,4546.2001953125,4547.2998046875,4544.5,4545.89990234375,419
2026-05-20 22:00:00+00:00,4541.2001953125,4549.89990234375,4539.5,4548.0,438
2026-05-20 22:15:00+00:00,4540.10009765625,4541.2001953125,4536.0,4541.2001953125,481
2026-05-20 22:30:00+00:00,4543.0,4544.2998046875,4540.2001953125,4540.5,321
2026-05-20 22:45:00+00:00,4541.2001953125,4545.60009765625,4538.2001953125,4542.7998046875,756
2026-05-20 23:00:00+00:00,4541.2001953125,4544.7001953125,4538.89990234375,4540.89990234375,253
2026-05-20 23:15:00+00:00,4539.39990234375,4541.60009765625,4535.60009765625,4541.2998046875,367
2026-05-20 23:30:00+00:00,4544.2001953125,4546.2001953125,4538.89990234375,4539.60009765625,458
2026-05-20 23:45:00+00:00,4548.0,4548.60009765625,4543.39990234375,4543.7998046875,296
2026-05-21 00:00:00+00:00,4546.2001953125,4549.89990234375,4541.39990234375,4548.2998046875,489
2026-05-21 00:15:00+00:00,4545.2001953125,4554.60009765625,4538.7001953125,4546.89990234375,1190
2026-05-21 00:30:00+00:00,4545.2001953125,4547.10009765625,4541.39990234375,4545.60009765625,182
2026-05-21 00:45:00+00:00,4547.0,4550.2001953125,4543.89990234375,4545.5,321
2026-05-21 01:00:00+00:00,4562.10009765625,4562.5,4541.39990234375,4548.0,2167
2026-05-21 01:15:00+00:00,4569.10009765625,4570.2001953125,4558.89990234375,4562.10009765625,1669
2026-05-21 01:30:00+00:00,4569.7001953125,4572.39990234375,4563.60009765625,4568.7001953125,1132
2026-05-21 01:45:00+00:00,4562.89990234375,4570.10009765625,4560.7001953125,4569.39990234375,891
2026-05-21 02:00:00+00:00,4554.2001953125,4566.7998046875,4552.60009765625,4562.60009765625,822
2026-05-21 02:15:00+00:00,4542.10009765625,4555.10009765625,4541.60009765625,4553.5,1182
2026-05-21 02:30:00+00:00,4538.0,4544.39990234375,4535.7001953125,4541.7998046875,1224
2026-05-21 02:45:00+00:00,4535.2998046875,4538.60009765625,4533.2001953125,4537.7998046875,520
2026-05-21 03:00:00+00:00,4539.2998046875,4540.5,4532.5,4534.60009765625,702
2026-05-21 03:15:00+00:00,4537.60009765625,4541.7001953125,4534.7001953125,4539.39990234375,343
2026-05-21 03:30:00+00:00,4535.2998046875,4539.0,4533.10009765625,4537.39990234375,372
2026-05-21 03:45:00+00:00,4529.89990234375,4536.0,4528.2998046875,4535.7001953125,840
2026-05-21 04:00:00+00:00,4537.5,4537.60009765625,4528.39990234375,4529.39990234375,627
2026-05-21 04:15:00+00:00,4541.0,4541.39990234375,4535.7001953125,4537.7998046875,475
2026-05-21 04:30:00+00:00,4538.2998046875,4541.60009765625,4535.10009765625,4541.2001953125,350
2026-05-21 04:45:00+00:00,4540.0,4540.2998046875,4536.5,4538.2001953125,177
2026-05-21 05:00:00+00:00,4532.39990234375,4541.60009765625,4531.0,4539.7998046875,407
2026-05-21 05:15:00+00:00,4524.0,4532.5,4522.7998046875,4531.89990234375,1241
2026-05-21 05:30:00+00:00,4526.7998046875,4528.2001953125,4519.0,4524.5,838
2026-05-21 05:45:00+00:00,4528.89990234375,4531.0,4519.10009765625,4526.60009765625,767
2026-05-21 06:00:00+00:00,4532.7001953125,4536.5,4527.5,4528.0,1235
2026-05-21 06:15:00+00:00,4534.10009765625,4541.2001953125,4529.2998046875,4532.10009765625,1416
2026-05-21 06:30:00+00:00,4526.0,4536.10009765625,4523.89990234375,4534.10009765625,1202
2026-05-21 06:45:00+00:00,4523.10009765625,4527.39990234375,4520.0,4525.89990234375,848
2026-05-21 07:00:00+00:00,4522.2001953125,4525.7998046875,4518.7998046875,4522.89990234375,767
2026-05-21 07:15:00+00:00,4514.2001953125,4524.5,4513.2001953125,4521.39990234375,1112
2026-05-21 07:30:00+00:00,4517.39990234375,4519.0,4513.2998046875,4514.2998046875,1605
2026-05-21 07:45:00+00:00,4520.7998046875,4524.5,4515.39990234375,4517.60009765625,1207
2026-05-21 08:00:00+00:00,4535.2998046875,4537.2001953125,4519.2001953125,4520.89990234375,1673
2026-05-21 08:15:00+00:00,4536.7998046875,4538.2001953125,4530.2001953125,4535.7998046875,1587
2026-05-21 08:30:00+00:00,4531.2998046875,4536.89990234375,4528.10009765625,4536.89990234375,1187
2026-05-21 08:45:00+00:00,4534.2998046875,4536.10009765625,4529.2001953125,4530.60009765625,666
2026-05-21 09:00:00+00:00,4539.0,4541.89990234375,4533.0,4533.7001953125,820
2026-05-21 09:15:00+00:00,4538.39990234375,4543.89990234375,4536.5,4539.10009765625,1210
2026-05-21 09:30:00+00:00,4531.0,4544.2001953125,4530.7001953125,4538.0,1544
2026-05-21 09:45:00+00:00,4531.7001953125,4534.2998046875,4528.7998046875,4530.7998046875,691
2026-05-21 10:00:00+00:00,4533.5,4537.60009765625,4531.10009765625,4531.60009765625,1038
2026-05-21 10:15:00+00:00,4519.2998046875,4536.0,4511.39990234375,4533.7001953125,2427
2026-05-21 10:30:00+00:00,4518.39990234375,4519.39990234375,4505.7001953125,4519.2998046875,2653
2026-05-21 10:45:00+00:00,4511.89990234375,4518.7998046875,4511.7998046875,4517.7998046875,1056
2026-05-21 11:00:00+00:00,4517.10009765625,4521.10009765625,4511.39990234375,4512.2998046875,950
2026-05-21 11:15:00+00:00,4515.2001953125,4522.5,4513.5,4517.7998046875,938
2026-05-21 11:30:00+00:00,4513.39990234375,4516.89990234375,4508.7998046875,4515.2998046875,583
2026-05-21 11:45:00+00:00,4515.0,4518.2998046875,4511.89990234375,4513.0,534
2026-05-21 12:00:00+00:00,4515.5,4520.2001953125,4514.7998046875,4515.2001953125,1073
2026-05-21 12:15:00+00:00,4507.5,4515.5,4503.2998046875,4515.10009765625,1687
2026-05-21 12:30:00+00:00,4516.10009765625,4518.7998046875,4505.2001953125,4507.5,5999
2026-05-21 12:45:00+00:00,4505.0,4519.10009765625,4501.39990234375,4516.2001953125,2386
2026-05-21 13:00:00+00:00,4502.7998046875,4513.7001953125,4500.0,4505.10009765625,2609
2026-05-21 13:15:00+00:00,4502.0,4506.60009765625,4496.0,4503.0,2664
2026-05-21 13:30:00+00:00,4498.7001953125,4503.5,4488.2998046875,4502.2001953125,4440
2026-05-21 13:45:00+00:00,4513.7001953125,4522.2998046875,4495.60009765625,4498.39990234375,4603
2026-05-21 14:00:00+00:00,4509.5,4516.7001953125,4504.10009765625,4514.10009765625,9704
2026-05-21 14:15:00+00:00,4508.89990234375,4510.7998046875,4499.2001953125,4509.7998046875,3751
2026-05-21 14:30:00+00:00,4506.10009765625,4512.7001953125,4503.89990234375,4508.89990234375,3798
2026-05-21 14:45:00+00:00,4510.0,4512.0,4503.10009765625,4506.5,4821
2026-05-21 15:00:00+00:00,4511.2998046875,4517.0,4498.0,4510.5,2692
2026-05-21 15:15:00+00:00,4504.60009765625,4513.10009765625,4503.2001953125,4511.7001953125,5088
2026-05-21 15:30:00+00:00,4508.10009765625,4511.10009765625,4503.7001953125,4504.39990234375,4003
2026-05-21 15:45:00+00:00,4513.0,4513.89990234375,4508.10009765625,4508.39990234375,1930
2026-05-21 16:00:00+00:00,4518.60009765625,4522.39990234375,4513.10009765625,4513.2001953125,2391
2026-05-21 16:15:00+00:00,4517.7998046875,4520.0,4515.7998046875,4518.7001953125,3204
2026-05-21 16:30:00+00:00,4519.2998046875,4520.7001953125,4516.7998046875,4517.7001953125,898
2026-05-21 16:45:00+00:00,4520.7001953125,4521.89990234375,4517.5,4519.2001953125,881
2026-05-21 17:00:00+00:00,4527.7001953125,4533.0,4515.0,4521.0,3220
2026-05-21 17:15:00+00:00,4543.39990234375,4548.10009765625,4527.60009765625,4527.7001953125,6427
2026-05-21 17:30:00+00:00,4550.0,4550.89990234375,4540.2998046875,4543.2998046875,4042
2026-05-21 17:45:00+00:00,4553.10009765625,4561.2001953125,4546.5,4550.39990234375,2470
2026-05-21 18:00:00+00:00,4547.2001953125,4557.7998046875,4544.5,4553.0,1796
2026-05-21 18:15:00+00:00,4549.89990234375,4552.2998046875,4545.89990234375,4547.2998046875,804
2026-05-21 18:30:00+00:00,4547.0,4551.10009765625,4544.2001953125,4549.7001953125,807
2026-05-21 18:45:00+00:00,4533.7001953125,4547.5,4528.60009765625,4546.60009765625,2167
2026-05-21 19:00:00+00:00,4538.7998046875,4539.39990234375,4531.2998046875,4533.39990234375,785
2026-05-21 19:15:00+00:00,4540.2001953125,4543.5,4539.0,4539.5,569
2026-05-21 19:30:00+00:00,4540.2998046875,4544.39990234375,4539.7998046875,4540.10009765625,416
2026-05-21 19:45:00+00:00,4544.10009765625,4545.0,4535.5,4540.5,1406
2026-05-21 20:00:00+00:00,4543.2998046875,4545.89990234375,4542.0,4543.89990234375,596
2026-05-21 20:15:00+00:00,4542.39990234375,4543.39990234375,4540.89990234375,4542.89990234375,90
2026-05-21 20:30:00+00:00,4541.7001953125,4543.2998046875,4541.2998046875,4542.5,136
2026-05-21 20:45:00+00:00,4544.2001953125,4544.7001953125,4540.7998046875,4541.5,1695
2026-05-21 22:00:00+00:00,4543.0,4547.0,4540.39990234375,4544.2001953125,159
2026-05-21 22:15:00+00:00,4541.2001953125,4543.7001953125,4540.5,4542.60009765625,92
2026-05-21 22:30:00+00:00,4543.2998046875,4544.7001953125,4540.7998046875,4542.10009765625,145
2026-05-21 22:45:00+00:00,4544.10009765625,4544.10009765625,4541.7001953125,4543.7001953125,64
2026-05-21 23:00:00+00:00,4544.2001953125,4545.7998046875,4543.2001953125,4544.39990234375,89
2026-05-21 23:15:00+00:00,4541.2998046875,4545.2998046875,4535.60009765625,4544.39990234375,193
2026-05-21 23:30:00+00:00,4533.5,4540.7998046875,4533.39990234375,4540.7998046875,262
2026-05-21 23:45:00+00:00,4536.0,4537.10009765625,4532.7001953125,4533.89990234375,390
2026-05-22 00:00:00+00:00,4532.0,4537.60009765625,4531.5,4536.2001953125,332
2026-05-22 00:15:00+00:00,4537.60009765625,4538.2998046875,4530.89990234375,4532.2998046875,278
2026-05-22 00:30:00+00:00,4538.7001953125,4541.89990234375,4536.7998046875,4537.7998046875,564
2026-05-22 00:45:00+00:00,4528.39990234375,4539.39990234375,4526.5,4539.39990234375,619
2026-05-22 01:00:00+00:00,4530.89990234375,4537.2998046875,4524.10009765625,4527.60009765625,1000
2026-05-22 01:15:00+00:00,4530.0,4534.5,4527.2998046875,4530.89990234375,390
2026-05-22 01:30:00+00:00,4526.10009765625,4530.60009765625,4521.7001953125,4529.0,707
2026-05-22 01:45:00+00:00,4526.7001953125,4533.5,4525.7001953125,4525.7001953125,431
2026-05-22 02:00:00+00:00,4528.7998046875,4530.39990234375,4522.39990234375,4526.89990234375,578
2026-05-22 02:15:00+00:00,4525.39990234375,4529.60009765625,4523.2001953125,4528.89990234375,247
2026-05-22 02:30:00+00:00,4524.2001953125,4525.5,4519.39990234375,4524.7998046875,557
2026-05-22 02:45:00+00:00,4523.7998046875,4528.2001953125,4520.39990234375,4524.10009765625,500
2026-05-22 03:00:00+00:00,4521.39990234375,4526.0,4521.2001953125,4523.89990234375,363
2026-05-22 03:15:00+00:00,4522.39990234375,4523.60009765625,4519.7001953125,4521.39990234375,379
2026-05-22 03:30:00+00:00,4527.2998046875,4528.39990234375,4522.2998046875,4522.7001953125,893
2026-05-22 03:45:00+00:00,4529.89990234375,4530.5,4527.2001953125,4527.89990234375,254
2026-05-22 04:00:00+00:00,4530.2998046875,4531.2998046875,4528.7001953125,4530.60009765625,406
2026-05-22 04:15:00+00:00,4533.2001953125,4533.7998046875,4528.39990234375,4530.2998046875,247
2026-05-22 04:30:00+00:00,4530.2998046875,4533.7998046875,4526.60009765625,4533.2001953125,351
2026-05-22 04:45:00+00:00,4528.10009765625,4531.2001953125,4528.0,4529.7998046875,148
2026-05-22 05:00:00+00:00,4526.5,4530.5,4524.2998046875,4528.39990234375,301
2026-05-22 05:15:00+00:00,4527.39990234375,4529.7998046875,4524.5,4526.10009765625,377
2026-05-22 05:30:00+00:00,4534.7001953125,4535.2998046875,4526.0,4526.39990234375,606
2026-05-22 05:45:00+00:00,4512.39990234375,4535.39990234375,4508.2001953125,4535.0,1700
2026-05-22 06:00:00+00:00,4522.5,4525.0,4511.10009765625,4511.89990234375,1306
2026-05-22 06:15:00+00:00,4525.89990234375,4527.0,4517.10009765625,4522.2001953125,1117
2026-05-22 06:30:00+00:00,4527.60009765625,4528.2998046875,4522.2998046875,4526.0,754
2026-05-22 06:45:00+00:00,4527.7001953125,4529.60009765625,4524.7001953125,4527.60009765625,1090
2026-05-22 07:00:00+00:00,4523.2001953125,4527.7001953125,4521.60009765625,4527.2001953125,1116
2026-05-22 07:15:00+00:00,4526.2001953125,4528.2001953125,4522.7001953125,4523.2001953125,950
2026-05-22 07:30:00+00:00,4520.7998046875,4526.5,4516.7001953125,4526.5,803
2026-05-22 07:45:00+00:00,4522.7001953125,4524.10009765625,4518.2998046875,4520.2998046875,725
2026-05-22 08:00:00+00:00,4525.2998046875,4530.7001953125,4522.5,4522.7001953125,1295
2026-05-22 08:15:00+00:00,4527.39990234375,4531.89990234375,4524.5,4525.5,1404
2026-05-22 08:30:00+00:00,4523.10009765625,4528.0,4516.89990234375,4528.0,1261
2026-05-22 08:45:00+00:00,4522.89990234375,4526.0,4522.2998046875,4523.5,637
2026-05-22 09:00:00+00:00,4517.89990234375,4526.2998046875,4517.5,4522.39990234375,1087
2026-05-22 09:15:00+00:00,4518.2001953125,4521.10009765625,4515.7998046875,4517.60009765625,1176
2026-05-22 09:30:00+00:00,4525.5,4527.0,4515.0,4518.10009765625,1451
2026-05-22 09:45:00+00:00,4532.89990234375,4536.7001953125,4524.89990234375,4526.0,1589
2026-05-22 10:00:00+00:00,4534.60009765625,4537.60009765625,4530.2998046875,4532.89990234375,1071
2026-05-22 10:15:00+00:00,4525.7998046875,4535.10009765625,4525.39990234375,4534.7998046875,1457
2026-05-22 10:30:00+00:00,4513.60009765625,4526.2001953125,4513.5,4525.39990234375,2049
2026-05-22 10:45:00+00:00,4515.5,4516.2998046875,4511.39990234375,4513.7001953125,1112
2026-05-22 11:00:00+00:00,4516.7001953125,4518.2001953125,4514.5,4515.7001953125,711
2026-05-22 11:15:00+00:00,4512.60009765625,4516.39990234375,4512.2998046875,4516.39990234375,1180
2026-05-22 11:30:00+00:00,4522.5,4524.0,4512.0,4512.5,847
2026-05-22 11:45:00+00:00,4521.5,4525.7998046875,4520.60009765625,4522.7001953125,790
2026-05-22 12:00:00+00:00,4530.5,4532.39990234375,4519.0,4521.10009765625,2006
2026-05-22 12:15:00+00:00,4522.60009765625,4537.39990234375,4521.60009765625,4530.39990234375,2752
2026-05-22 12:30:00+00:00,4519.60009765625,4524.7001953125,4515.7001953125,4522.7998046875,1570
2026-05-22 12:45:00+00:00,4529.5,4529.7001953125,4518.39990234375,4519.5,4097
2026-05-22 13:00:00+00:00,4529.10009765625,4535.7001953125,4521.60009765625,4529.60009765625,2505
2026-05-22 13:15:00+00:00,4522.89990234375,4531.0,4521.7998046875,4529.39990234375,1741
2026-05-22 13:30:00+00:00,4518.39990234375,4528.10009765625,4511.2001953125,4522.60009765625,3637
2026-05-22 13:45:00+00:00,4514.5,4519.7001953125,4510.0,4518.0,2446
2026-05-22 14:00:00+00:00,4498.0,4515.0,4488.0,4514.5,5356
2026-05-22 14:15:00+00:00,4499.10009765625,4501.39990234375,4488.89990234375,4497.7998046875,3794
2026-05-22 14:30:00+00:00,4505.10009765625,4507.39990234375,4497.7998046875,4499.7001953125,3579
2026-05-22 14:45:00+00:00,4501.39990234375,4508.2998046875,4501.2001953125,4504.89990234375,2233
2026-05-22 15:00:00+00:00,4511.60009765625,4512.7998046875,4501.0,4501.60009765625,1598
2026-05-22 15:15:00+00:00,4519.89990234375,4519.89990234375,4511.60009765625,4512.0,2335
2026-05-22 15:30:00+00:00,4518.7998046875,4522.89990234375,4518.0,4520.0,1658
2026-05-22 15:45:00+00:00,4521.0,4523.2001953125,4515.39990234375,4519.2001953125,2346
2026-05-22 16:00:00+00:00,4520.39990234375,4521.60009765625,4517.89990234375,4521.2998046875,1519
2026-05-22 16:15:00+00:00,4525.39990234375,4526.0,4517.7001953125,4520.2998046875,1439
2026-05-22 16:30:00+00:00,4516.0,4528.39990234375,4512.7998046875,4525.10009765625,1550
2026-05-22 16:45:00+00:00,4516.2998046875,4519.5,4513.60009765625,4515.89990234375,1207
2026-05-22 17:00:00+00:00,4520.7998046875,4522.89990234375,4516.2001953125,4516.5,1460
2026-05-22 17:15:00+00:00,4526.89990234375,4527.60009765625,4514.5,4520.7998046875,3703
2026-05-22 17:30:00+00:00,4523.39990234375,4529.89990234375,4521.10009765625,4526.7998046875,1737
2026-05-22 17:45:00+00:00,4520.2001953125,4524.2001953125,4520.10009765625,4523.89990234375,441
2026-05-22 18:00:00+00:00,4515.7001953125,4521.0,4513.5,4520.5,1026
2026-05-22 18:15:00+00:00,4517.2001953125,4519.60009765625,4514.0,4515.39990234375,643
2026-05-22 18:30:00+00:00,4516.7998046875,4522.7001953125,4515.7001953125,4517.0,914
2026-05-22 18:45:00+00:00,4517.0,4517.89990234375,4514.60009765625,4517.2001953125,825
2026-05-22 19:00:00+00:00,4509.0,4517.7001953125,4508.7001953125,4516.89990234375,1191
2026-05-22 19:15:00+00:00,4508.7001953125,4511.0,4508.0,4509.0,412
2026-05-22 19:30:00+00:00,4511.39990234375,4512.60009765625,4505.60009765625,4509.10009765625,1224
2026-05-22 19:45:00+00:00,4510.0,4511.5,4508.2998046875,4511.2998046875,890
2026-05-22 20:00:00+00:00,4509.7001953125,4510.89990234375,4505.89990234375,4510.10009765625,441
2026-05-22 20:15:00+00:00,4511.89990234375,4511.89990234375,4508.2998046875,4509.7998046875,192
2026-05-22 20:30:00+00:00,4506.2001953125,4512.0,4505.7998046875,4511.60009765625,438
2026-05-22 20:45:00+00:00,4523.2001953125,4523.2001953125,4505.39990234375,4506.39990234375,550
2026-05-26 04:00:00+00:00,4538.2998046875,4543.60009765625,4536.2998046875,4542.7001953125,540
2026-05-26 04:15:00+00:00,4533.0,4540.2001953125,4533.0,4538.10009765625,627
2026-05-26 04:30:00+00:00,4526.7998046875,4533.7998046875,4525.60009765625,4533.2001953125,2765
2026-05-26 04:45:00+00:00,4526.10009765625,4529.60009765625,4523.89990234375,4526.60009765625,526
2026-05-26 05:00:00+00:00,4529.7001953125,4531.7998046875,4523.39990234375,4525.7998046875,700
2026-05-26 05:15:00+00:00,4531.7998046875,4531.89990234375,4529.2001953125,4529.7001953125,444
2026-05-26 05:30:00+00:00,4529.89990234375,4535.60009765625,4528.2998046875,4531.5,1063
2026-05-26 05:45:00+00:00,4527.7998046875,4530.2001953125,4524.0,4529.60009765625,866
2026-05-26 06:00:00+00:00,4532.0,4533.2001953125,4527.39990234375,4527.89990234375,868
2026-05-26 06:15:00+00:00,4530.7998046875,4536.7001953125,4528.5,4532.0,1645
2026-05-26 06:30:00+00:00,4534.2998046875,4534.39990234375,4529.2998046875,4530.7001953125,1244
2026-05-26 06:45:00+00:00,4531.7998046875,4534.5,4529.2001953125,4534.2998046875,1610
2026-05-26 07:00:00+00:00,4529.0,4534.60009765625,4526.10009765625,4531.89990234375,1599
2026-05-26 07:15:00+00:00,4530.0,4531.89990234375,4522.2998046875,4528.60009765625,988
2026-05-26 07:30:00+00:00,4527.0,4530.10009765625,4521.7998046875,4530.10009765625,1179
2026-05-26 07:45:00+00:00,4538.60009765625,4539.89990234375,4526.10009765625,4527.39990234375,1971
2026-05-26 08:00:00+00:00,4527.7001953125,4539.60009765625,4527.0,4539.0,2518
2026-05-26 08:15:00+00:00,4522.89990234375,4530.2001953125,4520.7001953125,4528.0,1951
2026-05-26 08:30:00+00:00,4525.60009765625,4526.7001953125,4520.2001953125,4522.39990234375,1847
2026-05-26 08:45:00+00:00,4524.7001953125,4527.89990234375,4520.39990234375,4525.5,1990
2026-05-26 09:00:00+00:00,4520.7001953125,4525.5,4519.2998046875,4524.2998046875,1689
2026-05-26 09:15:00+00:00,4525.2001953125,4527.2001953125,4518.2001953125,4520.60009765625,2011
2026-05-26 09:30:00+00:00,4513.60009765625,4525.2998046875,4512.2998046875,4525.2998046875,2601
2026-05-26 09:45:00+00:00,4523.10009765625,4523.89990234375,4513.2998046875,4513.39990234375,2132
2026-05-26 10:00:00+00:00,4529.5,4532.7001953125,4519.5,4523.0,3439
2026-05-26 10:15:00+00:00,4533.89990234375,4535.89990234375,4527.7998046875,4529.7998046875,2349
2026-05-26 10:30:00+00:00,4533.60009765625,4539.2998046875,4531.7998046875,4534.0,1863
2026-05-26 10:45:00+00:00,4534.89990234375,4540.89990234375,4533.7001953125,4533.7998046875,1920
2026-05-26 11:00:00+00:00,4532.10009765625,4537.0,4532.10009765625,4535.10009765625,1665
2026-05-26 11:15:00+00:00,4523.7001953125,4533.2001953125,4522.89990234375,4532.5,3221
2026-05-26 11:30:00+00:00,4510.10009765625,4524.0,4504.2998046875,4523.89990234375,6305
2026-05-26 11:45:00+00:00,4507.5,4515.7998046875,4503.0,4509.7998046875,3658
2026-05-26 12:00:00+00:00,4510.5,4512.60009765625,4503.89990234375,4507.10009765625,3710
2026-05-26 12:15:00+00:00,4506.2998046875,4515.89990234375,4503.7998046875,4510.10009765625,3514
2026-05-26 12:30:00+00:00,4512.0,4512.0,4500.2001953125,4506.2998046875,4797
2026-05-26 12:45:00+00:00,4520.7001953125,4524.2998046875,4510.2998046875,4512.10009765625,4706
2026-05-26 13:00:00+00:00,4518.60009765625,4526.7998046875,4516.5,4520.60009765625,5928
2026-05-26 13:15:00+00:00,4522.7001953125,4528.5,4518.60009765625,4518.89990234375,3297
2026-05-26 13:30:00+00:00,4528.0,4532.2998046875,4521.5,4523.0,4452
2026-05-26 13:45:00+00:00,4514.60009765625,4530.10009765625,4512.60009765625,4528.10009765625,6137
2026-05-26 14:00:00+00:00,4511.2001953125,4521.2998046875,4508.2998046875,4515.10009765625,4067
2026-05-26 14:15:00+00:00,4518.10009765625,4518.7998046875,4509.2001953125,4511.2998046875,7458
2026-05-26 14:30:00+00:00,4522.0,4525.60009765625,4517.2001953125,4518.10009765625,2965
2026-05-26 14:45:00+00:00,4515.60009765625,4522.89990234375,4512.89990234375,4521.89990234375,2217
2026-05-26 15:00:00+00:00,4509.7001953125,4515.7998046875,4508.39990234375,4515.60009765625,2748
2026-05-26 15:15:00+00:00,4506.2001953125,4511.2001953125,4505.2001953125,4509.60009765625,4065
2026-05-26 15:30:00+00:00,4508.7001953125,4509.5,4502.5,4506.7001953125,3391
2026-05-26 15:45:00+00:00,4506.7001953125,4511.2998046875,4506.2001953125,4508.5,3268
2026-05-26 16:00:00+00:00,4502.0,4508.60009765625,4499.2998046875,4506.5,1932
2026-05-26 16:15:00+00:00,4508.60009765625,4509.39990234375,4499.60009765625,4501.7998046875,2117
2026-05-26 16:30:00+00:00,4506.89990234375,4512.0,4506.5,4508.7001953125,2039
2026-05-26 16:45:00+00:00,4505.2001953125,4508.2001953125,4503.10009765625,4506.89990234375,1484
2026-05-26 17:00:00+00:00,4503.7998046875,4507.89990234375,4503.5,4504.89990234375,964
2026-05-26 17:15:00+00:00,4501.39990234375,4508.89990234375,4500.7001953125,4503.7998046875,9335
2026-05-26 17:30:00+00:00,4498.5,4502.0,4494.60009765625,4501.60009765625,6759
2026-05-26 17:45:00+00:00,4490.0,4501.10009765625,4487.39990234375,4498.39990234375,3878
2026-05-26 18:00:00+00:00,4486.60009765625,4492.7998046875,4480.0,4490.0,3928
2026-05-26 18:15:00+00:00,4495.10009765625,4495.60009765625,4485.7001953125,4486.39990234375,1622
2026-05-26 18:30:00+00:00,4495.60009765625,4497.89990234375,4493.7001953125,4494.60009765625,573
2026-05-26 18:45:00+00:00,4498.7001953125,4499.2001953125,4495.5,4495.5,841
2026-05-26 19:00:00+00:00,4499.2998046875,4500.7001953125,4497.2001953125,4499.0,627
2026-05-26 19:15:00+00:00,4502.10009765625,4505.0,4499.0,4499.2001953125,1233
2026-05-26 19:30:00+00:00,4504.39990234375,4505.7001953125,4500.39990234375,4502.0,1129
2026-05-26 19:45:00+00:00,4508.7001953125,4509.7998046875,4503.7001953125,4504.7001953125,1727
2026-05-26 20:00:00+00:00,4507.7998046875,4511.7998046875,4506.10009765625,4509.0,719
2026-05-26 20:15:00+00:00,4506.60009765625,4509.89990234375,4506.2998046875,4508.2001953125,650
2026-05-26 20:30:00+00:00,4508.89990234375,4510.0,4506.0,4507.10009765625,258
2026-05-26 20:45:00+00:00,4507.2998046875,4510.5,4504.2998046875,4509.10009765625,478
2026-05-26 22:00:00+00:00,4505.0,4509.89990234375,4503.2998046875,4507.39990234375,454
2026-05-26 22:15:00+00:00,4505.7998046875,4510.89990234375,4504.2998046875,4505.39990234375,174
2026-05-26 22:30:00+00:00,4501.2998046875,4506.89990234375,4498.89990234375,4506.2998046875,238
2026-05-26 22:45:00+00:00,4510.89990234375,4512.7001953125,4499.89990234375,4502.0,348
2026-05-26 23:00:00+00:00,4508.7001953125,4514.10009765625,4507.39990234375,4512.2998046875,125
2026-05-26 23:15:00+00:00,4511.7998046875,4511.7998046875,4504.7001953125,4509.39990234375,122
2026-05-26 23:30:00+00:00,4526.0,4526.7998046875,4511.0,4512.0,793
2026-05-26 23:45:00+00:00,4519.60009765625,4528.10009765625,4519.2001953125,4526.7998046875,291
2026-05-27 00:00:00+00:00,4521.89990234375,4525.7998046875,4517.0,4517.39990234375,192
2026-05-27 00:15:00+00:00,4517.7998046875,4521.5,4513.60009765625,4520.89990234375,139
2026-05-27 00:30:00+00:00,4518.0,4520.2998046875,4516.2998046875,4517.5,253
2026-05-27 00:45:00+00:00,4514.60009765625,4521.7001953125,4514.60009765625,4519.2001953125,146
2026-05-27 01:00:00+00:00,4519.0,4520.2998046875,4512.10009765625,4516.7998046875,298
2026-05-27 01:15:00+00:00,4515.39990234375,4520.2001953125,4514.0,4519.2998046875,205
2026-05-27 01:30:00+00:00,4509.2998046875,4516.2998046875,4508.60009765625,4514.39990234375,235
2026-05-27 01:45:00+00:00,4507.5,4509.39990234375,4506.2001953125,4508.89990234375,153
2026-05-27 02:00:00+00:00,4502.39990234375,4508.60009765625,4501.60009765625,4508.60009765625,208
2026-05-27 02:15:00+00:00,4505.10009765625,4505.10009765625,4498.39990234375,4503.7001953125,199
2026-05-27 02:30:00+00:00,4500.2998046875,4505.2998046875,4498.10009765625,4505.10009765625,170
2026-05-27 02:45:00+00:00,4505.2001953125,4506.39990234375,4497.7998046875,4498.89990234375,118
2026-05-27 03:00:00+00:00,4508.89990234375,4509.39990234375,4505.2001953125,4505.2998046875,79
2026-05-27 03:15:00+00:00,4504.7998046875,4510.39990234375,4504.7001953125,4508.7001953125,110
2026-05-27 03:30:00+00:00,4503.0,4505.5,4501.0,4505.10009765625,110
2026-05-27 03:45:00+00:00,4496.2998046875,4503.89990234375,4496.2001953125,4502.7001953125,108
2026-05-27 04:00:00+00:00,4501.39990234375,4502.10009765625,4494.7998046875,4496.0,184
2026-05-27 04:15:00+00:00,4499.39990234375,4501.89990234375,4498.7001953125,4501.5,112
2026-05-27 04:30:00+00:00,4507.7001953125,4507.7001953125,4496.89990234375,4498.2998046875,206
2026-05-27 04:45:00+00:00,4509.2998046875,4516.2001953125,4507.39990234375,4507.39990234375,356
2026-05-27 05:00:00+00:00,4508.0,4512.7998046875,4507.89990234375,4508.7998046875,343
2026-05-27 05:15:00+00:00,4505.7998046875,4506.39990234375,4503.39990234375,4506.10009765625,437
2026-05-27 05:30:00+00:00,4492.5,4506.89990234375,4491.0,4506.7998046875,549
2026-05-27 05:45:00+00:00,4496.5,4500.5,4490.5,4491.7001953125,474
2026-05-27 06:00:00+00:00,4492.89990234375,4497.7998046875,4492.2998046875,4496.39990234375,362
2026-05-27 06:15:00+00:00,4486.5,4494.7998046875,4483.0,4493.0,1058
2026-05-27 06:30:00+00:00,4486.60009765625,4487.10009765625,4478.5,4485.5,620
2026-05-27 06:45:00+00:00,4484.5,4489.39990234375,4483.0,4486.7001953125,822
2026-05-27 07:00:00+00:00,4479.7998046875,4487.5,4479.7001953125,4485.2998046875,385
2026-05-27 07:15:00+00:00,4485.5,4488.10009765625,4479.5,4479.5,882
2026-05-27 07:30:00+00:00,4514.39990234375,4520.60009765625,4484.89990234375,4485.39990234375,21316
2026-05-27 07:45:00+00:00,4513.2001953125,4515.7001953125,4505.89990234375,4514.39990234375,1896
2026-05-27 08:00:00+00:00,4517.60009765625,4520.5,4512.2001953125,4513.10009765625,1844
2026-05-27 08:15:00+00:00,4520.39990234375,4524.39990234375,4517.2998046875,4517.7998046875,1525
2026-05-27 08:30:00+00:00,4527.2998046875,4527.89990234375,4517.2998046875,4520.10009765625,1314
2026-05-27 08:45:00+00:00,4528.7001953125,4529.5,4523.7998046875,4527.39990234375,1927
2026-05-27 09:00:00+00:00,4522.7998046875,4528.7001953125,4519.89990234375,4528.5,2374
2026-05-27 09:15:00+00:00,4521.2001953125,4526.60009765625,4520.39990234375,4523.2001953125,1827
2026-05-27 09:30:00+00:00,4520.0,4523.60009765625,4517.89990234375,4521.5,2079
2026-05-27 09:45:00+00:00,4521.7998046875,4524.7001953125,4519.7001953125,4520.0,981
2026-05-27 10:00:00+00:00,4516.89990234375,4522.2998046875,4515.7001953125,4521.60009765625,2013
2026-05-27 10:15:00+00:00,4508.2998046875,4518.0,4507.7998046875,4516.7998046875,2158
2026-05-27 10:30:00+00:00,4496.2001953125,4508.60009765625,4492.2998046875,4508.2001953125,5478
2026-05-27 10:45:00+00:00,4476.2001953125,4497.2998046875,4472.7001953125,4495.7998046875,9837
2026-05-27 11:00:00+00:00,4481.2998046875,4483.89990234375,4473.39990234375,4476.2998046875,4568
2026-05-27 11:15:00+00:00,4470.89990234375,4482.7998046875,4469.2998046875,4481.2998046875,4492
2026-05-27 11:30:00+00:00,4473.39990234375,4474.39990234375,4462.39990234375,4471.0,3593
2026-05-27 11:45:00+00:00,4458.2998046875,4474.7998046875,4454.2998046875,4473.0,3982
2026-05-27 12:00:00+00:00,4460.10009765625,4467.5,4458.10009765625,4458.5,4032
2026-05-27 12:15:00+00:00,4485.0,4496.5,4457.2998046875,4460.10009765625,9808
2026-05-27 12:30:00+00:00,4477.2998046875,4490.39990234375,4475.0,4484.89990234375,4726
2026-05-27 12:45:00+00:00,4469.39990234375,4478.5,4468.2001953125,4477.5,4464
2026-05-27 13:00:00+00:00,4447.10009765625,4469.7001953125,4441.2001953125,4469.2001953125,7631
2026-05-27 13:15:00+00:00,4434.0,4452.10009765625,4431.0,4447.10009765625,9404
2026-05-27 13:30:00+00:00,4450.0,4456.2998046875,4432.89990234375,4433.89990234375,8541
2026-05-27 13:45:00+00:00,4458.2001953125,4465.39990234375,4449.10009765625,4450.2001953125,7387
2026-05-27 14:00:00+00:00,4479.0,4487.2001953125,4457.0,4458.10009765625,7688
2026-05-27 14:15:00+00:00,4476.89990234375,4486.7998046875,4471.39990234375,4479.60009765625,4352
2026-05-27 14:30:00+00:00,4474.5,4480.60009765625,4466.60009765625,4476.7998046875,4849
2026-05-27 14:45:00+00:00,4465.60009765625,4477.7001953125,4464.60009765625,4474.5,3421
2026-05-27 15:00:00+00:00,4463.39990234375,4470.10009765625,4459.5,4465.39990234375,4857
2026-05-27 15:15:00+00:00,4467.60009765625,4467.60009765625,4461.10009765625,4463.2998046875,2500
2026-05-27 15:30:00+00:00,4465.7001953125,4473.0,4464.60009765625,4467.7001953125,2862
2026-05-27 15:45:00+00:00,4468.0,4470.10009765625,4462.2998046875,4465.7998046875,1723
2026-05-27 16:00:00+00:00,4471.7001953125,4473.5,4465.60009765625,4468.10009765625,2832
2026-05-27 16:15:00+00:00,4478.2998046875,4479.2001953125,4471.39990234375,4472.0,2006
2026-05-27 16:30:00+00:00,4482.2998046875,4485.39990234375,4476.5,4478.10009765625,2114
2026-05-27 16:45:00+00:00,4482.39990234375,4484.89990234375,4480.7001953125,4482.2001953125,2267
2026-05-27 17:00:00+00:00,4475.39990234375,4483.39990234375,4472.7001953125,4482.39990234375,2450
2026-05-27 17:15:00+00:00,4481.2001953125,4482.7998046875,4474.7001953125,4475.89990234375,2909
2026-05-27 17:30:00+00:00,4482.10009765625,4485.89990234375,4481.5,4481.5,3324
2026-05-27 17:45:00+00:00,4481.89990234375,4485.7001953125,4481.5,4482.39990234375,1160
2026-05-27 18:00:00+00:00,4481.39990234375,4483.60009765625,4479.0,4481.60009765625,802
2026-05-27 18:15:00+00:00,4487.2998046875,4490.0,4481.2998046875,4481.5,1082
2026-05-27 18:30:00+00:00,4484.7001953125,4488.0,4482.89990234375,4487.10009765625,761
2026-05-27 18:45:00+00:00,4485.89990234375,4486.89990234375,4483.60009765625,4484.39990234375,296
2026-05-27 19:00:00+00:00,4483.5,4486.2998046875,4482.0,4486.0,968
2026-05-27 19:15:00+00:00,4482.5,4485.7001953125,4481.10009765625,4483.5,711
2026-05-27 19:30:00+00:00,4485.5,4486.7001953125,4481.39990234375,4482.7998046875,892
2026-05-27 19:45:00+00:00,4483.0,4485.39990234375,4480.7001953125,4485.2001953125,1184
2026-05-27 20:00:00+00:00,4487.0,4487.0,4481.7998046875,4482.7998046875,656
2026-05-27 20:15:00+00:00,4486.7001953125,4490.60009765625,4486.2998046875,4487.2001953125,465
2026-05-27 20:30:00+00:00,4485.2998046875,4487.60009765625,4483.2998046875,4486.7998046875,201
2026-05-27 20:45:00+00:00,4488.5,4488.5,4484.2001953125,4485.5,256
2026-05-27 22:00:00+00:00,4488.7998046875,4502.0,4485.89990234375,4488.0,279
2026-05-27 22:15:00+00:00,4490.10009765625,4492.60009765625,4487.2001953125,4488.0,275
2026-05-27 22:30:00+00:00,4488.89990234375,4492.89990234375,4485.5,4490.10009765625,473
2026-05-27 22:45:00+00:00,4488.0,4489.0,4485.5,4488.7001953125,165
2026-05-27 23:00:00+00:00,4484.5,4488.2001953125,4481.89990234375,4487.7001953125,325
2026-05-27 23:15:00+00:00,4481.10009765625,4485.7001953125,4479.39990234375,4483.89990234375,443
2026-05-27 23:30:00+00:00,4481.2001953125,4484.7001953125,4480.0,4480.7001953125,348
2026-05-27 23:45:00+00:00,4477.7001953125,4481.0,4473.2001953125,4481.0,725
2026-05-28 00:00:00+00:00,4475.2998046875,4482.89990234375,4475.0,4477.39990234375,358
2026-05-28 00:15:00+00:00,4476.60009765625,4485.10009765625,4474.39990234375,4475.2998046875,512
2026-05-28 00:30:00+00:00,4482.60009765625,4483.7998046875,4474.0,4477.10009765625,517
2026-05-28 00:45:00+00:00,4487.60009765625,4488.7998046875,4481.39990234375,4482.60009765625,415
2026-05-28 01:00:00+00:00,4468.39990234375,4489.5,4467.7998046875,4487.89990234375,1350
2026-05-28 01:15:00+00:00,4449.7998046875,4470.89990234375,4447.7001953125,4468.7001953125,2765
2026-05-28 01:30:00+00:00,4448.2001953125,4457.2001953125,4446.39990234375,4449.5,1352
2026-05-28 01:45:00+00:00,4440.39990234375,4450.89990234375,4437.2998046875,4447.89990234375,1364
2026-05-28 02:00:00+00:00,4433.5,4443.2001953125,4426.7001953125,4441.60009765625,2533
2026-05-28 02:15:00+00:00,4436.89990234375,4439.0,4430.10009765625,4433.5,1156
2026-05-28 02:30:00+00:00,4432.7001953125,4441.39990234375,4431.0,4436.7998046875,1339
2026-05-28 02:45:00+00:00,4424.39990234375,4432.7998046875,4423.0,4432.2001953125,1507
2026-05-28 03:00:00+00:00,4423.89990234375,4428.39990234375,4420.39990234375,4424.2001953125,1133
2026-05-28 03:15:00+00:00,4417.89990234375,4424.60009765625,4411.7001953125,4424.0,2013
2026-05-28 03:30:00+00:00,4406.7998046875,4417.89990234375,4400.2998046875,4417.89990234375,1969
2026-05-28 03:45:00+00:00,4405.2998046875,4409.0,4398.0,4406.2001953125,1081
2026-05-28 04:00:00+00:00,4405.7998046875,4411.7998046875,4398.89990234375,4404.2001953125,1144
2026-05-28 04:15:00+00:00,4398.10009765625,4407.0,4395.60009765625,4405.7998046875,851
2026-05-28 04:30:00+00:00,4403.60009765625,4404.5,4398.2001953125,4398.2001953125,689
2026-05-28 04:45:00+00:00,4402.2001953125,4404.5,4397.39990234375,4403.2001953125,808
2026-05-28 05:00:00+00:00,4404.10009765625,4406.2998046875,4396.10009765625,4402.7001953125,1307
2026-05-28 05:15:00+00:00,4407.2998046875,4409.0,4400.7001953125,4404.39990234375,797
2026-05-28 05:30:00+00:00,4418.60009765625,4422.5,4403.7001953125,4407.7001953125,2006
2026-05-28 05:45:00+00:00,4417.10009765625,4425.5,4416.7001953125,4418.89990234375,1177
2026-05-28 06:00:00+00:00,4405.2998046875,4419.89990234375,4403.89990234375,4417.2001953125,1865
2026-05-28 06:15:00+00:00,4410.2001953125,4414.5,4403.7998046875,4405.7001953125,1298
2026-05-28 06:30:00+00:00,4409.7998046875,4415.0,4406.7001953125,4409.60009765625,960
2026-05-28 06:45:00+00:00,4413.2998046875,4414.39990234375,4408.89990234375,4409.7998046875,614
2026-05-28 07:00:00+00:00,4418.60009765625,4422.2001953125,4413.60009765625,4413.60009765625,1240
2026-05-28 07:15:00+00:00,4422.39990234375,4426.0,4415.7998046875,4418.7998046875,1759
2026-05-28 07:30:00+00:00,4418.60009765625,4423.7001953125,4414.89990234375,4422.39990234375,1185
2026-05-28 07:45:00+00:00,4417.2001953125,4420.60009765625,4412.39990234375,4419.2998046875,1384
2026-05-28 08:00:00+00:00,4422.5,4424.7998046875,4415.89990234375,4417.5,1065
2026-05-28 08:15:00+00:00,4418.89990234375,4424.39990234375,4417.0,4422.89990234375,868
2026-05-28 08:30:00+00:00,4419.89990234375,4424.39990234375,4415.7998046875,4419.0,1029
2026-05-28 08:45:00+00:00,4416.7998046875,4421.39990234375,4415.60009765625,4419.7998046875,772
2026-05-28 09:00:00+00:00,4419.2998046875,4421.2998046875,4416.10009765625,4416.2998046875,954
2026-05-28 09:15:00+00:00,4426.2001953125,4429.0,4418.39990234375,4419.0,1491
2026-05-28 09:30:00+00:00,4421.2001953125,4426.7998046875,4420.2998046875,4426.0,1082
2026-05-28 09:45:00+00:00,4424.0,4426.60009765625,4419.89990234375,4421.5,587
2026-05-28 10:00:00+00:00,4429.39990234375,4434.2998046875,4421.7998046875,4424.10009765625,1322
2026-05-28 10:15:00+00:00,4431.60009765625,4432.7001953125,4423.89990234375,4429.7998046875,753
2026-05-28 10:30:00+00:00,4419.2998046875,4432.60009765625,4418.0,4431.10009765625,1068
2026-05-28 10:45:00+00:00,4413.60009765625,4419.2001953125,4405.5,4419.0,2820
2026-05-28 11:00:00+00:00,4417.2998046875,4419.5,4412.0,4413.0,920
2026-05-28 11:15:00+00:00,4415.2998046875,4421.0,4414.5,4416.89990234375,874
2026-05-28 11:30:00+00:00,4415.89990234375,4420.60009765625,4410.89990234375,4415.0,1021
2026-05-28 11:45:00+00:00,4418.2001953125,4418.5,4411.10009765625,4415.5,792
2026-05-28 12:00:00+00:00,4422.60009765625,4423.5,4417.89990234375,4417.89990234375,1214
2026-05-28 12:15:00+00:00,4415.0,4423.0,4409.7998046875,4422.60009765625,1822
2026-05-28 12:30:00+00:00,4433.10009765625,4433.7001953125,4412.7998046875,4415.39990234375,3477
2026-05-28 12:45:00+00:00,4461.89990234375,4464.0,4432.0,4432.7001953125,5279
2026-05-28 13:00:00+00:00,4456.7001953125,4469.39990234375,4455.0,4462.2998046875,5082
2026-05-28 13:15:00+00:00,4458.7998046875,4464.7998046875,4455.89990234375,4457.0,2038
2026-05-28 13:30:00+00:00,4452.39990234375,4460.89990234375,4448.0,4459.5,3317
2026-05-28 13:45:00+00:00,4460.60009765625,4464.7998046875,4451.7998046875,4452.10009765625,2398
2026-05-28 14:00:00+00:00,4495.2001953125,4498.89990234375,4450.60009765625,4460.10009765625,7767
2026-05-28 14:15:00+00:00,4491.7998046875,4504.39990234375,4481.7001953125,4495.10009765625,6778
2026-05-28 14:30:00+00:00,4499.60009765625,4502.39990234375,4483.2998046875,4491.7998046875,4881
2026-05-28 14:45:00+00:00,4500.2998046875,4511.39990234375,4492.60009765625,4499.89990234375,6004
2026-05-28 15:00:00+00:00,4501.60009765625,4511.2998046875,4499.39990234375,4500.7001953125,2787
2026-05-28 15:15:00+00:00,4507.10009765625,4513.60009765625,4499.89990234375,4501.89990234375,1940
2026-05-28 15:30:00+00:00,4509.5,4515.89990234375,4507.0,4507.7998046875,2199
2026-05-28 15:45:00+00:00,4512.5,4512.7998046875,4508.7998046875,4509.89990234375,946
2026-05-28 16:00:00+00:00,4514.89990234375,4516.2998046875,4507.5,4512.89990234375,1707
2026-05-28 16:15:00+00:00,4531.0,4533.89990234375,4514.60009765625,4515.2001953125,4150
2026-05-28 16:30:00+00:00,4535.0,4537.10009765625,4528.0,4531.2998046875,2540
2026-05-28 16:45:00+00:00,4541.7998046875,4542.0,4534.89990234375,4535.2001953125,2285
2026-05-28 17:00:00+00:00,4534.7001953125,4545.39990234375,4534.0,4541.89990234375,2243
2026-05-28 17:15:00+00:00,4532.5,4537.39990234375,4531.5,4534.7001953125,3490
2026-05-28 17:30:00+00:00,4535.39990234375,4537.7001953125,4532.60009765625,4532.60009765625,900
2026-05-28 17:45:00+00:00,4539.2001953125,4540.2998046875,4535.2001953125,4535.5,898
2026-05-28 18:00:00+00:00,4538.0,4547.10009765625,4536.39990234375,4539.2001953125,1403
2026-05-28 18:15:00+00:00,4537.0,4543.7001953125,4536.0,4538.2998046875,1360
2026-05-28 18:30:00+00:00,4532.60009765625,4537.2001953125,4531.5,4537.2001953125,1022
2026-05-28 18:45:00+00:00,4532.5,4534.5,4529.2998046875,4532.7001953125,991
2026-05-28 19:00:00+00:00,4530.5,4534.60009765625,4529.2998046875,4532.2001953125,778
2026-05-28 19:15:00+00:00,4530.7998046875,4533.89990234375,4530.2998046875,4530.2998046875,552
2026-05-28 19:30:00+00:00,4530.2998046875,4532.7001953125,4530.0,4530.7998046875,638
2026-05-28 19:45:00+00:00,4528.7001953125,4531.39990234375,4528.0,4530.39990234375,1519
2026-05-28 20:00:00+00:00,4527.7998046875,4529.2998046875,4525.60009765625,4528.7001953125,646
2026-05-28 20:15:00+00:00,4530.0,4531.5,4527.0,4527.7001953125,483
2026-05-28 20:30:00+00:00,4526.60009765625,4531.7001953125,4525.7998046875,4529.7001953125,415
2026-05-28 20:45:00+00:00,4527.2998046875,4527.7998046875,4525.7998046875,4526.2998046875,248
2026-05-28 22:00:00+00:00,4524.2998046875,4530.2998046875,4522.2998046875,4527.60009765625,242
2026-05-28 22:15:00+00:00,4526.39990234375,4527.0,4523.60009765625,4524.5,122
2026-05-28 22:30:00+00:00,4526.60009765625,4527.0,4523.60009765625,4526.2998046875,119
2026-05-28 22:45:00+00:00,4521.7001953125,4527.10009765625,4521.60009765625,4526.0,227
2026-05-28 23:00:00+00:00,4525.7998046875,4526.5,4521.7001953125,4522.5,159
2026-05-28 23:15:00+00:00,4523.10009765625,4527.89990234375,4522.39990234375,4525.7998046875,191
2026-05-28 23:30:00+00:00,4520.7001953125,4525.39990234375,4519.7001953125,4522.89990234375,433
2026-05-28 23:45:00+00:00,4525.60009765625,4527.2001953125,4519.5,4520.5,460
2026-05-29 00:00:00+00:00,4527.89990234375,4529.0,4522.5,4525.5,708
2026-05-29 00:15:00+00:00,4530.2998046875,4531.5,4526.2998046875,4527.7998046875,526
2026-05-29 00:30:00+00:00,4528.7001953125,4530.89990234375,4523.5,4530.60009765625,468
2026-05-29 00:45:00+00:00,4525.2998046875,4528.60009765625,4523.5,4528.5,354
2026-05-29 01:00:00+00:00,4545.2001953125,4545.7998046875,4522.7001953125,4526.0,1881
2026-05-29 01:15:00+00:00,4535.5,4551.2001953125,4535.5,4545.39990234375,1605
2026-05-29 01:30:00+00:00,4536.60009765625,4538.60009765625,4532.7998046875,4535.39990234375,811
2026-05-29 01:45:00+00:00,4536.89990234375,4538.0,4531.10009765625,4536.10009765625,736
2026-05-29 02:00:00+00:00,4537.2001953125,4541.39990234375,4534.39990234375,4536.60009765625,604
2026-05-29 02:15:00+00:00,4533.39990234375,4539.2001953125,4531.5,4537.2998046875,675
2026-05-29 02:30:00+00:00,4535.2998046875,4538.0,4528.39990234375,4533.10009765625,704
2026-05-29 02:45:00+00:00,4531.7001953125,4538.2998046875,4531.5,4535.10009765625,351
2026-05-29 03:00:00+00:00,4527.10009765625,4532.2001953125,4525.2001953125,4532.0,841
2026-05-29 03:15:00+00:00,4526.7998046875,4529.89990234375,4525.39990234375,4527.2001953125,418
2026-05-29 03:30:00+00:00,4528.5,4529.7998046875,4525.39990234375,4527.60009765625,398
2026-05-29 03:45:00+00:00,4530.89990234375,4532.0,4526.89990234375,4529.0,325
2026-05-29 04:00:00+00:00,4532.60009765625,4535.89990234375,4531.39990234375,4531.39990234375,408
2026-05-29 04:15:00+00:00,4539.89990234375,4542.39990234375,4532.60009765625,4532.60009765625,674
2026-05-29 04:30:00+00:00,4541.2001953125,4541.7998046875,4538.7998046875,4539.89990234375,521
2026-05-29 04:45:00+00:00,4544.7001953125,4545.39990234375,4538.7998046875,4541.5,823
2026-05-29 05:00:00+00:00,4542.89990234375,4546.2001953125,4539.7001953125,4544.60009765625,428
2026-05-29 05:15:00+00:00,4540.5,4543.0,4540.39990234375,4542.5,201
2026-05-29 05:30:00+00:00,4537.5,4543.5,4533.0,4540.39990234375,1085
2026-05-29 05:45:00+00:00,4545.7998046875,4547.0,4534.89990234375,4537.10009765625,1811
2026-05-29 06:00:00+00:00,4546.5,4553.5,4541.89990234375,4546.10009765625,2331
2026-05-29 06:15:00+00:00,4547.5,4552.0,4540.7001953125,4546.2998046875,915
2026-05-29 06:30:00+00:00,4547.2998046875,4551.5,4542.0,4547.60009765625,822
2026-05-29 06:45:00+00:00,4554.39990234375,4554.89990234375,4546.10009765625,4547.60009765625,897
2026-05-29 07:00:00+00:00,4546.7001953125,4554.7001953125,4546.5,4554.2001953125,1033
2026-05-29 07:15:00+00:00,4544.7998046875,4547.7998046875,4541.2998046875,4546.7998046875,785
2026-05-29 07:30:00+00:00,4556.0,4557.0,4543.5,4544.60009765625,2672
2026-05-29 07:45:00+00:00,4555.5,4557.2001953125,4552.5,4555.89990234375,1340
2026-05-29 08:00:00+00:00,4546.0,4555.5,4544.7998046875,4555.0,1243
2026-05-29 08:15:00+00:00,4548.10009765625,4548.7001953125,4543.2001953125,4545.60009765625,1027
2026-05-29 08:30:00+00:00,4545.2001953125,4548.7001953125,4544.2998046875,4547.7001953125,770
2026-05-29 08:45:00+00:00,4544.7001953125,4546.89990234375,4540.0,4545.0,865
2026-05-29 09:00:00+00:00,4559.7998046875,4561.2998046875,4543.39990234375,4545.2001953125,1416
2026-05-29 09:15:00+00:00,4559.5,4563.10009765625,4552.7001953125,4560.0,1221
2026-05-29 09:30:00+00:00,4563.2001953125,4563.89990234375,4554.89990234375,4559.39990234375,2333
2026-05-29 09:45:00+00:00,4562.0,4571.2001953125,4560.7998046875,4563.5,2632
2026-05-29 10:00:00+00:00,4559.5,4562.10009765625,4556.39990234375,4562.0,721
2026-05-29 10:15:00+00:00,4561.60009765625,4561.7998046875,4556.60009765625,4559.2998046875,460
2026-05-29 10:30:00+00:00,4569.0,4574.39990234375,4561.39990234375,4561.7001953125,1782
2026-05-29 10:45:00+00:00,4569.60009765625,4572.2001953125,4566.39990234375,4569.2998046875,694
2026-05-29 11:00:00+00:00,4563.60009765625,4571.7001953125,4562.0,4569.39990234375,724
2026-05-29 11:15:00+00:00,4558.7001953125,4565.60009765625,4557.7001953125,4563.0,1148
2026-05-29 11:30:00+00:00,4561.89990234375,4562.39990234375,4556.7001953125,4559.0,883
2026-05-29 11:45:00+00:00,4569.10009765625,4569.7001953125,4558.2001953125,4562.0,1272
2026-05-29 12:00:00+00:00,4559.5,4569.2998046875,4557.2998046875,4569.2001953125,1421
2026-05-29 12:15:00+00:00,4553.10009765625,4562.5,4550.2998046875,4559.2001953125,1561
2026-05-29 12:30:00+00:00,4545.2001953125,4554.0,4543.60009765625,4552.89990234375,2035
2026-05-29 12:45:00+00:00,4554.0,4554.7998046875,4543.39990234375,4545.0,1382
2026-05-29 13:00:00+00:00,4553.2998046875,4557.39990234375,4547.5,4553.60009765625,2031
2026-05-29 13:15:00+00:00,4558.7998046875,4560.0,4551.89990234375,4553.7001953125,1285
2026-05-29 13:30:00+00:00,4563.7998046875,4566.10009765625,4553.0,4558.89990234375,2531
2026-05-29 13:45:00+00:00,4567.2998046875,4571.0,4559.7001953125,4563.89990234375,2457
2026-05-29 14:00:00+00:00,4575.0,4584.0,4565.2001953125,4567.0,4942
2026-05-29 14:15:00+00:00,4561.0,4576.2998046875,4557.0,4575.10009765625,3181
2026-05-29 14:30:00+00:00,4571.2998046875,4573.2001953125,4556.10009765625,4560.7001953125,2666
2026-05-29 14:45:00+00:00,4595.2001953125,4604.10009765625,4567.60009765625,4571.5,7206
2026-05-29 15:00:00+00:00,4621.5,4627.10009765625,4595.39990234375,4596.10009765625,10004
2026-05-29 15:15:00+00:00,4610.0,4623.2998046875,4609.2001953125,4621.7998046875,4821
2026-05-29 15:30:00+00:00,4597.89990234375,4614.7001953125,4592.2998046875,4609.89990234375,4222
2026-05-29 15:45:00+00:00,4602.10009765625,4602.5,4587.2998046875,4597.89990234375,2257
2026-05-29 16:00:00+00:00,4594.5,4602.89990234375,4590.5,4602.10009765625,1772
2026-05-29 16:15:00+00:00,4593.89990234375,4599.0,4591.10009765625,4594.0,1079
2026-05-29 16:30:00+00:00,4600.5,4604.5,4592.7001953125,4593.7001953125,2149
2026-05-29 16:45:00+00:00,4597.7001953125,4600.2998046875,4591.7001953125,4600.2998046875,1344
2026-05-29 17:00:00+00:00,4594.89990234375,4599.2998046875,4593.7998046875,4597.7998046875,992
2026-05-29 17:15:00+00:00,4592.7001953125,4597.7998046875,4590.89990234375,4595.10009765625,2600
2026-05-29 17:30:00+00:00,4584.7998046875,4593.10009765625,4583.89990234375,4592.5,1368
2026-05-29 17:45:00+00:00,4584.39990234375,4588.5,4582.39990234375,4585.2001953125,822
2026-05-29 18:00:00+00:00,4589.2001953125,4589.7001953125,4583.5,4584.2001953125,698
2026-05-29 18:15:00+00:00,4590.2998046875,4591.5,4586.39990234375,4589.2001953125,708
2026-05-29 18:30:00+00:00,4589.10009765625,4592.7001953125,4588.60009765625,4590.60009765625,422
2026-05-29 18:45:00+00:00,4584.2001953125,4589.10009765625,4581.60009765625,4589.0,992
2026-05-29 19:00:00+00:00,4589.7998046875,4591.39990234375,4583.39990234375,4584.2998046875,755
2026-05-29 19:15:00+00:00,4586.7998046875,4590.39990234375,4586.10009765625,4589.2998046875,877
2026-05-29 19:30:00+00:00,4582.7001953125,4587.5,4582.2998046875,4586.60009765625,922
2026-05-29 19:45:00+00:00,4576.7998046875,4582.89990234375,4574.10009765625,4582.7001953125,1552
2026-05-29 20:00:00+00:00,4579.60009765625,4580.7001953125,4574.10009765625,4576.89990234375,664
2026-05-29 20:15:00+00:00,4574.10009765625,4580.2998046875,4573.7001953125,4580.2001953125,268
2026-05-29 20:30:00+00:00,4575.2998046875,4575.7001953125,4572.7998046875,4573.89990234375,282
2026-05-29 20:45:00+00:00,4593.0,4593.0,4567.2998046875,4574.89990234375,583
2026-05-31 22:00:00+00:00,4565.5,4566.0,4554.10009765625,4555.2998046875,331
2026-05-31 22:15:00+00:00,4563.89990234375,4567.60009765625,4561.7998046875,4565.0,376
2026-05-31 22:30:00+00:00,4566.2001953125,4567.0,4561.2998046875,4563.60009765625,325
2026-05-31 22:45:00+00:00,4565.89990234375,4571.10009765625,4565.39990234375,4566.60009765625,340
2026-05-31 23:00:00+00:00,4573.5,4574.0,4565.89990234375,4566.2001953125,355
2026-05-31 23:15:00+00:00,4575.7001953125,4575.7998046875,4571.0,4573.2998046875,753
2026-05-31 23:30:00+00:00,4572.7001953125,4576.39990234375,4569.2998046875,4575.89990234375,442
2026-05-31 23:45:00+00:00,4570.7001953125,4576.0,4569.2001953125,4572.2998046875,400
2026-06-01 00:00:00+00:00,4570.5,4577.2998046875,4568.10009765625,4570.5,598
2026-06-01 00:15:00+00:00,4573.7998046875,4575.0,4568.7998046875,4572.60009765625,463
2026-06-01 00:30:00+00:00,4566.5,4575.7001953125,4565.5,4574.0,597
2026-06-01 00:45:00+00:00,4571.39990234375,4573.2001953125,4567.0,4567.2998046875,703
2026-06-01 01:00:00+00:00,4564.7001953125,4572.10009765625,4556.2998046875,4571.2001953125,1684
2026-06-01 01:15:00+00:00,4559.7998046875,4567.89990234375,4559.0,4564.60009765625,638
2026-06-01 01:30:00+00:00,4564.10009765625,4564.7998046875,4557.89990234375,4559.7001953125,512
2026-06-01 01:45:00+00:00,4556.2001953125,4564.39990234375,4554.39990234375,4563.7998046875,670
2026-06-01 02:00:00+00:00,4563.0,4564.89990234375,4555.10009765625,4556.10009765625,604
2026-06-01 02:15:00+00:00,4561.0,4565.7001953125,4560.2998046875,4563.10009765625,410
2026-06-01 02:30:00+00:00,4553.60009765625,4561.5,4552.60009765625,4560.89990234375,601
2026-06-01 02:45:00+00:00,4552.0,4555.60009765625,4551.39990234375,4553.2998046875,404
2026-06-01 03:00:00+00:00,4549.0,4556.2998046875,4546.0,4551.7001953125,992
2026-06-01 03:15:00+00:00,4550.7001953125,4552.0,4543.5,4549.0,735
2026-06-01 03:30:00+00:00,4541.2001953125,4554.7998046875,4540.2998046875,4550.7001953125,731
2026-06-01 03:45:00+00:00,4546.0,4546.0,4540.2998046875,4541.39990234375,345
2026-06-01 04:00:00+00:00,4545.10009765625,4550.10009765625,4543.0,4546.89990234375,583
2026-06-01 04:15:00+00:00,4546.10009765625,4548.7998046875,4545.5,4545.5,259
2026-06-01 04:30:00+00:00,4545.0,4547.7998046875,4543.60009765625,4546.2998046875,259
2026-06-01 04:45:00+00:00,4544.7001953125,4545.5,4537.60009765625,4544.60009765625,741
2026-06-01 05:00:00+00:00,4548.7001953125,4549.60009765625,4543.7998046875,4544.7998046875,361
2026-06-01 05:15:00+00:00,4550.7998046875,4553.5,4547.7998046875,4548.2998046875,486
2026-06-01 05:30:00+00:00,4549.7001953125,4552.2998046875,4542.7001953125,4550.7998046875,670
2026-06-01 05:45:00+00:00,4548.2001953125,4555.39990234375,4547.2001953125,4549.89990234375,572
2026-06-01 06:00:00+00:00,4544.2998046875,4548.60009765625,4542.10009765625,4548.10009765625,839
2026-06-01 06:15:00+00:00,4544.2998046875,4546.5,4535.0,4544.0,1426
2026-06-01 06:30:00+00:00,4535.0,4545.0,4531.7998046875,4544.60009765625,1053
2026-06-01 06:45:00+00:00,4531.7001953125,4535.2998046875,4529.10009765625,4534.10009765625,1049
2026-06-01 07:00:00+00:00,4537.39990234375,4540.2001953125,4530.7998046875,4531.60009765625,1226
2026-06-01 07:15:00+00:00,4533.60009765625,4538.39990234375,4532.7001953125,4537.89990234375,536
2026-06-01 07:30:00+00:00,4527.89990234375,4537.7001953125,4527.7001953125,4533.89990234375,857
2026-06-01 07:45:00+00:00,4532.7001953125,4533.0,4522.10009765625,4528.0,1831
2026-06-01 08:00:00+00:00,4525.5,4534.5,4523.2998046875,4533.0,1047
2026-06-01 08:15:00+00:00,4525.60009765625,4526.7998046875,4519.60009765625,4525.5,1196
2026-06-01 08:30:00+00:00,4529.89990234375,4530.2998046875,4522.5,4525.7001953125,731
2026-06-01 08:45:00+00:00,4527.39990234375,4532.2998046875,4525.2001953125,4529.7001953125,1132
2026-06-01 09:00:00+00:00,4529.5,4530.39990234375,4527.5,4527.60009765625,515
2026-06-01 09:15:00+00:00,4526.0,4536.2001953125,4525.89990234375,4529.7998046875,1083
2026-06-01 09:30:00+00:00,4528.2001953125,4528.7998046875,4518.60009765625,4525.7998046875,2395
2026-06-01 09:45:00+00:00,4525.60009765625,4528.10009765625,4523.5,4527.7001953125,871
2026-06-01 10:00:00+00:00,4531.2998046875,4532.0,4525.89990234375,4525.89990234375,556
2026-06-01 10:15:00+00:00,4530.7998046875,4533.5,4525.89990234375,4531.10009765625,702
2026-06-01 10:30:00+00:00,4535.7998046875,4537.2998046875,4530.39990234375,4530.7998046875,743
2026-06-01 10:45:00+00:00,4534.10009765625,4540.89990234375,4532.2998046875,4535.89990234375,939
2026-06-01 11:00:00+00:00,4534.7998046875,4536.60009765625,4529.7001953125,4534.2001953125,730
2026-06-01 11:15:00+00:00,4540.89990234375,4542.7998046875,4534.2001953125,4535.10009765625,1131
2026-06-01 11:30:00+00:00,4537.39990234375,4542.39990234375,4536.2998046875,4540.60009765625,769
2026-06-01 11:45:00+00:00,4536.0,4540.0,4535.60009765625,4537.39990234375,562
2026-06-01 12:00:00+00:00,4533.7001953125,4539.7998046875,4533.39990234375,4535.7998046875,893
2026-06-01 12:15:00+00:00,4535.60009765625,4537.89990234375,4527.60009765625,4533.60009765625,1658
2026-06-01 12:30:00+00:00,4537.60009765625,4538.2998046875,4527.7998046875,4535.5,1480
2026-06-01 12:45:00+00:00,4532.0,4540.39990234375,4528.39990234375,4537.2998046875,1363
2026-06-01 13:00:00+00:00,4513.89990234375,4533.7998046875,4501.89990234375,4532.2998046875,5827
2026-06-01 13:15:00+00:00,4494.39990234375,4519.10009765625,4491.7998046875,4513.60009765625,5450
2026-06-01 13:30:00+00:00,4496.60009765625,4508.5,4488.0,4494.7001953125,5606
2026-06-01 13:45:00+00:00,4480.10009765625,4499.0,4476.2001953125,4497.10009765625,4297
2026-06-01 14:00:00+00:00,4491.2001953125,4492.0,4476.0,4479.10009765625,5228
2026-06-01 14:15:00+00:00,4485.89990234375,4494.89990234375,4479.2001953125,4490.7998046875,3566
2026-06-01 14:30:00+00:00,4489.7001953125,4491.2998046875,4483.5,4485.5,2032
2026-06-01 14:45:00+00:00,4488.5,4490.89990234375,4481.7001953125,4489.7001953125,1448
2026-06-01 15:00:00+00:00,4494.10009765625,4495.39990234375,4485.0,4489.0,1849
2026-06-01 15:15:00+00:00,4498.7001953125,4500.39990234375,4493.0,4494.2001953125,2052
2026-06-01 15:30:00+00:00,4502.5,4510.5,4498.60009765625,4498.7001953125,4093
2026-06-01 15:45:00+00:00,4504.10009765625,4505.89990234375,4498.7998046875,4502.7001953125,1762
2026-06-01 16:00:00+00:00,4497.5,4508.7998046875,4495.2001953125,4504.7001953125,1886
2026-06-01 16:15:00+00:00,4498.10009765625,4500.0,4493.10009765625,4497.10009765625,1442
2026-06-01 16:30:00+00:00,4498.2001953125,4503.10009765625,4497.7001953125,4498.10009765625,1474
2026-06-01 16:45:00+00:00,4510.60009765625,4513.10009765625,4497.5,4498.2001953125,1719
2026-06-01 17:00:00+00:00,4505.2998046875,4511.39990234375,4501.39990234375,4510.89990234375,1496
2026-06-01 17:15:00+00:00,4512.7998046875,4513.2001953125,4502.2998046875,4505.10009765625,2411
2026-06-01 17:30:00+00:00,4521.2998046875,4521.2998046875,4510.60009765625,4513.2001953125,3393
2026-06-01 17:45:00+00:00,4517.5,4525.60009765625,4517.0,4521.60009765625,1559
2026-06-01 18:00:00+00:00,4518.5,4520.2001953125,4516.2001953125,4517.39990234375,397
2026-06-01 18:15:00+00:00,4516.39990234375,4520.10009765625,4516.2998046875,4518.2998046875,468
2026-06-01 18:30:00+00:00,4518.0,4518.10009765625,4514.7998046875,4516.7001953125,465
2026-06-01 18:45:00+00:00,4516.7998046875,4518.7998046875,4516.39990234375,4517.7001953125,302
2026-06-01 19:00:00+00:00,4515.10009765625,4518.2001953125,4514.7001953125,4516.5,535
2026-06-01 19:15:00+00:00,4514.7001953125,4516.5,4514.2001953125,4515.39990234375,480
2026-06-01 19:30:00+00:00,4513.10009765625,4515.60009765625,4512.7001953125,4515.0,538
2026-06-01 19:45:00+00:00,4511.10009765625,4514.2998046875,4509.10009765625,4513.2001953125,1122
2026-06-01 20:00:00+00:00,4513.39990234375,4514.7998046875,4510.2001953125,4511.2001953125,653
2026-06-01 20:15:00+00:00,4513.2001953125,4514.39990234375,4512.10009765625,4513.2998046875,404
2026-06-01 20:30:00+00:00,4512.60009765625,4514.7998046875,4512.2001953125,4513.10009765625,237
2026-06-01 20:45:00+00:00,4514.7998046875,4515.7001953125,4511.2001953125,4512.2998046875,387
2026-06-01 22:00:00+00:00,4514.10009765625,4517.89990234375,4511.39990234375,4515.7998046875,172
2026-06-01 22:15:00+00:00,4511.2001953125,4515.2001953125,4510.60009765625,4514.0,352
2026-06-01 22:30:00+00:00,4511.10009765625,4513.60009765625,4509.5,4511.39990234375,417
2026-06-01 22:45:00+00:00,4515.2998046875,4516.5,4511.2998046875,4511.5,376
2026-06-01 23:00:00+00:00,4515.7001953125,4518.0,4511.89990234375,4515.2998046875,376
2026-06-01 23:15:00+00:00,4517.2001953125,4518.60009765625,4515.39990234375,4516.5,171
2026-06-01 23:30:00+00:00,4513.60009765625,4517.2001953125,4510.7001953125,4517.2001953125,351
2026-06-01 23:45:00+00:00,4514.2998046875,4515.60009765625,4508.2001953125,4513.0,383
2026-06-02 00:00:00+00:00,4510.89990234375,4515.0,4506.2998046875,4514.39990234375,574
2026-06-02 00:15:00+00:00,4523.0,4523.60009765625,4510.89990234375,4511.0,825
2026-06-02 00:30:00+00:00,4516.5,4526.7998046875,4514.5,4523.2001953125,887
2026-06-02 00:45:00+00:00,4511.0,4517.5,4510.60009765625,4516.2998046875,355
2026-06-02 01:00:00+00:00,4519.5,4521.60009765625,4501.0,4510.7001953125,1222
2026-06-02 01:15:00+00:00,4516.0,4522.0,4510.7001953125,4519.7001953125,981
2026-06-02 01:30:00+00:00,4509.5,4519.39990234375,4509.10009765625,4516.60009765625,854
2026-06-02 01:45:00+00:00,4503.60009765625,4512.0,4492.2998046875,4509.10009765625,2128
2026-06-02 02:00:00+00:00,4510.0,4510.5,4502.0,4503.7001953125,1013
2026-06-02 02:15:00+00:00,4511.39990234375,4514.39990234375,4508.10009765625,4510.2998046875,496
2026-06-02 02:30:00+00:00,4506.7001953125,4515.5,4504.2001953125,4512.0,893
2026-06-02 02:45:00+00:00,4516.2001953125,4516.39990234375,4503.5,4506.7998046875,633
2026-06-02 03:00:00+00:00,4518.2001953125,4522.5,4515.60009765625,4515.7998046875,730
2026-06-02 03:15:00+00:00,4525.39990234375,4528.0,4515.7998046875,4518.5,863
2026-06-02 03:30:00+00:00,4527.2998046875,4529.60009765625,4523.10009765625,4525.2001953125,1267
2026-06-02 03:45:00+00:00,4528.39990234375,4530.0,4525.2998046875,4527.2001953125,253
2026-06-02 04:00:00+00:00,4535.0,4535.7001953125,4528.0,4529.2998046875,863
2026-06-02 04:15:00+00:00,4535.0,4541.2001953125,4534.5,4535.10009765625,1175
2026-06-02 04:30:00+00:00,4540.89990234375,4541.7998046875,4534.0,4535.10009765625,921
2026-06-02 04:45:00+00:00,4547.7001953125,4548.60009765625,4540.2998046875,4540.7001953125,943
2026-06-02 05:00:00+00:00,4548.7998046875,4549.0,4545.7001953125,4547.7001953125,530
2026-06-02 05:15:00+00:00,4549.7998046875,4552.2001953125,4546.7998046875,4548.7001953125,1067
2026-06-02 05:30:00+00:00,4554.2998046875,4558.7998046875,4549.7998046875,4549.7998046875,1738
2026-06-02 05:45:00+00:00,4547.0,4556.39990234375,4545.7001953125,4554.7001953125,1240
2026-06-02 06:00:00+00:00,4548.7998046875,4554.7998046875,4546.89990234375,4546.89990234375,1269
2026-06-02 06:15:00+00:00,4563.10009765625,4564.2001953125,4548.0,4548.7998046875,2357
2026-06-02 06:30:00+00:00,4563.0,4568.7998046875,4562.0,4563.5,1640
2026-06-02 06:45:00+00:00,4566.0,4567.0,4562.0,4562.7998046875,798
2026-06-02 07:00:00+00:00,4570.10009765625,4571.2998046875,4563.5,4565.7998046875,1288
2026-06-02 07:15:00+00:00,4564.0,4570.7001953125,4563.2998046875,4569.89990234375,1018
2026-06-02 07:30:00+00:00,4561.7998046875,4565.10009765625,4561.0,4564.0,1054
2026-06-02 07:45:00+00:00,4565.2001953125,4565.7998046875,4558.0,4562.10009765625,1592
2026-06-02 08:00:00+00:00,4565.0,4569.2998046875,4563.2001953125,4565.2001953125,1227
2026-06-02 08:15:00+00:00,4561.2001953125,4565.5,4559.5,4565.10009765625,951
2026-06-02 08:30:00+00:00,4559.0,4563.60009765625,4558.39990234375,4561.0,533
2026-06-02 08:45:00+00:00,4557.0,4560.7001953125,4556.10009765625,4558.7001953125,616
2026-06-02 09:00:00+00:00,4563.7001953125,4564.2998046875,4555.60009765625,4557.10009765625,1492
2026-06-02 09:15:00+00:00,4556.7001953125,4565.89990234375,4555.2001953125,4563.60009765625,1283
2026-06-02 09:30:00+00:00,4555.60009765625,4557.2998046875,4550.89990234375,4556.7998046875,2194
2026-06-02 09:45:00+00:00,4559.39990234375,4561.0,4554.7998046875,4555.39990234375,922
2026-06-02 10:00:00+00:00,4558.60009765625,4561.2001953125,4557.2998046875,4559.7001953125,546
2026-06-02 10:15:00+00:00,4558.10009765625,4559.0,4554.10009765625,4558.39990234375,625
2026-06-02 10:30:00+00:00,4558.10009765625,4558.2001953125,4555.0,4558.0,371
2026-06-02 10:45:00+00:00,4563.10009765625,4563.5,4558.60009765625,4558.60009765625,774
2026-06-02 11:00:00+00:00,4558.5,4564.2001953125,4558.5,4563.0,495
2026-06-02 11:15:00+00:00,4559.89990234375,4559.89990234375,4556.2998046875,4558.60009765625,563
2026-06-02 11:30:00+00:00,4556.5,4560.5,4555.7998046875,4560.0,420
2026-06-02 11:45:00+00:00,4557.2998046875,4560.39990234375,4555.2001953125,4556.7998046875,784
2026-06-02 12:00:00+00:00,4556.10009765625,4558.60009765625,4554.39990234375,4557.5,675
2026-06-02 12:15:00+00:00,4559.0,4563.7998046875,4553.60009765625,4555.2998046875,1708
2026-06-02 12:30:00+00:00,4554.60009765625,4563.60009765625,4551.2998046875,4558.89990234375,2235
2026-06-02 12:45:00+00:00,4544.0,4555.5,4542.7998046875,4554.5,2463
2026-06-02 13:00:00+00:00,4543.5,4554.39990234375,4540.7001953125,4544.2998046875,2772
2026-06-02 13:15:00+00:00,4540.10009765625,4546.60009765625,4539.2998046875,4543.2998046875,1539
2026-06-02 13:30:00+00:00,4538.0,4543.89990234375,4535.60009765625,4540.2998046875,2337
2026-06-02 13:45:00+00:00,4532.10009765625,4543.2998046875,4532.10009765625,4537.2998046875,1727
2026-06-02 14:00:00+00:00,4533.5,4536.7998046875,4525.10009765625,4532.0,3352
2026-06-02 14:15:00+00:00,4524.89990234375,4534.2001953125,4519.39990234375,4533.60009765625,3582
2026-06-02 14:30:00+00:00,4533.7001953125,4535.0,4524.7998046875,4525.10009765625,1745
2026-06-02 14:45:00+00:00,4533.7001953125,4535.7998046875,4530.2001953125,4533.5,1285
2026-06-02 15:00:00+00:00,4533.0,4537.7998046875,4531.10009765625,4533.39990234375,1482
2026-06-02 15:15:00+00:00,4534.89990234375,4535.60009765625,4530.7998046875,4533.0,1134
2026-06-02 15:30:00+00:00,4531.7001953125,4538.2001953125,4529.5,4534.89990234375,1742
2026-06-02 15:45:00+00:00,4531.7001953125,4536.60009765625,4530.7998046875,4532.0,944
2026-06-02 16:00:00+00:00,4527.2998046875,4532.7998046875,4527.2998046875,4531.7001953125,1400
2026-06-02 16:15:00+00:00,4519.7001953125,4527.89990234375,4518.60009765625,4527.39990234375,1763
2026-06-02 16:30:00+00:00,4519.10009765625,4521.0,4515.60009765625,4519.7998046875,1583
2026-06-02 16:45:00+00:00,4521.2998046875,4521.39990234375,4518.5,4519.0,929
2026-06-02 17:00:00+00:00,4519.10009765625,4522.7001953125,4516.2001953125,4521.2001953125,1221
2026-06-02 17:15:00+00:00,4520.7001953125,4521.2998046875,4515.7998046875,4519.2001953125,2028
2026-06-02 17:30:00+00:00,4514.10009765625,4521.2001953125,4511.2998046875,4520.7998046875,1321
2026-06-02 17:45:00+00:00,4514.0,4516.0,4512.2001953125,4513.7998046875,475
2026-06-02 18:00:00+00:00,4514.60009765625,4518.0,4513.89990234375,4514.2998046875,678
2026-06-02 18:15:00+00:00,4517.89990234375,4520.2001953125,4513.5,4514.5,567
2026-06-02 18:30:00+00:00,4509.89990234375,4518.7998046875,4508.0,4517.89990234375,1188
2026-06-02 18:45:00+00:00,4516.89990234375,4520.0,4509.60009765625,4510.0,802
2026-06-02 19:00:00+00:00,4516.7998046875,4518.7001953125,4516.60009765625,4517.0,275
2026-06-02 19:15:00+00:00,4519.5,4519.5,4515.2001953125,4517.10009765625,313
2026-06-02 19:30:00+00:00,4517.39990234375,4520.2001953125,4513.2001953125,4519.2001953125,553
2026-06-02 19:45:00+00:00,4517.7001953125,4518.5,4515.2998046875,4517.39990234375,712
2026-06-02 20:00:00+00:00,4519.60009765625,4520.0,4516.10009765625,4517.7998046875,265
2026-06-02 20:15:00+00:00,4519.39990234375,4521.0,4518.2001953125,4519.5,234
2026-06-02 20:30:00+00:00,4518.5,4520.7998046875,4518.5,4519.7001953125,152
2026-06-02 20:45:00+00:00,4519.2001953125,4519.7001953125,4516.2998046875,4518.5,339
2026-06-02 22:00:00+00:00,4519.0,4522.7001953125,4517.60009765625,4520.0,189
2026-06-02 22:15:00+00:00,4519.0,4520.89990234375,4516.60009765625,4519.5,475
2026-06-02 22:30:00+00:00,4518.10009765625,4520.2001953125,4516.2998046875,4518.7001953125,503
2026-06-02 22:45:00+00:00,4514.0,4521.10009765625,4512.89990234375,4518.0,1024
2026-06-02 23:00:00+00:00,4506.2998046875,4517.60009765625,4503.10009765625,4514.2001953125,1385
2026-06-02 23:15:00+00:00,4495.7998046875,4506.10009765625,4490.5,4506.10009765625,1690
2026-06-02 23:30:00+00:00,4503.2998046875,4503.89990234375,4491.0,4496.2998046875,1824
2026-06-02 23:45:00+00:00,4502.89990234375,4503.60009765625,4497.5,4503.2001953125,533
2026-06-03 00:00:00+00:00,4504.2001953125,4508.39990234375,4502.60009765625,4502.60009765625,477
2026-06-03 00:15:00+00:00,4511.2998046875,4511.7001953125,4502.60009765625,4504.10009765625,389
2026-06-03 00:30:00+00:00,4524.2001953125,4525.10009765625,4509.5,4511.5,1454
2026-06-03 00:45:00+00:00,4514.39990234375,4524.2998046875,4514.0,4524.2001953125,754
2026-06-03 01:00:00+00:00,4500.10009765625,4516.0,4495.10009765625,4514.2001953125,2461
2026-06-03 01:15:00+00:00,4495.60009765625,4500.89990234375,4491.2001953125,4499.39990234375,1395
2026-06-03 01:30:00+00:00,4498.2001953125,4501.0,4492.60009765625,4495.0,1237
2026-06-03 01:45:00+00:00,4504.0,4505.10009765625,4498.0,4498.2001953125,864
2026-06-03 02:00:00+00:00,4508.7998046875,4509.5,4500.7998046875,4504.0,789
2026-06-03 02:15:00+00:00,4506.60009765625,4509.2001953125,4502.2001953125,4508.2001953125,599
2026-06-03 02:30:00+00:00,4507.2001953125,4513.10009765625,4502.7001953125,4506.7998046875,604
2026-06-03 02:45:00+00:00,4509.7998046875,4510.10009765625,4501.10009765625,4507.39990234375,935
2026-06-03 03:00:00+00:00,4512.7001953125,4515.5,4510.10009765625,4510.10009765625,516
2026-06-03 03:15:00+00:00,4511.39990234375,4515.2001953125,4511.2001953125,4513.10009765625,223
2026-06-03 03:30:00+00:00,4512.7001953125,4513.89990234375,4511.0,4511.60009765625,227
2026-06-03 03:45:00+00:00,4512.0,4514.0,4510.2998046875,4511.89990234375,298
2026-06-03 04:00:00+00:00,4514.7998046875,4515.0,4512.2001953125,4512.39990234375,471
2026-06-03 04:15:00+00:00,4505.10009765625,4516.10009765625,4505.10009765625,4515.0,375
2026-06-03 04:30:00+00:00,4501.2998046875,4505.2001953125,4498.7001953125,4505.0,502
2026-06-03 04:45:00+00:00,4497.5,4501.7998046875,4496.39990234375,4501.10009765625,394
2026-06-03 05:00:00+00:00,4501.2001953125,4501.5,4495.39990234375,4497.2001953125,535
2026-06-03 05:15:00+00:00,4496.7998046875,4502.2001953125,4493.89990234375,4501.5,484
2026-06-03 05:30:00+00:00,4489.89990234375,4496.7998046875,4486.89990234375,4496.60009765625,1634
2026-06-03 05:45:00+00:00,4485.7998046875,4496.5,4484.7998046875,4489.60009765625,1308
2026-06-03 06:00:00+00:00,4494.60009765625,4495.7998046875,4485.10009765625,4485.39990234375,1162
2026-06-03 06:15:00+00:00,4490.7998046875,4499.2998046875,4487.39990234375,4494.89990234375,1223
2026-06-03 06:30:00+00:00,4489.0,4493.39990234375,4485.7998046875,4490.7001953125,1052
2026-06-03 06:45:00+00:00,4491.7001953125,4491.7001953125,4483.7001953125,4488.5,815
2026-06-03 07:00:00+00:00,4497.89990234375,4500.5,4488.2001953125,4491.39990234375,1335
2026-06-03 07:15:00+00:00,4484.7001953125,4498.2998046875,4484.7001953125,4497.89990234375,1030
2026-06-03 07:30:00+00:00,4486.89990234375,4491.89990234375,4482.5,4484.39990234375,1265
2026-06-03 07:45:00+00:00,4481.60009765625,4492.2001953125,4481.10009765625,4487.2998046875,977
2026-06-03 08:00:00+00:00,4483.7001953125,4487.7998046875,4479.2998046875,4481.7998046875,1301
2026-06-03 08:15:00+00:00,4485.39990234375,4486.0,4478.7998046875,4483.89990234375,1286
2026-06-03 08:30:00+00:00,4484.5,4487.2001953125,4482.7001953125,4485.7998046875,645
2026-06-03 08:45:00+00:00,4472.2998046875,4486.2998046875,4468.2001953125,4484.7001953125,2712
2026-06-03 09:00:00+00:00,4479.60009765625,4487.5,4470.2001953125,4472.2998046875,1585
2026-06-03 09:15:00+00:00,4468.60009765625,4480.7001953125,4467.2001953125,4479.60009765625,1242
2026-06-03 09:30:00+00:00,4475.7001953125,4477.2998046875,4467.60009765625,4468.2001953125,2603
2026-06-03 09:45:00+00:00,4471.2998046875,4476.5,4469.5,4475.10009765625,624
2026-06-03 10:00:00+00:00,4491.7001953125,4496.0,4469.5,4471.7001953125,2728
2026-06-03 10:15:00+00:00,4488.60009765625,4492.2998046875,4482.0,4491.5,972
2026-06-03 10:30:00+00:00,4482.39990234375,4491.7998046875,4481.60009765625,4488.2001953125,514
2026-06-03 10:45:00+00:00,4487.7001953125,4489.7001953125,4482.39990234375,4482.7001953125,424
2026-06-03 11:00:00+00:00,4490.2001953125,4496.5,4487.7998046875,4487.7998046875,924
2026-06-03 11:15:00+00:00,4492.89990234375,4494.2998046875,4487.39990234375,4490.7998046875,401
2026-06-03 11:30:00+00:00,4488.7998046875,4495.7001953125,4487.89990234375,4493.0,526
2026-06-03 11:45:00+00:00,4490.60009765625,4493.10009765625,4487.0,4489.0,452
2026-06-03 12:00:00+00:00,4487.5,4492.7998046875,4485.2998046875,4490.89990234375,766
2026-06-03 12:15:00+00:00,4480.7998046875,4491.0,4479.7998046875,4487.0,1374
2026-06-03 12:30:00+00:00,4487.0,4488.60009765625,4476.2998046875,4481.10009765625,1851
2026-06-03 12:45:00+00:00,4488.60009765625,4495.60009765625,4484.0,4486.7998046875,1986
2026-06-03 13:00:00+00:00,4491.0,4494.5,4486.2998046875,4488.5,1359
2026-06-03 13:15:00+00:00,4477.2001953125,4491.7001953125,4473.39990234375,4491.0,3137
2026-06-03 13:30:00+00:00,4455.2998046875,4481.7001953125,4454.7001953125,4477.7001953125,3725
2026-06-03 13:45:00+00:00,4475.2001953125,4478.10009765625,4454.0,4454.60009765625,4311
2026-06-03 14:00:00+00:00,4482.5,4484.7001953125,4470.5,4473.89990234375,3187
2026-06-03 14:15:00+00:00,4479.7998046875,4486.5,4472.39990234375,4482.5,1899
2026-06-03 14:30:00+00:00,4476.2001953125,4481.7998046875,4475.0,4479.7998046875,986
2026-06-03 14:45:00+00:00,4485.2998046875,4488.2998046875,4475.7998046875,4475.89990234375,1735
2026-06-03 15:00:00+00:00,4473.89990234375,4486.5,4473.0,4485.7001953125,1209
2026-06-03 15:15:00+00:00,4473.60009765625,4479.0,4467.2001953125,4473.7001953125,1628
2026-06-03 15:30:00+00:00,4468.39990234375,4473.89990234375,4464.7998046875,4472.89990234375,1555
2026-06-03 15:45:00+00:00,4469.7998046875,4472.0,4466.0,4468.0,567
2026-06-03 16:00:00+00:00,4467.0,4472.10009765625,4465.10009765625,4470.0,1146
2026-06-03 16:15:00+00:00,4465.2998046875,4469.10009765625,4461.10009765625,4467.2998046875,1127
2026-06-03 16:30:00+00:00,4467.10009765625,4468.7998046875,4463.2998046875,4465.2998046875,798
2026-06-03 16:45:00+00:00,4469.39990234375,4471.2001953125,4464.7001953125,4466.89990234375,1307
2026-06-03 17:00:00+00:00,4470.10009765625,4476.7998046875,4469.5,4469.89990234375,1153
2026-06-03 17:15:00+00:00,4467.10009765625,4471.5,4465.60009765625,4469.7998046875,1579
2026-06-03 17:30:00+00:00,4468.5,4470.2001953125,4463.39990234375,4466.89990234375,1455
2026-06-03 17:45:00+00:00,4467.2001953125,4468.5,4464.7998046875,4468.5,435
2026-06-03 18:00:00+00:00,4464.5,4468.39990234375,4463.2998046875,4467.10009765625,430
2026-06-03 18:15:00+00:00,4468.39990234375,4468.89990234375,4462.0,4464.7001953125,825
2026-06-03 18:30:00+00:00,4468.2001953125,4470.89990234375,4465.0,4468.2001953125,773
2026-06-03 18:45:00+00:00,4470.10009765625,4470.89990234375,4467.7001953125,4467.7998046875,361
2026-06-03 19:00:00+00:00,4477.2998046875,4477.5,4469.5,4469.7998046875,850
2026-06-03 19:15:00+00:00,4475.60009765625,4480.0,4474.2001953125,4477.2998046875,705
2026-06-03 19:30:00+00:00,4475.10009765625,4477.39990234375,4474.7001953125,4475.7998046875,1017
2026-06-03 19:45:00+00:00,4472.0,4475.39990234375,4471.2001953125,4474.60009765625,959
2026-06-03 20:00:00+00:00,4468.2998046875,4473.60009765625,4466.7998046875,4471.89990234375,555
2026-06-03 20:15:00+00:00,4467.2001953125,4468.2998046875,4464.60009765625,4468.2001953125,500
2026-06-03 20:30:00+00:00,4461.5,4467.7001953125,4460.10009765625,4467.2998046875,792
2026-06-03 20:45:00+00:00,4462.7001953125,4463.5,4458.60009765625,4461.2998046875,605
2026-06-03 22:00:00+00:00,4458.10009765625,4466.7001953125,4455.89990234375,4462.60009765625,297
2026-06-03 22:15:00+00:00,4460.39990234375,4462.0,4450.10009765625,4458.2001953125,663
2026-06-03 22:30:00+00:00,4463.10009765625,4466.7001953125,4461.0,4461.0,388
2026-06-03 22:45:00+00:00,4475.2998046875,4479.2001953125,4463.39990234375,4463.39990234375,746
2026-06-03 23:00:00+00:00,4473.60009765625,4476.89990234375,4471.5,4475.5,423
2026-06-03 23:15:00+00:00,4477.10009765625,4478.2001953125,4473.60009765625,4474.5,407
2026-06-03 23:30:00+00:00,4480.60009765625,4480.7998046875,4472.7998046875,4477.5,928
2026-06-03 23:45:00+00:00,4483.5,4491.2001953125,4480.60009765625,4480.7001953125,824
2026-06-04 00:00:00+00:00,4479.7998046875,4491.7998046875,4479.2998046875,4484.0,609
2026-06-04 00:15:00+00:00,4478.0,4483.2001953125,4474.10009765625,4479.7001953125,502
2026-06-04 00:30:00+00:00,4475.10009765625,4479.2998046875,4470.60009765625,4477.0,560
2026-06-04 00:45:00+00:00,4475.60009765625,4479.7001953125,4471.60009765625,4474.7001953125,471
2026-06-04 01:00:00+00:00,4491.2001953125,4494.2998046875,4470.0,4475.0,1189
2026-06-04 01:15:00+00:00,4493.0,4500.7998046875,4486.10009765625,4490.2998046875,1285
2026-06-04 01:30:00+00:00,4486.0,4496.7998046875,4485.7001953125,4494.10009765625,772
2026-06-04 01:45:00+00:00,4492.5,4493.89990234375,4483.2998046875,4485.39990234375,833
2026-06-04 02:00:00+00:00,4489.5,4493.7998046875,4482.5,4492.10009765625,906
2026-06-04 02:15:00+00:00,4487.2998046875,4489.7998046875,4485.5,4489.2001953125,455
2026-06-04 02:30:00+00:00,4488.7998046875,4491.7998046875,4484.2998046875,4487.7998046875,562
2026-06-04 02:45:00+00:00,4502.0,4504.2001953125,4489.0,4489.2001953125,1293
2026-06-04 03:00:00+00:00,4498.39990234375,4504.2001953125,4496.89990234375,4501.7001953125,905
2026-06-04 03:15:00+00:00,4496.2998046875,4499.0,4492.7001953125,4499.0,478
2026-06-04 03:30:00+00:00,4487.60009765625,4497.7001953125,4487.60009765625,4497.5,482
2026-06-04 03:45:00+00:00,4490.60009765625,4491.89990234375,4485.10009765625,4487.2998046875,468
2026-06-04 04:00:00+00:00,4498.0,4498.0,4489.10009765625,4490.60009765625,590
2026-06-04 04:15:00+00:00,4501.60009765625,4503.10009765625,4496.89990234375,4498.39990234375,780
2026-06-04 04:30:00+00:00,4509.7998046875,4511.2001953125,4501.7998046875,4501.7998046875,1119
2026-06-04 04:45:00+00:00,4508.10009765625,4511.2001953125,4505.89990234375,4510.2998046875,572
2026-06-04 05:00:00+00:00,4504.2001953125,4509.60009765625,4498.7001953125,4508.2001953125,721
2026-06-04 05:15:00+00:00,4500.60009765625,4504.5,4498.10009765625,4504.5,531
2026-06-04 05:30:00+00:00,4501.2001953125,4502.7001953125,4497.7998046875,4500.89990234375,667
2026-06-04 05:45:00+00:00,4496.0,4502.0,4493.5,4501.7001953125,897
2026-06-04 06:00:00+00:00,4501.2001953125,4504.2998046875,4494.89990234375,4495.7998046875,897
2026-06-04 06:15:00+00:00,4499.0,4501.10009765625,4493.10009765625,4500.7001953125,631
2026-06-04 06:30:00+00:00,4496.2001953125,4503.7001953125,4496.2001953125,4498.7998046875,851
2026-06-04 06:45:00+00:00,4494.7001953125,4497.39990234375,4489.7998046875,4496.2001953125,1010
2026-06-04 07:00:00+00:00,4491.10009765625,4497.7001953125,4489.2998046875,4495.0,810
2026-06-04 07:15:00+00:00,4492.5,4497.39990234375,4488.5,4491.10009765625,755
2026-06-04 07:30:00+00:00,4488.5,4495.0,4486.89990234375,4492.0,611
2026-06-04 07:45:00+00:00,4488.5,4489.39990234375,4486.2001953125,4488.5,411
2026-06-04 08:00:00+00:00,4487.7998046875,4494.60009765625,4486.60009765625,4488.39990234375,873
2026-06-04 08:15:00+00:00,4490.5,4492.39990234375,4485.39990234375,4487.7998046875,854
2026-06-04 08:30:00+00:00,4490.39990234375,4496.10009765625,4486.7998046875,4490.7001953125,717
2026-06-04 08:45:00+00:00,4490.2001953125,4492.60009765625,4486.2001953125,4490.5,454
2026-06-04 09:00:00+00:00,4490.2001953125,4496.2998046875,4487.7001953125,4489.89990234375,804
2026-06-04 09:15:00+00:00,4491.89990234375,4494.7998046875,4490.10009765625,4490.7001953125,520
2026-06-04 09:30:00+00:00,4495.7001953125,4497.0,4488.7001953125,4492.0,1540
2026-06-04 09:45:00+00:00,4498.2001953125,4503.2998046875,4495.0,4495.7001953125,945
2026-06-04 10:00:00+00:00,4498.5,4499.7001953125,4495.39990234375,4497.89990234375,540
2026-06-04 10:15:00+00:00,4495.10009765625,4498.89990234375,4491.89990234375,4498.89990234375,697
2026-06-04 10:30:00+00:00,4499.39990234375,4500.5,4494.2001953125,4494.89990234375,690
2026-06-04 10:45:00+00:00,4501.60009765625,4501.7001953125,4496.39990234375,4499.2001953125,459
2026-06-04 11:00:00+00:00,4501.2998046875,4506.60009765625,4496.39990234375,4501.60009765625,1662
2026-06-04 11:15:00+00:00,4517.39990234375,4519.39990234375,4501.2998046875,4501.60009765625,1873
2026-06-04 11:30:00+00:00,4519.7998046875,4520.5,4510.0,4517.7001953125,1933
2026-06-04 11:45:00+00:00,4539.2001953125,4542.39990234375,4519.10009765625,4519.10009765625,4032
2026-06-04 12:00:00+00:00,4521.5,4541.89990234375,4519.60009765625,4539.10009765625,3455
2026-06-04 12:15:00+00:00,4526.10009765625,4527.89990234375,4518.7998046875,4522.0,1639
2026-06-04 12:30:00+00:00,4529.7001953125,4529.89990234375,4524.5,4526.39990234375,1835
2026-06-04 12:45:00+00:00,4531.60009765625,4538.7998046875,4526.89990234375,4530.0,2459
2026-06-04 13:00:00+00:00,4530.7998046875,4537.7998046875,4527.7998046875,4531.60009765625,1740
2026-06-04 13:15:00+00:00,4532.2998046875,4537.2001953125,4529.2001953125,4530.7001953125,972
2026-06-04 13:30:00+00:00,4542.60009765625,4542.89990234375,4529.39990234375,4532.2001953125,2623
2026-06-04 13:45:00+00:00,4523.7001953125,4543.2001953125,4523.2998046875,4542.60009765625,2521
2026-06-04 14:00:00+00:00,4515.5,4528.0,4513.89990234375,4523.39990234375,3397
2026-06-04 14:15:00+00:00,4513.60009765625,4521.60009765625,4511.39990234375,4515.39990234375,2012
2026-06-04 14:30:00+00:00,4502.7001953125,4514.39990234375,4499.7998046875,4513.89990234375,3571
2026-06-04 14:45:00+00:00,4493.10009765625,4503.60009765625,4483.7998046875,4502.60009765625,6299
2026-06-04 15:00:00+00:00,4499.7001953125,4502.39990234375,4490.60009765625,4493.2001953125,4028
2026-06-04 15:15:00+00:00,4498.39990234375,4502.10009765625,4496.89990234375,4499.7001953125,1570
2026-06-04 15:30:00+00:00,4500.39990234375,4505.0,4497.5,4498.60009765625,2384
2026-06-04 15:45:00+00:00,4504.89990234375,4506.60009765625,4497.2998046875,4500.2001953125,1278
2026-06-04 16:00:00+00:00,4507.0,4511.7998046875,4502.7998046875,4504.89990234375,2531
2026-06-04 16:15:00+00:00,4511.5,4513.2001953125,4507.2001953125,4507.2001953125,1674
2026-06-04 16:30:00+00:00,4508.7001953125,4512.2001953125,4507.2001953125,4511.5,2289
2026-06-04 16:45:00+00:00,4510.7998046875,4511.7001953125,4507.60009765625,4508.89990234375,1442
2026-06-04 17:00:00+00:00,4503.89990234375,4510.5,4503.89990234375,4510.5,1454
2026-06-04 17:15:00+00:00,4504.7998046875,4507.2998046875,4502.0,4504.10009765625,1792
2026-06-04 17:30:00+00:00,4504.60009765625,4509.5,4503.89990234375,4504.89990234375,975
2026-06-04 17:45:00+00:00,4506.0,4508.2998046875,4504.60009765625,4504.7998046875,409
2026-06-04 18:00:00+00:00,4506.89990234375,4508.2998046875,4504.10009765625,4506.10009765625,590
2026-06-04 18:15:00+00:00,4505.89990234375,4508.7998046875,4505.0,4507.0,411
2026-06-04 18:30:00+00:00,4502.10009765625,4505.7998046875,4500.0,4505.7001953125,769
2026-06-04 18:45:00+00:00,4505.89990234375,4507.2998046875,4501.5,4502.2998046875,467
2026-06-04 19:00:00+00:00,4506.0,4511.2998046875,4503.89990234375,4506.10009765625,725
2026-06-04 19:15:00+00:00,4507.7998046875,4508.10009765625,4505.60009765625,4505.89990234375,410
2026-06-04 19:30:00+00:00,4505.60009765625,4508.2998046875,4505.10009765625,4507.5,402
2026-06-04 19:45:00+00:00,4508.89990234375,4510.39990234375,4504.5,4505.7998046875,804
2026-06-04 20:00:00+00:00,4505.60009765625,4509.2998046875,4505.60009765625,4508.5,415
2026-06-04 20:15:00+00:00,4505.2998046875,4507.2001953125,4504.0,4506.0,260
2026-06-04 20:30:00+00:00,4503.0,4505.39990234375,4502.89990234375,4505.39990234375,335
2026-06-04 20:45:00+00:00,4502.39990234375,4503.89990234375,4502.2998046875,4502.89990234375,305
2026-06-04 22:00:00+00:00,4502.7001953125,4504.7001953125,4500.39990234375,4503.0,259
2026-06-04 22:15:00+00:00,4506.0,4508.5,4501.89990234375,4502.7998046875,554
2026-06-04 22:30:00+00:00,4502.60009765625,4508.7001953125,4502.60009765625,4506.0,726
2026-06-04 22:45:00+00:00,4496.89990234375,4504.0,4496.0,4503.0,699
2026-06-04 23:00:00+00:00,4498.60009765625,4501.10009765625,4491.2001953125,4497.0,873
2026-06-04 23:15:00+00:00,4496.5,4500.7998046875,4493.2998046875,4498.39990234375,357
2026-06-04 23:30:00+00:00,4490.2998046875,4496.7001953125,4489.0,4496.7001953125,374
2026-06-04 23:45:00+00:00,4488.39990234375,4493.10009765625,4487.7001953125,4490.5,349
2026-06-05 00:00:00+00:00,4482.39990234375,4491.89990234375,4481.0,4488.2001953125,758
2026-06-05 00:15:00+00:00,4484.5,4484.60009765625,4477.5,4482.2998046875,973
2026-06-05 00:30:00+00:00,4489.7998046875,4493.89990234375,4483.0,4484.2001953125,771
2026-06-05 00:45:00+00:00,4485.7998046875,4493.2998046875,4485.39990234375,4490.10009765625,525
2026-06-05 01:00:00+00:00,4486.7998046875,4497.0,4479.5,4485.7998046875,1360
2026-06-05 01:15:00+00:00,4485.10009765625,4491.7001953125,4475.7998046875,4486.7001953125,1328
2026-06-05 01:30:00+00:00,4472.60009765625,4486.2998046875,4471.7998046875,4485.0,1560
2026-06-05 01:45:00+00:00,4473.2998046875,4477.89990234375,4470.7001953125,4472.7998046875,1328
2026-06-05 02:00:00+00:00,4475.7998046875,4477.7001953125,4468.60009765625,4473.39990234375,1241
2026-06-05 02:15:00+00:00,4477.60009765625,4481.60009765625,4471.60009765625,4475.7998046875,662
2026-06-05 02:30:00+00:00,4469.0,4478.2001953125,4464.5,4477.39990234375,1632
2026-06-05 02:45:00+00:00,4467.10009765625,4476.10009765625,4466.39990234375,4469.2001953125,896
2026-06-05 03:00:00+00:00,4467.2998046875,4467.60009765625,4462.5,4466.7001953125,834
2026-06-05 03:15:00+00:00,4463.0,4470.10009765625,4461.2001953125,4467.2998046875,576
2026-06-05 03:30:00+00:00,4467.10009765625,4468.7998046875,4462.60009765625,4463.0,435
2026-06-05 03:45:00+00:00,4468.39990234375,4469.5,4465.2001953125,4467.39990234375,413
2026-06-05 04:00:00+00:00,4467.60009765625,4470.7001953125,4464.60009765625,4468.7001953125,437
2026-06-05 04:15:00+00:00,4465.7998046875,4469.89990234375,4465.0,4467.60009765625,702
2026-06-05 04:30:00+00:00,4467.2998046875,4470.39990234375,4463.7998046875,4466.10009765625,357
2026-06-05 04:45:00+00:00,4471.0,4472.89990234375,4466.0,4467.39990234375,412
2026-06-05 05:00:00+00:00,4474.7001953125,4476.10009765625,4469.2001953125,4471.0,727
2026-06-05 05:15:00+00:00,4471.0,4475.10009765625,4468.0,4474.89990234375,495
2026-06-05 05:30:00+00:00,4469.7001953125,4474.0,4465.39990234375,4470.5,823
2026-06-05 05:45:00+00:00,4465.89990234375,4474.5,4464.89990234375,4470.0,657
2026-06-05 06:00:00+00:00,4463.2998046875,4468.7998046875,4461.60009765625,4466.39990234375,1167
2026-06-05 06:15:00+00:00,4468.89990234375,4472.89990234375,4454.7998046875,4462.60009765625,2183
2026-06-05 06:30:00+00:00,4474.2001953125,4476.89990234375,4468.89990234375,4468.89990234375,859
2026-06-05 06:45:00+00:00,4479.7001953125,4483.2001953125,4473.5,4474.89990234375,1601
2026-06-05 07:00:00+00:00,4485.39990234375,4490.10009765625,4478.7001953125,4479.89990234375,1224
2026-06-05 07:15:00+00:00,4494.10009765625,4494.2001953125,4485.10009765625,4485.10009765625,878
2026-06-05 07:30:00+00:00,4489.0,4494.10009765625,4486.2001953125,4493.89990234375,1310
2026-06-05 07:45:00+00:00,4487.7001953125,4492.0,4487.7001953125,4489.10009765625,350
2026-06-05 08:00:00+00:00,4487.7001953125,4490.5,4485.5,4487.2998046875,582
2026-06-05 08:15:00+00:00,4493.89990234375,4493.89990234375,4486.89990234375,4487.89990234375,747
2026-06-05 08:30:00+00:00,4488.7998046875,4495.39990234375,4488.0,4493.89990234375,619
2026-06-05 08:45:00+00:00,4489.7998046875,4491.39990234375,4488.60009765625,4489.0,242
2026-06-05 09:00:00+00:00,4493.0,4496.60009765625,4485.7998046875,4489.60009765625,1282
2026-06-05 09:15:00+00:00,4489.7998046875,4496.60009765625,4488.60009765625,4493.10009765625,1148
2026-06-05 09:30:00+00:00,4493.0,4493.89990234375,4485.7998046875,4489.60009765625,1844
2026-06-05 09:45:00+00:00,4491.89990234375,4496.60009765625,4489.60009765625,4493.10009765625,631
2026-06-05 10:00:00+00:00,4492.2001953125,4492.39990234375,4490.10009765625,4491.60009765625,346
2026-06-05 10:15:00+00:00,4493.2001953125,4495.0,4491.5,4492.0,321
2026-06-05 10:30:00+00:00,4491.60009765625,4494.10009765625,4488.7001953125,4493.2998046875,491
2026-06-05 10:45:00+00:00,4493.7001953125,4494.7998046875,4491.2998046875,4491.7998046875,760
2026-06-05 11:00:00+00:00,4488.10009765625,4494.10009765625,4487.7998046875,4493.2001953125,502
2026-06-05 11:15:00+00:00,4493.10009765625,4493.10009765625,4484.7998046875,4488.10009765625,926
2026-06-05 11:30:00+00:00,4491.7998046875,4494.2998046875,4490.0,4492.7998046875,559
2026-06-05 11:45:00+00:00,4497.0,4502.2001953125,4490.89990234375,4491.7001953125,1226
2026-06-05 12:00:00+00:00,4496.2001953125,4498.10009765625,4491.0,4497.39990234375,972
2026-06-05 12:15:00+00:00,4491.0,4502.7998046875,4488.10009765625,4495.89990234375,2132
2026-06-05 12:30:00+00:00,4472.10009765625,4493.5,4465.5,4493.5,6535
2026-06-05 12:45:00+00:00,4432.10009765625,4475.7001953125,4430.10009765625,4472.10009765625,9377
2026-06-05 13:00:00+00:00,4443.89990234375,4446.39990234375,4425.2001953125,4432.0,6616
2026-06-05 13:15:00+00:00,4430.5,4446.60009765625,4429.60009765625,4443.60009765625,3515
2026-06-05 13:30:00+00:00,4414.7001953125,4435.5,4411.2001953125,4430.7998046875,7262
2026-06-05 13:45:00+00:00,4390.5,4416.2998046875,4390.0,4414.2998046875,8751
2026-06-05 14:00:00+00:00,4391.10009765625,4404.2001953125,4388.10009765625,4390.39990234375,10458
2026-06-05 14:15:00+00:00,4385.7001953125,4395.60009765625,4377.5,4390.89990234375,6803
2026-06-05 14:30:00+00:00,4374.39990234375,4388.7998046875,4369.39990234375,4385.7001953125,5610
2026-06-05 14:45:00+00:00,4394.60009765625,4394.89990234375,4373.10009765625,4373.7998046875,5218
2026-06-05 15:00:00+00:00,4378.0,4397.2998046875,4377.5,4394.60009765625,3065
2026-06-05 15:15:00+00:00,4376.7998046875,4383.10009765625,4372.89990234375,4377.89990234375,3216
2026-06-05 15:30:00+00:00,4363.2998046875,4380.10009765625,4360.5,4377.0,3709
2026-06-05 15:45:00+00:00,4360.39990234375,4366.89990234375,4358.7998046875,4363.39990234375,2106
2026-06-05 16:00:00+00:00,4358.2001953125,4366.7001953125,4354.0,4360.2998046875,3261
2026-06-05 16:15:00+00:00,4354.5,4358.60009765625,4350.0,4358.10009765625,2814
2026-06-05 16:30:00+00:00,4352.39990234375,4357.0,4347.5,4354.2998046875,2172
2026-06-05 16:45:00+00:00,4369.10009765625,4370.2998046875,4349.5,4352.2001953125,3232
2026-06-05 17:00:00+00:00,4363.89990234375,4371.39990234375,4361.0,4369.2998046875,2232
2026-06-05 17:15:00+00:00,4367.39990234375,4368.0,4360.2001953125,4364.39990234375,4642
2026-06-05 17:30:00+00:00,4365.7001953125,4372.0,4364.10009765625,4367.5,1757
2026-06-05 17:45:00+00:00,4366.2001953125,4368.2998046875,4362.2001953125,4366.0,1188
2026-06-05 18:00:00+00:00,4347.5,4366.7998046875,4347.2001953125,4366.7998046875,2342
2026-06-05 18:15:00+00:00,4350.2001953125,4355.39990234375,4346.2998046875,4347.7001953125,2391
2026-06-05 18:30:00+00:00,4343.0,4351.2001953125,4339.7998046875,4350.2998046875,3834
2026-06-05 18:45:00+00:00,4346.7001953125,4351.39990234375,4340.7998046875,4342.7001953125,1370
2026-06-05 19:00:00+00:00,4339.7998046875,4348.10009765625,4339.5,4347.39990234375,1169
2026-06-05 19:15:00+00:00,4348.60009765625,4348.60009765625,4338.2998046875,4339.7001953125,2031
2026-06-05 19:30:00+00:00,4343.10009765625,4349.5,4338.39990234375,4348.39990234375,1600
2026-06-05 19:45:00+00:00,4343.5,4348.10009765625,4341.89990234375,4343.10009765625,1785
2026-06-05 20:00:00+00:00,4340.39990234375,4344.2001953125,4336.60009765625,4343.7001953125,1359
2026-06-05 20:15:00+00:00,4347.2001953125,4351.39990234375,4338.5,4340.2001953125,1040
2026-06-05 20:30:00+00:00,4349.39990234375,4349.89990234375,4345.60009765625,4347.7998046875,725
2026-06-05 20:45:00+00:00,4365.2998046875,4365.2998046875,4348.7998046875,4349.0,1017
2026-06-07 22:00:00+00:00,4354.0,4354.0,4337.2998046875,4342.2001953125,722
2026-06-07 22:15:00+00:00,4340.39990234375,4354.7001953125,4339.7998046875,4353.5,875
2026-06-07 22:30:00+00:00,4350.10009765625,4352.60009765625,4339.10009765625,4340.2001953125,770
2026-06-07 22:45:00+00:00,4341.39990234375,4350.7001953125,4339.60009765625,4349.39990234375,552
2026-06-07 23:00:00+00:00,4354.39990234375,4357.7998046875,4341.39990234375,4341.5,614
2026-06-07 23:15:00+00:00,4358.0,4358.39990234375,4352.60009765625,4354.7998046875,485
2026-06-07 23:30:00+00:00,4362.2001953125,4364.39990234375,4356.7001953125,4358.0,728
2026-06-07 23:45:00+00:00,4367.89990234375,4371.0,4358.89990234375,4362.7998046875,951
2026-06-08 00:00:00+00:00,4366.7998046875,4370.10009765625,4364.0,4367.0,602
2026-06-08 00:15:00+00:00,4375.2001953125,4377.5,4365.60009765625,4367.0,920
2026-06-08 00:30:00+00:00,4369.5,4375.89990234375,4365.7998046875,4375.0,1062
2026-06-08 00:45:00+00:00,4366.0,4370.0,4363.10009765625,4369.39990234375,995
2026-06-08 01:00:00+00:00,4351.0,4369.5,4350.0,4365.60009765625,2297
2026-06-08 01:15:00+00:00,4338.2998046875,4351.0,4334.2001953125,4350.7998046875,2481
2026-06-08 01:30:00+00:00,4350.7001953125,4351.39990234375,4323.60009765625,4338.5,2421
2026-06-08 01:45:00+00:00,4349.60009765625,4353.39990234375,4343.39990234375,4350.7001953125,1106
2026-06-08 02:00:00+00:00,4340.60009765625,4354.7998046875,4338.5,4350.2001953125,1216
2026-06-08 02:15:00+00:00,4338.7001953125,4343.5,4335.0,4340.0,974
2026-06-08 02:30:00+00:00,4340.2001953125,4341.7001953125,4331.0,4339.10009765625,1770
2026-06-08 02:45:00+00:00,4334.5,4345.0,4333.0,4339.7001953125,1013
2026-06-08 03:00:00+00:00,4328.89990234375,4338.2998046875,4328.10009765625,4334.89990234375,1044
2026-06-08 03:15:00+00:00,4331.39990234375,4336.2998046875,4327.39990234375,4328.5,1024
2026-06-08 03:30:00+00:00,4334.0,4334.10009765625,4329.0,4331.10009765625,393
2026-06-08 03:45:00+00:00,4339.7998046875,4341.10009765625,4333.2001953125,4334.0,419
2026-06-08 04:00:00+00:00,4343.39990234375,4344.5,4337.7998046875,4342.0,554
2026-06-08 04:15:00+00:00,4344.0,4346.39990234375,4340.2001953125,4343.2998046875,621
2026-06-08 04:30:00+00:00,4331.7998046875,4344.60009765625,4331.7998046875,4344.2998046875,699
2026-06-08 04:45:00+00:00,4337.2001953125,4338.0,4331.7998046875,4332.2001953125,351
2026-06-08 05:00:00+00:00,4328.60009765625,4340.10009765625,4328.60009765625,4337.10009765625,622
2026-06-08 05:15:00+00:00,4336.2001953125,4339.0,4328.60009765625,4328.7998046875,672
2026-06-08 05:30:00+00:00,4312.7001953125,4337.60009765625,4293.0,4335.7998046875,5674
2026-06-08 05:45:00+00:00,4317.5,4320.39990234375,4309.89990234375,4312.7001953125,1632
2026-06-08 06:00:00+00:00,4328.7998046875,4333.2001953125,4316.7998046875,4316.7998046875,2059
2026-06-08 06:15:00+00:00,4330.89990234375,4336.5,4324.60009765625,4328.7001953125,1316
2026-06-08 06:30:00+00:00,4323.2998046875,4331.5,4318.7001953125,4330.7001953125,1023
2026-06-08 06:45:00+00:00,4325.2998046875,4325.60009765625,4318.10009765625,4323.10009765625,788
2026-06-08 07:00:00+00:00,4330.2001953125,4333.7998046875,4320.0,4325.10009765625,1153
2026-06-08 07:15:00+00:00,4331.39990234375,4342.0,4324.60009765625,4330.5,2055
2026-06-08 07:30:00+00:00,4326.89990234375,4336.60009765625,4326.60009765625,4331.7001953125,1409
2026-06-08 07:45:00+00:00,4319.89990234375,4327.7998046875,4319.2998046875,4327.2001953125,1162
2026-06-08 08:00:00+00:00,4316.5,4322.39990234375,4314.7001953125,4319.2998046875,1654
2026-06-08 08:15:00+00:00,4312.10009765625,4318.39990234375,4309.60009765625,4316.7001953125,1720
2026-06-08 08:30:00+00:00,4315.10009765625,4316.5,4310.7001953125,4312.7998046875,1321
2026-06-08 08:45:00+00:00,4313.10009765625,4318.2998046875,4310.2001953125,4315.10009765625,1878
2026-06-08 09:00:00+00:00,4313.7001953125,4316.7998046875,4308.7998046875,4313.5,624
2026-06-08 09:15:00+00:00,4304.39990234375,4315.5,4303.5,4313.5,1196
2026-06-08 09:30:00+00:00,4318.0,4320.7001953125,4297.10009765625,4304.10009765625,4163
2026-06-08 09:45:00+00:00,4318.7998046875,4326.39990234375,4315.5,4318.2001953125,1716
2026-06-08 10:00:00+00:00,4319.2001953125,4322.2001953125,4310.60009765625,4319.0,1367
2026-06-08 10:15:00+00:00,4318.39990234375,4320.2998046875,4314.2001953125,4319.7001953125,749
2026-06-08 10:30:00+00:00,4329.2001953125,4330.2998046875,4316.60009765625,4318.2001953125,1849
2026-06-08 10:45:00+00:00,4326.39990234375,4329.5,4321.39990234375,4329.5,926
2026-06-08 11:00:00+00:00,4343.2998046875,4343.2998046875,4321.2998046875,4326.2001953125,1993
2026-06-08 11:15:00+00:00,4350.2001953125,4356.10009765625,4337.5,4343.2998046875,4236
2026-06-08 11:30:00+00:00,4349.0,4358.5,4347.2001953125,4350.0,1764
2026-06-08 11:45:00+00:00,4356.2998046875,4357.39990234375,4346.0,4349.2001953125,1559
2026-06-08 12:00:00+00:00,4347.0,4359.5,4346.7998046875,4355.7001953125,2152
2026-06-08 12:15:00+00:00,4354.7001953125,4357.39990234375,4344.7998046875,4347.0,1714
2026-06-08 12:30:00+00:00,4360.60009765625,4364.7998046875,4352.39990234375,4354.60009765625,3179
2026-06-08 12:45:00+00:00,4358.0,4363.0,4352.0,4360.89990234375,1714
2026-06-08 13:00:00+00:00,4348.39990234375,4359.7998046875,4347.60009765625,4358.10009765625,2482
2026-06-08 13:15:00+00:00,4355.60009765625,4360.7998046875,4345.7001953125,4348.60009765625,1872
2026-06-08 13:30:00+00:00,4360.7001953125,4371.5,4355.5,4355.5,4283
2026-06-08 13:45:00+00:00,4351.7998046875,4363.60009765625,4350.39990234375,4361.10009765625,3191
2026-06-08 14:00:00+00:00,4344.2998046875,4355.2998046875,4341.39990234375,4351.2998046875,4452
2026-06-08 14:15:00+00:00,4344.89990234375,4349.10009765625,4340.60009765625,4344.39990234375,2399
2026-06-08 14:30:00+00:00,4348.0,4348.89990234375,4339.0,4345.0,2413
2026-06-08 14:45:00+00:00,4355.7998046875,4356.2998046875,4341.7001953125,4347.5,2426
2026-06-08 15:00:00+00:00,4349.7998046875,4361.10009765625,4348.60009765625,4356.2998046875,2309
2026-06-08 15:15:00+00:00,4354.7998046875,4360.5,4346.89990234375,4350.0,2542
2026-06-08 15:30:00+00:00,4364.10009765625,4364.39990234375,4353.0,4355.2998046875,1944
2026-06-08 15:45:00+00:00,4366.10009765625,4370.0,4359.60009765625,4364.10009765625,2008
2026-06-08 16:00:00+00:00,4365.0,4368.0,4362.2001953125,4365.89990234375,1108
2026-06-08 16:15:00+00:00,4365.2001953125,4368.2998046875,4363.89990234375,4365.39990234375,894
2026-06-08 16:30:00+00:00,4368.5,4371.0,4364.89990234375,4365.2001953125,1152
2026-06-08 16:45:00+00:00,4365.0,4370.60009765625,4362.2001953125,4368.2998046875,1104
2026-06-08 17:00:00+00:00,4363.10009765625,4366.7998046875,4360.2001953125,4365.10009765625,1118
2026-06-08 17:15:00+00:00,4363.2998046875,4364.7998046875,4357.7001953125,4363.2998046875,3166
2026-06-08 17:30:00+00:00,4358.60009765625,4364.0,4356.60009765625,4363.60009765625,1578
2026-06-08 17:45:00+00:00,4363.39990234375,4363.7998046875,4358.2998046875,4358.60009765625,669
2026-06-08 18:00:00+00:00,4366.2001953125,4369.7001953125,4363.0,4363.2998046875,1022
2026-06-08 18:15:00+00:00,4366.89990234375,4370.2001953125,4365.89990234375,4365.89990234375,994
2026-06-08 18:30:00+00:00,4360.89990234375,4368.89990234375,4360.2998046875,4366.7001953125,834
2026-06-08 18:45:00+00:00,4358.7998046875,4361.2001953125,4357.10009765625,4361.0,1008
2026-06-08 19:00:00+00:00,4354.10009765625,4362.2998046875,4353.89990234375,4358.7001953125,816
2026-06-08 19:15:00+00:00,4352.0,4355.89990234375,4350.2998046875,4354.0,1051
2026-06-08 19:30:00+00:00,4349.10009765625,4354.7998046875,4348.39990234375,4351.7001953125,1057
2026-06-08 19:45:00+00:00,4350.2998046875,4354.0,4346.60009765625,4349.10009765625,1581
2026-06-08 20:00:00+00:00,4352.0,4353.7998046875,4350.39990234375,4350.5,621
2026-06-08 20:15:00+00:00,4350.0,4352.2001953125,4348.0,4352.0,321
2026-06-08 20:30:00+00:00,4350.0,4352.39990234375,4349.2001953125,4350.89990234375,183
2026-06-08 20:45:00+00:00,4353.7998046875,4354.39990234375,4349.39990234375,4350.5,271
2026-06-08 22:00:00+00:00,4348.5,4358.60009765625,4347.60009765625,4354.7001953125,464
2026-06-08 22:15:00+00:00,4348.39990234375,4363.39990234375,4345.7998046875,4348.10009765625,228
2026-06-08 22:30:00+00:00,4350.7001953125,4350.7001953125,4348.2998046875,4349.2998046875,121
2026-06-08 22:45:00+00:00,4351.5,4352.10009765625,4349.2998046875,4351.10009765625,202
2026-06-08 23:00:00+00:00,4351.2001953125,4352.39990234375,4348.39990234375,4350.89990234375,158
2026-06-08 23:15:00+00:00,4344.0,4351.60009765625,4343.7001953125,4351.10009765625,301
2026-06-08 23:30:00+00:00,4343.2998046875,4345.2998046875,4337.7001953125,4343.89990234375,457
2026-06-08 23:45:00+00:00,4340.89990234375,4343.2998046875,4336.0,4343.0,978
2026-06-09 00:00:00+00:00,4346.2998046875,4347.5,4338.7998046875,4340.89990234375,629
2026-06-09 00:15:00+00:00,4340.60009765625,4347.2998046875,4340.2998046875,4346.2998046875,403
2026-06-09 00:30:00+00:00,4342.2998046875,4347.10009765625,4338.7998046875,4341.0,838
2026-06-09 00:45:00+00:00,4344.10009765625,4345.60009765625,4339.2001953125,4342.60009765625,582
2026-06-09 01:00:00+00:00,4348.2001953125,4352.60009765625,4342.5,4344.0,1011
2026-06-09 01:15:00+00:00,4359.7998046875,4362.39990234375,4346.7001953125,4347.89990234375,1226
2026-06-09 01:30:00+00:00,4360.0,4362.89990234375,4357.2998046875,4359.89990234375,798
2026-06-09 01:45:00+00:00,4360.7998046875,4362.89990234375,4357.5,4360.10009765625,1035
2026-06-09 02:00:00+00:00,4357.10009765625,4361.60009765625,4352.7001953125,4360.89990234375,824
2026-06-09 02:15:00+00:00,4360.2001953125,4360.60009765625,4354.60009765625,4357.10009765625,440
2026-06-09 02:30:00+00:00,4363.0,4364.0,4355.5,4359.89990234375,591
2026-06-09 02:45:00+00:00,4360.39990234375,4365.7001953125,4359.0,4363.60009765625,603
2026-06-09 03:00:00+00:00,4362.7998046875,4366.0,4355.2001953125,4360.10009765625,948
2026-06-09 03:15:00+00:00,4360.7001953125,4366.5,4357.7001953125,4364.2998046875,624
2026-06-09 03:30:00+00:00,4361.89990234375,4362.2998046875,4357.7998046875,4361.10009765625,465
2026-06-09 03:45:00+00:00,4359.7998046875,4366.39990234375,4359.0,4362.2998046875,576
2026-06-09 04:00:00+00:00,4356.89990234375,4364.10009765625,4356.89990234375,4360.7998046875,643
2026-06-09 04:15:00+00:00,4355.0,4357.2998046875,4353.2001953125,4356.60009765625,391
2026-06-09 04:30:00+00:00,4352.60009765625,4355.2998046875,4348.60009765625,4355.2001953125,876
2026-06-09 04:45:00+00:00,4356.5,4357.2998046875,4350.89990234375,4352.2998046875,466
2026-06-09 05:00:00+00:00,4355.60009765625,4361.60009765625,4355.2001953125,4356.89990234375,570
2026-06-09 05:15:00+00:00,4356.7998046875,4359.7998046875,4354.7998046875,4355.60009765625,346
2026-06-09 05:30:00+00:00,4372.7001953125,4375.7001953125,4355.7001953125,4356.2998046875,1502
2026-06-09 05:45:00+00:00,4367.89990234375,4373.60009765625,4365.89990234375,4373.2001953125,920
2026-06-09 06:00:00+00:00,4365.39990234375,4373.2001953125,4364.2998046875,4368.10009765625,844
2026-06-09 06:15:00+00:00,4363.5,4370.2998046875,4362.60009765625,4365.2998046875,818
2026-06-09 06:30:00+00:00,4360.89990234375,4363.60009765625,4356.0,4363.2998046875,1126
2026-06-09 06:45:00+00:00,4354.39990234375,4364.2998046875,4354.10009765625,4360.89990234375,786
2026-06-09 07:00:00+00:00,4350.39990234375,4358.89990234375,4350.39990234375,4354.39990234375,1155
2026-06-09 07:15:00+00:00,4354.7998046875,4356.0,4346.60009765625,4350.39990234375,1131
2026-06-09 07:30:00+00:00,4352.2001953125,4355.10009765625,4346.0,4355.10009765625,860
2026-06-09 07:45:00+00:00,4350.2001953125,4353.89990234375,4348.89990234375,4351.7001953125,648
2026-06-09 08:00:00+00:00,4355.7998046875,4360.0,4344.5,4350.10009765625,1447
2026-06-09 08:15:00+00:00,4357.7001953125,4359.10009765625,4355.10009765625,4355.7001953125,704
2026-06-09 08:30:00+00:00,4358.60009765625,4360.7998046875,4354.10009765625,4358.0,569
2026-06-09 08:45:00+00:00,4350.39990234375,4359.0,4349.2998046875,4358.7998046875,637
2026-06-09 09:00:00+00:00,4351.7998046875,4354.5,4348.7001953125,4350.2001953125,450
2026-06-09 09:15:00+00:00,4350.2001953125,4359.5,4347.89990234375,4351.7001953125,1346
2026-06-09 09:30:00+00:00,4351.10009765625,4354.7001953125,4348.89990234375,4350.2001953125,1308
2026-06-09 09:45:00+00:00,4356.0,4357.5,4350.7998046875,4350.89990234375,571
2026-06-09 10:00:00+00:00,4359.60009765625,4359.89990234375,4349.10009765625,4356.0,1028
2026-06-09 10:15:00+00:00,4357.5,4360.7001953125,4355.39990234375,4359.7998046875,690
2026-06-09 10:30:00+00:00,4356.0,4359.0,4353.60009765625,4357.7998046875,669
2026-06-09 10:45:00+00:00,4363.2998046875,4365.2001953125,4354.2998046875,4356.5,1246
2026-06-09 11:00:00+00:00,4361.89990234375,4365.2001953125,4359.89990234375,4363.2998046875,628
2026-06-09 11:15:00+00:00,4362.5,4364.7001953125,4360.39990234375,4362.10009765625,479
2026-06-09 11:30:00+00:00,4363.60009765625,4364.2001953125,4360.89990234375,4362.5,411
2026-06-09 11:45:00+00:00,4364.2998046875,4368.2998046875,4361.39990234375,4363.2998046875,1059
2026-06-09 12:00:00+00:00,4365.60009765625,4368.60009765625,4364.0,4364.39990234375,1228
2026-06-09 12:15:00+00:00,4359.89990234375,4367.7001953125,4359.39990234375,4365.7998046875,1477
2026-06-09 12:30:00+00:00,4365.0,4366.2998046875,4359.0,4360.0,1231
2026-06-09 12:45:00+00:00,4365.39990234375,4369.0,4360.89990234375,4365.0,1498
2026-06-09 13:00:00+00:00,4365.2001953125,4370.0,4362.60009765625,4366.10009765625,2020
2026-06-09 13:15:00+00:00,4355.2001953125,4366.39990234375,4354.2998046875,4365.60009765625,1690
2026-06-09 13:30:00+00:00,4354.5,4359.0,4349.10009765625,4355.39990234375,2238
2026-06-09 13:45:00+00:00,4353.2001953125,4388.60009765625,4351.0,4354.39990234375,7714
2026-06-09 14:00:00+00:00,4345.10009765625,4360.2998046875,4343.39990234375,4352.89990234375,4240
2026-06-09 14:15:00+00:00,4342.7001953125,4348.0,4328.2998046875,4344.7998046875,5324
2026-06-09 14:30:00+00:00,4308.60009765625,4345.5,4307.2001953125,4342.39990234375,5337
2026-06-09 14:45:00+00:00,4325.0,4325.2998046875,4302.10009765625,4308.60009765625,5931
2026-06-09 15:00:00+00:00,4319.5,4326.39990234375,4313.60009765625,4324.7998046875,2722
2026-06-09 15:15:00+00:00,4302.7998046875,4321.2001953125,4301.0,4319.0,2643
2026-06-09 15:30:00+00:00,4304.10009765625,4306.10009765625,4287.10009765625,4302.89990234375,5310
2026-06-09 15:45:00+00:00,4296.7001953125,4310.2001953125,4296.2998046875,4304.2001953125,2872
2026-06-09 16:00:00+00:00,4283.10009765625,4305.2998046875,4282.2998046875,4296.5,3955
2026-06-09 16:15:00+00:00,4287.10009765625,4290.89990234375,4276.89990234375,4283.39990234375,4283
2026-06-09 16:30:00+00:00,4268.89990234375,4291.39990234375,4259.89990234375,4286.7998046875,6956
2026-06-09 16:45:00+00:00,4276.0,4278.10009765625,4262.39990234375,4268.10009765625,3212
2026-06-09 17:00:00+00:00,4285.5,4288.39990234375,4275.10009765625,4276.10009765625,3116
2026-06-09 17:15:00+00:00,4287.39990234375,4292.0,4282.7001953125,4285.60009765625,4629
2026-06-09 17:30:00+00:00,4289.5,4292.7001953125,4285.2998046875,4287.60009765625,1822
2026-06-09 17:45:00+00:00,4287.2001953125,4291.2001953125,4280.2001953125,4289.5,2004
2026-06-09 18:00:00+00:00,4289.7001953125,4291.39990234375,4283.60009765625,4287.5,938
2026-06-09 18:15:00+00:00,4295.2001953125,4298.7998046875,4287.0,4289.60009765625,1114
2026-06-09 18:30:00+00:00,4288.7001953125,4298.60009765625,4288.0,4295.10009765625,744
2026-06-09 18:45:00+00:00,4294.39990234375,4296.10009765625,4286.5,4288.7001953125,673
2026-06-09 19:00:00+00:00,4283.0,4296.10009765625,4282.2998046875,4294.60009765625,851
2026-06-09 19:15:00+00:00,4281.60009765625,4283.39990234375,4276.7001953125,4282.89990234375,1356
2026-06-09 19:30:00+00:00,4275.0,4284.2001953125,4274.2001953125,4281.2001953125,888
2026-06-09 19:45:00+00:00,4282.7001953125,4283.5,4274.0,4275.2998046875,1692
2026-06-09 20:00:00+00:00,4282.39990234375,4285.2001953125,4280.0,4282.7998046875,405
2026-06-09 20:15:00+00:00,4283.0,4284.5,4281.7998046875,4282.0,223
2026-06-09 20:30:00+00:00,4285.2998046875,4285.89990234375,4281.7001953125,4283.0,256
2026-06-09 20:45:00+00:00,4284.7998046875,4286.10009765625,4283.39990234375,4285.5,273
2026-06-09 22:00:00+00:00,4279.39990234375,4281.10009765625,4270.2998046875,4276.10009765625,196
2026-06-09 22:15:00+00:00,4280.60009765625,4280.60009765625,4276.5,4279.39990234375,448
2026-06-09 22:30:00+00:00,4272.39990234375,4281.0,4270.7001953125,4280.5,1143
2026-06-09 22:45:00+00:00,4260.39990234375,4273.39990234375,4255.39990234375,4272.89990234375,2111
2026-06-09 23:00:00+00:00,4259.0,4270.60009765625,4258.89990234375,4260.10009765625,959
2026-06-09 23:15:00+00:00,4247.2001953125,4259.5,4245.60009765625,4259.5,1624
2026-06-09 23:30:00+00:00,4241.5,4252.7001953125,4239.2001953125,4247.60009765625,1326
2026-06-09 23:45:00+00:00,4245.10009765625,4247.5,4233.0,4240.7001953125,1461
2026-06-10 00:00:00+00:00,4248.2998046875,4249.39990234375,4239.5,4245.2001953125,816
2026-06-10 00:15:00+00:00,4240.60009765625,4251.10009765625,4240.60009765625,4247.2998046875,833
2026-06-10 00:30:00+00:00,4227.7998046875,4241.89990234375,4222.0,4241.10009765625,2433
2026-06-10 00:45:00+00:00,4241.60009765625,4244.10009765625,4223.39990234375,4228.0,1615
2026-06-10 01:00:00+00:00,4227.2998046875,4242.5,4210.7001953125,4242.2001953125,3645
2026-06-10 01:15:00+00:00,4225.5,4240.2998046875,4221.2001953125,4226.7998046875,1314
2026-06-10 01:30:00+00:00,4210.7001953125,4230.5,4208.2001953125,4224.7998046875,2191
2026-06-10 01:45:00+00:00,4212.2001953125,4219.39990234375,4207.2001953125,4211.0,1345
2026-06-10 02:00:00+00:00,4207.0,4215.7998046875,4203.2001953125,4212.89990234375,1285
2026-06-10 02:15:00+00:00,4212.10009765625,4212.89990234375,4202.0,4207.2998046875,1279
2026-06-10 02:30:00+00:00,4208.2998046875,4216.5,4198.2001953125,4212.5,2098
2026-06-10 02:45:00+00:00,4197.7998046875,4214.7998046875,4196.89990234375,4208.7001953125,1363
2026-06-10 03:00:00+00:00,4201.89990234375,4204.7001953125,4195.5,4197.5,1111
2026-06-10 03:15:00+00:00,4201.0,4205.0,4197.2998046875,4201.7998046875,563
2026-06-10 03:30:00+00:00,4203.39990234375,4206.7001953125,4200.0,4200.7998046875,723
2026-06-10 03:45:00+00:00,4208.2001953125,4210.2001953125,4203.5,4204.0,433
2026-06-10 04:00:00+00:00,4204.60009765625,4211.2001953125,4204.2001953125,4208.89990234375,394
2026-06-10 04:15:00+00:00,4197.89990234375,4205.7998046875,4196.89990234375,4205.5,686
2026-06-10 04:30:00+00:00,4196.39990234375,4198.89990234375,4195.7998046875,4197.89990234375,607
2026-06-10 04:45:00+00:00,4198.0,4199.0,4194.2001953125,4196.60009765625,414
2026-06-10 05:00:00+00:00,4202.60009765625,4203.89990234375,4196.2998046875,4197.7001953125,632
2026-06-10 05:15:00+00:00,4210.5,4210.5,4198.5,4203.2998046875,772
2026-06-10 05:30:00+00:00,4221.39990234375,4222.2998046875,4205.2001953125,4210.7001953125,1823
2026-06-10 05:45:00+00:00,4228.7001953125,4232.2001953125,4220.7001953125,4221.60009765625,1519
2026-06-10 06:00:00+00:00,4235.7001953125,4245.5,4228.39990234375,4228.60009765625,2276
2026-06-10 06:15:00+00:00,4235.39990234375,4240.10009765625,4231.10009765625,4236.10009765625,1082
2026-06-10 06:30:00+00:00,4230.7998046875,4236.89990234375,4228.60009765625,4234.7001953125,1190
2026-06-10 06:45:00+00:00,4227.10009765625,4233.10009765625,4225.10009765625,4230.7998046875,842
2026-06-10 07:00:00+00:00,4223.5,4231.0,4220.60009765625,4226.7001953125,1315
2026-06-10 07:15:00+00:00,4218.10009765625,4226.5,4216.5,4223.2998046875,970
2026-06-10 07:30:00+00:00,4212.89990234375,4220.7001953125,4211.10009765625,4218.2998046875,1267
2026-06-10 07:45:00+00:00,4209.7001953125,4216.2998046875,4205.0,4213.0,2255
2026-06-10 08:00:00+00:00,4189.89990234375,4211.0,4184.0,4209.39990234375,3693
2026-06-10 08:15:00+00:00,4194.7001953125,4201.60009765625,4189.0,4189.7001953125,2122
2026-06-10 08:30:00+00:00,4193.2998046875,4202.0,4189.2998046875,4194.7998046875,2323
2026-06-10 08:45:00+00:00,4191.7001953125,4199.2001953125,4188.7001953125,4193.2001953125,1712
2026-06-10 09:00:00+00:00,4187.7001953125,4197.10009765625,4187.7001953125,4192.0,1454
2026-06-10 09:15:00+00:00,4189.0,4197.7001953125,4186.89990234375,4187.60009765625,1935
2026-06-10 09:30:00+00:00,4194.2998046875,4202.60009765625,4188.60009765625,4188.60009765625,2113
2026-06-10 09:45:00+00:00,4191.60009765625,4197.60009765625,4185.60009765625,4194.5,1655
2026-06-10 10:00:00+00:00,4184.0,4193.7998046875,4178.5,4191.60009765625,2365
2026-06-10 10:15:00+00:00,4187.60009765625,4192.7998046875,4182.39990234375,4183.7001953125,1373
2026-06-10 10:30:00+00:00,4194.10009765625,4194.2001953125,4186.7998046875,4187.39990234375,835
2026-06-10 10:45:00+00:00,4197.5,4201.5,4192.60009765625,4194.10009765625,1412
2026-06-10 11:00:00+00:00,4191.2998046875,4198.60009765625,4176.0,4197.5,3149
2026-06-10 11:15:00+00:00,4189.2001953125,4194.60009765625,4179.5,4191.39990234375,2397
2026-06-10 11:30:00+00:00,4177.10009765625,4190.60009765625,4176.89990234375,4188.7998046875,1852
2026-06-10 11:45:00+00:00,4170.2001953125,4186.2001953125,4168.2001953125,4176.7998046875,3326
2026-06-10 12:00:00+00:00,4158.89990234375,4175.2001953125,4157.0,4169.89990234375,3758
2026-06-10 12:15:00+00:00,4165.10009765625,4166.2998046875,4152.0,4158.60009765625,5618
2026-06-10 12:30:00+00:00,4183.5,4197.2998046875,4161.5,4164.39990234375,7234
2026-06-10 12:45:00+00:00,4169.60009765625,4192.7998046875,4164.89990234375,4183.7998046875,3726
2026-06-10 13:00:00+00:00,4174.0,4181.2001953125,4167.60009765625,4170.10009765625,5185
2026-06-10 13:15:00+00:00,4172.10009765625,4174.2998046875,4154.89990234375,4174.2998046875,3712
2026-06-10 13:30:00+00:00,4203.10009765625,4203.10009765625,4164.7998046875,4172.0,7200
2026-06-10 13:45:00+00:00,4203.0,4209.5,4196.2998046875,4202.10009765625,5658
2026-06-10 14:00:00+00:00,4197.60009765625,4204.10009765625,4193.0,4202.60009765625,4131
2026-06-10 14:15:00+00:00,4184.2001953125,4198.5,4182.60009765625,4198.0,3506
2026-06-10 14:30:00+00:00,4173.0,4186.39990234375,4172.7001953125,4184.0,2721
2026-06-10 14:45:00+00:00,4147.10009765625,4174.60009765625,4139.7001953125,4172.5,5670
2026-06-10 15:00:00+00:00,4146.2998046875,4159.2001953125,4141.5,4147.7001953125,4185
2026-06-10 15:15:00+00:00,4150.5,4159.7001953125,4135.89990234375,4145.7001953125,4488
2026-06-10 15:30:00+00:00,4152.10009765625,4154.2998046875,4144.89990234375,4150.7998046875,2825
2026-06-10 15:45:00+00:00,4151.89990234375,4154.2998046875,4129.60009765625,4151.60009765625,6048
2026-06-10 16:00:00+00:00,4152.2001953125,4156.10009765625,4145.89990234375,4152.7001953125,2261
2026-06-10 16:15:00+00:00,4150.60009765625,4158.7998046875,4148.7998046875,4152.2001953125,2237
2026-06-10 16:30:00+00:00,4145.2001953125,4155.0,4143.10009765625,4150.2998046875,1998
2026-06-10 16:45:00+00:00,4144.60009765625,4145.7998046875,4138.7001953125,4144.7998046875,1898
2026-06-10 17:00:00+00:00,4140.2998046875,4157.60009765625,4137.2998046875,4144.5,3047
2026-06-10 17:15:00+00:00,4133.7998046875,4143.0,4131.7001953125,4140.39990234375,5208
2026-06-10 17:30:00+00:00,4124.7998046875,4135.10009765625,4124.7001953125,4133.60009765625,2851
2026-06-10 17:45:00+00:00,4134.89990234375,4136.7001953125,4123.5,4125.2998046875,2585
2026-06-10 18:00:00+00:00,4138.7998046875,4144.0,4134.60009765625,4135.2998046875,1484
2026-06-10 18:15:00+00:00,4136.0,4141.2001953125,4132.7998046875,4139.0,968
2026-06-10 18:30:00+00:00,4128.2001953125,4135.89990234375,4127.89990234375,4135.7001953125,1165
2026-06-10 18:45:00+00:00,4125.0,4130.7998046875,4120.2001953125,4128.10009765625,1755
2026-06-10 19:00:00+00:00,4112.7001953125,4125.7998046875,4110.60009765625,4125.39990234375,2658
2026-06-10 19:15:00+00:00,4108.0,4116.0,4105.0,4112.5,2370
2026-06-10 19:30:00+00:00,4115.10009765625,4115.7998046875,4105.5,4108.2001953125,1533
2026-06-10 19:45:00+00:00,4106.2001953125,4116.10009765625,4105.10009765625,4115.39990234375,2024
2026-06-10 20:00:00+00:00,4095.300048828125,4106.39990234375,4092.300048828125,4106.0,1895
2026-06-10 20:15:00+00:00,4101.5,4103.2001953125,4094.300048828125,4095.0,589
2026-06-10 20:30:00+00:00,4095.89990234375,4101.2998046875,4094.199951171875,4101.2998046875,653
2026-06-10 20:45:00+00:00,4094.10009765625,4095.699951171875,4090.10009765625,4095.60009765625,890
2026-06-10 22:00:00+00:00,4077.800048828125,4094.39990234375,4072.39990234375,4094.39990234375,1463
2026-06-10 22:15:00+00:00,4068.0,4079.60009765625,4059.199951171875,4079.0,2438
2026-06-10 22:30:00+00:00,4085.89990234375,4092.300048828125,4067.5,4068.5,1819
2026-06-10 22:45:00+00:00,4069.10009765625,4090.10009765625,4068.199951171875,4085.89990234375,1190
2026-06-10 23:00:00+00:00,4052.89990234375,4076.89990234375,4046.199951171875,4069.199951171875,1987
2026-06-10 23:15:00+00:00,4084.10009765625,4087.199951171875,4047.60009765625,4052.10009765625,2458
2026-06-10 23:30:00+00:00,4078.10009765625,4086.800048828125,4077.199951171875,4083.60009765625,817
2026-06-10 23:45:00+00:00,4069.699951171875,4079.699951171875,4066.699951171875,4078.39990234375,988
2026-06-11 00:00:00+00:00,4074.5,4081.800048828125,4058.0,4070.89990234375,1885
2026-06-11 00:15:00+00:00,4089.39990234375,4095.39990234375,4072.0,4074.89990234375,3164
2026-06-11 00:30:00+00:00,4085.0,4098.7001953125,4081.0,4089.0,2657
2026-06-11 00:45:00+00:00,4097.5,4100.0,4085.300048828125,4085.60009765625,1693
2026-06-11 01:00:00+00:00,4108.0,4111.39990234375,4087.39990234375,4097.2998046875,4673
2026-06-11 01:15:00+00:00,4124.89990234375,4129.7001953125,4106.89990234375,4107.7001953125,5356
2026-06-11 01:30:00+00:00,4134.10009765625,4138.5,4124.2998046875,4125.10009765625,3015
2026-06-11 01:45:00+00:00,4122.39990234375,4137.7001953125,4118.0,4134.2998046875,1957
2026-06-11 02:00:00+00:00,4110.0,4122.89990234375,4109.2998046875,4122.7998046875,1517
2026-06-11 02:15:00+00:00,4102.7998046875,4116.2001953125,4101.89990234375,4110.89990234375,1524
2026-06-11 02:30:00+00:00,4080.5,4105.5,4076.0,4103.2001953125,2760
2026-06-11 02:45:00+00:00,4089.300048828125,4095.199951171875,4073.39990234375,4080.199951171875,1674
2026-06-11 03:00:00+00:00,4086.199951171875,4099.7998046875,4085.60009765625,4089.39990234375,1214
2026-06-11 03:15:00+00:00,4084.300048828125,4092.300048828125,4078.10009765625,4087.800048828125,1237
2026-06-11 03:30:00+00:00,4089.199951171875,4093.300048828125,4083.89990234375,4084.199951171875,838
2026-06-11 03:45:00+00:00,4095.5,4097.0,4086.5,4090.39990234375,581
2026-06-11 04:00:00+00:00,4104.10009765625,4104.5,4091.199951171875,4094.39990234375,908
2026-06-11 04:15:00+00:00,4098.89990234375,4106.89990234375,4097.2001953125,4103.89990234375,666
2026-06-11 04:30:00+00:00,4103.7001953125,4105.39990234375,4095.800048828125,4099.2001953125,793
2026-06-11 04:45:00+00:00,4103.7998046875,4107.39990234375,4101.0,4103.7998046875,664
2026-06-11 05:00:00+00:00,4098.60009765625,4104.5,4096.39990234375,4104.2998046875,622
2026-06-11 05:15:00+00:00,4096.7001953125,4102.5,4093.800048828125,4098.10009765625,627
2026-06-11 05:30:00+00:00,4120.10009765625,4120.89990234375,4095.89990234375,4095.89990234375,2590
2026-06-11 05:45:00+00:00,4115.5,4127.39990234375,4114.39990234375,4120.0,1256
2026-06-11 06:00:00+00:00,4105.39990234375,4115.7998046875,4097.0,4115.0,1902
2026-06-11 06:15:00+00:00,4107.5,4114.0,4102.60009765625,4105.0,961
2026-06-11 06:30:00+00:00,4113.60009765625,4113.60009765625,4103.7001953125,4108.0,842
2026-06-11 06:45:00+00:00,4115.7001953125,4118.5,4112.0,4113.89990234375,873
2026-06-11 07:00:00+00:00,4117.7998046875,4119.39990234375,4112.0,4115.60009765625,1389
2026-06-11 07:15:00+00:00,4128.39990234375,4131.2001953125,4117.7001953125,4117.7001953125,2469
2026-06-11 07:30:00+00:00,4128.39990234375,4131.5,4122.5,4128.2001953125,1569
2026-06-11 07:45:00+00:00,4125.7998046875,4128.7998046875,4119.39990234375,4128.2001953125,1061
2026-06-11 08:00:00+00:00,4126.7998046875,4133.60009765625,4124.7998046875,4125.7001953125,1532
2026-06-11 08:15:00+00:00,4118.5,4129.2998046875,4117.7998046875,4127.10009765625,1239
2026-06-11 08:30:00+00:00,4111.5,4120.5,4111.0,4118.39990234375,1481
2026-06-11 08:45:00+00:00,4105.60009765625,4113.10009765625,4105.60009765625,4111.2998046875,1215
2026-06-11 09:00:00+00:00,4107.10009765625,4108.5,4101.89990234375,4105.0,1227
2026-06-11 09:15:00+00:00,4100.0,4110.0,4099.5,4106.7998046875,1460
2026-06-11 09:30:00+00:00,4112.60009765625,4112.89990234375,4098.10009765625,4100.0,1487
2026-06-11 09:45:00+00:00,4112.39990234375,4117.5,4110.2001953125,4112.60009765625,975
2026-06-11 10:00:00+00:00,4113.0,4115.0,4108.2998046875,4111.7998046875,691
2026-06-11 10:15:00+00:00,4108.60009765625,4115.60009765625,4107.2001953125,4112.60009765625,671
2026-06-11 10:30:00+00:00,4111.10009765625,4113.7001953125,4107.5,4108.2001953125,595
2026-06-11 10:45:00+00:00,4110.2998046875,4113.60009765625,4108.10009765625,4111.0,582
2026-06-11 11:00:00+00:00,4106.60009765625,4114.0,4106.39990234375,4110.2998046875,906
2026-06-11 11:15:00+00:00,4110.89990234375,4111.60009765625,4103.39990234375,4106.2998046875,1090
2026-06-11 11:30:00+00:00,4105.39990234375,4116.39990234375,4102.0,4110.39990234375,1741
2026-06-11 11:45:00+00:00,4100.7001953125,4108.2998046875,4100.2001953125,4105.0,706
2026-06-11 12:00:00+00:00,4096.39990234375,4107.7998046875,4091.89990234375,4100.89990234375,1697
2026-06-11 12:15:00+00:00,4089.5,4102.5,4081.60009765625,4096.39990234375,3711
2026-06-11 12:30:00+00:00,4093.5,4097.7001953125,4078.0,4089.0,3928
2026-06-11 12:45:00+00:00,4102.5,4106.2998046875,4090.39990234375,4093.60009765625,3153
2026-06-11 13:00:00+00:00,4094.10009765625,4106.89990234375,4092.699951171875,4102.7001953125,2499
2026-06-11 13:15:00+00:00,4096.39990234375,4102.7001953125,4093.0,4094.300048828125,1830
2026-06-11 13:30:00+00:00,4097.39990234375,4103.7001953125,4088.0,4096.2001953125,3202
2026-06-11 13:45:00+00:00,4104.2998046875,4114.2998046875,4094.39990234375,4097.60009765625,4768
2026-06-11 14:00:00+00:00,4081.60009765625,4106.60009765625,4072.800048828125,4104.0,5971
2026-06-11 14:15:00+00:00,4095.300048828125,4105.60009765625,4075.800048828125,4081.699951171875,4104
2026-06-11 14:30:00+00:00,4097.2001953125,4104.39990234375,4091.300048828125,4095.300048828125,2620
2026-06-11 14:45:00+00:00,4094.39990234375,4101.39990234375,4092.699951171875,4097.2998046875,1705
2026-06-11 15:00:00+00:00,4101.2998046875,4108.7998046875,4090.89990234375,4094.199951171875,3231
2026-06-11 15:15:00+00:00,4102.89990234375,4110.60009765625,4096.0,4101.89990234375,2461
2026-06-11 15:30:00+00:00,4109.0,4111.89990234375,4098.5,4102.89990234375,1952
2026-06-11 15:45:00+00:00,4110.0,4116.7998046875,4106.7001953125,4109.7001953125,2059
2026-06-11 16:00:00+00:00,4124.0,4124.60009765625,4108.0,4110.2001953125,1941
2026-06-11 16:15:00+00:00,4100.7998046875,4129.0,4100.39990234375,4123.7998046875,2975
2026-06-11 16:30:00+00:00,4103.2998046875,4109.10009765625,4099.5,4100.39990234375,1636
2026-06-11 16:45:00+00:00,4101.2001953125,4105.5,4098.89990234375,4103.0,1135
2026-06-11 17:00:00+00:00,4097.2001953125,4101.89990234375,4092.89990234375,4101.5,2227
2026-06-11 17:15:00+00:00,4122.5,4123.2001953125,4095.199951171875,4096.89990234375,6442
2026-06-11 17:30:00+00:00,4188.2001953125,4191.7998046875,4122.10009765625,4122.60009765625,13532
2026-06-11 17:45:00+00:00,4173.2001953125,4188.39990234375,4167.39990234375,4188.39990234375,4649
2026-06-11 18:00:00+00:00,4167.5,4176.7001953125,4152.0,4173.2001953125,3702
2026-06-11 18:15:00+00:00,4173.7001953125,4184.10009765625,4165.7001953125,4167.2001953125,4452
2026-06-11 18:30:00+00:00,4186.0,4186.60009765625,4170.10009765625,4173.7998046875,1301
2026-06-11 18:45:00+00:00,4183.10009765625,4193.0,4181.7998046875,4185.7998046875,2113
2026-06-11 19:00:00+00:00,4209.89990234375,4211.0,4183.5,4183.5,3804
2026-06-11 19:15:00+00:00,4216.7998046875,4220.0,4207.7001953125,4210.0,2858
2026-06-11 19:30:00+00:00,4230.89990234375,4241.2998046875,4217.0,4217.0,4502
2026-06-11 19:45:00+00:00,4229.89990234375,4236.39990234375,4228.2001953125,4231.2998046875,2648
2026-06-11 20:00:00+00:00,4235.39990234375,4240.0,4229.2001953125,4230.2001953125,1596
2026-06-11 20:15:00+00:00,4235.39990234375,4237.39990234375,4232.7998046875,4234.7998046875,723
2026-06-11 20:30:00+00:00,4230.39990234375,4237.2998046875,4230.39990234375,4235.7001953125,844
2026-06-11 20:45:00+00:00,4233.7998046875,4233.7998046875,4230.0,4230.39990234375,770
2026-06-11 22:00:00+00:00,4230.7001953125,4243.5,4226.2001953125,4234.89990234375,228
2026-06-11 22:15:00+00:00,4235.5,4236.2998046875,4226.7998046875,4229.7998046875,614
2026-06-11 22:30:00+00:00,4246.7001953125,4249.2001953125,4232.39990234375,4235.5,1044
2026-06-11 22:45:00+00:00,4264.2001953125,4267.7998046875,4245.89990234375,4246.5,2034
2026-06-11 23:00:00+00:00,4245.0,4267.2001953125,4240.0,4264.5,1279
2026-06-11 23:15:00+00:00,4237.2998046875,4246.7998046875,4234.60009765625,4244.10009765625,735
2026-06-11 23:30:00+00:00,4240.10009765625,4243.7001953125,4234.7998046875,4236.7998046875,856
2026-06-11 23:45:00+00:00,4240.60009765625,4245.2001953125,4235.60009765625,4240.7001953125,620
2026-06-12 00:00:00+00:00,4237.2998046875,4246.7998046875,4233.0,4240.10009765625,926
2026-06-12 00:15:00+00:00,4241.39990234375,4251.7001953125,4228.10009765625,4237.0,1551
2026-06-12 00:30:00+00:00,4225.0,4249.7998046875,4223.7001953125,4241.7001953125,1129
2026-06-12 00:45:00+00:00,4229.0,4229.39990234375,4221.39990234375,4225.7001953125,1037
2026-06-12 01:00:00+00:00,4208.39990234375,4232.39990234375,4204.0,4229.7001953125,2997
2026-06-12 01:15:00+00:00,4202.60009765625,4215.39990234375,4200.2998046875,4208.89990234375,1181
2026-06-12 01:30:00+00:00,4201.10009765625,4208.2998046875,4192.89990234375,4204.0,2238
2026-06-12 01:45:00+00:00,4208.2001953125,4213.2001953125,4201.2998046875,4201.2998046875,960
2026-06-12 02:00:00+00:00,4215.89990234375,4221.89990234375,4205.5,4208.2001953125,1170
2026-06-12 02:15:00+00:00,4209.89990234375,4215.89990234375,4208.2998046875,4215.89990234375,457
2026-06-12 02:30:00+00:00,4208.2998046875,4215.2998046875,4204.2001953125,4210.60009765625,725
2026-06-12 02:45:00+00:00,4213.5,4215.39990234375,4205.60009765625,4208.0,544
2026-06-12 03:00:00+00:00,4216.0,4218.10009765625,4211.39990234375,4212.7001953125,450
2026-06-12 03:15:00+00:00,4225.10009765625,4225.39990234375,4215.0,4215.89990234375,915
2026-06-12 03:30:00+00:00,4221.10009765625,4226.7001953125,4220.7998046875,4224.7998046875,602
2026-06-12 03:45:00+00:00,4220.89990234375,4223.2998046875,4217.39990234375,4221.0,351
2026-06-12 04:00:00+00:00,4216.5,4222.60009765625,4213.7001953125,4219.0,517
2026-06-12 04:15:00+00:00,4214.5,4217.2001953125,4212.0,4216.2998046875,270
2026-06-12 04:30:00+00:00,4215.2001953125,4220.10009765625,4213.89990234375,4214.5,354
2026-06-12 04:45:00+00:00,4211.89990234375,4215.89990234375,4211.10009765625,4215.5,256
2026-06-12 05:00:00+00:00,4210.5,4214.39990234375,4203.60009765625,4211.7998046875,684
2026-06-12 05:15:00+00:00,4208.89990234375,4211.10009765625,4206.2001953125,4209.89990234375,340
2026-06-12 05:30:00+00:00,4201.7998046875,4209.60009765625,4194.0,4208.5,1350
2026-06-12 05:45:00+00:00,4194.7001953125,4202.2001953125,4192.10009765625,4202.2001953125,894
2026-06-12 06:00:00+00:00,4204.89990234375,4207.0,4194.7001953125,4194.7001953125,1098
2026-06-12 06:15:00+00:00,4203.7998046875,4204.60009765625,4200.60009765625,4204.39990234375,540
2026-06-12 06:30:00+00:00,4198.10009765625,4204.5,4193.7001953125,4204.0,854
2026-06-12 06:45:00+00:00,4205.39990234375,4206.10009765625,4195.60009765625,4198.2001953125,840
2026-06-12 07:00:00+00:00,4199.39990234375,4206.2998046875,4197.5,4205.5,852
2026-06-12 07:15:00+00:00,4195.2998046875,4201.2001953125,4195.2998046875,4199.60009765625,884
2026-06-12 07:30:00+00:00,4204.2998046875,4205.7001953125,4191.10009765625,4195.2998046875,1731
2026-06-12 07:45:00+00:00,4215.2001953125,4215.2001953125,4195.2001953125,4204.7001953125,2240
2026-06-12 08:00:00+00:00,4224.89990234375,4226.39990234375,4213.2001953125,4215.89990234375,2219
2026-06-12 08:15:00+00:00,4234.5,4242.0,4220.7998046875,4225.7001953125,2504
2026-06-12 08:30:00+00:00,4239.7998046875,4244.89990234375,4233.7001953125,4235.0,1891
2026-06-12 08:45:00+00:00,4241.2001953125,4247.7001953125,4236.2998046875,4240.10009765625,1194
2026-06-12 09:00:00+00:00,4245.7998046875,4247.0,4239.10009765625,4241.39990234375,886
2026-06-12 09:15:00+00:00,4242.5,4248.60009765625,4240.60009765625,4245.89990234375,1923
2026-06-12 09:30:00+00:00,4246.7001953125,4249.2998046875,4240.39990234375,4242.10009765625,1924
2026-06-12 09:45:00+00:00,4243.10009765625,4249.60009765625,4242.7998046875,4246.89990234375,866
2026-06-12 10:00:00+00:00,4242.39990234375,4246.7001953125,4240.0,4242.89990234375,1054
2026-06-12 10:15:00+00:00,4227.7998046875,4242.89990234375,4223.60009765625,4242.2998046875,1910
2026-06-12 10:30:00+00:00,4236.7998046875,4239.39990234375,4227.5,4227.89990234375,805
2026-06-12 10:45:00+00:00,4231.89990234375,4239.7001953125,4230.2998046875,4236.2998046875,1048
2026-06-12 11:00:00+00:00,4228.2998046875,4233.10009765625,4225.89990234375,4232.2998046875,933
2026-06-12 11:15:00+00:00,4223.5,4231.39990234375,4223.0,4228.10009765625,843
2026-06-12 11:30:00+00:00,4230.7001953125,4232.0,4218.10009765625,4223.39990234375,1363
2026-06-12 11:45:00+00:00,4227.7998046875,4236.2998046875,4227.39990234375,4230.89990234375,946
2026-06-12 12:00:00+00:00,4235.2001953125,4235.2001953125,4223.60009765625,4227.89990234375,1886
2026-06-12 12:15:00+00:00,4221.89990234375,4236.2998046875,4221.2001953125,4235.39990234375,1687
2026-06-12 12:30:00+00:00,4217.39990234375,4222.7001953125,4211.89990234375,4222.2001953125,3127
2026-06-12 12:45:00+00:00,4212.2998046875,4221.2001953125,4209.2998046875,4217.39990234375,2311
2026-06-12 13:00:00+00:00,4219.10009765625,4222.0,4207.2998046875,4212.10009765625,1950
2026-06-12 13:15:00+00:00,4223.89990234375,4227.7001953125,4218.0,4219.0,1303
2026-06-12 13:30:00+00:00,4211.2998046875,4231.2001953125,4203.0,4223.7001953125,5485
2026-06-12 13:45:00+00:00,4206.7001953125,4214.5,4203.2001953125,4211.10009765625,2957
2026-06-12 14:00:00+00:00,4214.10009765625,4219.2001953125,4205.60009765625,4207.39990234375,3390
2026-06-12 14:15:00+00:00,4208.7998046875,4220.10009765625,4202.89990234375,4213.60009765625,2442
2026-06-12 14:30:00+00:00,4205.0,4213.89990234375,4201.2998046875,4209.2998046875,3232
2026-06-12 14:45:00+00:00,4224.89990234375,4229.5,4197.5,4204.7998046875,4919
2026-06-12 15:00:00+00:00,4234.60009765625,4236.10009765625,4221.0,4224.89990234375,2520
2026-06-12 15:15:00+00:00,4246.7998046875,4256.7998046875,4233.5,4235.0,3997
2026-06-12 15:30:00+00:00,4231.60009765625,4249.2001953125,4230.39990234375,4247.0,3476
2026-06-12 15:45:00+00:00,4232.39990234375,4239.2998046875,4227.39990234375,4232.10009765625,2307
2026-06-12 16:00:00+00:00,4242.10009765625,4246.0,4228.60009765625,4232.2998046875,2142
2026-06-12 16:15:00+00:00,4237.5,4254.10009765625,4236.7998046875,4242.60009765625,2192
2026-06-12 16:30:00+00:00,4234.10009765625,4241.0,4232.2998046875,4237.89990234375,1343
2026-06-12 16:45:00+00:00,4236.5,4238.5,4232.0,4234.2001953125,1415
2026-06-12 17:00:00+00:00,4238.5,4247.10009765625,4235.5,4236.5,1967
2026-06-12 17:15:00+00:00,4239.2001953125,4244.2001953125,4234.39990234375,4239.0,2568
2026-06-12 17:30:00+00:00,4242.60009765625,4243.89990234375,4234.0,4239.2001953125,1187
2026-06-12 17:45:00+00:00,4241.7998046875,4245.2998046875,4239.60009765625,4243.0,594
2026-06-12 18:00:00+00:00,4247.89990234375,4249.2001953125,4238.5,4242.2001953125,1130
2026-06-12 18:15:00+00:00,4247.2001953125,4256.2001953125,4245.2998046875,4247.2001953125,1639
2026-06-12 18:30:00+00:00,4250.0,4250.7998046875,4245.2001953125,4247.39990234375,715
2026-06-12 18:45:00+00:00,4236.2001953125,4250.0,4234.89990234375,4249.2001953125,1322
2026-06-12 19:00:00+00:00,4238.7998046875,4240.7998046875,4235.2001953125,4236.2001953125,795
2026-06-12 19:15:00+00:00,4229.89990234375,4238.60009765625,4228.89990234375,4238.60009765625,1171
2026-06-12 19:30:00+00:00,4226.39990234375,4231.60009765625,4223.2001953125,4229.89990234375,1474
2026-06-12 19:45:00+00:00,4231.89990234375,4232.5,4225.2998046875,4226.7001953125,1029
2026-06-12 20:00:00+00:00,4234.10009765625,4234.89990234375,4230.7001953125,4231.60009765625,516
2026-06-12 20:15:00+00:00,4235.7998046875,4238.10009765625,4233.5,4234.2998046875,368
2026-06-12 20:30:00+00:00,4234.7001953125,4235.89990234375,4233.7001953125,4235.89990234375,268
2026-06-12 20:45:00+00:00,4238.7998046875,4240.60009765625,4233.7998046875,4234.89990234375,577
