Datetime,Close,High,Low,Open,Volume
2026-04-15 04:00:00+00:00,4848.39990234375,4851.0,4844.5,4848.0,389
2026-04-15 04:30:00+00:00,4848.89990234375,4851.60009765625,4845.10009765625,4848.7001953125,485
2026-04-15 05:00:00+00:00,4849.7001953125,4854.2998046875,4846.2998046875,4849.10009765625,878
2026-04-15 05:30:00+00:00,4843.2998046875,4851.5,4835.89990234375,4850.0,2295
2026-04-15 06:00:00+00:00,4838.5,4848.5,4837.2001953125,4843.39990234375,1259
2026-04-15 06:30:00+00:00,4834.89990234375,4845.7001953125,4834.2001953125,4838.2001953125,1922
2026-04-15 07:00:00+00:00,4835.7998046875,4840.0,4827.39990234375,4835.2001953125,3726
2026-04-15 07:30:00+00:00,4834.10009765625,4838.7998046875,4829.0,4835.7001953125,1699
2026-04-15 08:00:00+00:00,4833.2998046875,4837.39990234375,4827.10009765625,4833.7998046875,2145
2026-04-15 08:30:00+00:00,4841.60009765625,4845.39990234375,4828.7998046875,4832.0,2033
2026-04-15 09:00:00+00:00,4820.0,4842.39990234375,4815.2001953125,4841.39990234375,4154
2026-04-15 09:30:00+00:00,4821.2001953125,4826.89990234375,4808.39990234375,4820.0,3705
2026-04-15 10:00:00+00:00,4817.5,4826.10009765625,4812.7001953125,4820.60009765625,1846
2026-04-15 10:30:00+00:00,4822.7998046875,4829.2001953125,4815.89990234375,4818.10009765625,1834
2026-04-15 11:00:00+00:00,4827.7001953125,4829.7998046875,4818.39990234375,4822.7998046875,1091
2026-04-15 11:30:00+00:00,4835.7001953125,4837.7998046875,4825.0,4827.7998046875,2267
2026-04-15 12:00:00+00:00,4835.2001953125,4838.7001953125,4829.2998046875,4835.0,2590
2026-04-15 12:30:00+00:00,4833.89990234375,4838.5,4830.39990234375,4834.89990234375,1467
2026-04-15 13:00:00+00:00,4844.39990234375,4844.7001953125,4831.10009765625,4834.39990234375,2765
2026-04-15 13:30:00+00:00,4851.89990234375,4853.5,4838.2998046875,4844.39990234375,4645
2026-04-15 14:00:00+00:00,4848.2001953125,4854.60009765625,4843.5,4851.7001953125,4216
2026-04-15 14:30:00+00:00,4838.39990234375,4848.7998046875,4836.2001953125,4848.5,2792
2026-04-15 15:00:00+00:00,4820.2998046875,4839.0,4819.2001953125,4839.0,5654
2026-04-15 15:30:00+00:00,4823.5,4829.7998046875,4807.89990234375,4820.39990234375,4924
2026-04-15 16:00:00+00:00,4833.7001953125,4835.0,4822.5,4824.0,3067
2026-04-15 16:30:00+00:00,4825.89990234375,4834.2001953125,4822.0,4833.7998046875,3060
2026-04-15 17:00:00+00:00,4823.60009765625,4830.7998046875,4820.10009765625,4826.2001953125,2919
2026-04-15 17:30:00+00:00,4814.7998046875,4824.7001953125,4812.89990234375,4823.89990234375,2693
2026-04-15 18:00:00+00:00,4817.0,4823.2001953125,4812.2001953125,4814.7998046875,2048
2026-04-15 18:30:00+00:00,4822.2001953125,4825.2998046875,4816.7001953125,4817.2001953125,1485
2026-04-15 19:00:00+00:00,4825.2001953125,4826.10009765625,4820.2998046875,4822.2001953125,742
2026-04-15 19:30:00+00:00,4818.2998046875,4825.60009765625,4817.10009765625,4825.0,944
2026-04-15 20:00:00+00:00,4816.5,4819.39990234375,4815.10009765625,4818.7001953125,376
2026-04-15 20:30:00+00:00,4813.89990234375,4816.10009765625,4810.5,4816.10009765625,802
2026-04-15 22:00:00+00:00,4822.0,4823.7001953125,4812.39990234375,4813.60009765625,676
2026-04-15 22:30:00+00:00,4829.2001953125,4833.7998046875,4820.39990234375,4823.2001953125,1393
2026-04-15 23:00:00+00:00,4836.5,4837.2998046875,4829.2001953125,4829.2001953125,782
2026-04-15 23:30:00+00:00,4845.39990234375,4848.60009765625,4835.89990234375,4836.2998046875,1907
2026-04-16 00:00:00+00:00,4846.7998046875,4854.2998046875,4843.7998046875,4845.39990234375,2847
2026-04-16 00:30:00+00:00,4854.7001953125,4859.7001953125,4841.10009765625,4846.89990234375,3413
2026-04-16 01:00:00+00:00,4845.39990234375,4858.60009765625,4843.7001953125,4854.7001953125,1423
2026-04-16 01:30:00+00:00,4839.89990234375,4847.5,4832.89990234375,4845.5,1640
2026-04-16 02:00:00+00:00,4841.39990234375,4847.2001953125,4839.60009765625,4840.7001953125,968
2026-04-16 02:30:00+00:00,4842.10009765625,4843.60009765625,4834.60009765625,4841.39990234375,766
2026-04-16 03:00:00+00:00,4846.5,4849.60009765625,4841.5,4841.7998046875,675
2026-04-16 03:30:00+00:00,4847.7001953125,4849.10009765625,4841.5,4846.60009765625,682
2026-04-16 04:00:00+00:00,4848.89990234375,4852.60009765625,4845.2001953125,4846.2998046875,644
2026-04-16 04:30:00+00:00,4855.7001953125,4856.10009765625,4847.5,4849.0,560
2026-04-16 05:00:00+00:00,4855.5,4861.2998046875,4854.39990234375,4855.5,1370
2026-04-16 05:30:00+00:00,4844.10009765625,4856.89990234375,4843.7001953125,4856.0,3020
2026-04-16 06:00:00+00:00,4838.0,4850.7998046875,4836.0,4843.60009765625,2939
2026-04-16 06:30:00+00:00,4848.2998046875,4852.10009765625,4836.60009765625,4838.2998046875,5432
2026-04-16 07:00:00+00:00,4849.7001953125,4852.7998046875,4838.2998046875,4848.0,5023
2026-04-16 07:30:00+00:00,4843.0,4851.89990234375,4840.60009765625,4849.7001953125,1596
2026-04-16 08:00:00+00:00,4832.89990234375,4843.2001953125,4828.0,4842.7998046875,2598
2026-04-16 08:30:00+00:00,4834.7001953125,4836.0,4827.7998046875,4833.0,1743
2026-04-16 09:00:00+00:00,4834.2998046875,4839.5,4832.5,4834.89990234375,1084
2026-04-16 09:30:00+00:00,4834.2001953125,4836.7998046875,4827.7001953125,4834.2001953125,2240
2026-04-16 10:00:00+00:00,4828.39990234375,4836.7998046875,4825.60009765625,4834.10009765625,1067
2026-04-16 10:30:00+00:00,4838.7001953125,4838.7001953125,4826.39990234375,4828.2001953125,1116
2026-04-16 11:00:00+00:00,4837.60009765625,4842.10009765625,4836.7998046875,4838.7001953125,1199
2026-04-16 11:30:00+00:00,4843.89990234375,4844.2998046875,4837.39990234375,4838.0,986
2026-04-16 12:00:00+00:00,4837.0,4845.0,4833.0,4844.10009765625,2251
2026-04-16 12:30:00+00:00,4837.7998046875,4842.2001953125,4833.10009765625,4836.89990234375,2201
2026-04-16 13:00:00+00:00,4837.60009765625,4844.7998046875,4836.10009765625,4838.2998046875,2826
2026-04-16 13:30:00+00:00,4815.89990234375,4846.2001953125,4805.2998046875,4837.7998046875,9310
2026-04-16 14:00:00+00:00,4821.0,4828.39990234375,4806.39990234375,4815.7998046875,7782
2026-04-16 14:30:00+00:00,4810.2998046875,4823.0,4792.10009765625,4821.5,6275
2026-04-16 15:00:00+00:00,4823.2001953125,4834.7001953125,4809.89990234375,4810.39990234375,4633
2026-04-16 15:30:00+00:00,4828.2001953125,4833.10009765625,4819.2998046875,4823.2001953125,3267
2026-04-16 16:00:00+00:00,4820.2998046875,4831.39990234375,4817.7001953125,4828.60009765625,1752
2026-04-16 16:30:00+00:00,4812.7001953125,4821.0,4806.0,4821.0,4084
2026-04-16 17:00:00+00:00,4805.7998046875,4816.60009765625,4805.5,4812.60009765625,2774
2026-04-16 17:30:00+00:00,4810.10009765625,4812.0,4802.0,4806.0,2822
2026-04-16 18:00:00+00:00,4807.7001953125,4815.5,4806.5,4810.0,1475
2026-04-16 18:30:00+00:00,4809.7001953125,4813.60009765625,4807.5,4807.7001953125,712
2026-04-16 19:00:00+00:00,4811.60009765625,4815.89990234375,4810.2998046875,4810.89990234375,924
2026-04-16 19:30:00+00:00,4814.5,4819.7001953125,4811.5,4811.5,1321
2026-04-16 20:00:00+00:00,4810.39990234375,4815.10009765625,4809.2998046875,4814.7998046875,446
2026-04-16 20:30:00+00:00,4810.89990234375,4812.10009765625,4806.0,4810.2001953125,726
2026-04-16 22:00:00+00:00,4815.2998046875,4818.7998046875,4811.7998046875,4811.7998046875,438
2026-04-16 22:30:00+00:00,4816.0,4818.0,4811.39990234375,4814.5,553
2026-04-16 23:00:00+00:00,4814.2998046875,4818.7001953125,4812.60009765625,4815.60009765625,288
2026-04-16 23:30:00+00:00,4812.5,4817.7001953125,4812.39990234375,4814.39990234375,373
2026-04-17 00:00:00+00:00,4814.0,4814.0,4806.7001953125,4812.0,743
2026-04-17 00:30:00+00:00,4816.2998046875,4822.2001953125,4813.60009765625,4814.0,828
2026-04-17 01:00:00+00:00,4789.2998046875,4816.5,4785.89990234375,4815.60009765625,3433
2026-04-17 01:30:00+00:00,4810.2001953125,4811.5,4787.89990234375,4788.89990234375,2419
2026-04-17 02:00:00+00:00,4808.7001953125,4814.39990234375,4808.2998046875,4809.7998046875,1042
2026-04-17 02:30:00+00:00,4804.60009765625,4815.0,4804.2998046875,4808.60009765625,819
2026-04-17 03:00:00+00:00,4815.0,4819.10009765625,4804.7998046875,4804.7998046875,1216
2026-04-17 03:30:00+00:00,4814.10009765625,4817.5,4812.2998046875,4814.5,474
2026-04-17 04:00:00+00:00,4816.7998046875,4817.10009765625,4813.10009765625,4813.89990234375,450
2026-04-17 04:30:00+00:00,4824.2001953125,4825.60009765625,4816.2001953125,4817.0,1197
2026-04-17 05:00:00+00:00,4824.7998046875,4827.2001953125,4820.60009765625,4823.7001953125,760
2026-04-17 05:30:00+00:00,4815.89990234375,4826.60009765625,4815.10009765625,4824.5,1994
2026-04-17 06:00:00+00:00,4805.2001953125,4816.5,4804.5,4815.89990234375,1869
2026-04-17 06:30:00+00:00,4805.5,4808.0,4800.0,4804.7998046875,1646
2026-04-17 07:00:00+00:00,4812.0,4813.5,4804.7998046875,4806.0,1776
2026-04-17 07:30:00+00:00,4805.5,4815.2998046875,4800.2001953125,4812.0,2293
2026-04-17 08:00:00+00:00,4806.10009765625,4812.5,4802.60009765625,4806.10009765625,1552
2026-04-17 08:30:00+00:00,4817.7998046875,4818.7998046875,4806.0,4806.0,1798
2026-04-17 09:00:00+00:00,4817.60009765625,4822.7001953125,4813.60009765625,4817.7998046875,1877
2026-04-17 09:30:00+00:00,4812.2001953125,4820.7001953125,4812.0,4817.89990234375,1569
2026-04-17 10:00:00+00:00,4811.7001953125,4816.0,4809.10009765625,4812.60009765625,1092
2026-04-17 10:30:00+00:00,4809.0,4811.7001953125,4803.10009765625,4811.2001953125,1420
2026-04-17 11:00:00+00:00,4814.89990234375,4815.39990234375,4805.5,4809.2001953125,1299
2026-04-17 11:30:00+00:00,4822.0,4834.0,4811.7001953125,4814.89990234375,3654
2026-04-17 12:00:00+00:00,4839.39990234375,4842.2001953125,4819.7998046875,4821.7001953125,3966
2026-04-17 12:30:00+00:00,4869.0,4870.7998046875,4837.7998046875,4839.7001953125,12425
2026-04-17 13:00:00+00:00,4874.60009765625,4917.7001953125,4856.89990234375,4869.0,19195
2026-04-17 13:30:00+00:00,4903.10009765625,4905.5,4870.7001953125,4873.89990234375,10976
2026-04-17 14:00:00+00:00,4894.39990234375,4908.89990234375,4883.39990234375,4903.2998046875,7169
2026-04-17 14:30:00+00:00,4895.7001953125,4906.2001953125,4892.39990234375,4895.0,6075
2026-04-17 15:00:00+00:00,4888.60009765625,4903.5,4885.0,4896.2001953125,7303
2026-04-17 15:30:00+00:00,4889.7001953125,4896.60009765625,4877.2998046875,4888.60009765625,3691
2026-04-17 16:00:00+00:00,4889.89990234375,4896.0,4886.0,4889.5,1998
2026-04-17 16:30:00+00:00,4889.0,4895.5,4887.2001953125,4890.7001953125,1512
2026-04-17 17:00:00+00:00,4880.5,4891.60009765625,4875.39990234375,4889.0,3860
2026-04-17 17:30:00+00:00,4884.60009765625,4885.5,4875.0,4880.2001953125,1857
2026-04-17 18:00:00+00:00,4882.89990234375,4890.10009765625,4880.60009765625,4884.7001953125,1513
2026-04-17 18:30:00+00:00,4879.60009765625,4888.39990234375,4877.0,4882.7998046875,1070
2026-04-17 19:00:00+00:00,4878.2998046875,4880.10009765625,4875.2001953125,4879.89990234375,938
2026-04-17 19:30:00+00:00,4875.5,4882.60009765625,4873.60009765625,4878.0,2186
2026-04-17 20:00:00+00:00,4867.0,4876.2998046875,4865.2001953125,4875.60009765625,2600
2026-04-17 20:30:00+00:00,4879.60009765625,4879.60009765625,4848.0,4866.39990234375,2743
2026-04-19 22:00:00+00:00,4805.2001953125,4815.0,4801.89990234375,4813.39990234375,2728
2026-04-19 22:30:00+00:00,4799.39990234375,4810.60009765625,4797.60009765625,4805.2998046875,1340
2026-04-19 23:00:00+00:00,4789.2998046875,4799.39990234375,4788.2001953125,4798.89990234375,1873
2026-04-19 23:30:00+00:00,4775.0,4793.5,4752.0,4789.7998046875,5634
2026-04-20 00:00:00+00:00,4785.5,4785.89990234375,4764.2001953125,4774.39990234375,3571
2026-04-20 00:30:00+00:00,4792.0,4793.7998046875,4779.0,4785.10009765625,1995
2026-04-20 01:00:00+00:00,4822.10009765625,4823.10009765625,4790.2998046875,4792.0,4929
2026-04-20 01:30:00+00:00,4827.7998046875,4834.5,4820.60009765625,4821.7001953125,3328
2026-04-20 02:00:00+00:00,4819.60009765625,4828.7998046875,4816.60009765625,4827.39990234375,2285
2026-04-20 02:30:00+00:00,4813.2998046875,4821.39990234375,4813.10009765625,4821.0,1029
2026-04-20 09:30:00+00:00,4811.39990234375,4879.60009765625,4804.60009765625,4879.60009765625,25218
2026-04-20 10:00:00+00:00,4818.39990234375,4821.2001953125,4809.60009765625,4811.7001953125,1659
2026-04-20 10:30:00+00:00,4815.7001953125,4879.60009765625,4815.0,4818.5,577
2026-04-20 11:00:00+00:00,4807.89990234375,4816.10009765625,4806.2998046875,4815.7001953125,1429
2026-04-20 11:30:00+00:00,4830.89990234375,4879.60009765625,4807.39990234375,4808.0,3636
2026-04-20 12:00:00+00:00,4825.89990234375,4842.89990234375,4822.7001953125,4830.7998046875,6804
2026-04-20 12:30:00+00:00,4823.2998046875,4829.7001953125,4818.7998046875,4825.7001953125,3167
2026-04-20 13:00:00+00:00,4845.0,4846.5,4819.7001953125,4823.60009765625,4321
2026-04-20 13:30:00+00:00,4838.7998046875,4847.2998046875,4836.5,4845.0,4389
2026-04-20 14:00:00+00:00,4843.2998046875,4847.2001953125,4826.5,4838.7998046875,7067
2026-04-20 14:30:00+00:00,4824.89990234375,4847.89990234375,4811.89990234375,4843.5,5620
2026-04-20 15:00:00+00:00,4828.39990234375,4829.7998046875,4812.60009765625,4825.7001953125,5121
2026-04-20 15:30:00+00:00,4819.89990234375,4829.5,4815.0,4828.39990234375,2517
2026-04-20 16:00:00+00:00,4821.5,4821.89990234375,4812.5,4819.7998046875,2424
2026-04-20 16:30:00+00:00,4825.60009765625,4826.60009765625,4818.7001953125,4821.89990234375,1998
2026-04-20 17:00:00+00:00,4830.10009765625,4831.5,4824.0,4825.89990234375,3096
2026-04-20 17:30:00+00:00,4827.10009765625,4832.39990234375,4825.39990234375,4830.2998046875,1532
2026-04-20 18:00:00+00:00,4833.89990234375,4836.5,4827.60009765625,4827.60009765625,1559
2026-04-20 18:30:00+00:00,4834.7998046875,4837.0,4831.2001953125,4834.0,1014
2026-04-20 19:00:00+00:00,4837.60009765625,4842.10009765625,4834.7001953125,4834.7001953125,1265
2026-04-20 19:30:00+00:00,4834.7998046875,4837.60009765625,4829.7001953125,4837.60009765625,1651
2026-04-20 20:00:00+00:00,4836.60009765625,4837.7001953125,4832.7998046875,4835.0,850
2026-04-20 20:30:00+00:00,4841.0,4842.7001953125,4833.39990234375,4836.5,784
2026-04-20 22:00:00+00:00,4849.39990234375,4854.7998046875,4841.10009765625,4842.39990234375,1368
2026-04-20 22:30:00+00:00,4848.5,4852.89990234375,4845.7998046875,4849.7001953125,1084
2026-04-20 23:00:00+00:00,4846.5,4852.5,4844.5,4848.7001953125,880
2026-04-20 23:30:00+00:00,4842.39990234375,4846.39990234375,4840.5,4846.39990234375,679
2026-04-21 00:00:00+00:00,4839.5,4851.2001953125,4839.2001953125,4843.0,1511
2026-04-21 00:30:00+00:00,4843.60009765625,4845.89990234375,4836.39990234375,4839.7998046875,1105
2026-04-21 01:00:00+00:00,4838.2001953125,4844.2998046875,4832.60009765625,4843.7998046875,1391
2026-04-21 01:30:00+00:00,4829.7998046875,4839.0,4825.2998046875,4837.7001953125,1526
2026-04-21 02:00:00+00:00,4827.2001953125,4830.2001953125,4822.0,4830.10009765625,1112
2026-04-21 02:30:00+00:00,4826.0,4827.5,4821.5,4826.7998046875,1181
2026-04-21 03:00:00+00:00,4817.7001953125,4826.89990234375,4812.60009765625,4826.2001953125,2135
2026-04-21 03:30:00+00:00,4816.2998046875,4819.39990234375,4811.2001953125,4818.0,1999
2026-04-21 04:00:00+00:00,4810.7998046875,4816.60009765625,4809.2998046875,4816.10009765625,2011
2026-04-21 04:30:00+00:00,4807.7001953125,4812.7998046875,4807.0,4810.7001953125,1728
2026-04-21 05:00:00+00:00,4806.10009765625,4811.5,4804.2998046875,4807.7998046875,2792
2026-04-21 05:30:00+00:00,4802.89990234375,4815.7001953125,4801.7001953125,4806.2001953125,3014
2026-04-21 06:00:00+00:00,4796.7001953125,4809.39990234375,4794.10009765625,4802.60009765625,5279
2026-04-21 06:30:00+00:00,4796.7998046875,4828.7998046875,4793.0,4828.7998046875,3992
2026-04-21 07:00:00+00:00,4802.2001953125,4806.7001953125,4790.7998046875,4796.2998046875,2408
2026-04-21 07:30:00+00:00,4804.89990234375,4811.5,4799.5,4802.5,1645
2026-04-21 08:00:00+00:00,4805.89990234375,4808.0,4793.2998046875,4804.5,2391
2026-04-21 08:30:00+00:00,4805.0,4812.2001953125,4803.7001953125,4805.89990234375,1469
2026-04-21 09:00:00+00:00,4801.10009765625,4806.89990234375,4800.0,4804.89990234375,1203
2026-04-21 09:30:00+00:00,4802.39990234375,4808.2998046875,4800.7998046875,4800.89990234375,2935
2026-04-21 10:00:00+00:00,4802.10009765625,4805.0,4799.60009765625,4802.7998046875,1031
2026-04-21 10:30:00+00:00,4809.0,4809.7001953125,4801.7001953125,4802.10009765625,1081
2026-04-21 11:00:00+00:00,4802.39990234375,4809.5,4794.2998046875,4809.2001953125,2005
2026-04-21 11:30:00+00:00,4814.2001953125,4818.0,4802.2001953125,4802.39990234375,2660
2026-04-21 12:00:00+00:00,4799.7001953125,4816.7001953125,4798.2001953125,4814.39990234375,3190
2026-04-21 12:30:00+00:00,4797.60009765625,4809.2998046875,4781.60009765625,4799.2998046875,6432
2026-04-21 13:00:00+00:00,4793.10009765625,4802.7998046875,4777.2998046875,4797.60009765625,5797
2026-04-21 13:30:00+00:00,4798.2001953125,4813.7998046875,4788.7998046875,4792.89990234375,7445
2026-04-21 14:00:00+00:00,4792.60009765625,4801.89990234375,4788.5,4798.2001953125,4242
2026-04-21 14:30:00+00:00,4757.39990234375,4793.5,4740.89990234375,4792.5,20876
2026-04-21 15:00:00+00:00,4761.10009765625,4776.60009765625,4745.89990234375,4757.7998046875,11498
2026-04-21 15:30:00+00:00,4759.7998046875,4768.60009765625,4755.2998046875,4761.2001953125,3824
2026-04-21 16:00:00+00:00,4739.89990234375,4765.89990234375,4737.60009765625,4760.2998046875,6021
2026-04-21 16:30:00+00:00,4729.5,4746.7998046875,4726.39990234375,4739.5,7003
2026-04-21 17:00:00+00:00,4719.10009765625,4737.60009765625,4715.0,4729.2998046875,9226
2026-04-21 17:30:00+00:00,4731.0,4742.0,4716.2998046875,4719.2998046875,6880
2026-04-21 18:00:00+00:00,4716.2001953125,4734.2001953125,4712.0,4730.89990234375,4071
2026-04-21 18:30:00+00:00,4728.10009765625,4732.7998046875,4716.39990234375,4716.39990234375,3062
2026-04-21 19:00:00+00:00,4732.89990234375,4734.10009765625,4722.7998046875,4728.7001953125,2922
2026-04-21 19:30:00+00:00,4698.2998046875,4733.5,4685.7998046875,4732.7998046875,8307
2026-04-21 20:00:00+00:00,4724.60009765625,4730.2998046875,4688.39990234375,4698.5,5209
2026-04-21 20:30:00+00:00,4738.5,4739.60009765625,4724.2998046875,4724.2998046875,1608
2026-04-21 22:00:00+00:00,4737.0,4748.10009765625,4734.2998046875,4738.7001953125,733
2026-04-21 22:30:00+00:00,4737.60009765625,4738.10009765625,4733.10009765625,4737.2998046875,728
2026-04-21 23:00:00+00:00,4748.0,4751.10009765625,4736.0,4737.10009765625,1643
2026-04-21 23:30:00+00:00,4755.7998046875,4758.39990234375,4746.2998046875,4747.60009765625,1548
2026-04-22 00:00:00+00:00,4760.60009765625,4766.0,4756.2998046875,4756.2998046875,1678
2026-04-22 00:30:00+00:00,4757.7001953125,4765.10009765625,4756.10009765625,4760.2998046875,1450
2026-04-22 01:00:00+00:00,4764.10009765625,4767.39990234375,4753.5,4757.39990234375,2339
2026-04-22 01:30:00+00:00,4769.7998046875,4772.5,4764.0,4764.2001953125,2934
2026-04-22 02:00:00+00:00,4773.39990234375,4775.7998046875,4767.5,4770.2998046875,1465
2026-04-22 02:30:00+00:00,4773.5,4776.2001953125,4768.2998046875,4773.0,1478
2026-04-22 03:00:00+00:00,4780.7001953125,4781.0,4770.39990234375,4773.10009765625,1734
2026-04-22 03:30:00+00:00,4777.0,4782.7001953125,4774.60009765625,4780.39990234375,1263
2026-04-22 04:00:00+00:00,4773.5,4777.39990234375,4772.39990234375,4776.10009765625,928
2026-04-22 04:30:00+00:00,4772.39990234375,4777.2998046875,4770.10009765625,4773.5,2135
2026-04-22 05:00:00+00:00,4784.2001953125,4789.7998046875,4769.89990234375,4772.39990234375,3125
2026-04-22 05:30:00+00:00,4786.39990234375,4789.89990234375,4781.7001953125,4784.10009765625,2601
2026-04-22 06:00:00+00:00,4785.39990234375,4786.5,4777.5,4786.0,2490
2026-04-22 06:30:00+00:00,4786.0,4786.2001953125,4781.7001953125,4785.2001953125,1010
2026-04-22 07:00:00+00:00,4784.7001953125,4790.7998046875,4780.7998046875,4785.89990234375,2134
2026-04-22 07:30:00+00:00,4779.5,4785.39990234375,4778.39990234375,4784.60009765625,1539
2026-04-22 08:00:00+00:00,4773.0,4781.39990234375,4772.89990234375,4779.60009765625,1953
2026-04-22 08:30:00+00:00,4775.7001953125,4777.10009765625,4770.5,4773.0,1541
2026-04-22 09:00:00+00:00,4775.0,4780.89990234375,4774.89990234375,4775.5,1620
2026-04-22 09:30:00+00:00,4773.39990234375,4781.10009765625,4771.0,4774.89990234375,1713
2026-04-22 10:00:00+00:00,4773.39990234375,4776.2998046875,4764.2998046875,4773.60009765625,2072
2026-04-22 10:30:00+00:00,4778.10009765625,4779.2001953125,4772.39990234375,4773.39990234375,1150
2026-04-22 11:00:00+00:00,4776.10009765625,4779.60009765625,4775.0,4777.89990234375,1330
2026-04-22 11:30:00+00:00,4768.89990234375,4778.7001953125,4766.2998046875,4776.2998046875,2514
2026-04-22 12:00:00+00:00,4772.10009765625,4779.0,4765.7001953125,4769.2001953125,2928
2026-04-22 12:30:00+00:00,4762.60009765625,4772.89990234375,4761.10009765625,4771.7001953125,3318
2026-04-22 13:00:00+00:00,4768.5,4769.2001953125,4754.60009765625,4762.89990234375,4824
2026-04-22 13:30:00+00:00,4771.7001953125,4779.39990234375,4760.0,4768.7001953125,4690
2026-04-22 14:00:00+00:00,4763.0,4776.2998046875,4760.7998046875,4771.5,4244
2026-04-22 14:30:00+00:00,4754.2998046875,4763.60009765625,4746.89990234375,4763.10009765625,5441
2026-04-22 15:00:00+00:00,4752.89990234375,4758.39990234375,4747.7001953125,4754.2001953125,3124
2026-04-22 15:30:00+00:00,4746.2001953125,4753.7001953125,4743.2001953125,4753.2001953125,2478
2026-04-22 16:00:00+00:00,4745.5,4754.10009765625,4742.10009765625,4746.10009765625,2224
2026-04-22 16:30:00+00:00,4747.5,4750.7998046875,4742.39990234375,4745.5,1697
2026-04-22 17:00:00+00:00,4753.7998046875,4758.39990234375,4747.2001953125,4747.39990234375,2505
2026-04-22 17:30:00+00:00,4756.39990234375,4757.2998046875,4752.7001953125,4754.0,1561
2026-04-22 18:00:00+00:00,4749.0,4757.60009765625,4748.39990234375,4756.10009765625,1397
2026-04-22 18:30:00+00:00,4760.7001953125,4770.2001953125,4749.2001953125,4749.2001953125,3185
2026-04-22 19:00:00+00:00,4763.5,4764.39990234375,4755.7998046875,4761.0,1344
2026-04-22 19:30:00+00:00,4759.0,4763.60009765625,4756.0,4763.5,1253
2026-04-22 20:00:00+00:00,4755.7998046875,4759.5,4753.10009765625,4759.39990234375,787
2026-04-22 20:30:00+00:00,4758.2998046875,4759.89990234375,4754.89990234375,4756.0,682
2026-04-22 22:00:00+00:00,4750.10009765625,4763.60009765625,4750.0,4759.2001953125,610
2026-04-22 22:30:00+00:00,4743.2001953125,4752.39990234375,4742.7998046875,4750.5,910
2026-04-22 23:00:00+00:00,4745.39990234375,4746.7998046875,4740.60009765625,4743.5,928
2026-04-22 23:30:00+00:00,4745.0,4746.5,4741.0,4744.7001953125,594
2026-04-23 00:00:00+00:00,4758.7001953125,4759.39990234375,4710.39990234375,4745.0,7323
2026-04-23 00:30:00+00:00,4765.5,4771.2998046875,4757.7001953125,4758.60009765625,2911
2026-04-23 01:00:00+00:00,4745.10009765625,4767.5,4743.60009765625,4765.2998046875,2490
2026-04-23 01:30:00+00:00,4739.39990234375,4753.2998046875,4738.39990234375,4745.10009765625,2646
2026-04-23 02:00:00+00:00,4729.7998046875,4740.89990234375,4721.0,4738.89990234375,3642
2026-04-23 02:30:00+00:00,4714.39990234375,4731.7001953125,4714.0,4730.10009765625,3675
2026-04-23 03:00:00+00:00,4719.2001953125,4724.7998046875,4713.89990234375,4715.0,2525
2026-04-23 03:30:00+00:00,4720.0,4723.2001953125,4716.7001953125,4719.0,1219
2026-04-23 04:00:00+00:00,4721.2998046875,4722.7001953125,4716.5,4719.0,802
2026-04-23 04:30:00+00:00,4720.10009765625,4722.60009765625,4714.2998046875,4721.39990234375,930
2026-04-23 05:00:00+00:00,4721.5,4726.10009765625,4719.10009765625,4719.60009765625,1136
2026-04-23 05:30:00+00:00,4729.0,4731.10009765625,4705.7001953125,4721.5,3305
2026-04-23 06:00:00+00:00,4728.7001953125,4734.2001953125,4724.89990234375,4729.60009765625,2330
2026-04-23 06:30:00+00:00,4730.10009765625,4739.0,4725.7998046875,4728.60009765625,4303
2026-04-23 07:00:00+00:00,4722.7998046875,4733.60009765625,4719.39990234375,4729.89990234375,5561
2026-04-23 07:30:00+00:00,4736.10009765625,4737.39990234375,4720.2998046875,4722.7001953125,1972
2026-04-23 08:00:00+00:00,4732.2001953125,4742.10009765625,4731.7998046875,4735.60009765625,1633
2026-04-23 08:30:00+00:00,4719.60009765625,4733.2001953125,4717.7998046875,4732.39990234375,2065
2026-04-23 09:00:00+00:00,4716.89990234375,4720.0,4710.7001953125,4719.39990234375,2902
2026-04-23 09:30:00+00:00,4713.5,4719.5,4710.89990234375,4716.7998046875,2579
2026-04-23 10:00:00+00:00,4702.7001953125,4717.89990234375,4700.0,4713.5,3450
2026-04-23 10:30:00+00:00,4712.60009765625,4713.39990234375,4700.10009765625,4703.2998046875,2525
2026-04-23 11:00:00+00:00,4715.60009765625,4719.7998046875,4711.2998046875,4712.7998046875,1678
2026-04-23 11:30:00+00:00,4737.39990234375,4737.7998046875,4712.89990234375,4715.7001953125,3658
2026-04-23 12:00:00+00:00,4750.60009765625,4756.0,4736.2998046875,4737.10009765625,7553
2026-04-23 12:30:00+00:00,4757.7001953125,4761.7001953125,4748.5,4750.2001953125,5496
2026-04-23 13:00:00+00:00,4744.2998046875,4758.5,4740.7998046875,4758.10009765625,4041
2026-04-23 13:30:00+00:00,4742.0,4759.10009765625,4741.39990234375,4744.2001953125,4923
2026-04-23 14:00:00+00:00,4748.5,4753.60009765625,4733.89990234375,4741.5,5871
2026-04-23 14:30:00+00:00,4750.60009765625,4754.0,4742.89990234375,4748.5,2676
2026-04-23 15:00:00+00:00,4750.7001953125,4758.2001953125,4743.7001953125,4750.89990234375,3014
2026-04-23 15:30:00+00:00,4737.2998046875,4751.89990234375,4733.2998046875,4750.60009765625,3547
2026-04-23 16:00:00+00:00,4740.10009765625,4741.7001953125,4732.5,4737.60009765625,1936
2026-04-23 16:30:00+00:00,4749.7998046875,4754.10009765625,4739.5,4739.5,2742
2026-04-23 17:00:00+00:00,4723.0,4751.7001953125,4720.7998046875,4750.10009765625,10765
2026-04-23 17:30:00+00:00,4725.60009765625,4730.7998046875,4680.10009765625,4723.2001953125,13488
2026-04-23 18:00:00+00:00,4732.89990234375,4738.7001953125,4723.89990234375,4726.10009765625,3580
2026-04-23 18:30:00+00:00,4717.2001953125,4736.7001953125,4714.89990234375,4732.5,2392
2026-04-23 19:00:00+00:00,4716.5,4720.60009765625,4708.7001953125,4717.10009765625,2478
2026-04-23 19:30:00+00:00,4712.7998046875,4717.2998046875,4705.5,4716.5,2023
2026-04-23 20:00:00+00:00,4705.5,4714.7998046875,4702.7001953125,4712.5,1245
2026-04-23 20:30:00+00:00,4708.60009765625,4710.60009765625,4704.2998046875,4705.7001953125,541
2026-04-23 22:00:00+00:00,4708.2001953125,4719.7998046875,4707.60009765625,4715.60009765625,556
2026-04-23 22:30:00+00:00,4708.5,4712.10009765625,4705.2998046875,4708.5,479
2026-04-23 23:00:00+00:00,4709.7001953125,4711.0,4702.0,4708.7001953125,609
2026-04-23 23:30:00+00:00,4710.7998046875,4716.10009765625,4707.39990234375,4710.10009765625,765
2026-04-24 00:00:00+00:00,4720.5,4721.0,4706.2998046875,4711.7001953125,1074
2026-04-24 00:30:00+00:00,4719.7998046875,4723.10009765625,4712.39990234375,4720.89990234375,1195
2026-04-24 01:00:00+00:00,4714.0,4726.7001953125,4711.5,4719.7998046875,1659
2026-04-24 01:30:00+00:00,4715.10009765625,4717.7001953125,4705.7001953125,4714.10009765625,1434
2026-04-24 02:00:00+00:00,4698.89990234375,4716.39990234375,4696.7998046875,4715.2001953125,1617
2026-04-24 02:30:00+00:00,4692.39990234375,4706.2001953125,4687.2998046875,4699.2998046875,2274
2026-04-24 03:00:00+00:00,4689.5,4693.5,4683.5,4692.0,2036
2026-04-24 03:30:00+00:00,4687.5,4693.39990234375,4687.0,4689.60009765625,903
2026-04-24 04:00:00+00:00,4674.60009765625,4689.7998046875,4673.10009765625,4686.89990234375,2191
2026-04-24 04:30:00+00:00,4689.2998046875,4691.5,4672.2001953125,4674.7001953125,2220
2026-04-24 05:00:00+00:00,4691.60009765625,4693.7998046875,4684.39990234375,4689.60009765625,1026
2026-04-24 05:30:00+00:00,4701.5,4702.2998046875,4691.7998046875,4691.7998046875,1929
2026-04-24 06:00:00+00:00,4686.5,4703.10009765625,4684.7001953125,4701.7001953125,1977
2026-04-24 06:30:00+00:00,4687.10009765625,4691.7001953125,4681.60009765625,4686.60009765625,2094
2026-04-24 07:00:00+00:00,4699.7001953125,4700.10009765625,4686.2001953125,4687.10009765625,1519
2026-04-24 07:30:00+00:00,4709.39990234375,4710.7001953125,4697.0,4699.2998046875,1887
2026-04-24 08:00:00+00:00,4702.7998046875,4712.7001953125,4701.39990234375,4710.10009765625,1867
2026-04-24 08:30:00+00:00,4705.5,4708.2001953125,4700.10009765625,4702.7001953125,871
2026-04-24 09:00:00+00:00,4698.7001953125,4711.89990234375,4697.7001953125,4706.10009765625,2934
2026-04-24 09:30:00+00:00,4697.7001953125,4704.10009765625,4694.89990234375,4698.5,2675
2026-04-24 10:00:00+00:00,4697.39990234375,4701.5,4695.10009765625,4697.39990234375,1317
2026-04-24 10:30:00+00:00,4693.0,4697.2001953125,4689.60009765625,4697.2001953125,1343
2026-04-24 11:00:00+00:00,4731.89990234375,4733.39990234375,4693.0,4693.10009765625,6755
2026-04-24 11:30:00+00:00,4723.2001953125,4733.89990234375,4718.7998046875,4731.89990234375,2979
2026-04-24 12:00:00+00:00,4726.0,4727.89990234375,4717.5,4723.2001953125,2946
2026-04-24 12:30:00+00:00,4716.89990234375,4727.5,4706.2998046875,4726.2001953125,3682
2026-04-24 13:00:00+00:00,4713.10009765625,4721.60009765625,4709.2001953125,4717.2001953125,3328
2026-04-24 13:30:00+00:00,4727.89990234375,4734.2001953125,4705.39990234375,4713.10009765625,4916
2026-04-24 14:00:00+00:00,4741.7001953125,4757.10009765625,4723.2001953125,4728.0,10211
2026-04-24 14:30:00+00:00,4743.2001953125,4750.0,4740.39990234375,4742.0,3201
2026-04-24 15:00:00+00:00,4738.60009765625,4744.0,4734.7998046875,4743.39990234375,2639
2026-04-24 15:30:00+00:00,4743.89990234375,4750.39990234375,4730.7998046875,4738.60009765625,4001
2026-04-24 16:00:00+00:00,4739.89990234375,4746.5,4735.89990234375,4743.60009765625,1658
2026-04-24 16:30:00+00:00,4743.7001953125,4744.5,4735.60009765625,4740.7001953125,1414
2026-04-24 17:00:00+00:00,4739.89990234375,4747.0,4739.10009765625,4744.39990234375,3174
2026-04-24 17:30:00+00:00,4740.10009765625,4744.60009765625,4735.7001953125,4739.60009765625,2039
2026-04-24 18:00:00+00:00,4733.2998046875,4741.5,4733.2998046875,4740.39990234375,1159
2026-04-24 18:30:00+00:00,4738.7001953125,4739.60009765625,4733.0,4733.2998046875,697
2026-04-24 19:00:00+00:00,4735.2998046875,4742.39990234375,4733.5,4739.39990234375,1191
2026-04-24 19:30:00+00:00,4732.10009765625,4736.5,4729.5,4735.0,1406
2026-04-24 20:00:00+00:00,4723.7001953125,4733.39990234375,4721.2001953125,4731.89990234375,1623
2026-04-24 20:30:00+00:00,4740.89990234375,4740.89990234375,4721.10009765625,4723.5,1142
2026-04-26 22:00:00+00:00,4701.7001953125,4704.0,4694.0,4696.10009765625,813
2026-04-26 22:30:00+00:00,4699.60009765625,4701.7998046875,4696.2998046875,4701.2998046875,716
2026-04-26 23:00:00+00:00,4692.10009765625,4700.0,4691.2998046875,4699.10009765625,780
2026-04-26 23:30:00+00:00,4694.7998046875,4696.89990234375,4689.10009765625,4691.60009765625,957
2026-04-27 00:00:00+00:00,4695.5,4697.39990234375,4686.60009765625,4695.2998046875,1304
2026-04-27 00:30:00+00:00,4712.60009765625,4713.10009765625,4691.2001953125,4695.60009765625,1477
2026-04-27 01:00:00+00:00,4712.89990234375,4724.7998046875,4705.5,4712.39990234375,3211
2026-04-27 01:30:00+00:00,4717.10009765625,4721.2998046875,4710.39990234375,4712.7998046875,1290
2026-04-27 02:00:00+00:00,4720.39990234375,4722.7998046875,4710.60009765625,4717.7001953125,1289
2026-04-27 02:30:00+00:00,4732.89990234375,4738.2998046875,4718.89990234375,4720.0,2431
2026-04-27 03:00:00+00:00,4730.60009765625,4737.7001953125,4729.60009765625,4733.2001953125,1065
2026-04-27 03:30:00+00:00,4739.7998046875,4744.7998046875,4731.2001953125,4731.2001953125,1674
2026-04-27 04:00:00+00:00,4742.5,4743.7001953125,4738.89990234375,4739.7998046875,564
2026-04-27 04:30:00+00:00,4740.5,4745.7998046875,4738.2998046875,4742.7998046875,956
2026-04-27 05:00:00+00:00,4734.2001953125,4741.2001953125,4731.7001953125,4741.2001953125,1219
2026-04-27 05:30:00+00:00,4725.7001953125,4734.2998046875,4724.0,4733.89990234375,1747
2026-04-27 06:00:00+00:00,4729.60009765625,4730.89990234375,4724.60009765625,4725.39990234375,1269
2026-04-27 06:30:00+00:00,4727.60009765625,4730.5,4724.2998046875,4729.2998046875,941
2026-04-27 07:00:00+00:00,4730.89990234375,4733.5,4725.89990234375,4727.39990234375,1076
2026-04-27 07:30:00+00:00,4727.89990234375,4732.39990234375,4725.0,4730.7998046875,881
2026-04-27 08:00:00+00:00,4725.60009765625,4729.5,4724.2998046875,4728.39990234375,920
2026-04-27 08:30:00+00:00,4722.0,4730.0,4720.2001953125,4725.5,1379
2026-04-27 09:00:00+00:00,4717.7001953125,4723.60009765625,4716.7001953125,4722.2998046875,1349
2026-04-27 09:30:00+00:00,4719.10009765625,4721.2998046875,4714.7001953125,4717.5,2069
2026-04-27 10:00:00+00:00,4720.7001953125,4722.39990234375,4714.7001953125,4719.2001953125,1024
2026-04-27 10:30:00+00:00,4724.2998046875,4726.39990234375,4720.0,4720.7001953125,1043
2026-04-27 11:00:00+00:00,4720.2001953125,4724.5,4715.5,4724.2001953125,1108
2026-04-27 11:30:00+00:00,4719.7001953125,4724.0,4713.5,4720.10009765625,1161
2026-04-27 12:00:00+00:00,4722.10009765625,4728.0,4717.0,4720.10009765625,3101
2026-04-27 12:30:00+00:00,4714.10009765625,4723.10009765625,4712.0,4721.89990234375,2111
2026-04-27 13:00:00+00:00,4715.2001953125,4718.89990234375,4708.2998046875,4714.7998046875,2733
2026-04-27 13:30:00+00:00,4711.60009765625,4718.0,4703.2998046875,4715.5,4094
2026-04-27 14:00:00+00:00,4704.0,4712.0,4701.2998046875,4711.2001953125,3989
2026-04-27 14:30:00+00:00,4693.2001953125,4712.2001953125,4691.2998046875,4704.2001953125,5126
2026-04-27 15:00:00+00:00,4695.7998046875,4695.89990234375,4681.7998046875,4693.39990234375,6096
2026-04-27 15:30:00+00:00,4684.7998046875,4697.10009765625,4681.2001953125,4695.60009765625,2794
2026-04-27 16:00:00+00:00,4691.0,4692.2998046875,4681.5,4684.60009765625,2234
2026-04-27 16:30:00+00:00,4691.10009765625,4694.2998046875,4688.89990234375,4691.2998046875,1306
2026-04-27 17:00:00+00:00,4694.7001953125,4694.7998046875,4682.5,4691.39990234375,4830
2026-04-27 17:30:00+00:00,4697.2001953125,4700.89990234375,4694.10009765625,4694.60009765625,2036
2026-04-27 18:00:00+00:00,4698.7998046875,4700.2001953125,4693.60009765625,4696.7001953125,1098
2026-04-27 18:30:00+00:00,4695.7001953125,4700.10009765625,4695.7001953125,4698.60009765625,979
2026-04-27 19:00:00+00:00,4697.39990234375,4697.89990234375,4693.2998046875,4695.5,858
2026-04-27 19:30:00+00:00,4696.2001953125,4697.5,4691.7001953125,4697.5,1672
2026-04-27 20:00:00+00:00,4695.10009765625,4696.60009765625,4691.7998046875,4695.89990234375,523
2026-04-27 20:30:00+00:00,4697.7001953125,4697.7998046875,4693.7001953125,4695.2001953125,331
2026-04-27 22:00:00+00:00,4704.0,4706.2998046875,4697.0,4697.5,709
2026-04-27 22:30:00+00:00,4702.7001953125,4704.89990234375,4701.10009765625,4704.39990234375,341
2026-04-27 23:00:00+00:00,4705.7001953125,4707.2001953125,4702.10009765625,4703.2998046875,370
2026-04-27 23:30:00+00:00,4707.10009765625,4710.2998046875,4706.0,4706.0,721
2026-04-28 00:00:00+00:00,4709.7998046875,4716.5,4706.89990234375,4707.10009765625,1058
2026-04-28 00:30:00+00:00,4705.60009765625,4710.2001953125,4705.2001953125,4710.2001953125,724
2026-04-28 01:00:00+00:00,4702.60009765625,4705.7998046875,4699.10009765625,4705.2001953125,1193
2026-04-28 01:30:00+00:00,4684.7001953125,4705.7998046875,4681.39990234375,4702.0,2397
2026-04-28 02:00:00+00:00,4689.7998046875,4694.0,4679.89990234375,4684.60009765625,2184
2026-04-28 02:30:00+00:00,4683.0,4689.10009765625,4680.10009765625,4689.10009765625,1481
2026-04-28 03:00:00+00:00,4688.7998046875,4690.10009765625,4682.2998046875,4682.89990234375,1182
2026-04-28 03:30:00+00:00,4685.60009765625,4689.2998046875,4683.0,4689.2998046875,789
2026-04-28 04:00:00+00:00,4681.2001953125,4685.10009765625,4679.7001953125,4684.60009765625,1137
2026-04-28 04:30:00+00:00,4681.2998046875,4683.60009765625,4680.10009765625,4681.10009765625,861
2026-04-28 05:00:00+00:00,4672.2001953125,4681.5,4661.0,4681.39990234375,3916
2026-04-28 05:30:00+00:00,4646.60009765625,4672.2001953125,4638.0,4672.2001953125,5808
2026-04-28 06:00:00+00:00,4645.0,4656.89990234375,4636.5,4645.89990234375,3396
2026-04-28 06:30:00+00:00,4642.7001953125,4648.2998046875,4636.89990234375,4645.0,4073
2026-04-28 07:00:00+00:00,4643.7001953125,4653.2998046875,4641.2001953125,4642.60009765625,2966
2026-04-28 07:30:00+00:00,4646.60009765625,4649.39990234375,4634.39990234375,4643.89990234375,2828
2026-04-28 08:00:00+00:00,4640.60009765625,4647.39990234375,4628.2998046875,4647.0,3618
2026-04-28 08:30:00+00:00,4643.60009765625,4649.39990234375,4638.10009765625,4640.7001953125,2549
2026-04-28 09:00:00+00:00,4631.89990234375,4644.0,4626.39990234375,4643.39990234375,2622
2026-04-28 09:30:00+00:00,4618.60009765625,4633.10009765625,4617.7001953125,4631.89990234375,4474
2026-04-28 10:00:00+00:00,4625.5,4630.5,4618.0,4618.39990234375,2043
2026-04-28 10:30:00+00:00,4616.7001953125,4629.5,4616.7001953125,4625.10009765625,2242
2026-04-28 11:00:00+00:00,4613.10009765625,4622.39990234375,4607.10009765625,4616.60009765625,4975
2026-04-28 11:30:00+00:00,4575.2001953125,4613.39990234375,4568.0,4612.89990234375,9650
2026-04-28 12:00:00+00:00,4593.39990234375,4611.10009765625,4567.60009765625,4575.60009765625,9054
2026-04-28 12:30:00+00:00,4607.39990234375,4613.7998046875,4583.2998046875,4593.2001953125,5686
2026-04-28 13:00:00+00:00,4594.5,4608.2001953125,4584.2998046875,4607.0,6087
2026-04-28 13:30:00+00:00,4593.39990234375,4606.2998046875,4583.7001953125,4594.2998046875,6255
2026-04-28 14:00:00+00:00,4585.0,4594.0,4576.0,4593.0,7126
2026-04-28 14:30:00+00:00,4588.2998046875,4592.0,4570.0,4585.2001953125,6907
2026-04-28 15:00:00+00:00,4591.0,4595.39990234375,4580.5,4587.89990234375,4804
2026-04-28 15:30:00+00:00,4600.10009765625,4600.2001953125,4584.2001953125,4590.10009765625,3426
2026-04-28 16:00:00+00:00,4596.7998046875,4600.60009765625,4591.39990234375,4600.0,2654
2026-04-28 16:30:00+00:00,4606.2001953125,4608.7998046875,4594.60009765625,4597.0,2862
2026-04-28 17:00:00+00:00,4607.7998046875,4611.39990234375,4601.0,4606.2998046875,4124
2026-04-28 17:30:00+00:00,4609.0,4615.89990234375,4607.7001953125,4607.89990234375,2688
2026-04-28 18:00:00+00:00,4613.2001953125,4614.7998046875,4606.0,4609.39990234375,1353
2026-04-28 18:30:00+00:00,4608.39990234375,4613.2998046875,4607.2001953125,4613.2001953125,852
2026-04-28 19:00:00+00:00,4610.60009765625,4612.89990234375,4607.89990234375,4608.5,864
2026-04-28 19:30:00+00:00,4609.60009765625,4614.10009765625,4607.2998046875,4610.5,1267
2026-04-28 20:00:00+00:00,4607.5,4612.89990234375,4605.7001953125,4609.39990234375,853
2026-04-28 20:30:00+00:00,4609.60009765625,4611.7001953125,4607.10009765625,4607.5,564
2026-04-28 22:00:00+00:00,4610.0,4614.0,4608.10009765625,4611.39990234375,396
2026-04-28 22:30:00+00:00,4607.7998046875,4611.5,4606.2998046875,4610.10009765625,322
2026-04-28 23:00:00+00:00,4605.39990234375,4608.2998046875,4603.2001953125,4608.2998046875,400
2026-04-28 23:30:00+00:00,4609.7001953125,4610.5,4602.0,4606.0,627
2026-04-29 00:00:00+00:00,4613.2998046875,4624.2998046875,4608.7998046875,4609.5,2232
2026-04-29 00:30:00+00:00,4613.7001953125,4618.60009765625,4609.60009765625,4614.0,859
2026-04-29 01:00:00+00:00,4594.39990234375,4613.5,4589.10009765625,4613.5,3082
2026-04-29 01:30:00+00:00,4598.10009765625,4605.39990234375,4592.2001953125,4593.5,1662
2026-04-29 02:00:00+00:00,4613.10009765625,4617.7001953125,4598.5,4598.5,1932
2026-04-29 02:30:00+00:00,4606.89990234375,4616.0,4605.5,4613.2001953125,1113
2026-04-29 03:00:00+00:00,4612.10009765625,4616.7001953125,4606.10009765625,4606.89990234375,945
2026-04-29 03:30:00+00:00,4609.60009765625,4612.60009765625,4605.7001953125,4612.60009765625,659
2026-04-29 04:00:00+00:00,4615.39990234375,4617.10009765625,4609.10009765625,4609.10009765625,792
2026-04-29 04:30:00+00:00,4618.10009765625,4619.2998046875,4615.2001953125,4615.2998046875,834
2026-04-29 05:00:00+00:00,4614.2001953125,4621.2998046875,4612.2001953125,4618.60009765625,622
2026-04-29 05:30:00+00:00,4604.7001953125,4616.7998046875,4604.39990234375,4614.60009765625,1127
2026-04-29 06:00:00+00:00,4599.39990234375,4612.2998046875,4595.60009765625,4604.5,2778
2026-04-29 06:30:00+00:00,4598.10009765625,4601.39990234375,4594.7998046875,4599.39990234375,1322
2026-04-29 07:00:00+00:00,4589.60009765625,4603.2001953125,4583.5,4598.10009765625,2944
2026-04-29 07:30:00+00:00,4581.39990234375,4593.10009765625,4580.5,4589.5,3178
2026-04-29 08:00:00+00:00,4579.5,4586.7001953125,4577.7998046875,4581.60009765625,2344
2026-04-29 08:30:00+00:00,4586.10009765625,4590.0,4570.5,4579.10009765625,2769
2026-04-29 09:00:00+00:00,4578.7998046875,4594.2998046875,4578.7998046875,4586.5,2447
2026-04-29 09:30:00+00:00,4568.2998046875,4582.7998046875,4564.5,4578.7001953125,3879
2026-04-29 10:00:00+00:00,4584.89990234375,4586.5,4567.60009765625,4568.10009765625,2201
2026-04-29 10:30:00+00:00,4582.7001953125,4589.5,4576.7001953125,4585.7998046875,1783
2026-04-29 11:00:00+00:00,4577.60009765625,4585.60009765625,4576.7998046875,4583.0,1351
2026-04-29 11:30:00+00:00,4574.7001953125,4585.0,4571.89990234375,4577.39990234375,1714
2026-04-29 12:00:00+00:00,4572.60009765625,4582.10009765625,4572.10009765625,4574.2001953125,1937
2026-04-29 12:30:00+00:00,4557.39990234375,4573.2001953125,4552.89990234375,4572.39990234375,4731
2026-04-29 13:00:00+00:00,4550.7998046875,4566.0,4546.7998046875,4558.39990234375,5059
2026-04-29 13:30:00+00:00,4534.7001953125,4552.7001953125,4522.2001953125,4550.7998046875,10582
2026-04-29 14:00:00+00:00,4545.89990234375,4550.2001953125,4530.2998046875,4534.7001953125,7412
2026-04-29 14:30:00+00:00,4551.89990234375,4556.39990234375,4543.39990234375,4545.7001953125,3936
2026-04-29 15:00:00+00:00,4556.39990234375,4560.0,4548.60009765625,4551.89990234375,4561
2026-04-29 15:30:00+00:00,4560.2001953125,4572.0,4552.60009765625,4556.0,6350
2026-04-29 16:00:00+00:00,4573.60009765625,4578.2998046875,4560.0,4560.60009765625,4200
2026-04-29 16:30:00+00:00,4559.0,4573.5,4557.2001953125,4573.2998046875,3552
2026-04-29 17:00:00+00:00,4561.0,4568.5,4556.7001953125,4559.39990234375,4626
2026-04-29 17:30:00+00:00,4561.7998046875,4562.7001953125,4555.89990234375,4560.89990234375,2036
2026-04-29 18:00:00+00:00,4547.5,4567.0,4539.10009765625,4561.2001953125,4983
2026-04-29 18:30:00+00:00,4552.7001953125,4555.60009765625,4532.0,4547.60009765625,4778
2026-04-29 19:00:00+00:00,4556.7998046875,4565.0,4547.39990234375,4553.10009765625,2505
2026-04-29 19:30:00+00:00,4560.7998046875,4563.60009765625,4551.5,4556.5,2295
2026-04-29 20:00:00+00:00,4556.7001953125,4567.2998046875,4555.0,4561.2001953125,2029
2026-04-29 20:30:00+00:00,4557.2998046875,4560.39990234375,4555.2001953125,4556.7998046875,361
2026-04-29 22:00:00+00:00,4560.7001953125,4562.7998046875,4550.7998046875,4557.0,514
2026-04-29 22:30:00+00:00,4563.60009765625,4564.89990234375,4559.2998046875,4560.2001953125,352
2026-04-29 23:00:00+00:00,4563.7001953125,4566.89990234375,4561.60009765625,4564.5,337
2026-04-29 23:30:00+00:00,4573.7998046875,4574.2001953125,4563.2998046875,4563.2998046875,536
2026-04-30 00:00:00+00:00,4575.89990234375,4581.5,4568.2001953125,4573.60009765625,2105
2026-04-30 00:30:00+00:00,4582.0,4586.2998046875,4574.5,4576.0,1242
2026-04-30 01:00:00+00:00,4591.39990234375,4592.7998046875,4576.39990234375,4581.7001953125,1624
2026-04-30 01:30:00+00:00,4590.7998046875,4594.10009765625,4582.7001953125,4592.60009765625,1846
2026-04-30 02:00:00+00:00,4584.39990234375,4593.7998046875,4583.0,4591.10009765625,1365
2026-04-30 02:30:00+00:00,4576.39990234375,4585.7998046875,4571.10009765625,4584.39990234375,2187
2026-04-30 03:00:00+00:00,4574.7001953125,4581.0,4573.89990234375,4576.39990234375,959
2026-04-30 03:30:00+00:00,4567.89990234375,4575.2001953125,4566.89990234375,4575.10009765625,1292
2026-04-30 04:00:00+00:00,4558.89990234375,4568.0,4557.10009765625,4567.39990234375,1126
2026-04-30 04:30:00+00:00,4553.2001953125,4560.7001953125,4552.2001953125,4558.39990234375,1517
2026-04-30 05:00:00+00:00,4566.5,4570.2001953125,4553.0,4553.7001953125,1086
2026-04-30 05:30:00+00:00,4573.7001953125,4581.0,4564.89990234375,4567.10009765625,1661
2026-04-30 06:00:00+00:00,4581.7001953125,4582.7998046875,4570.89990234375,4573.7001953125,2792
2026-04-30 06:30:00+00:00,4601.60009765625,4603.7001953125,4581.2998046875,4581.2998046875,3840
2026-04-30 07:00:00+00:00,4603.60009765625,4608.0,4596.5,4601.7998046875,2983
2026-04-30 07:30:00+00:00,4610.60009765625,4617.2998046875,4599.7001953125,4603.7998046875,3546
2026-04-30 08:00:00+00:00,4629.60009765625,4641.39990234375,4609.2001953125,4610.5,5643
2026-04-30 08:30:00+00:00,4628.39990234375,4632.89990234375,4625.60009765625,4629.2001953125,2220
2026-04-30 09:00:00+00:00,4637.5,4638.89990234375,4626.2998046875,4628.7001953125,2155
2026-04-30 09:30:00+00:00,4637.2001953125,4644.60009765625,4629.7998046875,4637.5,4217
2026-04-30 10:00:00+00:00,4655.60009765625,4656.5,4635.5,4637.2001953125,3031
2026-04-30 10:30:00+00:00,4651.7001953125,4658.7998046875,4645.7001953125,4655.5,3086
2026-04-30 11:00:00+00:00,4650.7001953125,4658.0,4642.7998046875,4651.89990234375,4630
2026-04-30 11:30:00+00:00,4643.0,4651.0,4639.5,4650.39990234375,3609
2026-04-30 12:00:00+00:00,4643.89990234375,4650.39990234375,4641.10009765625,4643.2998046875,3601
2026-04-30 12:30:00+00:00,4652.39990234375,4652.7001953125,4635.0,4643.5,3835
2026-04-30 13:00:00+00:00,4646.10009765625,4658.60009765625,4645.7001953125,4652.5,4486
2026-04-30 13:30:00+00:00,4623.10009765625,4647.7998046875,4622.39990234375,4645.89990234375,6060
2026-04-30 14:00:00+00:00,4635.39990234375,4638.7001953125,4621.2998046875,4623.2001953125,5342
2026-04-30 14:30:00+00:00,4632.5,4636.5,4622.60009765625,4634.60009765625,4116
2026-04-30 15:00:00+00:00,4635.60009765625,4637.10009765625,4627.5,4633.2998046875,2575
2026-04-30 15:30:00+00:00,4628.10009765625,4637.7998046875,4623.7001953125,4635.2998046875,2427
2026-04-30 16:00:00+00:00,4620.60009765625,4630.60009765625,4618.0,4628.2001953125,2067
2026-04-30 16:30:00+00:00,4620.39990234375,4631.10009765625,4618.39990234375,4620.5,4420
2026-04-30 17:00:00+00:00,4630.89990234375,4633.89990234375,4620.7998046875,4620.89990234375,4700
2026-04-30 17:30:00+00:00,4629.7998046875,4635.0,4627.7001953125,4630.7001953125,1717
2026-04-30 18:00:00+00:00,4633.5,4638.5,4629.60009765625,4630.0,1865
2026-04-30 18:30:00+00:00,4635.39990234375,4638.2998046875,4632.0,4634.0,1106
2026-04-30 19:00:00+00:00,4630.5,4640.2998046875,4630.0,4635.5,1242
2026-04-30 19:30:00+00:00,4630.0,4636.60009765625,4627.7001953125,4631.5,1566
2026-04-30 20:00:00+00:00,4629.60009765625,4633.5,4628.7998046875,4630.39990234375,772
2026-04-30 20:30:00+00:00,4636.0,4636.0,4628.2998046875,4629.5,466
2026-04-30 22:00:00+00:00,4643.89990234375,4652.0,4636.89990234375,4636.89990234375,417
2026-04-30 22:30:00+00:00,4642.7001953125,4644.7998046875,4639.2998046875,4644.60009765625,730
2026-04-30 23:00:00+00:00,4643.2001953125,4644.60009765625,4640.7001953125,4643.2001953125,499
2026-04-30 23:30:00+00:00,4638.89990234375,4646.7998046875,4638.7998046875,4643.5,661
2026-05-01 00:00:00+00:00,4635.7998046875,4643.5,4632.7998046875,4639.0,813
2026-05-01 00:30:00+00:00,4631.7998046875,4637.39990234375,4630.5,4635.7998046875,601
2026-05-01 01:00:00+00:00,4628.2001953125,4633.2001953125,4625.89990234375,4631.60009765625,889
2026-05-01 01:30:00+00:00,4632.60009765625,4634.10009765625,4627.7001953125,4628.39990234375,815
2026-05-01 02:00:00+00:00,4641.10009765625,4648.10009765625,4631.5,4632.60009765625,1395
2026-05-01 02:30:00+00:00,4630.5,4642.7001953125,4628.0,4641.60009765625,1213
2026-05-01 03:00:00+00:00,4637.7001953125,4638.2998046875,4628.89990234375,4630.10009765625,770
2026-05-01 03:30:00+00:00,4638.60009765625,4643.5,4636.7998046875,4638.0,885
2026-05-01 04:00:00+00:00,4628.89990234375,4640.2998046875,4628.60009765625,4637.7998046875,1054
2026-05-01 04:30:00+00:00,4620.39990234375,4629.89990234375,4620.2998046875,4628.89990234375,1455
2026-05-01 05:00:00+00:00,4626.0,4628.2001953125,4618.5,4620.7001953125,844
2026-05-01 05:30:00+00:00,4616.2001953125,4626.60009765625,4614.10009765625,4626.10009765625,1113
2026-05-01 06:00:00+00:00,4605.2998046875,4619.39990234375,4604.7998046875,4616.2001953125,1745
2026-05-01 06:30:00+00:00,4606.7998046875,4609.2001953125,4602.2001953125,4605.39990234375,1375
2026-05-01 07:00:00+00:00,4603.7998046875,4609.7001953125,4596.7001953125,4606.0,2551
2026-05-01 07:30:00+00:00,4589.5,4603.89990234375,4586.7998046875,4603.89990234375,2006
2026-05-01 08:00:00+00:00,4579.0,4594.0,4578.0,4589.7001953125,2013
2026-05-01 08:30:00+00:00,4580.2998046875,4583.89990234375,4575.89990234375,4578.5,1528
2026-05-01 09:00:00+00:00,4580.39990234375,4582.2998046875,4575.2001953125,4580.10009765625,1293
2026-05-01 09:30:00+00:00,4573.60009765625,4584.0,4570.0,4579.89990234375,1928
2026-05-01 10:00:00+00:00,4583.10009765625,4583.60009765625,4572.39990234375,4573.7001953125,1044
2026-05-01 10:30:00+00:00,4577.89990234375,4587.39990234375,4576.89990234375,4582.89990234375,1160
2026-05-01 11:00:00+00:00,4582.7998046875,4587.5,4573.0,4577.7998046875,1350
2026-05-01 11:30:00+00:00,4590.0,4590.60009765625,4581.2998046875,4582.60009765625,1334
2026-05-01 12:00:00+00:00,4614.2001953125,4619.2998046875,4586.0,4589.5,4509
2026-05-01 12:30:00+00:00,4602.10009765625,4614.7001953125,4600.10009765625,4614.5,3237
2026-05-01 13:00:00+00:00,4600.2001953125,4608.10009765625,4596.89990234375,4601.60009765625,2133
2026-05-01 13:30:00+00:00,4637.5,4640.89990234375,4597.2998046875,4600.2998046875,6090
2026-05-01 14:00:00+00:00,4656.2998046875,4673.0,4635.7998046875,4636.89990234375,10611
2026-05-01 14:30:00+00:00,4643.60009765625,4657.89990234375,4638.7998046875,4656.5,5001
2026-05-01 15:00:00+00:00,4647.2998046875,4652.0,4630.39990234375,4644.0,4532
2026-05-01 15:30:00+00:00,4654.39990234375,4659.2001953125,4643.5,4647.7998046875,4032
2026-05-01 16:00:00+00:00,4649.0,4661.2998046875,4648.89990234375,4654.0,2542
2026-05-01 16:30:00+00:00,4650.60009765625,4654.7998046875,4644.89990234375,4649.2001953125,1848
2026-05-01 17:00:00+00:00,4643.39990234375,4654.5,4642.5,4650.2001953125,3522
2026-05-01 17:30:00+00:00,4641.2998046875,4646.89990234375,4638.39990234375,4643.39990234375,1984
2026-05-01 18:00:00+00:00,4635.5,4642.7998046875,4625.2998046875,4641.7001953125,2141
2026-05-01 18:30:00+00:00,4636.10009765625,4637.7998046875,4627.7998046875,4635.39990234375,1278
2026-05-01 19:00:00+00:00,4636.2998046875,4639.60009765625,4632.5,4636.2001953125,610
2026-05-01 19:30:00+00:00,4623.0,4636.2998046875,4621.0,4636.2998046875,2140
2026-05-01 20:00:00+00:00,4625.2998046875,4628.2001953125,4619.0,4623.0,828
2026-05-01 20:30:00+00:00,4644.5,4644.5,4621.89990234375,4625.10009765625,728
2026-05-03 22:00:00+00:00,4632.2998046875,4635.39990234375,4623.5,4633.2998046875,755
2026-05-03 22:30:00+00:00,4630.7001953125,4640.89990234375,4629.60009765625,4632.2001953125,715
2026-05-03 23:00:00+00:00,4628.2001953125,4632.39990234375,4622.39990234375,4630.0,553
2026-05-03 23:30:00+00:00,4625.0,4630.0,4622.89990234375,4628.10009765625,472
2026-05-04 00:00:00+00:00,4617.0,4627.89990234375,4612.5,4624.7998046875,1314
2026-05-04 00:30:00+00:00,4623.60009765625,4625.0,4616.0,4617.2998046875,713
2026-05-04 01:00:00+00:00,4605.7001953125,4625.39990234375,4605.39990234375,4624.7001953125,1326
2026-05-04 01:30:00+00:00,4624.2001953125,4624.89990234375,4603.7998046875,4605.39990234375,893
2026-05-04 02:00:00+00:00,4603.7998046875,4629.89990234375,4602.5,4624.0,1545
2026-05-04 02:30:00+00:00,4616.89990234375,4622.10009765625,4602.0,4603.7998046875,1285
2026-05-04 03:00:00+00:00,4620.89990234375,4623.0,4615.2998046875,4616.60009765625,809
2026-05-04 03:30:00+00:00,4627.7998046875,4627.89990234375,4609.60009765625,4620.39990234375,1584
2026-05-04 04:00:00+00:00,4619.2001953125,4626.5,4618.0,4626.5,931
2026-05-04 04:30:00+00:00,4616.60009765625,4624.2001953125,4615.7998046875,4619.2001953125,856
2026-05-04 05:00:00+00:00,4607.2998046875,4624.0,4606.39990234375,4616.0,1713
2026-05-04 05:30:00+00:00,4610.2001953125,4613.2001953125,4603.2998046875,4607.5,1267
2026-05-04 06:00:00+00:00,4605.2001953125,4611.89990234375,4598.89990234375,4610.10009765625,1579
2026-05-04 06:30:00+00:00,4599.7001953125,4606.7998046875,4594.5,4605.39990234375,1435
2026-05-04 07:00:00+00:00,4596.7001953125,4604.39990234375,4594.0,4599.2001953125,1175
2026-05-04 07:30:00+00:00,4589.7001953125,4601.89990234375,4588.60009765625,4596.7001953125,1311
2026-05-04 08:00:00+00:00,4586.10009765625,4592.10009765625,4584.7998046875,4589.89990234375,1905
2026-05-04 08:30:00+00:00,4587.5,4592.60009765625,4584.5,4585.89990234375,990
2026-05-04 09:00:00+00:00,4592.10009765625,4595.2998046875,4587.10009765625,4587.89990234375,979
2026-05-04 09:30:00+00:00,4586.0,4595.2998046875,4582.0,4592.2001953125,1050
2026-05-04 10:00:00+00:00,4555.60009765625,4586.89990234375,4535.0,4586.60009765625,8546
2026-05-04 10:30:00+00:00,4573.2001953125,4577.2001953125,4553.39990234375,4555.0,4077
2026-05-04 11:00:00+00:00,4573.2998046875,4581.7998046875,4571.7001953125,4573.5,2036
2026-05-04 11:30:00+00:00,4571.10009765625,4574.0,4562.39990234375,4572.7998046875,2930
2026-05-04 12:00:00+00:00,4579.7001953125,4590.39990234375,4570.39990234375,4571.2998046875,3250
2026-05-04 12:30:00+00:00,4579.2998046875,4586.5,4571.7998046875,4579.2998046875,2284
2026-05-04 13:00:00+00:00,4571.39990234375,4588.10009765625,4568.0,4579.60009765625,3278
2026-05-04 13:30:00+00:00,4575.0,4581.60009765625,4566.2998046875,4572.0,3545
2026-05-04 14:00:00+00:00,4582.89990234375,4593.60009765625,4564.39990234375,4574.89990234375,4520
2026-05-04 14:30:00+00:00,4572.7001953125,4594.7001953125,4570.60009765625,4582.39990234375,3512
2026-05-04 15:00:00+00:00,4548.10009765625,4577.89990234375,4524.2998046875,4572.7001953125,10627
2026-05-04 15:30:00+00:00,4531.60009765625,4553.7998046875,4520.60009765625,4548.7001953125,7686
2026-05-04 16:00:00+00:00,4525.39990234375,4537.10009765625,4510.10009765625,4531.39990234375,9663
2026-05-04 16:30:00+00:00,4520.39990234375,4529.39990234375,4517.2001953125,4525.2998046875,3477
2026-05-04 17:00:00+00:00,4534.10009765625,4541.7998046875,4520.89990234375,4521.10009765625,5654
2026-05-04 17:30:00+00:00,4532.5,4537.60009765625,4531.60009765625,4534.10009765625,1601
2026-05-04 18:00:00+00:00,4522.0,4535.2001953125,4519.7001953125,4532.89990234375,1746
2026-05-04 18:30:00+00:00,4526.2998046875,4526.2998046875,4520.39990234375,4522.10009765625,1298
2026-05-04 19:00:00+00:00,4531.89990234375,4535.7001953125,4521.0,4525.89990234375,2783
2026-05-04 19:30:00+00:00,4527.60009765625,4536.89990234375,4525.10009765625,4532.5,1970
2026-05-04 20:00:00+00:00,4524.7001953125,4528.0,4521.2998046875,4527.5,882
2026-05-04 20:30:00+00:00,4532.39990234375,4533.89990234375,4524.7001953125,4525.5,875
2026-05-04 22:00:00+00:00,4529.5,4535.89990234375,4527.60009765625,4534.0,408
2026-05-04 22:30:00+00:00,4527.0,4532.10009765625,4524.7998046875,4529.39990234375,404
2026-05-04 23:00:00+00:00,4530.2998046875,4531.0,4525.7001953125,4526.7998046875,511
2026-05-04 23:30:00+00:00,4528.10009765625,4530.7998046875,4526.0,4530.2001953125,321
2026-05-05 00:00:00+00:00,4526.39990234375,4537.89990234375,4522.7001953125,4528.60009765625,1679
2026-05-05 00:30:00+00:00,4538.89990234375,4540.10009765625,4525.2998046875,4525.7001953125,1066
2026-05-05 01:00:00+00:00,4546.89990234375,4549.2001953125,4534.5,4538.89990234375,1711
2026-05-05 01:30:00+00:00,4550.39990234375,4551.5,4543.2998046875,4547.2998046875,1012
2026-05-05 02:00:00+00:00,4551.10009765625,4552.0,4544.0,4550.5,906
2026-05-05 02:30:00+00:00,4548.2001953125,4556.39990234375,4548.0,4550.7998046875,1392
2026-05-05 03:00:00+00:00,4547.39990234375,4551.7001953125,4546.2998046875,4548.10009765625,692
2026-05-05 03:30:00+00:00,4544.7001953125,4548.39990234375,4541.39990234375,4547.0,785
2026-05-05 04:00:00+00:00,4539.0,4544.7998046875,4538.2998046875,4543.5,835
2026-05-05 04:30:00+00:00,4543.0,4545.7998046875,4537.0,4538.7998046875,814
2026-05-05 05:00:00+00:00,4549.2001953125,4554.7998046875,4540.39990234375,4543.0,1051
2026-05-05 05:30:00+00:00,4555.2998046875,4561.2001953125,4549.10009765625,4549.2001953125,1748
2026-05-05 06:00:00+00:00,4546.39990234375,4561.5,4543.2001953125,4555.2998046875,1965
2026-05-05 06:30:00+00:00,4557.5,4560.5,4546.0,4546.10009765625,1350
2026-05-05 07:00:00+00:00,4558.7001953125,4565.5,4557.2001953125,4557.89990234375,1486
2026-05-05 07:30:00+00:00,4555.39990234375,4568.10009765625,4553.2998046875,4558.7001953125,1818
2026-05-05 08:00:00+00:00,4560.7998046875,4564.5,4555.2001953125,4555.39990234375,1208
2026-05-05 08:30:00+00:00,4568.2001953125,4569.39990234375,4557.60009765625,4561.10009765625,2040
2026-05-05 09:00:00+00:00,4562.60009765625,4570.5,4562.5,4568.60009765625,1691
2026-05-05 09:30:00+00:00,4566.5,4568.2001953125,4561.10009765625,4562.60009765625,1814
2026-05-05 10:00:00+00:00,4558.10009765625,4567.2001953125,4557.2998046875,4566.7001953125,1140
2026-05-05 10:30:00+00:00,4554.10009765625,4564.5,4550.0,4558.7001953125,1646
2026-05-05 11:00:00+00:00,4566.5,4567.7998046875,4550.10009765625,4554.0,1730
2026-05-05 11:30:00+00:00,4572.89990234375,4575.5,4565.5,4566.2001953125,2136
2026-05-05 12:00:00+00:00,4584.10009765625,4585.2001953125,4564.2001953125,4572.7001953125,4355
2026-05-05 12:30:00+00:00,4574.7001953125,4585.39990234375,4572.0,4584.39990234375,2308
2026-05-05 13:00:00+00:00,4586.60009765625,4596.2001953125,4575.0,4575.0,6322
2026-05-05 13:30:00+00:00,4589.7998046875,4594.0,4582.10009765625,4587.39990234375,3338
2026-05-05 14:00:00+00:00,4594.89990234375,4597.5,4576.39990234375,4590.2998046875,7913
2026-05-05 14:30:00+00:00,4593.2998046875,4596.7998046875,4586.2998046875,4595.0,3341
2026-05-05 15:00:00+00:00,4590.39990234375,4595.10009765625,4586.10009765625,4593.60009765625,2332
2026-05-05 15:30:00+00:00,4579.39990234375,4592.2001953125,4579.2998046875,4590.2998046875,2044
2026-05-05 16:00:00+00:00,4570.89990234375,4579.89990234375,4567.2001953125,4579.39990234375,3691
2026-05-05 16:30:00+00:00,4572.10009765625,4573.7001953125,4564.60009765625,4571.0,2652
2026-05-05 17:00:00+00:00,4568.89990234375,4573.5,4563.7998046875,4571.7001953125,3744
2026-05-05 17:30:00+00:00,4570.2998046875,4573.60009765625,4566.39990234375,4569.2001953125,1342
2026-05-05 18:00:00+00:00,4572.89990234375,4576.2001953125,4569.10009765625,4570.5,1239
2026-05-05 18:30:00+00:00,4571.7001953125,4576.5,4568.0,4573.0,1152
2026-05-05 19:00:00+00:00,4567.0,4572.0,4565.5,4571.60009765625,909
2026-05-05 19:30:00+00:00,4566.0,4569.7001953125,4562.2998046875,4567.10009765625,1603
2026-05-05 20:00:00+00:00,4570.10009765625,4570.60009765625,4564.89990234375,4566.0,519
2026-05-05 20:30:00+00:00,4567.7998046875,4570.7998046875,4565.10009765625,4570.0,443
2026-05-05 22:00:00+00:00,4556.89990234375,4570.5,4556.10009765625,4569.2998046875,649
2026-05-05 22:30:00+00:00,4583.2001953125,4587.2001953125,4556.10009765625,4556.89990234375,1945
2026-05-05 23:00:00+00:00,4592.10009765625,4601.39990234375,4579.39990234375,4583.5,2081
2026-05-05 23:30:00+00:00,4604.5,4606.2001953125,4589.5,4592.0,1252
2026-05-06 00:00:00+00:00,4612.7998046875,4614.7001953125,4598.2998046875,4604.10009765625,2119
2026-05-06 00:30:00+00:00,4629.7998046875,4631.2001953125,4612.7001953125,4612.7001953125,2600
2026-05-06 01:00:00+00:00,4635.7998046875,4636.5,4620.39990234375,4629.89990234375,3385
2026-05-06 01:30:00+00:00,4636.39990234375,4639.7998046875,4631.2998046875,4635.7001953125,2128
2026-05-06 02:00:00+00:00,4640.5,4646.60009765625,4635.7998046875,4636.2001953125,2122
2026-05-06 02:30:00+00:00,4650.60009765625,4651.7998046875,4636.7998046875,4640.39990234375,2600
2026-05-06 03:00:00+00:00,4655.39990234375,4660.89990234375,4648.0,4650.60009765625,2690
2026-05-06 03:30:00+00:00,4653.5,4662.0,4652.2998046875,4655.2998046875,1996
2026-05-06 04:00:00+00:00,4663.2998046875,4664.39990234375,4653.2998046875,4653.60009765625,1701
2026-05-06 04:30:00+00:00,4660.0,4663.89990234375,4656.60009765625,4663.0,1735
2026-05-06 05:00:00+00:00,4661.2001953125,4667.5,4660.0,4660.0,1830
2026-05-06 05:30:00+00:00,4673.89990234375,4674.7998046875,4655.60009765625,4661.39990234375,3193
2026-05-06 06:00:00+00:00,4676.7001953125,4677.5,4667.7998046875,4673.89990234375,2620
2026-05-06 06:30:00+00:00,4679.5,4680.2001953125,4670.5,4676.7998046875,2750
2026-05-06 07:00:00+00:00,4677.7001953125,4681.39990234375,4668.5,4679.7998046875,4391
2026-05-06 07:30:00+00:00,4692.39990234375,4693.2001953125,4673.2001953125,4677.7998046875,4567
2026-05-06 08:00:00+00:00,4688.60009765625,4693.89990234375,4686.5,4692.7001953125,2852
2026-05-06 08:30:00+00:00,4712.0,4714.2998046875,4682.7998046875,4688.60009765625,6605
2026-05-06 09:00:00+00:00,4710.89990234375,4720.2001953125,4699.7001953125,4712.0,8012
2026-05-06 09:30:00+00:00,4713.39990234375,4717.2998046875,4705.60009765625,4710.5,3791
2026-05-06 10:00:00+00:00,4716.0,4717.39990234375,4707.39990234375,4713.2998046875,2919
2026-05-06 10:30:00+00:00,4729.60009765625,4734.60009765625,4715.7998046875,4716.0,6830
2026-05-06 11:00:00+00:00,4717.0,4732.7001953125,4717.0,4729.39990234375,4270
2026-05-06 11:30:00+00:00,4703.2998046875,4726.7998046875,4702.0,4717.2001953125,5147
2026-05-06 12:00:00+00:00,4694.60009765625,4704.7998046875,4671.0,4703.2998046875,9934
2026-05-06 12:30:00+00:00,4694.39990234375,4697.5,4687.7998046875,4694.60009765625,3944
2026-05-06 13:00:00+00:00,4695.7001953125,4703.39990234375,4679.5,4694.10009765625,6491
2026-05-06 13:30:00+00:00,4713.5,4719.2001953125,4691.2001953125,4695.7001953125,7080
2026-05-06 14:00:00+00:00,4717.0,4728.7001953125,4708.7998046875,4713.39990234375,8322
2026-05-06 14:30:00+00:00,4714.2001953125,4726.0,4711.7998046875,4717.2001953125,3465
2026-05-06 15:00:00+00:00,4706.5,4717.2998046875,4704.89990234375,4714.2001953125,3152
2026-05-06 15:30:00+00:00,4699.2998046875,4709.2998046875,4699.2001953125,4707.10009765625,2871
2026-05-06 16:00:00+00:00,4699.39990234375,4700.10009765625,4692.89990234375,4699.0,2515
2026-05-06 16:30:00+00:00,4694.0,4703.5,4690.60009765625,4699.2998046875,2667
2026-05-06 17:00:00+00:00,4693.7998046875,4699.10009765625,4690.60009765625,4693.89990234375,4549
2026-05-06 17:30:00+00:00,4694.7998046875,4695.5,4689.7998046875,4693.7001953125,1938
2026-05-06 18:00:00+00:00,4698.39990234375,4701.2998046875,4692.7001953125,4695.10009765625,1871
2026-05-06 18:30:00+00:00,4696.7998046875,4701.0,4695.60009765625,4698.60009765625,1261
2026-05-06 19:00:00+00:00,4709.2001953125,4711.2998046875,4697.10009765625,4697.10009765625,1719
2026-05-06 19:30:00+00:00,4703.0,4710.10009765625,4702.7998046875,4709.2001953125,2046
2026-05-06 20:00:00+00:00,4703.2998046875,4710.39990234375,4702.60009765625,4703.5,1203
2026-05-06 20:30:00+00:00,4703.10009765625,4703.89990234375,4695.7998046875,4703.7001953125,922
2026-05-06 22:00:00+00:00,4704.7001953125,4709.2001953125,4698.0,4702.2001953125,722
2026-05-06 22:30:00+00:00,4704.10009765625,4708.7998046875,4703.39990234375,4704.39990234375,613
2026-05-06 23:00:00+00:00,4702.39990234375,4707.7998046875,4699.2998046875,4703.7001953125,825
2026-05-06 23:30:00+00:00,4708.2001953125,4708.89990234375,4700.7001953125,4702.2001953125,561
2026-05-07 00:00:00+00:00,4701.5,4710.39990234375,4698.7998046875,4708.2998046875,1076
2026-05-07 00:30:00+00:00,4697.60009765625,4702.0,4694.2001953125,4701.60009765625,1392
2026-05-07 01:00:00+00:00,4713.2998046875,4725.7001953125,4694.0,4697.39990234375,3821
2026-05-07 01:30:00+00:00,4723.7001953125,4730.5,4711.2001953125,4713.2998046875,2741
2026-05-07 02:00:00+00:00,4710.7001953125,4727.2998046875,4710.10009765625,4723.39990234375,1596
2026-05-07 02:30:00+00:00,4716.0,4718.60009765625,4708.2001953125,4710.7001953125,967
2026-05-07 03:00:00+00:00,4713.0,4718.60009765625,4712.39990234375,4715.2001953125,689
2026-05-07 03:30:00+00:00,4709.0,4713.60009765625,4708.89990234375,4713.0,721
2026-05-07 04:00:00+00:00,4705.39990234375,4709.5,4703.2001953125,4707.7001953125,1456
2026-05-07 04:30:00+00:00,4705.10009765625,4707.7998046875,4700.39990234375,4705.2001953125,882
2026-05-07 05:00:00+00:00,4704.5,4709.7998046875,4703.10009765625,4705.0,753
2026-05-07 05:30:00+00:00,4709.39990234375,4715.39990234375,4703.2998046875,4704.39990234375,1556
2026-05-07 06:00:00+00:00,4726.0,4727.0,4709.5,4709.5,1894
2026-05-07 06:30:00+00:00,4748.60009765625,4759.39990234375,4724.7998046875,4725.7998046875,5974
2026-05-07 07:00:00+00:00,4749.2001953125,4760.5,4741.0,4747.7998046875,4001
2026-05-07 07:30:00+00:00,4752.5,4754.39990234375,4746.89990234375,4749.60009765625,2030
2026-05-07 08:00:00+00:00,4749.2998046875,4763.60009765625,4742.7001953125,4753.2001953125,4349
2026-05-07 08:30:00+00:00,4741.10009765625,4752.0,4740.89990234375,4750.2998046875,2311
2026-05-07 09:00:00+00:00,4745.39990234375,4748.7001953125,4732.0,4741.39990234375,3048
2026-05-07 09:30:00+00:00,4738.39990234375,4749.0,4735.2998046875,4745.2001953125,2394
2026-05-07 10:00:00+00:00,4741.89990234375,4745.7001953125,4736.0,4738.10009765625,1378
2026-05-07 10:30:00+00:00,4745.0,4749.60009765625,4737.39990234375,4741.7001953125,1650
2026-05-07 11:00:00+00:00,4742.10009765625,4746.5,4736.39990234375,4745.39990234375,1768
2026-05-07 11:30:00+00:00,4752.0,4753.0,4741.5,4741.89990234375,2371
2026-05-07 12:00:00+00:00,4747.5,4756.60009765625,4741.7001953125,4752.10009765625,4077
2026-05-07 12:30:00+00:00,4760.10009765625,4762.7001953125,4746.2998046875,4748.39990234375,4327
2026-05-07 13:00:00+00:00,4754.7998046875,4760.2001953125,4741.0,4760.2001953125,4808
2026-05-07 13:30:00+00:00,4756.5,4768.5,4747.2998046875,4754.60009765625,6772
2026-05-07 14:00:00+00:00,4766.60009765625,4769.89990234375,4751.10009765625,4756.0,6474
2026-05-07 14:30:00+00:00,4773.2998046875,4774.0,4757.7001953125,4767.0,6796
2026-05-07 15:00:00+00:00,4764.60009765625,4775.2001953125,4763.2998046875,4773.39990234375,5124
2026-05-07 15:30:00+00:00,4739.10009765625,4757.2001953125,4694.2998046875,4694.2998046875,7781
2026-05-07 16:00:00+00:00,4729.89990234375,4739.89990234375,4712.60009765625,4739.2998046875,8756
2026-05-07 16:30:00+00:00,4724.7998046875,4730.7998046875,4720.2001953125,4729.89990234375,2950
2026-05-07 17:00:00+00:00,4708.5,4729.5,4696.60009765625,4725.0,18825
2026-05-07 17:30:00+00:00,4721.10009765625,4722.10009765625,4702.89990234375,4708.5,6199
2026-05-07 18:00:00+00:00,4722.60009765625,4722.60009765625,4714.89990234375,4721.0,2599
2026-05-07 18:30:00+00:00,4719.10009765625,4725.5,4704.60009765625,4722.2001953125,3964
2026-05-07 19:00:00+00:00,4714.0,4722.5,4707.0,4719.60009765625,2034
2026-05-07 19:30:00+00:00,4712.89990234375,4721.60009765625,4712.2001953125,4714.5,2178
2026-05-07 20:00:00+00:00,4723.39990234375,4729.10009765625,4713.0,4713.0,1660
2026-05-07 20:30:00+00:00,4696.0,4725.7001953125,4693.2998046875,4722.7998046875,2408
2026-05-07 22:00:00+00:00,4702.7001953125,4708.5,4671.0,4682.5,1794
2026-05-07 22:30:00+00:00,4694.89990234375,4704.39990234375,4690.60009765625,4703.0,1134
2026-05-07 23:00:00+00:00,4705.39990234375,4707.2001953125,4693.89990234375,4694.39990234375,867
2026-05-07 23:30:00+00:00,4713.2001953125,4714.39990234375,4703.2998046875,4705.60009765625,762
2026-05-08 00:00:00+00:00,4705.7998046875,4718.5,4702.7001953125,4713.39990234375,1391
2026-05-08 00:30:00+00:00,4710.0,4716.7998046875,4705.0,4706.60009765625,1021
2026-05-08 01:00:00+00:00,4721.0,4728.2001953125,4709.10009765625,4710.10009765625,1959
2026-05-08 01:30:00+00:00,4731.2001953125,4734.2998046875,4713.2998046875,4721.60009765625,2508
2026-05-08 02:00:00+00:00,4729.7001953125,4741.39990234375,4726.60009765625,4731.10009765625,1676
2026-05-08 02:30:00+00:00,4721.7001953125,4731.7001953125,4715.39990234375,4730.0,1821
2026-05-08 03:00:00+00:00,4728.10009765625,4731.2001953125,4719.2998046875,4721.60009765625,876
2026-05-08 03:30:00+00:00,4729.0,4739.7998046875,4726.7001953125,4728.5,1376
2026-05-08 04:00:00+00:00,4725.89990234375,4731.89990234375,4722.0,4728.60009765625,1018
2026-05-08 04:30:00+00:00,4719.39990234375,4726.7001953125,4716.60009765625,4726.39990234375,1193
2026-05-08 05:00:00+00:00,4728.0,4728.89990234375,4718.2998046875,4719.60009765625,611
2026-05-08 05:30:00+00:00,4736.0,4740.0,4728.2001953125,4728.2001953125,1536
2026-05-08 06:00:00+00:00,4742.2998046875,4743.5,4721.10009765625,4736.5,2493
2026-05-08 06:30:00+00:00,4734.2998046875,4742.89990234375,4729.39990234375,4742.39990234375,1451
2026-05-08 07:00:00+00:00,4715.89990234375,4734.89990234375,4706.2001953125,4734.0,4106
2026-05-08 07:30:00+00:00,4717.39990234375,4722.60009765625,4710.5,4715.7998046875,2164
2026-05-08 08:00:00+00:00,4726.39990234375,4732.2998046875,4715.89990234375,4717.2001953125,1677
2026-05-08 08:30:00+00:00,4724.7998046875,4732.89990234375,4724.5,4726.2001953125,935
2026-05-08 09:00:00+00:00,4727.60009765625,4732.5,4723.10009765625,4725.39990234375,1305
2026-05-08 09:30:00+00:00,4721.60009765625,4728.2998046875,4716.89990234375,4727.5,1965
2026-05-08 10:00:00+00:00,4730.89990234375,4733.60009765625,4720.7001953125,4721.39990234375,977
2026-05-08 10:30:00+00:00,4729.39990234375,4737.7998046875,4725.2001953125,4730.60009765625,1615
2026-05-08 11:00:00+00:00,4734.2001953125,4737.0,4728.5,4730.10009765625,2166
2026-05-08 11:30:00+00:00,4727.5,4735.89990234375,4723.2001953125,4734.0,1340
2026-05-08 12:00:00+00:00,4720.0,4729.10009765625,4712.2001953125,4727.5,3116
2026-05-08 12:30:00+00:00,4734.10009765625,4741.60009765625,4709.60009765625,4720.0,7494
2026-05-08 13:00:00+00:00,4736.60009765625,4738.60009765625,4725.7001953125,4733.39990234375,4258
2026-05-08 13:30:00+00:00,4757.7998046875,4758.60009765625,4736.2998046875,4736.89990234375,9069
2026-05-08 14:00:00+00:00,4727.60009765625,4760.39990234375,4725.0,4757.7998046875,9091
2026-05-08 14:30:00+00:00,4725.7001953125,4735.2998046875,4723.10009765625,4727.2998046875,4132
2026-05-08 15:00:00+00:00,4723.10009765625,4730.7998046875,4713.89990234375,4725.7998046875,6343
2026-05-08 15:30:00+00:00,4716.60009765625,4725.0,4711.5,4723.10009765625,4077
2026-05-08 16:00:00+00:00,4727.2001953125,4727.2998046875,4715.0,4716.39990234375,2726
2026-05-08 16:30:00+00:00,4721.89990234375,4729.89990234375,4720.7001953125,4727.39990234375,1838
2026-05-08 17:00:00+00:00,4730.2001953125,4731.7998046875,4721.7001953125,4721.89990234375,8598
2026-05-08 17:30:00+00:00,4730.39990234375,4732.10009765625,4728.7001953125,4730.2998046875,2300
2026-05-08 18:00:00+00:00,4735.10009765625,4738.60009765625,4729.89990234375,4730.39990234375,2241
2026-05-08 18:30:00+00:00,4731.89990234375,4736.0,4729.2998046875,4735.0,783
2026-05-08 19:00:00+00:00,4733.2001953125,4735.2998046875,4730.60009765625,4731.5,557
2026-05-08 19:30:00+00:00,4733.39990234375,4736.39990234375,4731.2001953125,4733.2001953125,1429
2026-05-08 20:00:00+00:00,4727.0,4733.89990234375,4724.7001953125,4733.7998046875,952
2026-05-08 20:30:00+00:00,4730.7001953125,4730.7001953125,4723.2998046875,4726.7998046875,1123
2026-05-10 22:00:00+00:00,4702.89990234375,4704.5,4690.0,4696.7998046875,1162
2026-05-10 22:30:00+00:00,4700.10009765625,4703.5,4695.10009765625,4702.60009765625,985
2026-05-10 23:00:00+00:00,4703.60009765625,4705.89990234375,4697.2998046875,4700.0,910
2026-05-10 23:30:00+00:00,4700.2998046875,4707.5,4698.5,4703.60009765625,830
2026-05-11 00:00:00+00:00,4691.89990234375,4700.2998046875,4684.5,4699.89990234375,2136
2026-05-11 00:30:00+00:00,4692.5,4702.10009765625,4678.39990234375,4692.5,2915
2026-05-11 01:00:00+00:00,4707.89990234375,4714.10009765625,4683.5,4692.0,4146
2026-05-11 01:30:00+00:00,4694.2001953125,4710.2001953125,4688.5,4707.7001953125,2144
2026-05-11 02:00:00+00:00,4697.0,4701.39990234375,4686.89990234375,4694.7001953125,1870
2026-05-11 02:30:00+00:00,4690.0,4709.0,4684.7001953125,4697.39990234375,3255
2026-05-11 03:00:00+00:00,4697.5,4698.2998046875,4683.10009765625,4689.60009765625,1443
2026-05-11 03:30:00+00:00,4687.0,4698.2001953125,4684.60009765625,4697.5,1366
2026-05-11 04:00:00+00:00,4679.2998046875,4687.7001953125,4676.39990234375,4686.39990234375,1648
2026-05-11 04:30:00+00:00,4679.7998046875,4683.7001953125,4675.89990234375,4679.2998046875,970
2026-05-11 05:00:00+00:00,4678.5,4683.60009765625,4678.2998046875,4679.7998046875,1007
2026-05-11 05:30:00+00:00,4659.60009765625,4688.7998046875,4655.10009765625,4678.7998046875,5140
2026-05-11 06:00:00+00:00,4675.60009765625,4678.60009765625,4656.60009765625,4659.5,3468
2026-05-11 06:30:00+00:00,4686.7001953125,4688.7001953125,4675.5,4675.7001953125,2050
2026-05-11 07:00:00+00:00,4684.10009765625,4688.60009765625,4680.39990234375,4686.89990234375,1539
2026-05-11 07:30:00+00:00,4676.39990234375,4686.39990234375,4672.7998046875,4684.0,1762
2026-05-11 08:00:00+00:00,4679.60009765625,4687.5,4672.7998046875,4676.2998046875,2293
2026-05-11 08:30:00+00:00,4675.89990234375,4684.0,4675.2001953125,4679.5,1340
2026-05-11 09:00:00+00:00,4666.0,4678.39990234375,4665.2001953125,4675.60009765625,2237
2026-05-11 09:30:00+00:00,4665.2998046875,4673.5,4658.7001953125,4665.7998046875,4213
2026-05-11 10:00:00+00:00,4671.7001953125,4674.5,4664.5,4665.0,1587
2026-05-11 10:30:00+00:00,4672.2001953125,4675.89990234375,4668.7001953125,4671.7001953125,1408
2026-05-11 11:00:00+00:00,4680.60009765625,4681.0,4672.60009765625,4672.60009765625,1520
2026-05-11 11:30:00+00:00,4683.2998046875,4686.0,4677.7998046875,4680.2001953125,2250
2026-05-11 12:00:00+00:00,4699.5,4704.39990234375,4675.89990234375,4682.89990234375,5463
2026-05-11 12:30:00+00:00,4708.7001953125,4710.2001953125,4695.0,4699.60009765625,5537
2026-05-11 13:00:00+00:00,4737.89990234375,4745.60009765625,4707.2998046875,4708.89990234375,11328
2026-05-11 13:30:00+00:00,4745.7001953125,4758.39990234375,4737.5,4738.0,9988
2026-05-11 14:00:00+00:00,4734.5,4748.5,4728.0,4745.7001953125,7008
2026-05-11 14:30:00+00:00,4735.39990234375,4743.89990234375,4724.60009765625,4734.7998046875,6131
2026-05-11 15:00:00+00:00,4742.5,4748.10009765625,4732.2001953125,4735.2998046875,3274
2026-05-11 15:30:00+00:00,4741.7998046875,4744.5,4734.60009765625,4742.2998046875,2188
2026-05-11 16:00:00+00:00,4733.5,4743.2001953125,4732.2001953125,4742.0,2039
2026-05-11 16:30:00+00:00,4726.10009765625,4735.89990234375,4716.7998046875,4733.7998046875,5281
2026-05-11 17:00:00+00:00,4727.7001953125,4731.2998046875,4725.39990234375,4726.0,8140
2026-05-11 17:30:00+00:00,4733.0,4734.2001953125,4727.39990234375,4727.60009765625,1254
2026-05-11 18:00:00+00:00,4736.2001953125,4736.7998046875,4730.10009765625,4733.10009765625,1511
2026-05-11 18:30:00+00:00,4733.7998046875,4738.7998046875,4733.7998046875,4736.5,1089
2026-05-11 19:00:00+00:00,4733.89990234375,4737.60009765625,4731.7998046875,4734.2001953125,1271
2026-05-11 19:30:00+00:00,4743.5,4746.5,4732.0,4733.89990234375,3315
2026-05-11 20:00:00+00:00,4745.0,4747.7001953125,4739.5,4743.7001953125,980
2026-05-11 20:30:00+00:00,4745.60009765625,4748.5,4742.39990234375,4745.2998046875,722
2026-05-11 22:00:00+00:00,4749.2001953125,4753.7998046875,4745.2001953125,4745.2998046875,542
2026-05-11 22:30:00+00:00,4760.7001953125,4766.7998046875,4748.5,4749.10009765625,3301
2026-05-11 23:00:00+00:00,4762.7001953125,4764.60009765625,4755.2001953125,4760.5,1211
2026-05-11 23:30:00+00:00,4777.2001953125,4780.2998046875,4761.0,4762.5,4118
2026-05-12 00:00:00+00:00,4772.2998046875,4783.39990234375,4763.0,4776.7001953125,3436
2026-05-12 00:30:00+00:00,4759.2998046875,4774.0,4757.7998046875,4772.7998046875,1525
2026-05-12 01:00:00+00:00,4744.7998046875,4765.60009765625,4743.2998046875,4758.89990234375,3158
2026-05-12 01:30:00+00:00,4736.60009765625,4748.7998046875,4729.7998046875,4744.39990234375,2358
2026-05-12 02:00:00+00:00,4736.10009765625,4743.39990234375,4733.7998046875,4736.2998046875,1305
2026-05-12 02:30:00+00:00,4739.7998046875,4743.2001953125,4731.10009765625,4736.2998046875,1666
2026-05-12 03:00:00+00:00,4733.0,4742.39990234375,4732.0,4739.5,1386
2026-05-12 03:30:00+00:00,4729.0,4736.7998046875,4726.7998046875,4733.0,1210
2026-05-12 04:00:00+00:00,4731.39990234375,4739.60009765625,4729.10009765625,4729.10009765625,1230
2026-05-12 04:30:00+00:00,4723.10009765625,4735.7001953125,4720.10009765625,4731.5,1344
2026-05-12 05:00:00+00:00,4724.39990234375,4727.60009765625,4717.5,4722.5,2109
2026-05-12 05:30:00+00:00,4723.2001953125,4731.0,4718.60009765625,4724.2001953125,1827
2026-05-12 06:00:00+00:00,4704.2998046875,4722.60009765625,4702.89990234375,4722.60009765625,4053
2026-05-12 06:30:00+00:00,4705.39990234375,4713.0,4701.60009765625,4704.39990234375,2586
2026-05-12 07:00:00+00:00,4705.7998046875,4707.7998046875,4692.39990234375,4705.0,3017
2026-05-12 07:30:00+00:00,4707.7998046875,4711.7001953125,4703.2998046875,4705.89990234375,2026
2026-05-12 08:00:00+00:00,4710.7001953125,4714.7998046875,4704.60009765625,4707.5,1643
2026-05-12 08:30:00+00:00,4710.89990234375,4714.5,4705.7001953125,4710.7001953125,1014
2026-05-12 09:00:00+00:00,4707.2998046875,4711.39990234375,4705.10009765625,4710.7001953125,1302
2026-05-12 09:30:00+00:00,4707.60009765625,4713.2998046875,4702.2001953125,4707.2001953125,2388
2026-05-12 10:00:00+00:00,4708.2001953125,4716.7001953125,4706.89990234375,4708.0,2136
2026-05-12 10:30:00+00:00,4701.89990234375,4708.2001953125,4692.7998046875,4708.2001953125,2562
2026-05-12 11:00:00+00:00,4707.7998046875,4708.10009765625,4694.7001953125,4702.39990234375,2188
2026-05-12 11:30:00+00:00,4714.60009765625,4717.2001953125,4705.7998046875,4708.0,1725
2026-05-12 12:00:00+00:00,4704.7001953125,4716.2001953125,4702.7001953125,4714.5,3484
2026-05-12 12:30:00+00:00,4713.7998046875,4719.7998046875,4697.39990234375,4704.7998046875,5557
2026-05-12 13:00:00+00:00,4698.39990234375,4717.10009765625,4687.0,4713.60009765625,6720
2026-05-12 13:30:00+00:00,4687.0,4709.5,4684.5,4698.39990234375,6490
2026-05-12 14:00:00+00:00,4690.60009765625,4703.0,4683.39990234375,4686.5,5497
2026-05-12 14:30:00+00:00,4680.0,4695.7998046875,4676.0,4690.7001953125,5369
2026-05-12 15:00:00+00:00,4663.2998046875,4683.60009765625,4645.2001953125,4680.0,13459
2026-05-12 15:30:00+00:00,4673.10009765625,4677.2998046875,4661.2001953125,4663.60009765625,5451
2026-05-12 16:00:00+00:00,4675.5,4682.39990234375,4671.2998046875,4673.5,2924
2026-05-12 16:30:00+00:00,4678.10009765625,4681.60009765625,4672.10009765625,4675.5,1928
2026-05-12 17:00:00+00:00,4686.60009765625,4689.7998046875,4678.39990234375,4678.39990234375,7570
2026-05-12 17:30:00+00:00,4685.7001953125,4688.2998046875,4683.39990234375,4686.39990234375,3407
2026-05-12 18:00:00+00:00,4692.5,4695.0,4683.0,4685.7001953125,2355
2026-05-12 18:30:00+00:00,4703.0,4705.5,4692.10009765625,4692.10009765625,2587
2026-05-12 19:00:00+00:00,4710.7998046875,4712.0,4703.60009765625,4704.10009765625,1827
2026-05-12 19:30:00+00:00,4723.2001953125,4723.2998046875,4710.89990234375,4710.89990234375,2361
2026-05-12 20:00:00+00:00,4720.7001953125,4726.7001953125,4719.39990234375,4722.7998046875,1232
2026-05-12 20:30:00+00:00,4722.60009765625,4723.39990234375,4719.60009765625,4720.2998046875,532
2026-05-12 22:00:00+00:00,4725.2998046875,4729.5,4720.2998046875,4722.2998046875,716
2026-05-12 22:30:00+00:00,4724.60009765625,4730.2001953125,4723.2998046875,4724.7001953125,753
2026-05-12 23:00:00+00:00,4727.5,4731.60009765625,4723.5,4724.5,1658
2026-05-12 23:30:00+00:00,4724.7001953125,4731.2001953125,4723.0,4727.89990234375,1236
2026-05-13 00:00:00+00:00,4730.89990234375,4734.7998046875,4722.7001953125,4724.5,1694
2026-05-13 00:30:00+00:00,4723.0,4733.39990234375,4721.0,4730.0,1165
2026-05-13 01:00:00+00:00,4712.2001953125,4725.10009765625,4710.89990234375,4722.60009765625,2978
2026-05-13 01:30:00+00:00,4710.89990234375,4719.2001953125,4709.2001953125,4712.39990234375,1589
2026-05-13 02:00:00+00:00,4708.10009765625,4715.7001953125,4705.7001953125,4710.5,1733
2026-05-13 02:30:00+00:00,4700.60009765625,4708.7001953125,4696.0,4708.7001953125,2339
2026-05-13 03:00:00+00:00,4708.7001953125,4708.7998046875,4697.10009765625,4700.5,1411
2026-05-13 03:30:00+00:00,4703.0,4714.2998046875,4702.0,4708.39990234375,1618
2026-05-13 04:00:00+00:00,4709.39990234375,4711.2998046875,4703.39990234375,4704.5,723
2026-05-13 04:30:00+00:00,4707.89990234375,4711.39990234375,4705.2998046875,4709.7998046875,644
2026-05-13 05:00:00+00:00,4706.0,4715.7001953125,4705.7001953125,4707.5,864
2026-05-13 05:30:00+00:00,4711.39990234375,4713.7001953125,4701.2998046875,4706.2998046875,1600
2026-05-13 06:00:00+00:00,4716.39990234375,4723.10009765625,4710.89990234375,4711.7998046875,2204
2026-05-13 06:30:00+00:00,4709.7998046875,4721.7001953125,4706.89990234375,4716.5,2153
2026-05-13 07:00:00+00:00,4715.7001953125,4716.60009765625,4704.7998046875,4709.7998046875,2772
2026-05-13 07:30:00+00:00,4710.39990234375,4715.60009765625,4709.0,4715.0,1610
2026-05-13 08:00:00+00:00,4704.5,4712.0,4702.2001953125,4710.2998046875,1954
2026-05-13 08:30:00+00:00,4707.7001953125,4710.10009765625,4701.7998046875,4705.10009765625,1543
2026-05-13 09:00:00+00:00,4695.89990234375,4709.2001953125,4692.2998046875,4707.7998046875,3220
2026-05-13 09:30:00+00:00,4709.0,4709.0,4693.2998046875,4695.7998046875,2663
2026-05-13 10:00:00+00:00,4707.2001953125,4718.2001953125,4706.2001953125,4708.39990234375,1941
2026-05-13 10:30:00+00:00,4701.60009765625,4707.5,4701.0,4707.10009765625,1100
2026-05-13 11:00:00+00:00,4706.2001953125,4708.5,4698.60009765625,4701.7998046875,1224
2026-05-13 11:30:00+00:00,4705.2001953125,4713.89990234375,4705.2001953125,4706.5,1889
2026-05-13 12:00:00+00:00,4692.10009765625,4709.39990234375,4690.0,4704.89990234375,4138
2026-05-13 12:30:00+00:00,4690.7001953125,4695.2001953125,4682.0,4692.39990234375,5852
2026-05-13 13:00:00+00:00,4695.89990234375,4702.0,4690.5,4690.60009765625,3801
2026-05-13 13:30:00+00:00,4686.2001953125,4698.0,4676.0,4696.0,7257
2026-05-13 14:00:00+00:00,4691.2998046875,4692.60009765625,4679.7998046875,4686.2001953125,5329
2026-05-13 14:30:00+00:00,4686.7998046875,4698.2998046875,4684.2001953125,4691.0,4606
2026-05-13 15:00:00+00:00,4698.2001953125,4699.0,4686.0,4687.10009765625,2550
2026-05-13 15:30:00+00:00,4703.2998046875,4708.0,4694.10009765625,4698.10009765625,3547
2026-05-13 16:00:00+00:00,4714.7001953125,4717.89990234375,4702.7998046875,4703.0,5413
2026-05-13 16:30:00+00:00,4703.5,4715.7001953125,4702.89990234375,4714.7001953125,2884
2026-05-13 17:00:00+00:00,4706.2998046875,4709.2001953125,4703.60009765625,4703.7001953125,8704
2026-05-13 17:30:00+00:00,4693.39990234375,4706.60009765625,4692.60009765625,4706.5,2976
2026-05-13 18:00:00+00:00,4700.2001953125,4702.0,4692.5,4693.7998046875,2002
2026-05-13 18:30:00+00:00,4692.89990234375,4700.89990234375,4685.5,4699.60009765625,2128
2026-05-13 19:00:00+00:00,4695.0,4698.60009765625,4691.2998046875,4692.60009765625,824
2026-05-13 19:30:00+00:00,4696.10009765625,4697.10009765625,4691.7998046875,4695.2001953125,1319
2026-05-13 20:00:00+00:00,4699.39990234375,4701.39990234375,4693.7001953125,4696.0,591
2026-05-13 20:30:00+00:00,4697.10009765625,4701.2001953125,4695.7998046875,4699.39990234375,468
2026-05-13 22:00:00+00:00,4703.39990234375,4704.0,4695.5,4696.7998046875,480
2026-05-13 22:30:00+00:00,4706.39990234375,4707.2998046875,4702.0,4703.89990234375,548
2026-05-13 23:00:00+00:00,4704.2998046875,4709.0,4703.2001953125,4706.2001953125,363
2026-05-13 23:30:00+00:00,4703.5,4704.39990234375,4699.7001953125,4703.5,469
2026-05-14 00:00:00+00:00,4708.0,4712.89990234375,4696.2001953125,4703.10009765625,1141
2026-05-14 00:30:00+00:00,4712.0,4713.7001953125,4699.60009765625,4709.0,979
2026-05-14 01:00:00+00:00,4698.89990234375,4714.0,4690.7001953125,4712.2001953125,2488
2026-05-14 01:30:00+00:00,4695.0,4701.7998046875,4690.2001953125,4699.0,1331
2026-05-14 02:00:00+00:00,4700.10009765625,4701.10009765625,4693.10009765625,4695.5,851
2026-05-14 02:30:00+00:00,4692.7001953125,4706.5,4686.0,4700.2998046875,1614
2026-05-14 03:00:00+00:00,4697.2001953125,4699.39990234375,4687.5,4692.7998046875,1574
2026-05-14 03:30:00+00:00,4680.7998046875,4697.5,4679.2998046875,4697.10009765625,1276
2026-05-14 04:00:00+00:00,4708.5,4713.5,4673.2001953125,4680.7998046875,3629
2026-05-14 04:30:00+00:00,4709.2001953125,4719.7001953125,4707.2998046875,4708.39990234375,1969
2026-05-14 05:00:00+00:00,4700.7998046875,4711.2001953125,4700.0,4709.5,995
2026-05-14 05:30:00+00:00,4696.2998046875,4710.2001953125,4696.0,4700.2001953125,1590
2026-05-14 06:00:00+00:00,4698.10009765625,4701.39990234375,4692.7001953125,4696.2001953125,1650
2026-05-14 06:30:00+00:00,4707.2001953125,4709.2998046875,4697.2998046875,4698.10009765625,1594
2026-05-14 07:00:00+00:00,4711.89990234375,4713.2001953125,4701.2001953125,4706.7001953125,1644
2026-05-14 07:30:00+00:00,4700.10009765625,4725.7998046875,4697.7001953125,4712.2998046875,4148
2026-05-14 08:00:00+00:00,4710.5,4711.7001953125,4698.89990234375,4699.5,2036
2026-05-14 08:30:00+00:00,4700.2998046875,4713.60009765625,4699.7998046875,4710.2998046875,1331
2026-05-14 09:00:00+00:00,4697.2998046875,4704.7001953125,4696.0,4699.7998046875,1248
2026-05-14 09:30:00+00:00,4706.10009765625,4709.2998046875,4694.60009765625,4697.10009765625,1515
2026-05-14 10:00:00+00:00,4704.10009765625,4711.89990234375,4700.2001953125,4706.0,1111
2026-05-14 10:30:00+00:00,4704.10009765625,4704.39990234375,4698.0,4704.2998046875,1405
2026-05-14 11:00:00+00:00,4698.2001953125,4705.39990234375,4695.89990234375,4703.5,1234
2026-05-14 11:30:00+00:00,4700.39990234375,4711.60009765625,4697.10009765625,4698.5,1868
2026-05-14 12:00:00+00:00,4709.10009765625,4714.5,4698.39990234375,4700.2001953125,3761
2026-05-14 12:30:00+00:00,4711.7998046875,4716.89990234375,4702.60009765625,4710.0,3602
2026-05-14 13:00:00+00:00,4694.5,4715.2001953125,4694.2001953125,4712.2001953125,3431
2026-05-14 13:30:00+00:00,4685.2001953125,4696.7998046875,4671.2998046875,4694.60009765625,9874
2026-05-14 14:00:00+00:00,4697.7001953125,4707.2998046875,4683.0,4685.0,7157
2026-05-14 14:30:00+00:00,4685.7001953125,4698.7998046875,4685.2998046875,4697.7001953125,2294
2026-05-14 15:00:00+00:00,4692.0,4695.7998046875,4683.0,4685.60009765625,2454
2026-05-14 15:30:00+00:00,4691.89990234375,4695.2001953125,4686.7001953125,4691.7998046875,1926
2026-05-14 16:00:00+00:00,4683.2001953125,4693.5,4680.2998046875,4692.10009765625,2760
2026-05-14 16:30:00+00:00,4684.7998046875,4685.39990234375,4676.10009765625,4683.5,2364
2026-05-14 17:00:00+00:00,4683.60009765625,4689.60009765625,4683.10009765625,4684.39990234375,4133
2026-05-14 17:30:00+00:00,4684.2001953125,4687.89990234375,4682.7001953125,4683.7001953125,1412
2026-05-14 18:00:00+00:00,4679.2998046875,4684.5,4674.5,4684.5,2707
2026-05-14 18:30:00+00:00,4677.2998046875,4680.60009765625,4672.5,4679.5,1230
2026-05-14 19:00:00+00:00,4668.89990234375,4677.39990234375,4667.60009765625,4677.39990234375,1823
2026-05-14 19:30:00+00:00,4659.5,4670.7998046875,4658.0,4668.7001953125,3873
2026-05-14 20:00:00+00:00,4653.0,4663.0,4651.7001953125,4659.60009765625,1667
2026-05-14 20:30:00+00:00,4655.39990234375,4658.0,4649.2998046875,4653.0,1137
2026-05-14 22:00:00+00:00,4662.89990234375,4663.7001953125,4651.0,4654.5,850
2026-05-14 22:30:00+00:00,4666.7001953125,4667.0,4662.7001953125,4663.2998046875,732
2026-05-14 23:00:00+00:00,4668.39990234375,4668.7001953125,4659.89990234375,4666.39990234375,1217
2026-05-14 23:30:00+00:00,4656.7001953125,4670.10009765625,4651.0,4668.10009765625,1775
2026-05-15 00:00:00+00:00,4634.60009765625,4662.7998046875,4629.10009765625,4656.39990234375,3930
2026-05-15 00:30:00+00:00,4635.10009765625,4636.0,4618.2998046875,4634.60009765625,4856
2026-05-15 01:00:00+00:00,4613.60009765625,4636.7001953125,4612.2998046875,4635.0,4255
2026-05-15 01:30:00+00:00,4617.89990234375,4628.7001953125,4611.0,4612.7998046875,3083
2026-05-15 02:00:00+00:00,4616.7001953125,4623.2998046875,4613.5,4617.89990234375,1951
2026-05-15 02:30:00+00:00,4621.89990234375,4627.39990234375,4613.5,4616.2001953125,1587
2026-05-15 03:00:00+00:00,4616.5,4626.5,4613.39990234375,4621.60009765625,2090
2026-05-15 03:30:00+00:00,4619.7998046875,4622.10009765625,4611.2998046875,4617.60009765625,1338
2026-05-15 04:00:00+00:00,4614.89990234375,4625.89990234375,4611.5,4619.2998046875,1488
2026-05-15 04:30:00+00:00,4610.0,4619.2001953125,4608.2001953125,4615.2001953125,1312
2026-05-15 05:00:00+00:00,4592.7998046875,4610.60009765625,4584.89990234375,4610.0,5315
2026-05-15 05:30:00+00:00,4562.89990234375,4594.2998046875,4560.10009765625,4592.7001953125,6642
2026-05-15 06:00:00+00:00,4579.2001953125,4582.39990234375,4560.5,4562.39990234375,5099
2026-05-15 06:30:00+00:00,4574.5,4585.39990234375,4568.60009765625,4579.0,3388
2026-05-15 07:00:00+00:00,4586.89990234375,4593.7998046875,4569.7998046875,4573.89990234375,4855
2026-05-15 07:30:00+00:00,4575.7001953125,4587.5,4573.39990234375,4586.0,3308
2026-05-15 08:00:00+00:00,4562.5,4576.89990234375,4556.7998046875,4575.60009765625,5013
2026-05-15 08:30:00+00:00,4558.89990234375,4568.60009765625,4553.2001953125,4562.10009765625,3710
2026-05-15 09:00:00+00:00,4556.7998046875,4568.2001953125,4543.10009765625,4559.0,4793
2026-05-15 09:30:00+00:00,4549.7998046875,4559.7001953125,4535.39990234375,4557.10009765625,4278
2026-05-15 10:00:00+00:00,4555.7998046875,4567.60009765625,4548.0,4549.89990234375,3904
2026-05-15 10:30:00+00:00,4570.2001953125,4577.0,4553.60009765625,4555.89990234375,4140
2026-05-15 11:00:00+00:00,4566.7001953125,4574.7998046875,4563.39990234375,4570.5,2318
2026-05-15 11:30:00+00:00,4555.89990234375,4567.0,4554.0,4567.0,2696
2026-05-15 12:00:00+00:00,4559.7001953125,4562.7001953125,4549.0,4556.0,4770
2026-05-15 12:30:00+00:00,4550.2001953125,4559.7998046875,4546.2998046875,4558.60009765625,3844
2026-05-15 13:00:00+00:00,4553.2001953125,4561.89990234375,4539.89990234375,4550.10009765625,6182
2026-05-15 13:30:00+00:00,4537.2998046875,4555.2998046875,4513.7998046875,4553.2001953125,12912
2026-05-15 14:00:00+00:00,4559.7001953125,4567.10009765625,4529.2998046875,4536.89990234375,9212
2026-05-15 14:30:00+00:00,4566.7998046875,4570.89990234375,4550.2001953125,4560.0,4423
2026-05-15 15:00:00+00:00,4551.10009765625,4568.0,4546.7001953125,4567.2998046875,4136
2026-05-15 15:30:00+00:00,4543.7998046875,4554.5,4538.0,4551.0,3652
2026-05-15 16:00:00+00:00,4544.7998046875,4546.7001953125,4533.2001953125,4543.7998046875,3497
2026-05-15 16:30:00+00:00,4548.7001953125,4552.39990234375,4544.2998046875,4545.39990234375,2182
2026-05-15 17:00:00+00:00,4561.7998046875,4568.7001953125,4547.2001953125,4548.5,5461
2026-05-15 17:30:00+00:00,4564.0,4568.0,4561.5,4561.7001953125,1912
2026-05-15 18:00:00+00:00,4562.39990234375,4567.2998046875,4557.2001953125,4564.2998046875,1728
2026-05-15 18:30:00+00:00,4563.39990234375,4567.0,4556.5,4562.5,1076
2026-05-15 19:00:00+00:00,4554.2998046875,4564.2001953125,4552.7001953125,4563.89990234375,1744
2026-05-15 19:30:00+00:00,4549.7998046875,4559.2998046875,4548.89990234375,4554.39990234375,1947
2026-05-15 20:00:00+00:00,4542.89990234375,4550.7001953125,4537.0,4550.2001953125,1318
2026-05-15 20:30:00+00:00,4561.89990234375,4561.89990234375,4540.5,4543.39990234375,740
2026-05-17 22:00:00+00:00,4545.60009765625,4558.60009765625,4541.39990234375,4557.39990234375,904
2026-05-17 22:30:00+00:00,4549.7001953125,4558.0,4544.7001953125,4544.7001953125,1234
2026-05-17 23:00:00+00:00,4541.39990234375,4551.39990234375,4541.2001953125,4550.2001953125,754
2026-05-17 23:30:00+00:00,4540.89990234375,4547.39990234375,4535.10009765625,4540.89990234375,1157
2026-05-18 00:00:00+00:00,4519.0,4546.0,4517.39990234375,4541.0,2290
2026-05-18 00:30:00+00:00,4518.5,4522.2001953125,4483.5,4518.60009765625,7519
2026-05-18 01:00:00+00:00,4507.5,4519.2998046875,4492.10009765625,4518.10009765625,4820
2026-05-18 01:30:00+00:00,4527.89990234375,4538.60009765625,4502.5,4505.2998046875,3952
2026-05-18 02:00:00+00:00,4536.7998046875,4544.0,4524.89990234375,4527.89990234375,2580
2026-05-18 02:30:00+00:00,4536.39990234375,4545.89990234375,4532.0,4536.2001953125,1796
2026-05-18 03:00:00+00:00,4538.60009765625,4541.2998046875,4530.0,4537.0,1579
2026-05-18 03:30:00+00:00,4546.7998046875,4551.39990234375,4528.0,4539.2998046875,2740
2026-05-18 04:00:00+00:00,4535.89990234375,4553.7998046875,4533.39990234375,4545.2001953125,2841
2026-05-18 04:30:00+00:00,4544.2001953125,4549.39990234375,4535.5,4535.89990234375,2364
2026-05-18 05:00:00+00:00,4552.39990234375,4554.2998046875,4536.39990234375,4544.7998046875,2893
2026-05-18 05:30:00+00:00,4534.60009765625,4556.0,4533.60009765625,4552.5,2410
2026-05-18 06:00:00+00:00,4541.10009765625,4551.39990234375,4533.10009765625,4534.2998046875,4111
2026-05-18 06:30:00+00:00,4550.5,4551.7998046875,4538.2998046875,4541.10009765625,2812
2026-05-18 07:00:00+00:00,4554.60009765625,4555.2001953125,4541.60009765625,4551.0,2561
2026-05-18 07:30:00+00:00,4550.0,4564.0,4543.5,4554.7001953125,3199
2026-05-18 08:00:00+00:00,4551.2001953125,4555.5,4546.0,4550.0,1922
2026-05-18 08:30:00+00:00,4553.7998046875,4560.89990234375,4549.39990234375,4551.5,2068
2026-05-18 09:00:00+00:00,4549.0,4555.7001953125,4544.89990234375,4553.89990234375,1618
2026-05-18 09:30:00+00:00,4547.0,4550.2998046875,4543.7998046875,4548.7001953125,2077
2026-05-18 10:00:00+00:00,4543.2998046875,4548.7001953125,4539.2998046875,4546.39990234375,1785
2026-05-18 10:30:00+00:00,4543.39990234375,4551.39990234375,4535.60009765625,4543.0,2201
2026-05-18 11:00:00+00:00,4539.60009765625,4545.2998046875,4533.5,4543.5,2494
2026-05-18 11:30:00+00:00,4554.2001953125,4571.89990234375,4539.2001953125,4539.2001953125,7252
2026-05-18 12:00:00+00:00,4554.39990234375,4560.5,4548.7998046875,4554.39990234375,3470
2026-05-18 12:30:00+00:00,4575.2001953125,4579.39990234375,4553.7001953125,4554.0,5891
2026-05-18 13:00:00+00:00,4575.60009765625,4581.5,4565.39990234375,4575.39990234375,5736
2026-05-18 13:30:00+00:00,4579.89990234375,4588.60009765625,4567.5,4576.10009765625,7242
2026-05-18 14:00:00+00:00,4566.2001953125,4579.89990234375,4557.2001953125,4579.89990234375,6749
2026-05-18 14:30:00+00:00,4550.7998046875,4567.5,4542.10009765625,4565.60009765625,8385
2026-05-18 15:00:00+00:00,4539.39990234375,4552.39990234375,4536.2001953125,4551.0,4976
2026-05-18 15:30:00+00:00,4547.7001953125,4551.2998046875,4538.10009765625,4538.7001953125,2715
2026-05-18 16:00:00+00:00,4541.2001953125,4555.0,4537.60009765625,4548.60009765625,5852
2026-05-18 16:30:00+00:00,4554.39990234375,4558.7001953125,4538.2998046875,4540.89990234375,4580
2026-05-18 17:00:00+00:00,4558.2998046875,4562.5,4551.60009765625,4554.2998046875,3804
2026-05-18 17:30:00+00:00,4551.39990234375,4558.39990234375,4549.7998046875,4558.0,1792
2026-05-18 18:00:00+00:00,4546.39990234375,4552.39990234375,4540.2998046875,4551.2998046875,1863
2026-05-18 18:30:00+00:00,4539.7998046875,4548.2001953125,4538.2998046875,4545.89990234375,1769
2026-05-18 19:00:00+00:00,4556.0,4569.5,4539.10009765625,4539.89990234375,4511
2026-05-18 19:30:00+00:00,4562.89990234375,4567.39990234375,4554.39990234375,4556.0,2191
2026-05-18 20:00:00+00:00,4567.2998046875,4571.60009765625,4562.39990234375,4563.2998046875,859
2026-05-18 20:30:00+00:00,4570.7998046875,4571.2001953125,4566.2001953125,4568.0,464
2026-05-18 22:00:00+00:00,4576.89990234375,4578.7001953125,4570.60009765625,4570.60009765625,633
2026-05-18 22:30:00+00:00,4578.2001953125,4582.2998046875,4575.60009765625,4577.10009765625,526
2026-05-18 23:00:00+00:00,4589.60009765625,4593.2001953125,4577.89990234375,4578.2001953125,1384
2026-05-18 23:30:00+00:00,4585.5,4591.7001953125,4582.60009765625,4589.7998046875,772
2026-05-19 00:00:00+00:00,4576.60009765625,4593.10009765625,4572.2001953125,4585.39990234375,2246
2026-05-19 00:30:00+00:00,4566.2998046875,4579.5,4564.7001953125,4577.2998046875,1608
2026-05-19 01:00:00+00:00,4561.7001953125,4572.5,4557.60009765625,4565.60009765625,2152
2026-05-19 01:30:00+00:00,4567.0,4575.39990234375,4558.2001953125,4562.0,1457
2026-05-19 02:00:00+00:00,4562.7998046875,4566.7001953125,4554.7001953125,4566.7001953125,2050
2026-05-19 02:30:00+00:00,4550.2998046875,4562.7998046875,4548.60009765625,4562.7001953125,1968
2026-05-19 03:00:00+00:00,4552.2998046875,4556.10009765625,4545.7998046875,4549.89990234375,1794
2026-05-19 03:30:00+00:00,4548.89990234375,4558.10009765625,4545.2001953125,4552.60009765625,1732
2026-05-19 04:00:00+00:00,4543.2998046875,4548.7998046875,4541.2998046875,4547.7998046875,1393
2026-05-19 04:30:00+00:00,4545.39990234375,4546.89990234375,4540.89990234375,4543.7998046875,654
2026-05-19 05:00:00+00:00,4541.7001953125,4549.89990234375,4533.89990234375,4545.60009765625,1711
2026-05-19 05:30:00+00:00,4543.7998046875,4547.2001953125,4535.7998046875,4541.7998046875,3044
2026-05-19 06:00:00+00:00,4551.0,4557.10009765625,4536.5,4543.7001953125,3336
2026-05-19 06:30:00+00:00,4551.2998046875,4556.39990234375,4546.2001953125,4549.7998046875,1974
2026-05-19 07:00:00+00:00,4551.5,4558.89990234375,4546.2998046875,4550.39990234375,2228
2026-05-19 07:30:00+00:00,4560.7001953125,4562.7001953125,4544.7001953125,4551.5,2672
2026-05-19 08:00:00+00:00,4541.7001953125,4562.5,4539.10009765625,4560.7001953125,3086
2026-05-19 08:30:00+00:00,4546.39990234375,4551.89990234375,4540.2998046875,4541.7001953125,2317
2026-05-19 09:00:00+00:00,4543.5,4550.0,4538.7998046875,4545.7998046875,1789
2026-05-19 09:30:00+00:00,4545.0,4548.39990234375,4539.60009765625,4543.60009765625,1840
2026-05-19 10:00:00+00:00,4543.2001953125,4545.89990234375,4538.60009765625,4544.5,1118
2026-05-19 10:30:00+00:00,4547.89990234375,4548.0,4528.60009765625,4544.2001953125,3417
2026-05-19 11:00:00+00:00,4542.7001953125,4551.5,4539.10009765625,4547.7001953125,1930
2026-05-19 11:30:00+00:00,4534.0,4546.7001953125,4533.10009765625,4542.39990234375,1619
2026-05-19 12:00:00+00:00,4546.7001953125,4550.0,4530.2998046875,4533.7998046875,3561
2026-05-19 12:30:00+00:00,4541.60009765625,4550.89990234375,4539.0,4546.7001953125,2947
2026-05-19 13:00:00+00:00,4494.39990234375,4541.0,4493.0,4540.39990234375,14168
2026-05-19 13:30:00+00:00,4506.7001953125,4513.89990234375,4467.10009765625,4494.7001953125,21008
2026-05-19 14:00:00+00:00,4492.7001953125,4517.0,4487.0,4506.60009765625,9992
2026-05-19 14:30:00+00:00,4496.89990234375,4501.89990234375,4489.2001953125,4493.0,6534
2026-05-19 15:00:00+00:00,4503.0,4508.60009765625,4492.7998046875,4497.89990234375,4003
2026-05-19 15:30:00+00:00,4511.7001953125,4512.89990234375,4501.39990234375,4502.0,3385
2026-05-19 16:00:00+00:00,4512.2001953125,4515.60009765625,4499.5,4512.0,3125
2026-05-19 16:30:00+00:00,4511.2001953125,4516.0,4508.2001953125,4512.5,1668
2026-05-19 17:00:00+00:00,4510.5,4514.60009765625,4506.7001953125,4511.0,3240
2026-05-19 17:30:00+00:00,4504.60009765625,4511.7998046875,4502.60009765625,4510.2998046875,1742
2026-05-19 18:00:00+00:00,4499.39990234375,4507.5,4498.60009765625,4504.5,1229
2026-05-19 18:30:00+00:00,4496.7998046875,4504.0,4493.10009765625,4499.2998046875,1198
2026-05-19 19:00:00+00:00,4490.0,4500.7001953125,4488.60009765625,4496.39990234375,1438
2026-05-19 19:30:00+00:00,4487.0,4493.2001953125,4484.7998046875,4490.60009765625,1972
2026-05-19 20:00:00+00:00,4489.39990234375,4491.89990234375,4484.2998046875,4486.89990234375,750
2026-05-19 20:30:00+00:00,4485.39990234375,4489.7001953125,4484.89990234375,4489.7001953125,735
2026-05-19 22:00:00+00:00,4482.2001953125,4488.60009765625,4480.7001953125,4486.60009765625,333
2026-05-19 22:30:00+00:00,4487.60009765625,4488.7998046875,4480.0,4482.2001953125,737
2026-05-19 23:00:00+00:00,4488.89990234375,4492.10009765625,4482.89990234375,4486.5,666
2026-05-19 23:30:00+00:00,4491.7998046875,4499.5,4488.39990234375,4489.39990234375,1792
2026-05-20 00:00:00+00:00,4504.7998046875,4505.0,4482.2001953125,4492.2001953125,2146
2026-05-20 00:30:00+00:00,4503.89990234375,4512.0,4500.89990234375,4505.0,1386
2026-05-20 01:00:00+00:00,4476.0,4509.2998046875,4475.60009765625,4503.7998046875,2599
2026-05-20 01:30:00+00:00,4484.2998046875,4490.89990234375,4458.0,4476.60009765625,4625
2026-05-20 02:00:00+00:00,4483.7998046875,4489.60009765625,4478.60009765625,4484.0,1687
2026-05-20 02:30:00+00:00,4467.2001953125,4485.7001953125,4460.60009765625,4483.60009765625,2806
2026-05-20 03:00:00+00:00,4463.10009765625,4469.2001953125,4455.0,4467.39990234375,2456
2026-05-20 03:30:00+00:00,4467.10009765625,4468.2998046875,4459.7001953125,4463.89990234375,1349
2026-05-20 04:00:00+00:00,4467.10009765625,4472.5,4464.0,4465.7998046875,1316
2026-05-20 04:30:00+00:00,4464.2001953125,4467.7001953125,4458.60009765625,4467.39990234375,1008
2026-05-20 05:00:00+00:00,4470.60009765625,4477.89990234375,4463.7998046875,4464.0,1511
2026-05-20 05:30:00+00:00,4475.2001953125,4481.7998046875,4465.2001953125,4470.89990234375,1964
2026-05-20 06:00:00+00:00,4474.39990234375,4480.7001953125,4469.7998046875,4474.7998046875,2247
2026-05-20 06:30:00+00:00,4476.7001953125,4481.10009765625,4463.60009765625,4474.2001953125,2549
2026-05-20 07:00:00+00:00,4485.10009765625,4487.7998046875,4474.5,4476.39990234375,2683
2026-05-20 07:30:00+00:00,4480.89990234375,4488.7001953125,4477.5,4485.39990234375,2962
2026-05-20 08:00:00+00:00,4489.39990234375,4489.39990234375,4479.10009765625,4481.10009765625,2733
2026-05-20 08:30:00+00:00,4486.5,4492.7998046875,4479.10009765625,4489.2998046875,2498
2026-05-20 09:00:00+00:00,4476.39990234375,4488.7001953125,4475.2001953125,4486.2001953125,4477
2026-05-20 09:30:00+00:00,4487.5,4494.2001953125,4475.10009765625,4476.5,3564
2026-05-20 10:00:00+00:00,4491.7001953125,4495.5,4487.2998046875,4487.5,3003
2026-05-20 10:30:00+00:00,4497.10009765625,4499.7998046875,4491.10009765625,4491.39990234375,2093
2026-05-20 11:00:00+00:00,4502.7998046875,4503.7001953125,4493.7001953125,4497.5,1927
2026-05-20 11:30:00+00:00,4501.2001953125,4502.7001953125,4493.10009765625,4502.10009765625,3391
2026-05-20 12:00:00+00:00,4502.2998046875,4503.60009765625,4495.2998046875,4501.0,2988
2026-05-20 12:30:00+00:00,4499.0,4508.10009765625,4496.5,4502.2998046875,6978
2026-05-20 13:00:00+00:00,4491.89990234375,4509.0,4491.7001953125,4499.0,6355
2026-05-20 13:30:00+00:00,4485.7001953125,4495.7998046875,4484.60009765625,4491.7998046875,5256
2026-05-20 14:00:00+00:00,4509.5,4514.10009765625,4469.10009765625,4485.5,15425
2026-05-20 14:30:00+00:00,4534.39990234375,4540.5,4509.89990234375,4509.89990234375,10942
2026-05-20 15:00:00+00:00,4533.0,4558.39990234375,4526.5,4534.7998046875,10468
2026-05-20 15:30:00+00:00,4532.10009765625,4542.7998046875,4530.39990234375,4532.2998046875,4364
2026-05-20 16:00:00+00:00,4529.2998046875,4538.7998046875,4527.10009765625,4532.10009765625,3343
2026-05-20 16:30:00+00:00,4537.5,4538.7998046875,4527.39990234375,4529.2001953125,3465
2026-05-20 17:00:00+00:00,4535.5,4542.0,4534.2001953125,4537.7001953125,4424
2026-05-20 17:30:00+00:00,4535.10009765625,4539.7001953125,4533.0,4535.7998046875,1973
2026-05-20 18:00:00+00:00,4538.60009765625,4540.0,4532.2998046875,4534.60009765625,1218
2026-05-20 18:30:00+00:00,4545.60009765625,4548.5,4538.39990234375,4538.60009765625,2325
2026-05-20 19:00:00+00:00,4548.10009765625,4549.2998046875,4544.89990234375,4545.7998046875,1052
2026-05-20 19:30:00+00:00,4548.10009765625,4553.7998046875,4547.60009765625,4548.2998046875,2392
2026-05-20 20:00:00+00:00,4548.60009765625,4553.2001953125,4545.7998046875,4548.39990234375,1347
2026-05-20 20:30:00+00:00,4546.2001953125,4549.10009765625,4544.5,4549.0,935
2026-05-20 22:00:00+00:00,4540.10009765625,4549.89990234375,4536.0,4548.0,919
2026-05-20 22:30:00+00:00,4541.2001953125,4545.60009765625,4538.2001953125,4540.5,1077
2026-05-20 23:00:00+00:00,4539.39990234375,4544.7001953125,4535.60009765625,4540.89990234375,620
2026-05-20 23:30:00+00:00,4548.0,4548.60009765625,4538.89990234375,4539.60009765625,754
2026-05-21 00:00:00+00:00,4545.2001953125,4554.60009765625,4538.7001953125,4548.2998046875,1679
2026-05-21 00:30:00+00:00,4547.0,4550.2001953125,4541.39990234375,4545.60009765625,503
2026-05-21 01:00:00+00:00,4569.10009765625,4570.2001953125,4541.39990234375,4548.0,3836
2026-05-21 01:30:00+00:00,4562.89990234375,4572.39990234375,4560.7001953125,4568.7001953125,2023
2026-05-21 02:00:00+00:00,4542.10009765625,4566.7998046875,4541.60009765625,4562.60009765625,2004
2026-05-21 02:30:00+00:00,4535.2998046875,4544.39990234375,4533.2001953125,4541.7998046875,1744
2026-05-21 03:00:00+00:00,4537.60009765625,4541.7001953125,4532.5,4534.60009765625,1045
2026-05-21 03:30:00+00:00,4529.89990234375,4539.0,4528.2998046875,4537.39990234375,1212
2026-05-21 04:00:00+00:00,4541.0,4541.39990234375,4528.39990234375,4529.39990234375,1102
2026-05-21 04:30:00+00:00,4540.0,4541.60009765625,4535.10009765625,4541.2001953125,527
2026-05-21 05:00:00+00:00,4524.0,4541.60009765625,4522.7998046875,4539.7998046875,1648
2026-05-21 05:30:00+00:00,4528.89990234375,4531.0,4519.0,4524.5,1605
2026-05-21 06:00:00+00:00,4534.10009765625,4541.2001953125,4527.5,4528.0,2651
2026-05-21 06:30:00+00:00,4523.10009765625,4536.10009765625,4520.0,4534.10009765625,2050
2026-05-21 07:00:00+00:00,4514.2001953125,4525.7998046875,4513.2001953125,4522.89990234375,1879
2026-05-21 07:30:00+00:00,4520.7998046875,4524.5,4513.2998046875,4514.2998046875,2812
2026-05-21 08:00:00+00:00,4536.7998046875,4538.2001953125,4519.2001953125,4520.89990234375,3260
2026-05-21 08:30:00+00:00,4534.2998046875,4536.89990234375,4528.10009765625,4536.89990234375,1853
2026-05-21 09:00:00+00:00,4538.39990234375,4543.89990234375,4533.0,4533.7001953125,2030
2026-05-21 09:30:00+00:00,4531.7001953125,4544.2001953125,4528.7998046875,4538.0,2235
2026-05-21 10:00:00+00:00,4519.2998046875,4537.60009765625,4511.39990234375,4531.60009765625,3465
2026-05-21 10:30:00+00:00,4511.89990234375,4519.39990234375,4505.7001953125,4519.2998046875,3709
2026-05-21 11:00:00+00:00,4515.2001953125,4522.5,4511.39990234375,4512.2998046875,1888
2026-05-21 11:30:00+00:00,4515.0,4518.2998046875,4508.7998046875,4515.2998046875,1117
2026-05-21 12:00:00+00:00,4507.5,4520.2001953125,4503.2998046875,4515.2001953125,2760
2026-05-21 12:30:00+00:00,4505.0,4519.10009765625,4501.39990234375,4507.5,8385
2026-05-21 13:00:00+00:00,4502.0,4513.7001953125,4496.0,4505.10009765625,5273
2026-05-21 13:30:00+00:00,4513.7001953125,4522.2998046875,4488.2998046875,4502.2001953125,9043
2026-05-21 14:00:00+00:00,4508.89990234375,4516.7001953125,4499.2001953125,4514.10009765625,13455
2026-05-21 14:30:00+00:00,4510.0,4512.7001953125,4503.10009765625,4508.89990234375,8619
2026-05-21 15:00:00+00:00,4504.60009765625,4517.0,4498.0,4510.5,7780
2026-05-21 15:30:00+00:00,4513.0,4513.89990234375,4503.7001953125,4504.39990234375,5933
2026-05-21 16:00:00+00:00,4517.7998046875,4522.39990234375,4513.10009765625,4513.2001953125,5595
2026-05-21 16:30:00+00:00,4520.7001953125,4521.89990234375,4516.7998046875,4517.7001953125,1779
2026-05-21 17:00:00+00:00,4543.39990234375,4548.10009765625,4515.0,4521.0,9647
2026-05-21 17:30:00+00:00,4553.10009765625,4561.2001953125,4540.2998046875,4543.2998046875,6512
2026-05-21 18:00:00+00:00,4549.89990234375,4557.7998046875,4544.5,4553.0,2600
2026-05-21 18:30:00+00:00,4533.7001953125,4551.10009765625,4528.60009765625,4549.7001953125,2974
2026-05-21 19:00:00+00:00,4540.2001953125,4543.5,4531.2998046875,4533.39990234375,1354
2026-05-21 19:30:00+00:00,4544.10009765625,4545.0,4535.5,4540.10009765625,1822
2026-05-21 20:00:00+00:00,4542.39990234375,4545.89990234375,4540.89990234375,4543.89990234375,686
2026-05-21 20:30:00+00:00,4544.2001953125,4544.7001953125,4540.7998046875,4542.5,1831
2026-05-21 22:00:00+00:00,4541.2001953125,4547.0,4540.39990234375,4544.2001953125,251
2026-05-21 22:30:00+00:00,4544.10009765625,4544.7001953125,4540.7998046875,4542.10009765625,209
2026-05-21 23:00:00+00:00,4541.2998046875,4545.7998046875,4535.60009765625,4544.39990234375,282
2026-05-21 23:30:00+00:00,4536.0,4540.7998046875,4532.7001953125,4540.7998046875,652
2026-05-22 00:00:00+00:00,4537.60009765625,4538.2998046875,4530.89990234375,4536.2001953125,610
2026-05-22 00:30:00+00:00,4528.39990234375,4541.89990234375,4526.5,4537.7998046875,1183
2026-05-22 01:00:00+00:00,4530.0,4537.2998046875,4524.10009765625,4527.60009765625,1390
2026-05-22 01:30:00+00:00,4526.7001953125,4533.5,4521.7001953125,4529.0,1138
2026-05-22 02:00:00+00:00,4525.39990234375,4530.39990234375,4522.39990234375,4526.89990234375,825
2026-05-22 02:30:00+00:00,4523.7998046875,4528.2001953125,4519.39990234375,4524.7998046875,1057
2026-05-22 03:00:00+00:00,4522.39990234375,4526.0,4519.7001953125,4523.89990234375,742
2026-05-22 03:30:00+00:00,4529.89990234375,4530.5,4522.2998046875,4522.7001953125,1147
2026-05-22 04:00:00+00:00,4533.2001953125,4533.7998046875,4528.39990234375,4530.60009765625,653
2026-05-22 04:30:00+00:00,4528.10009765625,4533.7998046875,4526.60009765625,4533.2001953125,499
2026-05-22 05:00:00+00:00,4527.39990234375,4530.5,4524.2998046875,4528.39990234375,678
2026-05-22 05:30:00+00:00,4512.39990234375,4535.39990234375,4508.2001953125,4526.39990234375,2306
2026-05-22 06:00:00+00:00,4525.89990234375,4527.0,4511.10009765625,4511.89990234375,2423
2026-05-22 06:30:00+00:00,4527.7001953125,4529.60009765625,4522.2998046875,4526.0,1844
2026-05-22 07:00:00+00:00,4526.2001953125,4528.2001953125,4521.60009765625,4527.2001953125,2066
2026-05-22 07:30:00+00:00,4522.7001953125,4526.5,4516.7001953125,4526.5,1528
2026-05-22 08:00:00+00:00,4527.39990234375,4531.89990234375,4522.5,4522.7001953125,2699
2026-05-22 08:30:00+00:00,4522.89990234375,4528.0,4516.89990234375,4528.0,1898
2026-05-22 09:00:00+00:00,4518.2001953125,4526.2998046875,4515.7998046875,4522.39990234375,2263
2026-05-22 09:30:00+00:00,4532.89990234375,4536.7001953125,4515.0,4518.10009765625,3040
2026-05-22 10:00:00+00:00,4525.7998046875,4537.60009765625,4525.39990234375,4532.89990234375,2528
2026-05-22 10:30:00+00:00,4515.5,4526.2001953125,4511.39990234375,4525.39990234375,3161
2026-05-22 11:00:00+00:00,4512.60009765625,4518.2001953125,4512.2998046875,4515.7001953125,1891
2026-05-22 11:30:00+00:00,4521.5,4525.7998046875,4512.0,4512.5,1637
2026-05-22 12:00:00+00:00,4522.60009765625,4537.39990234375,4519.0,4521.10009765625,4758
2026-05-22 12:30:00+00:00,4529.5,4529.7001953125,4515.7001953125,4522.7998046875,5667
2026-05-22 13:00:00+00:00,4522.89990234375,4535.7001953125,4521.60009765625,4529.60009765625,4246
2026-05-22 13:30:00+00:00,4514.5,4528.10009765625,4510.0,4522.60009765625,6083
2026-05-22 14:00:00+00:00,4499.10009765625,4515.0,4488.0,4514.5,9150
2026-05-22 14:30:00+00:00,4501.39990234375,4508.2998046875,4497.7998046875,4499.7001953125,5812
2026-05-22 15:00:00+00:00,4519.89990234375,4519.89990234375,4501.0,4501.60009765625,3933
2026-05-22 15:30:00+00:00,4521.0,4523.2001953125,4515.39990234375,4520.0,4004
2026-05-22 16:00:00+00:00,4525.39990234375,4526.0,4517.7001953125,4521.2998046875,2958
2026-05-22 16:30:00+00:00,4516.2998046875,4528.39990234375,4512.7998046875,4525.10009765625,2757
2026-05-22 17:00:00+00:00,4526.89990234375,4527.60009765625,4514.5,4516.5,5163
2026-05-22 17:30:00+00:00,4520.2001953125,4529.89990234375,4520.10009765625,4526.7998046875,2178
2026-05-22 18:00:00+00:00,4517.2001953125,4521.0,4513.5,4520.5,1669
2026-05-22 18:30:00+00:00,4517.0,4522.7001953125,4514.60009765625,4517.0,1739
2026-05-22 19:00:00+00:00,4508.7001953125,4517.7001953125,4508.0,4516.89990234375,1603
2026-05-22 19:30:00+00:00,4510.0,4512.60009765625,4505.60009765625,4509.10009765625,2114
2026-05-22 20:00:00+00:00,4511.89990234375,4511.89990234375,4505.89990234375,4510.10009765625,633
2026-05-22 20:30:00+00:00,4523.2001953125,4523.2001953125,4505.39990234375,4511.60009765625,988
2026-05-26 04:00:00+00:00,4533.0,4543.60009765625,4533.0,4542.7001953125,1167
2026-05-26 04:30:00+00:00,4526.10009765625,4533.7998046875,4523.89990234375,4533.2001953125,3291
2026-05-26 05:00:00+00:00,4531.7998046875,4531.89990234375,4523.39990234375,4525.7998046875,1144
2026-05-26 05:30:00+00:00,4527.7998046875,4535.60009765625,4524.0,4531.5,1929
2026-05-26 06:00:00+00:00,4530.7998046875,4536.7001953125,4527.39990234375,4527.89990234375,2513
2026-05-26 06:30:00+00:00,4531.7998046875,4534.5,4529.2001953125,4530.7001953125,2854
2026-05-26 07:00:00+00:00,4530.0,4534.60009765625,4522.2998046875,4531.89990234375,2587
2026-05-26 07:30:00+00:00,4538.60009765625,4539.89990234375,4521.7998046875,4530.10009765625,3150
2026-05-26 08:00:00+00:00,4522.89990234375,4539.60009765625,4520.7001953125,4539.0,4469
2026-05-26 08:30:00+00:00,4524.7001953125,4527.89990234375,4520.2001953125,4522.39990234375,3837
2026-05-26 09:00:00+00:00,4525.2001953125,4527.2001953125,4518.2001953125,4524.2998046875,3700
2026-05-26 09:30:00+00:00,4523.10009765625,4525.2998046875,4512.2998046875,4525.2998046875,4733
2026-05-26 10:00:00+00:00,4533.89990234375,4535.89990234375,4519.5,4523.0,5788
2026-05-26 10:30:00+00:00,4534.89990234375,4540.89990234375,4531.7998046875,4534.0,3783
2026-05-26 11:00:00+00:00,4523.7001953125,4537.0,4522.89990234375,4535.10009765625,4886
2026-05-26 11:30:00+00:00,4507.5,4524.0,4503.0,4523.89990234375,9963
2026-05-26 12:00:00+00:00,4506.2998046875,4515.89990234375,4503.7998046875,4507.10009765625,7224
2026-05-26 12:30:00+00:00,4520.7001953125,4524.2998046875,4500.2001953125,4506.2998046875,9503
2026-05-26 13:00:00+00:00,4522.7001953125,4528.5,4516.5,4520.60009765625,9225
2026-05-26 13:30:00+00:00,4514.60009765625,4532.2998046875,4512.60009765625,4523.0,10589
2026-05-26 14:00:00+00:00,4518.10009765625,4521.2998046875,4508.2998046875,4515.10009765625,11525
2026-05-26 14:30:00+00:00,4515.60009765625,4525.60009765625,4512.89990234375,4518.10009765625,5182
2026-05-26 15:00:00+00:00,4506.2001953125,4515.7998046875,4505.2001953125,4515.60009765625,6813
2026-05-26 15:30:00+00:00,4506.7001953125,4511.2998046875,4502.5,4506.7001953125,6659
2026-05-26 16:00:00+00:00,4508.60009765625,4509.39990234375,4499.2998046875,4506.5,4049
2026-05-26 16:30:00+00:00,4505.2001953125,4512.0,4503.10009765625,4508.7001953125,3523
2026-05-26 17:00:00+00:00,4501.39990234375,4508.89990234375,4500.7001953125,4504.89990234375,10299
2026-05-26 17:30:00+00:00,4490.0,4502.0,4487.39990234375,4501.60009765625,10637
2026-05-26 18:00:00+00:00,4495.10009765625,4495.60009765625,4480.0,4490.0,5550
2026-05-26 18:30:00+00:00,4498.7001953125,4499.2001953125,4493.7001953125,4494.60009765625,1414
2026-05-26 19:00:00+00:00,4502.10009765625,4505.0,4497.2001953125,4499.0,1860
2026-05-26 19:30:00+00:00,4508.7001953125,4509.7998046875,4500.39990234375,4502.0,2856
2026-05-26 20:00:00+00:00,4506.60009765625,4511.7998046875,4506.10009765625,4509.0,1369
2026-05-26 20:30:00+00:00,4507.2998046875,4510.5,4504.2998046875,4507.10009765625,736
2026-05-26 22:00:00+00:00,4505.7998046875,4510.89990234375,4503.2998046875,4507.39990234375,628
2026-05-26 22:30:00+00:00,4510.89990234375,4512.7001953125,4498.89990234375,4506.2998046875,586
2026-05-26 23:00:00+00:00,4511.7998046875,4514.10009765625,4504.7001953125,4512.2998046875,247
2026-05-26 23:30:00+00:00,4519.60009765625,4528.10009765625,4511.0,4512.0,1084
2026-05-27 00:00:00+00:00,4517.7998046875,4525.7998046875,4513.60009765625,4517.39990234375,331
2026-05-27 00:30:00+00:00,4514.60009765625,4521.7001953125,4514.60009765625,4517.5,399
2026-05-27 01:00:00+00:00,4515.39990234375,4520.2998046875,4512.10009765625,4516.7998046875,503
2026-05-27 01:30:00+00:00,4507.5,4516.2998046875,4506.2001953125,4514.39990234375,388
2026-05-27 02:00:00+00:00,4505.10009765625,4508.60009765625,4498.39990234375,4508.60009765625,407
2026-05-27 02:30:00+00:00,4505.2001953125,4506.39990234375,4497.7998046875,4505.10009765625,288
2026-05-27 03:00:00+00:00,4504.7998046875,4510.39990234375,4504.7001953125,4505.2998046875,189
2026-05-27 03:30:00+00:00,4496.2998046875,4505.5,4496.2001953125,4505.10009765625,218
2026-05-27 04:00:00+00:00,4499.39990234375,4502.10009765625,4494.7998046875,4496.0,296
2026-05-27 04:30:00+00:00,4509.2998046875,4516.2001953125,4496.89990234375,4498.2998046875,562
2026-05-27 05:00:00+00:00,4505.7998046875,4512.7998046875,4503.39990234375,4508.7998046875,780
2026-05-27 05:30:00+00:00,4496.5,4506.89990234375,4490.5,4506.7998046875,1023
2026-05-27 06:00:00+00:00,4486.5,4497.7998046875,4483.0,4496.39990234375,1420
2026-05-27 06:30:00+00:00,4484.5,4489.39990234375,4478.5,4485.5,1442
2026-05-27 07:00:00+00:00,4485.5,4488.10009765625,4479.5,4485.2998046875,1267
2026-05-27 07:30:00+00:00,4513.2001953125,4520.60009765625,4484.89990234375,4485.39990234375,23212
2026-05-27 08:00:00+00:00,4520.39990234375,4524.39990234375,4512.2001953125,4513.10009765625,3369
2026-05-27 08:30:00+00:00,4528.7001953125,4529.5,4517.2998046875,4520.10009765625,3241
2026-05-27 09:00:00+00:00,4521.2001953125,4528.7001953125,4519.89990234375,4528.5,4201
2026-05-27 09:30:00+00:00,4521.7998046875,4524.7001953125,4517.89990234375,4521.5,3060
2026-05-27 10:00:00+00:00,4508.2998046875,4522.2998046875,4507.7998046875,4521.60009765625,4171
2026-05-27 10:30:00+00:00,4476.2001953125,4508.60009765625,4472.7001953125,4508.2001953125,15315
2026-05-27 11:00:00+00:00,4470.89990234375,4483.89990234375,4469.2998046875,4476.2998046875,9060
2026-05-27 11:30:00+00:00,4458.2998046875,4474.7998046875,4454.2998046875,4471.0,7575
2026-05-27 12:00:00+00:00,4485.0,4496.5,4457.2998046875,4458.5,13840
2026-05-27 12:30:00+00:00,4469.39990234375,4490.39990234375,4468.2001953125,4484.89990234375,9190
2026-05-27 13:00:00+00:00,4434.0,4469.7001953125,4431.0,4469.2001953125,17035
2026-05-27 13:30:00+00:00,4458.2001953125,4465.39990234375,4432.89990234375,4433.89990234375,15928
2026-05-27 14:00:00+00:00,4476.89990234375,4487.2001953125,4457.0,4458.10009765625,12040
2026-05-27 14:30:00+00:00,4465.60009765625,4480.60009765625,4464.60009765625,4476.7998046875,8270
2026-05-27 15:00:00+00:00,4467.60009765625,4470.10009765625,4459.5,4465.39990234375,7357
2026-05-27 15:30:00+00:00,4468.0,4473.0,4462.2998046875,4467.7001953125,4585
2026-05-27 16:00:00+00:00,4478.2998046875,4479.2001953125,4465.60009765625,4468.10009765625,4838
2026-05-27 16:30:00+00:00,4482.39990234375,4485.39990234375,4476.5,4478.10009765625,4381
2026-05-27 17:00:00+00:00,4481.2001953125,4483.39990234375,4472.7001953125,4482.39990234375,5359
2026-05-27 17:30:00+00:00,4481.89990234375,4485.89990234375,4481.5,4481.5,4484
2026-05-27 18:00:00+00:00,4487.2998046875,4490.0,4479.0,4481.60009765625,1884
2026-05-27 18:30:00+00:00,4485.89990234375,4488.0,4482.89990234375,4487.10009765625,1057
2026-05-27 19:00:00+00:00,4482.5,4486.2998046875,4481.10009765625,4486.0,1679
2026-05-27 19:30:00+00:00,4483.0,4486.7001953125,4480.7001953125,4482.7998046875,2076
2026-05-27 20:00:00+00:00,4486.7001953125,4490.60009765625,4481.7998046875,4482.7998046875,1121
2026-05-27 20:30:00+00:00,4488.5,4488.5,4483.2998046875,4486.7998046875,457
2026-05-27 22:00:00+00:00,4490.10009765625,4502.0,4485.89990234375,4488.0,554
2026-05-27 22:30:00+00:00,4488.0,4492.89990234375,4485.5,4490.10009765625,638
2026-05-27 23:00:00+00:00,4481.10009765625,4488.2001953125,4479.39990234375,4487.7001953125,768
2026-05-27 23:30:00+00:00,4477.7001953125,4484.7001953125,4473.2001953125,4480.7001953125,1073
2026-05-28 00:00:00+00:00,4476.60009765625,4485.10009765625,4474.39990234375,4477.39990234375,870
2026-05-28 00:30:00+00:00,4487.60009765625,4488.7998046875,4474.0,4477.10009765625,932
2026-05-28 01:00:00+00:00,4449.7998046875,4489.5,4447.7001953125,4487.89990234375,4115
2026-05-28 01:30:00+00:00,4440.39990234375,4457.2001953125,4437.2998046875,4449.5,2716
2026-05-28 02:00:00+00:00,4436.89990234375,4443.2001953125,4426.7001953125,4441.60009765625,3689
2026-05-28 02:30:00+00:00,4424.39990234375,4441.39990234375,4423.0,4436.7998046875,2846
2026-05-28 03:00:00+00:00,4417.89990234375,4428.39990234375,4411.7001953125,4424.2001953125,3146
2026-05-28 03:30:00+00:00,4405.2998046875,4417.89990234375,4398.0,4417.89990234375,3050
2026-05-28 04:00:00+00:00,4398.10009765625,4411.7998046875,4395.60009765625,4404.2001953125,1995
2026-05-28 04:30:00+00:00,4402.2001953125,4404.5,4397.39990234375,4398.2001953125,1497
2026-05-28 05:00:00+00:00,4407.2998046875,4409.0,4396.10009765625,4402.7001953125,2104
2026-05-28 05:30:00+00:00,4417.10009765625,4425.5,4403.7001953125,4407.7001953125,3183
2026-05-28 06:00:00+00:00,4410.2001953125,4419.89990234375,4403.7998046875,4417.2001953125,3163
2026-05-28 06:30:00+00:00,4413.2998046875,4415.0,4406.7001953125,4409.60009765625,1574
2026-05-28 07:00:00+00:00,4422.39990234375,4426.0,4413.60009765625,4413.60009765625,2999
2026-05-28 07:30:00+00:00,4417.2001953125,4423.7001953125,4412.39990234375,4422.39990234375,2569
2026-05-28 08:00:00+00:00,4418.89990234375,4424.7998046875,4415.89990234375,4417.5,1933
2026-05-28 08:30:00+00:00,4416.7998046875,4424.39990234375,4415.60009765625,4419.0,1801
2026-05-28 09:00:00+00:00,4426.2001953125,4429.0,4416.10009765625,4416.2998046875,2445
2026-05-28 09:30:00+00:00,4424.0,4426.7998046875,4419.89990234375,4426.0,1669
2026-05-28 10:00:00+00:00,4431.60009765625,4434.2998046875,4421.7998046875,4424.10009765625,2075
2026-05-28 10:30:00+00:00,4413.60009765625,4432.60009765625,4405.5,4431.10009765625,3888
2026-05-28 11:00:00+00:00,4415.2998046875,4421.0,4412.0,4413.0,1794
2026-05-28 11:30:00+00:00,4418.2001953125,4420.60009765625,4410.89990234375,4415.0,1813
2026-05-28 12:00:00+00:00,4415.0,4423.5,4409.7998046875,4417.89990234375,3036
2026-05-28 12:30:00+00:00,4461.89990234375,4464.0,4412.7998046875,4415.39990234375,8756
2026-05-28 13:00:00+00:00,4458.7998046875,4469.39990234375,4455.0,4462.2998046875,7120
2026-05-28 13:30:00+00:00,4460.60009765625,4464.7998046875,4448.0,4459.5,5715
2026-05-28 14:00:00+00:00,4491.7998046875,4504.39990234375,4450.60009765625,4460.10009765625,14545
2026-05-28 14:30:00+00:00,4500.2998046875,4511.39990234375,4483.2998046875,4491.7998046875,10885
2026-05-28 15:00:00+00:00,4507.10009765625,4513.60009765625,4499.39990234375,4500.7001953125,4727
2026-05-28 15:30:00+00:00,4512.5,4515.89990234375,4507.0,4507.7998046875,3145
2026-05-28 16:00:00+00:00,4531.0,4533.89990234375,4507.5,4512.89990234375,5857
2026-05-28 16:30:00+00:00,4541.7998046875,4542.0,4528.0,4531.2998046875,4825
2026-05-28 17:00:00+00:00,4532.5,4545.39990234375,4531.5,4541.89990234375,5733
2026-05-28 17:30:00+00:00,4539.2001953125,4540.2998046875,4532.60009765625,4532.60009765625,1798
2026-05-28 18:00:00+00:00,4537.0,4547.10009765625,4536.0,4539.2001953125,2763
2026-05-28 18:30:00+00:00,4532.5,4537.2001953125,4529.2998046875,4537.2001953125,2013
2026-05-28 19:00:00+00:00,4530.7998046875,4534.60009765625,4529.2998046875,4532.2001953125,1330
2026-05-28 19:30:00+00:00,4528.7001953125,4532.7001953125,4528.0,4530.7998046875,2157
2026-05-28 20:00:00+00:00,4530.0,4531.5,4525.60009765625,4528.7001953125,1129
2026-05-28 20:30:00+00:00,4527.2998046875,4531.7001953125,4525.7998046875,4529.7001953125,663
2026-05-28 22:00:00+00:00,4526.39990234375,4530.2998046875,4522.2998046875,4527.60009765625,364
2026-05-28 22:30:00+00:00,4521.7001953125,4527.10009765625,4521.60009765625,4526.2998046875,346
2026-05-28 23:00:00+00:00,4523.10009765625,4527.89990234375,4521.7001953125,4522.5,350
2026-05-28 23:30:00+00:00,4525.60009765625,4527.2001953125,4519.5,4522.89990234375,893
2026-05-29 00:00:00+00:00,4530.2998046875,4531.5,4522.5,4525.5,1234
2026-05-29 00:30:00+00:00,4525.2998046875,4530.89990234375,4523.5,4530.60009765625,822
2026-05-29 01:00:00+00:00,4535.5,4551.2001953125,4522.7001953125,4526.0,3486
2026-05-29 01:30:00+00:00,4536.89990234375,4538.60009765625,4531.10009765625,4535.39990234375,1547
2026-05-29 02:00:00+00:00,4533.39990234375,4541.39990234375,4531.5,4536.60009765625,1279
2026-05-29 02:30:00+00:00,4531.7001953125,4538.2998046875,4528.39990234375,4533.10009765625,1055
2026-05-29 03:00:00+00:00,4526.7998046875,4532.2001953125,4525.2001953125,4532.0,1259
2026-05-29 03:30:00+00:00,4530.89990234375,4532.0,4525.39990234375,4527.60009765625,723
2026-05-29 04:00:00+00:00,4539.89990234375,4542.39990234375,4531.39990234375,4531.39990234375,1082
2026-05-29 04:30:00+00:00,4544.7001953125,4545.39990234375,4538.7998046875,4539.89990234375,1344
2026-05-29 05:00:00+00:00,4540.5,4546.2001953125,4539.7001953125,4544.60009765625,629
2026-05-29 05:30:00+00:00,4545.7998046875,4547.0,4533.0,4540.39990234375,2896
2026-05-29 06:00:00+00:00,4547.5,4553.5,4540.7001953125,4546.10009765625,3246
2026-05-29 06:30:00+00:00,4554.39990234375,4554.89990234375,4542.0,4547.60009765625,1719
2026-05-29 07:00:00+00:00,4544.7998046875,4554.7001953125,4541.2998046875,4554.2001953125,1818
2026-05-29 07:30:00+00:00,4555.5,4557.2001953125,4543.5,4544.60009765625,4012
2026-05-29 08:00:00+00:00,4548.10009765625,4555.5,4543.2001953125,4555.0,2270
2026-05-29 08:30:00+00:00,4544.7001953125,4548.7001953125,4540.0,4547.7001953125,1635
2026-05-29 09:00:00+00:00,4559.5,4563.10009765625,4543.39990234375,4545.2001953125,2637
2026-05-29 09:30:00+00:00,4562.0,4571.2001953125,4554.89990234375,4559.39990234375,4965
2026-05-29 10:00:00+00:00,4561.60009765625,4562.10009765625,4556.39990234375,4562.0,1181
2026-05-29 10:30:00+00:00,4569.60009765625,4574.39990234375,4561.39990234375,4561.7001953125,2476
2026-05-29 11:00:00+00:00,4558.7001953125,4571.7001953125,4557.7001953125,4569.39990234375,1872
2026-05-29 11:30:00+00:00,4569.10009765625,4569.7001953125,4556.7001953125,4559.0,2155
2026-05-29 12:00:00+00:00,4553.10009765625,4569.2998046875,4550.2998046875,4569.2001953125,2982
2026-05-29 12:30:00+00:00,4554.0,4554.7998046875,4543.39990234375,4552.89990234375,3417
2026-05-29 13:00:00+00:00,4558.7998046875,4560.0,4547.5,4553.60009765625,3316
2026-05-29 13:30:00+00:00,4567.2998046875,4571.0,4553.0,4558.89990234375,4988
2026-05-29 14:00:00+00:00,4561.0,4584.0,4557.0,4567.0,8123
2026-05-29 14:30:00+00:00,4595.2001953125,4604.10009765625,4556.10009765625,4560.7001953125,9872
2026-05-29 15:00:00+00:00,4610.0,4627.10009765625,4595.39990234375,4596.10009765625,14825
2026-05-29 15:30:00+00:00,4602.10009765625,4614.7001953125,4587.2998046875,4609.89990234375,6479
2026-05-29 16:00:00+00:00,4593.89990234375,4602.89990234375,4590.5,4602.10009765625,2851
2026-05-29 16:30:00+00:00,4597.7001953125,4604.5,4591.7001953125,4593.7001953125,3493
2026-05-29 17:00:00+00:00,4592.7001953125,4599.2998046875,4590.89990234375,4597.7998046875,3592
2026-05-29 17:30:00+00:00,4584.39990234375,4593.10009765625,4582.39990234375,4592.5,2190
2026-05-29 18:00:00+00:00,4590.2998046875,4591.5,4583.5,4584.2001953125,1406
2026-05-29 18:30:00+00:00,4584.2001953125,4592.7001953125,4581.60009765625,4590.60009765625,1414
2026-05-29 19:00:00+00:00,4586.7998046875,4591.39990234375,4583.39990234375,4584.2998046875,1632
2026-05-29 19:30:00+00:00,4576.7998046875,4587.5,4574.10009765625,4586.60009765625,2474
2026-05-29 20:00:00+00:00,4574.10009765625,4580.7001953125,4573.7001953125,4576.89990234375,932
2026-05-29 20:30:00+00:00,4593.0,4593.0,4567.2998046875,4573.89990234375,865
2026-05-31 22:00:00+00:00,4563.89990234375,4567.60009765625,4554.10009765625,4555.2998046875,707
2026-05-31 22:30:00+00:00,4565.89990234375,4571.10009765625,4561.2998046875,4563.60009765625,665
2026-05-31 23:00:00+00:00,4575.7001953125,4575.7998046875,4565.89990234375,4566.2001953125,1108
2026-05-31 23:30:00+00:00,4570.7001953125,4576.39990234375,4569.2001953125,4575.89990234375,842
2026-06-01 00:00:00+00:00,4573.7998046875,4577.2998046875,4568.10009765625,4570.5,1061
2026-06-01 00:30:00+00:00,4571.39990234375,4575.7001953125,4565.5,4574.0,1300
2026-06-01 01:00:00+00:00,4559.7998046875,4572.10009765625,4556.2998046875,4571.2001953125,2322
2026-06-01 01:30:00+00:00,4556.2001953125,4564.7998046875,4554.39990234375,4559.7001953125,1182
2026-06-01 02:00:00+00:00,4561.0,4565.7001953125,4555.10009765625,4556.10009765625,1014
2026-06-01 02:30:00+00:00,4552.0,4561.5,4551.39990234375,4560.89990234375,1005
2026-06-01 03:00:00+00:00,4550.7001953125,4556.2998046875,4543.5,4551.7001953125,1727
2026-06-01 03:30:00+00:00,4546.0,4554.7998046875,4540.2998046875,4550.7001953125,1076
2026-06-01 04:00:00+00:00,4546.10009765625,4550.10009765625,4543.0,4546.89990234375,842
2026-06-01 04:30:00+00:00,4544.7001953125,4547.7998046875,4537.60009765625,4546.2998046875,1000
2026-06-01 05:00:00+00:00,4550.7998046875,4553.5,4543.7998046875,4544.7998046875,847
2026-06-01 05:30:00+00:00,4548.2001953125,4555.39990234375,4542.7001953125,4550.7998046875,1242
2026-06-01 06:00:00+00:00,4544.2998046875,4548.60009765625,4535.0,4548.10009765625,2265
2026-06-01 06:30:00+00:00,4531.7001953125,4545.0,4529.10009765625,4544.60009765625,2102
2026-06-01 07:00:00+00:00,4533.60009765625,4540.2001953125,4530.7998046875,4531.60009765625,1762
2026-06-01 07:30:00+00:00,4532.7001953125,4537.7001953125,4522.10009765625,4533.89990234375,2688
2026-06-01 08:00:00+00:00,4525.60009765625,4534.5,4519.60009765625,4533.0,2243
2026-06-01 08:30:00+00:00,4527.39990234375,4532.2998046875,4522.5,4525.7001953125,1863
2026-06-01 09:00:00+00:00,4526.0,4536.2001953125,4525.89990234375,4527.60009765625,1598
2026-06-01 09:30:00+00:00,4525.60009765625,4528.7998046875,4518.60009765625,4525.7998046875,3266
2026-06-01 10:00:00+00:00,4530.7998046875,4533.5,4525.89990234375,4525.89990234375,1258
2026-06-01 10:30:00+00:00,4534.10009765625,4540.89990234375,4530.39990234375,4530.7998046875,1682
2026-06-01 11:00:00+00:00,4540.89990234375,4542.7998046875,4529.7001953125,4534.2001953125,1861
2026-06-01 11:30:00+00:00,4536.0,4542.39990234375,4535.60009765625,4540.60009765625,1331
2026-06-01 12:00:00+00:00,4535.60009765625,4539.7998046875,4527.60009765625,4535.7998046875,2551
2026-06-01 12:30:00+00:00,4532.0,4540.39990234375,4527.7998046875,4535.5,2843
2026-06-01 13:00:00+00:00,4494.39990234375,4533.7998046875,4491.7998046875,4532.2998046875,11277
2026-06-01 13:30:00+00:00,4480.10009765625,4508.5,4476.2001953125,4494.7001953125,9903
2026-06-01 14:00:00+00:00,4485.89990234375,4494.89990234375,4476.0,4479.10009765625,8794
2026-06-01 14:30:00+00:00,4488.5,4491.2998046875,4481.7001953125,4485.5,3480
2026-06-01 15:00:00+00:00,4498.7001953125,4500.39990234375,4485.0,4489.0,3901
2026-06-01 15:30:00+00:00,4504.10009765625,4510.5,4498.60009765625,4498.7001953125,5855
2026-06-01 16:00:00+00:00,4498.10009765625,4508.7998046875,4493.10009765625,4504.7001953125,3328
2026-06-01 16:30:00+00:00,4510.60009765625,4513.10009765625,4497.5,4498.10009765625,3193
2026-06-01 17:00:00+00:00,4512.7998046875,4513.2001953125,4501.39990234375,4510.89990234375,3907
2026-06-01 17:30:00+00:00,4517.5,4525.60009765625,4510.60009765625,4513.2001953125,4952
2026-06-01 18:00:00+00:00,4516.39990234375,4520.2001953125,4516.2001953125,4517.39990234375,865
2026-06-01 18:30:00+00:00,4516.7998046875,4518.7998046875,4514.7998046875,4516.7001953125,767
2026-06-01 19:00:00+00:00,4514.7001953125,4518.2001953125,4514.2001953125,4516.5,1015
2026-06-01 19:30:00+00:00,4511.10009765625,4515.60009765625,4509.10009765625,4515.0,1660
2026-06-01 20:00:00+00:00,4513.2001953125,4514.7998046875,4510.2001953125,4511.2001953125,1057
2026-06-01 20:30:00+00:00,4514.7998046875,4515.7001953125,4511.2001953125,4513.10009765625,624
2026-06-01 22:00:00+00:00,4511.2001953125,4517.89990234375,4510.60009765625,4515.7998046875,524
2026-06-01 22:30:00+00:00,4515.2998046875,4516.5,4509.5,4511.39990234375,793
2026-06-01 23:00:00+00:00,4517.2001953125,4518.60009765625,4511.89990234375,4515.2998046875,547
2026-06-01 23:30:00+00:00,4514.2998046875,4517.2001953125,4508.2001953125,4517.2001953125,734
2026-06-02 00:00:00+00:00,4523.0,4523.60009765625,4506.2998046875,4514.39990234375,1399
2026-06-02 00:30:00+00:00,4511.0,4526.7998046875,4510.60009765625,4523.2001953125,1242
2026-06-02 01:00:00+00:00,4516.0,4522.0,4501.0,4510.7001953125,2203
2026-06-02 01:30:00+00:00,4503.60009765625,4519.39990234375,4492.2998046875,4516.60009765625,2982
2026-06-02 02:00:00+00:00,4511.39990234375,4514.39990234375,4502.0,4503.7001953125,1509
2026-06-02 02:30:00+00:00,4516.2001953125,4516.39990234375,4503.5,4512.0,1526
2026-06-02 03:00:00+00:00,4525.39990234375,4528.0,4515.60009765625,4515.7998046875,1593
2026-06-02 03:30:00+00:00,4528.39990234375,4530.0,4523.10009765625,4525.2001953125,1520
2026-06-02 04:00:00+00:00,4535.0,4541.2001953125,4528.0,4529.2998046875,2038
2026-06-02 04:30:00+00:00,4547.7001953125,4548.60009765625,4534.0,4535.10009765625,1864
2026-06-02 05:00:00+00:00,4549.7998046875,4552.2001953125,4545.7001953125,4547.7001953125,1597
2026-06-02 05:30:00+00:00,4547.0,4558.7998046875,4545.7001953125,4549.7998046875,2978
2026-06-02 06:00:00+00:00,4563.10009765625,4564.2001953125,4546.89990234375,4546.89990234375,3626
2026-06-02 06:30:00+00:00,4566.0,4568.7998046875,4562.0,4563.5,2438
2026-06-02 07:00:00+00:00,4564.0,4571.2998046875,4563.2998046875,4565.7998046875,2306
2026-06-02 07:30:00+00:00,4565.2001953125,4565.7998046875,4558.0,4564.0,2646
2026-06-02 08:00:00+00:00,4561.2001953125,4569.2998046875,4559.5,4565.2001953125,2178
2026-06-02 08:30:00+00:00,4557.0,4563.60009765625,4556.10009765625,4561.0,1149
2026-06-02 09:00:00+00:00,4556.7001953125,4565.89990234375,4555.2001953125,4557.10009765625,2775
2026-06-02 09:30:00+00:00,4559.39990234375,4561.0,4550.89990234375,4556.7998046875,3116
2026-06-02 10:00:00+00:00,4558.10009765625,4561.2001953125,4554.10009765625,4559.7001953125,1171
2026-06-02 10:30:00+00:00,4563.10009765625,4563.5,4555.0,4558.0,1145
2026-06-02 11:00:00+00:00,4559.89990234375,4564.2001953125,4556.2998046875,4563.0,1058
2026-06-02 11:30:00+00:00,4557.2998046875,4560.5,4555.2001953125,4560.0,1204
2026-06-02 12:00:00+00:00,4559.0,4563.7998046875,4553.60009765625,4557.5,2383
2026-06-02 12:30:00+00:00,4544.0,4563.60009765625,4542.7998046875,4558.89990234375,4698
2026-06-02 13:00:00+00:00,4540.10009765625,4554.39990234375,4539.2998046875,4544.2998046875,4311
2026-06-02 13:30:00+00:00,4532.10009765625,4543.89990234375,4532.10009765625,4540.2998046875,4064
2026-06-02 14:00:00+00:00,4524.89990234375,4536.7998046875,4519.39990234375,4532.0,6934
2026-06-02 14:30:00+00:00,4533.7001953125,4535.7998046875,4524.7998046875,4525.10009765625,3030
2026-06-02 15:00:00+00:00,4534.89990234375,4537.7998046875,4530.7998046875,4533.39990234375,2616
2026-06-02 15:30:00+00:00,4531.7001953125,4538.2001953125,4529.5,4534.89990234375,2686
2026-06-02 16:00:00+00:00,4519.7001953125,4532.7998046875,4518.60009765625,4531.7001953125,3163
2026-06-02 16:30:00+00:00,4521.2998046875,4521.39990234375,4515.60009765625,4519.7998046875,2512
2026-06-02 17:00:00+00:00,4520.7001953125,4522.7001953125,4515.7998046875,4521.2001953125,3249
2026-06-02 17:30:00+00:00,4514.0,4521.2001953125,4511.2998046875,4520.7998046875,1796
2026-06-02 18:00:00+00:00,4517.89990234375,4520.2001953125,4513.5,4514.2998046875,1245
2026-06-02 18:30:00+00:00,4516.89990234375,4520.0,4508.0,4517.89990234375,1990
2026-06-02 19:00:00+00:00,4519.5,4519.5,4515.2001953125,4517.0,588
2026-06-02 19:30:00+00:00,4517.7001953125,4520.2001953125,4513.2001953125,4519.2001953125,1265
2026-06-02 20:00:00+00:00,4519.39990234375,4521.0,4516.10009765625,4517.7998046875,499
2026-06-02 20:30:00+00:00,4519.2001953125,4520.7998046875,4516.2998046875,4519.7001953125,491
2026-06-02 22:00:00+00:00,4519.0,4522.7001953125,4516.60009765625,4520.0,664
2026-06-02 22:30:00+00:00,4514.0,4521.10009765625,4512.89990234375,4518.7001953125,1527
2026-06-02 23:00:00+00:00,4495.7998046875,4517.60009765625,4490.5,4514.2001953125,3075
2026-06-02 23:30:00+00:00,4502.89990234375,4503.89990234375,4491.0,4496.2998046875,2357
2026-06-03 00:00:00+00:00,4511.2998046875,4511.7001953125,4502.60009765625,4502.60009765625,866
2026-06-03 00:30:00+00:00,4514.39990234375,4525.10009765625,4509.5,4511.5,2208
2026-06-03 01:00:00+00:00,4495.60009765625,4516.0,4491.2001953125,4514.2001953125,3856
2026-06-03 01:30:00+00:00,4504.0,4505.10009765625,4492.60009765625,4495.0,2101
2026-06-03 02:00:00+00:00,4506.60009765625,4509.5,4500.7998046875,4504.0,1388
2026-06-03 02:30:00+00:00,4509.7998046875,4513.10009765625,4501.10009765625,4506.7998046875,1539
2026-06-03 03:00:00+00:00,4511.39990234375,4515.5,4510.10009765625,4510.10009765625,739
2026-06-03 03:30:00+00:00,4512.0,4514.0,4510.2998046875,4511.60009765625,525
2026-06-03 04:00:00+00:00,4505.10009765625,4516.10009765625,4505.10009765625,4512.39990234375,846
2026-06-03 04:30:00+00:00,4497.5,4505.2001953125,4496.39990234375,4505.0,896
2026-06-03 05:00:00+00:00,4496.7998046875,4502.2001953125,4493.89990234375,4497.2001953125,1019
2026-06-03 05:30:00+00:00,4485.7998046875,4496.7998046875,4484.7998046875,4496.60009765625,2942
2026-06-03 06:00:00+00:00,4490.7998046875,4499.2998046875,4485.10009765625,4485.39990234375,2385
2026-06-03 06:30:00+00:00,4491.7001953125,4493.39990234375,4483.7001953125,4490.7001953125,1867
2026-06-03 07:00:00+00:00,4484.7001953125,4500.5,4484.7001953125,4491.39990234375,2365
2026-06-03 07:30:00+00:00,4481.60009765625,4492.2001953125,4481.10009765625,4484.39990234375,2242
2026-06-03 08:00:00+00:00,4485.39990234375,4487.7998046875,4478.7998046875,4481.7998046875,2587
2026-06-03 08:30:00+00:00,4472.2998046875,4487.2001953125,4468.2001953125,4485.7998046875,3357
2026-06-03 09:00:00+00:00,4468.60009765625,4487.5,4467.2001953125,4472.2998046875,2827
2026-06-03 09:30:00+00:00,4471.2998046875,4477.2998046875,4467.60009765625,4468.2001953125,3227
2026-06-03 10:00:00+00:00,4488.60009765625,4496.0,4469.5,4471.7001953125,3700
2026-06-03 10:30:00+00:00,4487.7001953125,4491.7998046875,4481.60009765625,4488.2001953125,938
2026-06-03 11:00:00+00:00,4492.89990234375,4496.5,4487.39990234375,4487.7998046875,1325
2026-06-03 11:30:00+00:00,4490.60009765625,4495.7001953125,4487.0,4493.0,978
2026-06-03 12:00:00+00:00,4480.7998046875,4492.7998046875,4479.7998046875,4490.89990234375,2140
2026-06-03 12:30:00+00:00,4488.60009765625,4495.60009765625,4476.2998046875,4481.10009765625,3837
2026-06-03 13:00:00+00:00,4477.2001953125,4494.5,4473.39990234375,4488.5,4496
2026-06-03 13:30:00+00:00,4475.2001953125,4481.7001953125,4454.0,4477.7001953125,8036
2026-06-03 14:00:00+00:00,4479.7998046875,4486.5,4470.5,4473.89990234375,5086
2026-06-03 14:30:00+00:00,4485.2998046875,4488.2998046875,4475.0,4479.7998046875,2721
2026-06-03 15:00:00+00:00,4473.60009765625,4486.5,4467.2001953125,4485.7001953125,2837
2026-06-03 15:30:00+00:00,4469.7998046875,4473.89990234375,4464.7998046875,4472.89990234375,2122
2026-06-03 16:00:00+00:00,4465.2998046875,4472.10009765625,4461.10009765625,4470.0,2273
2026-06-03 16:30:00+00:00,4469.39990234375,4471.2001953125,4463.2998046875,4465.2998046875,2105
2026-06-03 17:00:00+00:00,4467.10009765625,4476.7998046875,4465.60009765625,4469.89990234375,2732
2026-06-03 17:30:00+00:00,4467.2001953125,4470.2001953125,4463.39990234375,4466.89990234375,1890
2026-06-03 18:00:00+00:00,4468.39990234375,4468.89990234375,4462.0,4467.10009765625,1255
2026-06-03 18:30:00+00:00,4470.10009765625,4470.89990234375,4465.0,4468.2001953125,1134
2026-06-03 19:00:00+00:00,4475.60009765625,4480.0,4469.5,4469.7998046875,1555
2026-06-03 19:30:00+00:00,4472.0,4477.39990234375,4471.2001953125,4475.7998046875,1976
2026-06-03 20:00:00+00:00,4467.2001953125,4473.60009765625,4464.60009765625,4471.89990234375,1055
2026-06-03 20:30:00+00:00,4462.7001953125,4467.7001953125,4458.60009765625,4467.2998046875,1397
2026-06-03 22:00:00+00:00,4460.39990234375,4466.7001953125,4450.10009765625,4462.60009765625,960
2026-06-03 22:30:00+00:00,4475.2998046875,4479.2001953125,4461.0,4461.0,1134
2026-06-03 23:00:00+00:00,4477.10009765625,4478.2001953125,4471.5,4475.5,830
2026-06-03 23:30:00+00:00,4483.5,4491.2001953125,4472.7998046875,4477.5,1752
2026-06-04 00:00:00+00:00,4478.0,4491.7998046875,4474.10009765625,4484.0,1111
2026-06-04 00:30:00+00:00,4475.60009765625,4479.7001953125,4470.60009765625,4477.0,1031
2026-06-04 01:00:00+00:00,4493.0,4500.7998046875,4470.0,4475.0,2474
2026-06-04 01:30:00+00:00,4492.5,4496.7998046875,4483.2998046875,4494.10009765625,1605
2026-06-04 02:00:00+00:00,4487.2998046875,4493.7998046875,4482.5,4492.10009765625,1361
2026-06-04 02:30:00+00:00,4502.0,4504.2001953125,4484.2998046875,4487.7998046875,1855
2026-06-04 03:00:00+00:00,4496.2998046875,4504.2001953125,4492.7001953125,4501.7001953125,1383
2026-06-04 03:30:00+00:00,4490.60009765625,4497.7001953125,4485.10009765625,4497.5,950
2026-06-04 04:00:00+00:00,4501.60009765625,4503.10009765625,4489.10009765625,4490.60009765625,1370
2026-06-04 04:30:00+00:00,4508.10009765625,4511.2001953125,4501.7998046875,4501.7998046875,1691
2026-06-04 05:00:00+00:00,4500.60009765625,4509.60009765625,4498.10009765625,4508.2001953125,1252
2026-06-04 05:30:00+00:00,4496.0,4502.7001953125,4493.5,4500.89990234375,1564
2026-06-04 06:00:00+00:00,4499.0,4504.2998046875,4493.10009765625,4495.7998046875,1528
2026-06-04 06:30:00+00:00,4494.7001953125,4503.7001953125,4489.7998046875,4498.7998046875,1861
2026-06-04 07:00:00+00:00,4492.5,4497.7001953125,4488.5,4495.0,1565
2026-06-04 07:30:00+00:00,4488.5,4495.0,4486.2001953125,4492.0,1022
2026-06-04 08:00:00+00:00,4490.5,4494.60009765625,4485.39990234375,4488.39990234375,1727
2026-06-04 08:30:00+00:00,4490.2001953125,4496.10009765625,4486.2001953125,4490.7001953125,1171
2026-06-04 09:00:00+00:00,4491.89990234375,4496.2998046875,4487.7001953125,4489.89990234375,1324
2026-06-04 09:30:00+00:00,4498.2001953125,4503.2998046875,4488.7001953125,4492.0,2485
2026-06-04 10:00:00+00:00,4495.10009765625,4499.7001953125,4491.89990234375,4497.89990234375,1237
2026-06-04 10:30:00+00:00,4501.60009765625,4501.7001953125,4494.2001953125,4494.89990234375,1149
2026-06-04 11:00:00+00:00,4517.39990234375,4519.39990234375,4496.39990234375,4501.60009765625,3535
2026-06-04 11:30:00+00:00,4539.2001953125,4542.39990234375,4510.0,4517.7001953125,5965
2026-06-04 12:00:00+00:00,4526.10009765625,4541.89990234375,4518.7998046875,4539.10009765625,5094
2026-06-04 12:30:00+00:00,4531.60009765625,4538.7998046875,4524.5,4526.39990234375,4294
2026-06-04 13:00:00+00:00,4532.2998046875,4537.7998046875,4527.7998046875,4531.60009765625,2712
2026-06-04 13:30:00+00:00,4523.7001953125,4543.2001953125,4523.2998046875,4532.2001953125,5144
2026-06-04 14:00:00+00:00,4513.60009765625,4528.0,4511.39990234375,4523.39990234375,5409
2026-06-04 14:30:00+00:00,4493.10009765625,4514.39990234375,4483.7998046875,4513.89990234375,9870
2026-06-04 15:00:00+00:00,4498.39990234375,4502.39990234375,4490.60009765625,4493.2001953125,5598
2026-06-04 15:30:00+00:00,4504.89990234375,4506.60009765625,4497.2998046875,4498.60009765625,3662
2026-06-04 16:00:00+00:00,4511.5,4513.2001953125,4502.7998046875,4504.89990234375,4205
2026-06-04 16:30:00+00:00,4510.7998046875,4512.2001953125,4507.2001953125,4511.5,3731
2026-06-04 17:00:00+00:00,4504.7998046875,4510.5,4502.0,4510.5,3246
2026-06-04 17:30:00+00:00,4506.0,4509.5,4503.89990234375,4504.89990234375,1384
2026-06-04 18:00:00+00:00,4505.89990234375,4508.7998046875,4504.10009765625,4506.10009765625,1001
2026-06-04 18:30:00+00:00,4505.89990234375,4507.2998046875,4500.0,4505.7001953125,1236
2026-06-04 19:00:00+00:00,4507.7998046875,4511.2998046875,4503.89990234375,4506.10009765625,1135
2026-06-04 19:30:00+00:00,4508.89990234375,4510.39990234375,4504.5,4507.5,1206
2026-06-04 20:00:00+00:00,4505.2998046875,4509.2998046875,4504.0,4508.5,675
2026-06-04 20:30:00+00:00,4502.39990234375,4505.39990234375,4502.2998046875,4505.39990234375,640
2026-06-04 22:00:00+00:00,4506.0,4508.5,4500.39990234375,4503.0,813
2026-06-04 22:30:00+00:00,4496.89990234375,4508.7001953125,4496.0,4506.0,1425
2026-06-04 23:00:00+00:00,4496.5,4501.10009765625,4491.2001953125,4497.0,1230
2026-06-04 23:30:00+00:00,4488.39990234375,4496.7001953125,4487.7001953125,4496.7001953125,723
2026-06-05 00:00:00+00:00,4484.5,4491.89990234375,4477.5,4488.2001953125,1731
2026-06-05 00:30:00+00:00,4485.7998046875,4493.89990234375,4483.0,4484.2001953125,1296
2026-06-05 01:00:00+00:00,4485.10009765625,4497.0,4475.7998046875,4485.7998046875,2688
2026-06-05 01:30:00+00:00,4473.2998046875,4486.2998046875,4470.7001953125,4485.0,2888
2026-06-05 02:00:00+00:00,4477.60009765625,4481.60009765625,4468.60009765625,4473.39990234375,1903
2026-06-05 02:30:00+00:00,4467.10009765625,4478.2001953125,4464.5,4477.39990234375,2528
2026-06-05 03:00:00+00:00,4463.0,4470.10009765625,4461.2001953125,4466.7001953125,1410
2026-06-05 03:30:00+00:00,4468.39990234375,4469.5,4462.60009765625,4463.0,848
2026-06-05 04:00:00+00:00,4465.7998046875,4470.7001953125,4464.60009765625,4468.7001953125,1139
2026-06-05 04:30:00+00:00,4471.0,4472.89990234375,4463.7998046875,4466.10009765625,769
2026-06-05 05:00:00+00:00,4471.0,4476.10009765625,4468.0,4471.0,1222
2026-06-05 05:30:00+00:00,4465.89990234375,4474.5,4464.89990234375,4470.5,1480
2026-06-05 06:00:00+00:00,4468.89990234375,4472.89990234375,4454.7998046875,4466.39990234375,3350
2026-06-05 06:30:00+00:00,4479.7001953125,4483.2001953125,4468.89990234375,4468.89990234375,2460
2026-06-05 07:00:00+00:00,4494.10009765625,4494.2001953125,4478.7001953125,4479.89990234375,2102
2026-06-05 07:30:00+00:00,4487.7001953125,4494.10009765625,4486.2001953125,4493.89990234375,1660
2026-06-05 08:00:00+00:00,4493.89990234375,4493.89990234375,4485.5,4487.2998046875,1329
2026-06-05 08:30:00+00:00,4489.7998046875,4495.39990234375,4488.0,4493.89990234375,861
2026-06-05 09:00:00+00:00,4489.7998046875,4496.60009765625,4485.7998046875,4489.60009765625,2430
2026-06-05 09:30:00+00:00,4491.89990234375,4496.60009765625,4485.7998046875,4489.60009765625,2475
2026-06-05 10:00:00+00:00,4493.2001953125,4495.0,4490.10009765625,4491.60009765625,667
2026-06-05 10:30:00+00:00,4493.7001953125,4494.7998046875,4488.7001953125,4493.2998046875,1251
2026-06-05 11:00:00+00:00,4493.10009765625,4494.10009765625,4484.7998046875,4493.2001953125,1428
2026-06-05 11:30:00+00:00,4497.0,4502.2001953125,4490.0,4492.7998046875,1785
2026-06-05 12:00:00+00:00,4491.0,4502.7998046875,4488.10009765625,4497.39990234375,3104
2026-06-05 12:30:00+00:00,4432.10009765625,4493.5,4430.10009765625,4493.5,15912
2026-06-05 13:00:00+00:00,4430.5,4446.60009765625,4425.2001953125,4432.0,10131
2026-06-05 13:30:00+00:00,4390.5,4435.5,4390.0,4430.7998046875,16013
2026-06-05 14:00:00+00:00,4385.7001953125,4404.2001953125,4377.5,4390.39990234375,17261
2026-06-05 14:30:00+00:00,4394.60009765625,4394.89990234375,4369.39990234375,4385.7001953125,10828
2026-06-05 15:00:00+00:00,4376.7998046875,4397.2998046875,4372.89990234375,4394.60009765625,6281
2026-06-05 15:30:00+00:00,4360.39990234375,4380.10009765625,4358.7998046875,4377.0,5815
2026-06-05 16:00:00+00:00,4354.5,4366.7001953125,4350.0,4360.2998046875,6075
2026-06-05 16:30:00+00:00,4369.10009765625,4370.2998046875,4347.5,4354.2998046875,5404
2026-06-05 17:00:00+00:00,4367.39990234375,4371.39990234375,4360.2001953125,4369.2998046875,6874
2026-06-05 17:30:00+00:00,4366.2001953125,4372.0,4362.2001953125,4367.5,2945
2026-06-05 18:00:00+00:00,4350.2001953125,4366.7998046875,4346.2998046875,4366.7998046875,4733
2026-06-05 18:30:00+00:00,4346.7001953125,4351.39990234375,4339.7998046875,4350.2998046875,5204
2026-06-05 19:00:00+00:00,4348.60009765625,4348.60009765625,4338.2998046875,4347.39990234375,3200
2026-06-05 19:30:00+00:00,4343.5,4349.5,4338.39990234375,4348.39990234375,3385
2026-06-05 20:00:00+00:00,4347.2001953125,4351.39990234375,4336.60009765625,4343.7001953125,2399
2026-06-05 20:30:00+00:00,4365.2998046875,4365.2998046875,4345.60009765625,4347.7998046875,1742
2026-06-07 22:00:00+00:00,4340.39990234375,4354.7001953125,4337.2998046875,4342.2001953125,1597
2026-06-07 22:30:00+00:00,4341.39990234375,4352.60009765625,4339.10009765625,4340.2001953125,1322
2026-06-07 23:00:00+00:00,4358.0,4358.39990234375,4341.39990234375,4341.5,1099
2026-06-07 23:30:00+00:00,4367.89990234375,4371.0,4356.7001953125,4358.0,1679
2026-06-08 00:00:00+00:00,4375.2001953125,4377.5,4364.0,4367.0,1522
2026-06-08 00:30:00+00:00,4366.0,4375.89990234375,4363.10009765625,4375.0,2057
2026-06-08 01:00:00+00:00,4338.2998046875,4369.5,4334.2001953125,4365.60009765625,4778
2026-06-08 01:30:00+00:00,4349.60009765625,4353.39990234375,4323.60009765625,4338.5,3527
2026-06-08 02:00:00+00:00,4338.7001953125,4354.7998046875,4335.0,4350.2001953125,2190
2026-06-08 02:30:00+00:00,4334.5,4345.0,4331.0,4339.10009765625,2783
2026-06-08 03:00:00+00:00,4331.39990234375,4338.2998046875,4327.39990234375,4334.89990234375,2068
2026-06-08 03:30:00+00:00,4339.7998046875,4341.10009765625,4329.0,4331.10009765625,812
2026-06-08 04:00:00+00:00,4344.0,4346.39990234375,4337.7998046875,4342.0,1175
2026-06-08 04:30:00+00:00,4337.2001953125,4344.60009765625,4331.7998046875,4344.2998046875,1050
2026-06-08 05:00:00+00:00,4336.2001953125,4340.10009765625,4328.60009765625,4337.10009765625,1294
2026-06-08 05:30:00+00:00,4317.5,4337.60009765625,4293.0,4335.7998046875,7306
2026-06-08 06:00:00+00:00,4330.89990234375,4336.5,4316.7998046875,4316.7998046875,3375
2026-06-08 06:30:00+00:00,4325.2998046875,4331.5,4318.10009765625,4330.7001953125,1811
2026-06-08 07:00:00+00:00,4331.39990234375,4342.0,4320.0,4325.10009765625,3208
2026-06-08 07:30:00+00:00,4319.89990234375,4336.60009765625,4319.2998046875,4331.7001953125,2571
2026-06-08 08:00:00+00:00,4312.10009765625,4322.39990234375,4309.60009765625,4319.2998046875,3374
2026-06-08 08:30:00+00:00,4313.10009765625,4318.2998046875,4310.2001953125,4312.7998046875,3199
2026-06-08 09:00:00+00:00,4304.39990234375,4316.7998046875,4303.5,4313.5,1820
2026-06-08 09:30:00+00:00,4318.7998046875,4326.39990234375,4297.10009765625,4304.10009765625,5879
2026-06-08 10:00:00+00:00,4318.39990234375,4322.2001953125,4310.60009765625,4319.0,2116
2026-06-08 10:30:00+00:00,4326.39990234375,4330.2998046875,4316.60009765625,4318.2001953125,2775
2026-06-08 11:00:00+00:00,4350.2001953125,4356.10009765625,4321.2998046875,4326.2001953125,6229
2026-06-08 11:30:00+00:00,4356.2998046875,4358.5,4346.0,4350.0,3323
2026-06-08 12:00:00+00:00,4354.7001953125,4359.5,4344.7998046875,4355.7001953125,3866
2026-06-08 12:30:00+00:00,4358.0,4364.7998046875,4352.0,4354.60009765625,4893
2026-06-08 13:00:00+00:00,4355.60009765625,4360.7998046875,4345.7001953125,4358.10009765625,4354
2026-06-08 13:30:00+00:00,4351.7998046875,4371.5,4350.39990234375,4355.5,7474
2026-06-08 14:00:00+00:00,4344.89990234375,4355.2998046875,4340.60009765625,4351.2998046875,6851
2026-06-08 14:30:00+00:00,4355.7998046875,4356.2998046875,4339.0,4345.0,4839
2026-06-08 15:00:00+00:00,4354.7998046875,4361.10009765625,4346.89990234375,4356.2998046875,4851
2026-06-08 15:30:00+00:00,4366.10009765625,4370.0,4353.0,4355.2998046875,3952
2026-06-08 16:00:00+00:00,4365.2001953125,4368.2998046875,4362.2001953125,4365.89990234375,2002
2026-06-08 16:30:00+00:00,4365.0,4371.0,4362.2001953125,4365.2001953125,2256
2026-06-08 17:00:00+00:00,4363.2998046875,4366.7998046875,4357.7001953125,4365.10009765625,4284
2026-06-08 17:30:00+00:00,4363.39990234375,4364.0,4356.60009765625,4363.60009765625,2247
2026-06-08 18:00:00+00:00,4366.89990234375,4370.2001953125,4363.0,4363.2998046875,2016
2026-06-08 18:30:00+00:00,4358.7998046875,4368.89990234375,4357.10009765625,4366.7001953125,1842
2026-06-08 19:00:00+00:00,4352.0,4362.2998046875,4350.2998046875,4358.7001953125,1867
2026-06-08 19:30:00+00:00,4350.2998046875,4354.7998046875,4346.60009765625,4351.7001953125,2638
2026-06-08 20:00:00+00:00,4350.0,4353.7998046875,4348.0,4350.5,942
2026-06-08 20:30:00+00:00,4353.7998046875,4354.39990234375,4349.2001953125,4350.89990234375,454
2026-06-08 22:00:00+00:00,4348.39990234375,4363.39990234375,4345.7998046875,4354.7001953125,692
2026-06-08 22:30:00+00:00,4351.5,4352.10009765625,4348.2998046875,4349.2998046875,323
2026-06-08 23:00:00+00:00,4344.0,4352.39990234375,4343.7001953125,4350.89990234375,459
2026-06-08 23:30:00+00:00,4340.89990234375,4345.2998046875,4336.0,4343.89990234375,1435
2026-06-09 00:00:00+00:00,4340.60009765625,4347.5,4338.7998046875,4340.89990234375,1032
2026-06-09 00:30:00+00:00,4344.10009765625,4347.10009765625,4338.7998046875,4341.0,1420
2026-06-09 01:00:00+00:00,4359.7998046875,4362.39990234375,4342.5,4344.0,2237
2026-06-09 01:30:00+00:00,4360.7998046875,4362.89990234375,4357.2998046875,4359.89990234375,1833
2026-06-09 02:00:00+00:00,4360.2001953125,4361.60009765625,4352.7001953125,4360.89990234375,1264
2026-06-09 02:30:00+00:00,4360.39990234375,4365.7001953125,4355.5,4359.89990234375,1194
2026-06-09 03:00:00+00:00,4360.7001953125,4366.5,4355.2001953125,4360.10009765625,1572
2026-06-09 03:30:00+00:00,4359.7998046875,4366.39990234375,4357.7998046875,4361.10009765625,1041
2026-06-09 04:00:00+00:00,4355.0,4364.10009765625,4353.2001953125,4360.7998046875,1034
2026-06-09 04:30:00+00:00,4356.5,4357.2998046875,4348.60009765625,4355.2001953125,1342
2026-06-09 05:00:00+00:00,4356.7998046875,4361.60009765625,4354.7998046875,4356.89990234375,916
2026-06-09 05:30:00+00:00,4367.89990234375,4375.7001953125,4355.7001953125,4356.2998046875,2422
2026-06-09 06:00:00+00:00,4363.5,4373.2001953125,4362.60009765625,4368.10009765625,1662
2026-06-09 06:30:00+00:00,4354.39990234375,4364.2998046875,4354.10009765625,4363.2998046875,1912
2026-06-09 07:00:00+00:00,4354.7998046875,4358.89990234375,4346.60009765625,4354.39990234375,2286
2026-06-09 07:30:00+00:00,4350.2001953125,4355.10009765625,4346.0,4355.10009765625,1508
2026-06-09 08:00:00+00:00,4357.7001953125,4360.0,4344.5,4350.10009765625,2151
2026-06-09 08:30:00+00:00,4350.39990234375,4360.7998046875,4349.2998046875,4358.0,1206
2026-06-09 09:00:00+00:00,4350.2001953125,4359.5,4347.89990234375,4350.2001953125,1796
2026-06-09 09:30:00+00:00,4356.0,4357.5,4348.89990234375,4350.2001953125,1879
2026-06-09 10:00:00+00:00,4357.5,4360.7001953125,4349.10009765625,4356.0,1718
2026-06-09 10:30:00+00:00,4363.2998046875,4365.2001953125,4353.60009765625,4357.7998046875,1915
2026-06-09 11:00:00+00:00,4362.5,4365.2001953125,4359.89990234375,4363.2998046875,1107
2026-06-09 11:30:00+00:00,4364.2998046875,4368.2998046875,4360.89990234375,4362.5,1470
2026-06-09 12:00:00+00:00,4359.89990234375,4368.60009765625,4359.39990234375,4364.39990234375,2705
2026-06-09 12:30:00+00:00,4365.39990234375,4369.0,4359.0,4360.0,2729
2026-06-09 13:00:00+00:00,4355.2001953125,4370.0,4354.2998046875,4366.10009765625,3710
2026-06-09 13:30:00+00:00,4353.2001953125,4388.60009765625,4349.10009765625,4355.39990234375,9952
2026-06-09 14:00:00+00:00,4342.7001953125,4360.2998046875,4328.2998046875,4352.89990234375,9564
2026-06-09 14:30:00+00:00,4325.0,4345.5,4302.10009765625,4342.39990234375,11268
2026-06-09 15:00:00+00:00,4302.7998046875,4326.39990234375,4301.0,4324.7998046875,5365
2026-06-09 15:30:00+00:00,4296.7001953125,4310.2001953125,4287.10009765625,4302.89990234375,8182
2026-06-09 16:00:00+00:00,4287.10009765625,4305.2998046875,4276.89990234375,4296.5,8238
2026-06-09 16:30:00+00:00,4276.0,4291.39990234375,4259.89990234375,4286.7998046875,10168
2026-06-09 17:00:00+00:00,4287.39990234375,4292.0,4275.10009765625,4276.10009765625,7745
2026-06-09 17:30:00+00:00,4287.2001953125,4292.7001953125,4280.2001953125,4287.60009765625,3826
2026-06-09 18:00:00+00:00,4295.2001953125,4298.7998046875,4283.60009765625,4287.5,2052
2026-06-09 18:30:00+00:00,4294.39990234375,4298.60009765625,4286.5,4295.10009765625,1417
2026-06-09 19:00:00+00:00,4281.60009765625,4296.10009765625,4276.7001953125,4294.60009765625,2207
2026-06-09 19:30:00+00:00,4282.7001953125,4284.2001953125,4274.0,4281.2001953125,2580
2026-06-09 20:00:00+00:00,4283.0,4285.2001953125,4280.0,4282.7998046875,628
2026-06-09 20:30:00+00:00,4284.7998046875,4286.10009765625,4281.7001953125,4283.0,529
2026-06-09 22:00:00+00:00,4280.60009765625,4281.10009765625,4270.2998046875,4276.10009765625,644
2026-06-09 22:30:00+00:00,4260.39990234375,4281.0,4255.39990234375,4280.5,3254
2026-06-09 23:00:00+00:00,4247.2001953125,4270.60009765625,4245.60009765625,4260.10009765625,2583
2026-06-09 23:30:00+00:00,4245.10009765625,4252.7001953125,4233.0,4247.60009765625,2787
2026-06-10 00:00:00+00:00,4240.60009765625,4251.10009765625,4239.5,4245.2001953125,1649
2026-06-10 00:30:00+00:00,4241.60009765625,4244.10009765625,4222.0,4241.10009765625,4048
2026-06-10 01:00:00+00:00,4225.5,4242.5,4210.7001953125,4242.2001953125,4959
2026-06-10 01:30:00+00:00,4212.2001953125,4230.5,4207.2001953125,4224.7998046875,3536
2026-06-10 02:00:00+00:00,4212.10009765625,4215.7998046875,4202.0,4212.89990234375,2564
2026-06-10 02:30:00+00:00,4197.7998046875,4216.5,4196.89990234375,4212.5,3461
2026-06-10 03:00:00+00:00,4201.0,4205.0,4195.5,4197.5,1674
2026-06-10 03:30:00+00:00,4208.2001953125,4210.2001953125,4200.0,4200.7998046875,1156
2026-06-10 04:00:00+00:00,4197.89990234375,4211.2001953125,4196.89990234375,4208.89990234375,1080
2026-06-10 04:30:00+00:00,4198.0,4199.0,4194.2001953125,4197.89990234375,1021
2026-06-10 05:00:00+00:00,4210.5,4210.5,4196.2998046875,4197.7001953125,1404
2026-06-10 05:30:00+00:00,4228.7001953125,4232.2001953125,4205.2001953125,4210.7001953125,3342
2026-06-10 06:00:00+00:00,4235.39990234375,4245.5,4228.39990234375,4228.60009765625,3358
2026-06-10 06:30:00+00:00,4227.10009765625,4236.89990234375,4225.10009765625,4234.7001953125,2032
2026-06-10 07:00:00+00:00,4218.10009765625,4231.0,4216.5,4226.7001953125,2285
2026-06-10 07:30:00+00:00,4209.7001953125,4220.7001953125,4205.0,4218.2998046875,3522
2026-06-10 08:00:00+00:00,4194.7001953125,4211.0,4184.0,4209.39990234375,5815
2026-06-10 08:30:00+00:00,4191.7001953125,4202.0,4188.7001953125,4194.7998046875,4035
2026-06-10 09:00:00+00:00,4189.0,4197.7001953125,4186.89990234375,4192.0,3389
2026-06-10 09:30:00+00:00,4191.60009765625,4202.60009765625,4185.60009765625,4188.60009765625,3768
2026-06-10 10:00:00+00:00,4187.60009765625,4193.7998046875,4178.5,4191.60009765625,3738
2026-06-10 10:30:00+00:00,4197.5,4201.5,4186.7998046875,4187.39990234375,2247
2026-06-10 11:00:00+00:00,4189.2001953125,4198.60009765625,4176.0,4197.5,5546
2026-06-10 11:30:00+00:00,4170.2001953125,4190.60009765625,4168.2001953125,4188.7998046875,5178
2026-06-10 12:00:00+00:00,4165.10009765625,4175.2001953125,4152.0,4169.89990234375,9376
2026-06-10 12:30:00+00:00,4169.60009765625,4197.2998046875,4161.5,4164.39990234375,10960
2026-06-10 13:00:00+00:00,4172.10009765625,4181.2001953125,4154.89990234375,4170.10009765625,8897
2026-06-10 13:30:00+00:00,4203.0,4209.5,4164.7998046875,4172.0,12858
2026-06-10 14:00:00+00:00,4184.2001953125,4204.10009765625,4182.60009765625,4202.60009765625,7637
2026-06-10 14:30:00+00:00,4147.10009765625,4186.39990234375,4139.7001953125,4184.0,8391
2026-06-10 15:00:00+00:00,4150.5,4159.7001953125,4135.89990234375,4147.7001953125,8673
2026-06-10 15:30:00+00:00,4151.89990234375,4154.2998046875,4129.60009765625,4150.7998046875,8873
2026-06-10 16:00:00+00:00,4150.60009765625,4158.7998046875,4145.89990234375,4152.7001953125,4498
2026-06-10 16:30:00+00:00,4144.60009765625,4155.0,4138.7001953125,4150.2998046875,3896
2026-06-10 17:00:00+00:00,4133.7998046875,4157.60009765625,4131.7001953125,4144.5,8255
2026-06-10 17:30:00+00:00,4134.89990234375,4136.7001953125,4123.5,4133.60009765625,5436
2026-06-10 18:00:00+00:00,4136.0,4144.0,4132.7998046875,4135.2998046875,2452
2026-06-10 18:30:00+00:00,4125.0,4135.89990234375,4120.2001953125,4135.7001953125,2920
2026-06-10 19:00:00+00:00,4108.0,4125.7998046875,4105.0,4125.39990234375,5028
2026-06-10 19:30:00+00:00,4106.2001953125,4116.10009765625,4105.10009765625,4108.2001953125,3557
2026-06-10 20:00:00+00:00,4101.5,4106.39990234375,4092.300048828125,4106.0,2484
2026-06-10 20:30:00+00:00,4094.10009765625,4101.2998046875,4090.10009765625,4101.2998046875,1543
2026-06-10 22:00:00+00:00,4068.0,4094.39990234375,4059.199951171875,4094.39990234375,3901
2026-06-10 22:30:00+00:00,4069.10009765625,4092.300048828125,4067.5,4068.5,3009
2026-06-10 23:00:00+00:00,4084.10009765625,4087.199951171875,4046.199951171875,4069.199951171875,4445
2026-06-10 23:30:00+00:00,4069.699951171875,4086.800048828125,4066.699951171875,4083.60009765625,1805
2026-06-11 00:00:00+00:00,4089.39990234375,4095.39990234375,4058.0,4070.89990234375,5049
2026-06-11 00:30:00+00:00,4097.5,4100.0,4081.0,4089.0,4350
2026-06-11 01:00:00+00:00,4124.89990234375,4129.7001953125,4087.39990234375,4097.2998046875,10029
2026-06-11 01:30:00+00:00,4122.39990234375,4138.5,4118.0,4125.10009765625,4972
2026-06-11 02:00:00+00:00,4102.7998046875,4122.89990234375,4101.89990234375,4122.7998046875,3041
2026-06-11 02:30:00+00:00,4089.300048828125,4105.5,4073.39990234375,4103.2001953125,4434
2026-06-11 03:00:00+00:00,4084.300048828125,4099.7998046875,4078.10009765625,4089.39990234375,2451
2026-06-11 03:30:00+00:00,4095.5,4097.0,4083.89990234375,4084.199951171875,1419
2026-06-11 04:00:00+00:00,4098.89990234375,4106.89990234375,4091.199951171875,4094.39990234375,1574
2026-06-11 04:30:00+00:00,4103.7998046875,4107.39990234375,4095.800048828125,4099.2001953125,1457
2026-06-11 05:00:00+00:00,4096.7001953125,4104.5,4093.800048828125,4104.2998046875,1249
2026-06-11 05:30:00+00:00,4115.5,4127.39990234375,4095.89990234375,4095.89990234375,3846
2026-06-11 06:00:00+00:00,4107.5,4115.7998046875,4097.0,4115.0,2863
2026-06-11 06:30:00+00:00,4115.7001953125,4118.5,4103.7001953125,4108.0,1715
2026-06-11 07:00:00+00:00,4128.39990234375,4131.2001953125,4112.0,4115.60009765625,3858
2026-06-11 07:30:00+00:00,4125.7998046875,4131.5,4119.39990234375,4128.2001953125,2630
2026-06-11 08:00:00+00:00,4118.5,4133.60009765625,4117.7998046875,4125.7001953125,2771
2026-06-11 08:30:00+00:00,4105.60009765625,4120.5,4105.60009765625,4118.39990234375,2696
2026-06-11 09:00:00+00:00,4100.0,4110.0,4099.5,4105.0,2687
2026-06-11 09:30:00+00:00,4112.39990234375,4117.5,4098.10009765625,4100.0,2462
2026-06-11 10:00:00+00:00,4108.60009765625,4115.60009765625,4107.2001953125,4111.7998046875,1362
2026-06-11 10:30:00+00:00,4110.2998046875,4113.7001953125,4107.5,4108.2001953125,1177
2026-06-11 11:00:00+00:00,4110.89990234375,4114.0,4103.39990234375,4110.2998046875,1996
2026-06-11 11:30:00+00:00,4100.7001953125,4116.39990234375,4100.2001953125,4110.39990234375,2447
2026-06-11 12:00:00+00:00,4089.5,4107.7998046875,4081.60009765625,4100.89990234375,5408
2026-06-11 12:30:00+00:00,4102.5,4106.2998046875,4078.0,4089.0,7081
2026-06-11 13:00:00+00:00,4096.39990234375,4106.89990234375,4092.699951171875,4102.7001953125,4329
2026-06-11 13:30:00+00:00,4104.2998046875,4114.2998046875,4088.0,4096.2001953125,7970
2026-06-11 14:00:00+00:00,4095.300048828125,4106.60009765625,4072.800048828125,4104.0,10075
2026-06-11 14:30:00+00:00,4094.39990234375,4104.39990234375,4091.300048828125,4095.300048828125,4325
2026-06-11 15:00:00+00:00,4102.89990234375,4110.60009765625,4090.89990234375,4094.199951171875,5692
2026-06-11 15:30:00+00:00,4110.0,4116.7998046875,4098.5,4102.89990234375,4011
2026-06-11 16:00:00+00:00,4100.7998046875,4129.0,4100.39990234375,4110.2001953125,4916
2026-06-11 16:30:00+00:00,4101.2001953125,4109.10009765625,4098.89990234375,4100.39990234375,2771
2026-06-11 17:00:00+00:00,4122.5,4123.2001953125,4092.89990234375,4101.5,8669
2026-06-11 17:30:00+00:00,4173.2001953125,4191.7998046875,4122.10009765625,4122.60009765625,18181
2026-06-11 18:00:00+00:00,4173.7001953125,4184.10009765625,4152.0,4173.2001953125,8154
2026-06-11 18:30:00+00:00,4183.10009765625,4193.0,4170.10009765625,4173.7998046875,3414
2026-06-11 19:00:00+00:00,4216.7998046875,4220.0,4183.5,4183.5,6662
2026-06-11 19:30:00+00:00,4229.89990234375,4241.2998046875,4217.0,4217.0,7150
2026-06-11 20:00:00+00:00,4235.39990234375,4240.0,4229.2001953125,4230.2001953125,2319
2026-06-11 20:30:00+00:00,4233.7998046875,4237.2998046875,4230.0,4235.7001953125,1614
2026-06-11 22:00:00+00:00,4235.5,4243.5,4226.2001953125,4234.89990234375,842
2026-06-11 22:30:00+00:00,4264.2001953125,4267.7998046875,4232.39990234375,4235.5,3078
2026-06-11 23:00:00+00:00,4237.2998046875,4267.2001953125,4234.60009765625,4264.5,2014
2026-06-11 23:30:00+00:00,4240.60009765625,4245.2001953125,4234.7998046875,4236.7998046875,1476
2026-06-12 00:00:00+00:00,4241.39990234375,4251.7001953125,4228.10009765625,4240.10009765625,2477
2026-06-12 00:30:00+00:00,4229.0,4249.7998046875,4221.39990234375,4241.7001953125,2166
2026-06-12 01:00:00+00:00,4202.60009765625,4232.39990234375,4200.2998046875,4229.7001953125,4178
2026-06-12 01:30:00+00:00,4208.2001953125,4213.2001953125,4192.89990234375,4204.0,3198
2026-06-12 02:00:00+00:00,4209.89990234375,4221.89990234375,4205.5,4208.2001953125,1627
2026-06-12 02:30:00+00:00,4213.5,4215.39990234375,4204.2001953125,4210.60009765625,1269
2026-06-12 03:00:00+00:00,4225.10009765625,4225.39990234375,4211.39990234375,4212.7001953125,1365
2026-06-12 03:30:00+00:00,4220.89990234375,4226.7001953125,4217.39990234375,4224.7998046875,953
2026-06-12 04:00:00+00:00,4214.5,4222.60009765625,4212.0,4219.0,787
2026-06-12 04:30:00+00:00,4211.89990234375,4220.10009765625,4211.10009765625,4214.5,610
2026-06-12 05:00:00+00:00,4208.89990234375,4214.39990234375,4203.60009765625,4211.7998046875,1024
2026-06-12 05:30:00+00:00,4194.7001953125,4209.60009765625,4192.10009765625,4208.5,2244
2026-06-12 06:00:00+00:00,4203.7998046875,4207.0,4194.7001953125,4194.7001953125,1638
2026-06-12 06:30:00+00:00,4205.39990234375,4206.10009765625,4193.7001953125,4204.0,1694
2026-06-12 07:00:00+00:00,4195.2998046875,4206.2998046875,4195.2998046875,4205.5,1736
2026-06-12 07:30:00+00:00,4215.2001953125,4215.2001953125,4191.10009765625,4195.2998046875,3971
2026-06-12 08:00:00+00:00,4234.5,4242.0,4213.2001953125,4215.89990234375,4723
2026-06-12 08:30:00+00:00,4241.2001953125,4247.7001953125,4233.7001953125,4235.0,3085
2026-06-12 09:00:00+00:00,4242.5,4248.60009765625,4239.10009765625,4241.39990234375,2809
2026-06-12 09:30:00+00:00,4243.10009765625,4249.60009765625,4240.39990234375,4242.10009765625,2790
2026-06-12 10:00:00+00:00,4227.7998046875,4246.7001953125,4223.60009765625,4242.89990234375,2964
2026-06-12 10:30:00+00:00,4231.89990234375,4239.7001953125,4227.5,4227.89990234375,1853
2026-06-12 11:00:00+00:00,4223.5,4233.10009765625,4223.0,4232.2998046875,1776
2026-06-12 11:30:00+00:00,4227.7998046875,4236.2998046875,4218.10009765625,4223.39990234375,2309
2026-06-12 12:00:00+00:00,4221.89990234375,4236.2998046875,4221.2001953125,4227.89990234375,3573
2026-06-12 12:30:00+00:00,4212.2998046875,4222.7001953125,4209.2998046875,4222.2001953125,5438
2026-06-12 13:00:00+00:00,4223.89990234375,4227.7001953125,4207.2998046875,4212.10009765625,3253
2026-06-12 13:30:00+00:00,4206.7001953125,4231.2001953125,4203.0,4223.7001953125,8442
2026-06-12 14:00:00+00:00,4208.7998046875,4220.10009765625,4202.89990234375,4207.39990234375,5832
2026-06-12 14:30:00+00:00,4224.89990234375,4229.5,4197.5,4209.2998046875,8151
2026-06-12 15:00:00+00:00,4246.7998046875,4256.7998046875,4221.0,4224.89990234375,6517
2026-06-12 15:30:00+00:00,4232.39990234375,4249.2001953125,4227.39990234375,4247.0,5783
2026-06-12 16:00:00+00:00,4237.5,4254.10009765625,4228.60009765625,4232.2998046875,4334
2026-06-12 16:30:00+00:00,4236.5,4241.0,4232.0,4237.89990234375,2758
2026-06-12 17:00:00+00:00,4239.2001953125,4247.10009765625,4234.39990234375,4236.5,4535
2026-06-12 17:30:00+00:00,4241.7998046875,4245.2998046875,4234.0,4239.2001953125,1781
2026-06-12 18:00:00+00:00,4247.2001953125,4256.2001953125,4238.5,4242.2001953125,2769
2026-06-12 18:30:00+00:00,4236.2001953125,4250.7998046875,4234.89990234375,4247.39990234375,2037
2026-06-12 19:00:00+00:00,4229.89990234375,4240.7998046875,4228.89990234375,4236.2001953125,1966
2026-06-12 19:30:00+00:00,4231.89990234375,4232.5,4223.2001953125,4229.89990234375,2503
2026-06-12 20:00:00+00:00,4235.7998046875,4238.10009765625,4230.7001953125,4231.60009765625,884
2026-06-12 20:30:00+00:00,4238.7998046875,4240.60009765625,4233.7001953125,4235.89990234375,845
