形态,时间,TF数量,有M30,有M15,入场价,止损价,盈亏,盈亏ATR,止损命中,胜
CDLSHORTLINE,2024-06-18 04:00,1,False,False,2333.6,2343.36,-5.4,-1.05,N,N
CDLSHORTLINE,2024-06-18 22:00,1,False,False,2338.3,2349.04,-6.3,-1.003,N,N
CDLSHORTLINE,2024-06-19 03:00,1,False,False,2344.1,2354.43,1.1,0.214,N,Y
CDLSHORTLINE,2024-06-19 06:00,1,False,False,2342.9,2352.38,-1.8,-0.369,N,N
CDLSHORTLINE,2024-06-21 06:00,1,False,False,2372.7,2382.98,-0.5,-0.089,N,N
CDLSHORTLINE,2024-06-25 03:00,1,False,False,2344.6,2353.91,1.3,0.272,N,Y
CDLSHORTLINE,2024-06-28 00:00,1,False,False,2336.2,2345.54,-0.6,-0.122,N,N
CDLSHORTLINE,2024-06-28 03:00,1,False,False,2336.8,2345.42,-1.4,-0.318,N,N
CDLSHORTLINE,2024-06-28 06:00,1,False,False,2337.4,2345.48,6.3,1.354,N,Y
CDLSHORTLINE,2024-07-02 06:00,1,False,False,2341.3,2350.53,-2.1,-0.454,N,N
CDLSHORTLINE,2024-07-03 04:00,1,False,False,2338.6,2348.11,-0.8,-0.169,N,N
CDLSHORTLINE,2024-07-08 06:00,1,False,False,2393.5,2405.89,-1.2,-0.184,N,N
CDLSHORTLINE,2024-07-08 11:00,1,False,False,2390.6,2401.57,5.6,0.92,N,Y
CDLSHORTLINE,2024-07-12 11:00,1,False,False,2414.2,2424.81,4.6,0.806,N,Y
CDLSHORTLINE,2024-07-12 12:00,1,False,False,2414.0,2424.07,4.6,0.81,N,Y
CDLSHORTLINE,2024-07-13 03:00,1,False,False,2417.7,2427.72,4.5,0.815,N,Y
CDLSHORTLINE,2024-07-13 04:00,1,False,False,2416.0,2425.57,2.8,0.526,N,Y
CDLSHORTLINE,2024-07-16 03:00,1,False,False,2426.0,2437.09,-1.1,-0.199,N,N
CDLSHORTLINE,2024-07-16 06:00,1,False,False,2425.7,2435.89,-6.2,-1.138,N,N
CDLSHORTLINE,2024-07-16 08:00,1,False,False,2425.8,2435.15,-9.35,-1.74,Y,N
CDLSHORTLINE,2024-07-16 18:00,1,False,False,2444.8,2454.28,-2.7,-0.397,N,N
CDLSHORTLINE,2024-07-24 06:00,1,False,False,2410.2,2419.39,1.0,0.201,N,Y
CDLSHORTLINE,2024-07-24 07:00,1,False,False,2409.3,2418.03,-6.0,-1.134,N,N
CDLSHORTLINE,2024-07-24 08:00,1,False,False,2409.1,2417.49,-8.39,-1.587,Y,N
CDLSHORTLINE,2024-07-30 23:00,1,False,False,2430.1,2469.21,-20.0,-1.002,N,N
CDLSHORTLINE,2024-08-02 06:00,1,False,False,2489.4,2503.32,-2.2,-0.268,N,N
CDLSHORTLINE,2024-08-09 07:00,1,False,False,2463.8,2475.56,1.9,0.289,N,Y
CDLSHORTLINE,2024-08-09 08:00,1,False,False,2463.0,2474.3,2.2,0.344,N,Y
CDLSHORTLINE,2024-08-09 17:00,1,False,False,2462.6,2472.91,-6.4,-1.02,N,N
CDLSHORTLINE,2024-08-10 03:00,1,False,False,2468.6,2479.91,1.8,0.302,N,Y
CDLSHORTLINE,2024-08-14 01:00,1,False,False,2507.3,2518.93,2.4,0.39,N,Y
CDLSHORTLINE,2024-08-14 04:00,1,False,False,2504.9,2515.67,-0.3,-0.054,N,N
CDLSHORTLINE,2024-08-14 06:00,1,False,False,2505.1,2515.55,0.2,0.035,N,Y
CDLSHORTLINE,2024-08-14 07:00,1,False,False,2503.6,2513.64,4.4,0.719,N,Y
CDLSHORTLINE,2024-08-16 00:00,1,False,False,2493.2,2507.57,-0.3,-0.04,N,N
CDLSHORTLINE,2024-08-16 01:00,1,False,False,2493.2,2506.95,-1.3,-0.18,N,N
CDLSHORTLINE,2024-08-20 04:00,1,False,False,2542.6,2553.72,-0.4,-0.071,N,N
CDLSHORTLINE,2024-08-20 07:00,1,False,False,2541.8,2551.94,4.4,0.783,N,Y
CDLSHORTLINE,2024-08-21 04:00,1,False,False,2552.1,2564.66,0.4,0.063,N,Y
CDLSHORTLINE,2024-08-21 07:00,1,False,False,2551.1,2562.66,-6.4,-1.031,N,N
CDLSHORTLINE,2024-08-22 07:00,1,False,False,2549.7,2560.92,10.8,1.677,N,Y
CDLSHORTLINE,2024-08-24 02:00,1,False,False,2545.4,2556.86,-3.0,-0.485,N,N
CDLSHORTLINE,2024-08-26 08:00,1,False,False,2549.0,2559.34,3.8,0.686,N,Y
CDLSHORTLINE,2024-08-26 12:00,1,False,False,2545.0,2554.28,-9.28,-1.74,Y,N
CDLSHORTLINE,2024-08-27 02:00,1,False,False,2552.6,2562.84,0.0,0.0,N,N
CDLSHORTLINE,2024-08-27 04:00,1,False,False,2553.6,2563.14,5.3,1.073,N,Y
CDLSHORTLINE,2024-08-27 06:00,1,False,False,2552.6,2561.73,7.5,1.502,N,Y
CDLSHORTLINE,2024-08-28 04:00,1,False,False,2560.0,2570.42,0.2,0.038,N,Y
CDLSHORTLINE,2024-08-28 08:00,1,False,False,2559.8,2569.12,8.8,1.643,N,Y
CDLSHORTLINE,2024-08-30 03:00,1,False,False,2554.4,2565.75,1.8,0.325,N,Y
CDLSHORTLINE,2024-08-30 07:00,1,False,False,2552.6,2562.3,3.2,0.608,N,Y
CDLSHORTLINE,2024-09-05 01:00,1,False,False,2525.4,2537.51,-1.1,-0.175,N,N
CDLSHORTLINE,2024-09-05 06:00,1,False,False,2525.4,2535.85,-1.2,-0.223,N,N
CDLSHORTLINE,2024-09-05 08:00,1,False,False,2525.2,2534.68,0.4,0.078,N,Y
CDLSHORTLINE,2024-09-06 03:00,1,False,False,2545.2,2555.28,-2.0,-0.402,N,N
CDLSHORTLINE,2024-09-06 06:00,1,False,False,2546.1,2555.24,2.6,0.558,N,Y
CDLSHORTLINE,2024-09-06 08:00,1,False,False,2545.9,2554.23,-1.8,-0.404,N,N
CDLSHORTLINE,2024-09-10 06:00,1,False,False,2535.9,2545.9,3.4,0.658,N,Y
CDLSHORTLINE,2024-09-10 07:00,1,False,False,2535.6,2545.13,3.6,0.728,N,Y
CDLSHORTLINE,2024-09-10 08:00,1,False,False,2534.1,2543.28,2.8,0.583,N,Y
CDLSHORTLINE,2024-09-11 01:00,1,False,False,2541.9,2551.45,-3.8,-0.761,N,N
CDLSHORTLINE,2024-09-11 04:00,1,False,False,2545.7,2554.44,0.4,0.09,N,Y
CDLSHORTLINE,2024-09-11 06:00,1,False,False,2545.4,2553.63,-2.3,-0.488,N,N
CDLSHORTLINE,2024-09-11 08:00,1,False,False,2545.3,2553.06,-2.9,-0.647,N,N
CDLSHORTLINE,2024-09-16 07:00,1,False,False,2607.0,2616.7,-6.1,-1.178,N,N
CDLSHORTLINE,2024-09-17 02:00,1,False,False,2608.6,2618.2,-1.5,-0.309,N,N
CDLSHORTLINE,2024-09-20 02:00,1,False,False,2613.5,2628.11,1.2,0.166,N,Y
CDLSHORTLINE,2024-09-20 04:00,1,False,False,2611.7,2625.12,-1.1,-0.169,N,N
CDLSHORTLINE,2024-09-20 07:00,1,False,False,2611.8,2623.74,-4.9,-0.767,N,N
CDLSHORTLINE,2024-09-23 07:00,1,False,False,2644.8,2655.78,-5.3,-0.858,N,N
CDLSHORTLINE,2024-09-23 08:00,1,False,False,2643.2,2653.66,-10.46,-1.69,Y,N
CDLSHORTLINE,2024-09-24 01:00,1,False,False,2653.0,2663.45,-0.4,-0.075,N,N
CDLSHORTLINE,2024-09-24 02:00,1,False,False,2652.3,2662.38,0.2,0.039,N,Y
CDLSHORTLINE,2024-09-24 03:00,1,False,False,2651.0,2660.64,-0.1,-0.021,N,N
CDLSHORTLINE,2024-09-24 06:00,1,False,False,2652.1,2661.08,-1.8,-0.376,N,N
CDLSHORTLINE,2024-09-24 07:00,1,False,False,2651.1,2659.64,-2.7,-0.582,N,N
CDLSHORTLINE,2024-09-25 07:00,1,False,False,2682.9,2694.17,-11.27,-1.662,Y,N
CDLSHORTLINE,2024-09-25 12:00,1,False,False,2683.2,2695.17,2.1,0.311,N,Y
CDLSHORTLINE,2024-09-25 18:00,1,False,False,2679.8,2690.76,-10.96,-1.772,Y,N
CDLSHORTLINE,2024-09-26 02:00,1,False,False,2684.7,2696.64,2.9,0.48,N,Y
CDLSHORTLINE,2024-09-26 03:00,1,False,False,2683.8,2695.15,4.0,0.682,N,Y
CDLSHORTLINE,2024-09-26 04:00,1,False,False,2681.3,2692.34,-1.3,-0.223,N,N
CDLSHORTLINE,2024-09-26 07:00,1,False,False,2679.8,2690.07,-1.6,-0.284,N,N
CDLSHORTLINE,2024-09-26 12:00,1,False,False,2683.8,2693.2,-3.8,-0.707,N,N
CDLSHORTLINE,2024-09-27 03:00,1,False,False,2696.6,2710.47,1.7,0.253,N,Y
CDLSHORTLINE,2024-09-27 04:00,1,False,False,2695.1,2708.38,3.1,0.478,N,Y
CDLSHORTLINE,2024-09-27 06:00,1,False,False,2694.7,2707.2,2.8,0.431,N,Y
CDLSHORTLINE,2024-09-27 08:00,1,False,False,2692.0,2703.36,-4.1,-0.657,N,N
CDLSHORTLINE,2024-10-02 06:00,1,False,False,2683.0,2696.01,1.4,0.207,N,Y
CDLSHORTLINE,2024-10-02 07:00,1,False,False,2681.2,2693.55,0.1,0.015,N,Y
CDLSHORTLINE,2024-10-02 08:00,1,False,False,2678.5,2690.41,2.0,0.309,N,Y
CDLSHORTLINE,2024-10-02 10:00,1,False,False,2681.1,2692.4,12.1,1.808,N,Y
CDLSHORTLINE,2024-10-03 06:00,1,False,False,2679.7,2690.76,0.9,0.154,N,Y
CDLSHORTLINE,2024-10-04 01:00,1,False,False,2676.9,2690.43,1.0,0.147,N,Y
CDLSHORTLINE,2024-10-04 04:00,1,False,False,2675.9,2687.79,-1.1,-0.185,N,N
CDLSHORTLINE,2024-10-04 07:00,1,False,False,2675.4,2686.3,-6.4,-1.121,N,N
CDLSHORTLINE,2024-10-04 16:00,1,False,False,2679.1,2688.38,-2.3,-0.453,N,N
CDLSHORTLINE,2024-10-11 06:00,1,False,False,2645.5,2657.44,-9.5,-1.475,N,N
CDLSHORTLINE,2024-10-12 03:00,1,False,False,2672.9,2683.72,8.2,1.314,N,Y
CDLSHORTLINE,2024-10-14 07:00,1,False,False,2664.7,2675.62,-7.4,-1.141,N,N
CDLSHORTLINE,2024-10-14 16:00,1,False,False,2676.4,2687.15,7.2,1.185,N,Y
CDLSHORTLINE,2024-10-16 06:00,1,False,False,2678.6,2689.18,-5.6,-0.986,N,N
CDLSHORTLINE,2024-10-16 07:00,1,False,False,2676.8,2686.91,-7.6,-1.36,N,N
CDLSHORTLINE,2024-10-16 08:00,1,False,False,2676.5,2686.13,-9.63,-1.723,Y,N
CDLSHORTLINE,2024-10-17 02:00,1,False,False,2691.3,2702.27,2.0,0.367,N,Y
CDLSHORTLINE,2024-10-17 03:00,1,False,False,2691.0,2701.49,1.3,0.253,N,Y
CDLSHORTLINE,2024-10-17 04:00,1,False,False,2690.4,2700.39,-3.0,-0.592,N,N
CDLSHORTLINE,2024-10-17 06:00,1,False,False,2689.3,2698.83,-9.53,-1.836,Y,N
CDLSHORTLINE,2024-10-18 01:00,1,False,False,2707.4,2719.63,-0.9,-0.145,N,N
CDLSHORTLINE,2024-10-18 02:00,1,False,False,2704.9,2716.68,-2.8,-0.476,N,N
CDLSHORTLINE,2024-10-18 06:00,1,False,False,2707.7,2717.99,-10.29,-1.705,Y,N
CDLSHORTLINE,2024-10-19 03:00,1,False,False,2734.9,2745.41,-3.7,-0.671,N,N
CDLSHORTLINE,2024-10-23 02:00,1,False,False,2759.1,2770.17,-2.2,-0.387,N,N
CDLSHORTLINE,2024-10-23 06:00,1,False,False,2761.3,2771.26,8.3,1.509,N,Y
CDLSHORTLINE,2024-10-23 07:00,1,False,False,2760.6,2770.13,7.3,1.365,N,Y
CDLSHORTLINE,2024-10-23 08:00,1,False,False,2759.5,2768.64,-0.7,-0.126,N,N
CDLSHORTLINE,2024-10-25 02:00,1,False,False,2748.4,2759.89,1.6,0.277,N,Y
CDLSHORTLINE,2024-10-25 04:00,1,False,False,2748.8,2759.39,4.4,0.82,N,Y
CDLSHORTLINE,2024-10-26 02:00,1,False,False,2754.9,2765.71,8.2,1.186,N,Y
CDLSHORTLINE,2024-10-28 23:00,1,False,False,2753.4,2764.8,-1.0,-0.164,N,N
CDLSHORTLINE,2024-10-29 04:00,1,False,False,2754.7,2764.5,-3.3,-0.642,N,N
CDLSHORTLINE,2024-10-30 03:00,1,False,False,2784.6,2796.34,-2.7,-0.458,N,N
CDLSHORTLINE,2024-10-31 02:00,1,False,False,2799.4,2811.16,1.1,0.183,N,Y
CDLSHORTLINE,2024-10-31 06:00,1,False,False,2798.3,2808.84,2.5,0.439,N,Y
CDLSHORTLINE,2024-10-31 07:00,1,False,False,2796.4,2806.53,-1.6,-0.285,N,N
CDLSHORTLINE,2024-11-06 02:00,1,False,False,2750.8,2762.75,-2.6,-0.43,N,N
CDLSHORTLINE,2024-11-06 03:00,1,False,False,2749.9,2761.34,-4.5,-0.758,N,N
CDLSHORTLINE,2024-11-08 02:00,1,False,False,2703.0,2719.63,-11.0,-1.117,N,N
CDLSHORTLINE,2024-11-08 12:00,1,False,False,2700.6,2715.1,6.0,0.749,N,Y
CDLSHORTLINE,2024-11-18 11:00,1,False,False,2594.4,2609.19,3.7,0.458,N,Y
CDLSHORTLINE,2024-11-18 15:00,1,False,False,2587.1,2600.94,-13.84,-1.657,Y,N
CDLSHORTLINE,2024-11-19 03:00,1,False,False,2614.0,2626.85,-2.6,-0.402,N,N
CDLSHORTLINE,2024-11-20 12:00,1,False,False,2639.8,2649.61,15.2,2.548,N,Y
CDLSHORTLINE,2024-11-21 04:00,1,False,False,2652.3,2663.33,-8.6,-1.437,N,N
CDLSHORTLINE,2024-11-22 03:00,1,False,False,2672.3,2684.15,1.2,0.198,N,Y
CDLSHORTLINE,2024-11-22 05:00,1,False,False,2672.2,2683.29,-7.9,-1.315,N,N
CDLSHORTLINE,2024-11-22 07:00,1,False,False,2671.1,2681.69,-10.59,-1.763,Y,N
CDLSHORTLINE,2024-11-23 03:00,1,False,False,2710.3,2723.68,-11.3,-1.196,N,N
CDLSHORTLINE,2024-11-23 04:00,1,False,False,2707.8,2720.71,-12.91,-1.366,Y,N
CDLSHORTLINE,2024-11-27 15:00,1,False,False,2647.4,2660.26,-12.86,-1.396,Y,N
CDLSHORTLINE,2024-12-03 08:00,1,False,False,2663.8,2707.58,0.6,0.026,N,Y
CDLSHORTLINE,2024-12-03 17:00,1,False,False,2666.5,2700.06,4.2,0.239,N,Y
CDLSHORTLINE,2024-12-03 18:00,1,False,False,2665.2,2696.75,-10.4,-0.551,N,N
CDLSHORTLINE,2024-12-04 01:00,1,False,False,2669.4,2705.08,5.0,0.264,N,Y
CDLSHORTLINE,2024-12-04 02:00,1,False,False,2668.2,2702.11,2.2,0.124,N,Y
CDLSHORTLINE,2024-12-04 11:00,1,False,False,2666.7,2692.94,-4.6,-0.296,N,N
CDLSHORTLINE,2024-12-05 04:00,1,False,False,2674.5,2706.93,2.4,0.156,N,Y
CDLSHORTLINE,2024-12-05 05:00,1,False,False,2674.3,2704.7,3.5,0.22,N,Y
CDLSHORTLINE,2024-12-05 07:00,1,False,False,2673.9,2702.48,3.4,0.206,N,Y
CDLSHORTLINE,2024-12-05 08:00,1,False,False,2672.1,2698.97,-0.7,-0.045,N,N
CDLSHORTLINE,2024-12-06 17:00,1,False,False,2662.5,2690.89,2.4,0.144,N,Y
CDLSHORTLINE,2024-12-10 01:00,1,False,False,2687.4,2726.84,6.6,0.293,N,Y
CDLSHORTLINE,2024-12-10 07:00,1,False,False,2683.0,2717.67,-8.6,-0.407,N,N
CDLSHORTLINE,2024-12-10 19:00,1,False,False,2697.0,2733.23,-16.8,-0.793,N,N
CDLSHORTLINE,2024-12-11 18:00,1,False,False,2725.6,2757.77,-6.5,-0.371,N,N
CDLSHORTLINE,2024-12-11 20:00,1,False,False,2725.5,2754.37,-28.87,-1.456,Y,N
CDLSHORTLINE,2024-12-12 04:00,1,False,False,2752.7,2786.66,-5.7,-0.321,N,N
CDLSHORTLINE,2024-12-12 18:00,1,False,False,2744.8,2768.18,18.6,1.145,N,Y
CDLSHORTLINE,2024-12-23 11:00,1,False,False,2639.1,2650.83,-6.2,-0.973,N,N
CDLSHORTLINE,2024-12-26 13:00,1,False,False,2642.0,2651.3,0.2,0.04,N,Y
CDLSHORTLINE,2024-12-27 05:00,1,False,False,2653.3,2662.1,2.7,0.583,N,Y
CDLSHORTLINE,2024-12-27 07:00,1,False,False,2652.8,2661.33,1.7,0.368,N,Y
CDLSHORTLINE,2024-12-27 08:00,1,False,False,2651.3,2659.55,-1.2,-0.263,N,N
CDLSHORTLINE,2025-01-01 03:00,1,False,False,2637.9,2648.34,-10.44,-1.824,Y,N
CDLSHORTLINE,2025-01-08 05:00,1,False,False,2663.1,2674.86,0.2,0.033,N,Y
CDLSHORTLINE,2025-01-09 05:00,1,False,False,2680.1,2692.56,3.7,0.587,N,Y
CDLSHORTLINE,2025-01-09 07:00,1,False,False,2679.2,2691.02,2.2,0.359,N,Y
CDLSHORTLINE,2025-01-09 08:00,1,False,False,2677.5,2688.82,-0.5,-0.084,N,N
CDLSHORTLINE,2025-01-09 09:00,1,False,False,2676.4,2687.43,-0.9,-0.153,N,N
CDLSHORTLINE,2025-01-10 03:00,1,False,False,2691.3,2702.11,-2.0,-0.371,N,N
CDLSHORTLINE,2025-01-10 04:00,1,False,False,2691.2,2701.43,-3.8,-0.732,N,N
CDLSHORTLINE,2025-01-10 09:00,1,False,False,2694.6,2703.38,-1.1,-0.234,N,N
CDLSHORTLINE,2025-01-11 03:00,1,False,False,2716.3,2732.18,-4.8,-0.578,N,N
CDLSHORTLINE,2025-01-13 08:00,1,False,False,2720.2,2734.43,4.8,0.616,N,Y
CDLSHORTLINE,2025-01-15 08:00,1,False,False,2689.3,2699.57,-2.1,-0.378,N,N
CDLSHORTLINE,2025-01-15 20:00,1,False,False,2706.0,2715.26,-9.26,-1.551,Y,N
CDLSHORTLINE,2025-01-16 03:00,1,False,False,2718.2,2730.1,-5.4,-0.885,N,N
CDLSHORTLINE,2025-01-17 04:00,1,False,False,2747.0,2758.01,-0.6,-0.105,N,N
CDLSHORTLINE,2025-01-18 01:00,1,False,False,2753.4,2764.38,14.4,2.31,N,Y
CDLSHORTLINE,2025-01-22 03:00,1,False,False,2757.5,2770.31,-0.9,-0.136,N,N
CDLSHORTLINE,2025-01-22 04:00,1,False,False,2755.8,2768.15,-7.3,-1.103,N,N
CDLSHORTLINE,2025-01-23 01:00,1,False,False,2768.2,2780.3,1.6,0.255,N,Y
CDLSHORTLINE,2025-01-23 03:00,1,False,False,2767.0,2778.48,3.6,0.618,N,Y
CDLSHORTLINE,2025-01-23 04:00,1,False,False,2766.6,2777.59,1.4,0.247,N,Y
CDLSHORTLINE,2025-01-23 05:00,1,False,False,2766.3,2776.83,4.9,0.859,N,Y
CDLSHORTLINE,2025-01-24 02:00,1,False,False,2764.0,2776.53,1.9,0.298,N,Y
CDLSHORTLINE,2025-01-24 03:00,1,False,False,2763.0,2775.12,0.8,0.132,N,Y
CDLSHORTLINE,2025-01-24 04:00,1,False,False,2762.0,2773.7,-5.7,-0.932,N,N
CDLSHORTLINE,2025-01-25 05:00,1,False,False,2777.5,2788.48,9.7,1.423,N,Y
CDLSHORTLINE,2025-01-29 07:00,1,False,False,2769.8,2778.57,-2.1,-0.465,N,N
CDLSHORTLINE,2025-01-29 11:00,1,False,False,2770.0,2777.63,3.8,0.919,N,Y
CDLSHORTLINE,2025-01-30 08:00,1,False,False,2773.6,2783.3,0.2,0.04,N,Y
CDLSHORTLINE,2025-01-30 09:00,1,False,False,2771.3,2780.76,0.6,0.119,N,Y
CDLSHORTLINE,2025-02-03 17:00,1,False,False,2828.9,2874.78,-18.6,-0.687,N,N
CDLSHORTLINE,2025-02-05 02:00,1,False,False,2873.7,2915.69,-0.5,-0.025,N,N
CDLSHORTLINE,2025-02-05 03:00,1,False,False,2873.7,2913.05,1.7,0.091,N,Y
CDLSHORTLINE,2025-02-05 07:00,1,False,False,2872.0,2904.54,-9.0,-0.547,N,N
CDLSHORTLINE,2025-02-06 03:00,1,False,False,2883.4,2903.17,-1.8,-0.182,N,N
CDLSHORTLINE,2025-02-07 12:00,1,False,False,2888.6,2900.11,1.1,0.172,N,Y
CDLSHORTLINE,2025-02-11 12:00,1,False,False,2942.5,2959.74,3.4,0.338,N,Y
CDLSHORTLINE,2025-02-11 16:00,1,False,False,2933.9,2951.19,3.7,0.396,N,Y
CDLSHORTLINE,2025-02-13 02:00,1,False,False,2927.3,2944.34,-1.7,-0.185,N,N
CDLSHORTLINE,2025-02-14 05:00,1,False,False,2957.2,2970.17,-1.9,-0.275,N,N
CDLSHORTLINE,2025-02-14 08:00,1,False,False,2956.4,2968.39,3.0,0.435,N,Y
CDLSHORTLINE,2025-02-19 07:00,1,False,False,2953.3,2965.93,5.5,0.688,N,Y
CDLSHORTLINE,2025-02-20 05:00,1,False,False,2949.6,2963.57,-4.1,-0.54,N,N
CDLSHORTLINE,2025-02-25 07:00,1,False,False,2966.0,2980.09,1.4,0.187,N,Y
CDLSHORTLINE,2025-02-27 08:00,1,False,False,2932.0,2944.97,13.5,1.802,N,Y
CDLSHORTLINE,2025-03-03 08:00,1,False,False,2877.1,2894.53,1.4,0.146,N,Y
CDLSHORTLINE,2025-03-03 10:00,1,False,False,2878.5,2895.31,5.9,0.642,N,Y
CDLSHORTLINE,2025-03-04 07:00,1,False,False,2901.5,2916.49,5.9,0.712,N,Y
CDLSHORTLINE,2025-03-04 10:00,1,False,False,2895.6,2910.09,-4.0,-0.495,N,N
CDLSHORTLINE,2025-03-04 18:00,1,False,False,2924.6,2940.51,-9.1,-1.008,N,N
CDLSHORTLINE,2025-03-05 01:00,1,False,False,2922.1,2939.54,-6.6,-0.714,N,N
CDLSHORTLINE,2025-03-05 07:00,1,False,False,2925.5,2940.68,10.5,1.197,N,Y
CDLSHORTLINE,2025-03-05 08:00,1,False,False,2924.0,2938.63,4.5,0.508,N,Y
CDLSHORTLINE,2025-03-06 05:00,1,False,False,2929.0,2946.24,-4.3,-0.469,N,N
CDLSHORTLINE,2025-03-06 07:00,1,False,False,2927.3,2943.71,-7.5,-0.847,N,N
CDLSHORTLINE,2025-03-06 08:00,1,False,False,2925.1,2940.86,-4.7,-0.54,N,N
CDLSHORTLINE,2025-03-06 12:00,1,False,False,2926.9,2941.64,9.7,1.165,N,Y
CDLSHORTLINE,2025-03-07 03:00,1,False,False,2922.0,2938.13,4.9,0.585,N,Y
CDLSHORTLINE,2025-03-07 17:00,1,False,False,2929.1,2941.86,3.2,0.457,N,Y
CDLSHORTLINE,2025-03-10 08:00,1,False,False,2920.9,2935.69,4.3,0.537,N,Y
CDLSHORTLINE,2025-03-12 07:00,1,False,False,2922.3,2933.9,0.6,0.095,N,Y
CDLSHORTLINE,2025-03-13 03:00,1,False,False,2939.9,2952.69,-5.3,-0.798,N,N
CDLSHORTLINE,2025-03-15 01:00,1,False,False,2997.4,3012.02,3.7,0.47,N,Y
CDLSHORTLINE,2025-03-18 06:00,1,False,False,3008.6,3018.93,-6.6,-1.12,N,N
CDLSHORTLINE,2025-03-19 03:00,1,False,False,3042.7,3054.79,4.5,0.736,N,Y
CDLSHORTLINE,2025-03-19 04:00,1,False,False,3041.7,3053.26,3.7,0.623,N,Y
CDLSHORTLINE,2025-03-19 06:00,1,False,False,3041.1,3052.14,4.2,0.723,N,Y
CDLSHORTLINE,2025-03-19 07:00,1,False,False,3038.2,3048.9,-2.6,-0.449,N,N
CDLSHORTLINE,2025-03-20 01:00,1,False,False,3038.6,3050.76,-12.16,-1.533,Y,N
CDLSHORTLINE,2025-03-24 19:00,1,False,False,3030.1,3042.67,13.4,1.68,N,Y
CDLSHORTLINE,2025-03-26 07:00,1,False,False,3025.3,3035.38,-3.0,-0.523,N,N
CDLSHORTLINE,2025-03-27 23:00,1,False,False,3063.1,3078.68,-5.2,-0.629,N,N
CDLSHORTLINE,2025-03-28 04:00,1,False,False,3069.1,3082.11,-4.1,-0.607,N,N
CDLSHORTLINE,2025-03-28 06:00,1,False,False,3068.6,3081.07,-12.47,-1.745,Y,N
CDLSHORTLINE,2025-03-28 12:00,1,False,False,3083.1,3095.35,-12.25,-1.363,Y,N
CDLSHORTLINE,2025-04-02 10:00,1,False,False,3157.8,3206.16,10.6,0.41,N,Y
CDLSHORTLINE,2025-04-03 10:00,1,False,False,3168.9,3229.3,14.8,0.468,N,Y
CDLSHORTLINE,2025-04-09 10:00,1,False,False,3016.5,3061.11,-15.6,-0.646,N,N
CDLSHORTLINE,2025-04-09 18:00,1,False,False,3060.7,3099.67,-31.3,-1.214,N,N
CDLSHORTLINE,2025-04-10 16:00,1,False,False,3121.8,3166.49,-20.4,-0.85,N,N
CDLSHORTLINE,2025-04-14 08:00,1,False,False,3238.0,3284.83,-9.6,-0.371,N,N
CDLSHORTLINE,2025-04-14 11:00,1,False,False,3247.6,3292.89,1.1,0.045,N,Y
CDLSHORTLINE,2025-04-14 12:00,1,False,False,3242.4,3285.67,-0.9,-0.036,N,N
CDLSHORTLINE,2025-04-15 23:00,1,False,False,3237.6,3264.46,-7.9,-0.582,N,N
CDLSHORTLINE,2025-04-16 00:00,1,False,False,3237.5,3262.94,-9.2,-0.711,N,N
CDLSHORTLINE,2025-04-17 17:00,1,False,False,3335.1,3358.11,-6.4,-0.474,N,N
CDLSHORTLINE,2025-04-24 18:00,1,False,False,3341.5,3376.59,15.0,0.773,N,Y
CDLSHORTLINE,2025-04-25 02:00,1,False,False,3346.8,3377.01,-30.21,-1.764,Y,N
CDLSHORTLINE,2025-04-29 04:00,1,False,False,3354.8,3382.55,15.0,0.984,N,Y
CDLSHORTLINE,2025-04-29 08:00,1,False,False,3339.8,3366.47,16.7,1.086,N,Y
CDLSHORTLINE,2025-04-30 04:00,1,False,False,3327.6,3350.34,4.4,0.344,N,Y
CDLSHORTLINE,2025-05-01 01:00,1,False,False,3315.8,3341.39,16.6,1.175,N,Y
CDLSHORTLINE,2025-05-02 12:00,1,False,False,3260.4,3284.17,-6.6,-0.5,N,N
CDLSHORTLINE,2025-05-02 16:00,1,False,False,3265.7,3288.01,-4.2,-0.341,N,N
CDLSHORTLINE,2025-05-08 01:00,1,False,False,3393.6,3420.63,21.0,1.302,N,Y
CDLSHORTLINE,2025-05-10 02:00,1,False,False,3343.5,3367.45,66.8,3.755,N,Y
CDLSHORTLINE,2025-05-13 17:00,1,False,False,3257.8,3282.61,11.4,0.859,N,Y
CDLSHORTLINE,2025-05-13 18:00,1,False,False,3257.0,3280.66,25.0,1.818,N,Y
CDLSHORTLINE,2025-05-14 03:00,1,False,False,3253.5,3275.63,-4.8,-0.428,N,N
CDLSHORTLINE,2025-05-20 00:00,1,False,False,3234.4,3260.37,-1.0,-0.075,N,N
CDLSHORTLINE,2025-05-20 03:00,1,False,False,3235.4,3258.78,10.6,0.875,N,Y
CDLSHORTLINE,2025-05-20 04:00,1,False,False,3232.2,3254.61,7.2,0.601,N,Y
CDLSHORTLINE,2025-05-20 06:00,1,False,False,3229.3,3250.93,5.0,0.417,N,Y
CDLSHORTLINE,2025-05-21 07:00,1,False,False,3293.9,3314.74,-20.84,-1.558,Y,N
CDLSHORTLINE,2025-05-21 12:00,1,False,False,3304.2,3326.67,-7.6,-0.58,N,N
CDLSHORTLINE,2025-05-22 02:00,1,False,False,3316.5,3338.14,-2.9,-0.253,N,N
CDLSHORTLINE,2025-05-22 04:00,1,False,False,3316.6,3337.39,-8.6,-0.793,N,N
CDLSHORTLINE,2025-05-24 00:00,1,False,False,3359.4,3383.99,-1.0,-0.079,N,N
CDLSHORTLINE,2025-05-24 02:00,1,False,False,3361.7,3384.7,19.2,1.516,N,Y
CDLSHORTLINE,2025-05-24 04:00,1,False,False,3357.7,3379.11,17.3,1.37,N,Y
CDLSHORTLINE,2025-05-26 11:00,1,False,False,3345.8,3367.25,9.4,0.827,N,Y
CDLSHORTLINE,2025-05-26 13:00,1,False,False,3346.5,3366.46,13.3,1.224,N,Y
CDLSHORTLINE,2025-05-27 01:00,1,False,False,3341.1,3356.06,-4.6,-0.592,N,N
CDLSHORTLINE,2025-05-30 02:00,1,False,False,3345.5,3381.85,8.1,0.454,N,Y
CDLSHORTLINE,2025-05-30 03:00,1,False,False,3340.6,3375.13,1.6,0.095,N,Y
CDLSHORTLINE,2025-05-30 08:00,1,False,False,3335.9,3364.53,17.7,1.105,N,Y
CDLSHORTLINE,2025-06-04 23:00,1,False,False,3396.3,3418.12,-4.4,-0.387,N,N
CDLSHORTLINE,2025-06-05 03:00,1,False,False,3397.3,3416.33,-4.3,-0.442,N,N
CDLSHORTLINE,2025-06-05 06:00,1,False,False,3397.2,3414.64,-0.1,-0.01,N,N
CDLSHORTLINE,2025-06-11 16:00,1,False,False,3365.5,3381.7,11.7,1.226,N,Y
CDLSHORTLINE,2025-06-12 11:00,1,False,False,3393.9,3414.27,-1.1,-0.101,N,N
CDLSHORTLINE,2025-06-12 12:00,1,False,False,3390.8,3410.28,24.2,1.894,N,Y
CDLSHORTLINE,2025-06-12 22:00,1,False,False,3404.4,3429.03,1.1,0.083,N,Y
CDLSHORTLINE,2025-06-13 04:00,1,False,False,3406.4,3426.56,-20.16,-1.585,Y,N
CDLSHORTLINE,2025-06-14 03:00,1,False,False,3452.1,3473.9,-21.8,-1.62,Y,N
CDLSHORTLINE,2025-06-16 12:00,1,False,False,3446.5,3468.12,14.7,1.223,N,Y
CDLSHORTLINE,2025-06-19 00:00,1,False,False,3409.5,3427.07,24.2,2.232,N,Y
CDLSHORTLINE,2025-06-21 01:00,1,False,False,3383.2,3400.01,-1.2,-0.139,N,N
CDLSHORTLINE,2025-06-21 02:00,1,False,False,3382.3,3398.36,-16.06,-1.589,Y,N
CDLSHORTLINE,2025-06-23 23:00,1,False,False,3403.3,3424.08,9.5,0.768,N,Y
CDLSHORTLINE,2025-06-26 04:00,1,False,False,3346.4,3360.8,-0.9,-0.113,N,N
CDLSHORTLINE,2025-06-26 06:00,1,False,False,3346.3,3360.23,2.6,0.328,N,Y
CDLSHORTLINE,2025-06-26 12:00,1,False,False,3347.9,3361.87,-11.5,-1.459,N,N
CDLSHORTLINE,2025-06-30 16:00,1,False,False,3300.6,3318.7,11.4,1.12,N,Y
CDLSHORTLINE,2025-07-01 01:00,1,False,False,3305.8,3322.9,-9.2,-0.965,N,N
CDLSHORTLINE,2025-07-02 02:00,1,False,False,3350.2,3364.12,-1.8,-0.244,N,N
CDLSHORTLINE,2025-07-02 03:00,1,False,False,3349.6,3362.97,1.0,0.138,N,Y
CDLSHORTLINE,2025-07-04 16:00,1,False,False,3352.5,3366.76,7.9,1.008,N,Y
CDLSHORTLINE,2025-07-08 04:00,1,False,False,3346.4,3361.15,2.2,0.269,N,Y
CDLSHORTLINE,2025-07-11 04:00,1,False,False,3333.0,3346.3,-13.3,-1.769,Y,N
CDLSHORTLINE,2025-07-12 04:00,1,False,False,3370.6,3385.07,-11.1,-1.318,N,N
CDLSHORTLINE,2025-07-16 17:00,1,False,False,3347.1,3358.85,5.1,0.731,N,Y
CDLSHORTLINE,2025-07-17 02:00,1,False,False,3357.4,3377.19,2.0,0.204,N,Y
CDLSHORTLINE,2025-07-17 03:00,1,False,False,3354.3,3373.19,2.3,0.242,N,Y
CDLSHORTLINE,2025-07-17 04:00,1,False,False,3354.2,3372.11,7.6,0.812,N,Y
CDLSHORTLINE,2025-07-17 07:00,1,False,False,3352.0,3368.65,4.7,0.515,N,Y
CDLSHORTLINE,2025-07-18 07:00,1,False,False,3345.6,3358.74,1.8,0.244,N,Y
CDLSHORTLINE,2025-07-18 16:00,1,False,False,3352.9,3365.46,-7.8,-1.097,N,N
CDLSHORTLINE,2025-07-19 01:00,1,False,False,3358.5,3370.42,3.0,0.474,N,Y
CDLSHORTLINE,2025-07-19 02:00,1,False,False,3357.4,3368.88,3.1,0.5,N,Y
CDLSHORTLINE,2025-07-23 12:00,1,False,False,3436.7,3449.45,2.4,0.328,N,Y
CDLSHORTLINE,2025-07-30 21:00,1,False,False,3356.9,3402.7,4.7,0.204,N,Y
CDLSHORTLINE,2025-07-30 22:00,1,False,False,3355.9,3399.35,1.0,0.046,N,Y
CDLSHORTLINE,2025-07-31 11:00,1,False,False,3344.2,3371.39,-5.9,-0.428,N,N
CDLSHORTLINE,2025-08-04 12:00,1,False,False,3410.7,3427.78,2.1,0.223,N,Y
CDLSHORTLINE,2025-08-04 13:00,1,False,False,3409.2,3425.73,-2.3,-0.25,N,N
CDLSHORTLINE,2025-08-05 04:00,1,False,False,3428.6,3442.87,-5.0,-0.674,N,N
CDLSHORTLINE,2025-08-05 12:00,1,False,False,3425.0,3436.78,-3.3,-0.471,N,N
CDLSHORTLINE,2025-08-06 01:00,1,False,False,3434.8,3450.27,-0.2,-0.026,N,N
CDLSHORTLINE,2025-08-06 02:00,1,False,False,3434.3,3449.03,0.5,0.068,N,Y
CDLSHORTLINE,2025-08-06 03:00,1,False,False,3433.5,3447.58,-4.6,-0.637,N,N
CDLSHORTLINE,2025-08-06 06:00,1,False,False,3433.8,3446.69,2.4,0.33,N,Y
CDLSHORTLINE,2025-08-07 03:00,1,False,False,3434.0,3446.86,-2.2,-0.316,N,N
CDLSHORTLINE,2025-08-07 04:00,1,False,False,3431.8,3444.37,-12.57,-1.709,Y,N
CDLSHORTLINE,2025-08-07 18:00,1,False,False,3445.0,3461.19,-16.19,-1.605,Y,N
CDLSHORTLINE,2025-08-08 02:00,1,False,False,3452.1,3469.05,-16.95,-1.572,Y,N
CDLSHORTLINE,2025-08-08 13:00,1,False,False,3487.1,3510.57,4.6,0.327,N,Y
CDLSHORTLINE,2025-08-08 23:00,1,False,False,3492.3,3520.07,38.5,2.267,N,Y
CDLSHORTLINE,2025-08-09 00:00,1,False,False,3488.4,3515.05,31.8,1.919,N,Y
CDLSHORTLINE,2025-08-14 04:00,1,False,False,3407.0,3420.17,-13.17,-1.784,Y,N
CDLSHORTLINE,2025-08-18 10:00,1,False,False,3388.5,3401.68,-13.18,-1.671,Y,N
CDLSHORTLINE,2025-08-21 02:00,1,False,False,3388.8,3399.48,-3.6,-0.647,N,N
CDLSHORTLINE,2025-08-21 07:00,1,False,False,3389.4,3398.85,2.3,0.427,N,Y
CDLSHORTLINE,2025-08-22 00:00,1,False,False,3383.7,3396.29,0.5,0.077,N,Y
CDLSHORTLINE,2025-08-22 07:00,1,False,False,3382.6,3392.41,5.7,1.046,N,Y
CDLSHORTLINE,2025-08-25 06:00,1,False,False,3413.1,3426.41,5.3,0.719,N,Y
CDLSHORTLINE,2025-08-25 08:00,1,False,False,3410.1,3422.96,-2.5,-0.36,N,N
CDLSHORTLINE,2025-08-25 15:00,1,False,False,3411.0,3421.89,0.7,0.12,N,Y
CDLSHORTLINE,2025-08-25 16:00,1,False,False,3409.3,3419.81,-6.4,-1.088,N,N
CDLSHORTLINE,2025-08-27 00:00,1,False,False,3432.1,3446.76,-5.6,-0.723,N,N
CDLSHORTLINE,2025-08-27 01:00,1,False,False,3430.6,3444.76,-12.6,-1.654,N,N
CDLSHORTLINE,2025-08-28 01:00,1,False,False,3447.6,3460.15,-4.2,-0.646,N,N
CDLSHORTLINE,2025-08-28 06:00,1,False,False,3449.2,3460.36,5.6,0.9,N,Y
CDLSHORTLINE,2025-08-28 17:00,1,False,False,3455.2,3465.1,-9.9,-1.608,Y,N
CDLSHORTLINE,2025-08-29 06:00,1,False,False,3475.7,3486.67,3.4,0.588,N,Y
CDLSHORTLINE,2025-08-29 07:00,1,False,False,3475.3,3485.63,3.9,0.696,N,Y
CDLSHORTLINE,2025-09-05 00:00,1,False,False,3610.5,3631.76,4.6,0.41,N,Y
CDLSHORTLINE,2025-09-05 12:00,1,False,False,3616.7,3633.65,9.2,1.007,N,Y
CDLSHORTLINE,2025-09-06 02:00,1,False,False,3649.2,3669.81,16.8,1.354,N,Y
CDLSHORTLINE,2025-09-06 03:00,1,False,False,3646.5,3666.17,15.7,1.308,N,Y
CDLSHORTLINE,2025-09-08 07:00,1,False,False,3630.8,3651.8,-2.1,-0.182,N,N
CDLSHORTLINE,2025-09-09 03:00,1,False,False,3676.2,3693.18,1.4,0.156,N,Y
CDLSHORTLINE,2025-09-10 01:00,1,False,False,3682.1,3703.43,18.3,1.588,N,Y
CDLSHORTLINE,2025-09-11 00:00,1,False,False,3682.0,3699.92,0.3,0.031,N,Y
CDLSHORTLINE,2025-09-12 01:00,1,False,False,3673.1,3691.54,-0.3,-0.032,N,N
CDLSHORTLINE,2025-09-12 04:00,1,False,False,3673.4,3689.97,-0.4,-0.045,N,N
CDLSHORTLINE,2025-09-13 01:00,1,False,False,3687.3,3700.86,6.6,0.943,N,Y
CDLSHORTLINE,2025-09-13 02:00,1,False,False,3686.9,3699.77,7.2,1.006,N,Y
CDLSHORTLINE,2025-09-15 12:00,1,False,False,3682.8,3695.6,2.1,0.288,N,Y
CDLSHORTLINE,2025-09-15 13:00,1,False,False,3681.1,3693.48,-1.3,-0.182,N,N
CDLSHORTLINE,2025-09-16 02:00,1,False,False,3716.3,3732.33,-1.5,-0.181,N,N
CDLSHORTLINE,2025-09-16 04:00,1,False,False,3719.5,3734.39,1.8,0.209,N,Y
CDLSHORTLINE,2025-09-16 16:00,1,False,False,3731.7,3745.79,-2.8,-0.355,N,N
CDLSHORTLINE,2025-09-17 01:00,1,False,False,3723.8,3739.34,-3.7,-0.465,N,N
CDLSHORTLINE,2025-09-18 18:00,1,False,False,3701.2,3722.51,25.8,1.912,N,Y
CDLSHORTLINE,2025-09-19 18:00,1,False,False,3688.5,3704.67,-7.6,-0.752,N,N
CDLSHORTLINE,2025-09-22 07:00,1,False,False,3721.6,3739.51,0.2,0.02,N,Y
CDLSHORTLINE,2025-09-22 12:00,1,False,False,3727.5,3744.48,-16.98,-1.609,Y,N
CDLSHORTLINE,2025-09-23 12:00,1,False,False,3778.8,3795.07,-8.8,-0.932,N,N
CDLSHORTLINE,2025-09-24 14:00,1,False,False,3804.4,3823.27,3.0,0.284,N,Y
CDLSHORTLINE,2025-09-26 06:00,1,False,False,3779.6,3801.07,11.0,0.89,N,Y
CDLSHORTLINE,2025-09-29 07:00,1,False,False,3795.9,3816.64,-20.74,-1.558,Y,N
CDLSHORTLINE,2025-09-30 02:00,1,False,False,3853.2,3875.27,-5.9,-0.504,N,N
CDLSHORTLINE,2025-10-01 01:00,1,False,False,3872.2,3899.92,-15.4,-1.033,N,N
CDLSHORTLINE,2025-10-01 08:00,1,False,False,3888.3,3911.11,-1.4,-0.107,N,N
CDLSHORTLINE,2025-10-01 18:00,1,False,False,3914.7,3936.42,14.9,1.115,N,Y
CDLSHORTLINE,2025-10-04 03:00,1,False,False,3910.9,3931.8,-20.9,-1.648,Y,N
CDLSHORTLINE,2025-10-04 04:00,1,False,False,3908.9,3928.84,-19.94,-1.647,Y,N
CDLSHORTLINE,2025-10-08 03:00,1,False,False,4002.5,4026.77,-13.7,-1.093,N,N
CDLSHORTLINE,2025-10-09 04:00,1,False,False,4060.6,4085.15,18.4,1.144,N,Y
CDLSHORTLINE,2025-10-09 17:00,1,False,False,4057.2,4083.2,-15.7,-1.077,N,N
CDLSHORTLINE,2025-10-13 10:00,1,False,False,4066.1,4109.9,-16.5,-0.719,N,N
CDLSHORTLINE,2025-10-16 04:00,1,False,False,4224.9,4255.25,0.4,0.023,N,Y
CDLSHORTLINE,2025-10-16 07:00,1,False,False,4223.2,4252.63,-29.43,-1.695,Y,N
CDLSHORTLINE,2025-10-17 17:00,1,False,False,4353.3,4403.89,26.3,0.857,N,Y
CDLSHORTLINE,2025-10-17 18:00,1,False,False,4339.7,4389.67,52.9,1.607,N,Y
CDLSHORTLINE,2025-10-21 07:00,1,False,False,4377.3,4423.8,22.4,0.844,N,Y
CDLSHORTLINE,2025-11-03 12:00,1,False,False,4013.5,4049.69,-22.4,-1.148,N,N
CDLSHORTLINE,2025-11-06 01:00,1,False,False,3991.3,4018.83,-3.5,-0.244,N,N
CDLSHORTLINE,2025-11-06 04:00,1,False,False,3994.8,4019.92,10.1,0.74,N,Y
CDLSHORTLINE,2025-11-06 13:00,1,False,False,3996.7,4018.08,-21.38,-1.696,Y,N
CDLSHORTLINE,2025-11-06 17:00,1,False,False,4020.3,4041.51,5.8,0.477,N,Y
CDLSHORTLINE,2025-11-08 02:00,1,False,False,4012.5,4038.72,4.1,0.299,N,Y
CDLSHORTLINE,2025-11-08 05:00,1,False,False,4008.4,4032.41,-24.01,-1.591,Y,N
CDLSHORTLINE,2025-11-12 05:00,1,False,False,4133.2,4154.47,-4.2,-0.333,N,N
CDLSHORTLINE,2025-11-14 11:00,1,False,False,4207.7,4241.75,30.4,1.579,N,Y
CDLSHORTLINE,2025-11-19 05:00,1,False,False,4067.4,4101.12,7.8,0.435,N,Y
CDLSHORTLINE,2025-11-19 08:00,1,False,False,4069.0,4100.9,2.2,0.122,N,Y
CDLSHORTLINE,2025-11-20 08:00,1,False,False,4102.0,4136.61,31.7,1.417,N,Y
CDLSHORTLINE,2025-11-21 04:00,1,False,False,4077.3,4117.39,3.7,0.18,N,Y
CDLSHORTLINE,2025-11-21 05:00,1,False,False,4076.7,4114.72,8.5,0.423,N,Y
CDLSHORTLINE,2025-12-03 08:00,1,False,False,4243.0,4306.6,-9.4,-0.27,N,N
CDLSHORTLINE,2025-12-03 11:00,1,False,False,4252.4,4313.39,13.5,0.445,N,Y
CDLSHORTLINE,2025-12-05 07:00,1,False,False,4236.2,4281.12,-0.8,-0.035,N,N
CDLSHORTLINE,2025-12-09 19:00,1,False,False,4232.1,4257.67,-1.8,-0.122,N,N
CDLSHORTLINE,2025-12-10 04:00,1,False,False,4240.8,4265.14,3.9,0.318,N,Y
CDLSHORTLINE,2025-12-10 08:00,1,False,False,4236.9,4258.38,1.9,0.158,N,Y
CDLSHORTLINE,2025-12-12 08:00,1,False,False,4299.6,4326.19,-1.7,-0.123,N,N
CDLSHORTLINE,2025-12-12 12:00,1,False,False,4297.6,4320.63,-23.03,-1.833,Y,N
CDLSHORTLINE,2025-12-15 07:00,1,False,False,4333.9,4365.88,-24.4,-1.433,N,N
CDLSHORTLINE,2025-12-15 12:00,1,False,False,4358.9,4386.61,-13.5,-0.884,N,N
CDLSHORTLINE,2025-12-17 04:00,1,False,False,4334.1,4362.54,-8.1,-0.566,N,N
CDLSHORTLINE,2025-12-17 19:00,1,False,False,4345.9,4369.17,-23.27,-1.633,Y,N
CDLSHORTLINE,2025-12-18 07:00,1,False,False,4371.0,4396.26,6.3,0.46,N,Y
CDLSHORTLINE,2025-12-18 08:00,1,False,False,4366.9,4391.57,3.5,0.265,N,Y
CDLSHORTLINE,2025-12-18 11:00,1,False,False,4363.4,4386.47,-1.0,-0.085,N,N
CDLSHORTLINE,2025-12-18 12:00,1,False,False,4362.0,4384.11,-0.6,-0.052,N,N
CDLSHORTLINE,2025-12-19 05:00,1,False,False,4363.9,4392.3,13.4,0.858,N,Y
CDLSHORTLINE,2025-12-20 03:00,1,False,False,4376.2,4397.59,-9.1,-0.716,N,N
CDLSHORTLINE,2025-12-24 05:00,1,False,False,4515.0,4541.14,-26.14,-1.645,Y,N
CDLSHORTLINE,2025-12-26 15:00,1,False,False,4540.6,4575.25,-3.5,-0.193,N,N
CDLSHORTLINE,2025-12-26 17:00,1,False,False,4542.5,4574.93,3.5,0.203,N,Y
CDLSHORTLINE,2026-01-02 14:00,1,False,False,4387.6,4429.93,-9.9,-0.454,N,N
CDLSHORTLINE,2026-01-02 19:00,1,False,False,4405.5,4441.1,40.8,1.877,N,Y
CDLSHORTLINE,2026-01-07 03:00,1,False,False,4492.2,4521.03,-12.4,-0.825,N,N
CDLSHORTLINE,2026-01-09 07:00,1,False,False,4485.3,4512.83,6.4,0.411,N,Y
CDLSHORTLINE,2026-01-09 15:00,1,False,False,4479.3,4503.5,-2.0,-0.154,N,N
CDLSHORTLINE,2026-01-12 11:00,1,False,False,4582.6,4621.05,-6.7,-0.333,N,N
CDLSHORTLINE,2026-01-12 17:00,1,False,False,4599.4,4632.84,-1.0,-0.056,N,N
CDLSHORTLINE,2026-01-13 17:00,1,False,False,4595.2,4623.89,-6.8,-0.438,N,N
CDLSHORTLINE,2026-01-14 12:00,1,False,False,4636.0,4665.09,-3.7,-0.223,N,N
CDLSHORTLINE,2026-01-14 15:00,1,False,False,4639.7,4668.75,-1.5,-0.094,N,N
CDLSHORTLINE,2026-01-15 19:00,1,False,False,4623.4,4651.68,8.5,0.466,N,Y
CDLSHORTLINE,2026-01-27 12:00,1,False,False,5061.1,5120.76,-20.5,-0.647,N,N
CDLSHORTLINE,2026-01-27 16:00,1,False,False,5075.6,5129.03,2.5,0.087,N,Y
CDLSHORTLINE,2026-01-30 08:00,1,False,False,5435.3,5571.34,210.2,2.369,N,Y
CDLSHORTLINE,2026-02-04 10:00,1,False,False,5061.6,5171.87,-36.7,-0.657,N,N
CDLSHORTLINE,2026-02-04 13:00,1,False,False,5098.3,5196.13,-8.2,-0.163,N,N
CDLSHORTLINE,2026-02-04 18:00,1,False,False,5072.2,5156.19,-4.8,-0.105,N,N
CDLSHORTLINE,2026-02-05 08:00,1,False,False,5028.1,5118.36,129.6,2.028,N,Y
CDLSHORTLINE,2026-02-07 03:00,1,False,False,4980.7,5059.28,-78.58,-1.764,Y,N
CDLSHORTLINE,2026-02-09 18:00,1,False,False,5011.3,5080.57,-17.6,-0.479,N,N
CDLSHORTLINE,2026-02-11 12:00,1,False,False,5073.2,5118.87,-5.5,-0.223,N,N
CDLSHORTLINE,2026-02-12 03:00,1,False,False,5106.5,5164.29,23.0,0.713,N,Y
CDLSHORTLINE,2026-02-12 05:00,1,False,False,5107.8,5162.06,23.0,0.752,N,Y
CDLSHORTLINE,2026-02-16 07:00,1,False,False,5038.5,5092.23,23.7,0.774,N,Y
CDLSHORTLINE,2026-02-19 05:00,1,False,False,4996.1,5033.6,4.0,0.185,N,Y
CDLSHORTLINE,2026-02-19 10:00,1,False,False,4986.9,5023.43,-28.6,-1.468,N,N
CDLSHORTLINE,2026-02-19 15:00,1,False,False,5028.0,5061.75,15.0,0.776,N,Y
CDLSHORTLINE,2026-02-20 05:00,1,False,False,5015.5,5050.42,0.1,0.005,N,Y
CDLSHORTLINE,2026-02-23 12:00,1,False,False,5181.3,5232.95,23.7,0.86,N,Y
CDLSHORTLINE,2026-02-23 14:00,1,False,False,5167.3,5215.06,-2.8,-0.108,N,N
CDLSHORTLINE,2026-02-24 05:00,1,False,False,5247.9,5290.74,51.3,1.809,N,Y
CDLSHORTLINE,2026-02-24 08:00,1,False,False,5243.1,5285.91,51.1,1.842,N,Y
CDLSHORTLINE,2026-02-26 01:00,1,False,False,5226.5,5266.86,56.6,2.393,N,Y
CDLSHORTLINE,2026-02-26 02:00,1,False,False,5226.4,5263.95,42.7,1.81,N,Y
CDLSHORTLINE,2026-02-26 03:00,1,False,False,5224.4,5260.67,44.4,1.886,N,Y
CDLSHORTLINE,2026-02-26 14:00,1,False,False,5209.8,5246.09,7.4,0.364,N,Y
CDLSHORTLINE,2026-02-27 12:00,1,False,False,5200.5,5238.03,7.4,0.364,N,Y
CDLSHORTLINE,2026-03-06 10:00,1,False,False,5133.9,5192.54,7.3,0.245,N,Y
CDLSHORTLINE,2026-03-06 12:00,1,False,False,5137.2,5191.09,9.0,0.326,N,Y
CDLSHORTLINE,2026-03-07 04:00,1,False,False,5161.4,5212.53,78.0,2.152,N,Y
CDLSHORTLINE,2026-03-10 04:00,1,False,False,5148.7,5203.53,8.5,0.285,N,Y
CDLSHORTLINE,2026-03-10 07:00,1,False,False,5149.8,5203.74,-24.5,-0.779,N,N
CDLSHORTLINE,2026-03-10 08:00,1,False,False,5140.2,5192.33,-52.13,-1.627,Y,N
CDLSHORTLINE,2026-03-10 14:00,1,False,False,5183.6,5230.81,-8.2,-0.328,N,N
CDLSHORTLINE,2026-03-11 04:00,1,False,False,5198.7,5245.91,-24.4,-0.953,N,N
CDLSHORTLINE,2026-03-17 10:00,1,False,False,5026.2,5067.63,1.7,0.075,N,Y
CDLSHORTLINE,2026-03-20 12:00,1,False,False,4722.0,4794.03,14.8,0.362,N,Y
CDLSHORTLINE,2026-03-25 10:00,1,False,False,4581.9,4669.67,26.9,0.615,N,Y
CDLSHORTLINE,2026-03-25 11:00,1,False,False,4567.8,4651.59,24.0,0.568,N,Y
CDLSHORTLINE,2026-03-26 00:00,1,False,False,4553.4,4621.57,24.7,0.636,N,Y
CDLSHORTLINE,2026-03-26 01:00,1,False,False,4548.2,4614.12,44.9,1.14,N,Y
CDLSHORTLINE,2026-03-27 18:00,1,False,False,4442.8,4499.68,-15.8,-0.499,N,N
CDLSHORTLINE,2026-03-30 18:00,1,False,False,4561.2,4615.34,7.5,0.214,N,Y
CDLSHORTLINE,2026-03-31 14:00,1,False,False,4586.4,4645.18,1.1,0.036,N,Y
CDLSHORTLINE,2026-03-31 17:00,1,False,False,4585.3,4639.52,-19.2,-0.593,N,N
CDLSHORTLINE,2026-04-01 04:00,1,False,False,4699.6,4754.28,-39.2,-1.257,N,N
CDLSHORTLINE,2026-04-02 01:00,1,False,False,4801.4,4853.43,16.8,0.581,N,Y
CDLSHORTLINE,2026-04-02 04:00,1,False,False,4784.6,4835.23,-25.8,-0.901,N,N
CDLSHORTLINE,2026-04-06 18:00,1,False,False,4715.3,4769.98,9.7,0.326,N,Y
CDLSHORTLINE,2026-04-08 11:00,1,False,False,4828.2,4889.53,-18.4,-0.551,N,N
CDLSHORTLINE,2026-04-08 15:00,1,False,False,4839.7,4895.97,30.0,0.957,N,Y
CDLSHORTLINE,2026-04-08 16:00,1,False,False,4821.8,4877.61,-4.6,-0.149,N,N
CDLSHORTLINE,2026-04-10 04:00,1,False,False,4790.5,4832.31,4.1,0.184,N,Y
CDLSHORTLINE,2026-04-10 07:00,1,False,False,4787.0,4827.25,11.5,0.512,N,Y
CDLSHORTLINE,2026-04-11 01:00,1,False,False,4784.5,4821.11,13.5,0.663,N,Y
CDLSHORTLINE,2026-04-14 11:00,1,False,False,4792.3,4826.56,-13.1,-0.686,N,N
CDLSHORTLINE,2026-04-15 20:00,1,False,False,4833.9,4866.81,10.4,0.523,N,Y
CDLSHORTLINE,2026-04-18 02:00,2,True,False,4879.6,4915.36,80.2,3.225,N,Y
CDLSHORTLINE,2026-04-18 03:00,2,True,False,4875.5,4909.83,100.5,3.795,N,Y
CDLSHORTLINE,2026-04-21 07:00,2,False,True,4842.4,4885.58,16.4,0.727,N,Y
CDLSHORTLINE,2026-04-25 01:00,2,True,False,4740.1,4776.33,-0.8,-0.041,N,N
CDLSHORTLINE,2026-04-25 02:00,1,False,False,4738.7,4773.4,39.1,1.833,N,Y
CDLSHORTLINE,2026-04-25 03:00,2,True,False,4732.1,4765.94,37.3,1.812,N,Y
CDLSHORTLINE,2026-04-30 23:00,1,False,False,4628.1,4665.08,-7.3,-0.378,N,N
CDLSHORTLINE,2026-05-01 00:00,1,False,False,4620.4,4656.37,-9.6,-0.509,N,N
CDLSHORTLINE,2026-05-02 01:00,2,True,False,4641.3,4677.83,-3.2,-0.154,N,N
CDLSHORTLINE,2026-05-04 07:00,1,False,False,4625.0,4660.14,8.1,0.396,N,Y
CDLSHORTLINE,2026-05-07 00:00,2,True,False,4694.0,4731.5,-9.0,-0.465,N,N
CDLSHORTLINE,2026-05-07 11:00,3,True,True,4709.0,4741.15,-32.15,-1.636,Y,N
CDLSHORTLINE,2026-05-08 12:00,2,True,False,4719.4,4761.31,2.0,0.083,N,Y
CDLSHORTLINE,2026-05-12 11:00,1,False,False,4729.0,4765.09,23.6,1.171,N,Y
CDLSHORTLINE,2026-05-13 04:00,1,False,False,4722.6,4757.37,-0.4,-0.022,N,N
CDLSHORTLINE,2026-05-14 07:00,2,False,True,4703.5,4730.56,10.8,0.654,N,Y
CDLSHORTLINE,2026-05-21 01:00,3,True,True,4535.1,4572.6,-11.1,-0.573,N,N
CDLSHORTLINE,2026-05-21 04:00,1,False,False,4546.2,4580.09,-0.8,-0.044,N,N
CDLSHORTLINE,2026-05-21 06:00,1,False,False,4541.2,4574.41,-21.7,-1.127,N,N
CDLSHORTLINE,2026-05-22 06:00,3,True,True,4544.1,4577.57,17.4,0.953,N,Y
CDLSHORTLINE,2026-05-22 07:00,2,False,True,4536.0,4568.71,12.2,0.688,N,Y
CDLSHORTLINE,2026-05-27 17:00,3,True,True,4521.8,4553.64,52.4,2.341,N,Y
CDLSHORTLINE,2026-05-29 03:00,3,True,True,4528.7,4567.95,3.1,0.159,N,Y
CDLSHORTLINE,2026-05-29 04:00,2,True,False,4527.3,4564.51,2.0,0.107,N,Y
CDLSHORTLINE,2026-05-29 06:00,1,False,False,4521.7,4557.34,-15.2,-0.781,N,N
CDLSHORTLINE,2026-06-02 19:00,1,False,False,4557.3,4585.05,23.6,1.412,N,Y
CDLSHORTLINE,2026-06-05 01:00,1,False,False,4506.0,4539.63,3.6,0.213,N,Y
CDLSHORTLINE,2026-06-05 04:00,1,False,False,4502.4,4532.01,16.6,1.013,N,Y
CDLSHORTLINE,2026-06-12 12:00,2,True,False,4211.9,4264.51,-3.3,-0.118,N,N
CDLHARAMI,2024-06-17 17:00,1,False,False,2334.6,2344.34,0.3,0.057,N,Y
CDLHARAMI,2024-06-18 22:00,1,False,False,2338.3,2349.04,-6.3,-1.003,N,N
CDLHARAMI,2024-07-01 10:00,1,False,False,2337.1,2345.79,5.5,1.115,N,Y
CDLHARAMI,2024-07-15 17:00,1,False,False,2415.3,2424.22,-8.92,-1.724,Y,N
CDLHARAMI,2024-07-16 11:00,1,False,False,2433.6,2442.92,-4.7,-0.893,N,N
CDLHARAMI,2024-07-16 16:00,1,False,False,2441.3,2450.64,-3.0,-0.563,N,N
CDLHARAMI,2024-07-29 18:00,1,False,False,2390.8,2401.21,0.9,0.146,N,Y
CDLHARAMI,2024-08-02 11:00,1,False,False,2498.7,2513.13,-14.43,-1.785,Y,N
CDLHARAMI,2024-08-02 21:00,1,False,False,2513.0,2528.9,39.8,3.106,N,Y
CDLHARAMI,2024-08-08 15:00,1,False,False,2435.6,2446.61,-8.9,-1.371,N,N
CDLHARAMI,2024-08-08 22:00,1,False,False,2453.2,2467.0,-9.8,-1.229,N,N
CDLHARAMI,2024-08-09 00:00,1,False,False,2457.5,2471.29,-5.6,-0.759,N,N
CDLHARAMI,2024-08-13 22:00,1,False,False,2511.0,2523.11,3.7,0.557,N,Y
CDLHARAMI,2024-08-14 17:00,1,False,False,2511.8,2522.0,3.9,0.59,N,Y
CDLHARAMI,2024-08-16 00:00,1,False,False,2493.2,2507.57,-0.3,-0.04,N,N
CDLHARAMI,2024-08-19 11:00,1,False,False,2541.9,2555.2,1.4,0.199,N,Y
CDLHARAMI,2024-08-23 20:00,1,False,False,2536.9,2545.87,-8.97,-1.353,Y,N
CDLHARAMI,2024-08-26 08:00,1,False,False,2549.0,2559.34,3.8,0.686,N,Y
CDLHARAMI,2024-08-29 12:00,1,False,False,2548.9,2557.98,-3.3,-0.638,N,N
CDLHARAMI,2024-09-06 14:00,1,False,False,2549.4,2556.9,0.3,0.073,N,Y
CDLHARAMI,2024-09-09 21:00,1,False,False,2529.0,2540.39,-4.5,-0.686,N,N
CDLHARAMI,2024-09-10 18:00,1,False,False,2534.5,2542.46,-7.96,-1.656,Y,N
CDLHARAMI,2024-09-16 17:00,1,False,False,2612.9,2621.67,2.3,0.43,N,Y
CDLHARAMI,2024-09-17 01:00,1,False,False,2610.1,2620.09,0.1,0.02,N,Y
CDLHARAMI,2024-09-17 15:00,1,False,False,2610.7,2619.11,10.4,1.992,N,Y
CDLHARAMI,2024-09-19 18:00,1,False,False,2613.9,2628.08,13.8,1.531,N,Y
CDLHARAMI,2024-09-23 18:00,1,False,False,2646.2,2656.68,-10.48,-1.67,Y,N
CDLHARAMI,2024-09-23 22:00,1,False,False,2655.6,2666.73,2.6,0.436,N,Y
CDLHARAMI,2024-09-24 06:00,1,False,False,2652.1,2661.08,-1.8,-0.376,N,N
CDLHARAMI,2024-09-24 10:00,1,False,False,2653.8,2661.91,-8.11,-1.645,Y,N
CDLHARAMI,2024-09-24 23:00,1,False,False,2667.8,2679.85,-12.05,-1.642,Y,N
CDLHARAMI,2024-09-26 17:00,1,False,False,2692.2,2701.38,-9.18,-1.528,Y,N
CDLHARAMI,2024-09-27 00:00,1,False,False,2691.0,2705.75,-5.6,-0.707,N,N
CDLHARAMI,2024-10-02 06:00,1,False,False,2683.0,2696.01,1.4,0.207,N,Y
CDLHARAMI,2024-10-04 01:00,1,False,False,2676.9,2690.43,1.0,0.147,N,Y
CDLHARAMI,2024-10-07 16:00,1,False,False,2671.7,2683.73,-4.9,-0.756,N,N
CDLHARAMI,2024-10-07 18:00,1,False,False,2674.9,2686.5,12.7,1.582,N,Y
CDLHARAMI,2024-10-10 16:00,1,False,False,2632.4,2642.02,2.4,0.441,N,Y
CDLHARAMI,2024-10-17 23:00,1,False,False,2709.0,2721.36,4.1,0.609,N,Y
CDLHARAMI,2024-10-18 23:00,1,False,False,2730.0,2741.26,-5.6,-0.893,N,N
CDLHARAMI,2024-10-22 15:00,1,False,False,2747.9,2757.62,-5.3,-0.896,N,N
CDLHARAMI,2024-10-22 21:00,1,False,False,2750.3,2761.3,-9.4,-1.403,N,N
CDLHARAMI,2024-10-24 15:00,1,False,False,2746.3,2756.31,-3.1,-0.58,N,N
CDLHARAMI,2024-10-24 17:00,1,False,False,2749.3,2759.0,-2.6,-0.475,N,N
CDLHARAMI,2024-10-25 23:00,1,False,False,2749.9,2761.18,-5.0,-0.81,N,N
CDLHARAMI,2024-11-05 17:00,1,False,False,2749.2,2760.0,2.2,0.369,N,Y
CDLHARAMI,2024-11-08 00:00,1,False,False,2703.1,2720.71,1.5,0.156,N,Y
CDLHARAMI,2024-11-15 23:00,1,False,False,2575.6,2589.98,3.5,0.424,N,Y
CDLHARAMI,2024-11-18 11:00,1,False,False,2594.4,2609.19,3.7,0.458,N,Y
CDLHARAMI,2024-11-18 18:00,1,False,False,2598.5,2613.02,-10.0,-1.2,N,N
CDLHARAMI,2024-11-27 22:00,1,False,False,2676.5,2707.65,13.9,0.651,N,Y
CDLHARAMI,2024-11-28 00:00,1,False,False,2664.2,2699.95,4.3,0.191,N,Y
CDLHARAMI,2024-11-30 01:30,1,False,False,2684.9,2731.32,26.3,0.913,N,Y
CDLHARAMI,2024-12-02 20:00,1,False,False,2664.0,2714.3,-1.4,-0.048,N,N
CDLHARAMI,2024-12-02 22:00,1,False,False,2669.0,2720.18,7.1,0.244,N,Y
CDLHARAMI,2024-12-03 12:00,1,False,False,2662.2,2702.7,-5.1,-0.259,N,N
CDLHARAMI,2024-12-04 01:00,1,False,False,2669.4,2705.08,5.0,0.264,N,Y
CDLHARAMI,2024-12-05 00:00,1,False,False,2674.2,2708.64,-2.0,-0.102,N,N
CDLHARAMI,2024-12-10 19:00,1,False,False,2697.0,2733.23,-16.8,-0.793,N,N
CDLHARAMI,2024-12-23 15:00,1,False,False,2643.9,2654.69,9.8,1.581,N,Y
CDLHARAMI,2024-12-26 19:00,1,False,False,2643.8,2651.84,-2.4,-0.457,N,N
CDLHARAMI,2024-12-27 03:00,1,False,False,2653.4,2662.93,0.6,0.123,N,Y
CDLHARAMI,2024-12-27 15:00,1,False,False,2648.8,2656.49,7.1,1.539,N,Y
CDLHARAMI,2024-12-31 17:00,1,False,False,2627.5,2636.95,3.6,0.69,N,Y
CDLHARAMI,2025-01-01 00:00,1,False,False,2639.3,2650.44,1.4,0.235,N,Y
CDLHARAMI,2025-01-06 20:00,1,False,False,2658.1,2669.92,12.9,1.347,N,Y
CDLHARAMI,2025-01-08 18:00,1,False,False,2666.6,2675.29,-8.2,-1.442,N,N
CDLHARAMI,2025-01-09 21:00,1,False,False,2691.4,2701.91,4.7,0.752,N,Y
CDLHARAMI,2025-01-10 03:00,1,False,False,2691.3,2702.11,-2.0,-0.371,N,N
CDLHARAMI,2025-01-18 01:00,1,False,False,2753.4,2764.38,14.4,2.31,N,Y
CDLHARAMI,2025-01-21 23:00,1,False,False,2753.1,2766.33,-7.5,-0.999,N,N
CDLHARAMI,2025-01-22 03:00,1,False,False,2757.5,2770.31,-0.9,-0.136,N,N
CDLHARAMI,2025-01-22 09:00,1,False,False,2762.7,2774.02,-5.3,-0.894,N,N
CDLHARAMI,2025-01-24 19:00,1,False,False,2782.9,2793.64,-2.8,-0.429,N,N
CDLHARAMI,2025-01-31 18:00,1,False,False,2844.4,2887.53,-5.1,-0.202,N,N
CDLHARAMI,2025-02-03 17:00,1,False,False,2828.9,2874.78,-18.6,-0.687,N,N
CDLHARAMI,2025-02-04 10:00,1,False,False,2853.2,2900.22,5.6,0.209,N,Y
CDLHARAMI,2025-02-05 02:00,1,False,False,2873.7,2915.69,-0.5,-0.025,N,N
CDLHARAMI,2025-02-06 20:00,1,False,False,2887.5,2901.38,13.5,1.322,N,Y
CDLHARAMI,2025-02-14 17:00,1,False,False,2959.3,2970.31,5.2,0.811,N,Y
CDLHARAMI,2025-02-19 01:00,1,False,False,2950.3,2964.87,-1.0,-0.128,N,N
CDLHARAMI,2025-02-19 14:00,1,False,False,2948.4,2961.21,-12.81,-1.746,Y,N
CDLHARAMI,2025-02-19 18:00,1,False,False,2962.3,2974.73,9.1,1.2,N,Y
CDLHARAMI,2025-02-20 09:00,1,False,False,2953.7,2967.0,-5.2,-0.735,N,N
CDLHARAMI,2025-02-24 20:00,1,False,False,2961.8,2976.69,9.2,0.935,N,Y
CDLHARAMI,2025-02-25 01:00,1,False,False,2958.5,2974.83,-6.3,-0.745,N,N
CDLHARAMI,2025-03-03 08:00,1,False,False,2877.1,2894.53,1.4,0.146,N,Y
CDLHARAMI,2025-03-05 01:00,1,False,False,2922.1,2939.54,-6.6,-0.714,N,N
CDLHARAMI,2025-03-07 17:00,1,False,False,2929.1,2941.86,3.2,0.457,N,Y
CDLHARAMI,2025-03-10 08:00,1,False,False,2920.9,2935.69,4.3,0.537,N,Y
CDLHARAMI,2025-03-11 15:00,1,False,False,2905.0,2919.41,-14.41,-1.831,Y,N
CDLHARAMI,2025-03-12 21:00,1,False,False,2921.0,2933.89,-12.89,-1.687,Y,N
CDLHARAMI,2025-03-15 01:00,1,False,False,2997.4,3012.02,3.7,0.47,N,Y
CDLHARAMI,2025-03-17 19:00,1,False,False,3005.4,3016.28,-0.6,-0.084,N,N
CDLHARAMI,2025-03-17 23:00,1,False,False,3004.9,3017.42,-2.9,-0.432,N,N
CDLHARAMI,2025-03-19 01:00,1,False,False,3040.4,3053.5,-1.3,-0.197,N,N
CDLHARAMI,2025-03-19 12:00,1,False,False,3043.9,3053.85,0.7,0.114,N,Y
CDLHARAMI,2025-03-19 20:00,1,False,False,3045.4,3057.2,5.3,0.744,N,Y
CDLHARAMI,2025-03-20 23:00,1,False,False,3048.1,3061.94,-2.5,-0.329,N,N
CDLHARAMI,2025-03-24 19:00,1,False,False,3030.1,3042.67,13.4,1.68,N,Y
CDLHARAMI,2025-03-28 12:00,1,False,False,3083.1,3095.35,-12.25,-1.363,Y,N
CDLHARAMI,2025-04-01 06:00,1,False,False,3156.6,3215.78,-9.4,-0.283,N,N
CDLHARAMI,2025-04-02 10:00,1,False,False,3157.8,3206.16,10.6,0.41,N,Y
CDLHARAMI,2025-04-04 19:00,1,False,False,3132.5,3193.69,75.8,1.902,N,Y
CDLHARAMI,2025-04-09 10:00,1,False,False,3016.5,3061.11,-15.6,-0.646,N,N
CDLHARAMI,2025-04-09 22:00,1,False,False,3086.3,3130.56,10.2,0.382,N,Y
CDLHARAMI,2025-04-10 04:00,1,False,False,3099.8,3148.89,-12.3,-0.44,N,N
CDLHARAMI,2025-04-14 10:00,1,False,False,3248.0,3295.73,-1.9,-0.079,N,N
CDLHARAMI,2025-04-14 14:00,1,False,False,3246.5,3288.9,6.6,0.258,N,Y
CDLHARAMI,2025-04-15 23:00,1,False,False,3237.6,3264.46,-7.9,-0.582,N,N
CDLHARAMI,2025-04-28 23:00,1,False,False,3336.4,3367.73,-23.2,-1.364,N,N
CDLHARAMI,2025-05-02 12:00,1,False,False,3260.4,3284.17,-6.6,-0.5,N,N
CDLHARAMI,2025-05-14 00:00,1,False,False,3255.5,3280.12,2.0,0.158,N,Y
CDLHARAMI,2025-05-16 13:00,1,False,False,3221.8,3246.5,11.5,0.803,N,Y
CDLHARAMI,2025-05-22 02:00,1,False,False,3316.5,3338.14,-2.9,-0.253,N,N
CDLHARAMI,2025-05-27 01:00,1,False,False,3341.1,3356.06,-4.6,-0.592,N,N
CDLHARAMI,2025-05-27 07:00,1,False,False,3345.7,3359.29,3.5,0.413,N,Y
CDLHARAMI,2025-05-27 11:00,1,False,False,3341.0,3355.55,32.6,3.206,N,Y
CDLHARAMI,2025-05-30 14:00,1,False,False,3325.5,3351.97,5.5,0.396,N,Y
CDLHARAMI,2025-06-02 07:00,1,False,False,3333.3,3356.52,2.8,0.217,N,Y
CDLHARAMI,2025-06-04 23:00,1,False,False,3396.3,3418.12,-4.4,-0.387,N,N
CDLHARAMI,2025-06-10 19:00,1,False,False,3354.4,3371.39,5.0,0.47,N,Y
CDLHARAMI,2025-06-11 16:00,1,False,False,3365.5,3381.7,11.7,1.226,N,Y
CDLHARAMI,2025-06-12 19:00,1,False,False,3399.7,3423.91,-4.7,-0.334,N,N
CDLHARAMI,2025-06-18 22:00,1,False,False,3405.7,3423.78,1.2,0.123,N,Y
CDLHARAMI,2025-06-20 22:00,1,False,False,3385.5,3404.08,2.3,0.239,N,Y
CDLHARAMI,2025-07-01 01:00,1,False,False,3305.8,3322.9,-9.2,-0.965,N,N
CDLHARAMI,2025-07-02 19:00,1,False,False,3352.6,3366.18,-1.5,-0.174,N,N
CDLHARAMI,2025-07-02 23:00,1,False,False,3351.5,3366.22,-14.0,-1.751,N,N
CDLHARAMI,2025-07-03 11:00,1,False,False,3358.8,3372.2,20.5,2.242,N,Y
CDLHARAMI,2025-07-09 23:00,1,False,False,3318.4,3334.81,-1.3,-0.149,N,N
CDLHARAMI,2025-07-10 13:00,1,False,False,3329.7,3342.63,-7.5,-0.96,N,N
CDLHARAMI,2025-07-16 17:00,1,False,False,3347.1,3358.85,5.1,0.731,N,Y
CDLHARAMI,2025-07-17 02:00,1,False,False,3357.4,3377.19,2.0,0.204,N,Y
CDLHARAMI,2025-07-22 11:00,1,False,False,3405.6,3417.04,8.2,1.305,N,Y
CDLHARAMI,2025-07-29 17:00,1,False,False,3323.2,3336.85,1.6,0.208,N,Y
CDLHARAMI,2025-07-30 11:00,1,False,False,3326.4,3338.67,2.4,0.368,N,Y
CDLHARAMI,2025-07-31 17:00,1,False,False,3358.8,3381.8,-1.6,-0.125,N,N
CDLHARAMI,2025-08-04 12:00,1,False,False,3410.7,3427.78,2.1,0.223,N,Y
CDLHARAMI,2025-08-04 20:00,1,False,False,3420.6,3436.76,-16.16,-1.618,Y,N
CDLHARAMI,2025-08-08 15:00,1,False,False,3492.7,3517.23,20.5,1.402,N,Y
CDLHARAMI,2025-08-08 22:00,1,False,False,3492.8,3521.72,28.8,1.744,N,Y
CDLHARAMI,2025-08-13 15:00,1,False,False,3403.6,3418.27,-13.0,-1.563,N,N
CDLHARAMI,2025-08-13 22:00,1,False,False,3413.7,3429.01,9.0,1.083,N,Y
CDLHARAMI,2025-08-14 04:00,1,False,False,3407.0,3420.17,-13.17,-1.784,Y,N
CDLHARAMI,2025-08-14 09:00,1,False,False,3416.4,3429.15,7.2,1.012,N,Y
CDLHARAMI,2025-08-18 10:00,1,False,False,3388.5,3401.68,-13.18,-1.671,Y,N
CDLHARAMI,2025-08-21 21:00,1,False,False,3382.5,3394.52,-1.2,-0.167,N,N
CDLHARAMI,2025-08-21 23:00,1,False,False,3387.5,3400.27,4.1,0.611,N,Y
CDLHARAMI,2025-08-25 12:00,1,False,False,3410.4,3422.23,-0.6,-0.096,N,N
CDLHARAMI,2025-08-27 06:00,1,False,False,3440.5,3453.64,3.9,0.567,N,Y
CDLHARAMI,2025-08-28 01:00,1,False,False,3447.6,3460.15,-4.2,-0.646,N,N
CDLHARAMI,2025-08-28 15:00,1,False,False,3450.8,3460.69,-3.9,-0.692,N,N
CDLHARAMI,2025-08-28 17:00,1,False,False,3455.2,3465.1,-9.9,-1.608,Y,N
CDLHARAMI,2025-08-28 23:00,1,False,False,3465.8,3478.92,-12.5,-1.74,N,N
CDLHARAMI,2025-08-29 16:00,1,False,False,3470.6,3479.54,0.8,0.154,N,Y
CDLHARAMI,2025-09-03 15:00,1,False,False,3598.4,3616.59,-10.3,-1.005,N,N
CDLHARAMI,2025-09-05 00:00,1,False,False,3610.5,3631.76,4.6,0.41,N,Y
CDLHARAMI,2025-09-05 12:00,1,False,False,3616.7,3633.65,9.2,1.007,N,Y
CDLHARAMI,2025-09-05 22:00,1,False,False,3646.2,3668.12,-5.4,-0.445,N,N
CDLHARAMI,2025-09-11 02:00,1,False,False,3684.9,3701.79,6.2,0.672,N,Y
CDLHARAMI,2025-09-12 04:00,1,False,False,3673.4,3689.97,-0.4,-0.045,N,N
CDLHARAMI,2025-09-12 22:00,1,False,False,3686.1,3700.45,-1.2,-0.155,N,N
CDLHARAMI,2025-09-13 01:00,1,False,False,3687.3,3700.86,6.6,0.943,N,Y
CDLHARAMI,2025-09-17 23:00,1,False,False,3718.6,3733.29,-14.69,-1.196,Y,N
CDLHARAMI,2025-09-22 12:00,1,False,False,3727.5,3744.48,-16.98,-1.609,Y,N
CDLHARAMI,2025-09-24 14:00,1,False,False,3804.4,3823.27,3.0,0.284,N,Y
CDLHARAMI,2025-09-24 20:00,1,False,False,3801.0,3818.98,26.9,2.348,N,Y
CDLHARAMI,2025-09-26 17:00,1,False,False,3781.5,3800.11,-0.8,-0.075,N,N
CDLHARAMI,2025-09-29 06:00,1,False,False,3800.1,3821.56,-7.9,-0.593,N,N
CDLHARAMI,2025-09-29 09:00,1,False,False,3808.0,3831.3,-23.3,-1.717,Y,N
CDLHARAMI,2025-09-30 10:00,1,False,False,3876.5,3896.13,-19.63,-1.757,Y,N
CDLHARAMI,2025-10-01 10:00,1,False,False,3891.3,3914.4,0.5,0.041,N,Y
CDLHARAMI,2025-10-02 04:00,1,False,False,3892.6,3915.57,10.9,0.879,N,Y
CDLHARAMI,2025-10-09 19:00,1,False,False,4063.7,4088.85,24.2,1.383,N,Y
CDLHARAMI,2025-10-13 07:00,1,False,False,4053.1,4097.45,-13.0,-0.519,N,N
CDLHARAMI,2025-10-15 19:00,1,False,False,4214.3,4247.78,-1.9,-0.097,N,N
CDLHARAMI,2025-10-16 01:00,1,False,False,4214.2,4248.19,-10.7,-0.617,N,N
CDLHARAMI,2025-10-16 04:00,1,False,False,4224.9,4255.25,0.4,0.023,N,Y
CDLHARAMI,2025-10-16 11:00,1,False,False,4249.2,4279.09,12.4,0.68,N,Y
CDLHARAMI,2025-10-25 00:00,1,False,False,4145.8,4188.86,26.1,1.109,N,Y
CDLHARAMI,2025-10-31 13:00,1,False,False,4016.6,4055.88,-5.3,-0.247,N,N
CDLHARAMI,2025-11-05 22:00,1,False,False,3983.0,4010.2,-8.3,-0.528,N,N
CDLHARAMI,2025-11-06 01:00,1,False,False,3991.3,4018.83,-3.5,-0.244,N,N
CDLHARAMI,2025-11-06 04:00,1,False,False,3994.8,4019.92,10.1,0.74,N,Y
CDLHARAMI,2025-11-06 17:00,1,False,False,4020.3,4041.51,5.8,0.477,N,Y
CDLHARAMI,2025-11-12 17:00,1,False,False,4130.6,4154.15,-5.8,-0.44,N,N
CDLHARAMI,2025-11-14 11:00,1,False,False,4207.7,4241.75,30.4,1.579,N,Y
CDLHARAMI,2025-11-19 14:00,1,False,False,4091.7,4122.48,-22.6,-1.24,N,N
CDLHARAMI,2025-11-19 18:00,1,False,False,4109.6,4140.79,-1.9,-0.113,N,N
CDLHARAMI,2025-11-20 08:00,1,False,False,4102.0,4136.61,31.7,1.417,N,Y
CDLHARAMI,2025-11-21 04:00,1,False,False,4077.3,4117.39,3.7,0.18,N,Y
CDLHARAMI,2025-11-21 22:00,1,False,False,4070.3,4108.86,-14.7,-0.634,N,N
CDLHARAMI,2025-11-24 07:00,1,False,False,4071.6,4110.78,30.9,1.408,N,Y
CDLHARAMI,2025-11-25 11:00,1,False,False,4140.1,4169.44,1.5,0.096,N,Y
CDLHARAMI,2025-11-26 07:00,1,False,False,4167.6,4241.16,-29.3,-0.663,N,N
CDLHARAMI,2025-12-03 11:00,1,False,False,4252.4,4313.39,13.5,0.445,N,Y
CDLHARAMI,2025-12-11 05:00,1,False,False,4258.3,4282.34,-9.4,-0.689,N,N
CDLHARAMI,2025-12-15 14:00,1,False,False,4376.1,4403.38,0.0,0.0,N,N
CDLHARAMI,2025-12-15 17:00,1,False,False,4376.1,4401.44,-3.8,-0.287,N,N
CDLHARAMI,2025-12-16 23:00,1,False,False,4351.8,4378.79,10.3,0.632,N,Y
CDLHARAMI,2025-12-17 22:00,1,False,False,4369.3,4395.47,-4.1,-0.257,N,N
CDLHARAMI,2025-12-27 03:00,1,False,False,4554.9,4589.03,4.0,0.211,N,Y
CDLHARAMI,2026-01-02 14:00,1,False,False,4387.6,4429.93,-9.9,-0.454,N,N
CDLHARAMI,2026-01-02 19:00,1,False,False,4405.5,4441.1,40.8,1.877,N,Y
CDLHARAMI,2026-01-06 00:00,1,False,False,4452.7,4486.76,1.8,0.098,N,Y
CDLHARAMI,2026-01-06 12:00,1,False,False,4478.0,4507.05,8.7,0.519,N,Y
CDLHARAMI,2026-01-06 15:00,1,False,False,4469.3,4498.65,7.6,0.442,N,Y
CDLHARAMI,2026-01-06 23:00,1,False,False,4488.5,4519.9,-11.5,-0.684,N,N
CDLHARAMI,2026-01-07 11:00,1,False,False,4485.7,4513.82,30.9,1.835,N,Y
CDLHARAMI,2026-01-13 00:00,1,False,False,4627.0,4662.78,6.4,0.336,N,Y
CDLHARAMI,2026-01-13 11:00,1,False,False,4603.1,4635.08,12.6,0.723,N,Y
CDLHARAMI,2026-01-13 17:00,1,False,False,4595.2,4623.89,-6.8,-0.438,N,N
CDLHARAMI,2026-01-23 19:00,1,False,False,4923.3,4963.23,-20.8,-0.901,N,N
CDLHARAMI,2026-01-24 04:00,1,False,False,4981.4,5022.3,-40.9,-1.665,Y,N
CDLHARAMI,2026-01-28 00:00,1,False,False,5085.1,5135.51,-12.2,-0.455,N,N
CDLHARAMI,2026-02-05 08:00,1,False,False,5028.1,5118.36,129.6,2.028,N,Y
CDLHARAMI,2026-02-12 02:00,1,False,False,5107.4,5167.18,-0.4,-0.013,N,N
CDLHARAMI,2026-02-20 17:00,1,False,False,5047.6,5082.09,3.1,0.157,N,Y
CDLHARAMI,2026-02-24 05:00,1,False,False,5247.9,5290.74,51.3,1.809,N,Y
CDLHARAMI,2026-02-25 14:00,1,False,False,5213.2,5257.51,0.3,0.013,N,Y
CDLHARAMI,2026-02-27 10:00,1,False,False,5200.3,5241.4,-14.4,-0.676,N,N
CDLHARAMI,2026-03-06 10:00,1,False,False,5133.9,5192.54,7.3,0.245,N,Y
CDLHARAMI,2026-03-11 09:00,1,False,False,5215.9,5259.36,3.1,0.131,N,Y
CDLHARAMI,2026-03-12 16:00,1,False,False,5184.4,5223.02,-0.4,-0.019,N,N
CDLHARAMI,2026-03-24 23:00,1,False,False,4412.8,4511.46,21.9,0.411,N,Y
CDLHARAMI,2026-03-25 23:00,1,False,False,4557.4,4628.17,21.7,0.575,N,Y
CDLHARAMI,2026-03-26 09:00,1,False,False,4532.0,4597.01,15.1,0.447,N,Y
CDLHARAMI,2026-03-31 22:00,1,False,False,4628.7,4687.03,-58.33,-1.736,Y,N
CDLHARAMI,2026-04-01 17:00,1,False,False,4750.5,4803.41,-1.6,-0.053,N,N
CDLHARAMI,2026-04-08 14:00,1,False,False,4846.6,4905.0,36.4,1.143,N,Y
CDLHARAMI,2026-04-14 07:00,1,False,False,4781.3,4817.28,-16.3,-0.802,N,N
CDLHARAMI,2026-04-14 09:00,1,False,False,4787.2,4823.33,-9.1,-0.482,N,N
CDLHARAMI,2026-04-14 15:00,1,False,False,4800.2,4834.9,9.1,0.437,N,Y
CDLHARAMI,2026-04-15 20:00,1,False,False,4833.9,4866.81,10.4,0.523,N,Y
CDLHARAMI,2026-04-22 14:00,1,False,False,4786.0,4823.85,12.6,0.645,N,Y
CDLHARAMI,2026-04-24 20:00,1,False,False,4716.9,4753.65,-36.75,-1.638,Y,N
CDLHARAMI,2026-05-04 06:00,3,True,True,4630.7,4667.2,6.5,0.327,N,Y
CDLHARAMI,2026-05-08 10:00,1,False,False,4721.7,4765.33,-14.3,-0.601,N,N
CDLHARAMI,2026-05-11 22:00,2,False,True,4735.4,4775.94,2.4,0.11,N,Y
CDLHARAMI,2026-05-13 04:00,3,True,True,4722.6,4757.37,-0.4,-0.022,N,N
CDLHARAMI,2026-05-14 07:00,2,False,True,4703.5,4730.56,10.8,0.654,N,Y
CDLHARAMI,2026-05-21 17:00,1,False,False,4531.7,4564.76,26.7,1.381,N,Y
CDLHARAMI,2026-05-27 17:00,3,True,True,4521.8,4553.64,52.4,2.341,N,Y
CDLHARAMI,2026-05-29 10:00,2,False,True,4531.7,4564.94,-14.1,-0.801,N,N
CDLHARAMI,2026-06-02 13:00,1,False,False,4547.0,4577.38,-10.0,-0.586,N,N
CDLHARAMI,2026-06-02 15:00,2,False,True,4565.2,4595.6,2.1,0.128,N,Y
CDLHARAMI,2026-06-04 20:00,1,False,False,4531.6,4565.39,26.7,1.286,N,Y
CDLSPINNINGTOP,2024-06-17 09:00,1,False,False,2341.2,2352.31,2.8,0.474,N,Y
CDLSPINNINGTOP,2024-06-18 07:00,1,False,False,2335.5,2344.44,-4.0,-0.777,N,N
CDLSPINNINGTOP,2024-06-18 13:00,1,False,False,2336.7,2345.05,10.9,2.278,N,Y
CDLSPINNINGTOP,2024-06-19 01:00,1,False,False,2344.6,2355.6,0.4,0.071,N,Y
CDLSPINNINGTOP,2024-06-20 13:00,1,False,False,2354.1,2363.16,7.1,1.325,N,Y
CDLSPINNINGTOP,2024-06-20 19:00,1,False,False,2352.8,2362.02,-9.22,-1.501,Y,N
CDLSPINNINGTOP,2024-06-20 20:00,1,False,False,2351.9,2361.69,-9.79,-1.593,Y,N
CDLSPINNINGTOP,2024-06-21 10:00,1,False,False,2372.8,2382.41,-5.4,-1.08,N,N
CDLSPINNINGTOP,2024-06-21 18:00,1,False,False,2377.3,2386.42,23.7,3.31,N,Y
CDLSPINNINGTOP,2024-06-28 03:00,1,False,False,2336.8,2345.42,-1.4,-0.318,N,N
CDLSPINNINGTOP,2024-06-28 09:00,1,False,False,2331.1,2339.24,-0.8,-0.18,N,N
CDLSPINNINGTOP,2024-06-28 15:00,1,False,False,2337.8,2345.56,-7.76,-1.669,Y,N
CDLSPINNINGTOP,2024-07-03 10:00,1,False,False,2337.9,2345.99,-8.09,-1.302,Y,N
CDLSPINNINGTOP,2024-07-08 09:00,1,False,False,2394.7,2406.14,1.6,0.265,N,Y
CDLSPINNINGTOP,2024-07-08 11:00,1,False,False,2390.6,2401.57,5.6,0.92,N,Y
CDLSPINNINGTOP,2024-07-10 08:00,1,False,False,2371.3,2380.18,-3.2,-0.646,N,N
CDLSPINNINGTOP,2024-07-10 12:00,1,False,False,2374.2,2382.55,-5.0,-1.078,N,N
CDLSPINNINGTOP,2024-07-10 20:00,1,False,False,2384.5,2392.31,-7.81,-1.593,Y,N
CDLSPINNINGTOP,2024-07-11 02:00,1,False,False,2378.9,2388.62,0.6,0.125,N,Y
CDLSPINNINGTOP,2024-07-11 14:00,1,False,False,2386.9,2394.01,-2.6,-0.651,N,N
CDLSPINNINGTOP,2024-07-12 12:00,1,False,False,2414.0,2424.07,4.6,0.81,N,Y
CDLSPINNINGTOP,2024-07-12 13:00,1,False,False,2413.3,2423.24,0.6,0.107,N,Y
CDLSPINNINGTOP,2024-07-12 15:00,1,False,False,2409.4,2419.34,4.3,0.766,N,Y
CDLSPINNINGTOP,2024-07-15 12:00,1,False,False,2416.2,2424.76,3.6,0.696,N,Y
CDLSPINNINGTOP,2024-07-16 11:00,1,False,False,2433.6,2442.92,-4.7,-0.893,N,N
CDLSPINNINGTOP,2024-07-16 16:00,1,False,False,2441.3,2450.64,-3.0,-0.563,N,N
CDLSPINNINGTOP,2024-07-16 19:00,1,False,False,2444.3,2453.63,-9.33,-1.28,Y,N
CDLSPINNINGTOP,2024-07-17 17:00,1,False,False,2479.5,2492.22,1.3,0.177,N,Y
CDLSPINNINGTOP,2024-07-18 17:00,1,False,False,2468.9,2479.69,1.7,0.284,N,Y
CDLSPINNINGTOP,2024-07-23 19:00,1,False,False,2408.9,2419.21,4.8,0.77,N,Y
CDLSPINNINGTOP,2024-07-24 00:00,1,False,False,2406.5,2417.0,-2.0,-0.359,N,N
CDLSPINNINGTOP,2024-07-24 01:00,1,False,False,2406.0,2416.42,-4.6,-0.838,N,N
CDLSPINNINGTOP,2024-07-24 08:00,1,False,False,2409.1,2417.49,-8.39,-1.587,Y,N
CDLSPINNINGTOP,2024-07-29 18:00,1,False,False,2390.8,2401.21,0.9,0.146,N,Y
CDLSPINNINGTOP,2024-08-01 17:00,1,False,False,2476.8,2490.33,-13.53,-1.66,Y,N
CDLSPINNINGTOP,2024-08-02 00:00,1,False,False,2488.6,2504.01,1.2,0.142,N,Y
CDLSPINNINGTOP,2024-08-02 09:00,1,False,False,2491.6,2505.98,-10.5,-1.297,N,N
CDLSPINNINGTOP,2024-08-02 11:00,1,False,False,2498.7,2513.13,-14.43,-1.785,Y,N
CDLSPINNINGTOP,2024-08-02 14:00,1,False,False,2509.8,2523.95,1.5,0.203,N,Y
CDLSPINNINGTOP,2024-08-02 18:00,1,False,False,2507.9,2520.49,-12.59,-1.515,Y,N
CDLSPINNINGTOP,2024-08-07 22:00,1,False,False,2439.2,2452.43,9.2,1.166,N,Y
CDLSPINNINGTOP,2024-08-08 12:00,1,False,False,2433.2,2444.55,-2.4,-0.382,N,N
CDLSPINNINGTOP,2024-08-08 15:00,1,False,False,2435.6,2446.61,-8.9,-1.371,N,N
CDLSPINNINGTOP,2024-08-08 22:00,1,False,False,2453.2,2467.0,-9.8,-1.229,N,N
CDLSPINNINGTOP,2024-08-09 00:00,1,False,False,2457.5,2471.29,-5.6,-0.759,N,N
CDLSPINNINGTOP,2024-08-09 21:00,1,False,False,2466.1,2477.88,-7.8,-1.114,N,N
CDLSPINNINGTOP,2024-08-12 06:00,1,False,False,2469.3,2480.1,4.3,0.756,N,Y
CDLSPINNINGTOP,2024-08-13 22:00,1,False,False,2511.0,2523.11,3.7,0.557,N,Y
CDLSPINNINGTOP,2024-08-14 03:00,1,False,False,2506.9,2518.07,3.3,0.575,N,Y
CDLSPINNINGTOP,2024-08-14 09:00,1,False,False,2504.9,2515.01,3.7,0.652,N,Y
CDLSPINNINGTOP,2024-08-16 01:00,1,False,False,2493.2,2506.95,-1.3,-0.18,N,N
CDLSPINNINGTOP,2024-08-16 09:00,1,False,False,2495.1,2506.06,5.1,0.889,N,Y
CDLSPINNINGTOP,2024-08-19 11:00,1,False,False,2541.9,2555.2,1.4,0.199,N,Y
CDLSPINNINGTOP,2024-08-21 14:00,1,False,False,2552.2,2562.73,8.4,1.377,N,Y
CDLSPINNINGTOP,2024-08-23 20:00,1,False,False,2536.9,2545.87,-8.97,-1.353,Y,N
CDLSPINNINGTOP,2024-08-26 09:00,1,False,False,2548.7,2558.9,3.7,0.698,N,Y
CDLSPINNINGTOP,2024-08-26 12:00,1,False,False,2545.0,2554.28,-9.28,-1.74,Y,N
CDLSPINNINGTOP,2024-08-27 02:00,1,False,False,2552.6,2562.84,0.0,0.0,N,N
CDLSPINNINGTOP,2024-08-27 04:00,1,False,False,2553.6,2563.14,5.3,1.073,N,Y
CDLSPINNINGTOP,2024-08-28 04:00,1,False,False,2560.0,2570.42,0.2,0.038,N,Y
CDLSPINNINGTOP,2024-08-28 07:00,1,False,False,2560.5,2570.27,9.0,1.641,N,Y
CDLSPINNINGTOP,2024-08-29 10:00,1,False,False,2545.9,2555.41,-6.3,-1.192,N,N
CDLSPINNINGTOP,2024-09-05 19:00,1,False,False,2545.4,2554.63,6.4,1.026,N,Y
CDLSPINNINGTOP,2024-09-05 23:00,1,False,False,2537.4,2548.49,-8.6,-1.43,N,N
CDLSPINNINGTOP,2024-09-06 14:00,1,False,False,2549.4,2556.9,0.3,0.073,N,Y
CDLSPINNINGTOP,2024-09-06 18:00,1,False,False,2548.8,2555.81,-7.01,-1.289,Y,N
CDLSPINNINGTOP,2024-09-10 07:00,1,False,False,2535.6,2545.13,3.6,0.728,N,Y
CDLSPINNINGTOP,2024-09-12 15:00,1,False,False,2543.8,2551.35,2.6,0.581,N,Y
CDLSPINNINGTOP,2024-09-16 23:00,1,False,False,2607.4,2617.77,-1.2,-0.219,N,N
CDLSPINNINGTOP,2024-09-17 15:00,1,False,False,2610.7,2619.11,10.4,1.992,N,Y
CDLSPINNINGTOP,2024-09-19 21:00,1,False,False,2600.1,2615.88,-15.78,-1.763,Y,N
CDLSPINNINGTOP,2024-09-20 01:00,1,False,False,2616.0,2631.14,4.3,0.561,N,Y
CDLSPINNINGTOP,2024-09-20 03:00,1,False,False,2613.3,2627.26,1.5,0.22,N,Y
CDLSPINNINGTOP,2024-09-23 06:00,1,False,False,2645.0,2656.57,0.0,0.0,N,N
CDLSPINNINGTOP,2024-09-23 07:00,1,False,False,2644.8,2655.78,-5.3,-0.858,N,N
CDLSPINNINGTOP,2024-09-23 18:00,1,False,False,2646.2,2656.68,-10.48,-1.67,Y,N
CDLSPINNINGTOP,2024-09-23 22:00,1,False,False,2655.6,2666.73,2.6,0.436,N,Y
CDLSPINNINGTOP,2024-09-23 23:00,1,False,False,2654.1,2665.23,1.8,0.313,N,Y
CDLSPINNINGTOP,2024-09-24 00:00,1,False,False,2653.1,2663.99,2.1,0.381,N,Y
CDLSPINNINGTOP,2024-09-24 01:00,1,False,False,2653.0,2663.45,-0.4,-0.075,N,N
CDLSPINNINGTOP,2024-09-24 02:00,1,False,False,2652.3,2662.38,0.2,0.039,N,Y
CDLSPINNINGTOP,2024-09-24 10:00,1,False,False,2653.8,2661.91,-8.11,-1.645,Y,N
CDLSPINNINGTOP,2024-09-24 23:00,1,False,False,2667.8,2679.85,-12.05,-1.642,Y,N
CDLSPINNINGTOP,2024-09-25 09:00,1,False,False,2684.3,2695.59,1.1,0.161,N,Y
CDLSPINNINGTOP,2024-09-25 16:00,1,False,False,2680.2,2691.69,-1.5,-0.245,N,N
CDLSPINNINGTOP,2024-09-25 23:00,1,False,False,2682.1,2693.76,-2.6,-0.381,N,N
CDLSPINNINGTOP,2024-09-26 02:00,1,False,False,2684.7,2696.64,2.9,0.48,N,Y
CDLSPINNINGTOP,2024-09-26 17:00,1,False,False,2692.2,2701.38,-9.18,-1.528,Y,N
CDLSPINNINGTOP,2024-09-27 09:00,1,False,False,2691.9,2703.27,-1.0,-0.163,N,N
CDLSPINNINGTOP,2024-09-27 10:00,1,False,False,2691.3,2702.33,4.1,0.646,N,Y
CDLSPINNINGTOP,2024-10-02 02:00,1,False,False,2682.5,2696.58,-0.5,-0.067,N,N
CDLSPINNINGTOP,2024-10-02 10:00,1,False,False,2681.1,2692.4,12.1,1.808,N,Y
CDLSPINNINGTOP,2024-10-03 06:00,1,False,False,2679.7,2690.76,0.9,0.154,N,Y
CDLSPINNINGTOP,2024-10-04 07:00,1,False,False,2675.4,2686.3,-6.4,-1.121,N,N
CDLSPINNINGTOP,2024-10-10 22:00,1,False,False,2642.5,2655.35,1.5,0.192,N,Y
CDLSPINNINGTOP,2024-10-11 17:00,1,False,False,2654.9,2665.97,-11.07,-1.708,Y,N
CDLSPINNINGTOP,2024-10-11 20:00,1,False,False,2660.4,2671.75,-11.35,-1.636,Y,N
CDLSPINNINGTOP,2024-10-14 09:00,1,False,False,2663.1,2673.57,-10.47,-1.668,Y,N
CDLSPINNINGTOP,2024-10-14 13:00,1,False,False,2676.0,2686.61,-0.4,-0.065,N,N
CDLSPINNINGTOP,2024-10-14 16:00,1,False,False,2676.4,2687.15,7.2,1.185,N,Y
CDLSPINNINGTOP,2024-10-14 17:00,1,False,False,2675.3,2686.08,7.0,1.157,N,Y
CDLSPINNINGTOP,2024-10-15 17:00,1,False,False,2670.3,2679.95,5.5,0.908,N,Y
CDLSPINNINGTOP,2024-10-16 12:00,1,False,False,2683.1,2692.32,-9.22,-1.647,Y,N
CDLSPINNINGTOP,2024-10-17 10:00,1,False,False,2697.2,2706.47,-2.0,-0.37,N,N
CDLSPINNINGTOP,2024-10-18 01:00,1,False,False,2707.4,2719.63,-0.9,-0.145,N,N
CDLSPINNINGTOP,2024-10-18 06:00,1,False,False,2707.7,2717.99,-10.29,-1.705,Y,N
CDLSPINNINGTOP,2024-10-18 20:00,1,False,False,2724.8,2735.26,-10.46,-1.613,Y,N
CDLSPINNINGTOP,2024-10-19 01:00,1,False,False,2731.3,2742.32,-5.1,-0.875,N,N
CDLSPINNINGTOP,2024-10-22 21:00,1,False,False,2750.3,2761.3,-9.4,-1.403,N,N
CDLSPINNINGTOP,2024-10-23 14:00,1,False,False,2764.6,2774.14,-0.2,-0.036,N,N
CDLSPINNINGTOP,2024-10-23 18:00,1,False,False,2764.7,2774.1,13.5,2.209,N,Y
CDLSPINNINGTOP,2024-10-23 19:00,1,False,False,2763.9,2773.13,32.4,4.449,N,Y
CDLSPINNINGTOP,2024-10-24 15:00,1,False,False,2746.3,2756.31,-3.1,-0.58,N,N
CDLSPINNINGTOP,2024-10-25 02:00,1,False,False,2748.4,2759.89,1.6,0.277,N,Y
CDLSPINNINGTOP,2024-10-28 15:00,1,False,False,2751.4,2762.95,7.1,1.066,N,Y
CDLSPINNINGTOP,2024-10-29 04:00,1,False,False,2754.7,2764.5,-3.3,-0.642,N,N
CDLSPINNINGTOP,2024-10-29 06:00,1,False,False,2754.1,2763.56,-9.46,-1.79,Y,N
CDLSPINNINGTOP,2024-10-30 03:00,1,False,False,2784.6,2796.34,-2.7,-0.458,N,N
CDLSPINNINGTOP,2024-10-30 16:00,1,False,False,2794.0,2804.29,3.7,0.651,N,Y
CDLSPINNINGTOP,2024-10-31 12:00,1,False,False,2795.5,2804.83,2.7,0.503,N,Y
CDLSPINNINGTOP,2024-11-06 02:00,1,False,False,2750.8,2762.75,-2.6,-0.43,N,N
CDLSPINNINGTOP,2024-11-08 03:00,1,False,False,2701.6,2718.41,-12.7,-1.346,N,N
CDLSPINNINGTOP,2024-11-08 20:00,1,False,False,2699.2,2712.77,4.1,0.464,N,Y
CDLSPINNINGTOP,2024-11-13 11:00,1,False,False,2617.3,2629.93,6.2,0.93,N,Y
CDLSPINNINGTOP,2024-11-15 01:00,1,False,False,2578.3,2594.54,5.8,0.628,N,Y
CDLSPINNINGTOP,2024-11-15 23:00,1,False,False,2575.6,2589.98,3.5,0.424,N,Y
CDLSPINNINGTOP,2024-11-18 11:00,1,False,False,2594.4,2609.19,3.7,0.458,N,Y
CDLSPINNINGTOP,2024-11-21 13:00,1,False,False,2659.4,2669.5,-10.1,-1.725,Y,N
CDLSPINNINGTOP,2024-11-21 22:00,1,False,False,2667.4,2678.84,-7.2,-1.027,N,N
CDLSPINNINGTOP,2024-11-27 15:00,1,False,False,2647.4,2660.26,-12.86,-1.396,Y,N
CDLSPINNINGTOP,2024-11-28 01:00,1,False,False,2662.6,2699.96,0.4,0.017,N,Y
CDLSPINNINGTOP,2024-12-02 20:00,1,False,False,2664.0,2714.3,-1.4,-0.048,N,N
CDLSPINNINGTOP,2024-12-02 22:00,1,False,False,2669.0,2720.18,7.1,0.244,N,Y
CDLSPINNINGTOP,2024-12-03 00:00,1,False,False,2664.4,2715.62,3.8,0.133,N,Y
CDLSPINNINGTOP,2024-12-03 12:00,1,False,False,2662.2,2702.7,-5.1,-0.259,N,N
CDLSPINNINGTOP,2024-12-04 02:00,1,False,False,2668.2,2702.11,2.2,0.124,N,Y
CDLSPINNINGTOP,2024-12-04 14:00,1,False,False,2671.3,2698.45,8.5,0.577,N,Y
CDLSPINNINGTOP,2024-12-05 05:00,1,False,False,2674.3,2704.7,3.5,0.22,N,Y
CDLSPINNINGTOP,2024-12-05 07:00,1,False,False,2673.9,2702.48,3.4,0.206,N,Y
CDLSPINNINGTOP,2024-12-05 09:00,1,False,False,2670.8,2698.7,0.2,0.013,N,Y
CDLSPINNINGTOP,2024-12-05 10:00,1,False,False,2670.5,2699.4,-7.0,-0.449,N,N
CDLSPINNINGTOP,2024-12-09 10:00,1,False,False,2667.7,2703.43,7.7,0.364,N,Y
CDLSPINNINGTOP,2024-12-09 19:00,1,False,False,2678.3,2717.64,-19.2,-0.812,N,N
CDLSPINNINGTOP,2024-12-10 00:00,1,False,False,2690.5,2732.18,7.6,0.336,N,Y
CDLSPINNINGTOP,2024-12-10 16:00,1,False,False,2685.6,2724.77,-11.4,-0.551,N,N
CDLSPINNINGTOP,2024-12-11 18:00,1,False,False,2725.6,2757.77,-6.5,-0.371,N,N
CDLSPINNINGTOP,2024-12-20 16:00,1,False,False,2620.0,2631.7,1.6,0.258,N,Y
CDLSPINNINGTOP,2024-12-20 17:00,1,False,False,2619.8,2631.21,2.0,0.33,N,Y
CDLSPINNINGTOP,2024-12-26 14:00,1,False,False,2641.3,2650.25,-0.7,-0.144,N,N
CDLSPINNINGTOP,2024-12-26 15:00,1,False,False,2640.0,2649.01,-4.2,-0.884,N,N
CDLSPINNINGTOP,2024-12-27 07:00,1,False,False,2652.8,2661.33,1.7,0.368,N,Y
CDLSPINNINGTOP,2024-12-27 09:00,1,False,False,2650.6,2658.7,0.2,0.045,N,Y
CDLSPINNINGTOP,2025-01-01 00:00,1,False,False,2639.3,2650.44,1.4,0.235,N,Y
CDLSPINNINGTOP,2025-01-01 01:00,1,False,False,2638.6,2649.51,0.8,0.14,N,Y
CDLSPINNINGTOP,2025-01-01 03:00,1,False,False,2637.9,2648.34,-10.44,-1.824,Y,N
CDLSPINNINGTOP,2025-01-06 20:00,1,False,False,2658.1,2669.92,12.9,1.347,N,Y
CDLSPINNINGTOP,2025-01-07 17:00,1,False,False,2652.9,2663.43,-10.53,-1.772,Y,N
CDLSPINNINGTOP,2025-01-08 16:00,1,False,False,2665.6,2674.78,1.5,0.296,N,Y
CDLSPINNINGTOP,2025-01-09 05:00,1,False,False,2680.1,2692.56,3.7,0.587,N,Y
CDLSPINNINGTOP,2025-01-09 09:00,1,False,False,2676.4,2687.43,-0.9,-0.153,N,N
CDLSPINNINGTOP,2025-01-09 17:00,1,False,False,2681.1,2691.15,-10.05,-1.687,Y,N
CDLSPINNINGTOP,2025-01-09 21:00,1,False,False,2691.4,2701.91,4.7,0.752,N,Y
CDLSPINNINGTOP,2025-01-10 00:00,1,False,False,2686.7,2697.63,-4.6,-0.745,N,N
CDLSPINNINGTOP,2025-01-10 01:00,1,False,False,2685.6,2696.5,-5.6,-0.957,N,N
CDLSPINNINGTOP,2025-01-10 04:00,1,False,False,2691.2,2701.43,-3.8,-0.732,N,N
CDLSPINNINGTOP,2025-01-10 09:00,1,False,False,2694.6,2703.38,-1.1,-0.234,N,N
CDLSPINNINGTOP,2025-01-13 08:00,1,False,False,2720.2,2734.43,4.8,0.616,N,Y
CDLSPINNINGTOP,2025-01-15 07:00,1,False,False,2691.9,2702.54,2.1,0.364,N,Y
CDLSPINNINGTOP,2025-01-15 12:00,1,False,False,2690.5,2699.88,-9.38,-1.79,Y,N
CDLSPINNINGTOP,2025-01-16 03:00,1,False,False,2718.2,2730.1,-5.4,-0.885,N,N
CDLSPINNINGTOP,2025-01-16 08:00,1,False,False,2723.2,2733.86,-4.6,-0.76,N,N
CDLSPINNINGTOP,2025-01-16 10:00,1,False,False,2726.5,2737.28,1.7,0.3,N,Y
CDLSPINNINGTOP,2025-01-16 14:00,1,False,False,2724.1,2733.93,-9.83,-1.647,Y,N
CDLSPINNINGTOP,2025-01-17 15:00,1,False,False,2740.7,2749.2,11.1,2.216,N,Y
CDLSPINNINGTOP,2025-01-21 23:00,1,False,False,2753.1,2766.33,-7.5,-0.999,N,N
CDLSPINNINGTOP,2025-01-22 07:00,1,False,False,2758.4,2769.95,-5.9,-0.931,N,N
CDLSPINNINGTOP,2025-01-22 09:00,1,False,False,2762.7,2774.02,-5.3,-0.894,N,N
CDLSPINNINGTOP,2025-01-22 21:00,1,False,False,2767.8,2779.83,-1.8,-0.25,N,N
CDLSPINNINGTOP,2025-01-23 00:00,1,False,False,2769.6,2782.21,2.6,0.396,N,Y
CDLSPINNINGTOP,2025-01-23 04:00,1,False,False,2766.6,2777.59,1.4,0.247,N,Y
CDLSPINNINGTOP,2025-01-24 02:00,1,False,False,2764.0,2776.53,1.9,0.298,N,Y
CDLSPINNINGTOP,2025-01-24 12:00,1,False,False,2779.6,2790.63,-0.1,-0.016,N,N
CDLSPINNINGTOP,2025-01-24 19:00,1,False,False,2782.9,2793.64,-2.8,-0.429,N,N
CDLSPINNINGTOP,2025-01-25 05:00,1,False,False,2777.5,2788.48,9.7,1.423,N,Y
CDLSPINNINGTOP,2025-01-29 10:00,1,False,False,2771.9,2779.8,3.9,0.929,N,Y
CDLSPINNINGTOP,2025-01-29 15:00,1,False,False,2765.5,2772.65,-7.15,-1.586,Y,N
CDLSPINNINGTOP,2025-01-30 02:00,1,False,False,2768.9,2778.28,-3.8,-0.64,N,N
CDLSPINNINGTOP,2025-01-30 08:00,1,False,False,2773.6,2783.3,0.2,0.04,N,Y
CDLSPINNINGTOP,2025-01-31 10:00,1,False,False,2848.4,2888.7,1.3,0.055,N,Y
CDLSPINNINGTOP,2025-01-31 14:00,1,False,False,2845.8,2887.25,0.1,0.004,N,Y
CDLSPINNINGTOP,2025-01-31 23:00,1,False,False,2855.1,2900.72,20.9,0.748,N,Y
CDLSPINNINGTOP,2025-02-03 17:00,1,False,False,2828.9,2874.78,-18.6,-0.687,N,N
CDLSPINNINGTOP,2025-02-03 22:00,1,False,False,2848.0,2897.66,-9.2,-0.307,N,N
CDLSPINNINGTOP,2025-02-04 00:00,1,False,False,2852.9,2905.56,-5.1,-0.181,N,N
CDLSPINNINGTOP,2025-02-04 08:00,1,False,False,2849.1,2897.94,-2.7,-0.1,N,N
CDLSPINNINGTOP,2025-02-04 11:00,1,False,False,2851.8,2898.84,8.7,0.322,N,Y
CDLSPINNINGTOP,2025-02-05 03:00,1,False,False,2873.7,2913.05,1.7,0.091,N,Y
CDLSPINNINGTOP,2025-02-06 01:00,1,False,False,2894.5,2915.19,12.3,1.129,N,Y
CDLSPINNINGTOP,2025-02-06 10:00,1,False,False,2889.0,2904.74,1.8,0.227,N,Y
CDLSPINNINGTOP,2025-02-06 13:00,1,False,False,2887.2,2901.08,8.3,0.984,N,Y
CDLSPINNINGTOP,2025-02-07 11:00,1,False,False,2889.5,2901.62,5.3,0.827,N,Y
CDLSPINNINGTOP,2025-02-07 14:00,1,False,False,2884.2,2895.41,-11.21,-1.737,Y,N
CDLSPINNINGTOP,2025-02-11 11:00,1,False,False,2944.6,2962.49,1.9,0.191,N,Y
CDLSPINNINGTOP,2025-02-13 13:00,1,False,False,2945.9,2959.98,8.8,1.102,N,Y
CDLSPINNINGTOP,2025-02-14 05:00,1,False,False,2957.2,2970.17,-1.9,-0.275,N,N
CDLSPINNINGTOP,2025-02-14 20:00,1,False,False,2954.1,2965.32,37.4,3.821,N,Y
CDLSPINNINGTOP,2025-02-18 23:00,1,False,False,2944.8,2959.73,-7.9,-0.967,N,N
CDLSPINNINGTOP,2025-02-19 01:00,1,False,False,2950.3,2964.87,-1.0,-0.128,N,N
CDLSPINNINGTOP,2025-02-19 18:00,1,False,False,2962.3,2974.73,9.1,1.2,N,Y
CDLSPINNINGTOP,2025-02-24 07:00,1,False,False,2950.0,2965.57,-2.8,-0.302,N,N
CDLSPINNINGTOP,2025-02-24 12:00,1,False,False,2954.2,2969.46,-3.3,-0.393,N,N
CDLSPINNINGTOP,2025-02-24 20:00,1,False,False,2961.8,2976.69,9.2,0.935,N,Y
CDLSPINNINGTOP,2025-02-25 01:00,1,False,False,2958.5,2974.83,-6.3,-0.745,N,N
CDLSPINNINGTOP,2025-02-25 08:00,1,False,False,2965.2,2978.8,8.9,1.144,N,Y
CDLSPINNINGTOP,2025-02-25 10:00,1,False,False,2964.6,2977.72,11.3,1.532,N,Y
CDLSPINNINGTOP,2025-03-03 17:00,1,False,False,2877.6,2892.83,-8.9,-1.108,N,N
CDLSPINNINGTOP,2025-03-04 01:00,1,False,False,2901.5,2916.85,0.2,0.022,N,Y
CDLSPINNINGTOP,2025-03-04 02:00,1,False,False,2900.3,2915.35,-3.8,-0.423,N,N
CDLSPINNINGTOP,2025-03-05 02:00,1,False,False,2921.8,2938.88,-6.4,-0.713,N,N
CDLSPINNINGTOP,2025-03-05 05:00,1,False,False,2928.2,2943.9,10.5,1.233,N,Y
CDLSPINNINGTOP,2025-03-05 14:00,1,False,False,2927.4,2942.33,-2.4,-0.29,N,N
CDLSPINNINGTOP,2025-03-05 17:00,1,False,False,2929.8,2944.27,3.3,0.406,N,Y
CDLSPINNINGTOP,2025-03-06 23:00,1,False,False,2922.8,2940.18,-1.5,-0.158,N,N
CDLSPINNINGTOP,2025-03-07 20:00,1,False,False,2925.9,2938.16,-12.26,-1.207,Y,N
CDLSPINNINGTOP,2025-03-11 20:00,1,False,False,2918.4,2931.71,-4.4,-0.531,N,N
CDLSPINNINGTOP,2025-03-12 12:00,1,False,False,2920.3,2930.71,0.6,0.097,N,Y
CDLSPINNINGTOP,2025-03-12 18:00,1,False,False,2920.1,2931.63,-0.9,-0.122,N,N
CDLSPINNINGTOP,2025-03-14 14:00,1,False,False,2998.2,3011.13,-12.93,-1.767,Y,N
CDLSPINNINGTOP,2025-03-14 19:00,1,False,False,3004.6,3018.51,8.8,1.005,N,Y
CDLSPINNINGTOP,2025-03-14 22:00,1,False,False,2995.8,3011.13,-1.6,-0.192,N,N
CDLSPINNINGTOP,2025-03-17 23:00,1,False,False,3004.9,3017.42,-2.9,-0.432,N,N
CDLSPINNINGTOP,2025-03-19 03:00,1,False,False,3042.7,3054.79,4.5,0.736,N,Y
CDLSPINNINGTOP,2025-03-19 08:00,1,False,False,3038.0,3048.4,-7.1,-1.215,N,N
CDLSPINNINGTOP,2025-03-19 20:00,1,False,False,3045.4,3057.2,5.3,0.744,N,Y
CDLSPINNINGTOP,2025-03-20 23:00,1,False,False,3048.1,3061.94,-2.5,-0.329,N,N
CDLSPINNINGTOP,2025-03-26 10:00,1,False,False,3028.3,3038.34,2.0,0.334,N,Y
CDLSPINNINGTOP,2025-03-27 16:00,1,False,False,3045.6,3056.05,-10.45,-1.541,Y,N
CDLSPINNINGTOP,2025-03-28 04:00,1,False,False,3069.1,3082.11,-4.1,-0.607,N,N
CDLSPINNINGTOP,2025-04-01 01:00,1,False,False,3150.3,3211.86,-7.1,-0.208,N,N
CDLSPINNINGTOP,2025-04-01 06:00,1,False,False,3156.6,3215.78,-9.4,-0.283,N,N
CDLSPINNINGTOP,2025-04-01 07:00,1,False,False,3155.7,3214.26,-17.6,-0.53,N,N
CDLSPINNINGTOP,2025-04-01 14:00,1,False,False,3160.5,3219.53,0.8,0.024,N,Y
CDLSPINNINGTOP,2025-04-01 19:00,1,False,False,3159.5,3218.1,-0.7,-0.021,N,N
CDLSPINNINGTOP,2025-04-02 11:00,1,False,False,3154.0,3203.24,8.0,0.328,N,Y
CDLSPINNINGTOP,2025-04-02 21:00,1,False,False,3159.1,3204.02,-14.8,-0.535,N,N
CDLSPINNINGTOP,2025-04-03 03:00,1,False,False,3163.0,3213.76,-25.3,-0.712,N,N
CDLSPINNINGTOP,2025-04-09 18:00,1,False,False,3060.7,3099.67,-31.3,-1.214,N,N
CDLSPINNINGTOP,2025-04-10 09:00,1,False,False,3109.8,3158.05,-31.7,-1.247,N,N
CDLSPINNINGTOP,2025-04-10 13:00,1,False,False,3139.4,3184.61,17.6,0.689,N,Y
CDLSPINNINGTOP,2025-04-10 14:00,1,False,False,3138.6,3184.01,6.0,0.232,N,Y
CDLSPINNINGTOP,2025-04-10 20:00,1,False,False,3139.8,3183.16,-43.36,-1.564,Y,N
CDLSPINNINGTOP,2025-04-14 11:00,1,False,False,3247.6,3292.89,1.1,0.045,N,Y
CDLSPINNINGTOP,2025-04-14 14:00,1,False,False,3246.5,3288.9,6.6,0.258,N,Y
CDLSPINNINGTOP,2025-04-14 16:00,1,False,False,3242.8,3287.43,3.7,0.145,N,Y
CDLSPINNINGTOP,2025-04-14 17:00,1,False,False,3239.9,3284.66,16.6,0.626,N,Y
CDLSPINNINGTOP,2025-04-15 23:00,1,False,False,3237.6,3264.46,-7.9,-0.582,N,N
CDLSPINNINGTOP,2025-04-16 00:00,1,False,False,3237.5,3262.94,-9.2,-0.711,N,N
CDLSPINNINGTOP,2025-04-17 14:00,1,False,False,3342.4,3365.93,7.3,0.555,N,Y
CDLSPINNINGTOP,2025-04-28 23:00,1,False,False,3336.4,3367.73,-23.2,-1.364,N,N
CDLSPINNINGTOP,2025-04-29 01:00,1,False,False,3346.7,3376.5,-8.1,-0.511,N,N
CDLSPINNINGTOP,2025-04-29 07:00,1,False,False,3348.0,3375.04,17.5,1.134,N,Y
CDLSPINNINGTOP,2025-04-29 09:00,1,False,False,3337.6,3364.58,18.0,1.194,N,Y
CDLSPINNINGTOP,2025-04-30 23:00,1,False,False,3318.5,3345.84,6.1,0.433,N,Y
CDLSPINNINGTOP,2025-05-02 13:00,1,False,False,3260.0,3283.01,-5.7,-0.447,N,N
CDLSPINNINGTOP,2025-05-02 16:00,1,False,False,3265.7,3288.01,-4.2,-0.341,N,N
CDLSPINNINGTOP,2025-05-05 23:00,1,False,False,3321.1,3344.24,-10.6,-0.855,N,N
CDLSPINNINGTOP,2025-05-07 23:00,1,False,False,3393.0,3422.01,0.9,0.056,N,Y
CDLSPINNINGTOP,2025-05-08 01:00,1,False,False,3393.6,3420.63,21.0,1.302,N,Y
CDLSPINNINGTOP,2025-05-08 02:00,1,False,False,3392.1,3420.14,15.3,0.977,N,Y
CDLSPINNINGTOP,2025-05-13 17:00,1,False,False,3257.8,3282.61,11.4,0.859,N,Y
CDLSPINNINGTOP,2025-05-13 18:00,1,False,False,3257.0,3280.66,25.0,1.818,N,Y
CDLSPINNINGTOP,2025-05-14 00:00,1,False,False,3255.5,3280.12,2.0,0.158,N,Y
CDLSPINNINGTOP,2025-05-14 03:00,1,False,False,3253.5,3275.63,-4.8,-0.428,N,N
CDLSPINNINGTOP,2025-05-14 07:00,1,False,False,3258.3,3277.95,21.5,1.828,N,Y
CDLSPINNINGTOP,2025-05-16 01:00,1,False,False,3224.5,3249.96,-19.4,-1.442,N,N
CDLSPINNINGTOP,2025-05-16 13:00,1,False,False,3221.8,3246.5,11.5,0.803,N,Y
CDLSPINNINGTOP,2025-05-19 07:00,1,False,False,3238.4,3268.17,7.1,0.404,N,Y
CDLSPINNINGTOP,2025-05-19 17:00,1,False,False,3245.2,3273.22,13.3,0.866,N,Y
CDLSPINNINGTOP,2025-05-19 18:00,1,False,False,3245.0,3272.42,12.3,0.792,N,Y
CDLSPINNINGTOP,2025-05-19 23:00,1,False,False,3234.6,3261.68,-1.2,-0.085,N,N
CDLSPINNINGTOP,2025-05-20 00:00,1,False,False,3234.4,3260.37,-1.0,-0.075,N,N
CDLSPINNINGTOP,2025-05-20 03:00,1,False,False,3235.4,3258.78,10.6,0.875,N,Y
CDLSPINNINGTOP,2025-05-20 17:00,1,False,False,3238.5,3260.0,-6.9,-0.576,N,N
CDLSPINNINGTOP,2025-05-20 18:00,1,False,False,3237.3,3258.15,-20.85,-1.571,Y,N
CDLSPINNINGTOP,2025-05-21 16:00,1,False,False,3310.7,3333.07,-2.6,-0.217,N,N
CDLSPINNINGTOP,2025-05-21 18:00,1,False,False,3314.2,3335.47,8.1,0.627,N,Y
CDLSPINNINGTOP,2025-05-21 19:00,1,False,False,3313.3,3334.27,6.5,0.502,N,Y
CDLSPINNINGTOP,2025-05-23 15:00,1,False,False,3328.9,3350.81,0.7,0.06,N,Y
CDLSPINNINGTOP,2025-05-23 18:00,1,False,False,3328.2,3348.75,-20.55,-1.609,Y,N
CDLSPINNINGTOP,2025-05-24 03:00,1,False,False,3360.4,3382.69,18.9,1.523,N,Y
CDLSPINNINGTOP,2025-05-26 07:00,1,False,False,3341.5,3363.22,-5.5,-0.432,N,N
CDLSPINNINGTOP,2025-05-26 08:00,1,False,False,3340.4,3362.5,-5.4,-0.441,N,N
CDLSPINNINGTOP,2025-05-26 11:00,1,False,False,3345.8,3367.25,9.4,0.827,N,Y
CDLSPINNINGTOP,2025-05-26 22:00,1,False,False,3337.5,3354.42,-3.6,-0.421,N,N
CDLSPINNINGTOP,2025-05-27 08:00,1,False,False,3344.8,3358.38,3.8,0.457,N,Y
CDLSPINNINGTOP,2025-05-28 19:00,1,False,False,3310.6,3328.71,9.3,0.856,N,Y
CDLSPINNINGTOP,2025-05-29 21:00,1,False,False,3337.3,3378.33,-9.8,-0.428,N,N
CDLSPINNINGTOP,2025-05-29 22:00,1,False,False,3334.7,3377.68,-14.3,-0.658,N,N
CDLSPINNINGTOP,2025-05-30 08:00,1,False,False,3335.9,3364.53,17.7,1.105,N,Y
CDLSPINNINGTOP,2025-05-30 09:00,1,False,False,3334.1,3362.54,14.6,0.956,N,Y
CDLSPINNINGTOP,2025-06-03 10:00,1,False,False,3393.6,3413.74,3.8,0.343,N,Y
CDLSPINNINGTOP,2025-06-05 06:00,1,False,False,3397.2,3414.64,-0.1,-0.01,N,N
CDLSPINNINGTOP,2025-06-05 11:00,1,False,False,3393.6,3410.57,4.3,0.458,N,Y
CDLSPINNINGTOP,2025-06-05 12:00,1,False,False,3391.6,3408.48,-3.2,-0.342,N,N
CDLSPINNINGTOP,2025-06-05 21:00,1,False,False,3401.9,3422.25,25.1,1.792,N,Y
CDLSPINNINGTOP,2025-06-10 16:00,1,False,False,3350.0,3367.79,-4.4,-0.453,N,N
CDLSPINNINGTOP,2025-06-11 16:00,1,False,False,3365.5,3381.7,11.7,1.226,N,Y
CDLSPINNINGTOP,2025-06-12 07:00,1,False,False,3385.8,3407.52,-9.1,-0.751,N,N
CDLSPINNINGTOP,2025-06-12 11:00,1,False,False,3393.9,3414.27,-1.1,-0.101,N,N
CDLSPINNINGTOP,2025-06-12 19:00,1,False,False,3399.7,3423.91,-4.7,-0.334,N,N
CDLSPINNINGTOP,2025-06-13 00:00,1,False,False,3404.4,3428.53,-4.1,-0.339,N,N
CDLSPINNINGTOP,2025-06-13 01:00,1,False,False,3403.3,3426.58,-3.1,-0.269,N,N
CDLSPINNINGTOP,2025-06-13 12:00,1,False,False,3447.3,3471.52,11.8,0.841,N,Y
CDLSPINNINGTOP,2025-06-13 15:00,1,False,False,3435.5,3460.06,-0.5,-0.037,N,N
CDLSPINNINGTOP,2025-06-13 17:00,1,False,False,3444.7,3468.19,-12.4,-0.906,N,N
CDLSPINNINGTOP,2025-06-13 23:00,1,False,False,3446.3,3470.19,-10.2,-0.791,N,N
CDLSPINNINGTOP,2025-06-14 04:00,1,False,False,3452.6,3473.62,-21.02,-1.562,Y,N
CDLSPINNINGTOP,2025-06-20 22:00,1,False,False,3385.5,3404.08,2.3,0.239,N,Y
CDLSPINNINGTOP,2025-06-23 23:00,1,False,False,3403.3,3424.08,9.5,0.768,N,Y
CDLSPINNINGTOP,2025-06-26 06:00,1,False,False,3346.3,3360.23,2.6,0.328,N,Y
CDLSPINNINGTOP,2025-06-26 11:00,1,False,False,3352.1,3366.47,-1.1,-0.139,N,N
CDLSPINNINGTOP,2025-07-01 10:00,1,False,False,3327.5,3342.62,-15.12,-1.815,Y,N
CDLSPINNINGTOP,2025-07-02 03:00,1,False,False,3349.6,3362.97,1.0,0.138,N,Y
CDLSPINNINGTOP,2025-07-02 13:00,1,False,False,3348.8,3362.04,5.0,0.646,N,Y
CDLSPINNINGTOP,2025-07-02 19:00,1,False,False,3352.6,3366.18,-1.5,-0.174,N,N
CDLSPINNINGTOP,2025-07-04 16:00,1,False,False,3352.5,3366.76,7.9,1.008,N,Y
CDLSPINNINGTOP,2025-07-08 04:00,1,False,False,3346.4,3361.15,2.2,0.269,N,Y
CDLSPINNINGTOP,2025-07-08 10:00,1,False,False,3344.6,3358.47,0.5,0.066,N,Y
CDLSPINNINGTOP,2025-07-10 18:00,1,False,False,3334.2,3347.67,12.1,1.381,N,Y
CDLSPINNINGTOP,2025-07-12 04:00,1,False,False,3370.6,3385.07,-11.1,-1.318,N,N
CDLSPINNINGTOP,2025-07-17 04:00,1,False,False,3354.2,3372.11,7.6,0.812,N,Y
CDLSPINNINGTOP,2025-07-18 04:00,1,False,False,3345.4,3359.2,0.2,0.028,N,Y
CDLSPINNINGTOP,2025-07-18 08:00,1,False,False,3345.2,3357.87,4.1,0.571,N,Y
CDLSPINNINGTOP,2025-07-18 22:00,1,False,False,3361.5,3374.36,3.0,0.44,N,Y
CDLSPINNINGTOP,2025-07-19 00:00,1,False,False,3360.0,3372.4,6.0,0.924,N,Y
CDLSPINNINGTOP,2025-07-21 18:00,1,False,False,3373.1,3383.83,-10.73,-1.514,Y,N
CDLSPINNINGTOP,2025-07-23 12:00,1,False,False,3436.7,3449.45,2.4,0.328,N,Y
CDLSPINNINGTOP,2025-07-29 17:00,1,False,False,3323.2,3336.85,1.6,0.208,N,Y
CDLSPINNINGTOP,2025-07-30 03:00,1,False,False,3323.7,3338.17,-2.6,-0.37,N,N
CDLSPINNINGTOP,2025-07-30 11:00,1,False,False,3326.4,3338.67,2.4,0.368,N,Y
CDLSPINNINGTOP,2025-08-04 13:00,1,False,False,3409.2,3425.73,-2.3,-0.25,N,N
CDLSPINNINGTOP,2025-08-04 17:00,1,False,False,3411.0,3426.56,-9.6,-1.04,N,N
CDLSPINNINGTOP,2025-08-04 18:00,1,False,False,3410.4,3425.65,-15.25,-1.526,Y,N
CDLSPINNINGTOP,2025-08-05 09:00,1,False,False,3433.1,3445.73,8.1,1.204,N,Y
CDLSPINNINGTOP,2025-08-05 11:00,1,False,False,3427.6,3439.9,7.2,1.049,N,Y
CDLSPINNINGTOP,2025-08-06 02:00,1,False,False,3434.3,3449.03,0.5,0.068,N,Y
CDLSPINNINGTOP,2025-08-06 03:00,1,False,False,3433.5,3447.58,-4.6,-0.637,N,N
CDLSPINNINGTOP,2025-08-06 06:00,1,False,False,3433.8,3446.69,2.4,0.33,N,Y
CDLSPINNINGTOP,2025-08-07 00:00,1,False,False,3435.5,3449.4,1.5,0.204,N,Y
CDLSPINNINGTOP,2025-08-07 13:00,1,False,False,3444.9,3457.43,-12.53,-1.545,Y,N
CDLSPINNINGTOP,2025-08-07 17:00,1,False,False,3450.3,3466.6,-4.3,-0.426,N,N
CDLSPINNINGTOP,2025-08-07 22:00,1,False,False,3450.3,3469.14,-5.0,-0.503,N,N
CDLSPINNINGTOP,2025-08-08 15:00,1,False,False,3492.7,3517.23,20.5,1.402,N,Y
CDLSPINNINGTOP,2025-08-08 23:00,1,False,False,3492.3,3520.07,38.5,2.267,N,Y
CDLSPINNINGTOP,2025-08-13 22:00,1,False,False,3413.7,3429.01,9.0,1.083,N,Y
CDLSPINNINGTOP,2025-08-14 00:00,1,False,False,3408.5,3423.31,0.5,0.063,N,Y
CDLSPINNINGTOP,2025-08-14 12:00,1,False,False,3409.2,3421.65,14.8,1.808,N,Y
CDLSPINNINGTOP,2025-08-18 14:00,1,False,False,3394.4,3408.29,0.7,0.094,N,Y
CDLSPINNINGTOP,2025-08-18 15:00,1,False,False,3393.8,3407.76,1.6,0.219,N,Y
CDLSPINNINGTOP,2025-08-18 16:00,1,False,False,3393.7,3407.34,2.5,0.353,N,Y
CDLSPINNINGTOP,2025-08-21 09:00,1,False,False,3385.1,3394.57,4.3,0.822,N,Y
CDLSPINNINGTOP,2025-08-21 21:00,1,False,False,3382.5,3394.52,-1.2,-0.167,N,N
CDLSPINNINGTOP,2025-08-21 23:00,1,False,False,3387.5,3400.27,4.1,0.611,N,Y
CDLSPINNINGTOP,2025-08-22 03:00,1,False,False,3383.2,3394.56,0.6,0.107,N,Y
CDLSPINNINGTOP,2025-08-26 02:00,1,False,False,3415.4,3425.35,7.0,1.326,N,Y
CDLSPINNINGTOP,2025-08-26 10:00,1,False,False,3423.0,3437.54,-1.2,-0.153,N,N
CDLSPINNINGTOP,2025-08-26 13:00,1,False,False,3424.2,3437.94,1.4,0.181,N,Y
CDLSPINNINGTOP,2025-08-26 16:00,1,False,False,3422.8,3436.33,-2.2,-0.269,N,N
CDLSPINNINGTOP,2025-08-26 18:00,1,False,False,3418.4,3432.31,-3.8,-0.458,N,N
CDLSPINNINGTOP,2025-08-28 15:00,1,False,False,3450.8,3460.69,-3.9,-0.692,N,N
CDLSPINNINGTOP,2025-08-29 11:00,1,False,False,3470.9,3480.4,1.8,0.347,N,Y
CDLSPINNINGTOP,2025-08-29 16:00,1,False,False,3470.6,3479.54,0.8,0.154,N,Y
CDLSPINNINGTOP,2025-09-04 21:00,1,False,False,3605.6,3627.3,-4.9,-0.403,N,N
CDLSPINNINGTOP,2025-09-05 00:00,1,False,False,3610.5,3631.76,4.6,0.41,N,Y
CDLSPINNINGTOP,2025-09-05 10:00,1,False,False,3610.3,3628.11,-7.4,-0.795,N,N
CDLSPINNINGTOP,2025-09-05 12:00,1,False,False,3616.7,3633.65,9.2,1.007,N,Y
CDLSPINNINGTOP,2025-09-08 06:00,1,False,False,3632.4,3654.12,1.3,0.11,N,Y
CDLSPINNINGTOP,2025-09-09 11:00,1,False,False,3685.2,3701.17,-2.1,-0.215,N,N
CDLSPINNINGTOP,2025-09-09 18:00,1,False,False,3690.8,3707.34,-16.54,-1.574,Y,N
CDLSPINNINGTOP,2025-09-09 20:00,1,False,False,3686.3,3703.0,-16.7,-1.589,Y,N
CDLSPINNINGTOP,2025-09-09 23:00,1,False,False,3684.3,3707.46,5.1,0.434,N,Y
CDLSPINNINGTOP,2025-09-10 22:00,1,False,False,3687.5,3705.82,0.6,0.06,N,Y
CDLSPINNINGTOP,2025-09-11 00:00,1,False,False,3682.0,3699.92,0.3,0.031,N,Y
CDLSPINNINGTOP,2025-09-11 08:00,1,False,False,3682.5,3697.97,12.8,1.429,N,Y
CDLSPINNINGTOP,2025-09-12 20:00,1,False,False,3683.5,3697.74,1.2,0.148,N,Y
CDLSPINNINGTOP,2025-09-13 01:00,1,False,False,3687.3,3700.86,6.6,0.943,N,Y
CDLSPINNINGTOP,2025-09-16 04:00,1,False,False,3719.5,3734.39,1.8,0.209,N,Y
CDLSPINNINGTOP,2025-09-16 10:00,1,False,False,3714.9,3730.02,-5.1,-0.647,N,N
CDLSPINNINGTOP,2025-09-16 13:00,1,False,False,3720.0,3733.79,-11.7,-1.453,N,N
CDLSPINNINGTOP,2025-09-17 03:00,1,False,False,3726.6,3740.97,-5.1,-0.69,N,N
CDLSPINNINGTOP,2025-09-17 23:00,1,False,False,3718.6,3733.29,-14.69,-1.196,Y,N
CDLSPINNINGTOP,2025-09-20 00:00,1,False,False,3702.4,3720.15,-15.5,-1.634,N,N
CDLSPINNINGTOP,2025-09-22 09:00,1,False,False,3724.3,3741.76,-3.2,-0.33,N,N
CDLSPINNINGTOP,2025-09-23 15:00,1,False,False,3787.6,3804.13,-16.53,-1.589,Y,N
CDLSPINNINGTOP,2025-09-24 07:00,1,False,False,3796.1,3816.4,6.0,0.524,N,Y
CDLSPINNINGTOP,2025-09-24 17:00,1,False,False,3801.4,3819.86,0.4,0.039,N,Y
CDLSPINNINGTOP,2025-09-24 20:00,1,False,False,3801.0,3818.98,26.9,2.348,N,Y
CDLSPINNINGTOP,2025-09-26 17:00,1,False,False,3781.5,3800.11,-0.8,-0.075,N,N
CDLSPINNINGTOP,2025-09-30 00:00,1,False,False,3858.9,3882.17,1.8,0.147,N,Y
CDLSPINNINGTOP,2025-09-30 01:00,1,False,False,3857.6,3880.32,-5.3,-0.444,N,N
CDLSPINNINGTOP,2025-09-30 10:00,1,False,False,3876.5,3896.13,-19.63,-1.757,Y,N
CDLSPINNINGTOP,2025-10-01 10:00,1,False,False,3891.3,3914.4,0.5,0.041,N,Y
CDLSPINNINGTOP,2025-10-01 11:00,1,False,False,3889.7,3912.5,2.6,0.212,N,Y
CDLSPINNINGTOP,2025-10-02 20:00,1,False,False,3910.1,3928.85,58.3,3.767,N,Y
CDLSPINNINGTOP,2025-10-03 22:00,1,False,False,3904.3,3926.66,-2.3,-0.181,N,N
CDLSPINNINGTOP,2025-10-04 01:00,1,False,False,3906.6,3928.78,-2.3,-0.202,N,N
CDLSPINNINGTOP,2025-10-04 03:00,1,False,False,3910.9,3931.8,-20.9,-1.648,Y,N
CDLSPINNINGTOP,2025-10-08 02:00,1,False,False,4003.8,4029.28,-8.5,-0.656,N,N
CDLSPINNINGTOP,2025-10-08 08:00,1,False,False,4014.0,4035.6,-21.6,-1.728,Y,N
CDLSPINNINGTOP,2025-10-09 02:00,1,False,False,4070.5,4094.65,30.6,2.004,N,Y
CDLSPINNINGTOP,2025-10-09 17:00,1,False,False,4057.2,4083.2,-15.7,-1.077,N,N
CDLSPINNINGTOP,2025-10-09 19:00,1,False,False,4063.7,4088.85,24.2,1.383,N,Y
CDLSPINNINGTOP,2025-10-10 18:00,1,False,False,4008.1,4040.31,12.0,0.65,N,Y
CDLSPINNINGTOP,2025-10-14 14:00,1,False,False,4127.3,4164.79,-16.4,-0.753,N,N
CDLSPINNINGTOP,2025-10-14 19:00,1,False,False,4148.6,4185.4,3.2,0.144,N,Y
CDLSPINNINGTOP,2025-10-16 01:00,1,False,False,4214.2,4248.19,-10.7,-0.617,N,N
CDLSPINNINGTOP,2025-10-16 04:00,1,False,False,4224.9,4255.25,0.4,0.023,N,Y
CDLSPINNINGTOP,2025-10-16 12:00,1,False,False,4246.7,4276.02,2.2,0.124,N,Y
CDLSPINNINGTOP,2025-10-16 20:00,1,False,False,4250.4,4279.99,-29.59,-1.661,Y,N
CDLSPINNINGTOP,2025-10-21 00:00,1,False,False,4365.2,4416.42,-29.1,-1.069,N,N
CDLSPINNINGTOP,2025-10-24 02:00,1,False,False,4152.3,4195.03,19.9,0.836,N,Y
CDLSPINNINGTOP,2025-10-25 00:00,1,False,False,4145.8,4188.86,26.1,1.109,N,Y
CDLSPINNINGTOP,2025-10-29 09:00,1,False,False,3987.3,4028.49,21.5,0.946,N,Y
CDLSPINNINGTOP,2025-10-29 18:00,1,False,False,4037.2,4074.62,10.3,0.492,N,Y
CDLSPINNINGTOP,2025-10-30 00:00,1,False,False,4007.7,4042.79,48.5,1.934,N,Y
CDLSPINNINGTOP,2025-10-31 00:00,1,False,False,4014.5,4059.57,-20.7,-0.861,N,N
CDLSPINNINGTOP,2025-10-31 07:00,1,False,False,4048.6,4090.14,24.7,1.075,N,Y
CDLSPINNINGTOP,2025-10-31 09:00,1,False,False,4032.0,4072.64,13.6,0.594,N,Y
CDLSPINNINGTOP,2025-10-31 13:00,1,False,False,4016.6,4055.88,-5.3,-0.247,N,N
CDLSPINNINGTOP,2025-10-31 17:00,1,False,False,4019.8,4056.67,-15.5,-0.759,N,N
CDLSPINNINGTOP,2025-10-31 18:00,1,False,False,4018.8,4054.74,-9.4,-0.451,N,N
CDLSPINNINGTOP,2025-11-05 22:00,1,False,False,3983.0,4010.2,-8.3,-0.528,N,N
CDLSPINNINGTOP,2025-11-06 09:00,1,False,False,3984.6,4008.39,-12.7,-0.996,N,N
CDLSPINNINGTOP,2025-11-06 13:00,1,False,False,3996.7,4018.08,-21.38,-1.696,Y,N
CDLSPINNINGTOP,2025-11-08 02:00,1,False,False,4012.5,4038.72,4.1,0.299,N,Y
CDLSPINNINGTOP,2025-11-11 14:00,1,False,False,4136.1,4157.92,-11.9,-0.997,N,N
CDLSPINNINGTOP,2025-11-11 15:00,1,False,False,4136.1,4157.4,-12.1,-1.041,N,N
CDLSPINNINGTOP,2025-11-12 09:00,1,False,False,4137.4,4159.47,20.9,1.632,N,Y
CDLSPINNINGTOP,2025-11-12 19:00,1,False,False,4131.7,4154.43,-11.0,-0.834,N,N
CDLSPINNINGTOP,2025-11-13 10:00,1,False,False,4194.2,4224.19,-21.8,-1.286,N,N
CDLSPINNINGTOP,2025-11-13 12:00,1,False,False,4214.6,4245.18,-10.0,-0.619,N,N
CDLSPINNINGTOP,2025-11-14 11:00,1,False,False,4207.7,4241.75,30.4,1.579,N,Y
CDLSPINNINGTOP,2025-11-18 22:00,1,False,False,4065.0,4102.72,-7.1,-0.324,N,N
CDLSPINNINGTOP,2025-11-19 05:00,1,False,False,4067.4,4101.12,7.8,0.435,N,Y
CDLSPINNINGTOP,2025-11-19 21:00,1,False,False,4111.5,4140.87,35.8,1.762,N,Y
CDLSPINNINGTOP,2025-11-20 08:00,1,False,False,4102.0,4136.61,31.7,1.417,N,Y
CDLSPINNINGTOP,2025-11-20 21:00,1,False,False,4079.7,4116.78,32.1,1.346,N,Y
CDLSPINNINGTOP,2025-11-21 05:00,1,False,False,4076.7,4114.72,8.5,0.423,N,Y
CDLSPINNINGTOP,2025-11-21 23:00,1,False,False,4068.7,4107.32,-13.2,-0.59,N,N
CDLSPINNINGTOP,2025-11-24 21:00,1,False,False,4075.3,4105.27,-20.9,-1.27,N,N
CDLSPINNINGTOP,2025-11-25 03:00,1,False,False,4117.4,4147.69,-24.5,-1.458,N,N
CDLSPINNINGTOP,2025-11-25 12:00,1,False,False,4138.8,4167.15,9.4,0.597,N,Y
CDLSPINNINGTOP,2025-11-25 20:00,1,False,False,4127.1,4175.41,-48.31,-1.617,Y,N
CDLSPINNINGTOP,2025-11-26 13:00,1,False,False,4197.1,4275.3,1.7,0.037,N,Y
CDLSPINNINGTOP,2025-11-26 21:00,1,False,False,4188.2,4272.71,-13.4,-0.27,N,N
CDLSPINNINGTOP,2025-11-27 02:00,1,False,False,4198.5,4284.72,2.4,0.05,N,Y
CDLSPINNINGTOP,2025-11-27 03:00,1,False,False,4197.0,4282.64,0.4,0.008,N,Y
CDLSPINNINGTOP,2025-11-27 05:00,1,False,False,4196.1,4280.37,8.7,0.184,N,Y
CDLSPINNINGTOP,2025-11-27 07:00,1,False,False,4196.6,4279.76,19.2,0.411,N,Y
CDLSPINNINGTOP,2025-12-01 19:00,1,False,False,4290.0,4361.84,16.8,0.393,N,Y
CDLSPINNINGTOP,2025-12-02 03:00,1,False,False,4270.8,4349.09,10.7,0.246,N,Y
CDLSPINNINGTOP,2025-12-02 04:00,1,False,False,4270.8,4348.36,11.2,0.273,N,Y
CDLSPINNINGTOP,2025-12-05 15:00,1,False,False,4254.3,4289.26,1.4,0.08,N,Y
CDLSPINNINGTOP,2025-12-05 18:00,1,False,False,4252.9,4283.35,-12.0,-0.747,N,N
CDLSPINNINGTOP,2025-12-08 14:00,1,False,False,4245.4,4282.26,8.0,0.359,N,Y
CDLSPINNINGTOP,2025-12-09 19:00,1,False,False,4232.1,4257.67,-1.8,-0.122,N,N
CDLSPINNINGTOP,2025-12-09 21:00,1,False,False,4230.4,4255.31,-11.7,-0.756,N,N
CDLSPINNINGTOP,2025-12-10 00:00,1,False,False,4242.1,4269.17,0.7,0.048,N,Y
CDLSPINNINGTOP,2025-12-10 04:00,1,False,False,4240.8,4265.14,3.9,0.318,N,Y
CDLSPINNINGTOP,2025-12-11 05:00,1,False,False,4258.3,4282.34,-9.4,-0.689,N,N
CDLSPINNINGTOP,2025-12-11 18:00,1,False,False,4244.2,4266.76,-4.4,-0.335,N,N
CDLSPINNINGTOP,2025-12-12 10:00,1,False,False,4301.1,4326.31,-8.7,-0.657,N,N
CDLSPINNINGTOP,2025-12-15 12:00,1,False,False,4358.9,4386.61,-13.5,-0.884,N,N
CDLSPINNINGTOP,2025-12-15 14:00,1,False,False,4376.1,4403.38,0.0,0.0,N,N
CDLSPINNINGTOP,2025-12-16 23:00,1,False,False,4351.8,4378.79,10.3,0.632,N,Y
CDLSPINNINGTOP,2025-12-17 03:00,1,False,False,4341.4,4370.37,4.5,0.303,N,Y
CDLSPINNINGTOP,2025-12-17 19:00,1,False,False,4345.9,4369.17,-23.27,-1.633,Y,N
CDLSPINNINGTOP,2025-12-17 22:00,1,False,False,4369.3,4395.47,-4.1,-0.257,N,N
CDLSPINNINGTOP,2025-12-18 07:00,1,False,False,4371.0,4396.26,6.3,0.46,N,Y
CDLSPINNINGTOP,2025-12-18 11:00,1,False,False,4363.4,4386.47,-1.0,-0.085,N,N
CDLSPINNINGTOP,2025-12-18 15:00,1,False,False,4362.6,4382.82,5.3,0.484,N,Y
CDLSPINNINGTOP,2025-12-19 02:00,1,False,False,4363.5,4394.36,-0.4,-0.025,N,N
CDLSPINNINGTOP,2025-12-19 18:00,1,False,False,4358.0,4380.45,-2.0,-0.167,N,N
CDLSPINNINGTOP,2025-12-24 01:00,1,False,False,4499.9,4527.76,-23.9,-1.58,N,N
CDLSPINNINGTOP,2025-12-26 15:00,1,False,False,4540.6,4575.25,-3.5,-0.193,N,N
CDLSPINNINGTOP,2025-12-26 22:00,1,False,False,4552.9,4585.42,0.7,0.035,N,Y
CDLSPINNINGTOP,2026-01-02 17:00,1,False,False,4397.5,4435.62,-9.5,-0.479,N,N
CDLSPINNINGTOP,2026-01-06 08:00,1,False,False,4447.4,4477.67,-30.27,-1.748,Y,N
CDLSPINNINGTOP,2026-01-06 12:00,1,False,False,4478.0,4507.05,8.7,0.519,N,Y
CDLSPINNINGTOP,2026-01-07 07:00,1,False,False,4504.6,4530.91,18.6,1.119,N,Y
CDLSPINNINGTOP,2026-01-07 11:00,1,False,False,4485.7,4513.82,30.9,1.835,N,Y
CDLSPINNINGTOP,2026-01-09 16:00,1,False,False,4476.9,4500.99,-7.4,-0.586,N,N
CDLSPINNINGTOP,2026-01-13 00:00,1,False,False,4627.0,4662.78,6.4,0.336,N,Y
CDLSPINNINGTOP,2026-01-13 07:00,1,False,False,4607.6,4641.51,4.5,0.235,N,Y
CDLSPINNINGTOP,2026-01-13 13:00,1,False,False,4600.7,4631.1,-0.9,-0.053,N,N
CDLSPINNINGTOP,2026-01-13 18:00,1,False,False,4595.0,4622.63,-27.63,-1.666,Y,N
CDLSPINNINGTOP,2026-01-14 12:00,1,False,False,4636.0,4665.09,-3.7,-0.223,N,N
CDLSPINNINGTOP,2026-01-14 19:00,1,False,False,4638.5,4665.71,14.0,0.836,N,Y
CDLSPINNINGTOP,2026-01-15 19:00,1,False,False,4623.4,4651.68,8.5,0.466,N,Y
CDLSPINNINGTOP,2026-01-16 03:00,1,False,False,4620.0,4649.21,5.4,0.332,N,Y
CDLSPINNINGTOP,2026-01-21 23:00,1,False,False,4850.0,4895.16,-3.2,-0.117,N,N
CDLSPINNINGTOP,2026-01-22 16:00,1,False,False,4832.2,4879.56,-1.0,-0.04,N,N
CDLSPINNINGTOP,2026-01-23 21:00,1,False,False,4939.8,4980.12,-40.32,-1.7,Y,N
CDLSPINNINGTOP,2026-01-27 00:00,1,False,False,5086.4,5133.0,62.8,2.06,N,Y
CDLSPINNINGTOP,2026-01-27 21:00,1,False,False,5073.8,5122.16,-11.3,-0.392,N,N
CDLSPINNINGTOP,2026-01-28 00:00,1,False,False,5085.1,5135.51,-12.2,-0.455,N,N
CDLSPINNINGTOP,2026-01-28 08:00,1,False,False,5168.5,5220.29,-51.79,-1.647,Y,N
CDLSPINNINGTOP,2026-01-29 02:00,1,False,False,5317.3,5377.97,-60.67,-1.543,Y,N
CDLSPINNINGTOP,2026-02-04 10:00,1,False,False,5061.6,5171.87,-36.7,-0.657,N,N
CDLSPINNINGTOP,2026-02-04 13:00,1,False,False,5098.3,5196.13,-8.2,-0.163,N,N
CDLSPINNINGTOP,2026-02-04 14:00,1,False,False,5096.6,5191.38,14.3,0.286,N,Y
CDLSPINNINGTOP,2026-02-05 08:00,1,False,False,5028.1,5118.36,129.6,2.028,N,Y
CDLSPINNINGTOP,2026-02-06 23:00,1,False,False,4966.3,5057.68,-20.0,-0.424,N,N
CDLSPINNINGTOP,2026-02-07 02:00,1,False,False,4986.3,5068.88,-2.3,-0.055,N,N
CDLSPINNINGTOP,2026-02-09 12:00,1,False,False,5034.7,5108.78,7.5,0.185,N,Y
CDLSPINNINGTOP,2026-02-09 14:00,1,False,False,5052.4,5123.9,24.2,0.605,N,Y
CDLSPINNINGTOP,2026-02-09 21:00,1,False,False,5028.9,5093.2,-64.3,-1.769,Y,N
CDLSPINNINGTOP,2026-02-11 08:00,1,False,False,5060.9,5110.69,-18.1,-0.669,N,N
CDLSPINNINGTOP,2026-02-11 16:00,1,False,False,5077.0,5119.01,-42.01,-1.651,Y,N
CDLSPINNINGTOP,2026-02-11 22:00,1,False,False,5082.3,5141.91,-34.2,-0.987,N,N
CDLSPINNINGTOP,2026-02-12 03:00,1,False,False,5106.5,5164.29,23.0,0.713,N,Y
CDLSPINNINGTOP,2026-02-12 05:00,1,False,False,5107.8,5162.06,23.0,0.752,N,Y
CDLSPINNINGTOP,2026-02-16 08:00,1,False,False,5035.0,5087.99,27.8,0.902,N,Y
CDLSPINNINGTOP,2026-02-18 13:00,1,False,False,4952.4,5000.05,14.7,0.598,N,Y
CDLSPINNINGTOP,2026-02-18 15:00,1,False,False,4949.5,4993.58,14.5,0.629,N,Y
CDLSPINNINGTOP,2026-02-19 01:00,1,False,False,5020.1,5060.33,14.8,0.666,N,Y
CDLSPINNINGTOP,2026-02-19 03:00,1,False,False,5000.7,5040.9,5.9,0.262,N,Y
CDLSPINNINGTOP,2026-02-20 10:00,1,False,False,5013.7,5048.6,-16.4,-0.854,N,N
CDLSPINNINGTOP,2026-02-26 03:00,1,False,False,5224.4,5260.67,44.4,1.886,N,Y
CDLSPINNINGTOP,2026-02-27 07:00,1,False,False,5200.9,5240.67,0.6,0.026,N,Y
CDLSPINNINGTOP,2026-02-27 12:00,1,False,False,5200.5,5238.03,7.4,0.364,N,Y
CDLSPINNINGTOP,2026-03-02 17:00,1,False,False,5406.9,5461.34,-5.5,-0.185,N,N
CDLSPINNINGTOP,2026-03-02 18:00,1,False,False,5404.1,5457.55,-5.7,-0.189,N,N
CDLSPINNINGTOP,2026-03-02 19:00,1,False,False,5399.6,5452.86,53.2,1.54,N,Y
CDLSPINNINGTOP,2026-03-02 21:00,1,False,False,5409.8,5462.49,105.8,2.885,N,Y
CDLSPINNINGTOP,2026-03-03 12:00,1,False,False,5377.9,5431.05,37.3,1.126,N,Y
CDLSPINNINGTOP,2026-03-05 09:00,1,False,False,5181.7,5238.13,2.0,0.067,N,Y
CDLSPINNINGTOP,2026-03-07 00:00,1,False,False,5149.5,5205.68,-19.0,-0.625,N,N
CDLSPINNINGTOP,2026-03-07 03:00,1,False,False,5168.5,5221.72,30.0,0.947,N,Y
CDLSPINNINGTOP,2026-03-10 04:00,1,False,False,5148.7,5203.53,8.5,0.285,N,Y
CDLSPINNINGTOP,2026-03-10 17:00,1,False,False,5191.8,5235.54,-4.7,-0.188,N,N
CDLSPINNINGTOP,2026-03-10 19:00,1,False,False,5184.2,5227.66,-43.45,-1.647,Y,N
CDLSPINNINGTOP,2026-03-11 14:00,1,False,False,5205.8,5245.93,10.1,0.453,N,Y
CDLSPINNINGTOP,2026-03-11 15:00,1,False,False,5203.7,5243.18,9.6,0.436,N,Y
CDLSPINNINGTOP,2026-03-24 23:00,1,False,False,4412.8,4511.46,21.9,0.411,N,Y
CDLSPINNINGTOP,2026-03-25 17:00,1,False,False,4550.4,4621.34,8.0,0.201,N,Y
CDLSPINNINGTOP,2026-03-26 00:00,1,False,False,4553.4,4621.57,24.7,0.636,N,Y
CDLSPINNINGTOP,2026-03-26 01:00,1,False,False,4548.2,4614.12,44.9,1.14,N,Y
CDLSPINNINGTOP,2026-03-26 09:00,1,False,False,4532.0,4597.01,15.1,0.447,N,Y
CDLSPINNINGTOP,2026-03-28 00:00,1,False,False,4546.5,4609.97,3.4,0.094,N,Y
CDLSPINNINGTOP,2026-03-28 03:00,1,False,False,4543.1,4606.17,66.2,1.819,N,Y
CDLSPINNINGTOP,2026-03-30 18:00,1,False,False,4561.2,4615.34,7.5,0.214,N,Y
CDLSPINNINGTOP,2026-04-06 20:00,1,False,False,4701.5,4754.36,8.1,0.266,N,Y
CDLSPINNINGTOP,2026-04-08 18:00,1,False,False,4809.7,4864.55,5.6,0.174,N,Y
CDLSPINNINGTOP,2026-04-10 04:00,1,False,False,4790.5,4832.31,4.1,0.184,N,Y
CDLSPINNINGTOP,2026-04-10 06:00,1,False,False,4787.6,4829.9,0.3,0.014,N,Y
CDLSPINNINGTOP,2026-04-14 01:00,1,False,False,4753.3,4794.67,-13.3,-0.616,N,N
CDLSPINNINGTOP,2026-04-14 07:00,1,False,False,4781.3,4817.28,-16.3,-0.802,N,N
CDLSPINNINGTOP,2026-04-14 15:00,1,False,False,4800.2,4834.9,9.1,0.437,N,Y
CDLSPINNINGTOP,2026-04-15 08:00,1,False,False,4859.7,4892.26,-32.56,-1.601,Y,N
CDLSPINNINGTOP,2026-04-15 15:00,1,False,False,4834.1,4866.84,11.3,0.578,N,Y
CDLSPINNINGTOP,2026-04-15 20:00,2,False,True,4833.9,4866.81,10.4,0.523,N,Y
CDLSPINNINGTOP,2026-04-17 23:00,2,False,True,4889.7,4928.57,10.1,0.494,N,Y
CDLSPINNINGTOP,2026-04-18 00:00,2,False,True,4889.0,4926.34,13.5,0.688,N,Y
CDLSPINNINGTOP,2026-05-01 10:00,1,False,False,4630.5,4659.46,14.3,0.868,N,Y
CDLSPINNINGTOP,2026-05-02 00:00,2,False,True,4650.6,4687.77,27.6,1.347,N,Y
CDLSPINNINGTOP,2026-05-04 06:00,3,True,True,4630.7,4667.2,6.5,0.327,N,Y
CDLSPINNINGTOP,2026-05-04 08:00,1,False,False,4623.6,4658.16,-4.2,-0.207,N,N
CDLSPINNINGTOP,2026-05-04 09:00,1,False,False,4624.2,4658.99,7.6,0.386,N,Y
CDLSPINNINGTOP,2026-05-06 01:00,1,False,False,4570.3,4600.7,2.5,0.161,N,Y
CDLSPINNINGTOP,2026-05-07 04:00,2,True,False,4703.1,4736.34,5.5,0.311,N,Y
CDLSPINNINGTOP,2026-05-07 17:00,1,False,False,4738.4,4772.81,-21.7,-1.131,N,N
CDLSPINNINGTOP,2026-05-07 21:00,1,False,False,4756.5,4791.11,31.7,1.291,N,Y
CDLSPINNINGTOP,2026-05-08 01:00,1,False,False,4721.1,4765.12,25.1,1.003,N,Y
CDLSPINNINGTOP,2026-05-08 14:00,1,False,False,4734.3,4775.76,12.7,0.553,N,Y
CDLSPINNINGTOP,2026-05-08 17:00,1,False,False,4721.6,4761.81,-12.5,-0.552,N,N
CDLSPINNINGTOP,2026-05-08 19:00,2,False,True,4727.5,4765.88,1.8,0.074,N,Y
CDLSPINNINGTOP,2026-05-13 04:00,3,True,True,4722.6,4757.37,-0.4,-0.022,N,N
CDLSPINNINGTOP,2026-05-13 08:00,2,False,True,4723.0,4754.63,20.0,1.112,N,Y
CDLSPINNINGTOP,2026-05-14 07:00,2,False,True,4703.5,4730.56,10.8,0.654,N,Y
CDLSPINNINGTOP,2026-05-14 18:00,3,True,True,4704.1,4735.98,18.9,0.949,N,Y
CDLSPINNINGTOP,2026-05-20 23:00,3,True,True,4532.1,4572.71,-13.5,-0.641,N,N
CDLSPINNINGTOP,2026-05-21 08:00,3,True,True,4547.0,4579.13,17.1,0.864,N,Y
CDLSPINNINGTOP,2026-05-21 17:00,2,False,True,4531.7,4564.76,26.7,1.381,N,Y
CDLSPINNINGTOP,2026-05-22 06:00,3,True,True,4544.1,4577.57,17.4,0.953,N,Y
CDLSPINNINGTOP,2026-05-28 21:00,2,True,False,4460.6,4499.02,-38.42,-1.554,Y,N
CDLSPINNINGTOP,2026-05-29 01:00,1,False,False,4539.2,4581.37,11.9,0.56,N,Y
CDLSPINNINGTOP,2026-05-29 04:00,2,True,False,4527.3,4564.51,2.0,0.107,N,Y
CDLSPINNINGTOP,2026-05-29 08:00,1,False,False,4525.3,4558.13,-5.6,-0.309,N,N
CDLSPINNINGTOP,2026-06-02 13:00,1,False,False,4547.0,4577.38,-10.0,-0.586,N,N
CDLSPINNINGTOP,2026-06-02 15:00,2,False,True,4565.2,4595.6,2.1,0.128,N,Y
CDLSPINNINGTOP,2026-06-04 14:00,3,True,True,4494.7,4527.39,-3.5,-0.2,N,N
CDLSPINNINGTOP,2026-06-05 02:00,2,True,False,4505.9,4538.23,9.0,0.542,N,Y
CDLSPINNINGTOP,2026-06-09 10:00,3,True,True,4360.4,4392.54,-7.5,-0.418,N,N
