形态,方向,过滤器,SL,交易数,胜,负,胜率%,随机WR%,Z值,显著,平均盈亏,盈亏/ATR,盈亏比,止损率%
CDLTAKURI,bull,rsi_mid_oversold,0.5,136,48,88,35.3,30.4,1.24,N,-3.85,-0.107,0.42,58.1
CDLTAKURI,bull,rsi_mid_oversold,0.75,136,58,78,42.6,36.4,1.51,N,-5.04,-0.161,0.39,49.3
CDLTAKURI,bull,rsi_mid_oversold,1.0,136,80,56,58.8,44.7,3.32,Y,-0.92,-0.015,0.85,28.7
CDLTAKURI,bull,rsi_mid_oversold,1.25,136,86,50,63.2,45.9,4.06,Y,0.54,0.041,1.11,18.4
CDLTAKURI,bull,rsi_mid_oversold,1.5,136,87,49,64.0,48.7,3.57,Y,0.35,0.021,1.07,16.9
CDLTAKURI,bull,rsi_mid_oversold,1.75,136,90,46,66.2,49.6,3.86,Y,0.35,0.04,1.06,13.2
CDLTAKURI,bull,rsi_mid_oversold,2.0,136,90,46,66.2,46.9,4.51,Y,1.04,0.075,1.22,8.1
CDLTAKURI,bull,rsi_mid_oversold,2.25,136,90,46,66.2,50.4,3.69,Y,1.45,0.086,1.34,5.1
CDLTAKURI,bull,rsi_mid_oversold,2.5,136,90,46,66.2,49.5,3.89,Y,1.95,0.102,1.52,2.9
CDLTAKURI,bull,rsi_mid_oversold,2.75,136,90,46,66.2,47.7,4.31,Y,1.92,0.101,1.51,2.2
CDLTAKURI,bull,rsi_mid_oversold,3.0,136,91,45,66.9,49.2,4.13,Y,2.29,0.12,1.66,1.5
CDLTAKURI,bull,trend_down,0.5,149,54,95,36.2,31.2,1.33,N,-3.4,-0.092,0.46,57.0
CDLTAKURI,bull,trend_down,0.75,149,64,85,43.0,37.7,1.32,N,-4.64,-0.147,0.42,48.3
CDLTAKURI,bull,trend_down,1.0,149,86,63,57.7,43.7,3.44,Y,-1.01,-0.022,0.84,30.2
CDLTAKURI,bull,trend_down,1.25,149,92,57,61.7,46.8,3.65,Y,0.42,0.033,1.08,19.5
CDLTAKURI,bull,trend_down,1.5,149,93,56,62.4,48.5,3.39,Y,0.11,0.007,1.02,18.1
CDLTAKURI,bull,trend_down,1.75,149,96,53,64.4,48.1,3.99,Y,0.42,0.033,1.08,13.4
CDLTAKURI,bull,trend_down,2.0,149,96,53,64.4,50.0,3.52,Y,1.01,0.062,1.21,8.7
CDLTAKURI,bull,trend_down,2.25,149,96,53,64.4,46.7,4.34,Y,1.33,0.069,1.3,6.0
CDLTAKURI,bull,trend_down,2.5,149,96,53,64.4,47.1,4.24,Y,1.75,0.079,1.43,4.0
CDLTAKURI,bull,trend_down,2.75,149,97,52,65.1,50.7,3.51,Y,1.91,0.119,1.47,2.7
CDLTAKURI,bull,trend_down,3.0,149,98,51,65.8,49.4,4.0,Y,2.22,0.135,1.59,2.0
CDLLONGLEGGEDDOJI,bull,rsi_mid_oversold,0.5,752,259,493,34.4,32.7,0.99,N,-1.3,-0.055,0.75,59.2
CDLLONGLEGGEDDOJI,bull,rsi_mid_oversold,0.75,752,310,442,41.2,39.1,1.19,N,-1.74,-0.082,0.73,46.1
CDLLONGLEGGEDDOJI,bull,rsi_mid_oversold,1.0,752,364,388,48.4,44.2,2.31,Y,-1.16,-0.06,0.82,33.8
CDLLONGLEGGEDDOJI,bull,rsi_mid_oversold,1.25,752,392,360,52.1,46.6,3.02,Y,-0.45,-0.035,0.93,24.1
CDLLONGLEGGEDDOJI,bull,rsi_mid_oversold,1.5,752,408,344,54.3,48.6,3.08,Y,-0.2,-0.022,0.97,17.7
CDLLONGLEGGEDDOJI,bull,rsi_mid_oversold,1.75,752,416,336,55.3,49.4,3.25,Y,-0.2,-0.016,0.97,13.7
CDLLONGLEGGEDDOJI,bull,rsi_mid_oversold,2.0,752,419,333,55.7,49.0,3.71,Y,0.12,0.003,1.02,9.4
CDLLONGLEGGEDDOJI,bull,rsi_mid_oversold,2.25,752,419,333,55.7,48.5,3.93,Y,0.12,0.002,1.02,7.6
CDLLONGLEGGEDDOJI,bull,rsi_mid_oversold,2.5,752,420,332,55.9,50.4,2.97,Y,0.11,0.005,1.02,6.1
CDLLONGLEGGEDDOJI,bull,rsi_mid_oversold,2.75,752,420,332,55.9,48.1,4.24,Y,-0.04,-0.002,0.99,4.9
CDLLONGLEGGEDDOJI,bull,rsi_mid_oversold,3.0,752,422,330,56.1,49.0,3.88,Y,-0.06,-0.001,0.99,4.1
CDLDOJI,bull,rsi_mid_oversold,0.5,762,264,498,34.6,33.3,0.79,N,-1.32,-0.054,0.75,59.1
CDLDOJI,bull,rsi_mid_oversold,0.75,762,315,447,41.3,39.8,0.89,N,-1.79,-0.082,0.72,46.2
CDLDOJI,bull,rsi_mid_oversold,1.0,762,369,393,48.4,44.5,2.17,Y,-1.22,-0.061,0.81,33.9
CDLDOJI,bull,rsi_mid_oversold,1.25,762,397,365,52.1,46.8,2.92,Y,-0.54,-0.038,0.91,24.3
CDLDOJI,bull,rsi_mid_oversold,1.5,762,415,347,54.5,48.0,3.59,Y,-0.25,-0.022,0.96,17.7
CDLDOJI,bull,rsi_mid_oversold,1.75,762,423,339,55.5,49.0,3.57,Y,-0.26,-0.017,0.96,13.8
CDLDOJI,bull,rsi_mid_oversold,2.0,762,426,336,55.9,49.4,3.6,Y,0.04,0.001,1.01,9.6
CDLDOJI,bull,rsi_mid_oversold,2.25,762,426,336,55.9,48.5,4.09,Y,0.1,0.004,1.02,7.5
CDLDOJI,bull,rsi_mid_oversold,2.5,762,427,335,56.0,48.5,4.14,Y,0.1,0.007,1.02,6.0
CDLDOJI,bull,rsi_mid_oversold,2.75,762,427,335,56.0,49.1,3.82,Y,-0.05,-0.0,0.99,4.9
CDLDOJI,bull,rsi_mid_oversold,3.0,762,429,333,56.3,50.2,3.38,Y,-0.07,0.001,0.99,4.1
CDLDRAGONFLYDOJI,bull,rsi_mid_oversold,0.5,138,50,88,36.2,32.2,1.0,N,-3.85,-0.076,0.42,58.0
CDLDRAGONFLYDOJI,bull,rsi_mid_oversold,0.75,138,60,78,43.5,36.1,1.8,Y,-5.14,-0.126,0.38,48.6
CDLDRAGONFLYDOJI,bull,rsi_mid_oversold,1.0,138,81,57,58.7,43.7,3.55,Y,-1.0,0.015,0.83,28.3
CDLDRAGONFLYDOJI,bull,rsi_mid_oversold,1.25,138,87,51,63.0,45.9,4.04,Y,0.42,0.071,1.08,18.1
CDLDRAGONFLYDOJI,bull,rsi_mid_oversold,1.5,138,88,50,63.8,48.6,3.58,Y,0.22,0.051,1.04,16.7
CDLDRAGONFLYDOJI,bull,rsi_mid_oversold,1.75,138,90,48,65.2,49.9,3.6,Y,0.03,0.056,1.01,13.8
CDLDRAGONFLYDOJI,bull,rsi_mid_oversold,2.0,138,90,48,65.2,49.9,3.59,Y,0.68,0.089,1.14,8.7
CDLDRAGONFLYDOJI,bull,rsi_mid_oversold,2.25,138,90,48,65.2,49.2,3.77,Y,1.04,0.098,1.23,5.8
CDLDRAGONFLYDOJI,bull,rsi_mid_oversold,2.5,138,90,48,65.2,48.4,3.96,Y,1.49,0.112,1.36,3.6
CDLDRAGONFLYDOJI,bull,rsi_mid_oversold,2.75,138,90,48,65.2,51.1,3.32,Y,1.43,0.109,1.34,2.9
CDLDRAGONFLYDOJI,bull,rsi_mid_oversold,3.0,138,91,47,65.9,50.4,3.65,Y,1.91,0.133,1.51,1.4
CDLDRAGONFLYDOJI,bull,trend_down,0.5,151,55,96,36.4,32.3,1.09,N,-3.49,-0.074,0.45,57.6
CDLDRAGONFLYDOJI,bull,trend_down,0.75,151,65,86,43.0,36.1,1.78,Y,-4.85,-0.126,0.41,48.3
CDLDRAGONFLYDOJI,bull,trend_down,1.0,151,86,65,57.0,45.0,2.94,Y,-1.22,-0.007,0.81,30.5
CDLDRAGONFLYDOJI,bull,trend_down,1.25,151,92,59,60.9,47.7,3.26,Y,0.14,0.046,1.03,19.9
CDLDRAGONFLYDOJI,bull,trend_down,1.5,151,93,58,61.6,47.8,3.39,Y,-0.21,0.019,0.96,18.5
CDLDRAGONFLYDOJI,bull,trend_down,1.75,151,95,56,62.9,48.0,3.68,Y,0.04,0.038,1.01,13.9
CDLDRAGONFLYDOJI,bull,trend_down,2.0,151,95,56,62.9,50.5,3.05,Y,0.59,0.065,1.12,9.3
CDLDRAGONFLYDOJI,bull,trend_down,2.25,151,95,56,62.9,49.1,3.39,Y,0.87,0.07,1.18,6.6
CDLDRAGONFLYDOJI,bull,trend_down,2.5,151,95,56,62.9,50.1,3.16,Y,1.25,0.079,1.28,4.6
CDLDRAGONFLYDOJI,bull,trend_down,2.75,151,96,55,63.6,48.4,3.73,Y,1.38,0.116,1.31,3.3
CDLDRAGONFLYDOJI,bull,trend_down,3.0,151,97,54,64.2,50.0,3.5,Y,1.78,0.137,1.43,2.0
CDLRICKSHAWMAN,bull,trend_down,0.5,558,210,348,37.6,33.3,2.18,Y,-0.15,-0.018,0.97,56.5
CDLRICKSHAWMAN,bull,trend_down,0.75,558,248,310,44.4,40.7,1.82,Y,-0.45,-0.042,0.92,43.0
CDLRICKSHAWMAN,bull,trend_down,1.0,558,278,280,49.8,44.9,2.33,Y,-0.49,-0.036,0.92,32.6
CDLRICKSHAWMAN,bull,trend_down,1.25,558,295,263,52.9,47.5,2.55,Y,-0.08,-0.028,0.99,23.7
CDLRICKSHAWMAN,bull,trend_down,1.5,558,305,253,54.7,48.8,2.77,Y,0.06,-0.017,1.01,17.2
CDLRICKSHAWMAN,bull,trend_down,1.75,558,312,246,55.9,49.7,2.94,Y,0.17,-0.009,1.03,13.3
CDLRICKSHAWMAN,bull,trend_down,2.0,558,314,244,56.3,50.1,2.93,Y,0.32,0.0,1.05,9.5
CDLRICKSHAWMAN,bull,trend_down,2.25,558,315,243,56.5,49.9,3.08,Y,0.32,0.0,1.05,7.7
CDLRICKSHAWMAN,bull,trend_down,2.5,558,316,242,56.6,51.2,2.58,Y,0.25,0.0,1.04,6.3
CDLRICKSHAWMAN,bull,trend_down,2.75,558,317,241,56.8,50.1,3.16,Y,0.14,0.004,1.02,5.0
CDLRICKSHAWMAN,bull,trend_down,3.0,558,318,240,57.0,49.2,3.7,Y,-0.0,0.002,1.0,4.3
CDLSHORTLINE,bull,rsi_mid_oversold,0.5,461,188,273,40.8,37.0,1.66,Y,0.86,0.044,1.2,50.3
CDLSHORTLINE,bull,rsi_mid_oversold,0.75,461,222,239,48.2,42.5,2.44,Y,0.78,0.047,1.15,36.0
CDLSHORTLINE,bull,rsi_mid_oversold,1.0,461,245,216,53.1,46.6,2.82,Y,1.08,0.07,1.21,24.7
CDLSHORTLINE,bull,rsi_mid_oversold,1.25,461,254,207,55.1,46.5,3.69,Y,1.38,0.073,1.28,17.4
CDLSHORTLINE,bull,rsi_mid_oversold,1.5,461,260,201,56.4,49.8,2.85,Y,1.32,0.074,1.26,13.7
CDLSHORTLINE,bull,rsi_mid_oversold,1.75,461,261,200,56.6,48.3,3.59,Y,1.08,0.065,1.2,10.6
CDLSHORTLINE,bull,rsi_mid_oversold,2.0,461,262,199,56.8,49.2,3.27,Y,1.2,0.076,1.23,6.7
CDLSHORTLINE,bull,rsi_mid_oversold,2.25,461,262,199,56.8,51.2,2.42,Y,1.57,0.092,1.33,3.9
CDLSHORTLINE,bull,rsi_mid_oversold,2.5,461,262,199,56.8,49.5,3.14,Y,1.5,0.092,1.31,3.0
CDLSHORTLINE,bull,rsi_mid_oversold,2.75,461,262,199,56.8,50.3,2.81,Y,1.42,0.09,1.29,2.6
CDLSHORTLINE,bull,rsi_mid_oversold,3.0,461,262,199,56.8,49.7,3.05,Y,1.54,0.094,1.32,1.7
CDLDOJI,bull,trend_down,0.5,844,288,556,34.1,32.8,0.84,N,-1.05,-0.052,0.8,59.8
CDLDOJI,bull,trend_down,0.75,844,343,501,40.6,40.0,0.4,N,-1.67,-0.09,0.74,47.2
CDLDOJI,bull,trend_down,1.0,844,400,444,47.4,44.5,1.71,Y,-1.2,-0.075,0.82,35.7
CDLDOJI,bull,trend_down,1.25,844,429,415,50.8,46.0,2.83,Y,-0.64,-0.061,0.9,25.8
CDLDOJI,bull,trend_down,1.5,844,448,396,53.1,48.2,2.84,Y,-0.44,-0.05,0.93,19.1
CDLDOJI,bull,trend_down,1.75,844,459,385,54.4,49.3,2.93,Y,-0.23,-0.036,0.96,14.2
CDLDOJI,bull,trend_down,2.0,844,463,381,54.9,48.8,3.51,Y,0.06,-0.017,1.01,10.0
CDLDOJI,bull,trend_down,2.25,844,464,380,55.0,49.7,3.09,Y,0.13,-0.015,1.02,7.8
CDLDOJI,bull,trend_down,2.5,844,465,379,55.1,50.2,2.87,Y,0.09,-0.013,1.02,6.3
CDLDOJI,bull,trend_down,2.75,844,466,378,55.2,49.1,3.56,Y,-0.02,-0.012,1.0,5.0
CDLDOJI,bull,trend_down,3.0,844,468,376,55.5,50.0,3.18,Y,-0.04,-0.009,0.99,4.0
CDLRICKSHAWMAN,bull,rsi_mid_oversold,0.5,503,191,312,38.0,34.5,1.62,N,-0.53,-0.024,0.89,55.7
CDLRICKSHAWMAN,bull,rsi_mid_oversold,0.75,503,226,277,44.9,40.1,2.21,Y,-0.62,-0.036,0.89,41.9
CDLRICKSHAWMAN,bull,rsi_mid_oversold,1.0,503,256,247,50.9,45.1,2.6,Y,-0.58,-0.022,0.9,30.6
CDLRICKSHAWMAN,bull,rsi_mid_oversold,1.25,503,272,231,54.1,46.8,3.28,Y,-0.05,-0.002,0.99,21.9
CDLRICKSHAWMAN,bull,rsi_mid_oversold,1.5,503,281,222,55.9,48.0,3.53,Y,0.19,0.013,1.03,15.7
CDLRICKSHAWMAN,bull,rsi_mid_oversold,1.75,503,285,218,56.7,49.7,3.14,Y,0.12,0.014,1.02,12.5
CDLRICKSHAWMAN,bull,rsi_mid_oversold,2.0,503,287,216,57.1,49.1,3.56,Y,0.31,0.026,1.06,8.7
CDLRICKSHAWMAN,bull,rsi_mid_oversold,2.25,503,287,216,57.1,49.6,3.34,Y,0.26,0.025,1.05,7.2
CDLRICKSHAWMAN,bull,rsi_mid_oversold,2.5,503,288,215,57.3,50.0,3.24,Y,0.23,0.027,1.04,6.0
CDLRICKSHAWMAN,bull,rsi_mid_oversold,2.75,503,288,215,57.3,49.4,3.52,Y,0.09,0.02,1.02,5.0
CDLRICKSHAWMAN,bull,rsi_mid_oversold,3.0,503,289,214,57.5,49.8,3.44,Y,-0.06,0.016,0.99,4.4
CDLRICKSHAWMAN,bull,none,0.5,1287,479,808,37.2,35.0,1.67,Y,-0.11,nan,0.98,56.4
CDLRICKSHAWMAN,bull,none,0.75,1287,573,714,44.5,42.0,1.84,Y,-0.11,nan,0.98,42.0
CDLRICKSHAWMAN,bull,none,1.0,1287,635,652,49.3,45.7,2.61,Y,0.09,nan,1.02,30.3
CDLRICKSHAWMAN,bull,none,1.25,1287,662,625,51.4,47.1,3.13,Y,0.29,nan,1.05,21.8
CDLRICKSHAWMAN,bull,none,1.5,1287,681,606,52.9,48.5,3.18,Y,0.42,nan,1.08,14.8
CDLRICKSHAWMAN,bull,none,1.75,1287,688,599,53.5,49.5,2.83,Y,0.47,nan,1.09,11.7
CDLRICKSHAWMAN,bull,none,2.0,1287,691,596,53.7,49.3,3.18,Y,0.54,nan,1.1,8.4
CDLRICKSHAWMAN,bull,none,2.25,1287,692,595,53.8,49.6,2.98,Y,0.48,nan,1.09,6.8
CDLRICKSHAWMAN,bull,none,2.5,1287,694,593,53.9,49.3,3.29,Y,0.45,nan,1.08,5.4
CDLRICKSHAWMAN,bull,none,2.75,1287,696,591,54.1,49.2,3.51,Y,0.38,nan,1.07,4.4
CDLRICKSHAWMAN,bull,none,3.0,1287,697,590,54.2,49.3,3.48,Y,0.28,nan,1.05,3.7
CDLLONGLEGGEDDOJI,bull,trend_down,0.5,834,284,550,34.1,32.2,1.13,N,-1.01,-0.052,0.81,59.8
CDLLONGLEGGEDDOJI,bull,trend_down,0.75,834,339,495,40.6,39.4,0.75,N,-1.61,-0.088,0.75,47.0
CDLLONGLEGGEDDOJI,bull,trend_down,1.0,834,396,438,47.5,43.7,2.18,Y,-1.12,-0.073,0.83,35.5
CDLLONGLEGGEDDOJI,bull,trend_down,1.25,834,425,409,51.0,47.2,2.17,Y,-0.53,-0.057,0.92,25.5
CDLLONGLEGGEDDOJI,bull,trend_down,1.5,834,442,392,53.0,48.2,2.76,Y,-0.37,-0.048,0.94,18.9
CDLLONGLEGGEDDOJI,bull,trend_down,1.75,834,453,381,54.3,48.9,3.12,Y,-0.17,-0.034,0.97,14.1
CDLLONGLEGGEDDOJI,bull,trend_down,2.0,834,457,377,54.8,49.8,2.89,Y,0.13,-0.015,1.02,9.8
CDLLONGLEGGEDDOJI,bull,trend_down,2.25,834,458,376,54.9,50.0,2.86,Y,0.15,-0.016,1.03,7.9
CDLLONGLEGGEDDOJI,bull,trend_down,2.5,834,459,375,55.0,50.1,2.87,Y,0.11,-0.015,1.02,6.4
CDLLONGLEGGEDDOJI,bull,trend_down,2.75,834,460,374,55.2,50.4,2.72,Y,-0.0,-0.013,1.0,5.0
CDLLONGLEGGEDDOJI,bull,trend_down,3.0,834,462,372,55.4,49.4,3.49,Y,-0.02,-0.01,1.0,4.1
CDLSPINNINGTOP,bear,trend_up,0.5,1478,525,953,35.5,33.8,1.41,N,-0.36,-0.011,0.92,58.2
CDLSPINNINGTOP,bear,trend_up,0.75,1478,641,837,43.4,40.9,1.91,Y,-0.28,-0.003,0.95,42.6
CDLSPINNINGTOP,bear,trend_up,1.0,1478,723,755,48.9,45.6,2.54,Y,0.29,0.015,1.06,28.8
CDLSPINNINGTOP,bear,trend_up,1.25,1478,748,730,50.6,48.0,2.03,Y,0.39,0.017,1.08,21.6
CDLSPINNINGTOP,bear,trend_up,1.5,1478,763,715,51.6,48.9,2.11,Y,0.62,0.03,1.12,14.8
CDLSPINNINGTOP,bear,trend_up,1.75,1478,771,707,52.2,49.0,2.4,Y,0.67,0.029,1.14,11.0
CDLSPINNINGTOP,bear,trend_up,2.0,1478,774,704,52.4,49.4,2.3,Y,0.71,0.03,1.14,8.2
CDLSPINNINGTOP,bear,trend_up,2.25,1478,774,704,52.4,49.4,2.25,Y,0.68,0.026,1.14,6.2
CDLSPINNINGTOP,bear,trend_up,2.5,1478,779,699,52.7,49.6,2.36,Y,0.74,0.031,1.15,4.6
CDLSPINNINGTOP,bear,trend_up,2.75,1478,781,697,52.8,48.5,3.33,Y,0.69,0.031,1.14,3.6
CDLSPINNINGTOP,bear,trend_up,3.0,1478,781,697,52.8,49.3,2.74,Y,0.65,0.026,1.13,3.2
CDLSPINNINGTOP,bull,rsi_mid_oversold,0.5,501,183,318,36.5,33.7,1.31,N,-0.46,-0.001,0.9,58.5
CDLSPINNINGTOP,bull,rsi_mid_oversold,0.75,501,214,287,42.7,40.0,1.23,N,-0.51,-0.01,0.91,44.3
CDLSPINNINGTOP,bull,rsi_mid_oversold,1.0,501,251,250,50.1,45.0,2.31,Y,-0.07,0.009,0.99,32.7
CDLSPINNINGTOP,bull,rsi_mid_oversold,1.25,501,264,237,52.7,47.3,2.44,Y,0.31,0.026,1.05,23.0
CDLSPINNINGTOP,bull,rsi_mid_oversold,1.5,501,275,226,54.9,47.6,3.25,Y,0.5,0.045,1.09,16.0
CDLSPINNINGTOP,bull,rsi_mid_oversold,1.75,501,277,224,55.3,50.2,2.29,Y,0.5,0.045,1.09,12.4
CDLSPINNINGTOP,bull,rsi_mid_oversold,2.0,501,279,222,55.7,49.1,2.97,Y,0.71,0.058,1.13,8.8
CDLSPINNINGTOP,bull,rsi_mid_oversold,2.25,501,279,222,55.7,49.7,2.69,Y,0.7,0.055,1.13,7.0
CDLSPINNINGTOP,bull,rsi_mid_oversold,2.5,501,279,222,55.7,49.2,2.9,Y,0.55,0.049,1.1,6.2
CDLSPINNINGTOP,bull,rsi_mid_oversold,2.75,501,279,222,55.7,50.7,2.21,Y,0.38,0.041,1.07,5.0
CDLSPINNINGTOP,bull,rsi_mid_oversold,3.0,501,280,221,55.9,50.3,2.49,Y,0.28,0.039,1.05,4.2
CDLRICKSHAWMAN,bull,atr_high,0.5,343,150,193,43.7,38.5,1.99,Y,1.1,0.035,1.24,49.3
CDLRICKSHAWMAN,bull,atr_high,0.75,343,165,178,48.1,44.3,1.43,N,0.46,-0.017,1.08,39.4
CDLRICKSHAWMAN,bull,atr_high,1.0,343,182,161,53.1,48.1,1.85,Y,0.92,0.003,1.16,25.9
CDLRICKSHAWMAN,bull,atr_high,1.25,343,185,158,53.9,48.5,2.02,Y,0.73,-0.002,1.12,18.7
CDLRICKSHAWMAN,bull,atr_high,1.5,343,189,154,55.1,49.5,2.08,Y,0.97,0.028,1.16,10.5
CDLRICKSHAWMAN,bull,atr_high,1.75,343,192,151,56.0,50.9,1.86,Y,1.03,0.036,1.17,8.2
CDLRICKSHAWMAN,bull,atr_high,2.0,343,192,151,56.0,51.0,1.85,Y,1.06,0.041,1.18,5.5
CDLRICKSHAWMAN,bull,atr_high,2.25,343,193,150,56.3,49.6,2.46,Y,0.92,0.034,1.15,5.2
CDLRICKSHAWMAN,bull,atr_high,2.5,343,194,149,56.6,50.0,2.44,Y,0.87,0.04,1.14,4.1
CDLRICKSHAWMAN,bull,atr_high,2.75,343,194,149,56.6,50.0,2.43,Y,0.62,0.031,1.1,3.8
CDLRICKSHAWMAN,bull,atr_high,3.0,343,194,149,56.6,48.6,2.94,Y,0.43,0.027,1.07,2.9
CDLHANGINGMAN,bear,trend_up,0.5,234,93,141,39.7,31.2,2.82,Y,-0.9,-0.072,0.8,44.9
CDLHANGINGMAN,bear,trend_up,0.75,234,107,127,45.7,38.1,2.41,Y,-0.7,-0.067,0.86,26.9
CDLHANGINGMAN,bear,trend_up,1.0,234,110,124,47.0,44.3,0.84,N,-0.79,-0.075,0.84,16.7
CDLHANGINGMAN,bear,trend_up,1.25,234,111,123,47.4,48.4,-0.31,N,-0.68,-0.074,0.86,9.4
CDLHANGINGMAN,bear,trend_up,1.5,234,112,122,47.9,47.2,0.22,N,-0.7,-0.08,0.86,7.3
CDLHANGINGMAN,bear,trend_up,1.75,234,112,122,47.9,47.8,0.03,N,-0.85,-0.095,0.83,6.8
CDLHANGINGMAN,bear,trend_up,2.0,234,112,122,47.9,49.8,-0.58,N,-0.88,-0.095,0.83,3.4
CDLHANGINGMAN,bear,trend_up,2.25,234,112,122,47.9,50.0,-0.64,N,-0.89,-0.097,0.83,2.6
CDLHANGINGMAN,bear,trend_up,2.5,234,112,122,47.9,49.9,-0.63,N,-0.91,-0.1,0.82,1.7
CDLHANGINGMAN,bear,trend_up,2.75,234,112,122,47.9,50.0,-0.65,N,-0.92,-0.103,0.82,1.3
CDLHANGINGMAN,bear,trend_up,3.0,234,112,122,47.9,49.4,-0.46,N,-0.95,-0.106,0.82,1.3
CDLDOJI,bull,none,0.5,1972,653,1319,33.1,34.0,-0.81,N,-1.54,nan,0.71,60.5
CDLDOJI,bull,none,0.75,1972,787,1185,39.9,40.1,-0.2,N,-2.14,nan,0.68,47.4
CDLDOJI,bull,none,1.0,1972,910,1062,46.1,45.1,0.94,N,-1.55,nan,0.77,34.0
CDLDOJI,bull,none,1.25,1972,970,1002,49.2,47.8,1.28,N,-0.85,nan,0.86,23.7
CDLDOJI,bull,none,1.5,1972,1010,962,51.2,48.6,2.35,Y,-0.39,nan,0.93,15.9
CDLDOJI,bull,none,1.75,1972,1022,950,51.8,48.9,2.56,Y,-0.18,nan,0.97,11.9
CDLDOJI,bull,none,2.0,1972,1027,945,52.1,49.5,2.29,Y,-0.01,nan,1.0,8.5
CDLDOJI,bull,none,2.25,1972,1028,944,52.1,49.5,2.38,Y,-0.02,nan,1.0,6.8
CDLDOJI,bull,none,2.5,1972,1032,940,52.3,49.2,2.76,Y,0.05,nan,1.01,5.1
CDLDOJI,bull,none,2.75,1972,1034,938,52.4,50.5,1.74,Y,0.02,nan,1.0,4.0
CDLDOJI,bull,none,3.0,1972,1036,936,52.5,49.7,2.56,Y,-0.0,nan,1.0,3.3
CDLSPINNINGTOP,bull,atr_low,0.5,1846,623,1223,33.7,32.6,1.01,N,-0.22,-0.009,0.95,60.5
CDLSPINNINGTOP,bull,atr_low,0.75,1846,783,1063,42.4,40.5,1.67,Y,0.09,0.014,1.02,43.5
CDLSPINNINGTOP,bull,atr_low,1.0,1846,881,965,47.7,45.8,1.62,N,0.34,0.025,1.07,31.2
CDLSPINNINGTOP,bull,atr_low,1.25,1846,920,926,49.8,47.2,2.23,Y,0.5,0.031,1.1,23.2
CDLSPINNINGTOP,bull,atr_low,1.5,1846,943,903,51.1,48.9,1.89,Y,0.59,0.038,1.11,16.7
CDLSPINNINGTOP,bull,atr_low,1.75,1846,953,893,51.6,49.2,2.09,Y,0.66,0.037,1.13,12.5
CDLSPINNINGTOP,bull,atr_low,2.0,1846,959,887,52.0,49.9,1.8,Y,0.69,0.036,1.13,9.4
CDLSPINNINGTOP,bull,atr_low,2.25,1846,959,887,52.0,49.5,2.09,Y,0.7,0.033,1.14,6.9
CDLSPINNINGTOP,bull,atr_low,2.5,1846,961,885,52.1,49.4,2.31,Y,0.64,0.03,1.12,5.5
CDLSPINNINGTOP,bull,atr_low,2.75,1846,964,882,52.2,49.2,2.58,Y,0.64,0.035,1.12,4.0
CDLSPINNINGTOP,bull,atr_low,3.0,1846,965,881,52.3,50.1,1.83,Y,0.6,0.032,1.12,3.5
CDLSPINNINGTOP,bear,none,0.5,2599,903,1696,34.7,33.3,1.6,N,-0.14,nan,0.97,58.6
CDLSPINNINGTOP,bear,none,0.75,2599,1100,1499,42.3,41.0,1.32,N,-0.06,nan,0.99,43.1
CDLSPINNINGTOP,bear,none,1.0,2599,1235,1364,47.5,45.3,2.29,Y,0.34,nan,1.06,30.2
CDLSPINNINGTOP,bear,none,1.25,2599,1288,1311,49.6,47.2,2.42,Y,0.51,nan,1.09,21.5
CDLSPINNINGTOP,bear,none,1.5,2599,1318,1281,50.7,48.6,2.18,Y,0.76,nan,1.14,14.8
CDLSPINNINGTOP,bear,none,1.75,2599,1333,1266,51.3,49.6,1.69,Y,0.86,nan,1.16,10.9
CDLSPINNINGTOP,bear,none,2.0,2599,1339,1260,51.5,49.3,2.27,Y,0.9,nan,1.17,8.1
CDLSPINNINGTOP,bear,none,2.25,2599,1340,1259,51.6,49.4,2.17,Y,0.91,nan,1.17,6.1
CDLSPINNINGTOP,bear,none,2.5,2599,1345,1254,51.8,49.4,2.4,Y,0.92,nan,1.17,4.7
CDLSPINNINGTOP,bear,none,2.75,2599,1348,1251,51.9,49.8,2.11,Y,0.88,nan,1.17,3.5
CDLSPINNINGTOP,bear,none,3.0,2599,1349,1250,51.9,49.4,2.57,Y,0.85,nan,1.16,2.9
CDL3OUTSIDE,bull,rsi_mid_oversold,0.5,65,30,35,46.2,39.2,1.14,N,1.91,0.131,1.4,46.2
CDL3OUTSIDE,bull,rsi_mid_oversold,0.75,65,31,34,47.7,41.0,1.09,N,1.14,0.091,1.18,36.9
CDL3OUTSIDE,bull,rsi_mid_oversold,1.0,65,35,30,53.8,44.5,1.52,N,1.12,0.103,1.16,27.7
CDL3OUTSIDE,bull,rsi_mid_oversold,1.25,65,35,30,53.8,48.5,0.87,N,-0.15,0.04,0.98,24.6
CDL3OUTSIDE,bull,rsi_mid_oversold,1.5,65,37,28,56.9,46.3,1.72,Y,-0.49,0.049,0.94,20.0
CDL3OUTSIDE,bull,rsi_mid_oversold,1.75,65,37,28,56.9,52.6,0.7,N,-0.12,0.039,0.99,13.8
CDL3OUTSIDE,bull,rsi_mid_oversold,2.0,65,38,27,58.5,42.8,2.55,Y,0.05,0.085,1.01,9.2
CDL3OUTSIDE,bull,rsi_mid_oversold,2.25,65,38,27,58.5,43.5,2.44,Y,-0.35,0.062,0.96,9.2
CDL3OUTSIDE,bull,rsi_mid_oversold,2.5,65,38,27,58.5,49.5,1.45,N,-0.76,0.039,0.92,9.2
CDL3OUTSIDE,bull,rsi_mid_oversold,2.75,65,38,27,58.5,48.8,1.55,N,-1.06,0.024,0.89,7.7
CDL3OUTSIDE,bull,rsi_mid_oversold,3.0,65,39,26,60.0,53.2,1.1,N,-0.9,0.062,0.9,4.6
CDLHIGHWAVE,bear,rsi_overbought,0.5,145,37,108,25.5,24.7,0.22,N,-2.02,-0.097,0.59,66.9
CDLHIGHWAVE,bear,rsi_overbought,0.75,145,52,93,35.9,33.5,0.6,N,-2.43,-0.104,0.6,51.0
CDLHIGHWAVE,bear,rsi_overbought,1.0,145,75,70,51.7,45.3,1.54,N,0.31,0.051,1.07,27.6
CDLHIGHWAVE,bear,rsi_overbought,1.25,145,80,65,55.2,44.8,2.5,Y,0.79,0.073,1.17,17.9
CDLHIGHWAVE,bear,rsi_overbought,1.5,145,83,62,57.2,48.9,2.01,Y,0.69,0.084,1.15,12.4
CDLHIGHWAVE,bear,rsi_overbought,1.75,145,84,61,57.9,48.7,2.22,Y,0.66,0.086,1.14,9.0
CDLHIGHWAVE,bear,rsi_overbought,2.0,145,84,61,57.9,50.2,1.87,Y,0.66,0.089,1.14,6.9
CDLHIGHWAVE,bear,rsi_overbought,2.25,145,84,61,57.9,50.3,1.84,Y,0.56,0.08,1.12,6.2
CDLHIGHWAVE,bear,rsi_overbought,2.5,145,85,60,58.6,48.0,2.55,Y,0.9,0.098,1.2,4.8
CDLHIGHWAVE,bear,rsi_overbought,2.75,145,85,60,58.6,51.6,1.69,Y,0.97,0.098,1.22,3.4
CDLHIGHWAVE,bear,rsi_overbought,3.0,145,85,60,58.6,49.8,2.13,Y,1.01,0.097,1.23,2.1
CDLLONGLEGGEDDOJI,bull,none,0.5,1946,644,1302,33.1,34.2,-1.05,N,-1.51,nan,0.72,60.5
CDLLONGLEGGEDDOJI,bull,none,0.75,1946,777,1169,39.9,40.9,-0.9,N,-2.09,nan,0.68,47.4
CDLLONGLEGGEDDOJI,bull,none,1.0,1946,900,1046,46.2,45.1,1.02,N,-1.48,nan,0.78,34.0
CDLLONGLEGGEDDOJI,bull,none,1.25,1946,958,988,49.2,47.6,1.46,N,-0.79,nan,0.87,23.6
CDLLONGLEGGEDDOJI,bull,none,1.5,1946,995,951,51.1,48.5,2.31,Y,-0.34,nan,0.94,15.8
CDLLONGLEGGEDDOJI,bull,none,1.75,1946,1007,939,51.7,48.9,2.49,Y,-0.15,nan,0.97,11.9
CDLLONGLEGGEDDOJI,bull,none,2.0,1946,1012,934,52.0,49.2,2.45,Y,0.03,nan,1.0,8.5
CDLLONGLEGGEDDOJI,bull,none,2.25,1946,1013,933,52.1,49.3,2.42,Y,-0.0,nan,1.0,6.9
CDLLONGLEGGEDDOJI,bull,none,2.5,1946,1017,929,52.3,49.4,2.54,Y,0.06,nan,1.01,5.2
CDLLONGLEGGEDDOJI,bull,none,2.75,1946,1019,927,52.4,49.5,2.54,Y,0.03,nan,1.01,4.1
CDLLONGLEGGEDDOJI,bull,none,3.0,1946,1021,925,52.5,50.0,2.15,Y,0.01,nan,1.0,3.3
CDLTAKURI,bull,none,0.5,372,111,261,29.8,33.7,-1.56,N,-4.48,-0.142,0.37,62.9
CDLTAKURI,bull,none,0.75,372,130,242,34.9,38.0,-1.23,N,-6.33,-0.225,0.33,54.0
CDLTAKURI,bull,none,1.0,372,172,200,46.2,43.4,1.1,N,-3.85,-0.147,0.53,35.5
CDLTAKURI,bull,none,1.25,372,192,180,51.6,45.1,2.52,Y,-1.41,-0.046,0.77,19.9
CDLTAKURI,bull,none,1.5,372,197,175,53.0,47.5,2.12,Y,-0.71,-0.022,0.88,14.2
CDLTAKURI,bull,none,1.75,372,201,171,54.0,48.7,2.06,Y,0.02,0.006,1.0,9.7
CDLTAKURI,bull,none,2.0,372,201,171,54.0,48.6,2.08,Y,0.33,0.019,1.07,6.7
CDLTAKURI,bull,none,2.25,372,201,171,54.0,51.0,1.18,N,0.46,0.019,1.1,5.4
CDLTAKURI,bull,none,2.5,372,202,170,54.3,48.8,2.14,Y,0.93,0.04,1.23,3.0
CDLTAKURI,bull,none,2.75,372,203,169,54.6,51.2,1.3,N,1.06,0.057,1.26,2.2
CDLTAKURI,bull,none,3.0,372,204,168,54.8,51.1,1.43,N,1.16,0.061,1.29,1.9
CDLSPINNINGTOP,bear,rsi_mid_overbought,0.5,594,229,365,38.6,34.2,2.23,Y,0.07,-0.019,1.02,55.1
CDLSPINNINGTOP,bear,rsi_mid_overbought,0.75,594,272,322,45.8,41.2,2.29,Y,0.17,-0.019,1.04,39.7
CDLSPINNINGTOP,bear,rsi_mid_overbought,1.0,594,296,298,49.8,44.7,2.51,Y,0.42,-0.014,1.09,28.1
CDLSPINNINGTOP,bear,rsi_mid_overbought,1.25,594,304,290,51.2,47.7,1.7,Y,0.38,-0.017,1.08,21.4
CDLSPINNINGTOP,bear,rsi_mid_overbought,1.5,594,308,286,51.9,48.1,1.84,Y,0.59,-0.009,1.12,14.8
CDLSPINNINGTOP,bear,rsi_mid_overbought,1.75,594,314,280,52.9,50.5,1.16,N,0.66,-0.008,1.14,11.1
CDLSPINNINGTOP,bear,rsi_mid_overbought,2.0,594,316,278,53.2,50.7,1.22,N,0.6,-0.011,1.12,8.4
CDLSPINNINGTOP,bear,rsi_mid_overbought,2.25,594,316,278,53.2,48.6,2.24,Y,0.62,-0.015,1.13,5.6
CDLSPINNINGTOP,bear,rsi_mid_overbought,2.5,594,317,277,53.4,50.3,1.52,N,0.58,-0.015,1.12,3.9
CDLSPINNINGTOP,bear,rsi_mid_overbought,2.75,594,318,276,53.5,49.8,1.83,Y,0.55,-0.013,1.11,3.0
CDLSPINNINGTOP,bear,rsi_mid_overbought,3.0,594,318,276,53.5,48.6,2.43,Y,0.5,-0.018,1.1,2.7
CDLRICKSHAWMAN,bull,atr_low,0.5,936,326,610,34.8,33.8,0.67,N,-0.55,-0.001,0.88,59.1
CDLRICKSHAWMAN,bull,atr_low,0.75,936,405,531,43.3,40.2,1.91,Y,-0.3,0.012,0.94,42.9
CDLRICKSHAWMAN,bull,atr_low,1.0,936,450,486,48.1,44.4,2.24,Y,-0.2,0.021,0.96,31.8
CDLRICKSHAWMAN,bull,atr_low,1.25,936,474,462,50.6,47.1,2.18,Y,0.15,0.03,1.03,23.0
CDLRICKSHAWMAN,bull,atr_low,1.5,936,489,447,52.2,48.8,2.14,Y,0.24,0.039,1.04,16.6
CDLRICKSHAWMAN,bull,atr_low,1.75,936,493,443,52.7,49.4,2.02,Y,0.28,0.034,1.05,13.1
CDLRICKSHAWMAN,bull,atr_low,2.0,936,496,440,53.0,49.2,2.33,Y,0.37,0.043,1.07,9.5
CDLRICKSHAWMAN,bull,atr_low,2.25,936,496,440,53.0,49.3,2.28,Y,0.34,0.041,1.06,7.5
CDLRICKSHAWMAN,bull,atr_low,2.5,936,497,439,53.1,49.3,2.32,Y,0.31,0.042,1.06,5.9
CDLRICKSHAWMAN,bull,atr_low,2.75,936,499,437,53.3,49.3,2.48,Y,0.31,0.047,1.06,4.6
CDLRICKSHAWMAN,bull,atr_low,3.0,936,500,436,53.4,51.2,1.36,N,0.24,0.044,1.04,4.1
CDLSHORTLINE,bear,atr_low,0.5,1630,593,1037,36.4,35.6,0.7,N,0.43,0.026,1.11,54.7
CDLSHORTLINE,bear,atr_low,0.75,1630,716,914,43.9,42.3,1.3,N,0.52,0.03,1.12,38.4
CDLSHORTLINE,bear,atr_low,1.0,1630,793,837,48.7,45.6,2.45,Y,0.9,0.058,1.2,25.2
CDLSHORTLINE,bear,atr_low,1.25,1630,819,811,50.2,47.3,2.38,Y,0.83,0.053,1.17,18.0
CDLSHORTLINE,bear,atr_low,1.5,1630,837,793,51.3,48.6,2.18,Y,0.93,0.057,1.2,12.9
CDLSHORTLINE,bear,atr_low,1.75,1630,841,789,51.6,49.6,1.6,N,0.96,0.059,1.2,8.8
CDLSHORTLINE,bear,atr_low,2.0,1630,844,786,51.8,49.3,1.99,Y,1.03,0.065,1.22,5.6
CDLSHORTLINE,bear,atr_low,2.25,1630,844,786,51.8,49.9,1.54,N,1.11,0.07,1.24,3.5
CDLSHORTLINE,bear,atr_low,2.5,1630,846,784,51.9,48.9,2.42,Y,1.11,0.07,1.24,2.6
CDLSHORTLINE,bear,atr_low,2.75,1630,847,783,52.0,49.9,1.66,Y,1.13,0.074,1.24,1.8
CDLSHORTLINE,bear,atr_low,3.0,1630,847,783,52.0,49.7,1.79,Y,1.17,0.076,1.26,1.1
CDLHIGHWAVE,bull,rsi_mid_oversold,0.5,322,110,212,34.2,32.3,0.72,N,-0.85,-0.015,0.83,59.9
CDLHIGHWAVE,bull,rsi_mid_oversold,0.75,322,131,191,40.7,38.4,0.84,N,-0.79,-0.017,0.86,45.0
CDLHIGHWAVE,bull,rsi_mid_oversold,1.0,322,155,167,48.1,45.3,1.03,N,-0.76,-0.008,0.88,33.9
CDLHIGHWAVE,bull,rsi_mid_oversold,1.25,322,164,158,50.9,47.8,1.12,N,-0.36,0.013,0.94,23.9
CDLHIGHWAVE,bull,rsi_mid_oversold,1.5,322,172,150,53.4,48.9,1.62,N,-0.16,0.026,0.97,16.8
CDLHIGHWAVE,bull,rsi_mid_oversold,1.75,322,174,148,54.0,49.6,1.58,N,-0.22,0.027,0.96,12.4
CDLHIGHWAVE,bull,rsi_mid_oversold,2.0,322,176,146,54.7,47.9,2.44,Y,0.11,0.045,1.02,9.0
CDLHIGHWAVE,bull,rsi_mid_oversold,2.25,322,176,146,54.7,50.2,1.59,N,0.16,0.043,1.03,7.5
CDLHIGHWAVE,bull,rsi_mid_oversold,2.5,322,176,146,54.7,48.1,2.34,Y,0.07,0.041,1.01,6.2
CDLHIGHWAVE,bull,rsi_mid_oversold,2.75,322,176,146,54.7,48.1,2.36,Y,-0.14,0.028,0.98,5.6
CDLHIGHWAVE,bull,rsi_mid_oversold,3.0,322,177,145,55.0,50.1,1.75,Y,-0.25,0.027,0.96,4.7
CDLHAMMER,bull,rsi_mid_oversold,0.5,155,53,102,34.2,32.7,0.39,N,-1.97,-0.053,0.63,58.7
CDLHAMMER,bull,rsi_mid_oversold,0.75,155,68,87,43.9,41.1,0.69,N,-2.78,-0.063,0.59,45.8
CDLHAMMER,bull,rsi_mid_oversold,1.0,155,77,78,49.7,44.6,1.28,N,-2.99,-0.058,0.6,34.2
CDLHAMMER,bull,rsi_mid_oversold,1.25,155,84,71,54.2,48.4,1.43,N,-2.26,-0.019,0.68,21.9
CDLHAMMER,bull,rsi_mid_oversold,1.5,155,86,69,55.5,48.5,1.74,Y,-2.07,-0.013,0.7,16.8
CDLHAMMER,bull,rsi_mid_oversold,1.75,155,89,66,57.4,51.0,1.61,N,-2.1,-0.006,0.7,14.2
CDLHAMMER,bull,rsi_mid_oversold,2.0,155,89,66,57.4,48.7,2.18,Y,-1.59,0.021,0.76,9.0
CDLHAMMER,bull,rsi_mid_oversold,2.25,155,89,66,57.4,48.0,2.36,Y,-1.61,0.022,0.75,7.7
CDLHAMMER,bull,rsi_mid_oversold,2.5,155,89,66,57.4,48.4,2.25,Y,-1.91,0.013,0.72,6.5
CDLHAMMER,bull,rsi_mid_oversold,2.75,155,89,66,57.4,51.1,1.58,N,-1.9,0.008,0.72,5.8
CDLHAMMER,bull,rsi_mid_oversold,3.0,155,90,65,58.1,49.3,2.18,Y,-1.7,0.029,0.74,3.9
CDLMARUBOZU,bull,rsi_mid_oversold,0.5,69,29,40,42.0,34.1,1.4,N,1.98,0.084,1.46,49.3
CDLMARUBOZU,bull,rsi_mid_oversold,0.75,69,37,32,53.6,44.4,1.53,N,2.68,0.168,1.52,30.4
CDLMARUBOZU,bull,rsi_mid_oversold,1.0,69,40,29,58.0,49.2,1.46,N,2.87,0.189,1.55,18.8
CDLMARUBOZU,bull,rsi_mid_oversold,1.25,69,41,28,59.4,47.7,1.95,Y,2.5,0.17,1.44,17.4
CDLMARUBOZU,bull,rsi_mid_oversold,1.5,69,42,27,60.9,48.8,2.01,Y,2.93,0.176,1.53,14.5
CDLMARUBOZU,bull,rsi_mid_oversold,1.75,69,42,27,60.9,48.1,2.13,Y,2.85,0.164,1.51,13.0
CDLMARUBOZU,bull,rsi_mid_oversold,2.0,69,42,27,60.9,51.8,1.51,N,2.83,0.167,1.5,10.1
CDLMARUBOZU,bull,rsi_mid_oversold,2.25,69,42,27,60.9,51.0,1.65,Y,2.77,0.169,1.49,7.2
CDLMARUBOZU,bull,rsi_mid_oversold,2.5,69,42,27,60.9,50.6,1.71,Y,2.64,0.169,1.45,4.3
CDLMARUBOZU,bull,rsi_mid_oversold,2.75,69,42,27,60.9,46.7,2.35,Y,2.44,0.158,1.41,4.3
CDLMARUBOZU,bull,rsi_mid_oversold,3.0,69,42,27,60.9,49.5,1.89,Y,2.37,0.164,1.39,2.9
CDLDOJI,bull,atr_high,0.5,602,209,393,34.7,36.3,-0.78,N,-2.06,-0.061,0.69,58.5
CDLDOJI,bull,atr_high,0.75,602,239,363,39.7,40.2,-0.27,N,-3.34,-0.123,0.61,47.8
CDLDOJI,bull,atr_high,1.0,602,288,314,47.8,45.9,0.95,N,-1.9,-0.079,0.76,32.2
CDLDOJI,bull,atr_high,1.25,602,306,296,50.8,48.2,1.31,N,-0.66,-0.036,0.91,20.6
CDLDOJI,bull,atr_high,1.5,602,315,287,52.3,48.7,1.76,Y,0.23,0.008,1.04,11.8
CDLDOJI,bull,atr_high,1.75,602,318,284,52.8,49.7,1.54,N,0.5,0.018,1.08,8.5
CDLDOJI,bull,atr_high,2.0,602,319,283,53.0,49.1,1.92,Y,0.68,0.025,1.12,6.0
CDLDOJI,bull,atr_high,2.25,602,320,282,53.2,48.5,2.28,Y,0.58,0.02,1.1,5.5
CDLDOJI,bull,atr_high,2.5,602,323,279,53.7,50.3,1.66,Y,0.87,0.041,1.15,3.5
CDLDOJI,bull,atr_high,2.75,602,323,279,53.7,49.8,1.87,Y,0.75,0.036,1.13,3.0
CDLDOJI,bull,atr_high,3.0,602,323,279,53.7,50.2,1.7,Y,0.68,0.036,1.12,2.3
CDLHIGHWAVE,bear,trend_up,0.5,880,300,580,34.1,33.8,0.2,N,-1.04,-0.053,0.77,59.7
CDLHIGHWAVE,bear,trend_up,0.75,880,373,507,42.4,40.9,0.93,N,-0.89,-0.04,0.83,44.2
CDLHIGHWAVE,bear,trend_up,1.0,880,434,446,49.3,45.8,2.09,Y,-0.04,-0.007,0.99,29.5
CDLHIGHWAVE,bear,trend_up,1.25,880,451,429,51.2,48.4,1.72,Y,0.17,0.001,1.03,21.7
CDLHIGHWAVE,bear,trend_up,1.5,880,461,419,52.4,48.8,2.14,Y,0.45,0.018,1.09,14.3
CDLHIGHWAVE,bear,trend_up,1.75,880,464,416,52.7,48.9,2.26,Y,0.45,0.01,1.09,11.1
CDLHIGHWAVE,bear,trend_up,2.0,880,464,416,52.7,49.3,2.06,Y,0.39,0.002,1.08,9.2
CDLHIGHWAVE,bear,trend_up,2.25,880,464,416,52.7,49.6,1.87,Y,0.3,-0.007,1.06,7.3
CDLHIGHWAVE,bear,trend_up,2.5,880,468,412,53.2,49.8,2.03,Y,0.41,-0.0,1.08,5.3
CDLHIGHWAVE,bear,trend_up,2.75,880,468,412,53.2,50.6,1.51,N,0.33,-0.007,1.06,4.3
CDLHIGHWAVE,bear,trend_up,3.0,880,468,412,53.2,50.1,1.81,Y,0.31,-0.012,1.06,3.9
CDLSHORTLINE,bull,none,0.5,2351,888,1463,37.8,37.3,0.52,N,0.41,0.025,1.1,53.2
CDLSHORTLINE,bull,none,0.75,2351,1046,1305,44.5,44.0,0.5,N,0.36,0.023,1.08,37.1
CDLSHORTLINE,bull,none,1.0,2351,1144,1207,48.7,46.7,1.88,Y,0.73,0.048,1.15,23.6
CDLSHORTLINE,bull,none,1.25,2351,1176,1175,50.0,48.3,1.68,Y,0.63,0.04,1.12,16.8
CDLSHORTLINE,bull,none,1.5,2351,1197,1154,50.9,49.1,1.78,Y,0.7,0.043,1.14,11.8
CDLSHORTLINE,bull,none,1.75,2351,1201,1150,51.1,49.4,1.6,N,0.66,0.042,1.13,8.2
CDLSHORTLINE,bull,none,2.0,2351,1204,1147,51.2,49.1,2.01,Y,0.69,0.045,1.13,5.4
CDLSHORTLINE,bull,none,2.25,2351,1205,1146,51.3,49.5,1.67,Y,0.77,0.05,1.15,3.6
CDLSHORTLINE,bull,none,2.5,2351,1207,1144,51.3,49.8,1.48,N,0.73,0.049,1.14,2.8
CDLSHORTLINE,bull,none,2.75,2351,1209,1142,51.4,49.9,1.51,N,0.73,0.052,1.14,1.9
CDLSHORTLINE,bull,none,3.0,2351,1209,1142,51.4,49.1,2.21,Y,0.73,0.052,1.14,1.4
CDLDRAGONFLYDOJI,bull,atr_low,0.5,211,70,141,33.2,34.9,-0.52,N,-2.52,-0.063,0.54,59.2
CDLDRAGONFLYDOJI,bull,atr_low,0.75,211,81,130,38.4,39.6,-0.36,N,-3.78,-0.135,0.47,49.3
CDLDRAGONFLYDOJI,bull,atr_low,1.0,211,98,113,46.4,44.6,0.54,N,-2.4,-0.093,0.64,32.7
CDLDRAGONFLYDOJI,bull,atr_low,1.25,211,108,103,51.2,46.2,1.44,N,-0.71,-0.01,0.87,19.4
CDLDRAGONFLYDOJI,bull,atr_low,1.5,211,111,100,52.6,47.1,1.61,N,-0.61,-0.007,0.89,15.2
CDLDRAGONFLYDOJI,bull,atr_low,1.75,211,114,97,54.0,49.3,1.37,N,0.14,0.023,1.03,10.4
CDLDRAGONFLYDOJI,bull,atr_low,2.0,211,114,97,54.0,46.5,2.2,Y,0.58,0.046,1.14,6.6
CDLDRAGONFLYDOJI,bull,atr_low,2.25,211,114,97,54.0,48.2,1.7,Y,0.84,0.049,1.21,4.7
CDLDRAGONFLYDOJI,bull,atr_low,2.5,211,114,97,54.0,49.0,1.47,N,0.92,0.051,1.24,3.3
CDLDRAGONFLYDOJI,bull,atr_low,2.75,211,115,96,54.5,50.3,1.22,N,1.03,0.078,1.27,2.4
CDLDRAGONFLYDOJI,bull,atr_low,3.0,211,116,95,55.0,48.5,1.88,Y,1.34,0.093,1.38,1.4
CDLMARUBOZU,bull,rsi_overbought,0.5,38,13,25,34.2,28.7,0.75,N,1.99,0.058,1.52,57.9
CDLMARUBOZU,bull,rsi_overbought,0.75,38,16,22,42.1,41.4,0.08,N,1.48,0.017,1.32,44.7
CDLMARUBOZU,bull,rsi_overbought,1.0,38,19,19,50.0,44.3,0.71,N,3.13,0.113,1.87,21.1
CDLMARUBOZU,bull,rsi_overbought,1.25,38,21,17,55.3,44.3,1.36,N,3.78,0.154,2.14,15.8
CDLMARUBOZU,bull,rsi_overbought,1.5,38,21,17,55.3,42.3,1.61,N,3.86,0.189,2.19,7.9
CDLMARUBOZU,bull,rsi_overbought,1.75,38,22,16,57.9,45.6,1.52,N,5.89,0.266,3.42,5.3
CDLMARUBOZU,bull,rsi_overbought,2.0,38,22,16,57.9,51.1,0.84,N,5.76,0.253,3.24,5.3
CDLMARUBOZU,bull,rsi_overbought,2.25,38,23,15,60.5,48.5,1.49,N,6.71,0.319,4.54,2.6
CDLMARUBOZU,bull,rsi_overbought,2.5,38,23,15,60.5,50.7,1.22,N,6.76,0.327,4.68,0.0
CDLMARUBOZU,bull,rsi_overbought,2.75,38,23,15,60.5,43.0,2.18,Y,6.76,0.327,4.68,0.0
CDLMARUBOZU,bull,rsi_overbought,3.0,38,23,15,60.5,52.9,0.95,N,6.76,0.327,4.68,0.0
CDLLONGLEGGEDDOJI,bull,atr_high,0.5,596,208,388,34.9,36.6,-0.89,N,-2.03,-0.059,0.69,58.4
CDLLONGLEGGEDDOJI,bull,atr_high,0.75,596,237,359,39.8,40.8,-0.51,N,-3.31,-0.121,0.61,48.0
CDLLONGLEGGEDDOJI,bull,atr_high,1.0,596,286,310,48.0,45.7,1.1,N,-1.84,-0.076,0.77,32.2
CDLLONGLEGGEDDOJI,bull,atr_high,1.25,596,303,293,50.8,48.6,1.07,N,-0.62,-0.035,0.91,20.6
CDLLONGLEGGEDDOJI,bull,atr_high,1.5,596,312,284,52.3,49.4,1.43,N,0.28,0.01,1.04,11.7
CDLLONGLEGGEDDOJI,bull,atr_high,1.75,596,315,281,52.9,48.4,2.17,Y,0.54,0.02,1.09,8.6
CDLLONGLEGGEDDOJI,bull,atr_high,2.0,596,316,280,53.0,49.3,1.83,Y,0.72,0.027,1.12,6.0
CDLLONGLEGGEDDOJI,bull,atr_high,2.25,596,317,279,53.2,49.2,1.95,Y,0.62,0.022,1.1,5.5
CDLLONGLEGGEDDOJI,bull,atr_high,2.5,596,320,276,53.7,49.8,1.92,Y,0.92,0.043,1.16,3.5
CDLLONGLEGGEDDOJI,bull,atr_high,2.75,596,320,276,53.7,50.1,1.77,Y,0.8,0.038,1.14,3.0
CDLLONGLEGGEDDOJI,bull,atr_high,3.0,596,320,276,53.7,50.1,1.78,Y,0.72,0.038,1.12,2.3
CDLDOJI,bull,atr_low,0.5,1359,440,919,32.4,33.6,-0.97,N,-1.32,-0.041,0.72,61.4
CDLDOJI,bull,atr_low,0.75,1359,544,815,40.0,40.8,-0.61,N,-1.61,-0.054,0.72,47.1
CDLDOJI,bull,atr_low,1.0,1359,618,741,45.5,44.5,0.7,N,-1.39,-0.045,0.77,34.7
CDLDOJI,bull,atr_low,1.25,1359,659,700,48.5,47.5,0.76,N,-0.94,-0.031,0.84,25.2
CDLDOJI,bull,atr_low,1.5,1359,690,669,50.8,48.5,1.67,Y,-0.66,-0.013,0.89,17.8
CDLDOJI,bull,atr_low,1.75,1359,699,660,51.4,48.9,1.84,Y,-0.47,-0.009,0.92,13.5
CDLDOJI,bull,atr_low,2.0,1359,703,656,51.7,49.2,1.83,Y,-0.31,0.003,0.94,9.7
CDLDOJI,bull,atr_low,2.25,1359,703,656,51.7,49.2,1.9,Y,-0.27,0.005,0.95,7.4
CDLDOJI,bull,atr_low,2.5,1359,704,655,51.8,49.3,1.84,Y,-0.31,0.005,0.94,5.9
CDLDOJI,bull,atr_low,2.75,1359,706,653,51.9,49.0,2.16,Y,-0.3,0.011,0.95,4.5
CDLDOJI,bull,atr_low,3.0,1359,708,651,52.1,49.2,2.16,Y,-0.29,0.012,0.95,3.8
CDLDRAGONFLYDOJI,bull,none,0.5,377,114,263,30.2,33.2,-1.22,N,-4.45,-0.127,0.38,63.1
CDLDRAGONFLYDOJI,bull,none,0.75,377,134,243,35.5,39.1,-1.43,N,-6.36,-0.207,0.33,53.8
CDLDRAGONFLYDOJI,bull,none,1.0,377,174,203,46.2,43.5,1.05,N,-3.99,-0.136,0.52,35.5
CDLDRAGONFLYDOJI,bull,none,1.25,377,194,183,51.5,48.1,1.29,N,-1.47,-0.035,0.77,19.9
CDLDRAGONFLYDOJI,bull,none,1.5,377,200,177,53.1,49.4,1.42,N,-0.8,-0.012,0.86,14.3
CDLDRAGONFLYDOJI,bull,none,1.75,377,203,174,53.8,49.2,1.82,Y,-0.1,0.013,0.98,9.8
CDLDRAGONFLYDOJI,bull,none,2.0,377,203,174,53.8,48.3,2.14,Y,0.19,0.026,1.04,6.9
CDLDRAGONFLYDOJI,bull,none,2.25,377,203,174,53.8,48.6,2.04,Y,0.31,0.026,1.06,5.6
CDLDRAGONFLYDOJI,bull,none,2.5,377,204,173,54.1,50.4,1.42,N,0.76,0.045,1.18,3.2
CDLDRAGONFLYDOJI,bull,none,2.75,377,205,172,54.4,50.0,1.72,Y,0.87,0.061,1.2,2.4
CDLDRAGONFLYDOJI,bull,none,3.0,377,206,171,54.6,50.4,1.67,Y,1.01,0.067,1.24,1.9
CDLTAKURI,bull,atr_low,0.5,209,70,139,33.5,33.7,-0.06,N,-2.54,-0.085,0.53,57.9
CDLTAKURI,bull,atr_low,0.75,209,80,129,38.3,38.4,-0.02,N,-3.64,-0.159,0.46,48.3
CDLTAKURI,bull,atr_low,1.0,209,98,111,46.9,44.7,0.64,N,-2.15,-0.11,0.66,32.1
CDLTAKURI,bull,atr_low,1.25,209,108,101,51.7,46.3,1.56,N,-0.63,-0.03,0.88,19.1
CDLTAKURI,bull,atr_low,1.5,209,110,99,52.6,45.4,2.1,Y,-0.5,-0.026,0.9,14.8
CDLTAKURI,bull,atr_low,1.75,209,114,95,54.5,49.3,1.52,N,0.29,0.009,1.07,10.0
CDLTAKURI,bull,atr_low,2.0,209,114,95,54.5,47.9,1.92,Y,0.77,0.033,1.2,6.2
CDLTAKURI,bull,atr_low,2.25,209,114,95,54.5,47.6,2.01,Y,1.05,0.038,1.29,4.3
CDLTAKURI,bull,atr_low,2.5,209,114,95,54.5,49.3,1.52,N,1.16,0.041,1.33,2.9
CDLTAKURI,bull,atr_low,2.75,209,115,94,55.0,48.3,1.95,Y,1.3,0.069,1.38,1.9
CDLTAKURI,bull,atr_low,3.0,209,116,93,55.5,49.3,1.79,Y,1.53,0.081,1.48,1.4
CDLHANGINGMAN,bear,rsi_mid_overbought,0.5,182,74,108,40.7,33.5,2.04,Y,-0.61,-0.085,0.85,43.4
CDLHANGINGMAN,bear,rsi_mid_overbought,0.75,182,82,100,45.1,38.6,1.8,Y,-0.99,-0.095,0.78,26.4
CDLHANGINGMAN,bear,rsi_mid_overbought,1.0,182,83,99,45.6,45.6,0.01,N,-1.32,-0.119,0.73,17.6
CDLHANGINGMAN,bear,rsi_mid_overbought,1.25,182,84,98,46.2,47.8,-0.45,N,-1.14,-0.112,0.76,8.2
CDLHANGINGMAN,bear,rsi_mid_overbought,1.5,182,85,97,46.7,48.6,-0.52,N,-1.1,-0.113,0.77,6.0
CDLHANGINGMAN,bear,rsi_mid_overbought,1.75,182,85,97,46.7,48.7,-0.53,N,-1.16,-0.12,0.76,4.9
CDLHANGINGMAN,bear,rsi_mid_overbought,2.0,182,85,97,46.7,51.2,-1.21,N,-1.15,-0.117,0.76,2.2
CDLHANGINGMAN,bear,rsi_mid_overbought,2.25,182,85,97,46.7,50.0,-0.9,N,-1.2,-0.123,0.75,2.2
CDLHANGINGMAN,bear,rsi_mid_overbought,2.5,182,85,97,46.7,50.1,-0.91,N,-1.23,-0.127,0.75,1.6
CDLHANGINGMAN,bear,rsi_mid_overbought,2.75,182,85,97,46.7,51.5,-1.3,N,-1.27,-0.131,0.74,1.6
CDLHANGINGMAN,bear,rsi_mid_overbought,3.0,182,85,97,46.7,49.7,-0.82,N,-1.3,-0.135,0.74,1.6
CDLLONGLEGGEDDOJI,bull,atr_low,0.5,1339,432,907,32.3,33.2,-0.75,N,-1.29,-0.04,0.73,61.5
CDLLONGLEGGEDDOJI,bull,atr_low,0.75,1339,536,803,40.0,40.3,-0.22,N,-1.54,-0.051,0.73,47.1
CDLLONGLEGGEDDOJI,bull,atr_low,1.0,1339,610,729,45.6,44.8,0.56,N,-1.32,-0.042,0.78,34.7
CDLLONGLEGGEDDOJI,bull,atr_low,1.25,1339,650,689,48.5,47.7,0.64,N,-0.86,-0.028,0.85,25.0
CDLLONGLEGGEDDOJI,bull,atr_low,1.5,1339,678,661,50.6,48.5,1.54,N,-0.61,-0.011,0.89,17.8
CDLLONGLEGGEDDOJI,bull,atr_low,1.75,1339,687,652,51.3,48.8,1.85,Y,-0.45,-0.008,0.92,13.5
CDLLONGLEGGEDDOJI,bull,atr_low,2.0,1339,691,648,51.6,49.3,1.65,Y,-0.27,0.004,0.95,9.7
CDLLONGLEGGEDDOJI,bull,atr_low,2.25,1339,691,648,51.6,49.7,1.38,N,-0.27,0.003,0.95,7.5
CDLLONGLEGGEDDOJI,bull,atr_low,2.5,1339,692,647,51.7,49.3,1.71,Y,-0.31,0.004,0.94,6.0
CDLLONGLEGGEDDOJI,bull,atr_low,2.75,1339,694,645,51.8,49.1,2.02,Y,-0.3,0.01,0.95,4.6
CDLLONGLEGGEDDOJI,bull,atr_low,3.0,1339,696,643,52.0,49.9,1.49,N,-0.3,0.011,0.95,3.8
CDLINVERTEDHAMMER,bull,trend_down,0.5,38,11,27,28.9,28.5,0.06,N,1.38,-0.048,1.28,63.2
CDLINVERTEDHAMMER,bull,trend_down,0.75,38,15,23,39.5,32.5,0.92,N,2.77,0.004,1.53,44.7
CDLINVERTEDHAMMER,bull,trend_down,1.0,38,18,20,47.4,43.4,0.49,N,3.98,0.028,1.9,26.3
CDLINVERTEDHAMMER,bull,trend_down,1.25,38,19,19,50.0,42.5,0.93,N,3.48,0.012,1.69,23.7
CDLINVERTEDHAMMER,bull,trend_down,1.5,38,21,17,55.3,47.4,0.97,N,3.86,0.057,1.82,15.8
CDLINVERTEDHAMMER,bull,trend_down,1.75,38,21,17,55.3,50.7,0.57,N,3.9,0.05,1.84,13.2
CDLINVERTEDHAMMER,bull,trend_down,2.0,38,22,16,57.9,45.0,1.6,N,4.59,0.121,2.16,5.3
CDLINVERTEDHAMMER,bull,trend_down,2.25,38,23,15,60.5,47.1,1.65,Y,4.87,0.17,2.32,2.6
CDLINVERTEDHAMMER,bull,trend_down,2.5,38,23,15,60.5,45.8,1.82,Y,4.76,0.163,2.25,2.6
CDLINVERTEDHAMMER,bull,trend_down,2.75,38,23,15,60.5,49.3,1.38,N,4.64,0.157,2.19,2.6
CDLINVERTEDHAMMER,bull,trend_down,3.0,38,23,15,60.5,44.5,1.99,Y,5.24,0.192,2.58,0.0
CDL3OUTSIDE,bear,trend_up,0.5,274,96,178,35.0,31.3,1.32,N,0.88,0.061,1.19,59.1
CDL3OUTSIDE,bear,trend_up,0.75,274,121,153,44.2,40.1,1.36,N,1.01,0.083,1.19,42.3
CDL3OUTSIDE,bear,trend_up,1.0,274,135,139,49.3,45.6,1.23,N,1.64,0.105,1.32,29.2
CDL3OUTSIDE,bear,trend_up,1.25,274,142,132,51.8,47.6,1.39,N,1.98,0.126,1.39,21.2
CDL3OUTSIDE,bear,trend_up,1.5,274,146,128,53.3,47.4,1.97,Y,1.67,0.109,1.31,17.2
CDL3OUTSIDE,bear,trend_up,1.75,274,147,127,53.6,48.0,1.88,Y,1.5,0.097,1.27,13.9
CDL3OUTSIDE,bear,trend_up,2.0,274,147,127,53.6,48.6,1.66,Y,1.35,0.098,1.24,10.2
CDL3OUTSIDE,bear,trend_up,2.25,274,147,127,53.6,48.0,1.88,Y,1.27,0.09,1.22,8.0
CDL3OUTSIDE,bear,trend_up,2.5,274,149,125,54.4,49.0,1.79,Y,1.5,0.098,1.27,5.8
CDL3OUTSIDE,bear,trend_up,2.75,274,149,125,54.4,50.1,1.41,N,1.42,0.093,1.25,4.4
CDL3OUTSIDE,bear,trend_up,3.0,274,149,125,54.4,49.8,1.5,N,1.34,0.089,1.23,3.3
CDLSHORTLINE,bull,trend_up,0.5,1337,509,828,38.1,37.5,0.42,N,0.53,0.023,1.14,52.8
CDLSHORTLINE,bull,trend_up,0.75,1337,601,736,45.0,43.3,1.19,N,0.5,0.025,1.11,36.8
CDLSHORTLINE,bull,trend_up,1.0,1337,658,679,49.2,47.5,1.24,N,1.18,0.063,1.27,22.5
CDLSHORTLINE,bull,trend_up,1.25,1337,673,664,50.3,49.1,0.89,N,1.05,0.053,1.23,16.5
CDLSHORTLINE,bull,trend_up,1.5,1337,684,653,51.2,50.1,0.78,N,1.2,0.056,1.26,11.3
CDLSHORTLINE,bull,trend_up,1.75,1337,687,650,51.4,49.0,1.71,Y,1.29,0.061,1.29,7.4
CDLSHORTLINE,bull,trend_up,2.0,1337,689,648,51.5,50.3,0.88,N,1.33,0.065,1.3,5.0
CDLSHORTLINE,bull,trend_up,2.25,1337,689,648,51.5,50.1,1.05,N,1.33,0.067,1.3,3.3
CDLSHORTLINE,bull,trend_up,2.5,1337,691,646,51.7,49.0,1.97,Y,1.34,0.071,1.3,2.2
CDLSHORTLINE,bull,trend_up,2.75,1337,691,646,51.7,49.8,1.36,N,1.34,0.07,1.3,1.6
CDLSHORTLINE,bull,trend_up,3.0,1337,691,646,51.7,50.0,1.2,N,1.33,0.07,1.3,1.2
CDLBELTHOLD,bear,rsi_overbought,0.5,148,48,100,32.4,31.0,0.37,N,0.75,-0.001,1.19,62.2
CDLBELTHOLD,bear,rsi_overbought,0.75,148,61,87,41.2,37.8,0.86,N,0.42,-0.02,1.09,48.6
CDLBELTHOLD,bear,rsi_overbought,1.0,148,68,80,45.9,42.1,0.94,N,0.9,0.002,1.19,32.4
CDLBELTHOLD,bear,rsi_overbought,1.25,148,74,74,50.0,44.9,1.25,N,1.15,0.023,1.25,23.6
CDLBELTHOLD,bear,rsi_overbought,1.5,148,77,71,52.0,46.3,1.39,N,1.69,0.033,1.38,18.9
CDLBELTHOLD,bear,rsi_overbought,1.75,148,79,69,53.4,46.5,1.69,Y,2.89,0.076,1.7,14.2
CDLBELTHOLD,bear,rsi_overbought,2.0,148,79,69,53.4,46.5,1.69,Y,2.85,0.076,1.69,10.8
CDLBELTHOLD,bear,rsi_overbought,2.25,148,82,66,55.4,47.9,1.82,Y,3.4,0.131,1.87,8.1
CDLBELTHOLD,bear,rsi_overbought,2.5,148,82,66,55.4,50.1,1.3,N,3.48,0.139,1.91,4.1
CDLBELTHOLD,bear,rsi_overbought,2.75,148,82,66,55.4,47.4,1.95,Y,3.42,0.133,1.88,3.4
CDLBELTHOLD,bear,rsi_overbought,3.0,148,82,66,55.4,49.4,1.45,N,3.33,0.125,1.84,3.4
CDLMATCHINGLOW,bull,rsi_mid_oversold,0.5,81,28,53,34.6,34.7,-0.02,N,-2.3,-0.136,0.58,61.7
CDLMATCHINGLOW,bull,rsi_mid_oversold,0.75,81,33,48,40.7,38.5,0.42,N,-3.48,-0.208,0.52,53.1
CDLMATCHINGLOW,bull,rsi_mid_oversold,1.0,81,40,41,49.4,44.0,0.97,N,-2.53,-0.148,0.64,37.0
CDLMATCHINGLOW,bull,rsi_mid_oversold,1.25,81,44,37,54.3,47.8,1.17,N,-1.84,-0.117,0.73,28.4
CDLMATCHINGLOW,bull,rsi_mid_oversold,1.5,81,45,36,55.6,45.0,1.92,Y,-1.44,-0.118,0.79,23.5
CDLMATCHINGLOW,bull,rsi_mid_oversold,1.75,81,45,36,55.6,47.8,1.39,N,-2.34,-0.176,0.69,23.5
CDLMATCHINGLOW,bull,rsi_mid_oversold,2.0,81,45,36,55.6,45.4,1.84,Y,-2.14,-0.168,0.71,17.3
CDLMATCHINGLOW,bull,rsi_mid_oversold,2.25,81,45,36,55.6,46.5,1.63,N,-2.24,-0.171,0.7,14.8
CDLMATCHINGLOW,bull,rsi_mid_oversold,2.5,81,46,35,56.8,50.4,1.15,N,-2.29,-0.156,0.7,12.3
CDLMATCHINGLOW,bull,rsi_mid_oversold,2.75,81,46,35,56.8,50.7,1.09,N,-2.78,-0.187,0.66,12.3
CDLMATCHINGLOW,bull,rsi_mid_oversold,3.0,81,47,34,58.0,48.5,1.72,Y,-2.54,-0.176,0.68,11.1
CDLHAMMER,bull,trend_down,0.5,175,59,116,33.7,32.7,0.28,N,-1.25,-0.048,0.75,59.4
CDLHAMMER,bull,trend_down,0.75,175,73,102,41.7,39.2,0.68,N,-2.08,-0.087,0.67,46.9
CDLHAMMER,bull,trend_down,1.0,175,84,91,48.0,44.5,0.94,N,-2.19,-0.077,0.68,34.9
CDLHAMMER,bull,trend_down,1.25,175,91,84,52.0,47.0,1.34,N,-1.82,-0.055,0.73,23.4
CDLHAMMER,bull,trend_down,1.5,175,93,82,53.1,49.0,1.08,N,-1.68,-0.051,0.75,17.7
CDLHAMMER,bull,trend_down,1.75,175,96,79,54.9,49.3,1.46,N,-1.66,-0.044,0.75,14.9
CDLHAMMER,bull,trend_down,2.0,175,96,79,54.9,47.8,1.88,Y,-1.24,-0.022,0.8,9.7
CDLHAMMER,bull,trend_down,2.25,175,96,79,54.9,50.2,1.23,N,-1.3,-0.025,0.8,8.6
CDLHAMMER,bull,trend_down,2.5,175,96,79,54.9,49.6,1.39,N,-1.62,-0.038,0.76,7.4
CDLHAMMER,bull,trend_down,2.75,175,97,78,55.4,49.4,1.6,N,-1.45,-0.009,0.78,6.3
CDLHAMMER,bull,trend_down,3.0,175,98,77,56.0,48.8,1.9,Y,-1.31,0.007,0.8,4.6
CDLDRAGONFLYDOJI,bull,atr_high,0.5,163,43,120,26.4,34.3,-2.13,N,-7.01,-0.21,0.26,68.1
CDLDRAGONFLYDOJI,bull,atr_high,0.75,163,52,111,31.9,38.3,-1.68,N,-9.78,-0.3,0.23,59.5
CDLDRAGONFLYDOJI,bull,atr_high,1.0,163,75,88,46.0,45.4,0.14,N,-6.04,-0.187,0.43,38.7
CDLDRAGONFLYDOJI,bull,atr_high,1.25,163,85,78,52.1,46.6,1.41,N,-2.42,-0.061,0.68,20.9
CDLDRAGONFLYDOJI,bull,atr_high,1.5,163,88,75,54.0,49.4,1.16,N,-1.01,-0.011,0.84,13.5
CDLDRAGONFLYDOJI,bull,atr_high,1.75,163,88,75,54.0,46.6,1.88,Y,-0.35,0.008,0.94,9.2
CDLDRAGONFLYDOJI,bull,atr_high,2.0,163,88,75,54.0,50.3,0.95,N,-0.26,0.007,0.95,7.4
CDLDRAGONFLYDOJI,bull,atr_high,2.25,163,88,75,54.0,50.1,0.99,N,-0.32,0.002,0.94,6.7
CDLDRAGONFLYDOJI,bull,atr_high,2.5,163,89,74,54.6,50.8,0.98,N,0.63,0.045,1.13,3.1
CDLDRAGONFLYDOJI,bull,atr_high,2.75,163,89,74,54.6,52.0,0.65,N,0.73,0.047,1.15,2.5
CDLDRAGONFLYDOJI,bull,atr_high,3.0,163,89,74,54.6,47.5,1.82,Y,0.65,0.041,1.13,2.5
CDLHIKKAKE,bear,rsi_overbought,0.5,131,44,87,33.6,32.4,0.3,N,-0.13,0.022,0.97,64.1
CDLHIKKAKE,bear,rsi_overbought,0.75,131,53,78,40.5,38.4,0.48,N,-0.52,-0.005,0.9,48.1
CDLHIKKAKE,bear,rsi_overbought,1.0,131,66,65,50.4,44.9,1.26,N,0.64,0.079,1.13,32.1
CDLHIKKAKE,bear,rsi_overbought,1.25,131,68,63,51.9,47.1,1.09,N,0.73,0.064,1.14,23.7
CDLHIKKAKE,bear,rsi_overbought,1.5,131,69,62,52.7,48.7,0.9,N,0.48,0.024,1.09,20.6
CDLHIKKAKE,bear,rsi_overbought,1.75,131,70,61,53.4,50.1,0.76,N,0.41,0.034,1.07,12.2
CDLHIKKAKE,bear,rsi_overbought,2.0,131,71,60,54.2,49.4,1.11,N,0.62,0.043,1.12,8.4
CDLHIKKAKE,bear,rsi_overbought,2.25,131,71,60,54.2,47.6,1.52,N,0.63,0.044,1.12,5.3
CDLHIKKAKE,bear,rsi_overbought,2.5,131,72,59,55.0,49.4,1.27,N,1.2,0.073,1.25,3.8
CDLHIKKAKE,bear,rsi_overbought,2.75,131,72,59,55.0,51.0,0.9,N,1.18,0.07,1.24,2.3
CDLHIKKAKE,bear,rsi_overbought,3.0,131,72,59,55.0,46.8,1.88,Y,1.13,0.064,1.23,2.3
CDLHARAMI,bear,trend_up,0.5,441,154,287,34.9,33.4,0.66,N,-0.09,-0.013,0.98,58.0
CDLHARAMI,bear,trend_up,0.75,441,191,250,43.3,40.6,1.17,N,0.38,0.022,1.09,40.6
CDLHARAMI,bear,trend_up,1.0,441,210,231,47.6,44.2,1.46,N,0.73,0.027,1.16,28.8
CDLHARAMI,bear,trend_up,1.25,441,216,225,49.0,47.1,0.81,N,0.66,0.024,1.14,20.2
CDLHARAMI,bear,trend_up,1.5,441,223,218,50.6,49.2,0.59,N,0.94,0.046,1.21,13.2
CDLHARAMI,bear,trend_up,1.75,441,226,215,51.2,46.8,1.87,Y,0.91,0.047,1.2,9.1
CDLHARAMI,bear,trend_up,2.0,441,228,213,51.7,50.4,0.54,N,0.95,0.044,1.21,7.0
CDLHARAMI,bear,trend_up,2.25,441,228,213,51.7,49.6,0.87,N,1.01,0.054,1.23,4.1
CDLHARAMI,bear,trend_up,2.5,441,229,212,51.9,50.4,0.63,N,1.01,0.055,1.23,3.4
CDLHARAMI,bear,trend_up,2.75,441,229,212,51.9,49.2,1.13,N,0.95,0.049,1.21,2.9
CDLHARAMI,bear,trend_up,3.0,441,229,212,51.9,48.6,1.41,N,0.91,0.044,1.2,2.5
CDLHANGINGMAN,bear,atr_high,0.5,163,63,100,38.7,32.0,1.82,Y,-0.75,-0.084,0.86,39.9
CDLHANGINGMAN,bear,atr_high,0.75,163,68,95,41.7,35.4,1.68,Y,-0.74,-0.088,0.87,19.0
CDLHANGINGMAN,bear,atr_high,1.0,163,69,94,42.3,45.2,-0.75,N,-0.71,-0.079,0.88,9.8
CDLHANGINGMAN,bear,atr_high,1.25,163,69,94,42.3,47.8,-1.4,N,-0.53,-0.079,0.91,5.5
CDLHANGINGMAN,bear,atr_high,1.5,163,69,94,42.3,48.4,-1.54,N,-0.45,-0.077,0.92,3.1
CDLHANGINGMAN,bear,atr_high,1.75,163,69,94,42.3,47.4,-1.29,N,-0.58,-0.085,0.9,3.1
CDLHANGINGMAN,bear,atr_high,2.0,163,69,94,42.3,49.6,-1.87,N,-0.61,-0.087,0.89,1.2
CDLHANGINGMAN,bear,atr_high,2.25,163,69,94,42.3,47.9,-1.42,N,-0.64,-0.09,0.89,1.2
CDLHANGINGMAN,bear,atr_high,2.5,163,69,94,42.3,48.9,-1.68,N,-0.66,-0.091,0.89,0.6
CDLHANGINGMAN,bear,atr_high,2.75,163,69,94,42.3,51.0,-2.21,N,-0.65,-0.091,0.89,0.0
CDLHANGINGMAN,bear,atr_high,3.0,163,69,94,42.3,48.4,-1.55,N,-0.65,-0.091,0.89,0.0
CDLHIKKAKE,bear,atr_high,0.5,517,186,331,36.0,34.9,0.52,N,-0.13,-0.003,0.98,57.3
CDLHIKKAKE,bear,atr_high,0.75,517,229,288,44.3,42.0,1.05,N,-0.06,0.004,0.99,40.6
CDLHIKKAKE,bear,atr_high,1.0,517,253,264,48.9,47.6,0.61,N,0.16,0.009,1.02,27.9
CDLHIKKAKE,bear,atr_high,1.25,517,261,256,50.5,47.5,1.37,N,0.05,0.003,1.01,20.5
CDLHIKKAKE,bear,atr_high,1.5,517,264,253,51.1,49.0,0.92,N,-0.21,-0.002,0.97,14.9
CDLHIKKAKE,bear,atr_high,1.75,517,267,250,51.6,49.2,1.12,N,-0.11,-0.002,0.99,11.0
CDLHIKKAKE,bear,atr_high,2.0,517,269,248,52.0,49.1,1.33,N,-0.09,-0.006,0.99,8.9
CDLHIKKAKE,bear,atr_high,2.25,517,269,248,52.0,48.0,1.82,Y,-0.43,-0.023,0.95,8.1
CDLHIKKAKE,bear,atr_high,2.5,517,270,247,52.2,49.1,1.43,N,-0.47,-0.023,0.94,7.0
CDLHIKKAKE,bear,atr_high,2.75,517,272,245,52.6,49.5,1.41,N,-0.25,-0.012,0.97,4.8
CDLHIKKAKE,bear,atr_high,3.0,517,272,245,52.6,50.3,1.06,N,-0.13,-0.012,0.98,3.3
CDLHANGINGMAN,bear,rsi_overbought,0.5,54,20,34,37.0,28.1,1.46,N,-1.59,-0.037,0.72,51.9
CDLHANGINGMAN,bear,rsi_overbought,0.75,54,26,28,48.1,36.7,1.74,Y,0.16,0.013,1.03,31.5
CDLHANGINGMAN,bear,rsi_overbought,1.0,54,27,27,50.0,38.3,1.77,Y,0.34,0.009,1.06,18.5
CDLHANGINGMAN,bear,rsi_overbought,1.25,54,27,27,50.0,45.7,0.64,N,0.07,-0.015,1.01,14.8
CDLHANGINGMAN,bear,rsi_overbought,1.5,54,27,27,50.0,45.5,0.66,N,-0.2,-0.044,0.97,13.0
CDLHANGINGMAN,bear,rsi_overbought,1.75,54,27,27,50.0,45.7,0.64,N,-0.56,-0.076,0.91,13.0
CDLHANGINGMAN,bear,rsi_overbought,2.0,54,27,27,50.0,48.6,0.2,N,-0.72,-0.085,0.89,7.4
CDLHANGINGMAN,bear,rsi_overbought,2.25,54,27,27,50.0,50.3,-0.05,N,-0.61,-0.077,0.91,3.7
CDLHANGINGMAN,bear,rsi_overbought,2.5,54,27,27,50.0,50.6,-0.09,N,-0.57,-0.077,0.91,1.9
CDLHANGINGMAN,bear,rsi_overbought,2.75,54,27,27,50.0,46.6,0.5,N,-0.54,-0.074,0.92,0.0
CDLHANGINGMAN,bear,rsi_overbought,3.0,54,27,27,50.0,48.8,0.18,N,-0.54,-0.074,0.92,0.0
CDLLONGLINE,bear,rsi_oversold,0.5,67,25,42,37.3,32.0,0.94,N,5.07,0.199,1.91,59.7
CDLLONGLINE,bear,rsi_oversold,0.75,67,29,38,43.3,36.7,1.12,N,5.92,0.256,1.85,43.3
CDLLONGLINE,bear,rsi_oversold,1.0,67,35,32,52.2,47.0,0.86,N,6.65,0.334,1.99,25.4
CDLLONGLINE,bear,rsi_oversold,1.25,67,36,31,53.7,49.9,0.63,N,5.81,0.313,1.75,20.9
CDLLONGLINE,bear,rsi_oversold,1.5,67,37,30,55.2,49.1,1.0,N,6.15,0.331,1.83,13.4
CDLLONGLINE,bear,rsi_oversold,1.75,67,38,29,56.7,48.3,1.39,N,6.53,0.347,1.89,9.0
CDLLONGLINE,bear,rsi_oversold,2.0,67,38,29,56.7,50.6,1.0,N,6.77,0.382,1.95,3.0
CDLLONGLINE,bear,rsi_oversold,2.25,67,38,29,56.7,46.0,1.76,Y,6.5,0.374,1.88,3.0
CDLLONGLINE,bear,rsi_oversold,2.5,67,38,29,56.7,51.6,0.84,N,6.93,0.387,1.99,0.0
CDLLONGLINE,bear,rsi_oversold,2.75,67,38,29,56.7,49.6,1.16,N,6.93,0.387,1.99,0.0
CDLLONGLINE,bear,rsi_oversold,3.0,67,38,29,56.7,49.8,1.14,N,6.93,0.387,1.99,0.0
CDLXSIDEGAP3METHODS,bull,atr_low,0.5,64,25,39,39.1,36.2,0.48,N,0.68,0.075,1.15,54.7
CDLXSIDEGAP3METHODS,bull,atr_low,0.75,64,29,35,45.3,39.1,1.02,N,0.19,0.056,1.04,37.5
CDLXSIDEGAP3METHODS,bull,atr_low,1.0,64,31,33,48.4,43.6,0.78,N,-0.63,0.007,0.9,34.4
CDLXSIDEGAP3METHODS,bull,atr_low,1.25,64,34,30,53.1,47.8,0.86,N,-0.17,0.035,0.97,23.4
CDLXSIDEGAP3METHODS,bull,atr_low,1.5,64,36,28,56.2,45.3,1.76,Y,-0.09,0.058,0.99,15.6
CDLXSIDEGAP3METHODS,bull,atr_low,1.75,64,36,28,56.2,48.8,1.19,N,-0.19,0.043,0.97,14.1
CDLXSIDEGAP3METHODS,bull,atr_low,2.0,64,36,28,56.2,51.2,0.81,N,-0.06,0.049,0.99,9.4
CDLXSIDEGAP3METHODS,bull,atr_low,2.25,64,36,28,56.2,50.5,0.92,N,-0.38,0.026,0.94,9.4
CDLXSIDEGAP3METHODS,bull,atr_low,2.5,64,36,28,56.2,47.4,1.42,N,-0.39,0.027,0.94,6.2
CDLXSIDEGAP3METHODS,bull,atr_low,2.75,64,36,28,56.2,49.2,1.13,N,-0.63,0.011,0.91,6.2
CDLXSIDEGAP3METHODS,bull,atr_low,3.0,64,36,28,56.2,50.4,0.94,N,-0.02,0.023,1.0,4.7
CDLINVERTEDHAMMER,bull,rsi_mid_oversold,0.5,35,10,25,28.6,30.7,-0.27,N,1.65,-0.147,1.35,68.6
CDLINVERTEDHAMMER,bull,rsi_mid_oversold,0.75,35,14,21,40.0,34.3,0.71,N,3.56,-0.079,1.76,45.7
CDLINVERTEDHAMMER,bull,rsi_mid_oversold,1.0,35,17,18,48.6,42.9,0.68,N,4.82,-0.055,2.26,28.6
CDLINVERTEDHAMMER,bull,rsi_mid_oversold,1.25,35,18,17,51.4,43.8,0.91,N,4.29,-0.073,1.97,25.7
CDLINVERTEDHAMMER,bull,rsi_mid_oversold,1.5,35,20,15,57.1,49.5,0.9,N,4.73,-0.023,2.17,17.1
CDLINVERTEDHAMMER,bull,rsi_mid_oversold,1.75,35,20,15,57.1,42.9,1.71,Y,4.81,-0.032,2.21,14.3
CDLINVERTEDHAMMER,bull,rsi_mid_oversold,2.0,35,21,14,60.0,52.9,0.85,N,6.19,0.091,3.37,2.9
CDLINVERTEDHAMMER,bull,rsi_mid_oversold,2.25,35,22,13,62.9,51.2,1.38,N,6.6,0.151,3.98,0.0
CDLINVERTEDHAMMER,bull,rsi_mid_oversold,2.5,35,22,13,62.9,48.6,1.69,Y,6.6,0.151,3.98,0.0
CDLINVERTEDHAMMER,bull,rsi_mid_oversold,2.75,35,22,13,62.9,48.3,1.72,Y,6.6,0.151,3.98,0.0
CDLINVERTEDHAMMER,bull,rsi_mid_oversold,3.0,35,22,13,62.9,50.5,1.47,N,6.6,0.151,3.98,0.0
CDLENGULFING,bull,rsi_mid_oversold,0.5,259,87,172,33.6,32.8,0.26,N,-1.63,-0.042,0.69,57.9
CDLENGULFING,bull,rsi_mid_oversold,0.75,259,104,155,40.2,41.1,-0.29,N,-2.29,-0.077,0.64,45.9
CDLENGULFING,bull,rsi_mid_oversold,1.0,259,123,136,47.5,44.6,0.94,N,-1.25,-0.031,0.79,30.9
CDLENGULFING,bull,rsi_mid_oversold,1.25,259,135,124,52.1,48.1,1.29,N,-1.15,-0.015,0.82,23.6
CDLENGULFING,bull,rsi_mid_oversold,1.5,259,136,123,52.5,48.1,1.42,N,-1.18,-0.025,0.81,17.8
CDLENGULFING,bull,rsi_mid_oversold,1.75,259,136,123,52.5,48.6,1.26,N,-1.5,-0.045,0.77,15.1
CDLENGULFING,bull,rsi_mid_oversold,2.0,259,139,120,53.7,49.9,1.22,N,-1.15,-0.026,0.82,11.2
CDLENGULFING,bull,rsi_mid_oversold,2.25,259,139,120,53.7,48.4,1.7,Y,-1.28,-0.018,0.8,7.7
CDLENGULFING,bull,rsi_mid_oversold,2.5,259,139,120,53.7,51.6,0.67,N,-1.31,-0.02,0.8,5.8
CDLENGULFING,bull,rsi_mid_oversold,2.75,259,139,120,53.7,51.0,0.85,N,-1.54,-0.035,0.77,5.8
CDLENGULFING,bull,rsi_mid_oversold,3.0,259,139,120,53.7,50.0,1.18,N,-1.72,-0.043,0.75,5.4
CDLSPINNINGTOP,bull,rsi_overbought,0.5,250,70,180,28.0,27.0,0.37,N,-2.0,-0.095,0.58,65.2
CDLSPINNINGTOP,bull,rsi_overbought,0.75,250,94,156,37.6,36.9,0.22,N,-2.51,-0.103,0.57,48.8
CDLSPINNINGTOP,bull,rsi_overbought,1.0,250,120,130,48.0,46.1,0.61,N,-0.92,-0.024,0.82,30.0
CDLSPINNINGTOP,bull,rsi_overbought,1.25,250,127,123,50.8,45.6,1.65,Y,-0.61,-0.011,0.88,20.8
CDLSPINNINGTOP,bull,rsi_overbought,1.5,250,130,120,52.0,48.2,1.2,N,-0.41,0.006,0.92,14.4
CDLSPINNINGTOP,bull,rsi_overbought,1.75,250,131,119,52.4,47.0,1.7,Y,-0.44,0.001,0.91,10.8
CDLSPINNINGTOP,bull,rsi_overbought,2.0,250,131,119,52.4,48.7,1.18,N,-0.42,0.003,0.91,7.2
CDLSPINNINGTOP,bull,rsi_overbought,2.25,250,131,119,52.4,49.2,1.0,N,-0.41,0.006,0.92,5.6
CDLSPINNINGTOP,bull,rsi_overbought,2.5,250,133,117,53.2,48.8,1.4,N,-0.18,0.022,0.96,4.4
CDLSPINNINGTOP,bull,rsi_overbought,2.75,250,133,117,53.2,50.6,0.81,N,-0.15,0.022,0.97,2.8
CDLSPINNINGTOP,bull,rsi_overbought,3.0,250,133,117,53.2,48.7,1.42,N,-0.14,0.019,0.97,2.0
CDLXSIDEGAP3METHODS,bull,none,0.5,86,34,52,39.5,36.8,0.52,N,2.41,0.067,1.52,54.7
CDLXSIDEGAP3METHODS,bull,none,0.75,86,41,45,47.7,44.2,0.65,N,2.02,0.06,1.38,36.0
CDLXSIDEGAP3METHODS,bull,none,1.0,86,43,43,50.0,46.5,0.65,N,1.05,0.012,1.16,31.4
CDLXSIDEGAP3METHODS,bull,none,1.25,86,46,40,53.5,48.3,0.97,N,1.1,0.031,1.16,20.9
CDLXSIDEGAP3METHODS,bull,none,1.5,86,48,38,55.8,50.0,1.08,N,0.89,0.042,1.13,14.0
CDLXSIDEGAP3METHODS,bull,none,1.75,86,48,38,55.8,48.5,1.35,N,0.56,0.025,1.08,12.8
CDLXSIDEGAP3METHODS,bull,none,2.0,86,48,38,55.8,51.0,0.9,N,0.4,0.024,1.05,9.3
CDLXSIDEGAP3METHODS,bull,none,2.25,86,48,38,55.8,50.0,1.08,N,-0.1,0.001,0.99,9.3
CDLXSIDEGAP3METHODS,bull,none,2.5,86,48,38,55.8,50.3,1.02,N,-0.38,-0.005,0.95,7.0
CDLXSIDEGAP3METHODS,bull,none,2.75,86,48,38,55.8,46.7,1.69,Y,-0.81,-0.022,0.91,7.0
CDLXSIDEGAP3METHODS,bull,none,3.0,86,48,38,55.8,51.9,0.72,N,-0.62,-0.019,0.93,5.8
CDLHIKKAKE,bear,trend_down,0.5,738,255,483,34.6,32.5,1.22,N,-0.23,-0.003,0.96,60.0
CDLHIKKAKE,bear,trend_down,0.75,738,306,432,41.5,40.5,0.55,N,-0.37,-0.011,0.94,46.9
CDLHIKKAKE,bear,trend_down,1.0,738,350,388,47.4,45.9,0.83,N,-0.19,0.01,0.97,33.5
CDLHIKKAKE,bear,trend_down,1.25,738,363,375,49.2,47.8,0.76,N,-0.53,-0.003,0.93,25.2
CDLHIKKAKE,bear,trend_down,1.5,738,369,369,50.0,48.5,0.83,N,-0.81,-0.012,0.9,19.4
CDLHIKKAKE,bear,trend_down,1.75,738,377,361,51.1,49.2,1.04,N,-0.49,-0.002,0.94,14.4
CDLHIKKAKE,bear,trend_down,2.0,738,382,356,51.8,49.5,1.24,N,-0.3,0.005,0.96,11.0
CDLHIKKAKE,bear,trend_down,2.25,738,382,356,51.8,48.7,1.68,Y,-0.44,0.001,0.94,8.1
CDLHIKKAKE,bear,trend_down,2.5,738,382,356,51.8,49.2,1.41,N,-0.56,-0.006,0.93,6.8
CDLHIKKAKE,bear,trend_down,2.75,738,383,355,51.9,49.1,1.53,N,-0.47,-0.003,0.94,5.1
CDLHIKKAKE,bear,trend_down,3.0,738,384,354,52.0,49.7,1.26,N,-0.38,-0.0,0.95,3.7
CDL3OUTSIDE,bear,atr_low,0.5,336,117,219,34.8,31.2,1.44,N,-0.0,0.04,1.0,60.1
CDL3OUTSIDE,bear,atr_low,0.75,336,149,187,44.3,40.1,1.6,N,0.43,0.074,1.08,42.6
CDL3OUTSIDE,bear,atr_low,1.0,336,163,173,48.5,44.0,1.65,Y,0.51,0.089,1.09,30.4
CDL3OUTSIDE,bear,atr_low,1.25,336,172,164,51.2,48.0,1.16,N,0.51,0.092,1.08,23.8
CDL3OUTSIDE,bear,atr_low,1.5,336,176,160,52.4,48.8,1.33,N,0.06,0.071,1.01,19.0
CDL3OUTSIDE,bear,atr_low,1.75,336,176,160,52.4,49.9,0.92,N,0.07,0.063,1.01,13.4
CDL3OUTSIDE,bear,atr_low,2.0,336,177,159,52.7,50.5,0.79,N,-0.02,0.069,1.0,9.2
CDL3OUTSIDE,bear,atr_low,2.25,336,177,159,52.7,48.5,1.52,N,-0.23,0.056,0.97,7.7
CDL3OUTSIDE,bear,atr_low,2.5,336,178,158,53.0,49.9,1.15,N,-0.19,0.053,0.97,6.0
CDL3OUTSIDE,bear,atr_low,2.75,336,178,158,53.0,50.1,1.06,N,-0.33,0.043,0.95,5.1
CDL3OUTSIDE,bear,atr_low,3.0,336,179,157,53.3,49.8,1.27,N,-0.31,0.051,0.95,3.6
CDLHIGHWAVE,bear,rsi_mid_overbought,0.5,339,129,210,38.1,35.5,0.96,N,-0.52,-0.039,0.86,55.5
CDLHIGHWAVE,bear,rsi_mid_overbought,0.75,339,151,188,44.5,40.9,1.38,N,-0.5,-0.047,0.89,41.9
CDLHIGHWAVE,bear,rsi_mid_overbought,1.0,339,167,172,49.3,44.8,1.64,N,-0.18,-0.045,0.96,30.7
CDLHIGHWAVE,bear,rsi_mid_overbought,1.25,339,171,168,50.4,48.1,0.88,N,-0.03,-0.04,0.99,22.7
CDLHIGHWAVE,bear,rsi_mid_overbought,1.5,339,174,165,51.3,49.1,0.81,N,0.37,-0.017,1.08,14.5
CDLHIGHWAVE,bear,rsi_mid_overbought,1.75,339,176,163,51.9,49.0,1.08,N,0.3,-0.031,1.06,12.4
CDLHIGHWAVE,bear,rsi_mid_overbought,2.0,339,176,163,51.9,49.5,0.88,N,0.07,-0.054,1.01,10.9
CDLHIGHWAVE,bear,rsi_mid_overbought,2.25,339,176,163,51.9,48.2,1.37,N,0.1,-0.059,1.02,7.4
CDLHIGHWAVE,bear,rsi_mid_overbought,2.5,339,177,162,52.2,49.8,0.88,N,0.07,-0.06,1.01,5.0
CDLHIGHWAVE,bear,rsi_mid_overbought,2.75,339,177,162,52.2,49.1,1.13,N,-0.01,-0.07,1.0,4.1
CDLHIGHWAVE,bear,rsi_mid_overbought,3.0,339,177,162,52.2,50.0,0.82,N,-0.1,-0.08,0.98,4.1
CDLHIGHWAVE,bear,none,0.5,1564,520,1044,33.2,32.9,0.27,N,-0.47,nan,0.9,60.0
CDLHIGHWAVE,bear,none,0.75,1564,643,921,41.1,40.6,0.42,N,-0.36,nan,0.93,44.2
CDLHIGHWAVE,bear,none,1.0,1564,733,831,46.9,45.1,1.38,N,0.07,nan,1.01,31.2
CDLHIGHWAVE,bear,none,1.25,1564,765,799,48.9,47.4,1.24,N,0.28,nan,1.05,22.3
CDLHIGHWAVE,bear,none,1.5,1564,785,779,50.2,48.9,1.04,N,0.56,nan,1.1,15.0
CDLHIGHWAVE,bear,none,1.75,1564,795,769,50.8,49.1,1.38,N,0.69,nan,1.13,10.9
CDLHIGHWAVE,bear,none,2.0,1564,798,766,51.0,49.4,1.31,N,0.7,nan,1.13,8.8
CDLHIGHWAVE,bear,none,2.25,1564,799,765,51.1,49.6,1.18,N,0.73,nan,1.13,6.6
CDLHIGHWAVE,bear,none,2.5,1564,803,761,51.3,49.6,1.37,N,0.76,nan,1.14,5.1
CDLHIGHWAVE,bear,none,2.75,1564,804,760,51.4,49.8,1.31,N,0.72,nan,1.13,3.9
CDLHIGHWAVE,bear,none,3.0,1564,805,759,51.5,49.4,1.63,N,0.7,nan,1.13,3.3
CDLGRAVESTONEDOJI,bear,rsi_mid_overbought,0.5,117,46,71,39.3,37.2,0.48,N,0.57,-0.023,1.17,53.0
CDLGRAVESTONEDOJI,bear,rsi_mid_overbought,0.75,117,56,61,47.9,44.4,0.74,N,2.25,0.03,1.63,34.2
CDLGRAVESTONEDOJI,bear,rsi_mid_overbought,1.0,117,59,58,50.4,48.8,0.35,N,2.18,0.023,1.58,23.9
CDLGRAVESTONEDOJI,bear,rsi_mid_overbought,1.25,117,61,56,52.1,45.5,1.44,N,2.32,0.028,1.62,15.4
CDLGRAVESTONEDOJI,bear,rsi_mid_overbought,1.5,117,62,55,53.0,49.6,0.74,N,2.38,0.028,1.64,11.1
CDLGRAVESTONEDOJI,bear,rsi_mid_overbought,1.75,117,62,55,53.0,50.1,0.62,N,2.2,0.002,1.56,10.3
CDLGRAVESTONEDOJI,bear,rsi_mid_overbought,2.0,117,62,55,53.0,45.6,1.61,N,2.21,0.003,1.57,6.8
CDLGRAVESTONEDOJI,bear,rsi_mid_overbought,2.25,117,62,55,53.0,49.8,0.69,N,2.19,0.004,1.56,3.4
CDLGRAVESTONEDOJI,bear,rsi_mid_overbought,2.5,117,62,55,53.0,47.8,1.13,N,2.14,-0.001,1.54,2.6
CDLGRAVESTONEDOJI,bear,rsi_mid_overbought,2.75,117,62,55,53.0,47.6,1.16,N,2.08,-0.008,1.52,2.6
CDLGRAVESTONEDOJI,bear,rsi_mid_overbought,3.0,117,62,55,53.0,50.6,0.52,N,2.05,-0.012,1.5,1.7
CDLDOJI,bull,rsi_overbought,0.5,187,57,130,30.5,32.0,-0.44,N,-1.99,-0.047,0.6,60.4
CDLDOJI,bull,rsi_overbought,0.75,187,72,115,38.5,39.4,-0.25,N,-2.75,-0.068,0.57,47.6
CDLDOJI,bull,rsi_overbought,1.0,187,89,98,47.6,43.1,1.23,N,-1.17,0.001,0.8,32.1
CDLDOJI,bull,rsi_overbought,1.25,187,96,91,51.3,48.9,0.67,N,-0.21,0.055,0.96,20.3
CDLDOJI,bull,rsi_overbought,1.5,187,100,87,53.5,49.1,1.21,N,0.14,0.089,1.03,12.8
CDLDOJI,bull,rsi_overbought,1.75,187,101,86,54.0,48.5,1.5,N,0.51,0.091,1.1,9.6
CDLDOJI,bull,rsi_overbought,2.0,187,101,86,54.0,49.8,1.16,N,0.45,0.093,1.09,7.5
CDLDOJI,bull,rsi_overbought,2.25,187,101,86,54.0,50.5,0.95,N,0.52,0.092,1.11,6.4
CDLDOJI,bull,rsi_overbought,2.5,187,103,84,55.1,49.2,1.6,N,1.08,0.125,1.25,4.3
CDLDOJI,bull,rsi_overbought,2.75,187,103,84,55.1,51.0,1.11,N,1.71,0.149,1.45,2.1
CDLDOJI,bull,rsi_overbought,3.0,187,103,84,55.1,50.6,1.23,N,1.67,0.144,1.44,2.1
CDLHIKKAKE,bull,rsi_mid_oversold,0.5,325,112,213,34.5,31.3,1.22,N,-0.36,-0.008,0.94,62.5
CDLHIKKAKE,bull,rsi_mid_oversold,0.75,325,134,191,41.2,39.7,0.55,N,-1.04,-0.043,0.86,51.1
CDLHIKKAKE,bull,rsi_mid_oversold,1.0,325,155,170,47.7,45.9,0.63,N,-0.73,-0.025,0.9,36.3
CDLHIKKAKE,bull,rsi_mid_oversold,1.25,325,164,161,50.5,48.0,0.89,N,-1.01,-0.035,0.87,28.6
CDLHIKKAKE,bull,rsi_mid_oversold,1.5,325,167,158,51.4,47.4,1.43,N,-1.26,-0.044,0.85,23.7
CDLHIKKAKE,bull,rsi_mid_oversold,1.75,325,172,153,52.9,48.6,1.56,N,-0.85,-0.03,0.89,18.8
CDLHIKKAKE,bull,rsi_mid_oversold,2.0,325,175,150,53.8,49.4,1.6,N,-0.46,-0.01,0.94,14.5
CDLHIKKAKE,bull,rsi_mid_oversold,2.25,325,175,150,53.8,50.8,1.08,N,-0.55,-0.01,0.93,10.5
CDLHIKKAKE,bull,rsi_mid_oversold,2.5,325,175,150,53.8,50.9,1.05,N,-0.56,-0.009,0.93,8.3
CDLHIKKAKE,bull,rsi_mid_oversold,2.75,325,175,150,53.8,50.3,1.27,N,-0.48,-0.006,0.94,6.8
CDLHIKKAKE,bull,rsi_mid_oversold,3.0,325,176,149,54.2,50.4,1.35,N,-0.14,0.005,0.98,4.9
CDLHIGHWAVE,bull,atr_low,0.5,1113,354,759,31.8,31.9,-0.06,N,-0.6,-0.033,0.87,62.5
CDLHIGHWAVE,bull,atr_low,0.75,1113,458,655,41.2,40.4,0.52,N,-0.23,-0.002,0.96,44.8
CDLHIGHWAVE,bull,atr_low,1.0,1113,524,589,47.1,44.9,1.47,N,0.12,0.013,1.02,32.3
CDLHIGHWAVE,bull,atr_low,1.25,1113,547,566,49.1,47.4,1.16,N,0.35,0.019,1.07,24.2
CDLHIGHWAVE,bull,atr_low,1.5,1113,564,549,50.7,48.7,1.31,N,0.56,0.032,1.11,16.9
CDLHIGHWAVE,bull,atr_low,1.75,1113,570,543,51.2,48.8,1.59,N,0.69,0.031,1.13,12.5
CDLHIGHWAVE,bull,atr_low,2.0,1113,573,540,51.5,49.7,1.18,N,0.65,0.025,1.13,10.2
CDLHIGHWAVE,bull,atr_low,2.25,1113,573,540,51.5,49.7,1.2,N,0.69,0.021,1.13,7.7
CDLHIGHWAVE,bull,atr_low,2.5,1113,575,538,51.7,50.1,1.05,N,0.63,0.018,1.12,6.1
CDLHIGHWAVE,bull,atr_low,2.75,1113,576,537,51.8,49.7,1.4,N,0.63,0.019,1.12,4.6
CDLHIGHWAVE,bull,atr_low,3.0,1113,577,536,51.8,50.2,1.12,N,0.59,0.015,1.11,4.2
CDLMARUBOZU,bear,rsi_mid_overbought,0.5,55,23,32,41.8,31.8,1.59,N,0.22,0.133,1.07,45.5
CDLMARUBOZU,bear,rsi_mid_overbought,0.75,55,26,29,47.3,39.7,1.15,N,0.12,0.119,1.03,32.7
CDLMARUBOZU,bear,rsi_mid_overbought,1.0,55,27,28,49.1,42.1,1.05,N,-0.55,0.091,0.88,27.3
CDLMARUBOZU,bear,rsi_mid_overbought,1.25,55,29,26,52.7,47.1,0.83,N,-0.75,0.098,0.85,18.2
CDLMARUBOZU,bear,rsi_mid_overbought,1.5,55,31,24,56.4,49.8,0.97,N,-0.41,0.147,0.91,10.9
CDLMARUBOZU,bear,rsi_mid_overbought,1.75,55,31,24,56.4,48.3,1.19,N,-0.63,0.143,0.88,9.1
CDLMARUBOZU,bear,rsi_mid_overbought,2.0,55,31,24,56.4,50.6,0.85,N,-0.63,0.136,0.88,5.5
CDLMARUBOZU,bear,rsi_mid_overbought,2.25,55,31,24,56.4,51.2,0.76,N,-0.72,0.126,0.86,3.6
CDLMARUBOZU,bear,rsi_mid_overbought,2.5,55,31,24,56.4,48.6,1.15,N,-0.77,0.117,0.85,3.6
CDLMARUBOZU,bear,rsi_mid_overbought,2.75,55,31,24,56.4,47.3,1.35,N,-0.72,0.126,0.86,1.8
CDLMARUBOZU,bear,rsi_mid_overbought,3.0,55,31,24,56.4,50.9,0.81,N,-0.75,0.122,0.86,1.8
CDL3OUTSIDE,bear,none,0.5,504,176,328,34.9,32.6,1.12,N,0.46,0.036,1.09,58.5
CDL3OUTSIDE,bear,none,0.75,504,214,290,42.5,39.9,1.17,N,0.31,0.041,1.05,42.7
CDL3OUTSIDE,bear,none,1.0,504,237,267,47.0,45.2,0.84,N,0.66,0.06,1.11,29.4
CDL3OUTSIDE,bear,none,1.25,504,249,255,49.4,46.3,1.41,N,1.72,0.085,1.29,21.2
CDL3OUTSIDE,bear,none,1.5,504,255,249,50.6,48.3,1.02,N,1.39,0.068,1.22,16.7
CDL3OUTSIDE,bear,none,1.75,504,257,247,51.0,49.4,0.71,N,1.57,0.077,1.26,11.1
CDL3OUTSIDE,bear,none,2.0,504,258,246,51.2,49.5,0.78,N,1.48,0.08,1.24,7.9
CDL3OUTSIDE,bear,none,2.25,504,258,246,51.2,48.9,1.04,N,1.38,0.073,1.22,6.3
CDL3OUTSIDE,bear,none,2.5,504,260,244,51.6,49.9,0.78,N,1.47,0.074,1.24,5.0
CDL3OUTSIDE,bear,none,2.75,504,260,244,51.6,48.1,1.58,N,1.39,0.069,1.22,3.8
CDL3OUTSIDE,bear,none,3.0,504,261,243,51.8,50.2,0.69,N,1.4,0.074,1.22,2.6
CDLGRAVESTONEDOJI,bear,atr_low,0.5,168,68,100,40.5,35.2,1.43,N,1.28,0.024,1.38,49.4
CDLGRAVESTONEDOJI,bear,atr_low,0.75,168,82,86,48.8,42.9,1.55,N,2.79,0.099,1.83,31.0
CDLGRAVESTONEDOJI,bear,atr_low,1.0,168,85,83,50.6,46.6,1.04,N,2.62,0.085,1.72,22.0
CDLGRAVESTONEDOJI,bear,atr_low,1.25,168,87,81,51.8,47.8,1.04,N,2.71,0.088,1.74,14.3
CDLGRAVESTONEDOJI,bear,atr_low,1.5,168,88,80,52.4,49.9,0.66,N,2.82,0.088,1.79,10.1
CDLGRAVESTONEDOJI,bear,atr_low,1.75,168,88,80,52.4,47.3,1.33,N,2.8,0.081,1.77,8.3
CDLGRAVESTONEDOJI,bear,atr_low,2.0,168,88,80,52.4,50.1,0.58,N,2.83,0.085,1.79,4.8
CDLGRAVESTONEDOJI,bear,atr_low,2.25,168,88,80,52.4,47.4,1.3,N,2.85,0.089,1.8,1.8
CDLGRAVESTONEDOJI,bear,atr_low,2.5,168,88,80,52.4,49.6,0.72,N,2.83,0.087,1.79,1.2
CDLGRAVESTONEDOJI,bear,atr_low,2.75,168,88,80,52.4,47.3,1.33,N,2.81,0.084,1.78,1.2
CDLGRAVESTONEDOJI,bear,atr_low,3.0,168,88,80,52.4,48.9,0.91,N,2.79,0.081,1.77,1.2
CDLLONGLEGGEDDOJI,bull,rsi_overbought,0.5,184,55,129,29.9,28.1,0.55,N,-2.05,-0.049,0.59,61.4
CDLLONGLEGGEDDOJI,bull,rsi_overbought,0.75,184,70,114,38.0,38.8,-0.21,N,-2.83,-0.071,0.56,48.4
CDLLONGLEGGEDDOJI,bull,rsi_overbought,1.0,184,87,97,47.3,45.8,0.39,N,-1.23,-0.001,0.8,32.6
CDLLONGLEGGEDDOJI,bull,rsi_overbought,1.25,184,94,90,51.1,46.1,1.36,N,-0.24,0.055,0.96,20.7
CDLLONGLEGGEDDOJI,bull,rsi_overbought,1.5,184,98,86,53.3,48.1,1.4,N,0.11,0.088,1.02,13.0
CDLLONGLEGGEDDOJI,bull,rsi_overbought,1.75,184,99,85,53.8,50.4,0.92,N,0.49,0.091,1.1,9.8
CDLLONGLEGGEDDOJI,bull,rsi_overbought,2.0,184,99,85,53.8,49.3,1.23,N,0.42,0.093,1.08,7.6
CDLLONGLEGGEDDOJI,bull,rsi_overbought,2.25,184,99,85,53.8,48.6,1.41,N,0.49,0.092,1.1,6.5
CDLLONGLEGGEDDOJI,bull,rsi_overbought,2.5,184,101,83,54.9,49.2,1.54,N,1.07,0.126,1.24,4.3
CDLLONGLEGGEDDOJI,bull,rsi_overbought,2.75,184,101,83,54.9,49.9,1.35,N,1.7,0.15,1.45,2.2
CDLLONGLEGGEDDOJI,bull,rsi_overbought,3.0,184,101,83,54.9,50.5,1.18,N,1.66,0.145,1.43,2.2
CDLMARUBOZU,bear,atr_high,0.5,119,44,75,37.0,32.8,0.98,N,-0.49,0.009,0.92,55.5
CDLMARUBOZU,bear,atr_high,0.75,119,50,69,42.0,41.3,0.16,N,-1.34,0.009,0.83,42.9
CDLMARUBOZU,bear,atr_high,1.0,119,57,62,47.9,46.0,0.41,N,-1.5,0.026,0.81,27.7
CDLMARUBOZU,bear,atr_high,1.25,119,59,60,49.6,45.2,0.97,N,-1.13,0.016,0.85,21.0
CDLMARUBOZU,bear,atr_high,1.5,119,61,58,51.3,49.8,0.32,N,-1.33,0.011,0.84,16.8
CDLMARUBOZU,bear,atr_high,1.75,119,63,56,52.9,46.1,1.5,N,-0.25,0.046,0.97,12.6
CDLMARUBOZU,bear,atr_high,2.0,119,63,56,52.9,49.9,0.67,N,-0.36,0.038,0.95,10.1
CDLMARUBOZU,bear,atr_high,2.25,119,64,55,53.8,48.8,1.09,N,-0.31,0.042,0.96,8.4
CDLMARUBOZU,bear,atr_high,2.5,119,64,55,53.8,48.8,1.09,N,0.18,0.062,1.02,4.2
CDLMARUBOZU,bear,atr_high,2.75,119,65,54,54.6,49.4,1.13,N,0.46,0.081,1.06,3.4
CDLMARUBOZU,bear,atr_high,3.0,119,65,54,54.6,50.6,0.89,N,0.34,0.073,1.05,3.4
CDLSHORTLINE,bear,rsi_oversold,0.5,83,34,49,41.0,37.0,0.74,N,1.01,0.06,1.19,53.0
CDLSHORTLINE,bear,rsi_oversold,0.75,83,41,42,49.4,45.9,0.64,N,2.31,0.063,1.37,39.8
CDLSHORTLINE,bear,rsi_oversold,1.0,83,45,38,54.2,47.5,1.23,N,2.58,0.083,1.38,26.5
CDLSHORTLINE,bear,rsi_oversold,1.25,83,45,38,54.2,48.4,1.06,N,1.71,0.057,1.23,19.3
CDLSHORTLINE,bear,rsi_oversold,1.5,83,45,38,54.2,47.5,1.23,N,1.28,0.047,1.16,15.7
CDLSHORTLINE,bear,rsi_oversold,1.75,83,45,38,54.2,47.6,1.21,N,1.29,0.041,1.16,8.4
CDLSHORTLINE,bear,rsi_oversold,2.0,83,45,38,54.2,50.9,0.6,N,0.88,0.033,1.1,4.8
CDLSHORTLINE,bear,rsi_oversold,2.25,83,46,37,55.4,50.4,0.91,N,1.72,0.073,1.22,2.4
CDLSHORTLINE,bear,rsi_oversold,2.5,83,46,37,55.4,47.2,1.5,N,1.45,0.067,1.18,2.4
CDLSHORTLINE,bear,rsi_oversold,2.75,83,46,37,55.4,49.1,1.15,N,1.17,0.061,1.14,2.4
CDLSHORTLINE,bear,rsi_oversold,3.0,83,46,37,55.4,49.1,1.15,N,0.9,0.055,1.11,2.4
CDLHAMMER,bull,atr_high,0.5,105,43,62,41.0,39.3,0.35,N,0.2,0.027,1.04,51.4
CDLHAMMER,bull,atr_high,0.75,105,50,55,47.6,45.9,0.36,N,-0.63,0.001,0.89,35.2
CDLHAMMER,bull,atr_high,1.0,105,55,50,52.4,47.8,0.94,N,-1.21,0.005,0.82,26.7
CDLHAMMER,bull,atr_high,1.25,105,55,50,52.4,49.3,0.63,N,-1.1,-0.004,0.83,17.1
CDLHAMMER,bull,atr_high,1.5,105,57,48,54.3,47.4,1.42,N,-0.91,0.03,0.86,10.5
CDLHAMMER,bull,atr_high,1.75,105,57,48,54.3,48.6,1.17,N,-1.52,0.004,0.79,10.5
CDLHAMMER,bull,atr_high,2.0,105,57,48,54.3,50.6,0.75,N,-1.81,-0.009,0.75,9.5
CDLHAMMER,bull,atr_high,2.25,105,57,48,54.3,47.9,1.3,N,-2.26,-0.025,0.71,8.6
CDLHAMMER,bull,atr_high,2.5,105,57,48,54.3,48.3,1.24,N,-2.49,-0.026,0.69,6.7
CDLHAMMER,bull,atr_high,2.75,105,57,48,54.3,48.0,1.29,N,-2.42,-0.027,0.7,5.7
CDLHAMMER,bull,atr_high,3.0,105,57,48,54.3,49.4,1.01,N,-2.8,-0.041,0.66,5.7
CDLXSIDEGAP3METHODS,bull,trend_up,0.5,42,16,26,38.1,32.9,0.71,N,2.18,0.058,1.52,57.1
CDLXSIDEGAP3METHODS,bull,trend_up,0.75,42,21,21,50.0,42.5,0.99,N,1.77,0.082,1.35,38.1
CDLXSIDEGAP3METHODS,bull,trend_up,1.0,42,22,20,52.4,48.0,0.57,N,0.82,0.028,1.13,33.3
CDLXSIDEGAP3METHODS,bull,trend_up,1.25,42,23,19,54.8,47.4,0.95,N,0.79,0.052,1.13,16.7
CDLXSIDEGAP3METHODS,bull,trend_up,1.5,42,24,18,57.1,49.8,0.95,N,0.77,0.095,1.12,7.1
CDLXSIDEGAP3METHODS,bull,trend_up,1.75,42,24,18,57.1,48.8,1.08,N,0.38,0.077,1.06,7.1
CDLXSIDEGAP3METHODS,bull,trend_up,2.0,42,24,18,57.1,49.2,1.03,N,-0.01,0.059,1.0,7.1
CDLXSIDEGAP3METHODS,bull,trend_up,2.25,42,24,18,57.1,48.2,1.16,N,-0.4,0.041,0.95,7.1
CDLXSIDEGAP3METHODS,bull,trend_up,2.5,42,24,18,57.1,46.2,1.42,N,-0.41,0.047,0.94,4.8
CDLXSIDEGAP3METHODS,bull,trend_up,2.75,42,24,18,57.1,51.2,0.77,N,-0.71,0.035,0.91,4.8
CDLXSIDEGAP3METHODS,bull,trend_up,3.0,42,24,18,57.1,49.8,0.95,N,0.27,0.066,1.04,2.4
CDLHIKKAKE,bull,rsi_oversold,0.5,67,26,41,38.8,30.8,1.41,N,1.44,0.019,1.24,55.2
CDLHIKKAKE,bull,rsi_oversold,0.75,67,31,36,46.3,39.2,1.19,N,3.66,0.086,1.54,40.3
CDLHIKKAKE,bull,rsi_oversold,1.0,67,33,34,49.3,44.3,0.82,N,2.65,0.066,1.34,29.9
CDLHIKKAKE,bull,rsi_oversold,1.25,67,34,33,50.7,46.3,0.74,N,1.69,0.033,1.19,26.9
CDLHIKKAKE,bull,rsi_oversold,1.5,67,35,32,52.2,49.9,0.39,N,1.12,0.027,1.12,23.9
CDLHIKKAKE,bull,rsi_oversold,1.75,67,37,30,55.2,48.1,1.16,N,2.67,0.078,1.31,14.9
CDLHIKKAKE,bull,rsi_oversold,2.0,67,37,30,55.2,50.6,0.75,N,1.92,0.054,1.2,11.9
CDLHIKKAKE,bull,rsi_oversold,2.25,67,37,30,55.2,50.5,0.77,N,1.29,0.043,1.13,9.0
CDLHIKKAKE,bull,rsi_oversold,2.5,67,37,30,55.2,51.0,0.69,N,0.67,0.025,1.06,7.5
CDLHIKKAKE,bull,rsi_oversold,2.75,67,37,30,55.2,51.0,0.69,N,0.49,0.016,1.05,6.0
CDLHIKKAKE,bull,rsi_oversold,3.0,67,37,30,55.2,50.6,0.75,N,0.04,0.001,1.0,6.0
CDLRICKSHAWMAN,bull,trend_up,0.5,726,268,458,36.9,35.8,0.61,N,-0.08,0.029,0.98,56.3
CDLRICKSHAWMAN,bull,trend_up,0.75,726,324,402,44.6,43.2,0.79,N,0.16,0.039,1.03,41.2
CDLRICKSHAWMAN,bull,trend_up,1.0,726,356,370,49.0,47.0,1.08,N,0.55,0.056,1.11,28.4
CDLRICKSHAWMAN,bull,trend_up,1.25,726,366,360,50.4,48.5,1.01,N,0.59,0.058,1.12,20.4
CDLRICKSHAWMAN,bull,trend_up,1.5,726,375,351,51.7,49.5,1.16,N,0.71,0.076,1.14,13.1
CDLRICKSHAWMAN,bull,trend_up,1.75,726,375,351,51.7,49.2,1.33,N,0.71,0.067,1.14,10.6
CDLRICKSHAWMAN,bull,trend_up,2.0,726,376,350,51.8,49.3,1.34,N,0.73,0.073,1.15,7.6
CDLRICKSHAWMAN,bull,trend_up,2.25,726,376,350,51.8,49.2,1.37,N,0.62,0.068,1.12,6.2
CDLRICKSHAWMAN,bull,trend_up,2.5,726,377,349,51.9,50.0,1.05,N,0.61,0.072,1.12,4.7
CDLRICKSHAWMAN,bull,trend_up,2.75,726,378,348,52.1,50.1,1.08,N,0.58,0.072,1.11,3.9
CDLRICKSHAWMAN,bull,trend_up,3.0,726,378,348,52.1,50.5,0.87,N,0.52,0.067,1.1,3.3
CDLSHORTLINE,bull,trend_down,0.5,1010,377,633,37.3,36.1,0.78,N,0.26,0.027,1.06,53.7
CDLSHORTLINE,bull,trend_down,0.75,1010,443,567,43.9,43.1,0.52,N,0.19,0.02,1.04,37.5
CDLSHORTLINE,bull,trend_down,1.0,1010,484,526,47.9,47.1,0.5,N,0.15,0.028,1.03,25.0
CDLSHORTLINE,bull,trend_down,1.25,1010,501,509,49.6,47.8,1.12,N,0.09,0.024,1.02,17.3
CDLSHORTLINE,bull,trend_down,1.5,1010,511,499,50.6,48.4,1.37,N,0.04,0.027,1.01,12.6
CDLSHORTLINE,bull,trend_down,1.75,1010,512,498,50.7,48.9,1.14,N,-0.17,0.017,0.97,9.2
CDLSHORTLINE,bull,trend_down,2.0,1010,513,497,50.8,49.6,0.76,N,-0.14,0.019,0.98,6.0
CDLSHORTLINE,bull,trend_down,2.25,1010,514,496,50.9,49.1,1.12,N,0.04,0.027,1.01,4.0
CDLSHORTLINE,bull,trend_down,2.5,1010,514,496,50.9,50.1,0.5,N,-0.08,0.021,0.99,3.5
CDLSHORTLINE,bull,trend_down,2.75,1010,516,494,51.1,49.4,1.08,N,-0.08,0.028,0.99,2.3
CDLSHORTLINE,bull,trend_down,3.0,1010,516,494,51.1,49.9,0.78,N,-0.04,0.029,0.99,1.7
CDLTAKURI,bull,atr_high,0.5,160,40,120,25.0,33.5,-2.28,N,-7.08,-0.216,0.26,69.4
CDLTAKURI,bull,atr_high,0.75,160,49,111,30.6,37.4,-1.77,N,-9.92,-0.311,0.23,61.3
CDLTAKURI,bull,atr_high,1.0,160,73,87,45.6,46.4,-0.18,N,-6.07,-0.189,0.44,39.4
CDLTAKURI,bull,atr_high,1.25,160,83,77,51.9,47.9,1.02,N,-2.39,-0.062,0.69,21.2
CDLTAKURI,bull,atr_high,1.5,160,86,74,53.8,50.6,0.79,N,-0.95,-0.011,0.86,13.8
CDLTAKURI,bull,atr_high,1.75,160,86,74,53.8,48.8,1.27,N,-0.28,0.009,0.95,9.4
CDLTAKURI,bull,atr_high,2.0,160,86,74,53.8,48.9,1.24,N,-0.19,0.008,0.97,7.5
CDLTAKURI,bull,atr_high,2.25,160,86,74,53.8,48.4,1.34,N,-0.25,0.002,0.96,6.9
CDLTAKURI,bull,atr_high,2.5,160,87,73,54.4,49.4,1.27,N,0.72,0.047,1.15,3.1
CDLTAKURI,bull,atr_high,2.75,160,87,73,54.4,50.2,1.07,N,0.83,0.048,1.17,2.5
CDLTAKURI,bull,atr_high,3.0,160,87,73,54.4,49.8,1.16,N,0.75,0.042,1.15,2.5
CDLSHORTLINE,bull,rsi_overbought,0.5,189,76,113,40.2,37.7,0.73,N,0.91,0.057,1.26,50.3
CDLSHORTLINE,bull,rsi_overbought,0.75,189,86,103,45.5,45.0,0.13,N,0.88,0.049,1.22,33.3
CDLSHORTLINE,bull,rsi_overbought,1.0,189,94,95,49.7,46.3,0.96,N,1.52,0.08,1.42,19.6
CDLSHORTLINE,bull,rsi_overbought,1.25,189,95,94,50.3,49.5,0.21,N,1.45,0.067,1.37,15.3
CDLSHORTLINE,bull,rsi_overbought,1.5,189,97,92,51.3,49.2,0.58,N,1.84,0.08,1.51,10.1
CDLSHORTLINE,bull,rsi_overbought,1.75,189,97,92,51.3,50.4,0.25,N,1.89,0.093,1.53,5.8
CDLSHORTLINE,bull,rsi_overbought,2.0,189,98,91,51.9,51.0,0.24,N,2.03,0.107,1.59,4.2
CDLSHORTLINE,bull,rsi_overbought,2.25,189,98,91,51.9,48.1,1.03,N,2.1,0.118,1.62,2.6
CDLSHORTLINE,bull,rsi_overbought,2.5,189,99,90,52.4,50.0,0.65,N,2.33,0.125,1.75,2.1
CDLSHORTLINE,bull,rsi_overbought,2.75,189,99,90,52.4,47.6,1.32,N,2.45,0.127,1.81,1.1
CDLSHORTLINE,bull,rsi_overbought,3.0,189,99,90,52.4,48.3,1.13,N,2.47,0.131,1.82,0.5
CDL3OUTSIDE,bear,rsi_oversold,0.5,23,8,15,34.8,30.8,0.41,N,-0.7,-0.028,0.85,60.9
CDL3OUTSIDE,bear,rsi_oversold,0.75,23,10,13,43.5,37.0,0.65,N,-0.87,-0.049,0.85,47.8
CDL3OUTSIDE,bear,rsi_oversold,1.0,23,11,12,47.8,34.8,1.31,N,-0.68,-0.061,0.88,30.4
CDL3OUTSIDE,bear,rsi_oversold,1.25,23,12,11,52.2,48.2,0.38,N,0.47,0.041,1.09,17.4
CDL3OUTSIDE,bear,rsi_oversold,1.5,23,12,11,52.2,52.5,-0.03,N,-0.02,0.004,1.0,13.0
CDL3OUTSIDE,bear,rsi_oversold,1.75,23,12,11,52.2,51.1,0.1,N,0.81,0.058,1.17,0.0
CDL3OUTSIDE,bear,rsi_oversold,2.0,23,12,11,52.2,54.7,-0.24,N,0.81,0.058,1.17,0.0
CDL3OUTSIDE,bear,rsi_oversold,2.25,23,12,11,52.2,50.0,0.21,N,0.81,0.058,1.17,0.0
CDL3OUTSIDE,bear,rsi_oversold,2.5,23,12,11,52.2,44.9,0.7,N,0.81,0.058,1.17,0.0
CDL3OUTSIDE,bear,rsi_oversold,2.75,23,12,11,52.2,46.7,0.52,N,0.81,0.058,1.17,0.0
CDL3OUTSIDE,bear,rsi_oversold,3.0,23,12,11,52.2,49.3,0.28,N,0.81,0.058,1.17,0.0
CDLGRAVESTONEDOJI,bear,trend_up,0.5,130,50,80,38.5,36.2,0.53,N,0.07,-0.04,1.02,53.1
CDLGRAVESTONEDOJI,bear,trend_up,0.75,130,60,70,46.2,41.2,1.14,N,1.52,0.003,1.39,34.6
CDLGRAVESTONEDOJI,bear,trend_up,1.0,130,64,66,49.2,46.3,0.67,N,1.41,0.002,1.34,23.1
CDLGRAVESTONEDOJI,bear,trend_up,1.25,130,67,63,51.5,45.8,1.31,N,1.81,0.012,1.46,14.6
CDLGRAVESTONEDOJI,bear,trend_up,1.5,130,68,62,52.3,50.6,0.38,N,1.9,0.015,1.49,10.0
CDLGRAVESTONEDOJI,bear,trend_up,1.75,130,68,62,52.3,48.5,0.86,N,1.74,-0.008,1.43,9.2
CDLGRAVESTONEDOJI,bear,trend_up,2.0,130,68,62,52.3,48.4,0.89,N,1.78,-0.002,1.44,5.4
CDLGRAVESTONEDOJI,bear,trend_up,2.25,130,68,62,52.3,48.3,0.91,N,1.77,0.0,1.44,2.3
CDLGRAVESTONEDOJI,bear,trend_up,2.5,130,68,62,52.3,50.1,0.51,N,1.73,-0.002,1.43,1.5
CDLGRAVESTONEDOJI,bear,trend_up,2.75,130,68,62,52.3,47.8,1.02,N,1.69,-0.006,1.41,1.5
CDLGRAVESTONEDOJI,bear,trend_up,3.0,130,68,62,52.3,48.7,0.82,N,1.67,-0.008,1.41,0.8
CDLHANGINGMAN,bear,none,0.5,346,127,219,36.7,34.0,1.07,N,-1.01,-0.081,0.79,45.7
CDLHANGINGMAN,bear,none,0.75,346,143,203,41.3,37.9,1.3,N,-0.95,-0.087,0.82,27.2
CDLHANGINGMAN,bear,none,1.0,346,147,199,42.5,45.0,-0.94,N,-1.14,-0.093,0.79,16.5
CDLHANGINGMAN,bear,none,1.25,346,148,198,42.8,47.8,-1.87,N,-0.98,-0.094,0.82,9.5
CDLHANGINGMAN,bear,none,1.5,346,149,197,43.1,49.0,-2.21,N,-0.99,-0.099,0.81,6.9
CDLHANGINGMAN,bear,none,1.75,346,149,197,43.1,50.9,-2.92,N,-1.08,-0.108,0.8,5.8
CDLHANGINGMAN,bear,none,2.0,346,149,197,43.1,48.9,-2.17,N,-1.11,-0.107,0.8,2.6
CDLHANGINGMAN,bear,none,2.25,346,149,197,43.1,50.0,-2.6,N,-1.11,-0.109,0.8,1.7
CDLHANGINGMAN,bear,none,2.5,346,149,197,43.1,48.8,-2.12,N,-1.12,-0.111,0.79,1.2
CDLHANGINGMAN,bear,none,2.75,346,149,197,43.1,50.6,-2.81,N,-1.14,-0.112,0.79,0.9
CDLHANGINGMAN,bear,none,3.0,346,149,197,43.1,48.8,-2.12,N,-1.15,-0.115,0.79,0.9
CDLHIKKAKEMOD,bull,none,0.5,36,15,21,41.7,34.5,0.91,N,-1.18,-0.005,0.72,50.0
CDLHIKKAKEMOD,bull,none,0.75,36,17,19,47.2,42.6,0.56,N,-2.19,-0.032,0.6,38.9
CDLHIKKAKEMOD,bull,none,1.0,36,19,17,52.8,45.4,0.89,N,-2.87,-0.053,0.54,30.6
CDLHIKKAKEMOD,bull,none,1.25,36,20,16,55.6,44.9,1.28,N,-2.93,-0.054,0.54,22.2
CDLHIKKAKEMOD,bull,none,1.5,36,20,16,55.6,49.3,0.75,N,-2.66,-0.038,0.56,16.7
CDLHIKKAKEMOD,bull,none,1.75,36,20,16,55.6,50.2,0.64,N,-1.27,0.025,0.73,8.3
CDLHIKKAKEMOD,bull,none,2.0,36,20,16,55.6,49.3,0.75,N,-1.62,0.004,0.68,8.3
CDLHIKKAKEMOD,bull,none,2.25,36,20,16,55.6,50.5,0.61,N,-1.31,0.016,0.72,2.8
CDLHIKKAKEMOD,bull,none,2.5,36,20,16,55.6,47.2,1.0,N,-1.36,0.009,0.72,2.8
CDLHIKKAKEMOD,bull,none,2.75,36,20,16,55.6,49.5,0.72,N,-1.41,0.002,0.71,2.8
CDLHIKKAKEMOD,bull,none,3.0,36,20,16,55.6,48.4,0.86,N,-1.46,-0.005,0.7,2.8
CDLHAMMER,bull,none,0.5,345,124,221,35.9,35.5,0.16,N,-0.6,0.015,0.87,56.2
CDLHAMMER,bull,none,0.75,345,146,199,42.3,42.1,0.08,N,-1.3,-0.009,0.78,42.6
CDLHAMMER,bull,none,1.0,345,163,182,47.2,46.1,0.42,N,-1.51,-0.006,0.76,31.3
CDLHAMMER,bull,none,1.25,345,171,174,49.6,49.1,0.19,N,-1.12,0.005,0.82,20.9
CDLHAMMER,bull,none,1.5,345,176,169,51.0,49.1,0.73,N,-0.79,0.024,0.87,14.2
CDLHAMMER,bull,none,1.75,345,180,165,52.2,49.0,1.18,N,-0.84,0.023,0.86,12.2
CDLHAMMER,bull,none,2.0,345,181,164,52.5,49.5,1.09,N,-0.61,0.032,0.89,9.0
CDLHAMMER,bull,none,2.25,345,181,164,52.5,49.1,1.25,N,-0.69,0.027,0.88,7.2
CDLHAMMER,bull,none,2.5,345,181,164,52.5,50.1,0.88,N,-0.79,0.023,0.87,5.8
CDLHAMMER,bull,none,2.75,345,182,163,52.8,50.7,0.77,N,-0.66,0.04,0.89,4.3
CDLHAMMER,bull,none,3.0,345,183,162,53.0,50.8,0.84,N,-0.61,0.045,0.9,3.5
CDLSPINNINGTOP,bear,rsi_oversold,0.5,105,38,67,36.2,36.7,-0.1,N,2.53,0.004,1.45,61.0
CDLSPINNINGTOP,bear,rsi_oversold,0.75,105,48,57,45.7,43.3,0.51,N,5.02,0.046,1.8,46.7
CDLSPINNINGTOP,bear,rsi_oversold,1.0,105,49,56,46.7,44.6,0.43,N,3.75,-0.01,1.49,37.1
CDLSPINNINGTOP,bear,rsi_oversold,1.25,105,51,54,48.6,47.4,0.24,N,3.69,-0.0,1.47,23.8
CDLSPINNINGTOP,bear,rsi_oversold,1.5,105,52,53,49.5,46.1,0.7,N,3.85,-0.013,1.5,20.0
CDLSPINNINGTOP,bear,rsi_oversold,1.75,105,54,51,51.4,48.2,0.67,N,4.99,0.02,1.73,12.4
CDLSPINNINGTOP,bear,rsi_oversold,2.0,105,54,51,51.4,45.4,1.24,N,5.29,0.033,1.81,5.7
CDLSPINNINGTOP,bear,rsi_oversold,2.25,105,55,50,52.4,50.3,0.42,N,5.89,0.053,1.98,3.8
CDLSPINNINGTOP,bear,rsi_oversold,2.5,105,55,50,52.4,49.8,0.54,N,5.81,0.048,1.95,2.9
CDLSPINNINGTOP,bear,rsi_oversold,2.75,105,55,50,52.4,48.2,0.86,N,5.71,0.041,1.92,2.9
CDLSPINNINGTOP,bear,rsi_oversold,3.0,105,55,50,52.4,48.2,0.86,N,5.61,0.033,1.89,2.9
CDLMATCHINGLOW,bull,trend_down,0.5,100,32,68,32.0,33.4,-0.3,N,-2.68,-0.129,0.52,62.0
CDLMATCHINGLOW,bull,trend_down,0.75,100,38,62,38.0,38.2,-0.05,N,-3.75,-0.186,0.49,53.0
CDLMATCHINGLOW,bull,trend_down,1.0,100,45,55,45.0,43.2,0.37,N,-3.48,-0.163,0.55,40.0
CDLMATCHINGLOW,bull,trend_down,1.25,100,49,51,49.0,45.9,0.62,N,-2.96,-0.142,0.61,29.0
CDLMATCHINGLOW,bull,trend_down,1.5,100,50,50,50.0,47.6,0.48,N,-2.78,-0.149,0.64,24.0
CDLMATCHINGLOW,bull,trend_down,1.75,100,51,49,51.0,49.6,0.28,N,-3.14,-0.17,0.61,21.0
CDLMATCHINGLOW,bull,trend_down,2.0,100,51,49,51.0,50.0,0.2,N,-3.07,-0.164,0.61,15.0
CDLMATCHINGLOW,bull,trend_down,2.25,100,51,49,51.0,44.9,1.22,N,-3.23,-0.164,0.6,12.0
CDLMATCHINGLOW,bull,trend_down,2.5,100,52,48,52.0,50.0,0.4,N,-3.35,-0.153,0.59,10.0
CDLMATCHINGLOW,bull,trend_down,2.75,100,52,48,52.0,49.9,0.42,N,-3.84,-0.178,0.56,10.0
CDLMATCHINGLOW,bull,trend_down,3.0,100,53,47,53.0,51.8,0.23,N,-3.74,-0.169,0.57,9.0
CDLLONGLINE,bull,rsi_mid_oversold,0.5,279,98,181,35.1,36.1,-0.34,N,-0.71,-0.0,0.87,57.0
CDLLONGLINE,bull,rsi_mid_oversold,0.75,279,127,152,45.5,44.3,0.41,N,-0.56,0.043,0.91,37.6
CDLLONGLINE,bull,rsi_mid_oversold,1.0,279,137,142,49.1,48.9,0.06,N,-0.41,0.044,0.93,26.2
CDLLONGLINE,bull,rsi_mid_oversold,1.25,279,142,137,50.9,47.3,1.21,N,-0.71,0.032,0.89,20.1
CDLLONGLINE,bull,rsi_mid_oversold,1.5,279,144,135,51.6,49.5,0.72,N,-0.76,0.035,0.89,14.7
CDLLONGLINE,bull,rsi_mid_oversold,1.75,279,144,135,51.6,49.8,0.6,N,-0.68,0.03,0.9,11.5
CDLLONGLINE,bull,rsi_mid_oversold,2.0,279,144,135,51.6,50.2,0.48,N,-0.9,0.02,0.87,9.3
CDLLONGLINE,bull,rsi_mid_oversold,2.25,279,144,135,51.6,49.4,0.73,N,-1.09,0.018,0.85,7.5
CDLLONGLINE,bull,rsi_mid_oversold,2.5,279,144,135,51.6,49.0,0.89,N,-1.25,0.014,0.83,5.7
CDLLONGLINE,bull,rsi_mid_oversold,2.75,279,144,135,51.6,48.9,0.9,N,-1.42,0.008,0.81,4.7
CDLLONGLINE,bull,rsi_mid_oversold,3.0,279,144,135,51.6,49.7,0.64,N,-1.61,0.001,0.79,4.3
CDLHAMMER,bull,atr_low,0.5,239,81,158,33.9,34.4,-0.18,N,-0.94,0.012,0.8,58.2
CDLHAMMER,bull,atr_low,0.75,239,96,143,40.2,41.3,-0.36,N,-1.57,-0.011,0.73,45.6
CDLHAMMER,bull,atr_low,1.0,239,108,131,45.2,44.8,0.12,N,-1.61,-0.006,0.74,33.1
CDLHAMMER,bull,atr_low,1.25,239,116,123,48.5,46.2,0.72,N,-1.1,0.013,0.81,22.6
CDLHAMMER,bull,atr_low,1.5,239,119,120,49.8,48.3,0.47,N,-0.7,0.026,0.88,15.9
CDLHAMMER,bull,atr_low,1.75,239,123,116,51.5,50.3,0.36,N,-0.51,0.036,0.91,13.0
CDLHAMMER,bull,atr_low,2.0,239,124,115,51.9,48.8,0.96,N,-0.06,0.054,0.99,8.8
CDLHAMMER,bull,atr_low,2.25,239,124,115,51.9,49.1,0.85,N,0.03,0.055,1.01,6.7
CDLHAMMER,bull,atr_low,2.5,239,124,115,51.9,48.0,1.2,N,-0.02,0.05,1.0,5.4
CDLHAMMER,bull,atr_low,2.75,239,125,114,52.3,51.2,0.36,N,0.15,0.073,1.03,3.8
CDLHAMMER,bull,atr_low,3.0,239,126,113,52.7,50.1,0.8,N,0.37,0.087,1.08,2.5
CDLMORNINGSTAR,bull,trend_up,0.5,24,10,14,41.7,33.7,0.83,N,1.09,0.257,1.29,54.2
CDLMORNINGSTAR,bull,trend_up,0.75,24,12,12,50.0,40.6,0.94,N,1.17,0.228,1.27,45.8
CDLMORNINGSTAR,bull,trend_up,1.0,24,13,11,54.2,49.0,0.51,N,0.87,0.226,1.16,37.5
CDLMORNINGSTAR,bull,trend_up,1.25,24,13,11,54.2,50.0,0.41,N,1.66,0.212,1.37,29.2
CDLMORNINGSTAR,bull,trend_up,1.5,24,13,11,54.2,47.2,0.68,N,0.95,0.141,1.18,25.0
CDLMORNINGSTAR,bull,trend_up,1.75,24,13,11,54.2,47.9,0.61,N,0.67,0.138,1.12,16.7
CDLMORNINGSTAR,bull,trend_up,2.0,24,13,11,54.2,48.3,0.58,N,0.15,0.096,1.02,16.7
CDLMORNINGSTAR,bull,trend_up,2.25,24,13,11,54.2,47.2,0.68,N,0.4,0.099,1.07,12.5
CDLMORNINGSTAR,bull,trend_up,2.5,24,13,11,54.2,47.2,0.68,N,0.06,0.068,1.01,12.5
CDLMORNINGSTAR,bull,trend_up,2.75,24,14,10,58.3,47.2,1.09,N,2.27,0.156,1.57,8.3
CDLMORNINGSTAR,bull,trend_up,3.0,24,14,10,58.3,46.2,1.19,N,2.15,0.135,1.52,8.3
CDLSPINNINGTOP,bear,trend_down,0.5,1118,377,741,33.7,33.2,0.4,N,0.14,0.004,1.03,59.2
CDLSPINNINGTOP,bear,trend_down,0.75,1118,458,660,41.0,40.2,0.55,N,0.24,0.008,1.04,43.8
CDLSPINNINGTOP,bear,trend_down,1.0,1118,511,607,45.7,44.7,0.7,N,0.41,0.016,1.07,31.9
CDLSPINNINGTOP,bear,trend_down,1.25,1118,539,579,48.2,47.2,0.7,N,0.68,0.036,1.11,21.4
CDLSPINNINGTOP,bear,trend_down,1.5,1118,554,564,49.6,48.6,0.63,N,0.95,0.046,1.16,14.8
CDLSPINNINGTOP,bear,trend_down,1.75,1118,561,557,50.2,49.1,0.74,N,1.12,0.053,1.19,10.9
CDLSPINNINGTOP,bear,trend_down,2.0,1118,564,554,50.4,48.7,1.19,N,1.16,0.053,1.2,8.0
CDLSPINNINGTOP,bear,trend_down,2.25,1118,565,553,50.5,50.2,0.24,N,1.22,0.053,1.21,6.0
CDLSPINNINGTOP,bear,trend_down,2.5,1118,565,553,50.5,49.3,0.8,N,1.17,0.05,1.2,4.7
CDLSPINNINGTOP,bear,trend_down,2.75,1118,566,552,50.6,49.4,0.8,N,1.15,0.055,1.2,3.3
CDLSPINNINGTOP,bear,trend_down,3.0,1118,567,551,50.7,49.8,0.59,N,1.12,0.056,1.19,2.4
CDL3OUTSIDE,bear,rsi_overbought,0.5,49,16,33,32.7,29.4,0.5,N,2.22,0.125,1.48,61.2
CDL3OUTSIDE,bear,rsi_overbought,0.75,49,20,29,40.8,38.1,0.39,N,1.49,0.101,1.24,49.0
CDL3OUTSIDE,bear,rsi_overbought,1.0,49,22,27,44.9,41.3,0.51,N,2.26,0.114,1.39,32.7
CDL3OUTSIDE,bear,rsi_overbought,1.25,49,24,25,49.0,46.3,0.38,N,3.23,0.17,1.65,20.4
CDL3OUTSIDE,bear,rsi_overbought,1.5,49,25,24,51.0,49.0,0.29,N,2.8,0.151,1.52,18.4
CDL3OUTSIDE,bear,rsi_overbought,1.75,49,25,24,51.0,48.5,0.36,N,2.2,0.105,1.36,18.4
CDL3OUTSIDE,bear,rsi_overbought,2.0,49,25,24,51.0,46.1,0.69,N,1.63,0.066,1.25,16.3
CDL3OUTSIDE,bear,rsi_overbought,2.25,49,25,24,51.0,42.9,1.15,N,1.51,0.069,1.22,14.3
CDL3OUTSIDE,bear,rsi_overbought,2.5,49,27,22,55.1,53.4,0.24,N,3.64,0.172,1.77,6.1
CDL3OUTSIDE,bear,rsi_overbought,2.75,49,27,22,55.1,52.7,0.33,N,3.77,0.171,1.82,4.1
CDL3OUTSIDE,bear,rsi_overbought,3.0,49,27,22,55.1,52.0,0.43,N,3.83,0.176,1.85,2.0
CDLRICKSHAWMAN,bull,rsi_overbought,0.5,116,35,81,30.2,28.8,0.32,N,-1.86,-0.046,0.59,62.1
CDLRICKSHAWMAN,bull,rsi_overbought,0.75,116,46,70,39.7,37.8,0.41,N,-1.82,-0.044,0.66,46.6
CDLRICKSHAWMAN,bull,rsi_overbought,1.0,116,58,58,50.0,45.5,0.96,N,0.9,0.062,1.21,29.3
CDLRICKSHAWMAN,bull,rsi_overbought,1.25,116,60,56,51.7,48.8,0.63,N,1.12,0.084,1.25,19.8
CDLRICKSHAWMAN,bull,rsi_overbought,1.5,116,62,54,53.4,48.1,1.15,N,1.2,0.109,1.28,12.1
CDLRICKSHAWMAN,bull,rsi_overbought,1.75,116,62,54,53.4,48.2,1.13,N,1.19,0.105,1.27,9.5
CDLRICKSHAWMAN,bull,rsi_overbought,2.0,116,62,54,53.4,49.1,0.93,N,1.34,0.122,1.32,6.0
CDLRICKSHAWMAN,bull,rsi_overbought,2.25,116,62,54,53.4,51.0,0.53,N,1.29,0.117,1.3,5.2
CDLRICKSHAWMAN,bull,rsi_overbought,2.5,116,62,54,53.4,49.6,0.84,N,1.58,0.133,1.4,3.4
CDLRICKSHAWMAN,bull,rsi_overbought,2.75,116,62,54,53.4,49.2,0.91,N,2.08,0.149,1.6,1.7
CDLRICKSHAWMAN,bull,rsi_overbought,3.0,116,62,54,53.4,50.4,0.67,N,2.05,0.144,1.59,1.7
CDLSEPARATINGLINES,bull,none,0.5,68,24,44,35.3,36.4,-0.19,N,-1.37,-0.079,0.72,57.4
CDLSEPARATINGLINES,bull,none,0.75,68,32,36,47.1,43.8,0.55,N,0.91,0.013,1.19,36.8
CDLSEPARATINGLINES,bull,none,1.0,68,34,34,50.0,45.6,0.73,N,0.26,-0.007,1.05,25.0
CDLSEPARATINGLINES,bull,none,1.25,68,36,32,52.9,48.7,0.71,N,1.48,0.035,1.34,14.7
CDLSEPARATINGLINES,bull,none,1.5,68,36,32,52.9,48.4,0.75,N,1.03,0.008,1.21,13.2
CDLSEPARATINGLINES,bull,none,1.75,68,36,32,52.9,49.5,0.57,N,0.54,-0.025,1.1,13.2
CDLSEPARATINGLINES,bull,none,2.0,68,36,32,52.9,47.1,0.97,N,0.3,-0.046,1.05,10.3
CDLSEPARATINGLINES,bull,none,2.25,68,37,31,54.4,49.5,0.81,N,0.69,-0.024,1.13,7.4
CDLSEPARATINGLINES,bull,none,2.5,68,37,31,54.4,47.4,1.15,N,0.79,-0.029,1.15,5.9
CDLSEPARATINGLINES,bull,none,2.75,68,37,31,54.4,49.4,0.83,N,0.66,-0.044,1.12,5.9
CDLSEPARATINGLINES,bull,none,3.0,68,37,31,54.4,49.9,0.75,N,0.74,-0.034,1.14,4.4
CDLBELTHOLD,bear,rsi_mid_overbought,0.5,267,90,177,33.7,32.0,0.59,N,-1.03,-0.046,0.77,57.7
CDLBELTHOLD,bear,rsi_mid_overbought,0.75,267,111,156,41.6,38.8,0.93,N,-0.87,-0.052,0.82,40.1
CDLBELTHOLD,bear,rsi_mid_overbought,1.0,267,121,146,45.3,44.0,0.43,N,-0.79,-0.049,0.85,30.3
CDLBELTHOLD,bear,rsi_mid_overbought,1.25,267,128,139,47.9,44.6,1.11,N,-0.59,-0.032,0.89,20.6
CDLBELTHOLD,bear,rsi_mid_overbought,1.5,267,132,135,49.4,48.6,0.28,N,-0.7,-0.027,0.87,14.6
CDLBELTHOLD,bear,rsi_mid_overbought,1.75,267,134,133,50.2,49.0,0.38,N,-0.57,-0.02,0.89,10.1
CDLBELTHOLD,bear,rsi_mid_overbought,2.0,267,134,133,50.2,48.6,0.51,N,-0.68,-0.029,0.88,7.1
CDLBELTHOLD,bear,rsi_mid_overbought,2.25,267,134,133,50.2,49.2,0.33,N,-0.74,-0.038,0.87,5.6
CDLBELTHOLD,bear,rsi_mid_overbought,2.5,267,134,133,50.2,48.9,0.43,N,-0.82,-0.048,0.86,4.5
CDLBELTHOLD,bear,rsi_mid_overbought,2.75,267,134,133,50.2,50.9,-0.23,N,-0.89,-0.054,0.84,3.7
CDLBELTHOLD,bear,rsi_mid_overbought,3.0,267,134,133,50.2,50.1,0.04,N,-0.88,-0.052,0.85,3.0
CDLHIGHWAVE,bear,atr_high,0.5,442,160,282,36.2,34.8,0.62,N,-0.23,-0.025,0.96,54.3
CDLHIGHWAVE,bear,atr_high,0.75,442,179,263,40.5,40.6,-0.04,N,-0.77,-0.07,0.89,43.0
CDLHIGHWAVE,bear,atr_high,1.0,442,203,239,45.9,45.1,0.36,N,-0.12,-0.053,0.98,28.5
CDLHIGHWAVE,bear,atr_high,1.25,442,212,230,48.0,47.4,0.22,N,0.07,-0.041,1.01,17.9
CDLHIGHWAVE,bear,atr_high,1.5,442,215,227,48.6,49.5,-0.35,N,0.5,-0.022,1.08,10.6
CDLHIGHWAVE,bear,atr_high,1.75,442,219,223,49.5,46.9,1.1,N,0.66,-0.006,1.1,7.2
CDLHIGHWAVE,bear,atr_high,2.0,442,219,223,49.5,49.2,0.17,N,0.77,-0.004,1.12,5.2
CDLHIGHWAVE,bear,atr_high,2.25,442,220,222,49.8,49.8,-0.03,N,0.79,-0.005,1.13,4.1
CDLHIGHWAVE,bear,atr_high,2.5,442,222,220,50.2,48.9,0.55,N,1.04,0.012,1.17,2.5
CDLHIGHWAVE,bear,atr_high,2.75,442,222,220,50.2,49.6,0.25,N,0.9,0.007,1.15,2.3
CDLHIGHWAVE,bear,atr_high,3.0,442,222,220,50.2,48.7,0.63,N,0.93,0.012,1.15,1.1
CDLBELTHOLD,bull,rsi_mid_oversold,0.5,217,72,145,33.2,34.8,-0.49,N,-0.7,-0.014,0.87,57.6
CDLBELTHOLD,bull,rsi_mid_oversold,0.75,217,99,118,45.6,42.1,1.07,N,0.55,0.045,1.09,37.8
CDLBELTHOLD,bull,rsi_mid_oversold,1.0,217,106,111,48.8,46.3,0.76,N,0.57,0.044,1.09,26.3
CDLBELTHOLD,bull,rsi_mid_oversold,1.25,217,108,109,49.8,49.0,0.22,N,-0.05,0.011,0.99,22.1
CDLBELTHOLD,bull,rsi_mid_oversold,1.5,217,109,108,50.2,50.2,0.02,N,-0.23,0.001,0.97,17.5
CDLBELTHOLD,bull,rsi_mid_oversold,1.75,217,109,108,50.2,49.6,0.18,N,-0.02,0.005,1.0,12.9
CDLBELTHOLD,bull,rsi_mid_oversold,2.0,217,110,107,50.7,49.7,0.31,N,-0.09,0.001,0.99,9.7
CDLBELTHOLD,bull,rsi_mid_oversold,2.25,217,110,107,50.7,50.0,0.21,N,-0.36,-0.012,0.95,8.3
CDLBELTHOLD,bull,rsi_mid_oversold,2.5,217,110,107,50.7,49.2,0.45,N,-0.21,-0.005,0.97,5.1
CDLBELTHOLD,bull,rsi_mid_oversold,2.75,217,110,107,50.7,49.2,0.43,N,-0.35,-0.013,0.95,4.6
CDLBELTHOLD,bull,rsi_mid_oversold,3.0,217,110,107,50.7,50.4,0.08,N,-0.25,-0.008,0.96,3.2
CDLSEPARATINGLINES,bull,trend_up,0.5,34,13,21,38.2,37.3,0.12,N,-1.59,-0.08,0.65,55.9
CDLSEPARATINGLINES,bull,trend_up,0.75,34,16,18,47.1,44.1,0.35,N,-1.36,-0.087,0.73,38.2
CDLSEPARATINGLINES,bull,trend_up,1.0,34,17,17,50.0,44.1,0.69,N,-1.98,-0.095,0.65,23.5
CDLSEPARATINGLINES,bull,trend_up,1.25,34,18,16,52.9,43.9,1.07,N,0.02,-0.041,1.0,14.7
CDLSEPARATINGLINES,bull,trend_up,1.5,34,18,16,52.9,44.6,0.98,N,-0.27,-0.059,0.94,11.8
CDLSEPARATINGLINES,bull,trend_up,1.75,34,18,16,52.9,50.0,0.34,N,-0.65,-0.088,0.86,11.8
CDLSEPARATINGLINES,bull,trend_up,2.0,34,18,16,52.9,49.0,0.46,N,-0.92,-0.11,0.81,8.8
CDLSEPARATINGLINES,bull,trend_up,2.25,34,18,16,52.9,47.3,0.66,N,-0.78,-0.114,0.83,5.9
CDLSEPARATINGLINES,bull,trend_up,2.5,34,18,16,52.9,54.7,-0.2,N,-0.88,-0.129,0.82,5.9
CDLSEPARATINGLINES,bull,trend_up,2.75,34,18,16,52.9,46.8,0.72,N,-0.99,-0.143,0.8,5.9
CDLSEPARATINGLINES,bull,trend_up,3.0,34,18,16,52.9,50.5,0.29,N,-0.67,-0.109,0.86,2.9
CDLXSIDEGAP3METHODS,bull,atr_high,0.5,22,9,13,40.9,36.7,0.41,N,7.42,0.044,2.42,54.5
CDLXSIDEGAP3METHODS,bull,atr_high,0.75,22,12,10,54.5,44.7,0.93,N,7.33,0.07,2.25,31.8
CDLXSIDEGAP3METHODS,bull,atr_high,1.0,22,12,10,54.5,51.9,0.25,N,5.93,0.026,1.82,22.7
CDLXSIDEGAP3METHODS,bull,atr_high,1.25,22,12,10,54.5,53.0,0.14,N,4.79,0.019,1.57,13.6
CDLXSIDEGAP3METHODS,bull,atr_high,1.5,22,12,10,54.5,45.8,0.82,N,3.76,-0.004,1.4,9.1
CDLXSIDEGAP3METHODS,bull,atr_high,1.75,22,12,10,54.5,43.6,1.04,N,2.74,-0.027,1.26,9.1
CDLXSIDEGAP3METHODS,bull,atr_high,2.0,22,12,10,54.5,47.0,0.71,N,1.72,-0.05,1.15,9.1
CDLXSIDEGAP3METHODS,bull,atr_high,2.25,22,12,10,54.5,47.7,0.64,N,0.7,-0.073,1.06,9.1
CDLXSIDEGAP3METHODS,bull,atr_high,2.5,22,12,10,54.5,49.2,0.5,N,-0.32,-0.095,0.98,9.1
CDLXSIDEGAP3METHODS,bull,atr_high,2.75,22,12,10,54.5,48.1,0.6,N,-1.34,-0.118,0.91,9.1
CDLXSIDEGAP3METHODS,bull,atr_high,3.0,22,12,10,54.5,55.7,-0.11,N,-2.36,-0.141,0.85,9.1
CDLHARAMICROSS,bear,atr_low,0.5,163,56,107,34.4,33.5,0.22,N,2.19,0.028,1.54,58.9
CDLHARAMICROSS,bear,atr_low,0.75,163,66,97,40.5,40.4,0.03,N,1.82,-0.003,1.38,45.4
CDLHARAMICROSS,bear,atr_low,1.0,163,75,88,46.0,42.2,0.99,N,2.09,0.002,1.41,35.6
CDLHARAMICROSS,bear,atr_low,1.25,163,79,84,48.5,46.5,0.5,N,2.38,0.002,1.47,26.4
CDLHARAMICROSS,bear,atr_low,1.5,163,82,81,50.3,47.8,0.64,N,2.87,0.04,1.62,16.6
CDLHARAMICROSS,bear,atr_low,1.75,163,83,80,50.9,50.8,0.04,N,2.59,0.022,1.53,14.7
CDLHARAMICROSS,bear,atr_low,2.0,163,83,80,50.9,48.7,0.56,N,2.69,0.011,1.56,11.7
CDLHARAMICROSS,bear,atr_low,2.25,163,83,80,50.9,49.5,0.35,N,2.66,-0.002,1.55,9.8
CDLHARAMICROSS,bear,atr_low,2.5,163,84,79,51.5,48.9,0.67,N,2.64,0.01,1.54,7.4
CDLHARAMICROSS,bear,atr_low,2.75,163,85,78,52.1,50.2,0.5,N,2.68,0.035,1.54,6.1
CDLHARAMICROSS,bear,atr_low,3.0,163,85,78,52.1,51.4,0.18,N,2.51,0.019,1.49,6.1
CDLINVERTEDHAMMER,bull,none,0.5,64,18,46,28.1,31.9,-0.65,N,0.52,-0.084,1.1,65.6
CDLINVERTEDHAMMER,bull,none,0.75,64,25,39,39.1,41.5,-0.4,N,3.02,0.129,1.55,43.8
CDLINVERTEDHAMMER,bull,none,1.0,64,28,36,43.8,44.9,-0.19,N,3.29,0.12,1.6,29.7
CDLINVERTEDHAMMER,bull,none,1.25,64,29,35,45.3,45.2,0.02,N,2.66,0.092,1.43,25.0
CDLINVERTEDHAMMER,bull,none,1.5,64,31,33,48.4,47.8,0.1,N,2.83,0.121,1.47,14.1
CDLINVERTEDHAMMER,bull,none,1.75,64,31,33,48.4,47.9,0.08,N,2.56,0.105,1.41,12.5
CDLINVERTEDHAMMER,bull,none,2.0,64,32,32,50.0,49.5,0.08,N,3.89,0.186,1.78,4.7
CDLINVERTEDHAMMER,bull,none,2.25,64,33,31,51.6,49.1,0.4,N,3.93,0.211,1.8,3.1
CDLINVERTEDHAMMER,bull,none,2.5,64,33,31,51.6,45.4,0.98,N,3.75,0.203,1.73,3.1
CDLINVERTEDHAMMER,bull,none,2.75,64,33,31,51.6,48.6,0.48,N,3.58,0.195,1.68,3.1
CDLINVERTEDHAMMER,bull,none,3.0,64,33,31,51.6,46.0,0.9,N,3.82,0.212,1.76,1.6
CDLHIGHWAVE,bear,rsi_oversold,0.5,62,22,40,35.5,34.5,0.16,N,5.33,0.045,1.94,62.9
CDLHIGHWAVE,bear,rsi_oversold,0.75,62,28,34,45.2,46.1,-0.15,N,6.98,0.064,2.07,46.8
CDLHIGHWAVE,bear,rsi_oversold,1.0,62,29,33,46.8,44.8,0.32,N,5.84,0.034,1.74,37.1
CDLHIGHWAVE,bear,rsi_oversold,1.25,62,30,32,48.4,47.3,0.17,N,5.68,0.039,1.7,24.2
CDLHIGHWAVE,bear,rsi_oversold,1.5,62,30,32,48.4,48.1,0.04,N,5.06,-0.007,1.58,22.6
CDLHIGHWAVE,bear,rsi_oversold,1.75,62,32,30,51.6,48.3,0.53,N,6.73,0.061,1.91,11.3
CDLHIGHWAVE,bear,rsi_oversold,2.0,62,32,30,51.6,48.4,0.51,N,7.46,0.1,2.11,4.8
CDLHIGHWAVE,bear,rsi_oversold,2.25,62,33,29,53.2,50.7,0.4,N,8.63,0.145,2.53,1.6
CDLHIGHWAVE,bear,rsi_oversold,2.5,62,33,29,53.2,51.2,0.32,N,8.58,0.141,2.5,1.6
CDLHIGHWAVE,bear,rsi_oversold,2.75,62,33,29,53.2,47.2,0.95,N,8.53,0.137,2.48,1.6
CDLHIGHWAVE,bear,rsi_oversold,3.0,62,33,29,53.2,50.9,0.36,N,8.48,0.133,2.46,1.6
CDLHARAMI,bear,rsi_mid_overbought,0.5,248,90,158,36.3,35.0,0.41,N,0.64,-0.005,1.17,57.3
CDLHARAMI,bear,rsi_mid_overbought,0.75,248,111,137,44.8,41.9,0.91,N,1.02,0.034,1.24,39.5
CDLHARAMI,bear,rsi_mid_overbought,1.0,248,119,129,48.0,45.7,0.71,N,1.33,0.029,1.31,28.6
CDLHARAMI,bear,rsi_mid_overbought,1.25,248,121,127,48.8,46.7,0.66,N,1.31,0.016,1.3,19.8
CDLHARAMI,bear,rsi_mid_overbought,1.5,248,124,124,50.0,48.0,0.62,N,1.59,0.032,1.38,13.3
CDLHARAMI,bear,rsi_mid_overbought,1.75,248,125,123,50.4,49.4,0.32,N,1.49,0.023,1.35,9.3
CDLHARAMI,bear,rsi_mid_overbought,2.0,248,125,123,50.4,50.2,0.05,N,1.37,0.008,1.31,7.7
CDLHARAMI,bear,rsi_mid_overbought,2.25,248,125,123,50.4,49.0,0.44,N,1.53,0.033,1.36,3.2
CDLHARAMI,bear,rsi_mid_overbought,2.5,248,126,122,50.8,49.5,0.41,N,1.52,0.038,1.36,2.8
CDLHARAMI,bear,rsi_mid_overbought,2.75,248,126,122,50.8,50.2,0.19,N,1.48,0.033,1.34,2.4
CDLHARAMI,bear,rsi_mid_overbought,3.0,248,126,122,50.8,49.8,0.33,N,1.47,0.029,1.34,2.0
CDLSPINNINGTOP,bear,atr_high,0.5,741,274,467,37.0,35.6,0.76,N,0.04,0.001,1.01,54.1
CDLSPINNINGTOP,bear,atr_high,0.75,741,310,431,41.8,41.5,0.2,N,-0.45,-0.033,0.93,42.2
CDLSPINNINGTOP,bear,atr_high,1.0,741,347,394,46.8,45.2,0.91,N,0.33,-0.012,1.05,27.5
CDLSPINNINGTOP,bear,atr_high,1.25,741,361,380,48.7,47.7,0.57,N,0.55,0.006,1.09,17.4
CDLSPINNINGTOP,bear,atr_high,1.5,741,368,373,49.7,49.2,0.23,N,1.17,0.031,1.2,10.4
CDLSPINNINGTOP,bear,atr_high,1.75,741,373,368,50.3,49.4,0.5,N,1.35,0.042,1.23,7.2
CDLSPINNINGTOP,bear,atr_high,2.0,741,373,368,50.3,50.2,0.08,N,1.44,0.044,1.25,5.0
CDLSPINNINGTOP,bear,atr_high,2.25,741,374,367,50.5,49.4,0.59,N,1.42,0.043,1.25,4.0
CDLSPINNINGTOP,bear,atr_high,2.5,741,377,364,50.9,50.1,0.45,N,1.61,0.058,1.29,2.6
CDLSPINNINGTOP,bear,atr_high,2.75,741,377,364,50.9,49.7,0.62,N,1.48,0.053,1.26,2.3
CDLSPINNINGTOP,bear,atr_high,3.0,741,377,364,50.9,49.4,0.78,N,1.46,0.054,1.26,1.5
CDLSEPARATINGLINES,bear,trend_down,0.5,34,11,23,32.4,31.9,0.06,N,-1.15,-0.078,0.78,58.8
CDLSEPARATINGLINES,bear,trend_down,0.75,34,16,18,47.1,43.9,0.37,N,3.18,0.113,1.7,35.3
CDLSEPARATINGLINES,bear,trend_down,1.0,34,17,17,50.0,46.6,0.4,N,2.49,0.081,1.48,26.5
CDLSEPARATINGLINES,bear,trend_down,1.25,34,18,16,52.9,53.9,-0.11,N,2.95,0.112,1.62,14.7
CDLSEPARATINGLINES,bear,trend_down,1.5,34,18,16,52.9,49.5,0.4,N,2.34,0.075,1.43,14.7
CDLSEPARATINGLINES,bear,trend_down,1.75,34,18,16,52.9,50.5,0.29,N,1.73,0.039,1.29,14.7
CDLSEPARATINGLINES,bear,trend_down,2.0,34,18,16,52.9,47.1,0.69,N,1.53,0.019,1.25,11.8
CDLSEPARATINGLINES,bear,trend_down,2.25,34,19,15,55.9,51.7,0.49,N,2.16,0.067,1.38,8.8
CDLSEPARATINGLINES,bear,trend_down,2.5,34,19,15,55.9,48.3,0.89,N,2.46,0.071,1.45,5.9
CDLSEPARATINGLINES,bear,trend_down,2.75,34,19,15,55.9,50.0,0.69,N,2.3,0.056,1.41,5.9
CDLSEPARATINGLINES,bear,trend_down,3.0,34,19,15,55.9,49.0,0.8,N,2.14,0.042,1.37,5.9
CDLHARAMICROSS,bear,rsi_mid_overbought,0.5,71,26,45,36.6,35.3,0.23,N,3.27,0.039,1.89,54.9
CDLHARAMICROSS,bear,rsi_mid_overbought,0.75,71,29,42,40.8,38.4,0.43,N,2.46,-0.026,1.53,45.1
CDLHARAMICROSS,bear,rsi_mid_overbought,1.0,71,33,38,46.5,41.3,0.88,N,3.18,0.001,1.71,31.0
CDLHARAMICROSS,bear,rsi_mid_overbought,1.25,71,34,37,47.9,44.7,0.54,N,3.34,-0.009,1.75,21.1
CDLHARAMICROSS,bear,rsi_mid_overbought,1.5,71,36,35,50.7,50.6,0.02,N,3.85,0.039,1.94,12.7
CDLHARAMICROSS,bear,rsi_mid_overbought,1.75,71,36,35,50.7,49.6,0.18,N,3.77,0.029,1.9,9.9
CDLHARAMICROSS,bear,rsi_mid_overbought,2.0,71,36,35,50.7,49.8,0.16,N,3.63,0.006,1.84,8.5
CDLHARAMICROSS,bear,rsi_mid_overbought,2.25,71,36,35,50.7,46.8,0.65,N,3.55,-0.006,1.81,5.6
CDLHARAMICROSS,bear,rsi_mid_overbought,2.5,71,37,34,52.1,47.9,0.71,N,3.69,0.026,1.85,4.2
CDLHARAMICROSS,bear,rsi_mid_overbought,2.75,71,37,34,52.1,50.2,0.32,N,3.62,0.016,1.83,4.2
CDLHARAMICROSS,bear,rsi_mid_overbought,3.0,71,37,34,52.1,47.8,0.73,N,3.55,0.005,1.8,4.2
CDLXSIDEGAP3METHODS,bear,trend_down,0.5,44,18,26,40.9,39.6,0.18,N,2.62,0.075,1.51,52.3
CDLXSIDEGAP3METHODS,bear,trend_down,0.75,44,20,24,45.5,41.9,0.48,N,2.26,0.038,1.4,34.1
CDLXSIDEGAP3METHODS,bear,trend_down,1.0,44,21,23,47.7,48.3,-0.08,N,1.27,-0.003,1.18,29.5
CDLXSIDEGAP3METHODS,bear,trend_down,1.25,44,23,21,52.3,49.4,0.38,N,1.39,0.011,1.19,25.0
CDLXSIDEGAP3METHODS,bear,trend_down,1.5,44,24,20,54.5,47.9,0.88,N,1.01,-0.008,1.13,20.5
CDLXSIDEGAP3METHODS,bear,trend_down,1.75,44,24,20,54.5,48.9,0.75,N,0.73,-0.025,1.09,18.2
CDLXSIDEGAP3METHODS,bear,trend_down,2.0,44,24,20,54.5,48.5,0.8,N,0.79,-0.01,1.1,11.4
CDLXSIDEGAP3METHODS,bear,trend_down,2.25,44,24,20,54.5,54.4,0.03,N,0.18,-0.038,1.02,11.4
CDLXSIDEGAP3METHODS,bear,trend_down,2.5,44,24,20,54.5,48.9,0.75,N,-0.34,-0.054,0.96,9.1
CDLXSIDEGAP3METHODS,bear,trend_down,2.75,44,24,20,54.5,50.2,0.58,N,-0.91,-0.077,0.91,9.1
CDLXSIDEGAP3METHODS,bear,trend_down,3.0,44,24,20,54.5,52.3,0.3,N,-1.47,-0.099,0.86,9.1
CDLSHORTLINE,bear,rsi_mid_overbought,0.5,521,187,334,35.9,36.1,-0.12,N,1.17,0.009,1.33,53.6
CDLSHORTLINE,bear,rsi_mid_overbought,0.75,521,230,291,44.1,43.3,0.4,N,1.29,0.021,1.32,35.9
CDLSHORTLINE,bear,rsi_mid_overbought,1.0,521,251,270,48.2,48.2,-0.0,N,1.79,0.045,1.46,22.3
CDLSHORTLINE,bear,rsi_mid_overbought,1.25,521,259,262,49.7,47.8,0.87,N,1.66,0.032,1.41,16.3
CDLSHORTLINE,bear,rsi_mid_overbought,1.5,521,261,260,50.1,49.9,0.08,N,1.58,0.019,1.38,12.5
CDLSHORTLINE,bear,rsi_mid_overbought,1.75,521,262,259,50.3,49.4,0.42,N,1.62,0.017,1.39,8.4
CDLSHORTLINE,bear,rsi_mid_overbought,2.0,521,262,259,50.3,48.7,0.71,N,1.61,0.013,1.39,5.6
CDLSHORTLINE,bear,rsi_mid_overbought,2.25,521,262,259,50.3,49.7,0.28,N,1.62,0.017,1.39,3.8
CDLSHORTLINE,bear,rsi_mid_overbought,2.5,521,263,258,50.5,50.0,0.21,N,1.6,0.018,1.38,2.7
CDLSHORTLINE,bear,rsi_mid_overbought,2.75,521,263,258,50.5,50.1,0.18,N,1.59,0.016,1.38,1.9
CDLSHORTLINE,bear,rsi_mid_overbought,3.0,521,263,258,50.5,50.4,0.04,N,1.57,0.014,1.37,1.5
CDLBELTHOLD,bear,rsi_oversold,0.5,86,28,58,32.6,31.5,0.21,N,-1.1,0.029,0.83,65.1
CDLBELTHOLD,bear,rsi_oversold,0.75,86,35,51,40.7,39.5,0.22,N,-1.4,0.037,0.82,46.5
CDLBELTHOLD,bear,rsi_oversold,1.0,86,39,47,45.3,44.1,0.24,N,-1.85,0.048,0.78,29.1
CDLBELTHOLD,bear,rsi_oversold,1.25,86,40,46,46.5,42.0,0.86,N,-2.57,0.041,0.72,20.9
CDLBELTHOLD,bear,rsi_oversold,1.5,86,41,45,47.7,44.2,0.65,N,-2.33,0.037,0.74,15.1
CDLBELTHOLD,bear,rsi_oversold,1.75,86,43,43,50.0,47.0,0.56,N,-1.44,0.087,0.83,8.1
CDLBELTHOLD,bear,rsi_oversold,2.0,86,43,43,50.0,48.2,0.34,N,-1.52,0.1,0.82,3.5
CDLBELTHOLD,bear,rsi_oversold,2.25,86,43,43,50.0,50.7,-0.13,N,-1.8,0.095,0.8,2.3
CDLBELTHOLD,bear,rsi_oversold,2.5,86,43,43,50.0,50.7,-0.13,N,-1.89,0.097,0.79,1.2
CDLBELTHOLD,bear,rsi_oversold,2.75,86,43,43,50.0,49.7,0.05,N,-1.52,0.102,0.82,0.0
CDLBELTHOLD,bear,rsi_oversold,3.0,86,43,43,50.0,49.8,0.04,N,-1.52,0.102,0.82,0.0
CDLDOJI,bull,trend_up,0.5,1124,364,760,32.4,35.1,-1.92,N,-1.91,-0.043,0.64,60.9
CDLDOJI,bull,trend_up,0.75,1124,443,681,39.4,42.3,-1.93,N,-2.48,-0.064,0.63,47.4
CDLDOJI,bull,trend_up,1.0,1124,509,615,45.3,45.3,-0.0,N,-1.8,-0.041,0.73,32.7
CDLDOJI,bull,trend_up,1.25,1124,540,584,48.0,46.8,0.86,N,-1.0,-0.011,0.83,22.2
CDLDOJI,bull,trend_up,1.5,1124,561,563,49.9,48.8,0.72,N,-0.34,0.027,0.94,13.5
CDLDOJI,bull,trend_up,1.75,1124,562,562,50.0,49.2,0.52,N,-0.13,0.027,0.98,10.1
CDLDOJI,bull,trend_up,2.0,1124,563,561,50.1,49.1,0.66,N,-0.05,0.031,0.99,7.5
CDLDOJI,bull,trend_up,2.25,1124,563,561,50.1,49.1,0.68,N,-0.12,0.028,0.98,6.0
CDLDOJI,bull,trend_up,2.5,1124,566,558,50.4,49.6,0.48,N,0.03,0.039,1.01,4.3
CDLDOJI,bull,trend_up,2.75,1124,567,557,50.4,49.7,0.49,N,0.06,0.043,1.01,3.3
CDLDOJI,bull,trend_up,3.0,1124,567,557,50.4,49.9,0.34,N,0.04,0.041,1.01,2.8
CDLHIKKAKE,bull,none,0.5,1625,554,1071,34.1,33.2,0.79,N,-0.27,nan,0.95,59.8
CDLHIKKAKE,bull,none,0.75,1625,662,963,40.7,40.3,0.34,N,-0.62,nan,0.9,45.3
CDLHIKKAKE,bull,none,1.0,1625,750,875,46.2,45.3,0.69,N,-0.36,nan,0.94,31.9
CDLHIKKAKE,bull,none,1.25,1625,781,844,48.1,47.4,0.56,N,-0.42,nan,0.94,23.9
CDLHIKKAKE,bull,none,1.5,1625,799,826,49.2,48.1,0.86,N,-0.46,nan,0.93,17.7
CDLHIKKAKE,bull,none,1.75,1625,811,814,49.9,49.7,0.17,N,-0.33,nan,0.95,12.7
CDLHIKKAKE,bull,none,2.0,1625,818,807,50.3,49.9,0.32,N,-0.31,nan,0.95,10.1
CDLHIKKAKE,bull,none,2.25,1625,818,807,50.3,49.3,0.86,N,-0.41,nan,0.94,7.8
CDLHIKKAKE,bull,none,2.5,1625,821,804,50.5,49.5,0.81,N,-0.46,nan,0.93,6.3
CDLHIKKAKE,bull,none,2.75,1625,823,802,50.6,49.8,0.72,N,-0.39,nan,0.94,4.6
CDLHIKKAKE,bull,none,3.0,1625,824,801,50.7,49.8,0.71,N,-0.36,nan,0.95,3.4
CDLENGULFING,bear,rsi_oversold,0.5,51,21,30,41.2,35.5,0.85,N,1.49,0.134,1.32,54.9
CDLENGULFING,bear,rsi_oversold,0.75,51,23,28,45.1,42.8,0.33,N,0.05,0.079,1.01,41.2
CDLENGULFING,bear,rsi_oversold,1.0,51,25,26,49.0,44.1,0.71,N,0.71,0.116,1.12,27.5
CDLENGULFING,bear,rsi_oversold,1.25,51,27,24,52.9,52.0,0.14,N,0.09,0.129,1.01,19.6
CDLENGULFING,bear,rsi_oversold,1.5,51,27,24,52.9,49.8,0.44,N,-0.96,0.092,0.88,17.6
CDLENGULFING,bear,rsi_oversold,1.75,51,28,23,54.9,51.6,0.47,N,0.6,0.127,1.09,11.8
CDLENGULFING,bear,rsi_oversold,2.0,51,28,23,54.9,50.3,0.65,N,1.1,0.169,1.18,2.0
CDLENGULFING,bear,rsi_oversold,2.25,51,28,23,54.9,50.7,0.61,N,1.06,0.165,1.17,2.0
CDLENGULFING,bear,rsi_oversold,2.5,51,28,23,54.9,49.7,0.75,N,1.02,0.16,1.16,2.0
CDLENGULFING,bear,rsi_oversold,2.75,51,28,23,54.9,49.3,0.79,N,1.11,0.171,1.18,0.0
CDLENGULFING,bear,rsi_oversold,3.0,51,28,23,54.9,49.7,0.75,N,1.11,0.171,1.18,0.0
CDLSEPARATINGLINES,bull,atr_low,0.5,48,17,31,35.4,36.1,-0.1,N,-1.6,-0.076,0.64,54.2
CDLSEPARATINGLINES,bull,atr_low,0.75,48,21,27,43.8,42.4,0.19,N,-1.05,-0.044,0.77,37.5
CDLSEPARATINGLINES,bull,atr_low,1.0,48,22,26,45.8,43.1,0.39,N,-1.88,-0.084,0.65,29.2
CDLSEPARATINGLINES,bull,atr_low,1.25,48,24,24,50.0,46.5,0.48,N,-0.41,-0.03,0.9,16.7
CDLSEPARATINGLINES,bull,atr_low,1.5,48,24,24,50.0,45.3,0.65,N,-0.86,-0.058,0.81,14.6
CDLSEPARATINGLINES,bull,atr_low,1.75,48,24,24,50.0,45.5,0.63,N,-1.37,-0.094,0.73,14.6
CDLSEPARATINGLINES,bull,atr_low,2.0,48,24,24,50.0,48.6,0.19,N,-1.8,-0.125,0.67,12.5
CDLSEPARATINGLINES,bull,atr_low,2.25,48,25,23,52.1,49.0,0.43,N,-1.19,-0.089,0.76,8.3
CDLSEPARATINGLINES,bull,atr_low,2.5,48,25,23,52.1,48.6,0.48,N,-0.98,-0.091,0.8,6.2
CDLSEPARATINGLINES,bull,atr_low,2.75,48,25,23,52.1,49.8,0.31,N,-1.1,-0.107,0.78,6.2
CDLSEPARATINGLINES,bull,atr_low,3.0,48,25,23,52.1,46.4,0.8,N,-0.92,-0.088,0.81,4.2
CDLSHORTLINE,bull,atr_high,0.5,709,290,419,40.9,40.5,0.24,N,0.38,0.023,1.08,49.6
CDLSHORTLINE,bull,atr_high,0.75,709,325,384,45.8,45.4,0.24,N,0.03,0.011,1.0,34.0
CDLSHORTLINE,bull,atr_high,1.0,709,346,363,48.8,47.6,0.63,N,0.38,0.03,1.07,19.7
CDLSHORTLINE,bull,atr_high,1.25,709,352,357,49.6,49.1,0.27,N,0.22,0.015,1.04,14.0
CDLSHORTLINE,bull,atr_high,1.5,709,355,354,50.1,49.4,0.36,N,0.22,0.019,1.04,9.2
CDLSHORTLINE,bull,atr_high,1.75,709,355,354,50.1,49.2,0.48,N,-0.0,0.008,1.0,6.9
CDLSHORTLINE,bull,atr_high,2.0,709,355,354,50.1,49.5,0.3,N,-0.05,0.004,0.99,5.2
CDLSHORTLINE,bull,atr_high,2.25,709,356,353,50.2,49.3,0.48,N,0.04,0.009,1.01,3.8
CDLSHORTLINE,bull,atr_high,2.5,709,356,353,50.2,49.7,0.28,N,-0.09,0.005,0.99,3.1
CDLSHORTLINE,bull,atr_high,2.75,709,357,352,50.4,48.9,0.8,N,-0.14,0.007,0.98,2.3
CDLSHORTLINE,bull,atr_high,3.0,709,357,352,50.4,50.4,0.0,N,-0.23,0.003,0.96,2.1
CDLHIKKAKE,bull,atr_low,0.5,1097,364,733,33.2,33.0,0.13,N,-0.35,0.001,0.92,61.1
CDLHIKKAKE,bull,atr_low,0.75,1097,429,668,39.1,40.5,-0.93,N,-0.9,-0.025,0.84,47.7
CDLHIKKAKE,bull,atr_low,1.0,1097,493,604,44.9,45.5,-0.39,N,-0.62,-0.0,0.9,33.9
CDLHIKKAKE,bull,atr_low,1.25,1097,516,581,47.0,45.9,0.77,N,-0.65,-0.002,0.9,25.5
CDLHIKKAKE,bull,atr_low,1.5,1097,530,567,48.3,48.7,-0.23,N,-0.6,-0.001,0.9,19.1
CDLHIKKAKE,bull,atr_low,1.75,1097,539,558,49.1,49.8,-0.44,N,-0.45,0.006,0.93,13.5
CDLHIKKAKE,bull,atr_low,2.0,1097,544,553,49.6,49.6,0.01,N,-0.43,0.003,0.93,10.7
CDLHIKKAKE,bull,atr_low,2.25,1097,544,553,49.6,49.4,0.13,N,-0.41,0.003,0.93,7.6
CDLHIKKAKE,bull,atr_low,2.5,1097,546,551,49.8,49.7,0.02,N,-0.47,0.004,0.92,6.0
CDLHIKKAKE,bull,atr_low,2.75,1097,546,551,49.8,50.1,-0.2,N,-0.47,0.003,0.92,4.5
CDLHIKKAKE,bull,atr_low,3.0,1097,547,550,49.9,49.3,0.36,N,-0.49,0.002,0.92,3.6
CDLHIKKAKE,bull,trend_up,0.5,885,298,587,33.7,33.8,-0.07,N,-0.31,0.007,0.93,59.7
CDLHIKKAKE,bull,trend_up,0.75,885,355,530,40.1,40.3,-0.11,N,-0.82,-0.017,0.85,44.1
CDLHIKKAKE,bull,trend_up,1.0,885,399,486,45.1,45.9,-0.51,N,-0.5,-0.001,0.91,30.7
CDLHIKKAKE,bull,trend_up,1.25,885,417,468,47.1,46.9,0.16,N,-0.33,0.003,0.94,22.9
CDLHIKKAKE,bull,trend_up,1.5,885,429,456,48.5,47.5,0.59,N,-0.18,0.011,0.97,16.4
CDLHIKKAKE,bull,trend_up,1.75,885,433,452,48.9,48.7,0.15,N,-0.19,0.01,0.97,11.3
CDLHIKKAKE,bull,trend_up,2.0,885,435,450,49.2,49.4,-0.15,N,-0.32,-0.0,0.95,9.4
CDLHIKKAKE,bull,trend_up,2.25,885,435,450,49.2,49.3,-0.08,N,-0.38,-0.008,0.94,7.5
CDLHIKKAKE,bull,trend_up,2.5,885,438,447,49.5,49.2,0.17,N,-0.38,-0.001,0.94,6.0
CDLHIKKAKE,bull,trend_up,2.75,885,439,446,49.6,48.3,0.76,N,-0.32,0.002,0.95,4.1
CDLHIKKAKE,bull,trend_up,3.0,885,439,446,49.6,49.9,-0.15,N,-0.35,-0.001,0.94,3.3
CDLHIKKAKEMOD,bull,atr_low,0.5,27,10,17,37.0,32.4,0.51,N,-2.6,-0.049,0.43,55.6
CDLHIKKAKEMOD,bull,atr_low,0.75,27,11,16,40.7,41.4,-0.07,N,-4.37,-0.138,0.32,48.1
CDLHIKKAKEMOD,bull,atr_low,1.0,27,13,14,48.1,45.4,0.29,N,-5.45,-0.18,0.28,40.7
CDLHIKKAKEMOD,bull,atr_low,1.25,27,14,13,51.9,47.5,0.45,N,-5.53,-0.181,0.28,29.6
CDLHIKKAKEMOD,bull,atr_low,1.5,27,14,13,51.9,46.9,0.51,N,-5.17,-0.16,0.29,22.2
CDLHIKKAKEMOD,bull,atr_low,1.75,27,14,13,51.9,53.4,-0.16,N,-3.32,-0.075,0.39,11.1
CDLHIKKAKEMOD,bull,atr_low,2.0,27,14,13,51.9,50.9,0.1,N,-3.79,-0.103,0.36,11.1
CDLHIKKAKEMOD,bull,atr_low,2.25,27,14,13,51.9,50.6,0.13,N,-3.37,-0.088,0.39,3.7
CDLHIKKAKEMOD,bull,atr_low,2.5,27,14,13,51.9,49.7,0.22,N,-3.44,-0.097,0.38,3.7
CDLHIKKAKEMOD,bull,atr_low,2.75,27,14,13,51.9,48.5,0.35,N,-3.5,-0.106,0.38,3.7
CDLHIKKAKEMOD,bull,atr_low,3.0,27,14,13,51.9,44.8,0.74,N,-3.57,-0.116,0.37,3.7
CDLGRAVESTONEDOJI,bear,none,0.5,233,90,143,38.6,37.4,0.37,N,0.59,-0.001,1.16,51.1
CDLGRAVESTONEDOJI,bear,none,0.75,233,105,128,45.1,43.1,0.61,N,1.36,0.033,1.33,32.6
CDLGRAVESTONEDOJI,bear,none,1.0,233,111,122,47.6,47.5,0.04,N,1.34,0.039,1.31,21.0
CDLGRAVESTONEDOJI,bear,none,1.25,233,114,119,48.9,47.1,0.56,N,1.48,0.039,1.35,13.7
CDLGRAVESTONEDOJI,bear,none,1.5,233,115,118,49.4,49.9,-0.17,N,1.44,0.032,1.33,10.3
CDLGRAVESTONEDOJI,bear,none,1.75,233,115,118,49.4,49.3,0.02,N,1.39,0.026,1.32,7.7
CDLGRAVESTONEDOJI,bear,none,2.0,233,115,118,49.4,50.6,-0.38,N,1.35,0.026,1.31,4.7
CDLGRAVESTONEDOJI,bear,none,2.25,233,115,118,49.4,51.8,-0.73,N,1.39,0.028,1.32,2.1
CDLGRAVESTONEDOJI,bear,none,2.5,233,115,118,49.4,47.1,0.7,N,1.36,0.024,1.31,1.7
CDLGRAVESTONEDOJI,bear,none,2.75,233,115,118,49.4,51.3,-0.58,N,1.33,0.02,1.3,1.7
CDLGRAVESTONEDOJI,bear,none,3.0,233,115,118,49.4,51.3,-0.6,N,1.35,0.027,1.31,0.9
CDL3OUTSIDE,bear,rsi_mid_overbought,0.5,74,25,49,33.8,33.2,0.1,N,1.26,0.032,1.31,54.1
CDL3OUTSIDE,bear,rsi_mid_overbought,0.75,74,31,43,41.9,38.1,0.68,N,1.59,0.027,1.37,40.5
CDL3OUTSIDE,bear,rsi_mid_overbought,1.0,74,33,41,44.6,46.1,-0.25,N,1.39,0.02,1.29,29.7
CDL3OUTSIDE,bear,rsi_mid_overbought,1.25,74,35,39,47.3,48.8,-0.25,N,1.51,0.06,1.3,21.6
CDL3OUTSIDE,bear,rsi_mid_overbought,1.5,74,36,38,48.6,45.6,0.53,N,1.19,0.045,1.22,17.6
CDL3OUTSIDE,bear,rsi_mid_overbought,1.75,74,37,37,50.0,50.5,-0.08,N,1.3,0.077,1.25,12.2
CDL3OUTSIDE,bear,rsi_mid_overbought,2.0,74,37,37,50.0,49.4,0.1,N,1.2,0.076,1.22,9.5
CDL3OUTSIDE,bear,rsi_mid_overbought,2.25,74,37,37,50.0,52.9,-0.5,N,1.09,0.063,1.2,6.8
CDL3OUTSIDE,bear,rsi_mid_overbought,2.5,74,37,37,50.0,47.7,0.39,N,1.08,0.056,1.2,4.1
CDL3OUTSIDE,bear,rsi_mid_overbought,2.75,74,37,37,50.0,50.3,-0.06,N,1.14,0.063,1.21,2.7
CDL3OUTSIDE,bear,rsi_mid_overbought,3.0,74,37,37,50.0,48.2,0.31,N,1.13,0.061,1.21,1.4
CDLENGULFING,bear,rsi_mid_overbought,0.5,345,115,230,33.3,31.6,0.68,N,-0.65,-0.037,0.83,57.1
CDLENGULFING,bear,rsi_mid_overbought,0.75,345,138,207,40.0,41.1,-0.41,N,-0.81,-0.04,0.82,41.7
CDLENGULFING,bear,rsi_mid_overbought,1.0,345,151,194,43.8,44.0,-0.1,N,-0.32,-0.055,0.94,33.3
CDLENGULFING,bear,rsi_mid_overbought,1.25,345,161,184,46.7,45.5,0.45,N,-0.08,-0.042,0.98,24.6
CDLENGULFING,bear,rsi_mid_overbought,1.5,345,166,179,48.1,49.1,-0.38,N,-0.15,-0.045,0.97,18.0
CDLENGULFING,bear,rsi_mid_overbought,1.75,345,170,175,49.3,48.7,0.21,N,0.02,-0.033,1.0,13.3
CDLENGULFING,bear,rsi_mid_overbought,2.0,345,171,174,49.6,49.8,-0.09,N,-0.02,-0.036,1.0,9.0
CDLENGULFING,bear,rsi_mid_overbought,2.25,345,171,174,49.6,49.9,-0.12,N,-0.12,-0.043,0.98,7.0
CDLENGULFING,bear,rsi_mid_overbought,2.5,345,171,174,49.6,50.0,-0.18,N,-0.23,-0.053,0.96,5.8
CDLENGULFING,bear,rsi_mid_overbought,2.75,345,171,174,49.6,49.7,-0.04,N,-0.26,-0.053,0.95,4.3
CDLENGULFING,bear,rsi_mid_overbought,3.0,345,171,174,49.6,49.3,0.12,N,-0.37,-0.063,0.93,3.8
CDLSHOOTINGSTAR,bear,rsi_mid_overbought,0.5,44,17,27,38.6,39.0,-0.05,N,0.8,-0.014,1.27,45.5
CDLSHOOTINGSTAR,bear,rsi_mid_overbought,0.75,44,20,24,45.5,45.5,-0.0,N,0.83,-0.023,1.26,31.8
CDLSHOOTINGSTAR,bear,rsi_mid_overbought,1.0,44,23,21,52.3,47.7,0.6,N,1.53,0.034,1.5,18.2
CDLSHOOTINGSTAR,bear,rsi_mid_overbought,1.25,44,23,21,52.3,52.7,-0.05,N,1.43,0.014,1.45,13.6
CDLSHOOTINGSTAR,bear,rsi_mid_overbought,1.5,44,23,21,52.3,48.7,0.48,N,1.24,-0.003,1.37,9.1
CDLSHOOTINGSTAR,bear,rsi_mid_overbought,1.75,44,23,21,52.3,52.1,0.03,N,1.03,-0.026,1.29,9.1
CDLSHOOTINGSTAR,bear,rsi_mid_overbought,2.0,44,23,21,52.3,49.6,0.35,N,0.91,-0.042,1.25,6.8
CDLSHOOTINGSTAR,bear,rsi_mid_overbought,2.25,44,23,21,52.3,52.7,-0.05,N,0.88,-0.05,1.24,4.5
CDLSHOOTINGSTAR,bear,rsi_mid_overbought,2.5,44,23,21,52.3,48.7,0.48,N,0.8,-0.061,1.21,4.5
CDLSHOOTINGSTAR,bear,rsi_mid_overbought,2.75,44,23,21,52.3,47.2,0.68,N,0.73,-0.073,1.19,4.5
CDLSHOOTINGSTAR,bear,rsi_mid_overbought,3.0,44,23,21,52.3,49.6,0.35,N,0.81,-0.064,1.21,2.3
CDLLONGLEGGEDDOJI,bull,trend_up,0.5,1108,359,749,32.4,35.5,-2.18,N,-1.88,-0.04,0.65,61.0
CDLLONGLEGGEDDOJI,bull,trend_up,0.75,1108,437,671,39.4,41.0,-1.06,N,-2.44,-0.061,0.63,47.6
CDLLONGLEGGEDDOJI,bull,trend_up,1.0,1108,503,605,45.4,46.3,-0.58,N,-1.74,-0.037,0.73,32.7
CDLLONGLEGGEDDOJI,bull,trend_up,1.25,1108,532,576,48.0,47.5,0.34,N,-0.97,-0.009,0.84,22.2
CDLLONGLEGGEDDOJI,bull,trend_up,1.5,1108,552,556,49.8,48.8,0.67,N,-0.3,0.029,0.95,13.5
CDLLONGLEGGEDDOJI,bull,trend_up,1.75,1108,553,555,49.9,49.8,0.07,N,-0.12,0.027,0.98,10.3
CDLLONGLEGGEDDOJI,bull,trend_up,2.0,1108,554,554,50.0,50.0,0.03,N,-0.04,0.032,0.99,7.6
CDLLONGLEGGEDDOJI,bull,trend_up,2.25,1108,554,554,50.0,49.2,0.55,N,-0.11,0.029,0.98,6.1
CDLLONGLEGGEDDOJI,bull,trend_up,2.5,1108,557,551,50.3,50.0,0.17,N,0.04,0.04,1.01,4.3
CDLLONGLEGGEDDOJI,bull,trend_up,2.75,1108,558,550,50.4,50.0,0.25,N,0.07,0.044,1.01,3.3
CDLLONGLEGGEDDOJI,bull,trend_up,3.0,1108,558,550,50.4,49.5,0.57,N,0.05,0.042,1.01,2.8
CDLLONGLINE,bear,rsi_overbought,0.5,188,58,130,30.9,30.0,0.27,N,0.62,0.019,1.15,65.4
CDLLONGLINE,bear,rsi_overbought,0.75,188,72,116,38.3,37.5,0.24,N,0.1,-0.004,1.02,53.2
CDLLONGLINE,bear,rsi_overbought,1.0,188,83,105,44.1,43.2,0.26,N,0.65,0.018,1.12,36.7
CDLLONGLINE,bear,rsi_overbought,1.25,188,86,102,45.7,43.5,0.63,N,0.36,-0.013,1.06,31.4
CDLLONGLINE,bear,rsi_overbought,1.5,188,87,101,46.3,45.5,0.22,N,-0.23,-0.058,0.96,27.7
CDLLONGLINE,bear,rsi_overbought,1.75,188,90,98,47.9,48.5,-0.18,N,0.64,-0.024,1.1,21.3
CDLLONGLINE,bear,rsi_overbought,2.0,188,90,98,47.9,46.8,0.29,N,0.45,-0.04,1.07,17.0
CDLLONGLINE,bear,rsi_overbought,2.25,188,93,95,49.5,49.7,-0.06,N,1.05,0.019,1.17,11.7
CDLLONGLINE,bear,rsi_overbought,2.5,188,94,94,50.0,49.6,0.12,N,0.96,0.015,1.15,9.6
CDLLONGLINE,bear,rsi_overbought,2.75,188,94,94,50.0,48.4,0.43,N,0.73,-0.002,1.11,8.5
CDLLONGLINE,bear,rsi_overbought,3.0,188,94,94,50.0,50.0,-0.01,N,0.58,-0.01,1.09,6.9
CDLMARUBOZU,bull,trend_down,0.5,164,50,114,30.5,31.8,-0.35,N,-1.39,-0.089,0.75,61.0
CDLMARUBOZU,bull,trend_down,0.75,164,68,96,41.5,39.1,0.63,N,-0.79,-0.038,0.87,42.1
CDLMARUBOZU,bull,trend_down,1.0,164,76,88,46.3,45.3,0.27,N,-0.63,-0.015,0.9,27.4
CDLMARUBOZU,bull,trend_down,1.25,164,78,86,47.6,47.7,-0.04,N,-1.04,-0.038,0.85,21.3
CDLMARUBOZU,bull,trend_down,1.5,164,80,84,48.8,47.5,0.34,N,-1.1,-0.05,0.84,17.7
CDLMARUBOZU,bull,trend_down,1.75,164,81,83,49.4,51.1,-0.43,N,-0.92,-0.042,0.87,14.0
CDLMARUBOZU,bull,trend_down,2.0,164,81,83,49.4,50.6,-0.31,N,-1.12,-0.054,0.84,11.0
CDLMARUBOZU,bull,trend_down,2.25,164,82,82,50.0,50.5,-0.12,N,-1.13,-0.044,0.84,7.3
CDLMARUBOZU,bull,trend_down,2.5,164,82,82,50.0,51.7,-0.44,N,-0.84,-0.033,0.88,4.3
CDLMARUBOZU,bull,trend_down,2.75,164,82,82,50.0,51.0,-0.25,N,-0.92,-0.033,0.87,3.7
CDLMARUBOZU,bull,trend_down,3.0,164,82,82,50.0,49.7,0.07,N,-1.01,-0.035,0.86,3.0
CDLENGULFING,bear,atr_high,0.5,504,170,334,33.7,34.1,-0.18,N,-1.25,-0.014,0.78,59.5
CDLENGULFING,bear,atr_high,0.75,504,198,306,39.3,41.2,-0.85,N,-2.09,-0.055,0.7,46.2
CDLENGULFING,bear,atr_high,1.0,504,223,281,44.2,45.2,-0.44,N,-1.17,-0.04,0.84,34.1
CDLENGULFING,bear,atr_high,1.25,504,237,267,47.0,46.7,0.13,N,-1.16,-0.03,0.84,23.4
CDLENGULFING,bear,atr_high,1.5,504,243,261,48.2,50.0,-0.79,N,-1.32,-0.024,0.83,17.5
CDLENGULFING,bear,atr_high,1.75,504,246,258,48.8,48.4,0.2,N,-1.36,-0.027,0.82,12.7
CDLENGULFING,bear,atr_high,2.0,504,248,256,49.2,47.8,0.62,N,-1.14,-0.006,0.85,8.1
CDLENGULFING,bear,atr_high,2.25,504,248,256,49.2,50.6,-0.64,N,-1.35,-0.013,0.83,6.3
CDLENGULFING,bear,atr_high,2.5,504,248,256,49.2,50.8,-0.71,N,-1.45,-0.02,0.82,5.4
CDLENGULFING,bear,atr_high,2.75,504,248,256,49.2,48.9,0.13,N,-1.49,-0.022,0.81,4.0
CDLENGULFING,bear,atr_high,3.0,504,248,256,49.2,50.0,-0.33,N,-1.64,-0.03,0.8,3.8
CDLMARUBOZU,bull,trend_up,0.5,248,82,166,33.1,35.1,-0.67,N,-0.04,0.032,0.99,59.7
CDLMARUBOZU,bull,trend_up,0.75,248,97,151,39.1,40.3,-0.39,N,-0.79,-0.007,0.86,45.2
CDLMARUBOZU,bull,trend_up,1.0,248,110,138,44.4,44.4,-0.02,N,-0.76,0.0,0.87,31.5
CDLMARUBOZU,bull,trend_up,1.25,248,119,129,48.0,48.6,-0.2,N,0.11,0.033,1.02,19.0
CDLMARUBOZU,bull,trend_up,1.5,248,120,128,48.4,47.8,0.17,N,-0.02,0.033,1.0,12.5
CDLMARUBOZU,bull,trend_up,1.75,248,121,127,48.8,48.4,0.14,N,0.2,0.031,1.04,10.5
CDLMARUBOZU,bull,trend_up,2.0,248,121,127,48.8,48.7,0.02,N,0.2,0.022,1.04,8.1
CDLMARUBOZU,bull,trend_up,2.25,248,122,126,49.2,50.5,-0.41,N,0.35,0.034,1.07,6.0
CDLMARUBOZU,bull,trend_up,2.5,248,123,125,49.6,47.7,0.58,N,0.49,0.047,1.1,4.4
CDLMARUBOZU,bull,trend_up,2.75,248,124,124,50.0,50.4,-0.14,N,0.68,0.062,1.14,2.8
CDLMARUBOZU,bull,trend_up,3.0,248,124,124,50.0,51.3,-0.42,N,0.67,0.061,1.14,2.4
CDLMARUBOZU,bull,none,0.5,412,132,280,32.0,32.7,-0.28,N,-0.58,-0.016,0.88,60.2
CDLMARUBOZU,bull,none,0.75,412,165,247,40.0,39.4,0.29,N,-0.79,-0.019,0.86,43.9
CDLMARUBOZU,bull,none,1.0,412,186,226,45.1,44.9,0.11,N,-0.71,-0.006,0.88,29.9
CDLMARUBOZU,bull,none,1.25,412,197,215,47.8,46.6,0.49,N,-0.35,0.004,0.94,19.9
CDLMARUBOZU,bull,none,1.5,412,200,212,48.5,49.0,-0.17,N,-0.45,-0.0,0.92,14.6
CDLMARUBOZU,bull,none,1.75,412,202,210,49.0,47.8,0.49,N,-0.24,0.002,0.96,11.9
CDLMARUBOZU,bull,none,2.0,412,202,210,49.0,49.3,-0.11,N,-0.33,-0.008,0.95,9.2
CDLMARUBOZU,bull,none,2.25,412,204,208,49.5,48.5,0.39,N,-0.24,0.003,0.96,6.6
CDLMARUBOZU,bull,none,2.5,412,205,207,49.8,49.6,0.06,N,-0.04,0.015,0.99,4.4
CDLMARUBOZU,bull,none,2.75,412,206,206,50.0,49.3,0.28,N,0.04,0.024,1.01,3.2
CDLMARUBOZU,bull,none,3.0,412,206,206,50.0,48.9,0.45,N,0.0,0.023,1.0,2.7
CDLSHOOTINGSTAR,bear,atr_low,0.5,64,24,40,37.5,34.6,0.48,N,1.16,0.078,1.3,48.4
CDLSHOOTINGSTAR,bear,atr_low,0.75,64,27,37,42.2,41.4,0.13,N,1.15,0.057,1.28,34.4
CDLSHOOTINGSTAR,bear,atr_low,1.0,64,30,34,46.9,44.5,0.38,N,1.95,0.132,1.51,18.8
CDLSHOOTINGSTAR,bear,atr_low,1.25,64,30,34,46.9,50.1,-0.52,N,1.89,0.116,1.49,12.5
CDLSHOOTINGSTAR,bear,atr_low,1.5,64,30,34,46.9,46.9,0.0,N,1.63,0.093,1.39,10.9
CDLSHOOTINGSTAR,bear,atr_low,1.75,64,30,34,46.9,45.4,0.23,N,2.02,0.126,1.54,4.7
CDLSHOOTINGSTAR,bear,atr_low,2.0,64,30,34,46.9,51.6,-0.75,N,1.99,0.125,1.53,3.1
CDLSHOOTINGSTAR,bear,atr_low,2.25,64,30,34,46.9,47.8,-0.15,N,2.0,0.123,1.53,1.6
CDLSHOOTINGSTAR,bear,atr_low,2.5,64,30,34,46.9,47.4,-0.08,N,1.97,0.119,1.52,1.6
CDLSHOOTINGSTAR,bear,atr_low,2.75,64,30,34,46.9,49.3,-0.4,N,1.95,0.115,1.51,1.6
CDLSHOOTINGSTAR,bear,atr_low,3.0,64,30,34,46.9,49.2,-0.38,N,1.93,0.111,1.5,1.6
CDLGRAVESTONEDOJI,bear,trend_down,0.5,103,40,63,38.8,38.4,0.08,N,1.25,0.05,1.32,48.5
CDLGRAVESTONEDOJI,bear,trend_down,0.75,103,45,58,43.7,41.4,0.47,N,1.15,0.071,1.26,30.1
CDLGRAVESTONEDOJI,bear,trend_down,1.0,103,47,56,45.6,44.4,0.25,N,1.24,0.086,1.28,18.4
CDLGRAVESTONEDOJI,bear,trend_down,1.25,103,47,56,45.6,49.7,-0.82,N,1.07,0.074,1.23,12.6
CDLGRAVESTONEDOJI,bear,trend_down,1.5,103,47,56,45.6,47.2,-0.31,N,0.85,0.053,1.18,10.7
CDLGRAVESTONEDOJI,bear,trend_down,1.75,103,47,56,45.6,46.1,-0.1,N,0.95,0.069,1.2,5.8
CDLGRAVESTONEDOJI,bear,trend_down,2.0,103,47,56,45.6,50.2,-0.94,N,0.82,0.062,1.17,3.9
CDLGRAVESTONEDOJI,bear,trend_down,2.25,103,47,56,45.6,49.9,-0.87,N,0.92,0.062,1.19,1.9
CDLGRAVESTONEDOJI,bear,trend_down,2.5,103,47,56,45.6,51.0,-1.08,N,0.89,0.057,1.18,1.9
CDLGRAVESTONEDOJI,bear,trend_down,2.75,103,47,56,45.6,51.2,-1.13,N,0.87,0.052,1.18,1.9
CDLGRAVESTONEDOJI,bear,trend_down,3.0,103,47,56,45.6,48.5,-0.58,N,0.95,0.071,1.2,1.0
CDLHAMMER,bull,trend_up,0.5,169,65,104,38.5,38.2,0.08,N,0.09,0.084,1.02,52.7
CDLHAMMER,bull,trend_up,0.75,169,73,96,43.2,44.6,-0.37,N,-0.46,0.075,0.91,37.9
CDLHAMMER,bull,trend_up,1.0,169,79,90,46.7,46.8,-0.01,N,-0.77,0.074,0.87,27.2
CDLHAMMER,bull,trend_up,1.25,169,80,89,47.3,47.8,-0.13,N,-0.37,0.073,0.93,18.3
CDLHAMMER,bull,trend_up,1.5,169,83,86,49.1,47.4,0.44,N,0.17,0.108,1.03,10.7
CDLHAMMER,bull,trend_up,1.75,169,84,85,49.7,51.9,-0.58,N,0.06,0.099,1.01,9.5
CDLHAMMER,bull,trend_up,2.0,169,85,84,50.3,50.9,-0.17,N,0.08,0.094,1.02,8.3
CDLHAMMER,bull,trend_up,2.25,169,85,84,50.3,50.4,-0.04,N,-0.02,0.087,1.0,5.9
CDLHAMMER,bull,trend_up,2.5,169,85,84,50.3,49.6,0.19,N,0.1,0.093,1.02,4.1
CDLHAMMER,bull,trend_up,2.75,169,85,84,50.3,48.5,0.47,N,0.21,0.096,1.04,2.4
CDLHAMMER,bull,trend_up,3.0,169,85,84,50.3,50.0,0.06,N,0.15,0.09,1.03,2.4
CDLLONGLEGGEDDOJI,bull,rsi_oversold,0.5,72,25,47,34.7,32.3,0.44,N,3.75,0.001,1.65,62.5
CDLLONGLEGGEDDOJI,bull,rsi_oversold,0.75,72,29,43,40.3,44.4,-0.71,N,2.09,-0.077,1.27,50.0
CDLLONGLEGGEDDOJI,bull,rsi_oversold,1.0,72,31,41,43.1,43.8,-0.12,N,0.75,-0.147,1.08,43.1
CDLLONGLEGGEDDOJI,bull,rsi_oversold,1.25,72,31,41,43.1,44.4,-0.24,N,0.03,-0.171,1.0,29.2
CDLLONGLEGGEDDOJI,bull,rsi_oversold,1.5,72,31,41,43.1,45.6,-0.43,N,-1.38,-0.232,0.88,26.4
CDLLONGLEGGEDDOJI,bull,rsi_oversold,1.75,72,34,38,47.2,48.5,-0.22,N,0.87,-0.131,1.09,13.9
CDLLONGLEGGEDDOJI,bull,rsi_oversold,2.0,72,35,37,48.6,49.4,-0.14,N,1.45,-0.081,1.16,8.3
CDLLONGLEGGEDDOJI,bull,rsi_oversold,2.25,72,36,36,50.0,51.4,-0.24,N,1.83,-0.061,1.21,5.6
CDLLONGLEGGEDDOJI,bull,rsi_oversold,2.5,72,36,36,50.0,48.4,0.28,N,1.39,-0.075,1.15,5.6
CDLLONGLEGGEDDOJI,bull,rsi_oversold,2.75,72,36,36,50.0,49.8,0.04,N,0.94,-0.089,1.1,5.6
CDLLONGLEGGEDDOJI,bull,rsi_oversold,3.0,72,36,36,50.0,47.2,0.47,N,0.87,-0.08,1.09,4.2
CDLRICKSHAWMAN,bull,rsi_oversold,0.5,54,20,34,37.0,36.6,0.07,N,6.31,0.057,2.15,61.1
CDLRICKSHAWMAN,bull,rsi_oversold,0.75,54,23,31,42.6,40.4,0.32,N,4.52,-0.012,1.61,46.3
CDLRICKSHAWMAN,bull,rsi_oversold,1.0,54,24,30,44.4,47.5,-0.45,N,2.99,-0.079,1.33,38.9
CDLRICKSHAWMAN,bull,rsi_oversold,1.25,54,24,30,44.4,44.0,0.07,N,2.26,-0.107,1.23,25.9
CDLRICKSHAWMAN,bull,rsi_oversold,1.5,54,24,30,44.4,45.1,-0.09,N,0.88,-0.166,1.08,24.1
CDLRICKSHAWMAN,bull,rsi_oversold,1.75,54,27,27,50.0,47.2,0.41,N,2.67,-0.077,1.27,13.0
CDLRICKSHAWMAN,bull,rsi_oversold,2.0,54,27,27,50.0,49.4,0.09,N,2.49,-0.069,1.25,9.3
CDLRICKSHAWMAN,bull,rsi_oversold,2.25,54,28,26,51.9,50.0,0.27,N,3.08,-0.038,1.33,5.6
CDLRICKSHAWMAN,bull,rsi_oversold,2.5,54,28,26,51.9,50.5,0.2,N,2.56,-0.052,1.26,5.6
CDLRICKSHAWMAN,bull,rsi_oversold,2.75,54,28,26,51.9,48.8,0.45,N,2.05,-0.065,1.19,5.6
CDLRICKSHAWMAN,bull,rsi_oversold,3.0,54,28,26,51.9,50.8,0.16,N,1.53,-0.079,1.14,5.6
CDL3LINESTRIKE,bull,trend_down,0.5,31,9,22,29.0,26.9,0.27,N,-0.04,-0.08,0.99,71.0
CDL3LINESTRIKE,bull,trend_down,0.75,31,12,19,38.7,34.9,0.44,N,-0.59,-0.056,0.91,58.1
CDL3LINESTRIKE,bull,trend_down,1.0,31,13,18,41.9,38.4,0.4,N,-2.18,-0.131,0.74,51.6
CDL3LINESTRIKE,bull,trend_down,1.25,31,13,18,41.9,41.9,0.0,N,-1.85,-0.159,0.77,35.5
CDL3LINESTRIKE,bull,trend_down,1.5,31,14,17,45.2,44.9,0.03,N,-1.26,-0.053,0.84,25.8
CDL3LINESTRIKE,bull,trend_down,1.75,31,14,17,45.2,46.0,-0.09,N,-1.62,-0.076,0.81,19.4
CDL3LINESTRIKE,bull,trend_down,2.0,31,14,17,45.2,45.4,-0.03,N,-1.13,-0.07,0.86,16.1
CDL3LINESTRIKE,bull,trend_down,2.25,31,15,16,48.4,50.3,-0.21,N,-0.51,-0.025,0.93,9.7
CDL3LINESTRIKE,bull,trend_down,2.5,31,15,16,48.4,48.4,0.0,N,-0.88,-0.049,0.89,9.7
CDL3LINESTRIKE,bull,trend_down,2.75,31,15,16,48.4,48.7,-0.03,N,-1.24,-0.073,0.85,9.7
CDL3LINESTRIKE,bull,trend_down,3.0,31,15,16,48.4,44.9,0.39,N,-1.6,-0.097,0.81,9.7
CDLADVANCEBLOCK,bear,trend_up,0.5,160,49,111,30.6,29.1,0.44,N,-1.37,-0.082,0.69,60.0
CDLADVANCEBLOCK,bear,trend_up,0.75,160,57,103,35.6,38.6,-0.77,N,-1.99,-0.122,0.62,41.2
CDLADVANCEBLOCK,bear,trend_up,1.0,160,60,100,37.5,43.4,-1.52,N,-2.69,-0.165,0.56,33.8
CDLADVANCEBLOCK,bear,trend_up,1.25,160,65,95,40.6,46.7,-1.53,N,-2.26,-0.131,0.62,21.2
CDLADVANCEBLOCK,bear,trend_up,1.5,160,67,93,41.9,46.4,-1.14,N,-2.12,-0.136,0.64,13.8
CDLADVANCEBLOCK,bear,trend_up,1.75,160,69,91,43.1,48.6,-1.38,N,-1.82,-0.11,0.69,9.4
CDLADVANCEBLOCK,bear,trend_up,2.0,160,70,90,43.8,49.8,-1.53,N,-1.72,-0.094,0.7,6.2
CDLADVANCEBLOCK,bear,trend_up,2.25,160,70,90,43.8,48.7,-1.25,N,-1.81,-0.099,0.69,4.4
CDLADVANCEBLOCK,bear,trend_up,2.5,160,70,90,43.8,49.5,-1.46,N,-1.89,-0.108,0.68,3.8
CDLADVANCEBLOCK,bear,trend_up,2.75,160,70,90,43.8,49.6,-1.48,N,-1.85,-0.107,0.69,1.9
CDLADVANCEBLOCK,bear,trend_up,3.0,160,70,90,43.8,49.3,-1.41,N,-1.89,-0.112,0.68,1.9
CDLHAMMER,bull,rsi_overbought,0.5,24,8,16,33.3,33.0,0.04,N,0.84,-0.062,1.3,45.8
CDLHAMMER,bull,rsi_overbought,0.75,24,10,14,41.7,41.3,0.03,N,2.01,-0.016,1.77,25.0
CDLHAMMER,bull,rsi_overbought,1.0,24,12,12,50.0,45.5,0.44,N,3.18,0.062,2.47,16.7
CDLHAMMER,bull,rsi_overbought,1.25,24,12,12,50.0,50.3,-0.03,N,3.38,0.088,2.73,0.0
CDLHAMMER,bull,rsi_overbought,1.5,24,12,12,50.0,51.0,-0.1,N,3.38,0.088,2.73,0.0
CDLHAMMER,bull,rsi_overbought,1.75,24,12,12,50.0,52.1,-0.2,N,3.38,0.088,2.73,0.0
CDLHAMMER,bull,rsi_overbought,2.0,24,12,12,50.0,54.5,-0.44,N,3.38,0.088,2.73,0.0
CDLHAMMER,bull,rsi_overbought,2.25,24,12,12,50.0,46.9,0.31,N,3.38,0.088,2.73,0.0
CDLHAMMER,bull,rsi_overbought,2.5,24,12,12,50.0,50.7,-0.07,N,3.38,0.088,2.73,0.0
CDLHAMMER,bull,rsi_overbought,2.75,24,12,12,50.0,46.5,0.34,N,3.38,0.088,2.73,0.0
CDLHAMMER,bull,rsi_overbought,3.0,24,12,12,50.0,47.9,0.2,N,3.38,0.088,2.73,0.0
CDLDOJI,bull,rsi_oversold,0.5,73,25,48,34.2,36.8,-0.45,N,3.59,-0.006,1.62,63.0
CDLDOJI,bull,rsi_oversold,0.75,73,29,44,39.7,43.3,-0.61,N,1.9,-0.087,1.25,50.7
CDLDOJI,bull,rsi_oversold,1.0,73,31,42,42.5,46.6,-0.7,N,0.52,-0.159,1.06,43.8
CDLDOJI,bull,rsi_oversold,1.25,73,31,42,42.5,45.0,-0.43,N,-0.24,-0.186,0.98,30.1
CDLDOJI,bull,rsi_oversold,1.5,73,31,42,42.5,45.1,-0.45,N,-1.69,-0.249,0.85,27.4
CDLDOJI,bull,rsi_oversold,1.75,73,34,39,46.6,44.2,0.41,N,0.81,-0.132,1.09,13.7
CDLDOJI,bull,rsi_oversold,2.0,73,35,38,47.9,48.2,-0.04,N,1.38,-0.083,1.16,8.2
CDLDOJI,bull,rsi_oversold,2.25,73,36,37,49.3,50.5,-0.2,N,1.76,-0.063,1.21,5.5
CDLDOJI,bull,rsi_oversold,2.5,73,36,37,49.3,50.3,-0.18,N,1.32,-0.077,1.15,5.5
CDLDOJI,bull,rsi_oversold,2.75,73,36,37,49.3,49.1,0.04,N,0.88,-0.091,1.09,5.5
CDLDOJI,bull,rsi_oversold,3.0,73,36,37,49.3,49.5,-0.04,N,0.81,-0.082,1.09,4.1
CDLENGULFING,bull,trend_up,0.5,940,314,626,33.4,33.2,0.15,N,0.08,0.042,1.02,58.8
CDLENGULFING,bull,trend_up,0.75,940,372,568,39.6,41.7,-1.32,N,-0.43,0.019,0.92,46.1
CDLENGULFING,bull,trend_up,1.0,940,417,523,44.4,44.7,-0.22,N,-0.13,0.019,0.98,33.9
CDLENGULFING,bull,trend_up,1.25,940,439,501,46.7,47.2,-0.3,N,0.03,0.025,1.01,25.3
CDLENGULFING,bull,trend_up,1.5,940,449,491,47.8,47.8,0.0,N,-0.13,0.015,0.98,19.6
CDLENGULFING,bull,trend_up,1.75,940,457,483,48.6,48.2,0.24,N,-0.12,0.024,0.98,14.0
CDLENGULFING,bull,trend_up,2.0,940,461,479,49.0,49.5,-0.29,N,-0.01,0.034,1.0,9.8
CDLENGULFING,bull,trend_up,2.25,940,461,479,49.0,49.3,-0.14,N,-0.1,0.029,0.98,7.3
CDLENGULFING,bull,trend_up,2.5,940,461,479,49.0,49.9,-0.51,N,-0.26,0.018,0.96,6.4
CDLENGULFING,bull,trend_up,2.75,940,463,477,49.3,49.0,0.13,N,-0.22,0.025,0.96,4.9
CDLENGULFING,bull,trend_up,3.0,940,464,476,49.4,48.7,0.4,N,-0.26,0.025,0.96,4.0
CDLHARAMICROSS,bear,trend_up,0.5,125,41,84,32.8,35.9,-0.73,N,0.85,-0.072,1.21,58.4
CDLHARAMICROSS,bear,trend_up,0.75,125,48,77,38.4,39.6,-0.27,N,0.39,-0.139,1.08,47.2
CDLHARAMICROSS,bear,trend_up,1.0,125,55,70,44.0,43.3,0.17,N,0.62,-0.13,1.12,33.6
CDLHARAMICROSS,bear,trend_up,1.25,125,56,69,44.8,45.6,-0.18,N,0.53,-0.155,1.1,24.8
CDLHARAMICROSS,bear,trend_up,1.5,125,59,66,47.2,49.7,-0.57,N,1.06,-0.104,1.22,13.6
CDLHARAMICROSS,bear,trend_up,1.75,125,60,65,48.0,46.2,0.4,N,0.97,-0.111,1.2,11.2
CDLHARAMICROSS,bear,trend_up,2.0,125,60,65,48.0,48.8,-0.18,N,0.85,-0.13,1.17,8.8
CDLHARAMICROSS,bear,trend_up,2.25,125,60,65,48.0,49.5,-0.33,N,0.71,-0.147,1.14,7.2
CDLHARAMICROSS,bear,trend_up,2.5,125,61,64,48.8,47.7,0.24,N,0.68,-0.139,1.13,6.4
CDLHARAMICROSS,bear,trend_up,2.75,125,61,64,48.8,48.1,0.15,N,0.54,-0.155,1.1,6.4
CDLHARAMICROSS,bear,trend_up,3.0,125,61,64,48.8,49.1,-0.06,N,0.43,-0.167,1.08,5.6
CDLENGULFING,bear,rsi_overbought,0.5,125,43,82,34.4,33.8,0.14,N,1.76,0.081,1.49,60.0
CDLENGULFING,bear,rsi_overbought,0.75,125,49,76,39.2,39.7,-0.12,N,1.29,0.022,1.28,48.8
CDLENGULFING,bear,rsi_overbought,1.0,125,54,71,43.2,43.9,-0.17,N,0.92,-0.021,1.18,38.4
CDLENGULFING,bear,rsi_overbought,1.25,125,57,68,45.6,46.7,-0.25,N,1.22,-0.03,1.25,28.8
CDLENGULFING,bear,rsi_overbought,1.5,125,59,66,47.2,45.9,0.3,N,1.16,-0.036,1.23,22.4
CDLENGULFING,bear,rsi_overbought,1.75,125,60,65,48.0,49.7,-0.39,N,1.03,-0.058,1.2,18.4
CDLENGULFING,bear,rsi_overbought,2.0,125,62,63,49.6,49.3,0.06,N,2.0,0.024,1.43,12.0
CDLENGULFING,bear,rsi_overbought,2.25,125,62,63,49.6,48.3,0.28,N,1.86,0.012,1.39,9.6
CDLENGULFING,bear,rsi_overbought,2.5,125,62,63,49.6,50.8,-0.27,N,1.95,0.014,1.42,7.2
CDLENGULFING,bear,rsi_overbought,2.75,125,62,63,49.6,49.5,0.03,N,1.88,0.009,1.39,5.6
CDLENGULFING,bear,rsi_overbought,3.0,125,62,63,49.6,49.2,0.09,N,1.78,0.001,1.37,4.8
CDLHARAMI,bull,atr_low,0.5,533,172,361,32.3,33.5,-0.58,N,0.15,-0.001,1.04,61.2
CDLHARAMI,bull,atr_low,0.75,533,220,313,41.3,41.2,0.05,N,0.77,0.039,1.17,43.2
CDLHARAMI,bull,atr_low,1.0,533,237,296,44.5,44.7,-0.12,N,0.61,0.015,1.12,34.5
CDLHARAMI,bull,atr_low,1.25,533,248,285,46.5,46.5,0.03,N,0.75,0.019,1.15,24.8
CDLHARAMI,bull,atr_low,1.5,533,256,277,48.0,48.8,-0.38,N,0.99,0.036,1.2,16.9
CDLHARAMI,bull,atr_low,1.75,533,259,274,48.6,50.2,-0.75,N,0.87,0.029,1.17,12.9
CDLHARAMI,bull,atr_low,2.0,533,262,271,49.2,48.8,0.15,N,1.0,0.034,1.2,9.2
CDLHARAMI,bull,atr_low,2.25,533,262,271,49.2,48.7,0.2,N,1.06,0.04,1.22,6.6
CDLHARAMI,bull,atr_low,2.5,533,263,270,49.3,48.7,0.3,N,1.05,0.041,1.21,5.1
CDLHARAMI,bull,atr_low,2.75,533,264,269,49.5,49.4,0.07,N,1.05,0.051,1.21,3.8
CDLHARAMI,bull,atr_low,3.0,533,264,269,49.5,49.9,-0.15,N,0.98,0.045,1.2,3.4
CDLINVERTEDHAMMER,bull,atr_low,0.5,47,10,37,21.3,31.6,-1.52,N,-0.94,-0.161,0.83,74.5
CDLINVERTEDHAMMER,bull,atr_low,0.75,47,16,31,34.0,39.0,-0.7,N,1.91,0.076,1.33,48.9
CDLINVERTEDHAMMER,bull,atr_low,1.0,47,18,29,38.3,43.3,-0.69,N,1.72,0.053,1.27,36.2
CDLINVERTEDHAMMER,bull,atr_low,1.25,47,18,29,38.3,41.8,-0.49,N,0.77,-0.014,1.11,31.9
CDLINVERTEDHAMMER,bull,atr_low,1.5,47,20,27,42.6,43.4,-0.12,N,1.01,0.027,1.14,19.1
CDLINVERTEDHAMMER,bull,atr_low,1.75,47,20,27,42.6,47.3,-0.66,N,0.63,0.005,1.08,17.0
CDLINVERTEDHAMMER,bull,atr_low,2.0,47,21,26,44.7,49.1,-0.61,N,2.44,0.114,1.43,6.4
CDLINVERTEDHAMMER,bull,atr_low,2.25,47,22,25,46.8,50.7,-0.53,N,2.5,0.148,1.45,4.3
CDLINVERTEDHAMMER,bull,atr_low,2.5,47,22,25,46.8,44.9,0.27,N,2.26,0.138,1.39,4.3
CDLINVERTEDHAMMER,bull,atr_low,2.75,47,22,25,46.8,46.1,0.1,N,2.02,0.127,1.33,4.3
CDLINVERTEDHAMMER,bull,atr_low,3.0,47,22,25,46.8,50.7,-0.53,N,2.35,0.151,1.41,2.1
CDL3INSIDE,bull,trend_up,0.5,44,12,32,27.3,32.6,-0.75,N,-1.21,0.189,0.81,72.7
CDL3INSIDE,bull,trend_up,0.75,44,15,29,34.1,37.9,-0.52,N,-0.4,0.205,0.95,52.3
CDL3INSIDE,bull,trend_up,1.0,44,18,26,40.9,43.8,-0.38,N,0.07,0.241,1.01,34.1
CDL3INSIDE,bull,trend_up,1.25,44,18,26,40.9,39.0,0.26,N,-0.29,0.207,0.96,27.3
CDL3INSIDE,bull,trend_up,1.5,44,18,26,40.9,44.5,-0.48,N,-1.31,0.142,0.85,25.0
CDL3INSIDE,bull,trend_up,1.75,44,19,25,43.2,46.4,-0.43,N,-1.53,0.12,0.83,22.7
CDL3INSIDE,bull,trend_up,2.0,44,19,25,43.2,42.6,0.08,N,-2.4,0.063,0.76,22.7
CDL3INSIDE,bull,trend_up,2.25,44,19,25,43.2,46.4,-0.43,N,-3.28,0.006,0.7,22.7
CDL3INSIDE,bull,trend_up,2.5,44,19,25,43.2,47.5,-0.58,N,-4.01,-0.045,0.65,20.5
CDL3INSIDE,bull,trend_up,2.75,44,19,25,43.2,50.0,-0.9,N,-3.25,-0.04,0.7,13.6
CDL3INSIDE,bull,trend_up,3.0,44,20,24,45.5,49.6,-0.55,N,-1.66,0.02,0.83,11.4
CDLHANGINGMAN,bear,atr_low,0.5,182,64,118,35.2,34.7,0.13,N,-1.22,-0.077,0.7,50.5
CDLHANGINGMAN,bear,atr_low,0.75,182,75,107,41.2,40.2,0.26,N,-1.13,-0.083,0.76,34.1
CDLHANGINGMAN,bear,atr_low,1.0,182,78,104,42.9,45.1,-0.61,N,-1.5,-0.102,0.71,22.0
CDLHANGINGMAN,bear,atr_low,1.25,182,79,103,43.4,46.4,-0.81,N,-1.36,-0.103,0.73,13.2
CDLHANGINGMAN,bear,atr_low,1.5,182,80,102,44.0,48.7,-1.29,N,-1.46,-0.115,0.71,10.4
CDLHANGINGMAN,bear,atr_low,1.75,182,80,102,44.0,49.3,-1.43,N,-1.52,-0.126,0.7,8.2
CDLHANGINGMAN,bear,atr_low,2.0,182,80,102,44.0,48.8,-1.3,N,-1.53,-0.122,0.7,3.8
CDLHANGINGMAN,bear,atr_low,2.25,182,80,102,44.0,50.3,-1.7,N,-1.51,-0.122,0.7,2.2
CDLHANGINGMAN,bear,atr_low,2.5,182,80,102,44.0,48.3,-1.16,N,-1.52,-0.124,0.7,1.6
CDLHANGINGMAN,bear,atr_low,2.75,182,80,102,44.0,48.9,-1.35,N,-1.56,-0.128,0.7,1.6
CDLHANGINGMAN,bear,atr_low,3.0,182,80,102,44.0,52.2,-2.21,N,-1.59,-0.132,0.69,1.6
CDLLONGLINE,bear,trend_down,0.5,787,244,543,31.0,32.3,-0.78,N,-0.45,-0.033,0.91,61.9
CDLLONGLINE,bear,trend_down,0.75,787,315,472,40.0,39.8,0.12,N,-0.27,-0.017,0.96,44.2
CDLLONGLINE,bear,trend_down,1.0,787,354,433,45.0,44.5,0.25,N,-0.1,0.0,0.99,31.6
CDLLONGLINE,bear,trend_down,1.25,787,367,420,46.6,47.4,-0.42,N,-0.19,-0.011,0.97,22.7
CDLLONGLINE,bear,trend_down,1.5,787,378,409,48.0,48.4,-0.21,N,-0.11,0.006,0.98,15.6
CDLLONGLINE,bear,trend_down,1.75,787,381,406,48.4,48.3,0.06,N,-0.07,0.002,0.99,11.6
CDLLONGLINE,bear,trend_down,2.0,787,382,405,48.5,50.3,-1.0,N,-0.13,0.002,0.98,8.3
CDLLONGLINE,bear,trend_down,2.25,787,384,403,48.8,49.4,-0.37,N,-0.2,0.005,0.97,5.7
CDLLONGLINE,bear,trend_down,2.5,787,384,403,48.8,50.1,-0.71,N,-0.16,0.006,0.98,3.8
CDLLONGLINE,bear,trend_down,2.75,787,384,403,48.8,48.9,-0.05,N,-0.25,0.001,0.96,3.3
CDLLONGLINE,bear,trend_down,3.0,787,384,403,48.8,50.4,-0.91,N,-0.3,0.001,0.96,2.8
CDLSHOOTINGSTAR,bear,trend_up,0.5,60,20,40,33.3,40.1,-1.08,N,-0.1,-0.028,0.97,51.7
CDLSHOOTINGSTAR,bear,trend_up,0.75,60,23,37,38.3,44.9,-1.02,N,-0.53,-0.071,0.87,40.0
CDLSHOOTINGSTAR,bear,trend_up,1.0,60,28,32,46.7,49.2,-0.39,N,0.33,0.023,1.08,20.0
CDLSHOOTINGSTAR,bear,trend_up,1.25,60,29,31,48.3,50.7,-0.37,N,0.86,0.023,1.25,13.3
CDLSHOOTINGSTAR,bear,trend_up,1.5,60,29,31,48.3,48.8,-0.06,N,0.68,0.002,1.19,10.0
CDLSHOOTINGSTAR,bear,trend_up,1.75,60,29,31,48.3,50.0,-0.26,N,0.6,-0.001,1.16,8.3
CDLSHOOTINGSTAR,bear,trend_up,2.0,60,29,31,48.3,49.6,-0.19,N,0.55,-0.006,1.15,5.0
CDLSHOOTINGSTAR,bear,trend_up,2.25,60,29,31,48.3,51.8,-0.54,N,0.52,-0.012,1.14,3.3
CDLSHOOTINGSTAR,bear,trend_up,2.5,60,29,31,48.3,51.7,-0.52,N,0.47,-0.021,1.12,3.3
CDLSHOOTINGSTAR,bear,trend_up,2.75,60,29,31,48.3,48.9,-0.09,N,0.42,-0.029,1.11,3.3
CDLSHOOTINGSTAR,bear,trend_up,3.0,60,29,31,48.3,46.9,0.22,N,0.47,-0.022,1.12,1.7
CDLADVANCEBLOCK,bear,rsi_mid_overbought,0.5,96,34,62,35.4,34.5,0.2,N,-1.11,-0.026,0.75,57.3
CDLADVANCEBLOCK,bear,rsi_mid_overbought,0.75,96,39,57,40.6,41.6,-0.19,N,-1.81,-0.064,0.65,37.5
CDLADVANCEBLOCK,bear,rsi_mid_overbought,1.0,96,40,56,41.7,43.1,-0.27,N,-2.77,-0.123,0.55,32.3
CDLADVANCEBLOCK,bear,rsi_mid_overbought,1.25,96,42,54,43.8,46.8,-0.6,N,-2.3,-0.093,0.61,18.8
CDLADVANCEBLOCK,bear,rsi_mid_overbought,1.5,96,43,53,44.8,47.2,-0.48,N,-1.92,-0.092,0.66,12.5
CDLADVANCEBLOCK,bear,rsi_mid_overbought,1.75,96,44,52,45.8,51.0,-1.0,N,-1.79,-0.071,0.68,7.3
CDLADVANCEBLOCK,bear,rsi_mid_overbought,2.0,96,45,51,46.9,48.5,-0.32,N,-1.82,-0.063,0.68,6.2
CDLADVANCEBLOCK,bear,rsi_mid_overbought,2.25,96,45,51,46.9,47.7,-0.15,N,-1.93,-0.072,0.67,4.2
CDLADVANCEBLOCK,bear,rsi_mid_overbought,2.5,96,45,51,46.9,49.6,-0.53,N,-1.97,-0.079,0.66,3.1
CDLADVANCEBLOCK,bear,rsi_mid_overbought,2.75,96,45,51,46.9,50.5,-0.71,N,-1.96,-0.08,0.66,1.0
CDLADVANCEBLOCK,bear,rsi_mid_overbought,3.0,96,45,51,46.9,52.1,-1.02,N,-1.97,-0.082,0.66,1.0
CDLBELTHOLD,bull,atr_high,0.5,528,172,356,32.6,33.2,-0.29,N,-1.53,-0.039,0.76,59.7
CDLBELTHOLD,bull,atr_high,0.75,528,213,315,40.3,40.5,-0.07,N,-1.38,-0.038,0.81,43.9
CDLBELTHOLD,bull,atr_high,1.0,528,235,293,44.5,45.3,-0.35,N,-1.49,-0.03,0.81,30.9
CDLBELTHOLD,bull,atr_high,1.25,528,247,281,46.8,46.6,0.07,N,-1.35,-0.021,0.83,20.8
CDLBELTHOLD,bull,atr_high,1.5,528,253,275,47.9,48.7,-0.34,N,-1.22,-0.019,0.84,14.8
CDLBELTHOLD,bull,atr_high,1.75,528,255,273,48.3,49.2,-0.41,N,-1.01,-0.02,0.87,11.7
CDLBELTHOLD,bull,atr_high,2.0,528,255,273,48.3,49.3,-0.48,N,-1.21,-0.032,0.85,9.3
CDLBELTHOLD,bull,atr_high,2.25,528,258,270,48.9,49.1,-0.13,N,-1.01,-0.017,0.87,6.4
CDLBELTHOLD,bull,atr_high,2.5,528,258,270,48.9,49.4,-0.25,N,-0.92,-0.016,0.88,4.4
CDLBELTHOLD,bull,atr_high,2.75,528,259,269,49.1,48.6,0.2,N,-0.79,-0.013,0.9,3.0
CDLBELTHOLD,bull,atr_high,3.0,528,259,269,49.1,50.4,-0.63,N,-0.8,-0.016,0.9,2.5
CDL3OUTSIDE,bear,trend_down,0.5,229,79,150,34.5,34.2,0.09,N,-0.08,0.003,0.99,58.1
CDL3OUTSIDE,bear,trend_down,0.75,229,92,137,40.2,39.6,0.19,N,-0.55,-0.012,0.92,43.2
CDL3OUTSIDE,bear,trend_down,1.0,229,101,128,44.1,43.7,0.12,N,-0.53,0.001,0.92,29.7
CDL3OUTSIDE,bear,trend_down,1.25,229,106,123,46.3,48.3,-0.6,N,1.4,0.03,1.2,21.4
CDL3OUTSIDE,bear,trend_down,1.5,229,108,121,47.2,47.6,-0.13,N,1.02,0.014,1.14,16.2
CDL3OUTSIDE,bear,trend_down,1.75,229,109,120,47.6,49.0,-0.43,N,1.64,0.048,1.24,7.9
CDL3OUTSIDE,bear,trend_down,2.0,229,110,119,48.0,48.0,0.02,N,1.62,0.054,1.24,5.2
CDL3OUTSIDE,bear,trend_down,2.25,229,110,119,48.0,48.7,-0.21,N,1.49,0.049,1.22,4.4
CDL3OUTSIDE,bear,trend_down,2.5,229,110,119,48.0,51.1,-0.93,N,1.43,0.042,1.21,3.9
CDL3OUTSIDE,bear,trend_down,2.75,229,110,119,48.0,49.6,-0.46,N,1.33,0.036,1.19,3.1
CDL3OUTSIDE,bear,trend_down,3.0,229,111,118,48.5,49.3,-0.24,N,1.46,0.053,1.21,1.7
CDLHIGHWAVE,bear,trend_down,0.5,682,219,463,32.1,32.5,-0.24,N,0.26,0.006,1.05,60.6
CDLHIGHWAVE,bear,trend_down,0.75,682,269,413,39.4,39.7,-0.12,N,0.31,0.01,1.05,44.3
CDLHIGHWAVE,bear,trend_down,1.0,682,298,384,43.7,44.7,-0.53,N,0.21,0.001,1.03,33.4
CDLHIGHWAVE,bear,trend_down,1.25,682,313,369,45.9,46.3,-0.23,N,0.42,0.009,1.07,23.2
CDLHIGHWAVE,bear,trend_down,1.5,682,323,359,47.4,47.4,-0.01,N,0.69,0.019,1.11,16.0
CDLHIGHWAVE,bear,trend_down,1.75,682,330,352,48.4,49.6,-0.63,N,1.0,0.038,1.17,10.7
CDLHIGHWAVE,bear,trend_down,2.0,682,333,349,48.8,49.0,-0.11,N,1.09,0.041,1.18,8.2
CDLHIGHWAVE,bear,trend_down,2.25,682,334,348,49.0,49.3,-0.17,N,1.28,0.047,1.22,5.9
CDLHIGHWAVE,bear,trend_down,2.5,682,334,348,49.0,48.8,0.11,N,1.2,0.043,1.21,4.7
CDLHIGHWAVE,bear,trend_down,2.75,682,335,347,49.1,50.4,-0.67,N,1.22,0.05,1.21,3.4
CDLHIGHWAVE,bear,trend_down,3.0,682,336,346,49.3,48.9,0.19,N,1.2,0.053,1.21,2.6
CDLMORNINGSTAR,bull,atr_low,0.5,30,10,20,33.3,35.0,-0.19,N,-0.81,0.057,0.81,63.3
CDLMORNINGSTAR,bull,atr_low,0.75,30,12,18,40.0,45.6,-0.61,N,-1.37,-0.017,0.75,56.7
CDLMORNINGSTAR,bull,atr_low,1.0,30,13,17,43.3,45.8,-0.27,N,-2.1,-0.052,0.68,46.7
CDLMORNINGSTAR,bull,atr_low,1.25,30,13,17,43.3,43.9,-0.06,N,-2.02,-0.105,0.69,40.0
CDLMORNINGSTAR,bull,atr_low,1.5,30,13,17,43.3,41.7,0.19,N,-2.81,-0.186,0.62,33.3
CDLMORNINGSTAR,bull,atr_low,1.75,30,13,17,43.3,44.7,-0.15,N,-3.27,-0.21,0.58,26.7
CDLMORNINGSTAR,bull,atr_low,2.0,30,13,17,43.3,51.9,-0.94,N,-3.84,-0.265,0.54,23.3
CDLMORNINGSTAR,bull,atr_low,2.25,30,13,17,43.3,49.2,-0.64,N,-3.18,-0.233,0.59,16.7
CDLMORNINGSTAR,bull,atr_low,2.5,30,13,17,43.3,50.3,-0.76,N,-3.56,-0.274,0.56,16.7
CDLMORNINGSTAR,bull,atr_low,2.75,30,14,16,46.7,46.4,0.03,N,-1.91,-0.22,0.71,13.3
CDLMORNINGSTAR,bull,atr_low,3.0,30,14,16,46.7,48.1,-0.15,N,-2.12,-0.254,0.68,13.3
CDLHIKKAKEMOD,bull,trend_up,0.5,24,9,15,37.5,35.8,0.18,N,-0.37,0.014,0.91,50.0
CDLHIKKAKEMOD,bull,trend_up,0.75,24,10,14,41.7,42.0,-0.03,N,-1.68,-0.055,0.68,41.7
CDLHIKKAKEMOD,bull,trend_up,1.0,24,11,13,45.8,52.1,-0.61,N,-2.97,-0.116,0.55,37.5
CDLHIKKAKEMOD,bull,trend_up,1.25,24,11,13,45.8,45.1,0.07,N,-3.53,-0.152,0.51,29.2
CDLHIKKAKEMOD,bull,trend_up,1.5,24,11,13,45.8,49.0,-0.31,N,-2.79,-0.117,0.57,20.8
CDLHIKKAKEMOD,bull,trend_up,1.75,24,11,13,45.8,48.6,-0.27,N,-2.27,-0.072,0.62,12.5
CDLHIKKAKEMOD,bull,trend_up,2.0,24,11,13,45.8,46.5,-0.07,N,-2.79,-0.104,0.57,12.5
CDLHIKKAKEMOD,bull,trend_up,2.25,24,11,13,45.8,49.7,-0.37,N,-2.32,-0.087,0.61,4.2
CDLHIKKAKEMOD,bull,trend_up,2.5,24,11,13,45.8,50.3,-0.44,N,-2.4,-0.097,0.6,4.2
CDLHIKKAKEMOD,bull,trend_up,2.75,24,11,13,45.8,55.9,-0.99,N,-2.48,-0.107,0.6,4.2
CDLHIKKAKEMOD,bull,trend_up,3.0,24,11,13,45.8,52.1,-0.61,N,-2.55,-0.118,0.59,4.2
CDLENGULFING,bull,atr_low,0.5,1153,373,780,32.4,33.2,-0.64,N,0.13,0.023,1.03,60.4
CDLENGULFING,bull,atr_low,0.75,1153,450,703,39.0,39.9,-0.57,N,-0.25,0.001,0.95,47.2
CDLENGULFING,bull,atr_low,1.0,1153,507,646,44.0,44.6,-0.41,N,-0.19,0.005,0.97,34.3
CDLENGULFING,bull,atr_low,1.25,1153,538,615,46.7,46.9,-0.18,N,-0.0,0.009,1.0,26.0
CDLENGULFING,bull,atr_low,1.5,1153,550,603,47.7,48.3,-0.41,N,-0.08,0.001,0.99,19.7
CDLENGULFING,bull,atr_low,1.75,1153,557,596,48.3,48.7,-0.27,N,-0.14,0.001,0.98,15.0
CDLENGULFING,bull,atr_low,2.0,1153,564,589,48.9,48.7,0.14,N,-0.01,0.007,1.0,10.7
CDLENGULFING,bull,atr_low,2.25,1153,566,587,49.1,48.9,0.12,N,0.0,0.013,1.0,7.6
CDLENGULFING,bull,atr_low,2.5,1153,566,587,49.1,49.5,-0.3,N,-0.13,0.002,0.98,6.5
CDLENGULFING,bull,atr_low,2.75,1153,568,585,49.3,50.1,-0.58,N,-0.1,0.007,0.98,4.9
CDLENGULFING,bull,atr_low,3.0,1153,569,584,49.3,50.0,-0.45,N,-0.12,0.006,0.98,4.2
CDLHARAMI,bull,rsi_mid_oversold,0.5,196,68,128,34.7,34.9,-0.06,N,-0.2,0.001,0.96,58.7
CDLHARAMI,bull,rsi_mid_oversold,0.75,196,84,112,42.9,42.6,0.07,N,-0.16,0.007,0.97,44.4
CDLHARAMI,bull,rsi_mid_oversold,1.0,196,90,106,45.9,46.1,-0.05,N,-0.16,-0.029,0.97,38.8
CDLHARAMI,bull,rsi_mid_oversold,1.25,196,93,103,47.4,49.0,-0.44,N,-0.34,-0.051,0.95,31.1
CDLHARAMI,bull,rsi_mid_oversold,1.5,196,95,101,48.5,48.0,0.13,N,-0.18,-0.036,0.97,21.4
CDLHARAMI,bull,rsi_mid_oversold,1.75,196,95,101,48.5,49.0,-0.15,N,-0.02,-0.038,1.0,16.8
CDLHARAMI,bull,rsi_mid_oversold,2.0,196,96,100,49.0,49.7,-0.21,N,0.52,-0.014,1.09,10.7
CDLHARAMI,bull,rsi_mid_oversold,2.25,196,96,100,49.0,50.5,-0.42,N,0.51,-0.019,1.09,8.7
CDLHARAMI,bull,rsi_mid_oversold,2.5,196,96,100,49.0,49.2,-0.07,N,0.36,-0.029,1.06,7.7
CDLHARAMI,bull,rsi_mid_oversold,2.75,196,96,100,49.0,49.6,-0.17,N,0.26,-0.032,1.04,6.1
CDLHARAMI,bull,rsi_mid_oversold,3.0,196,96,100,49.0,48.9,0.02,N,0.12,-0.041,1.02,5.6
CDLHARAMICROSS,bear,trend_down,0.5,107,36,71,33.6,33.6,0.02,N,1.92,0.097,1.37,57.9
CDLHARAMICROSS,bear,trend_down,0.75,107,42,65,39.3,39.5,-0.05,N,0.99,0.081,1.15,43.0
CDLHARAMICROSS,bear,trend_down,1.0,107,47,60,43.9,47.9,-0.82,N,1.97,0.076,1.3,35.5
CDLHARAMICROSS,bear,trend_down,1.25,107,50,57,46.7,49.2,-0.52,N,2.48,0.092,1.39,25.2
CDLHARAMICROSS,bear,trend_down,1.5,107,50,57,46.7,48.2,-0.31,N,2.47,0.075,1.39,19.6
CDLHARAMICROSS,bear,trend_down,1.75,107,50,57,46.7,49.0,-0.47,N,1.86,0.035,1.27,17.8
CDLHARAMICROSS,bear,trend_down,2.0,107,50,57,46.7,50.0,-0.68,N,2.37,0.038,1.37,14.0
CDLHARAMICROSS,bear,trend_down,2.25,107,51,56,47.7,49.8,-0.44,N,2.94,0.046,1.49,11.2
CDLHARAMICROSS,bear,trend_down,2.5,107,51,56,47.7,48.4,-0.15,N,2.9,0.05,1.48,7.5
CDLHARAMICROSS,bear,trend_down,2.75,107,52,55,48.6,51.4,-0.58,N,3.06,0.096,1.51,5.6
CDLHARAMICROSS,bear,trend_down,3.0,107,52,55,48.6,48.1,0.11,N,2.89,0.082,1.47,5.6
CDLENGULFING,bear,none,0.5,1662,545,1117,32.8,32.9,-0.11,N,-0.29,nan,0.94,60.1
CDLENGULFING,bear,none,0.75,1662,650,1012,39.1,40.2,-0.92,N,-0.81,nan,0.86,46.9
CDLENGULFING,bear,none,1.0,1662,732,930,44.0,44.2,-0.14,N,-0.49,nan,0.92,34.2
CDLENGULFING,bear,none,1.25,1662,777,885,46.8,46.9,-0.1,N,-0.36,nan,0.94,25.2
CDLENGULFING,bear,none,1.5,1662,795,867,47.8,48.7,-0.73,N,-0.46,nan,0.93,19.0
CDLENGULFING,bear,none,1.75,1662,805,857,48.4,48.3,0.1,N,-0.51,nan,0.92,14.3
CDLENGULFING,bear,none,2.0,1662,814,848,49.0,49.6,-0.49,N,-0.35,nan,0.94,9.9
CDLENGULFING,bear,none,2.25,1662,816,846,49.1,49.4,-0.24,N,-0.41,nan,0.93,7.2
CDLENGULFING,bear,none,2.5,1662,816,846,49.1,49.6,-0.4,N,-0.54,nan,0.92,6.1
CDLENGULFING,bear,none,2.75,1662,818,844,49.2,49.8,-0.5,N,-0.53,nan,0.92,4.6
CDLENGULFING,bear,none,3.0,1662,819,843,49.3,49.5,-0.17,N,-0.59,nan,0.91,4.0
CDLEVENINGSTAR,bear,trend_down,0.5,26,7,19,26.9,29.8,-0.32,N,-1.38,-0.162,0.77,65.4
CDLEVENINGSTAR,bear,trend_down,0.75,26,8,18,30.8,30.4,0.04,N,-2.85,-0.25,0.62,50.0
CDLEVENINGSTAR,bear,trend_down,1.0,26,10,16,38.5,39.1,-0.07,N,-0.69,-0.152,0.9,30.8
CDLEVENINGSTAR,bear,trend_down,1.25,26,10,16,38.5,47.1,-0.88,N,0.36,-0.1,1.06,15.4
CDLEVENINGSTAR,bear,trend_down,1.5,26,10,16,38.5,50.6,-1.24,N,0.41,-0.095,1.07,3.8
CDLEVENINGSTAR,bear,trend_down,1.75,26,10,16,38.5,52.6,-1.44,N,0.31,-0.104,1.05,3.8
CDLEVENINGSTAR,bear,trend_down,2.0,26,10,16,38.5,58.3,-2.06,N,0.21,-0.114,1.03,3.8
CDLEVENINGSTAR,bear,trend_down,2.25,26,10,16,38.5,48.1,-0.98,N,0.35,-0.1,1.06,0.0
CDLEVENINGSTAR,bear,trend_down,2.5,26,10,16,38.5,53.8,-1.57,N,0.35,-0.1,1.06,0.0
CDLEVENINGSTAR,bear,trend_down,2.75,26,10,16,38.5,51.6,-1.34,N,0.35,-0.1,1.06,0.0
CDLEVENINGSTAR,bear,trend_down,3.0,26,10,16,38.5,54.2,-1.61,N,0.35,-0.1,1.06,0.0
CDLHARAMICROSS,bull,rsi_mid_oversold,0.5,60,20,40,33.3,34.7,-0.23,N,0.89,0.018,1.15,58.3
CDLHARAMICROSS,bull,rsi_mid_oversold,0.75,60,22,38,36.7,38.1,-0.22,N,-0.57,-0.064,0.92,48.3
CDLHARAMICROSS,bull,rsi_mid_oversold,1.0,60,27,33,45.0,46.9,-0.3,N,1.44,-0.034,1.19,40.0
CDLHARAMICROSS,bull,rsi_mid_oversold,1.25,60,28,32,46.7,46.4,0.04,N,1.35,-0.063,1.17,33.3
CDLHARAMICROSS,bull,rsi_mid_oversold,1.5,60,28,32,46.7,50.7,-0.62,N,1.68,-0.065,1.22,23.3
CDLHARAMICROSS,bull,rsi_mid_oversold,1.75,60,28,32,46.7,51.9,-0.82,N,0.9,-0.112,1.11,21.7
CDLHARAMICROSS,bull,rsi_mid_oversold,2.0,60,28,32,46.7,49.6,-0.45,N,1.8,-0.094,1.24,16.7
CDLHARAMICROSS,bull,rsi_mid_oversold,2.25,60,28,32,46.7,52.4,-0.88,N,1.94,-0.101,1.27,13.3
CDLHARAMICROSS,bull,rsi_mid_oversold,2.5,60,28,32,46.7,51.1,-0.69,N,1.85,-0.097,1.25,10.0
CDLHARAMICROSS,bull,rsi_mid_oversold,2.75,60,28,32,46.7,50.3,-0.56,N,1.6,-0.114,1.21,8.3
CDLHARAMICROSS,bull,rsi_mid_oversold,3.0,60,28,32,46.7,49.3,-0.41,N,1.33,-0.135,1.17,8.3
CDLHIKKAKE,bear,rsi_mid_overbought,0.5,420,138,282,32.9,32.9,-0.01,N,-0.18,-0.023,0.96,58.6
CDLHIKKAKE,bear,rsi_mid_overbought,0.75,420,168,252,40.0,40.3,-0.12,N,-0.41,-0.036,0.92,41.7
CDLHIKKAKE,bear,rsi_mid_overbought,1.0,420,180,240,42.9,44.5,-0.7,N,-0.52,-0.042,0.9,28.8
CDLHIKKAKE,bear,rsi_mid_overbought,1.25,420,186,234,44.3,45.5,-0.5,N,-0.64,-0.051,0.89,22.6
CDLHIKKAKE,bear,rsi_mid_overbought,1.5,420,192,228,45.7,48.7,-1.23,N,-0.67,-0.05,0.89,16.4
CDLHIKKAKE,bear,rsi_mid_overbought,1.75,420,195,225,46.4,49.3,-1.2,N,-0.61,-0.05,0.9,11.2
CDLHIKKAKE,bear,rsi_mid_overbought,2.0,420,195,225,46.4,48.5,-0.83,N,-0.82,-0.066,0.87,9.3
CDLHIKKAKE,bear,rsi_mid_overbought,2.25,420,195,225,46.4,48.8,-0.97,N,-0.96,-0.082,0.85,7.9
CDLHIKKAKE,bear,rsi_mid_overbought,2.5,420,197,223,46.9,49.6,-1.09,N,-1.01,-0.072,0.84,6.0
CDLHIKKAKE,bear,rsi_mid_overbought,2.75,420,197,223,46.9,51.1,-1.72,N,-1.14,-0.083,0.83,5.0
CDLHIKKAKE,bear,rsi_mid_overbought,3.0,420,197,223,46.9,49.8,-1.19,N,-1.21,-0.089,0.82,4.3
CDLMARUBOZU,bull,atr_low,0.5,292,88,204,30.1,32.9,-1.02,N,-0.61,-0.025,0.86,62.0
CDLMARUBOZU,bull,atr_low,0.75,292,114,178,39.0,39.1,-0.01,N,-0.58,-0.033,0.88,44.5
CDLMARUBOZU,bull,atr_low,1.0,292,128,164,43.8,45.8,-0.69,N,-0.4,-0.02,0.92,30.8
CDLMARUBOZU,bull,atr_low,1.25,292,137,155,46.9,47.9,-0.33,N,-0.04,-0.002,0.99,19.5
CDLMARUBOZU,bull,atr_low,1.5,292,138,154,47.3,48.5,-0.44,N,-0.1,-0.006,0.98,13.7
CDLMARUBOZU,bull,atr_low,1.75,292,138,154,47.3,48.0,-0.25,N,-0.25,-0.018,0.95,11.6
CDLMARUBOZU,bull,atr_low,2.0,292,138,154,47.3,49.1,-0.64,N,-0.33,-0.029,0.94,8.9
CDLMARUBOZU,bull,atr_low,2.25,292,139,153,47.6,50.2,-0.9,N,-0.22,-0.015,0.96,5.8
CDLMARUBOZU,bull,atr_low,2.5,292,140,152,47.9,49.4,-0.5,N,-0.15,-0.005,0.97,4.5
CDLMARUBOZU,bull,atr_low,2.75,292,140,152,47.9,50.6,-0.9,N,-0.14,-0.001,0.97,3.1
CDLMARUBOZU,bull,atr_low,3.0,292,140,152,47.9,49.0,-0.37,N,-0.15,0.001,0.97,2.4
CDLHARAMI,bull,none,0.5,786,265,521,33.7,34.1,-0.21,N,-0.15,nan,0.97,59.5
CDLHARAMI,bull,none,0.75,786,324,462,41.2,41.4,-0.08,N,-0.11,nan,0.98,43.5
CDLHARAMI,bull,none,1.0,786,352,434,44.8,45.3,-0.32,N,0.25,nan,1.05,33.5
CDLHARAMI,bull,none,1.25,786,364,422,46.3,48.0,-0.96,N,0.23,nan,1.04,23.8
CDLHARAMI,bull,none,1.5,786,374,412,47.6,48.6,-0.56,N,0.45,nan,1.08,16.0
CDLHARAMI,bull,none,1.75,786,377,409,48.0,49.5,-0.84,N,0.44,nan,1.08,11.7
CDLHARAMI,bull,none,2.0,786,380,406,48.3,50.1,-0.99,N,0.57,nan,1.11,8.3
CDLHARAMI,bull,none,2.25,786,381,405,48.5,49.4,-0.54,N,0.66,nan,1.13,5.9
CDLHARAMI,bull,none,2.5,786,382,404,48.6,49.7,-0.6,N,0.62,nan,1.12,4.6
CDLHARAMI,bull,none,2.75,786,383,403,48.7,49.6,-0.51,N,0.59,nan,1.11,3.7
CDLHARAMI,bull,none,3.0,786,383,403,48.7,49.6,-0.51,N,0.51,nan,1.1,3.3
CDLMORNINGSTAR,bull,none,0.5,43,15,28,34.9,37.0,-0.29,N,-0.28,0.083,0.94,58.1
CDLMORNINGSTAR,bull,none,0.75,43,18,25,41.9,44.6,-0.36,N,-0.46,0.07,0.91,46.5
CDLMORNINGSTAR,bull,none,1.0,43,19,24,44.2,47.7,-0.46,N,-1.43,0.028,0.78,39.5
CDLMORNINGSTAR,bull,none,1.25,43,19,24,44.2,48.4,-0.56,N,-1.84,-0.026,0.74,34.9
CDLMORNINGSTAR,bull,none,1.5,43,19,24,44.2,47.3,-0.41,N,-2.86,-0.101,0.64,30.2
CDLMORNINGSTAR,bull,none,1.75,43,19,24,44.2,44.8,-0.08,N,-3.53,-0.117,0.59,23.3
CDLMORNINGSTAR,bull,none,2.0,43,19,24,44.2,48.4,-0.56,N,-4.35,-0.168,0.54,20.9
CDLMORNINGSTAR,bull,none,2.25,43,19,24,44.2,50.2,-0.79,N,-4.31,-0.157,0.54,16.3
CDLMORNINGSTAR,bull,none,2.5,43,19,24,44.2,46.1,-0.25,N,-4.26,-0.181,0.55,14.0
CDLMORNINGSTAR,bull,none,2.75,43,20,23,46.5,50.4,-0.51,N,-2.86,-0.134,0.64,9.3
CDLMORNINGSTAR,bull,none,3.0,43,20,23,46.5,47.3,-0.1,N,-3.01,-0.158,0.63,9.3
CDLDRAGONFLYDOJI,bull,trend_up,0.5,224,59,165,26.3,36.0,-3.03,N,-5.1,-0.159,0.34,66.5
CDLDRAGONFLYDOJI,bull,trend_up,0.75,224,69,155,30.8,40.3,-2.89,N,-7.39,-0.257,0.29,57.1
CDLDRAGONFLYDOJI,bull,trend_up,1.0,224,88,136,39.3,43.8,-1.36,N,-5.82,-0.215,0.4,38.4
CDLDRAGONFLYDOJI,bull,trend_up,1.25,224,102,122,45.5,48.0,-0.72,N,-2.51,-0.081,0.63,20.1
CDLDRAGONFLYDOJI,bull,trend_up,1.5,224,107,117,47.8,48.6,-0.26,N,-1.15,-0.024,0.8,11.6
CDLDRAGONFLYDOJI,bull,trend_up,1.75,224,108,116,48.2,49.1,-0.26,N,-0.14,0.005,0.97,7.1
CDLDRAGONFLYDOJI,bull,trend_up,2.0,224,108,116,48.2,49.0,-0.22,N,-0.02,0.008,1.0,5.4
CDLDRAGONFLYDOJI,bull,trend_up,2.25,224,108,116,48.2,49.6,-0.4,N,-0.02,0.004,1.0,4.9
CDLDRAGONFLYDOJI,bull,trend_up,2.5,224,109,115,48.7,49.0,-0.1,N,0.5,0.032,1.12,2.2
CDLDRAGONFLYDOJI,bull,trend_up,2.75,224,109,115,48.7,49.0,-0.11,N,0.6,0.033,1.15,1.8
CDLDRAGONFLYDOJI,bull,trend_up,3.0,224,109,115,48.7,51.2,-0.76,N,0.56,0.028,1.13,1.8
CDLLONGLINE,bear,rsi_mid_overbought,0.5,269,86,183,32.0,32.2,-0.1,N,-1.43,-0.053,0.66,60.2
CDLLONGLINE,bear,rsi_mid_overbought,0.75,269,101,168,37.5,40.9,-1.11,N,-1.61,-0.094,0.67,45.0
CDLLONGLINE,bear,rsi_mid_overbought,1.0,269,110,159,40.9,45.3,-1.45,N,-1.01,-0.097,0.81,33.5
CDLLONGLINE,bear,rsi_mid_overbought,1.25,269,116,153,43.1,47.1,-1.32,N,-0.67,-0.08,0.87,23.0
CDLLONGLINE,bear,rsi_mid_overbought,1.5,269,120,149,44.6,47.7,-1.02,N,-0.91,-0.087,0.84,18.6
CDLLONGLINE,bear,rsi_mid_overbought,1.75,269,121,148,45.0,47.6,-0.86,N,-1.15,-0.096,0.81,14.1
CDLLONGLINE,bear,rsi_mid_overbought,2.0,269,121,148,45.0,48.8,-1.25,N,-1.18,-0.098,0.8,9.3
CDLLONGLINE,bear,rsi_mid_overbought,2.25,269,121,148,45.0,48.5,-1.16,N,-1.18,-0.098,0.8,5.2
CDLLONGLINE,bear,rsi_mid_overbought,2.5,269,121,148,45.0,48.0,-0.99,N,-1.21,-0.102,0.8,3.3
CDLLONGLINE,bear,rsi_mid_overbought,2.75,269,122,147,45.4,49.2,-1.26,N,-1.09,-0.081,0.82,2.2
CDLLONGLINE,bear,rsi_mid_overbought,3.0,269,122,147,45.4,50.1,-1.54,N,-1.06,-0.076,0.82,1.9
CDLENGULFING,bull,trend_down,0.5,720,229,491,31.8,32.8,-0.57,N,-0.79,-0.029,0.84,61.9
CDLENGULFING,bull,trend_down,0.75,720,276,444,38.3,38.6,-0.17,N,-1.32,-0.065,0.79,48.1
CDLENGULFING,bull,trend_down,1.0,720,313,407,43.5,44.5,-0.54,N,-0.97,-0.048,0.85,34.7
CDLENGULFING,bull,trend_down,1.25,720,336,384,46.7,47.9,-0.66,N,-0.88,-0.042,0.87,25.1
CDLENGULFING,bull,trend_down,1.5,720,344,376,47.8,48.5,-0.4,N,-0.91,-0.039,0.87,18.3
CDLENGULFING,bull,trend_down,1.75,720,346,374,48.1,49.1,-0.55,N,-1.04,-0.053,0.85,14.7
CDLENGULFING,bull,trend_down,2.0,720,351,369,48.8,50.6,-1.01,N,-0.81,-0.041,0.88,10.0
CDLENGULFING,bull,trend_down,2.25,720,353,367,49.0,49.6,-0.32,N,-0.83,-0.031,0.88,7.1
CDLENGULFING,bull,trend_down,2.5,720,353,367,49.0,49.9,-0.46,N,-0.91,-0.038,0.87,5.8
CDLENGULFING,bull,trend_down,2.75,720,353,367,49.0,50.6,-0.84,N,-0.93,-0.041,0.87,4.3
CDLENGULFING,bull,trend_down,3.0,720,353,367,49.0,49.2,-0.11,N,-1.03,-0.048,0.86,4.0
CDLSTALLEDPATTERN,bear,trend_up,0.5,36,9,27,25.0,27.1,-0.28,N,-2.38,-0.159,0.52,66.7
CDLSTALLEDPATTERN,bear,trend_up,0.75,36,11,25,30.6,31.5,-0.12,N,-2.47,-0.186,0.53,41.7
CDLSTALLEDPATTERN,bear,trend_up,1.0,36,12,24,33.3,44.7,-1.37,N,-2.92,-0.224,0.5,33.3
CDLSTALLEDPATTERN,bear,trend_up,1.25,36,13,23,36.1,48.1,-1.45,N,-2.66,-0.173,0.55,19.4
CDLSTALLEDPATTERN,bear,trend_up,1.5,36,13,23,36.1,43.5,-0.9,N,-3.18,-0.222,0.51,19.4
CDLSTALLEDPATTERN,bear,trend_up,1.75,36,14,22,38.9,45.6,-0.81,N,-2.69,-0.181,0.56,11.1
CDLSTALLEDPATTERN,bear,trend_up,2.0,36,15,21,41.7,50.5,-1.06,N,-1.83,-0.12,0.65,2.8
CDLSTALLEDPATTERN,bear,trend_up,2.25,36,15,21,41.7,51.4,-1.17,N,-1.86,-0.127,0.65,2.8
CDLSTALLEDPATTERN,bear,trend_up,2.5,36,15,21,41.7,53.0,-1.36,N,-1.89,-0.134,0.65,2.8
CDLSTALLEDPATTERN,bear,trend_up,2.75,36,15,21,41.7,53.0,-1.36,N,-1.92,-0.141,0.64,2.8
CDLSTALLEDPATTERN,bear,trend_up,3.0,36,15,21,41.7,52.8,-1.34,N,-1.95,-0.148,0.64,2.8
CDLBELTHOLD,bear,trend_up,0.5,903,289,614,32.0,33.3,-0.85,N,-0.18,0.022,0.96,62.0
CDLBELTHOLD,bear,trend_up,0.75,903,356,547,39.4,40.2,-0.45,N,-0.53,0.004,0.9,46.6
CDLBELTHOLD,bear,trend_up,1.0,903,396,507,43.9,44.3,-0.24,N,-0.58,0.002,0.9,34.3
CDLBELTHOLD,bear,trend_up,1.25,903,420,483,46.5,47.2,-0.39,N,-0.2,0.015,0.97,23.7
CDLBELTHOLD,bear,trend_up,1.5,903,431,472,47.7,48.0,-0.17,N,-0.08,0.021,0.99,16.7
CDLBELTHOLD,bear,trend_up,1.75,903,437,466,48.4,49.0,-0.34,N,0.11,0.034,1.02,12.3
CDLBELTHOLD,bear,trend_up,2.0,903,437,466,48.4,49.0,-0.38,N,-0.0,0.023,1.0,9.6
CDLBELTHOLD,bear,trend_up,2.25,903,440,463,48.7,49.5,-0.44,N,0.09,0.03,1.02,7.3
CDLBELTHOLD,bear,trend_up,2.5,903,441,462,48.8,49.1,-0.14,N,0.04,0.027,1.01,5.6
CDLBELTHOLD,bear,trend_up,2.75,903,444,459,49.2,50.3,-0.65,N,0.16,0.039,1.03,3.8
CDLBELTHOLD,bear,trend_up,3.0,903,444,459,49.2,49.7,-0.3,N,0.1,0.034,1.02,3.4
CDLHARAMICROSS,bear,none,0.5,232,77,155,33.2,33.8,-0.21,N,1.35,0.006,1.3,58.2
CDLHARAMICROSS,bear,none,0.75,232,90,142,38.8,39.7,-0.27,N,0.67,-0.038,1.12,45.3
CDLHARAMICROSS,bear,none,1.0,232,102,130,44.0,45.7,-0.52,N,1.24,-0.035,1.22,34.5
CDLHARAMICROSS,bear,none,1.25,232,106,126,45.7,47.8,-0.66,N,1.43,-0.041,1.25,25.0
CDLHARAMICROSS,bear,none,1.5,232,109,123,47.0,48.2,-0.37,N,1.71,-0.022,1.31,16.4
CDLHARAMICROSS,bear,none,1.75,232,110,122,47.4,49.3,-0.58,N,1.38,-0.043,1.24,14.2
CDLHARAMICROSS,bear,none,2.0,232,110,122,47.4,49.2,-0.54,N,1.55,-0.053,1.27,11.2
CDLHARAMICROSS,bear,none,2.25,232,111,121,47.8,51.5,-1.13,N,1.74,-0.058,1.32,9.1
CDLHARAMICROSS,bear,none,2.5,232,112,120,48.3,49.4,-0.35,N,1.7,-0.052,1.31,6.9
CDLHARAMICROSS,bear,none,2.75,232,113,119,48.7,49.2,-0.14,N,1.7,-0.039,1.3,6.0
CDLHARAMICROSS,bear,none,3.0,232,113,119,48.7,49.2,-0.15,N,1.56,-0.052,1.27,5.6
CDL3OUTSIDE,bear,atr_high,0.5,167,58,109,34.7,35.3,-0.16,N,1.34,0.023,1.26,55.7
CDL3OUTSIDE,bear,atr_high,0.75,167,64,103,38.3,40.7,-0.63,N,0.04,-0.03,1.01,43.1
CDL3OUTSIDE,bear,atr_high,1.0,167,73,94,43.7,44.9,-0.31,N,0.93,-0.004,1.14,27.5
CDL3OUTSIDE,bear,atr_high,1.25,167,76,91,45.5,46.9,-0.35,N,4.15,0.064,1.72,16.2
CDL3OUTSIDE,bear,atr_high,1.5,167,78,89,46.7,47.3,-0.15,N,4.02,0.056,1.68,12.0
CDL3OUTSIDE,bear,atr_high,1.75,167,80,87,47.9,49.6,-0.44,N,4.56,0.099,1.83,6.6
CDL3OUTSIDE,bear,atr_high,2.0,167,80,87,47.9,49.8,-0.49,N,4.48,0.096,1.81,5.4
CDL3OUTSIDE,bear,atr_high,2.25,167,80,87,47.9,49.2,-0.34,N,4.59,0.102,1.84,3.6
CDL3OUTSIDE,bear,atr_high,2.5,167,81,86,48.5,50.4,-0.49,N,4.78,0.11,1.91,3.0
CDL3OUTSIDE,bear,atr_high,2.75,167,81,86,48.5,50.7,-0.58,N,4.82,0.115,1.92,1.2
CDL3OUTSIDE,bear,atr_high,3.0,167,81,86,48.5,50.8,-0.59,N,4.83,0.116,1.92,0.6
CDL3LINESTRIKE,bull,none,0.5,54,12,42,22.2,27.9,-0.94,N,1.95,-0.05,1.43,68.5
CDL3LINESTRIKE,bull,none,0.75,54,18,36,33.3,34.4,-0.17,N,1.63,0.001,1.29,53.7
CDL3LINESTRIKE,bull,none,1.0,54,19,35,35.2,38.9,-0.56,N,0.29,-0.074,1.04,46.3
CDL3LINESTRIKE,bull,none,1.25,54,19,35,35.2,42.7,-1.12,N,0.03,-0.129,1.0,35.2
CDL3LINESTRIKE,bull,none,1.5,54,22,32,40.7,50.0,-1.36,N,1.66,-0.018,1.26,24.1
CDL3LINESTRIKE,bull,none,1.75,54,22,32,40.7,46.1,-0.8,N,1.3,-0.054,1.19,20.4
CDL3LINESTRIKE,bull,none,2.0,54,23,31,42.6,48.3,-0.84,N,1.83,-0.004,1.29,13.0
CDL3LINESTRIKE,bull,none,2.25,54,24,30,44.4,52.6,-1.2,N,2.1,0.013,1.35,9.3
CDL3LINESTRIKE,bull,none,2.5,54,24,30,44.4,47.5,-0.45,N,1.81,-0.01,1.28,9.3
CDL3LINESTRIKE,bull,none,2.75,54,24,30,44.4,49.8,-0.79,N,1.52,-0.034,1.23,9.3
CDL3LINESTRIKE,bull,none,3.0,54,24,30,44.4,51.1,-0.98,N,1.23,-0.057,1.18,9.3
CDLSHOOTINGSTAR,bear,trend_down,0.5,32,11,21,34.4,35.9,-0.18,N,-2.01,0.032,0.75,50.0
CDLSHOOTINGSTAR,bear,trend_down,0.75,32,11,21,34.4,46.9,-1.42,N,-2.44,0.006,0.71,31.2
CDLSHOOTINGSTAR,bear,trend_down,1.0,32,11,21,34.4,45.1,-1.21,N,-3.36,-0.004,0.64,18.8
CDLSHOOTINGSTAR,bear,trend_down,1.25,32,11,21,34.4,50.3,-1.8,N,-4.55,-0.04,0.56,15.6
CDLSHOOTINGSTAR,bear,trend_down,1.5,32,11,21,34.4,49.7,-1.74,N,-4.17,-0.053,0.58,9.4
CDLSHOOTINGSTAR,bear,trend_down,1.75,32,11,21,34.4,49.2,-1.68,N,-3.39,0.003,0.63,0.0
CDLSHOOTINGSTAR,bear,trend_down,2.0,32,11,21,34.4,51.3,-1.92,N,-3.39,0.003,0.63,0.0
CDLSHOOTINGSTAR,bear,trend_down,2.25,32,11,21,34.4,46.4,-1.36,N,-3.39,0.003,0.63,0.0
CDLSHOOTINGSTAR,bear,trend_down,2.5,32,11,21,34.4,48.7,-1.62,N,-3.39,0.003,0.63,0.0
CDLSHOOTINGSTAR,bear,trend_down,2.75,32,11,21,34.4,48.7,-1.62,N,-3.39,0.003,0.63,0.0
CDLSHOOTINGSTAR,bear,trend_down,3.0,32,11,21,34.4,47.7,-1.5,N,-3.39,0.003,0.63,0.0
CDL3INSIDE,bear,atr_low,0.5,59,17,42,28.8,30.1,-0.21,N,2.26,0.331,1.43,67.8
CDL3INSIDE,bear,atr_low,0.75,59,19,40,32.2,36.4,-0.68,N,1.73,0.268,1.26,52.5
CDL3INSIDE,bear,atr_low,1.0,59,23,36,39.0,45.3,-0.98,N,1.78,0.287,1.25,37.3
CDL3INSIDE,bear,atr_low,1.25,59,24,35,40.7,45.6,-0.76,N,1.59,0.308,1.21,30.5
CDL3INSIDE,bear,atr_low,1.5,59,25,34,42.4,48.9,-1.0,N,1.8,0.318,1.24,23.7
CDL3INSIDE,bear,atr_low,1.75,59,25,34,42.4,47.6,-0.8,N,1.01,0.26,1.12,22.0
CDL3INSIDE,bear,atr_low,2.0,59,25,34,42.4,45.3,-0.46,N,0.28,0.213,1.03,20.3
CDL3INSIDE,bear,atr_low,2.25,59,25,34,42.4,48.6,-0.96,N,-0.36,0.173,0.96,18.6
CDL3INSIDE,bear,atr_low,2.5,59,25,34,42.4,47.3,-0.76,N,-0.63,0.138,0.94,16.9
CDL3INSIDE,bear,atr_low,2.75,59,25,34,42.4,47.6,-0.8,N,-0.19,0.129,0.98,13.6
CDL3INSIDE,bear,atr_low,3.0,59,26,33,44.1,49.7,-0.87,N,1.37,0.211,1.17,10.2
CDL3INSIDE,bull,trend_down,0.5,52,14,38,26.9,28.4,-0.23,N,0.93,0.062,1.2,67.3
CDL3INSIDE,bull,trend_down,0.75,52,15,37,28.8,38.5,-1.43,N,-0.41,-0.038,0.93,53.8
CDL3INSIDE,bull,trend_down,1.0,52,18,34,34.6,44.6,-1.44,N,0.13,-0.01,1.02,38.5
CDL3INSIDE,bull,trend_down,1.25,52,19,33,36.5,49.7,-1.9,N,-0.61,-0.016,0.92,32.7
CDL3INSIDE,bull,trend_down,1.5,52,20,32,38.5,50.2,-1.69,N,0.42,0.056,1.07,19.2
CDL3INSIDE,bull,trend_down,1.75,52,20,32,38.5,52.2,-1.99,N,0.01,0.021,1.0,13.5
CDL3INSIDE,bull,trend_down,2.0,52,20,32,38.5,50.0,-1.66,N,-0.34,-0.003,0.95,11.5
CDL3INSIDE,bull,trend_down,2.25,52,20,32,38.5,50.6,-1.76,N,-0.43,0.009,0.94,7.7
CDL3INSIDE,bull,trend_down,2.5,52,20,32,38.5,50.5,-1.73,N,-0.24,0.003,0.97,5.8
CDL3INSIDE,bull,trend_down,2.75,52,20,32,38.5,52.9,-2.08,N,-0.17,0.008,0.98,3.8
CDL3INSIDE,bull,trend_down,3.0,52,20,32,38.5,47.9,-1.36,N,0.26,0.051,1.04,1.9
CDLADVANCEBLOCK,bear,atr_low,0.5,126,40,86,31.7,32.9,-0.27,N,-0.7,-0.067,0.82,60.3
CDLADVANCEBLOCK,bear,atr_low,0.75,126,47,79,37.3,38.4,-0.24,N,-1.23,-0.108,0.74,43.7
CDLADVANCEBLOCK,bear,atr_low,1.0,126,50,76,39.7,43.3,-0.81,N,-1.79,-0.143,0.67,34.9
CDLADVANCEBLOCK,bear,atr_low,1.25,126,54,72,42.9,44.4,-0.36,N,-1.14,-0.11,0.77,21.4
CDLADVANCEBLOCK,bear,atr_low,1.5,126,54,72,42.9,48.0,-1.16,N,-1.54,-0.145,0.72,15.9
CDLADVANCEBLOCK,bear,atr_low,1.75,126,57,69,45.2,49.7,-1.01,N,-0.99,-0.092,0.81,9.5
CDLADVANCEBLOCK,bear,atr_low,2.0,126,58,68,46.0,48.1,-0.46,N,-0.98,-0.084,0.81,7.1
CDLADVANCEBLOCK,bear,atr_low,2.25,126,58,68,46.0,49.3,-0.73,N,-1.1,-0.092,0.8,5.6
CDLADVANCEBLOCK,bear,atr_low,2.5,126,58,68,46.0,49.6,-0.8,N,-1.19,-0.104,0.78,4.8
CDLADVANCEBLOCK,bear,atr_low,2.75,126,58,68,46.0,49.5,-0.77,N,-1.14,-0.103,0.79,2.4
CDLADVANCEBLOCK,bear,atr_low,3.0,126,58,68,46.0,48.0,-0.45,N,-1.19,-0.109,0.78,2.4
CDLBELTHOLD,bull,none,0.5,1664,514,1150,30.9,31.9,-0.86,N,-0.58,nan,0.89,62.3
CDLBELTHOLD,bull,none,0.75,1664,658,1006,39.5,40.4,-0.67,N,-0.56,nan,0.9,45.9
CDLBELTHOLD,bull,none,1.0,1664,727,937,43.7,44.0,-0.25,N,-0.61,nan,0.9,33.4
CDLBELTHOLD,bull,none,1.25,1664,762,902,45.8,46.4,-0.5,N,-0.54,nan,0.91,23.7
CDLBELTHOLD,bull,none,1.5,1664,782,882,47.0,48.1,-0.92,N,-0.53,nan,0.92,17.4
CDLBELTHOLD,bull,none,1.75,1664,791,873,47.5,49.1,-1.27,N,-0.36,nan,0.94,12.8
CDLBELTHOLD,bull,none,2.0,1664,794,870,47.7,49.6,-1.56,N,-0.44,nan,0.93,9.8
CDLBELTHOLD,bull,none,2.25,1664,799,865,48.0,49.3,-1.07,N,-0.39,nan,0.94,7.3
CDLBELTHOLD,bull,none,2.5,1664,800,864,48.1,49.6,-1.27,N,-0.38,nan,0.94,5.3
CDLBELTHOLD,bull,none,2.75,1664,803,861,48.3,49.7,-1.18,N,-0.33,nan,0.95,3.8
CDLBELTHOLD,bull,none,3.0,1664,803,861,48.3,50.0,-1.46,N,-0.36,nan,0.94,3.2
CDL3LINESTRIKE,bear,atr_low,0.5,37,7,30,18.9,29.7,-1.44,N,0.66,-0.118,1.14,73.0
CDL3LINESTRIKE,bear,atr_low,0.75,37,12,25,32.4,34.5,-0.26,N,0.93,-0.006,1.17,54.1
CDL3LINESTRIKE,bear,atr_low,1.0,37,12,25,32.4,40.5,-1.0,N,-0.38,-0.097,0.94,45.9
CDL3LINESTRIKE,bear,atr_low,1.25,37,12,25,32.4,41.9,-1.17,N,-0.59,-0.148,0.91,35.1
CDL3LINESTRIKE,bear,atr_low,1.5,37,13,24,35.1,44.1,-1.1,N,-0.02,-0.133,1.0,27.0
CDL3LINESTRIKE,bear,atr_low,1.75,37,13,24,35.1,43.2,-1.0,N,-0.37,-0.172,0.95,24.3
CDL3LINESTRIKE,bear,atr_low,2.0,37,14,23,37.8,55.0,-2.09,N,0.58,-0.086,1.09,13.5
CDL3LINESTRIKE,bear,atr_low,2.25,37,15,22,40.5,50.0,-1.15,N,1.15,-0.048,1.2,8.1
CDL3LINESTRIKE,bear,atr_low,2.5,37,15,22,40.5,56.5,-1.96,N,0.9,-0.069,1.15,8.1
CDL3LINESTRIKE,bear,atr_low,2.75,37,15,22,40.5,50.7,-1.23,N,0.65,-0.089,1.11,8.1
CDL3LINESTRIKE,bear,atr_low,3.0,37,15,22,40.5,52.0,-1.4,N,0.4,-0.109,1.06,8.1
CDLADVANCEBLOCK,bear,none,0.5,169,50,119,29.6,30.6,-0.29,N,-1.54,-0.097,0.65,60.9
CDLADVANCEBLOCK,bear,none,0.75,169,60,109,35.5,37.6,-0.57,N,-2.06,-0.132,0.6,41.4
CDLADVANCEBLOCK,bear,none,1.0,169,63,106,37.3,42.7,-1.41,N,-2.77,-0.178,0.54,34.3
CDLADVANCEBLOCK,bear,none,1.25,169,68,101,40.2,45.2,-1.3,N,-2.43,-0.152,0.59,22.5
CDLADVANCEBLOCK,bear,none,1.5,169,70,99,41.4,47.0,-1.45,N,-2.32,-0.16,0.61,14.8
CDLADVANCEBLOCK,bear,none,1.75,169,73,96,43.2,49.8,-1.72,N,-1.94,-0.124,0.67,9.5
CDLADVANCEBLOCK,bear,none,2.0,169,74,95,43.8,48.1,-1.13,N,-1.85,-0.111,0.68,6.5
CDLADVANCEBLOCK,bear,none,2.25,169,74,95,43.8,50.0,-1.62,N,-1.94,-0.117,0.67,4.7
CDLADVANCEBLOCK,bear,none,2.5,169,74,95,43.8,51.4,-1.98,N,-2.03,-0.127,0.66,4.1
CDLADVANCEBLOCK,bear,none,2.75,169,74,95,43.8,49.8,-1.55,N,-2.0,-0.128,0.66,2.4
CDLADVANCEBLOCK,bear,none,3.0,169,74,95,43.8,47.1,-0.87,N,-2.05,-0.134,0.66,2.4
CDLGAPSIDESIDEWHITE,bull,trend_up,0.5,21,6,15,28.6,44.4,-1.46,N,-3.1,-0.142,0.45,71.4
CDLGAPSIDESIDEWHITE,bull,trend_up,0.75,21,8,13,38.1,41.7,-0.33,N,-2.95,-0.111,0.54,42.9
CDLGAPSIDESIDEWHITE,bull,trend_up,1.0,21,9,12,42.9,47.2,-0.4,N,-1.38,-0.038,0.72,19.0
CDLGAPSIDESIDEWHITE,bull,trend_up,1.25,21,9,12,42.9,47.6,-0.44,N,-1.95,-0.048,0.65,14.3
CDLGAPSIDESIDEWHITE,bull,trend_up,1.5,21,9,12,42.9,50.8,-0.73,N,-2.14,-0.045,0.62,9.5
CDLGAPSIDESIDEWHITE,bull,trend_up,1.75,21,9,12,42.9,48.0,-0.47,N,-0.5,-0.002,0.88,4.8
CDLGAPSIDESIDEWHITE,bull,trend_up,2.0,21,9,12,42.9,48.0,-0.47,N,-0.66,-0.013,0.84,4.8
CDLGAPSIDESIDEWHITE,bull,trend_up,2.25,21,9,12,42.9,51.2,-0.76,N,-0.82,-0.025,0.81,4.8
CDLGAPSIDESIDEWHITE,bull,trend_up,2.5,21,9,12,42.9,48.8,-0.55,N,-0.98,-0.037,0.78,4.8
CDLGAPSIDESIDEWHITE,bull,trend_up,2.75,21,9,12,42.9,55.6,-1.17,N,-1.14,-0.049,0.76,4.8
CDLGAPSIDESIDEWHITE,bull,trend_up,3.0,21,9,12,42.9,51.6,-0.8,N,-1.3,-0.061,0.73,4.8
CDLLONGLINE,bull,atr_low,0.5,1379,441,938,32.0,32.5,-0.39,N,-0.07,0.015,0.98,62.1
CDLLONGLINE,bull,atr_low,0.75,1379,545,834,39.5,40.0,-0.38,N,-0.1,0.005,0.98,47.0
CDLLONGLINE,bull,atr_low,1.0,1379,612,767,44.4,45.1,-0.56,N,-0.07,0.011,0.99,34.3
CDLLONGLINE,bull,atr_low,1.25,1379,640,739,46.4,46.9,-0.33,N,0.05,0.011,1.01,24.1
CDLLONGLINE,bull,atr_low,1.5,1379,654,725,47.4,47.9,-0.35,N,-0.03,0.008,0.99,18.3
CDLLONGLINE,bull,atr_low,1.75,1379,664,715,48.2,49.0,-0.61,N,0.06,0.019,1.01,13.1
CDLLONGLINE,bull,atr_low,2.0,1379,665,714,48.2,49.0,-0.55,N,-0.01,0.015,1.0,9.6
CDLLONGLINE,bull,atr_low,2.25,1379,667,712,48.4,49.5,-0.85,N,-0.05,0.016,0.99,7.0
CDLLONGLINE,bull,atr_low,2.5,1379,668,711,48.4,49.6,-0.85,N,-0.04,0.015,0.99,5.2
CDLLONGLINE,bull,atr_low,2.75,1379,670,709,48.6,49.2,-0.43,N,-0.02,0.021,1.0,4.0
CDLLONGLINE,bull,atr_low,3.0,1379,670,709,48.6,50.4,-1.36,N,-0.05,0.02,0.99,3.3
CDLSTALLEDPATTERN,bear,atr_low,0.5,21,5,16,23.8,27.0,-0.33,N,-2.16,-0.207,0.44,61.9
CDLSTALLEDPATTERN,bear,atr_low,0.75,21,7,14,33.3,43.7,-0.95,N,-1.41,-0.178,0.59,38.1
CDLSTALLEDPATTERN,bear,atr_low,1.0,21,7,14,33.3,51.6,-1.67,N,-2.36,-0.265,0.47,33.3
CDLSTALLEDPATTERN,bear,atr_low,1.25,21,7,14,33.3,48.0,-1.35,N,-2.45,-0.299,0.46,23.8
CDLSTALLEDPATTERN,bear,atr_low,1.5,21,7,14,33.3,48.8,-1.42,N,-3.07,-0.358,0.4,23.8
CDLSTALLEDPATTERN,bear,atr_low,1.75,21,8,13,38.1,54.0,-1.46,N,-1.95,-0.265,0.55,9.5
CDLSTALLEDPATTERN,bear,atr_low,2.0,21,8,13,38.1,54.4,-1.5,N,-1.77,-0.258,0.57,4.8
CDLSTALLEDPATTERN,bear,atr_low,2.25,21,8,13,38.1,52.8,-1.35,N,-1.83,-0.27,0.57,4.8
CDLSTALLEDPATTERN,bear,atr_low,2.5,21,8,13,38.1,51.6,-1.24,N,-1.88,-0.282,0.56,4.8
CDLSTALLEDPATTERN,bear,atr_low,2.75,21,8,13,38.1,53.6,-1.42,N,-1.94,-0.294,0.55,4.8
CDLSTALLEDPATTERN,bear,atr_low,3.0,21,8,13,38.1,52.4,-1.31,N,-1.99,-0.306,0.55,4.8
CDLBELTHOLD,bear,trend_down,0.5,759,224,535,29.5,30.4,-0.55,N,-1.05,-0.064,0.81,62.8
CDLBELTHOLD,bear,trend_down,0.75,759,301,458,39.7,40.7,-0.61,N,-0.6,-0.044,0.9,45.2
CDLBELTHOLD,bear,trend_down,1.0,759,330,429,43.5,44.1,-0.34,N,-0.66,-0.041,0.9,32.3
CDLBELTHOLD,bear,trend_down,1.25,759,341,418,44.9,45.9,-0.52,N,-0.95,-0.063,0.86,23.7
CDLBELTHOLD,bear,trend_down,1.5,759,350,409,46.1,49.0,-1.61,N,-1.07,-0.066,0.85,18.3
CDLBELTHOLD,bear,trend_down,1.75,759,353,406,46.5,49.0,-1.37,N,-0.92,-0.064,0.87,13.4
CDLBELTHOLD,bear,trend_down,2.0,759,356,403,46.9,49.1,-1.2,N,-0.96,-0.065,0.87,10.0
CDLBELTHOLD,bear,trend_down,2.25,759,358,401,47.2,50.3,-1.73,N,-0.96,-0.066,0.87,7.4
CDLBELTHOLD,bear,trend_down,2.5,759,358,401,47.2,50.2,-1.69,N,-0.89,-0.064,0.88,4.9
CDLBELTHOLD,bear,trend_down,2.75,759,358,401,47.2,50.0,-1.58,N,-0.91,-0.068,0.87,4.0
CDLBELTHOLD,bear,trend_down,3.0,759,358,401,47.2,50.2,-1.67,N,-0.9,-0.068,0.88,3.0
CDLSTALLEDPATTERN,bear,none,0.5,36,9,27,25.0,27.5,-0.34,N,-2.38,-0.159,0.52,66.7
CDLSTALLEDPATTERN,bear,none,0.75,36,11,25,30.6,36.6,-0.75,N,-2.47,-0.186,0.53,41.7
CDLSTALLEDPATTERN,bear,none,1.0,36,12,24,33.3,46.5,-1.59,N,-2.92,-0.224,0.5,33.3
CDLSTALLEDPATTERN,bear,none,1.25,36,13,23,36.1,49.3,-1.58,N,-2.66,-0.173,0.55,19.4
CDLSTALLEDPATTERN,bear,none,1.5,36,13,23,36.1,46.1,-1.2,N,-3.18,-0.222,0.51,19.4
CDLSTALLEDPATTERN,bear,none,1.75,36,14,22,38.9,50.2,-1.36,N,-2.69,-0.181,0.56,11.1
CDLSTALLEDPATTERN,bear,none,2.0,36,15,21,41.7,50.2,-1.03,N,-1.83,-0.12,0.65,2.8
CDLSTALLEDPATTERN,bear,none,2.25,36,15,21,41.7,51.4,-1.17,N,-1.86,-0.127,0.65,2.8
CDLSTALLEDPATTERN,bear,none,2.5,36,15,21,41.7,51.9,-1.22,N,-1.89,-0.134,0.65,2.8
CDLSTALLEDPATTERN,bear,none,2.75,36,15,21,41.7,49.3,-0.92,N,-1.92,-0.141,0.64,2.8
CDLSTALLEDPATTERN,bear,none,3.0,36,15,21,41.7,51.2,-1.14,N,-1.95,-0.148,0.64,2.8
CDLHARAMI,bull,atr_high,0.5,247,91,156,36.8,37.9,-0.35,N,-0.77,0.001,0.85,55.9
CDLHARAMI,bull,atr_high,0.75,247,102,145,41.3,43.8,-0.8,N,-1.97,-0.045,0.7,44.1
CDLHARAMI,bull,atr_high,1.0,247,113,134,45.7,49.0,-1.03,N,-0.46,-0.031,0.92,30.8
CDLHARAMI,bull,atr_high,1.25,247,114,133,46.2,50.3,-1.32,N,-0.81,-0.055,0.87,21.1
CDLHARAMI,bull,atr_high,1.5,247,116,131,47.0,49.4,-0.76,N,-0.62,-0.036,0.9,13.4
CDLHARAMI,bull,atr_high,1.75,247,116,131,47.0,48.6,-0.52,N,-0.4,-0.028,0.93,8.9
CDLHARAMI,bull,atr_high,2.0,247,116,131,47.0,49.9,-0.93,N,-0.27,-0.03,0.95,6.5
CDLHARAMI,bull,atr_high,2.25,247,117,130,47.4,48.5,-0.36,N,-0.12,-0.029,0.98,4.5
CDLHARAMI,bull,atr_high,2.5,247,117,130,47.4,49.5,-0.68,N,-0.21,-0.037,0.96,3.6
CDLHARAMI,bull,atr_high,2.75,247,117,130,47.4,50.0,-0.82,N,-0.31,-0.046,0.95,3.6
CDLHARAMI,bull,atr_high,3.0,247,117,130,47.4,49.2,-0.56,N,-0.4,-0.054,0.93,3.2
CDLSHOOTINGSTAR,bear,none,0.5,92,31,61,33.7,35.6,-0.38,N,-0.76,-0.007,0.85,51.1
CDLSHOOTINGSTAR,bear,none,0.75,92,34,58,37.0,41.4,-0.86,N,-1.2,-0.044,0.78,37.0
CDLSHOOTINGSTAR,bear,none,1.0,92,39,53,42.4,47.5,-0.97,N,-0.96,0.014,0.83,19.6
CDLSHOOTINGSTAR,bear,none,1.25,92,40,52,43.5,45.7,-0.44,N,-1.02,0.001,0.83,14.1
CDLSHOOTINGSTAR,bear,none,1.5,92,40,52,43.5,47.7,-0.82,N,-1.01,-0.017,0.83,9.8
CDLSHOOTINGSTAR,bear,none,1.75,92,40,52,43.5,48.9,-1.04,N,-0.79,0.0,0.86,5.4
CDLSHOOTINGSTAR,bear,none,2.0,92,40,52,43.5,50.0,-1.25,N,-0.82,-0.003,0.85,3.3
CDLSHOOTINGSTAR,bear,none,2.25,92,40,52,43.5,48.6,-0.97,N,-0.84,-0.007,0.85,2.2
CDLSHOOTINGSTAR,bear,none,2.5,92,40,52,43.5,50.6,-1.37,N,-0.87,-0.012,0.85,2.2
CDLSHOOTINGSTAR,bear,none,2.75,92,40,52,43.5,50.2,-1.29,N,-0.91,-0.018,0.84,2.2
CDLSHOOTINGSTAR,bear,none,3.0,92,40,52,43.5,50.0,-1.25,N,-0.87,-0.014,0.85,1.1
CDLEVENINGSTAR,bear,rsi_mid_overbought,0.5,20,7,13,35.0,44.6,-0.86,N,-3.16,-0.059,0.41,60.0
CDLEVENINGSTAR,bear,rsi_mid_overbought,0.75,20,7,13,35.0,39.6,-0.42,N,-5.59,-0.189,0.28,55.0
CDLEVENINGSTAR,bear,rsi_mid_overbought,1.0,20,7,13,35.0,44.6,-0.86,N,-6.8,-0.277,0.24,45.0
CDLEVENINGSTAR,bear,rsi_mid_overbought,1.25,20,7,13,35.0,44.6,-0.86,N,-8.07,-0.373,0.21,40.0
CDLEVENINGSTAR,bear,rsi_mid_overbought,1.5,20,7,13,35.0,40.4,-0.49,N,-8.97,-0.429,0.2,30.0
CDLEVENINGSTAR,bear,rsi_mid_overbought,1.75,20,7,13,35.0,46.2,-1.01,N,-8.72,-0.42,0.2,20.0
CDLEVENINGSTAR,bear,rsi_mid_overbought,2.0,20,7,13,35.0,42.1,-0.64,N,-8.74,-0.434,0.2,10.0
CDLEVENINGSTAR,bear,rsi_mid_overbought,2.25,20,7,13,35.0,47.1,-1.08,N,-8.39,-0.351,0.21,5.0
CDLEVENINGSTAR,bear,rsi_mid_overbought,2.5,20,7,13,35.0,46.2,-1.01,N,-8.57,-0.363,0.2,5.0
CDLEVENINGSTAR,bear,rsi_mid_overbought,2.75,20,7,13,35.0,45.4,-0.94,N,-8.75,-0.376,0.2,5.0
CDLEVENINGSTAR,bear,rsi_mid_overbought,3.0,20,7,13,35.0,52.5,-1.57,N,-8.93,-0.388,0.2,5.0
CDLTAKURI,bull,rsi_overbought,0.5,39,8,31,20.5,31.2,-1.44,N,-4.57,-0.202,0.3,66.7
CDLTAKURI,bull,rsi_overbought,0.75,39,8,31,20.5,35.0,-1.9,N,-7.44,-0.35,0.21,61.5
CDLTAKURI,bull,rsi_overbought,1.0,39,11,28,28.2,42.3,-1.78,N,-8.16,-0.369,0.25,48.7
CDLTAKURI,bull,rsi_overbought,1.25,39,15,24,38.5,50.2,-1.47,N,-4.89,-0.188,0.46,25.6
CDLTAKURI,bull,rsi_overbought,1.5,39,15,24,38.5,48.1,-1.2,N,-4.64,-0.191,0.47,17.9
CDLTAKURI,bull,rsi_overbought,1.75,39,16,23,41.0,49.6,-1.07,N,-3.44,-0.167,0.55,12.8
CDLTAKURI,bull,rsi_overbought,2.0,39,16,23,41.0,47.0,-0.75,N,-3.61,-0.162,0.54,10.3
CDLTAKURI,bull,rsi_overbought,2.25,39,16,23,41.0,47.0,-0.75,N,-2.87,-0.132,0.59,7.7
CDLTAKURI,bull,rsi_overbought,2.5,39,17,22,43.6,47.2,-0.45,N,-2.03,-0.072,0.69,5.1
CDLTAKURI,bull,rsi_overbought,2.75,39,17,22,43.6,50.2,-0.83,N,-1.33,-0.045,0.77,2.6
CDLTAKURI,bull,rsi_overbought,3.0,39,17,22,43.6,48.7,-0.64,N,-1.42,-0.052,0.76,2.6
CDLHARAMI,bull,rsi_overbought,0.5,61,15,46,24.6,27.2,-0.46,N,-2.87,-0.218,0.32,65.6
CDLHARAMI,bull,rsi_overbought,0.75,61,17,44,27.9,33.3,-0.91,N,-4.11,-0.307,0.27,54.1
CDLHARAMI,bull,rsi_overbought,1.0,61,21,40,34.4,41.4,-1.1,N,-3.96,-0.303,0.36,42.6
CDLHARAMI,bull,rsi_overbought,1.25,61,23,38,37.7,44.4,-1.05,N,-4.06,-0.302,0.38,29.5
CDLHARAMI,bull,rsi_overbought,1.5,61,24,37,39.3,46.0,-1.05,N,-3.44,-0.277,0.42,19.7
CDLHARAMI,bull,rsi_overbought,1.75,61,25,36,41.0,50.0,-1.41,N,-3.44,-0.267,0.42,14.8
CDLHARAMI,bull,rsi_overbought,2.0,61,25,36,41.0,45.8,-0.75,N,-3.52,-0.275,0.41,9.8
CDLHARAMI,bull,rsi_overbought,2.25,61,25,36,41.0,51.0,-1.56,N,-3.77,-0.3,0.4,9.8
CDLHARAMI,bull,rsi_overbought,2.5,61,25,36,41.0,47.3,-0.98,N,-3.91,-0.318,0.39,8.2
CDLHARAMI,bull,rsi_overbought,2.75,61,25,36,41.0,51.2,-1.6,N,-4.05,-0.331,0.38,6.6
CDLHARAMI,bull,rsi_overbought,3.0,61,25,36,41.0,50.1,-1.43,N,-4.16,-0.34,0.37,4.9
CDLHARAMI,bull,rsi_oversold,0.5,29,9,20,31.0,37.1,-0.67,N,-2.47,-0.027,0.61,65.5
CDLHARAMI,bull,rsi_oversold,0.75,29,10,19,34.5,42.2,-0.85,N,-4.86,-0.114,0.45,51.7
CDLHARAMI,bull,rsi_oversold,1.0,29,11,18,37.9,42.2,-0.47,N,-2.63,-0.101,0.7,41.4
CDLHARAMI,bull,rsi_oversold,1.25,29,11,18,37.9,43.7,-0.62,N,-3.4,-0.154,0.64,31.0
CDLHARAMI,bull,rsi_oversold,1.5,29,12,17,41.4,45.7,-0.47,N,-2.49,-0.072,0.71,17.2
CDLHARAMI,bull,rsi_oversold,1.75,29,12,17,41.4,45.7,-0.47,N,-3.1,-0.1,0.66,13.8
CDLHARAMI,bull,rsi_oversold,2.0,29,12,17,41.4,47.4,-0.65,N,-3.13,-0.108,0.66,10.3
CDLHARAMI,bull,rsi_oversold,2.25,29,13,16,44.8,53.2,-0.9,N,-1.38,-0.047,0.82,6.9
CDLHARAMI,bull,rsi_oversold,2.5,29,13,16,44.8,49.4,-0.5,N,-1.63,-0.064,0.8,6.9
CDLHARAMI,bull,rsi_oversold,2.75,29,13,16,44.8,51.7,-0.74,N,-1.89,-0.081,0.77,6.9
CDLHARAMI,bull,rsi_oversold,3.0,29,13,16,44.8,50.0,-0.56,N,-2.14,-0.098,0.75,6.9
CDLXSIDEGAP3METHODS,bear,rsi_mid_overbought,0.5,23,6,17,26.1,36.6,-1.05,N,-2.19,-0.137,0.55,69.6
CDLXSIDEGAP3METHODS,bear,rsi_mid_overbought,0.75,23,6,17,26.1,36.2,-1.01,N,-3.48,-0.249,0.43,52.2
CDLXSIDEGAP3METHODS,bear,rsi_mid_overbought,1.0,23,7,16,30.4,48.9,-1.77,N,-4.16,-0.303,0.41,43.5
CDLXSIDEGAP3METHODS,bear,rsi_mid_overbought,1.25,23,8,15,34.8,44.9,-0.98,N,-3.91,-0.264,0.43,21.7
CDLXSIDEGAP3METHODS,bear,rsi_mid_overbought,1.5,23,9,14,39.1,52.9,-1.32,N,-3.32,-0.164,0.49,4.3
CDLXSIDEGAP3METHODS,bear,rsi_mid_overbought,1.75,23,9,14,39.1,47.8,-0.83,N,-3.4,-0.175,0.48,4.3
CDLXSIDEGAP3METHODS,bear,rsi_mid_overbought,2.0,23,9,14,39.1,47.5,-0.8,N,-3.48,-0.186,0.48,4.3
CDLXSIDEGAP3METHODS,bear,rsi_mid_overbought,2.25,23,9,14,39.1,48.9,-0.94,N,-3.56,-0.197,0.47,4.3
CDLXSIDEGAP3METHODS,bear,rsi_mid_overbought,2.5,23,9,14,39.1,44.6,-0.52,N,-3.64,-0.208,0.47,4.3
CDLXSIDEGAP3METHODS,bear,rsi_mid_overbought,2.75,23,9,14,39.1,46.0,-0.66,N,-3.73,-0.219,0.46,4.3
CDLXSIDEGAP3METHODS,bear,rsi_mid_overbought,3.0,23,9,14,39.1,49.6,-1.01,N,-3.81,-0.23,0.46,4.3
CDLTAKURI,bull,trend_up,0.5,221,57,164,25.8,34.8,-2.82,N,-5.22,-0.172,0.33,66.5
CDLTAKURI,bull,trend_up,0.75,221,66,155,29.9,39.3,-2.88,N,-7.48,-0.273,0.28,57.5
CDLTAKURI,bull,trend_up,1.0,221,86,135,38.9,44.8,-1.75,N,-5.74,-0.223,0.4,38.5
CDLTAKURI,bull,trend_up,1.25,221,100,121,45.2,48.6,-1.0,N,-2.59,-0.091,0.62,20.4
CDLTAKURI,bull,trend_up,1.5,221,104,117,47.1,49.3,-0.66,N,-1.21,-0.034,0.79,11.8
CDLTAKURI,bull,trend_up,1.75,221,105,116,47.5,50.8,-0.99,N,-0.19,-0.004,0.96,7.2
CDLTAKURI,bull,trend_up,2.0,221,105,116,47.5,50.4,-0.85,N,-0.07,-0.001,0.98,5.4
CDLTAKURI,bull,trend_up,2.25,221,105,116,47.5,51.3,-1.13,N,-0.06,-0.005,0.99,5.0
CDLTAKURI,bull,trend_up,2.5,221,106,115,48.0,50.5,-0.75,N,0.46,0.023,1.11,2.3
CDLTAKURI,bull,trend_up,2.75,221,106,115,48.0,49.7,-0.53,N,0.56,0.024,1.14,1.8
CDLTAKURI,bull,trend_up,3.0,221,106,115,48.0,49.7,-0.53,N,0.52,0.019,1.13,1.8
CDLBELTHOLD,bull,atr_low,0.5,1126,339,787,30.1,31.7,-1.13,N,-0.13,-0.006,0.97,63.6
CDLBELTHOLD,bull,atr_low,0.75,1126,440,686,39.1,40.3,-0.87,N,-0.19,-0.009,0.96,47.1
CDLBELTHOLD,bull,atr_low,1.0,1126,486,640,43.2,44.1,-0.62,N,-0.21,-0.013,0.96,34.7
CDLBELTHOLD,bull,atr_low,1.25,1126,509,617,45.2,46.6,-0.93,N,-0.17,-0.022,0.97,25.1
CDLBELTHOLD,bull,atr_low,1.5,1126,522,604,46.4,48.8,-1.63,N,-0.23,-0.022,0.96,18.8
CDLBELTHOLD,bull,atr_low,1.75,1126,529,597,47.0,49.5,-1.69,N,-0.07,-0.009,0.99,13.4
CDLBELTHOLD,bull,atr_low,2.0,1126,532,594,47.2,49.4,-1.48,N,-0.1,-0.013,0.98,10.1
CDLBELTHOLD,bull,atr_low,2.25,1126,534,592,47.4,49.7,-1.55,N,-0.12,-0.015,0.98,7.8
CDLBELTHOLD,bull,atr_low,2.5,1126,535,591,47.5,49.0,-1.01,N,-0.15,-0.017,0.97,5.8
CDLBELTHOLD,bull,atr_low,2.75,1126,537,589,47.7,49.4,-1.15,N,-0.13,-0.011,0.98,4.3
CDLBELTHOLD,bull,atr_low,3.0,1126,537,589,47.7,50.0,-1.54,N,-0.17,-0.014,0.97,3.6
CDLGRAVESTONEDOJI,bear,atr_high,0.5,64,22,42,34.4,38.5,-0.68,N,-1.18,-0.058,0.77,54.7
CDLGRAVESTONEDOJI,bear,atr_high,0.75,64,23,41,35.9,40.0,-0.66,N,-2.33,-0.128,0.62,35.9
CDLGRAVESTONEDOJI,bear,atr_high,1.0,64,26,38,40.6,47.7,-1.13,N,-1.96,-0.066,0.68,17.2
CDLGRAVESTONEDOJI,bear,atr_high,1.25,64,27,37,42.2,49.1,-1.1,N,-1.64,-0.068,0.72,10.9
CDLGRAVESTONEDOJI,bear,atr_high,1.5,64,27,37,42.2,48.6,-1.02,N,-2.06,-0.092,0.67,9.4
CDLGRAVESTONEDOJI,bear,atr_high,1.75,64,27,37,42.2,49.5,-1.17,N,-2.15,-0.089,0.66,4.7
CDLGRAVESTONEDOJI,bear,atr_high,2.0,64,27,37,42.2,50.3,-1.29,N,-2.36,-0.097,0.64,3.1
CDLGRAVESTONEDOJI,bear,atr_high,2.25,64,27,37,42.2,50.0,-1.25,N,-2.25,-0.097,0.65,1.6
CDLGRAVESTONEDOJI,bear,atr_high,2.5,64,27,37,42.2,50.0,-1.25,N,-2.29,-0.101,0.64,1.6
CDLGRAVESTONEDOJI,bear,atr_high,2.75,64,27,37,42.2,49.9,-1.23,N,-2.34,-0.105,0.64,1.6
CDLGRAVESTONEDOJI,bear,atr_high,3.0,64,27,37,42.2,53.3,-1.77,N,-2.34,-0.105,0.64,0.0
CDLMATCHINGLOW,bull,atr_low,0.5,129,33,96,25.6,33.5,-1.9,N,-3.45,-0.181,0.4,65.1
CDLMATCHINGLOW,bull,atr_low,0.75,129,40,89,31.0,39.3,-1.94,N,-4.71,-0.248,0.38,56.6
CDLMATCHINGLOW,bull,atr_low,1.0,129,48,81,37.2,43.0,-1.33,N,-4.0,-0.213,0.46,39.5
CDLMATCHINGLOW,bull,atr_low,1.25,129,52,77,40.3,47.0,-1.53,N,-3.93,-0.217,0.47,29.5
CDLMATCHINGLOW,bull,atr_low,1.5,129,54,75,41.9,47.5,-1.29,N,-2.87,-0.169,0.57,19.4
CDLMATCHINGLOW,bull,atr_low,1.75,129,55,74,42.6,47.8,-1.18,N,-2.98,-0.183,0.56,17.1
CDLMATCHINGLOW,bull,atr_low,2.0,129,55,74,42.6,45.6,-0.68,N,-3.13,-0.189,0.55,13.2
CDLMATCHINGLOW,bull,atr_low,2.25,129,55,74,42.6,50.3,-1.75,N,-3.09,-0.177,0.55,10.1
CDLMATCHINGLOW,bull,atr_low,2.5,129,55,74,42.6,50.6,-1.82,N,-3.4,-0.191,0.53,9.3
CDLMATCHINGLOW,bull,atr_low,2.75,129,55,74,42.6,49.9,-1.64,N,-3.77,-0.214,0.5,9.3
CDLMATCHINGLOW,bull,atr_low,3.0,129,56,73,43.4,50.2,-1.54,N,-3.52,-0.203,0.52,7.8
CDLEVENINGSTAR,bear,atr_low,0.5,36,8,28,22.2,30.8,-1.11,N,-3.33,-0.2,0.42,72.2
CDLEVENINGSTAR,bear,atr_low,0.75,36,9,27,25.0,30.3,-0.69,N,-5.52,-0.324,0.31,61.1
CDLEVENINGSTAR,bear,atr_low,1.0,36,11,25,30.6,39.8,-1.13,N,-4.41,-0.288,0.45,41.7
CDLEVENINGSTAR,bear,atr_low,1.25,36,11,25,30.6,46.5,-1.92,N,-4.57,-0.313,0.44,30.6
CDLEVENINGSTAR,bear,atr_low,1.5,36,11,25,30.6,49.3,-2.25,N,-4.98,-0.342,0.42,16.7
CDLEVENINGSTAR,bear,atr_low,1.75,36,11,25,30.6,49.3,-2.25,N,-4.82,-0.337,0.43,11.1
CDLEVENINGSTAR,bear,atr_low,2.0,36,11,25,30.6,52.1,-2.59,N,-4.8,-0.344,0.43,5.6
CDLEVENINGSTAR,bear,atr_low,2.25,36,11,25,30.6,53.5,-2.76,N,-4.4,-0.282,0.45,0.0
CDLEVENINGSTAR,bear,atr_low,2.5,36,11,25,30.6,51.4,-2.5,N,-4.4,-0.282,0.45,0.0
CDLEVENINGSTAR,bear,atr_low,2.75,36,11,25,30.6,44.7,-1.7,N,-4.4,-0.282,0.45,0.0
CDLEVENINGSTAR,bear,atr_low,3.0,36,11,25,30.6,48.8,-2.2,N,-4.4,-0.282,0.45,0.0
CDLADVANCEBLOCK,bear,atr_high,0.5,43,10,33,23.3,28.1,-0.71,N,-3.99,-0.185,0.33,62.8
CDLADVANCEBLOCK,bear,atr_high,0.75,43,13,30,30.2,36.4,-0.85,N,-4.49,-0.199,0.33,34.9
CDLADVANCEBLOCK,bear,atr_high,1.0,43,13,30,30.2,42.2,-1.6,N,-5.66,-0.282,0.28,32.6
CDLADVANCEBLOCK,bear,atr_high,1.25,43,14,29,32.6,43.2,-1.41,N,-6.19,-0.273,0.29,25.6
CDLADVANCEBLOCK,bear,atr_high,1.5,43,16,27,37.2,48.3,-1.45,N,-4.61,-0.205,0.38,11.6
CDLADVANCEBLOCK,bear,atr_high,1.75,43,16,27,37.2,45.9,-1.15,N,-4.72,-0.218,0.38,9.3
CDLADVANCEBLOCK,bear,atr_high,2.0,43,16,27,37.2,49.0,-1.55,N,-4.43,-0.187,0.39,4.7
CDLADVANCEBLOCK,bear,atr_high,2.25,43,16,27,37.2,48.3,-1.45,N,-4.43,-0.188,0.39,2.3
CDLADVANCEBLOCK,bear,atr_high,2.5,43,16,27,37.2,46.1,-1.17,N,-4.47,-0.194,0.39,2.3
CDLADVANCEBLOCK,bear,atr_high,2.75,43,16,27,37.2,50.0,-1.68,N,-4.51,-0.199,0.39,2.3
CDLADVANCEBLOCK,bear,atr_high,3.0,43,16,27,37.2,51.2,-1.83,N,-4.55,-0.205,0.38,2.3
CDLLONGLINE,bull,atr_high,0.5,497,150,347,30.2,35.0,-2.27,N,-1.71,-0.067,0.74,64.6
CDLLONGLINE,bull,atr_high,0.75,497,186,311,37.4,41.8,-1.96,N,-2.32,-0.074,0.71,47.5
CDLLONGLINE,bull,atr_high,1.0,497,211,286,42.5,44.2,-0.8,N,-1.62,-0.049,0.8,32.2
CDLLONGLINE,bull,atr_high,1.25,497,222,275,44.7,47.8,-1.4,N,-1.46,-0.05,0.82,23.5
CDLLONGLINE,bull,atr_high,1.5,497,226,271,45.5,49.0,-1.56,N,-1.44,-0.045,0.82,16.7
CDLLONGLINE,bull,atr_high,1.75,497,228,269,45.9,47.6,-0.75,N,-1.23,-0.045,0.85,12.9
CDLLONGLINE,bull,atr_high,2.0,497,228,269,45.9,49.1,-1.44,N,-1.37,-0.053,0.83,9.7
CDLLONGLINE,bull,atr_high,2.25,497,231,266,46.5,48.7,-1.0,N,-1.32,-0.038,0.84,6.6
CDLLONGLINE,bull,atr_high,2.5,497,232,265,46.7,48.7,-0.89,N,-1.24,-0.033,0.85,4.8
CDLLONGLINE,bull,atr_high,2.75,497,233,264,46.9,50.1,-1.41,N,-1.25,-0.033,0.85,3.6
CDLLONGLINE,bull,atr_high,3.0,497,233,264,46.9,50.9,-1.77,N,-1.35,-0.039,0.84,3.4
CDL3INSIDE,bull,none,0.5,96,26,70,27.1,31.9,-1.02,N,-0.05,0.12,0.99,69.8
CDL3INSIDE,bull,none,0.75,96,30,66,31.2,38.1,-1.38,N,-0.41,0.073,0.94,53.1
CDL3INSIDE,bull,none,1.0,96,36,60,37.5,41.3,-0.76,N,0.1,0.105,1.02,36.5
CDL3INSIDE,bull,none,1.25,96,37,59,38.5,47.4,-1.74,N,-0.46,0.086,0.94,30.2
CDL3INSIDE,bull,none,1.5,96,38,58,39.6,48.9,-1.82,N,-0.38,0.095,0.95,21.9
CDL3INSIDE,bull,none,1.75,96,39,57,40.6,47.4,-1.33,N,-0.7,0.067,0.91,17.7
CDL3INSIDE,bull,none,2.0,96,39,57,40.6,47.5,-1.35,N,-1.29,0.027,0.85,16.7
CDL3INSIDE,bull,none,2.25,96,39,57,40.6,47.0,-1.26,N,-1.74,0.007,0.8,14.6
CDL3INSIDE,bull,none,2.5,96,39,57,40.6,49.0,-1.65,N,-1.97,-0.019,0.78,12.5
CDL3INSIDE,bull,none,2.75,96,39,57,40.6,48.3,-1.5,N,-1.58,-0.014,0.82,8.3
CDL3INSIDE,bull,none,3.0,96,40,56,41.7,49.7,-1.58,N,-0.62,0.036,0.92,6.2
CDLGAPSIDESIDEWHITE,bull,none,0.5,29,8,21,27.6,45.1,-1.9,N,3.28,-0.054,1.64,62.1
CDLGAPSIDESIDEWHITE,bull,none,0.75,29,10,19,34.5,42.2,-0.85,N,3.33,-0.037,1.58,37.9
CDLGAPSIDESIDEWHITE,bull,none,1.0,29,12,17,41.4,50.6,-0.99,N,4.66,0.035,2.03,17.2
CDLGAPSIDESIDEWHITE,bull,none,1.25,29,12,17,41.4,51.1,-1.05,N,4.08,0.019,1.8,13.8
CDLGAPSIDESIDEWHITE,bull,none,1.5,29,12,17,41.4,56.0,-1.59,N,3.76,0.013,1.69,10.3
CDLGAPSIDESIDEWHITE,bull,none,1.75,29,12,17,41.4,51.1,-1.05,N,4.78,0.036,2.08,6.9
CDLGAPSIDESIDEWHITE,bull,none,2.0,29,12,17,41.4,51.1,-1.05,N,4.49,0.018,1.95,6.9
CDLGAPSIDESIDEWHITE,bull,none,2.25,29,12,17,41.4,51.7,-1.11,N,5.49,0.065,2.48,3.4
CDLGAPSIDESIDEWHITE,bull,none,2.5,29,12,17,41.4,49.4,-0.87,N,5.38,0.056,2.41,3.4
CDLGAPSIDESIDEWHITE,bull,none,2.75,29,12,17,41.4,48.6,-0.77,N,5.26,0.048,2.34,3.4
CDLGAPSIDESIDEWHITE,bull,none,3.0,29,12,17,41.4,52.3,-1.18,N,5.14,0.039,2.27,3.4
CDLLONGLINE,bear,trend_up,0.5,1097,350,747,31.9,34.0,-1.44,N,-0.54,0.014,0.88,63.4
CDLLONGLINE,bear,trend_up,0.75,1097,421,676,38.4,41.1,-1.86,N,-0.97,-0.013,0.83,49.0
CDLLONGLINE,bear,trend_up,1.0,1097,474,623,43.2,44.4,-0.77,N,-0.74,-0.006,0.88,35.1
CDLLONGLINE,bear,trend_up,1.25,1097,500,597,45.6,47.1,-1.04,N,-0.45,0.001,0.92,24.8
CDLLONGLINE,bear,trend_up,1.5,1097,508,589,46.3,48.0,-1.13,N,-0.59,-0.01,0.9,19.3
CDLLONGLINE,bear,trend_up,1.75,1097,517,580,47.1,49.0,-1.24,N,-0.41,0.007,0.93,14.0
CDLLONGLINE,bear,trend_up,2.0,1097,517,580,47.1,48.6,-0.95,N,-0.52,-0.002,0.92,10.6
CDLLONGLINE,bear,trend_up,2.25,1097,520,577,47.4,49.6,-1.46,N,-0.5,0.003,0.92,7.7
CDLLONGLINE,bear,trend_up,2.5,1097,522,575,47.6,48.7,-0.77,N,-0.47,0.004,0.92,6.0
CDLLONGLINE,bear,trend_up,2.75,1097,525,572,47.9,49.3,-0.96,N,-0.39,0.014,0.94,4.3
CDLLONGLINE,bear,trend_up,3.0,1097,525,572,47.9,50.0,-1.44,N,-0.44,0.011,0.93,3.6
CDL3LINESTRIKE,bear,trend_up,0.5,23,3,20,13.0,27.2,-1.52,N,4.64,-0.01,2.28,65.2
CDL3LINESTRIKE,bear,trend_up,0.75,23,6,17,26.1,35.1,-0.91,N,4.62,0.076,2.04,47.8
CDL3LINESTRIKE,bear,trend_up,1.0,23,6,17,26.1,39.1,-1.28,N,3.63,0.003,1.67,39.1
CDL3LINESTRIKE,bear,trend_up,1.25,23,6,17,26.1,41.3,-1.48,N,2.57,-0.087,1.4,34.8
CDL3LINESTRIKE,bear,trend_up,1.5,23,8,15,34.8,47.8,-1.25,N,5.61,0.03,2.26,21.7
CDL3LINESTRIKE,bear,trend_up,1.75,23,8,15,34.8,45.3,-1.01,N,5.24,-0.024,2.08,21.7
CDL3LINESTRIKE,bear,trend_up,2.0,23,9,14,39.1,51.8,-1.22,N,5.83,0.085,2.37,8.7
CDL3LINESTRIKE,bear,trend_up,2.25,23,9,14,39.1,52.5,-1.29,N,5.63,0.063,2.26,8.7
CDL3LINESTRIKE,bear,trend_up,2.5,23,9,14,39.1,47.5,-0.8,N,5.43,0.041,2.17,8.7
CDL3LINESTRIKE,bear,trend_up,2.75,23,9,14,39.1,55.8,-1.61,N,5.24,0.02,2.08,8.7
CDL3LINESTRIKE,bear,trend_up,3.0,23,9,14,39.1,55.1,-1.54,N,5.04,-0.002,2.0,8.7
CDLDRAGONFLYDOJI,bull,rsi_overbought,0.5,40,9,31,22.5,39.2,-2.16,N,-4.3,-0.181,0.35,65.0
CDLDRAGONFLYDOJI,bull,rsi_overbought,0.75,40,9,31,22.5,37.3,-1.93,N,-7.32,-0.328,0.24,60.0
CDLDRAGONFLYDOJI,bull,rsi_overbought,1.0,40,11,29,27.5,46.7,-2.43,N,-8.99,-0.391,0.23,50.0
CDLDRAGONFLYDOJI,bull,rsi_overbought,1.25,40,15,25,37.5,49.8,-1.55,N,-4.73,-0.191,0.46,25.0
CDLDRAGONFLYDOJI,bull,rsi_overbought,1.5,40,15,25,37.5,44.0,-0.82,N,-4.48,-0.194,0.47,17.5
CDLDRAGONFLYDOJI,bull,rsi_overbought,1.75,40,16,24,40.0,49.4,-1.19,N,-3.31,-0.17,0.55,12.5
CDLDRAGONFLYDOJI,bull,rsi_overbought,2.0,40,16,24,40.0,46.9,-0.87,N,-3.48,-0.166,0.54,10.0
CDLDRAGONFLYDOJI,bull,rsi_overbought,2.25,40,16,24,40.0,50.2,-1.29,N,-2.76,-0.136,0.6,7.5
CDLDRAGONFLYDOJI,bull,rsi_overbought,2.5,40,17,23,42.5,50.6,-1.03,N,-1.94,-0.078,0.69,5.0
CDLDRAGONFLYDOJI,bull,rsi_overbought,2.75,40,17,23,42.5,51.7,-1.16,N,-1.26,-0.052,0.77,2.5
CDLDRAGONFLYDOJI,bull,rsi_overbought,3.0,40,17,23,42.5,50.6,-1.03,N,-1.35,-0.058,0.76,2.5
CDLADVANCEBLOCK,bear,rsi_overbought,0.5,60,13,47,21.7,27.2,-0.97,N,-2.18,-0.176,0.52,65.0
CDLADVANCEBLOCK,bear,rsi_overbought,0.75,60,17,43,28.3,33.5,-0.84,N,-2.49,-0.205,0.53,46.7
CDLADVANCEBLOCK,bear,rsi_overbought,1.0,60,18,42,30.0,42.1,-1.9,N,-3.06,-0.251,0.49,36.7
CDLADVANCEBLOCK,bear,rsi_overbought,1.25,60,21,39,35.0,44.7,-1.51,N,-2.61,-0.203,0.57,25.0
CDLADVANCEBLOCK,bear,rsi_overbought,1.5,60,22,38,36.7,44.7,-1.25,N,-2.77,-0.215,0.56,15.0
CDLADVANCEBLOCK,bear,rsi_overbought,1.75,60,23,37,38.3,48.5,-1.57,N,-2.11,-0.174,0.66,11.7
CDLADVANCEBLOCK,bear,rsi_overbought,2.0,60,23,37,38.3,49.7,-1.76,N,-1.75,-0.14,0.7,5.0
CDLADVANCEBLOCK,bear,rsi_overbought,2.25,60,23,37,38.3,51.1,-1.98,N,-1.73,-0.135,0.7,3.3
CDLADVANCEBLOCK,bear,rsi_overbought,2.5,60,23,37,38.3,50.4,-1.87,N,-1.81,-0.143,0.69,3.3
CDLADVANCEBLOCK,bear,rsi_overbought,2.75,60,23,37,38.3,51.9,-2.11,N,-1.89,-0.151,0.68,3.3
CDLADVANCEBLOCK,bear,rsi_overbought,3.0,60,23,37,38.3,49.9,-1.79,N,-1.98,-0.16,0.67,3.3
CDLINVERTEDHAMMER,bull,trend_up,0.5,26,7,19,26.9,36.2,-0.99,N,-0.73,-0.136,0.87,69.2
CDLINVERTEDHAMMER,bull,trend_up,0.75,26,10,16,38.5,46.8,-0.85,N,3.38,0.312,1.57,42.3
CDLINVERTEDHAMMER,bull,trend_up,1.0,26,10,16,38.5,51.3,-1.31,N,2.27,0.253,1.32,34.6
CDLINVERTEDHAMMER,bull,trend_up,1.25,26,10,16,38.5,48.1,-0.98,N,1.47,0.209,1.19,26.9
CDLINVERTEDHAMMER,bull,trend_up,1.5,26,10,16,38.5,51.6,-1.34,N,1.34,0.215,1.17,11.5
CDLINVERTEDHAMMER,bull,trend_up,1.75,26,10,16,38.5,53.8,-1.57,N,0.59,0.186,1.07,11.5
CDLINVERTEDHAMMER,bull,trend_up,2.0,26,10,16,38.5,52.6,-1.44,N,2.85,0.28,1.44,3.8
CDLINVERTEDHAMMER,bull,trend_up,2.25,26,10,16,38.5,50.6,-1.24,N,2.57,0.27,1.38,3.8
CDLINVERTEDHAMMER,bull,trend_up,2.5,26,10,16,38.5,52.6,-1.44,N,2.29,0.261,1.33,3.8
CDLINVERTEDHAMMER,bull,trend_up,2.75,26,10,16,38.5,47.8,-0.95,N,2.01,0.251,1.28,3.8
CDLINVERTEDHAMMER,bull,trend_up,3.0,26,10,16,38.5,51.3,-1.31,N,1.73,0.242,1.23,3.8
CDLMORNINGSTAR,bull,rsi_mid_oversold,0.5,20,5,15,25.0,39.2,-1.3,N,-1.89,-0.14,0.63,60.0
CDLMORNINGSTAR,bull,rsi_mid_oversold,0.75,20,6,14,30.0,44.6,-1.31,N,-2.83,-0.165,0.56,50.0
CDLMORNINGSTAR,bull,rsi_mid_oversold,1.0,20,7,13,35.0,50.8,-1.42,N,-3.42,-0.146,0.56,40.0
CDLMORNINGSTAR,bull,rsi_mid_oversold,1.25,20,7,13,35.0,44.6,-0.86,N,-5.24,-0.246,0.45,40.0
CDLMORNINGSTAR,bull,rsi_mid_oversold,1.5,20,7,13,35.0,55.0,-1.8,N,-6.57,-0.32,0.4,35.0
CDLMORNINGSTAR,bull,rsi_mid_oversold,1.75,20,7,13,35.0,45.0,-0.9,N,-7.67,-0.352,0.36,30.0
CDLMORNINGSTAR,bull,rsi_mid_oversold,2.0,20,7,13,35.0,46.2,-1.01,N,-8.83,-0.411,0.33,25.0
CDLMORNINGSTAR,bull,rsi_mid_oversold,2.25,20,7,13,35.0,49.6,-1.3,N,-9.05,-0.39,0.32,20.0
CDLMORNINGSTAR,bull,rsi_mid_oversold,2.5,20,7,13,35.0,50.8,-1.42,N,-8.52,-0.405,0.34,15.0
CDLMORNINGSTAR,bull,rsi_mid_oversold,2.75,20,7,13,35.0,49.2,-1.27,N,-8.17,-0.411,0.35,10.0
CDLMORNINGSTAR,bull,rsi_mid_oversold,3.0,20,7,13,35.0,46.7,-1.05,N,-8.34,-0.436,0.34,10.0
CDLLONGLINE,bear,none,0.5,1887,595,1292,31.5,33.3,-1.64,N,-0.5,nan,0.9,62.6
CDLLONGLINE,bear,none,0.75,1887,737,1150,39.1,40.7,-1.42,N,-0.68,nan,0.88,46.9
CDLLONGLINE,bear,none,1.0,1887,829,1058,43.9,45.2,-1.15,N,-0.47,nan,0.92,33.6
CDLLONGLINE,bear,none,1.25,1887,868,1019,46.0,47.7,-1.44,N,-0.34,nan,0.94,23.9
CDLLONGLINE,bear,none,1.5,1887,887,1000,47.0,48.2,-1.03,N,-0.4,nan,0.94,17.8
CDLLONGLINE,bear,none,1.75,1887,899,988,47.6,48.7,-0.94,N,-0.27,nan,0.96,13.0
CDLLONGLINE,bear,none,2.0,1887,900,987,47.7,49.7,-1.74,N,-0.36,nan,0.94,9.6
CDLLONGLINE,bear,none,2.25,1887,905,982,48.0,49.1,-0.97,N,-0.38,nan,0.94,6.8
CDLLONGLINE,bear,none,2.5,1887,907,980,48.1,49.9,-1.63,N,-0.35,nan,0.95,5.1
CDLLONGLINE,bear,none,2.75,1887,910,977,48.2,49.7,-1.24,N,-0.34,nan,0.95,3.9
CDLLONGLINE,bear,none,3.0,1887,910,977,48.2,49.2,-0.87,N,-0.38,nan,0.94,3.3
CDLHARAMI,bull,trend_down,0.5,344,110,234,32.0,35.4,-1.34,N,-0.24,0.01,0.95,61.6
CDLHARAMI,bull,trend_down,0.75,344,132,212,38.4,40.7,-0.89,N,-0.76,-0.008,0.87,47.4
CDLHARAMI,bull,trend_down,1.0,344,141,203,41.0,44.1,-1.18,N,-0.37,-0.044,0.94,39.5
CDLHARAMI,bull,trend_down,1.25,344,147,197,42.7,47.1,-1.63,N,-0.34,-0.053,0.95,28.5
CDLHARAMI,bull,trend_down,1.5,344,150,194,43.6,50.2,-2.44,N,-0.2,-0.043,0.97,19.8
CDLHARAMI,bull,trend_down,1.75,344,150,194,43.6,48.4,-1.8,N,-0.18,-0.047,0.97,15.1
CDLHARAMI,bull,trend_down,2.0,344,151,193,43.9,50.5,-2.44,N,0.08,-0.037,1.01,9.9
CDLHARAMI,bull,trend_down,2.25,344,152,192,44.2,50.5,-2.33,N,0.2,-0.04,1.03,8.1
CDLHARAMI,bull,trend_down,2.5,344,152,192,44.2,50.6,-2.36,N,0.1,-0.045,1.02,6.1
CDLHARAMI,bull,trend_down,2.75,344,153,191,44.5,50.8,-2.33,N,0.12,-0.028,1.02,4.7
CDLHARAMI,bull,trend_down,3.0,344,153,191,44.5,51.4,-2.58,N,0.0,-0.036,1.0,4.4
CDLEVENINGSTAR,bear,none,0.5,50,13,37,26.0,32.3,-0.96,N,-2.84,-0.165,0.54,68.0
CDLEVENINGSTAR,bear,none,0.75,50,14,36,28.0,39.0,-1.59,N,-4.96,-0.282,0.4,56.0
CDLEVENINGSTAR,bear,none,1.0,50,16,34,32.0,46.8,-2.1,N,-4.69,-0.287,0.47,42.0
CDLEVENINGSTAR,bear,none,1.25,50,16,34,32.0,47.3,-2.17,N,-4.17,-0.287,0.5,28.0
CDLEVENINGSTAR,bear,none,1.5,50,16,34,32.0,49.5,-2.47,N,-4.58,-0.312,0.47,16.0
CDLEVENINGSTAR,bear,none,1.75,50,16,34,32.0,50.8,-2.66,N,-4.61,-0.319,0.47,12.0
CDLEVENINGSTAR,bear,none,2.0,50,16,34,32.0,46.5,-2.06,N,-4.74,-0.334,0.47,8.0
CDLEVENINGSTAR,bear,none,2.25,50,16,34,32.0,50.5,-2.62,N,-4.49,-0.291,0.48,2.0
CDLEVENINGSTAR,bear,none,2.5,50,16,34,32.0,50.2,-2.57,N,-4.57,-0.296,0.48,2.0
CDLEVENINGSTAR,bear,none,2.75,50,16,34,32.0,48.2,-2.29,N,-4.64,-0.301,0.47,2.0
CDLEVENINGSTAR,bear,none,3.0,50,16,34,32.0,46.7,-2.08,N,-4.71,-0.306,0.47,2.0
CDL3INSIDE,bull,atr_high,0.5,36,9,27,25.0,34.5,-1.2,N,-3.77,-0.208,0.3,72.2
CDL3INSIDE,bull,atr_high,0.75,36,11,25,30.6,40.5,-1.22,N,-3.81,-0.223,0.44,52.8
CDL3INSIDE,bull,atr_high,1.0,36,13,23,36.1,48.4,-1.47,N,-2.5,-0.162,0.59,33.3
CDL3INSIDE,bull,atr_high,1.25,36,13,23,36.1,44.9,-1.06,N,-3.64,-0.24,0.5,27.8
CDL3INSIDE,bull,atr_high,1.5,36,13,23,36.1,46.5,-1.25,N,-3.72,-0.225,0.5,16.7
CDL3INSIDE,bull,atr_high,1.75,36,14,22,38.9,50.2,-1.36,N,-3.25,-0.201,0.53,8.3
CDL3INSIDE,bull,atr_high,2.0,36,14,22,38.9,50.5,-1.39,N,-3.59,-0.221,0.51,8.3
CDL3INSIDE,bull,atr_high,2.25,36,14,22,38.9,51.6,-1.53,N,-3.93,-0.242,0.48,8.3
CDL3INSIDE,bull,atr_high,2.5,36,14,22,38.9,48.8,-1.19,N,-4.1,-0.257,0.47,5.6
CDL3INSIDE,bull,atr_high,2.75,36,14,22,38.9,48.4,-1.14,N,-3.79,-0.227,0.49,0.0
CDL3INSIDE,bull,atr_high,3.0,36,14,22,38.9,47.2,-1.0,N,-3.79,-0.227,0.49,0.0
CDLHARAMICROSS,bear,atr_high,0.5,68,21,47,30.9,37.0,-1.05,N,-0.62,-0.038,0.89,55.9
CDLHARAMICROSS,bear,atr_high,0.75,68,24,44,35.3,43.8,-1.41,N,-2.05,-0.116,0.73,45.6
CDLHARAMICROSS,bear,atr_high,1.0,68,27,41,39.7,50.0,-1.7,N,-0.75,-0.118,0.9,32.4
CDLHARAMICROSS,bear,atr_high,1.25,68,27,41,39.7,49.3,-1.58,N,-0.8,-0.14,0.89,22.1
CDLHARAMICROSS,bear,atr_high,1.5,68,27,41,39.7,47.3,-1.25,N,-1.02,-0.164,0.87,16.2
CDLHARAMICROSS,bear,atr_high,1.75,68,27,41,39.7,48.5,-1.46,N,-1.46,-0.196,0.82,13.2
CDLHARAMICROSS,bear,atr_high,2.0,68,27,41,39.7,48.2,-1.4,N,-1.13,-0.201,0.85,10.3
CDLHARAMICROSS,bear,atr_high,2.25,68,28,40,41.2,49.8,-1.41,N,-0.42,-0.188,0.94,7.4
CDLHARAMICROSS,bear,atr_high,2.5,68,28,40,41.2,51.7,-1.74,N,-0.48,-0.196,0.93,5.9
CDLHARAMICROSS,bear,atr_high,2.75,68,28,40,41.2,50.5,-1.54,N,-0.59,-0.211,0.92,5.9
CDLHARAMICROSS,bear,atr_high,3.0,68,28,40,41.2,49.8,-1.41,N,-0.65,-0.219,0.91,4.4
CDLSHOOTINGSTAR,bear,atr_high,0.5,28,7,21,25.0,39.9,-1.61,N,-5.16,-0.201,0.31,57.1
CDLSHOOTINGSTAR,bear,atr_high,0.75,28,7,21,25.0,42.6,-1.88,N,-6.55,-0.275,0.26,42.9
CDLSHOOTINGSTAR,bear,atr_high,1.0,28,9,19,32.1,46.7,-1.55,N,-7.61,-0.258,0.24,21.4
CDLSHOOTINGSTAR,bear,atr_high,1.25,28,10,18,35.7,47.9,-1.29,N,-7.67,-0.262,0.25,17.9
CDLSHOOTINGSTAR,bear,atr_high,1.5,28,10,18,35.7,46.1,-1.11,N,-7.02,-0.27,0.27,7.1
CDLSHOOTINGSTAR,bear,atr_high,1.75,28,10,18,35.7,48.2,-1.32,N,-7.21,-0.288,0.27,7.1
CDLSHOOTINGSTAR,bear,atr_high,2.0,28,10,18,35.7,47.6,-1.26,N,-7.25,-0.295,0.26,3.6
CDLSHOOTINGSTAR,bear,atr_high,2.25,28,10,18,35.7,50.0,-1.51,N,-7.32,-0.304,0.26,3.6
CDLSHOOTINGSTAR,bear,atr_high,2.5,28,10,18,35.7,51.2,-1.64,N,-7.38,-0.313,0.26,3.6
CDLSHOOTINGSTAR,bear,atr_high,2.75,28,10,18,35.7,50.3,-1.54,N,-7.44,-0.322,0.26,3.6
CDLSHOOTINGSTAR,bear,atr_high,3.0,28,10,18,35.7,52.1,-1.73,N,-7.28,-0.299,0.26,0.0
CDLEVENINGSTAR,bear,trend_up,0.5,24,6,18,25.0,36.1,-1.13,N,-4.43,-0.169,0.28,70.8
CDLEVENINGSTAR,bear,trend_up,0.75,24,6,18,25.0,46.9,-2.15,N,-7.24,-0.318,0.19,62.5
CDLEVENINGSTAR,bear,trend_up,1.0,24,6,18,25.0,45.5,-2.02,N,-9.03,-0.433,0.16,54.2
CDLEVENINGSTAR,bear,trend_up,1.25,24,6,18,25.0,43.4,-1.82,N,-9.08,-0.489,0.16,41.7
CDLEVENINGSTAR,bear,trend_up,1.5,24,6,18,25.0,48.6,-2.31,N,-9.99,-0.548,0.15,29.2
CDLEVENINGSTAR,bear,trend_up,1.75,24,6,18,25.0,51.7,-2.62,N,-9.94,-0.551,0.15,20.8
CDLEVENINGSTAR,bear,trend_up,2.0,24,6,18,25.0,47.9,-2.25,N,-10.11,-0.572,0.15,12.5
CDLEVENINGSTAR,bear,trend_up,2.25,24,6,18,25.0,51.7,-2.62,N,-9.74,-0.498,0.15,4.2
CDLEVENINGSTAR,bear,trend_up,2.5,24,6,18,25.0,45.5,-2.02,N,-9.89,-0.509,0.15,4.2
CDLEVENINGSTAR,bear,trend_up,2.75,24,6,18,25.0,45.8,-2.05,N,-10.04,-0.519,0.15,4.2
CDLEVENINGSTAR,bear,trend_up,3.0,24,6,18,25.0,49.3,-2.38,N,-10.19,-0.53,0.15,4.2
CDLMATCHINGLOW,bull,atr_high,0.5,65,15,50,23.1,35.9,-2.15,N,-5.34,-0.211,0.33,69.2
CDLMATCHINGLOW,bull,atr_high,0.75,65,18,47,27.7,40.1,-2.05,N,-6.97,-0.287,0.31,53.8
CDLMATCHINGLOW,bull,atr_high,1.0,65,21,44,32.3,47.2,-2.4,N,-6.36,-0.275,0.35,36.9
CDLMATCHINGLOW,bull,atr_high,1.25,65,23,42,35.4,46.4,-1.78,N,-3.72,-0.215,0.52,23.1
CDLMATCHINGLOW,bull,atr_high,1.5,65,25,40,38.5,46.9,-1.37,N,-2.47,-0.154,0.64,13.8
CDLMATCHINGLOW,bull,atr_high,1.75,65,25,40,38.5,47.7,-1.49,N,-2.66,-0.162,0.62,10.8
CDLMATCHINGLOW,bull,atr_high,2.0,65,25,40,38.5,53.2,-2.38,N,-2.69,-0.172,0.62,9.2
CDLMATCHINGLOW,bull,atr_high,2.25,65,25,40,38.5,49.6,-1.8,N,-2.4,-0.161,0.65,7.7
CDLMATCHINGLOW,bull,atr_high,2.5,65,26,39,40.0,47.1,-1.14,N,-2.29,-0.14,0.66,6.2
CDLMATCHINGLOW,bull,atr_high,2.75,65,26,39,40.0,47.9,-1.28,N,-2.6,-0.155,0.63,6.2
CDLMATCHINGLOW,bull,atr_high,3.0,65,26,39,40.0,48.3,-1.34,N,-2.77,-0.162,0.61,4.6
CDLHARAMICROSS,bear,rsi_overbought,0.5,21,3,18,14.3,27.0,-1.31,N,-3.96,-0.362,0.14,76.2
CDLHARAMICROSS,bear,rsi_overbought,0.75,21,3,18,14.3,31.0,-1.65,N,-5.79,-0.534,0.1,71.4
CDLHARAMICROSS,bear,rsi_overbought,1.0,21,4,17,19.0,36.1,-1.63,N,-6.22,-0.604,0.11,57.1
CDLHARAMICROSS,bear,rsi_overbought,1.25,21,5,16,23.8,40.5,-1.56,N,-6.05,-0.6,0.17,42.9
CDLHARAMICROSS,bear,rsi_overbought,1.5,21,5,16,23.8,43.3,-1.8,N,-5.93,-0.605,0.17,28.6
CDLHARAMICROSS,bear,rsi_overbought,1.75,21,6,15,28.6,46.8,-1.68,N,-5.84,-0.588,0.18,23.8
CDLHARAMICROSS,bear,rsi_overbought,2.0,21,6,15,28.6,50.0,-1.96,N,-5.73,-0.603,0.18,14.3
CDLHARAMICROSS,bear,rsi_overbought,2.25,21,6,15,28.6,50.0,-1.96,N,-5.95,-0.638,0.17,14.3
CDLHARAMICROSS,bear,rsi_overbought,2.5,21,6,15,28.6,49.6,-1.93,N,-6.18,-0.674,0.17,14.3
CDLHARAMICROSS,bear,rsi_overbought,2.75,21,6,15,28.6,44.8,-1.5,N,-6.4,-0.71,0.16,14.3
CDLHARAMICROSS,bear,rsi_overbought,3.0,21,6,15,28.6,46.4,-1.64,N,-6.49,-0.725,0.16,9.5
CDL3INSIDE,bear,rsi_mid_overbought,0.5,21,4,17,19.0,38.1,-1.8,N,-4.59,-0.318,0.14,81.0
CDL3INSIDE,bear,rsi_mid_overbought,0.75,21,4,17,19.0,35.7,-1.59,N,-6.75,-0.483,0.1,66.7
CDL3INSIDE,bear,rsi_mid_overbought,1.0,21,6,15,28.6,47.2,-1.71,N,-6.22,-0.461,0.16,47.6
CDL3INSIDE,bear,rsi_mid_overbought,1.25,21,6,15,28.6,42.9,-1.32,N,-6.51,-0.521,0.15,42.9
CDL3INSIDE,bear,rsi_mid_overbought,1.5,21,6,15,28.6,42.9,-1.32,N,-7.65,-0.623,0.13,38.1
CDL3INSIDE,bear,rsi_mid_overbought,1.75,21,6,15,28.6,51.6,-2.11,N,-8.68,-0.713,0.12,33.3
CDL3INSIDE,bear,rsi_mid_overbought,2.0,21,6,15,28.6,45.2,-1.53,N,-9.68,-0.796,0.11,33.3
CDL3INSIDE,bear,rsi_mid_overbought,2.25,21,6,15,28.6,44.4,-1.46,N,-10.68,-0.88,0.1,33.3
CDL3INSIDE,bear,rsi_mid_overbought,2.5,21,6,15,28.6,48.4,-1.82,N,-11.38,-0.952,0.09,28.6
CDL3INSIDE,bear,rsi_mid_overbought,2.75,21,6,15,28.6,48.8,-1.86,N,-11.75,-0.998,0.09,23.8
CDL3INSIDE,bear,rsi_mid_overbought,3.0,21,6,15,28.6,52.8,-2.22,N,-11.04,-0.928,0.1,19.0
CDLHANGINGMAN,bear,trend_down,0.5,112,34,78,30.4,36.7,-1.39,N,-1.22,-0.102,0.77,47.3
CDLHANGINGMAN,bear,trend_down,0.75,112,36,76,32.1,38.9,-1.47,N,-1.47,-0.13,0.75,27.7
CDLHANGINGMAN,bear,trend_down,1.0,112,37,75,33.0,45.9,-2.73,N,-1.85,-0.131,0.7,16.1
CDLHANGINGMAN,bear,trend_down,1.25,112,37,75,33.0,48.7,-3.32,N,-1.6,-0.136,0.73,9.8
CDLHANGINGMAN,bear,trend_down,1.5,112,37,75,33.0,48.7,-3.32,N,-1.61,-0.138,0.73,6.2
CDLHANGINGMAN,bear,trend_down,1.75,112,37,75,33.0,50.4,-3.67,N,-1.58,-0.137,0.74,3.6
CDLHANGINGMAN,bear,trend_down,2.0,112,37,75,33.0,49.8,-3.54,N,-1.58,-0.134,0.74,0.9
CDLHANGINGMAN,bear,trend_down,2.25,112,37,75,33.0,49.6,-3.5,N,-1.58,-0.132,0.74,0.0
CDLHANGINGMAN,bear,trend_down,2.5,112,37,75,33.0,48.9,-3.36,N,-1.58,-0.132,0.74,0.0
CDLHANGINGMAN,bear,trend_down,2.75,112,37,75,33.0,51.9,-4.0,N,-1.58,-0.132,0.74,0.0
CDLHANGINGMAN,bear,trend_down,3.0,112,37,75,33.0,49.1,-3.4,N,-1.58,-0.132,0.74,0.0
CDLMATCHINGLOW,bull,none,0.5,196,48,148,24.5,33.5,-2.69,N,-4.07,-0.195,0.37,66.8
CDLMATCHINGLOW,bull,none,0.75,196,58,138,29.6,41.2,-3.31,N,-5.46,-0.266,0.35,56.1
CDLMATCHINGLOW,bull,none,1.0,196,69,127,35.2,45.9,-3.0,N,-4.79,-0.238,0.41,38.8
CDLMATCHINGLOW,bull,none,1.25,196,75,121,38.3,48.5,-2.87,N,-3.87,-0.222,0.49,27.0
CDLMATCHINGLOW,bull,none,1.5,196,79,117,40.3,48.4,-2.27,N,-2.76,-0.169,0.59,17.3
CDLMATCHINGLOW,bull,none,1.75,196,80,116,40.8,49.5,-2.44,N,-2.89,-0.182,0.58,14.8
CDLMATCHINGLOW,bull,none,2.0,196,80,116,40.8,50.2,-2.63,N,-3.0,-0.189,0.57,11.7
CDLMATCHINGLOW,bull,none,2.25,196,80,116,40.8,49.5,-2.44,N,-2.88,-0.177,0.58,9.2
CDLMATCHINGLOW,bull,none,2.5,196,81,115,41.3,50.0,-2.43,N,-3.04,-0.179,0.57,8.2
CDLMATCHINGLOW,bull,none,2.75,196,81,115,41.3,50.1,-2.46,N,-3.39,-0.2,0.54,8.2
CDLMATCHINGLOW,bull,none,3.0,196,82,114,41.8,49.8,-2.24,N,-3.28,-0.195,0.55,6.6
CDLMATCHINGLOW,bull,trend_up,0.5,95,16,79,16.8,34.7,-3.66,N,-5.55,-0.26,0.25,71.6
CDLMATCHINGLOW,bull,trend_up,0.75,95,20,75,21.1,40.1,-3.79,N,-7.27,-0.345,0.24,58.9
CDLMATCHINGLOW,bull,trend_up,1.0,95,24,71,25.3,46.7,-4.18,N,-6.15,-0.31,0.29,36.8
CDLMATCHINGLOW,bull,trend_up,1.25,95,26,69,27.4,48.9,-4.19,N,-4.8,-0.297,0.36,25.3
CDLMATCHINGLOW,bull,trend_up,1.5,95,29,66,30.5,49.2,-3.64,N,-2.7,-0.183,0.53,10.5
CDLMATCHINGLOW,bull,trend_up,1.75,95,29,66,30.5,50.5,-3.9,N,-2.59,-0.185,0.54,8.4
CDLMATCHINGLOW,bull,trend_up,2.0,95,29,66,30.5,52.0,-4.19,N,-2.89,-0.206,0.51,8.4
CDLMATCHINGLOW,bull,trend_up,2.25,95,29,66,30.5,48.2,-3.44,N,-2.47,-0.183,0.55,6.3
CDLMATCHINGLOW,bull,trend_up,2.5,95,29,66,30.5,50.6,-3.92,N,-2.68,-0.199,0.53,6.3
CDLMATCHINGLOW,bull,trend_up,2.75,95,29,66,30.5,49.7,-3.74,N,-2.89,-0.214,0.51,6.3
CDLMATCHINGLOW,bull,trend_up,3.0,95,29,66,30.5,49.4,-3.68,N,-2.78,-0.214,0.52,4.2
