形态,方向,过滤器,SL,交易数,胜,负,胜率%,随机WR%,Z值,显著,平均盈亏,盈亏/ATR,盈亏比,止损率%
CDLSHORTLINE,bear,rsi_mid_overbought,0.5,80,34,46,42.5,30.3,2.37,Y,7.12,0.24,1.98,51.2
CDLSHORTLINE,bear,rsi_mid_overbought,0.75,80,48,32,60.0,44.9,2.72,Y,9.42,0.35,2.3,31.2
CDLSHORTLINE,bear,rsi_mid_overbought,1.0,80,50,30,62.5,46.8,2.82,Y,9.19,0.348,2.21,20.0
CDLSHORTLINE,bear,rsi_mid_overbought,1.25,80,52,28,65.0,48.2,3.0,Y,8.57,0.343,2.03,16.2
CDLSHORTLINE,bear,rsi_mid_overbought,1.5,80,52,28,65.0,47.8,3.08,Y,8.43,0.336,1.99,11.2
CDLSHORTLINE,bear,rsi_mid_overbought,1.75,80,54,26,67.5,47.6,3.56,Y,10.45,0.407,2.39,5.0
CDLSHORTLINE,bear,rsi_mid_overbought,2.0,80,54,26,67.5,48.3,3.43,Y,10.71,0.416,2.47,2.5
CDLSHORTLINE,bear,rsi_mid_overbought,2.25,80,54,26,67.5,49.5,3.22,Y,10.77,0.416,2.49,0.0
CDLSHORTLINE,bear,rsi_mid_overbought,2.5,80,54,26,67.5,48.4,3.41,Y,10.77,0.416,2.49,0.0
CDLSHORTLINE,bear,rsi_mid_overbought,2.75,80,54,26,67.5,50.0,3.13,Y,10.77,0.416,2.49,0.0
CDLSHORTLINE,bear,rsi_mid_overbought,3.0,80,54,26,67.5,50.2,3.09,Y,10.77,0.416,2.49,0.0
CDLHARAMI,bear,rsi_mid_overbought,0.5,30,14,16,46.7,33.1,1.58,N,10.33,0.347,2.75,53.3
CDLHARAMI,bear,rsi_mid_overbought,0.75,30,20,10,66.7,47.8,2.07,Y,12.6,0.504,3.17,30.0
CDLHARAMI,bear,rsi_mid_overbought,1.0,30,21,9,70.0,45.0,2.75,Y,12.47,0.49,3.09,16.7
CDLHARAMI,bear,rsi_mid_overbought,1.25,30,22,8,73.3,50.3,2.53,Y,12.68,0.508,3.08,13.3
CDLHARAMI,bear,rsi_mid_overbought,1.5,30,22,8,73.3,50.8,2.47,Y,12.46,0.505,2.97,10.0
CDLHARAMI,bear,rsi_mid_overbought,1.75,30,22,8,73.3,50.0,2.56,Y,12.04,0.489,2.79,6.7
CDLHARAMI,bear,rsi_mid_overbought,2.0,30,22,8,73.3,52.8,2.26,Y,11.61,0.473,2.62,6.7
CDLHARAMI,bear,rsi_mid_overbought,2.25,30,22,8,73.3,47.5,2.83,Y,11.18,0.456,2.47,6.7
CDLHARAMI,bear,rsi_mid_overbought,2.5,30,22,8,73.3,44.7,3.15,Y,10.75,0.439,2.34,6.7
CDLHARAMI,bear,rsi_mid_overbought,2.75,30,22,8,73.3,43.6,3.28,Y,10.32,0.423,2.22,6.7
CDLHARAMI,bear,rsi_mid_overbought,3.0,30,22,8,73.3,45.8,3.02,Y,9.89,0.406,2.11,6.7
CDLSPINNINGTOP,bear,rsi_mid_overbought,0.5,103,41,62,39.8,32.8,1.52,N,2.12,0.094,1.29,50.5
CDLSPINNINGTOP,bear,rsi_mid_overbought,0.75,103,53,50,51.5,40.7,2.22,Y,3.06,0.151,1.37,35.9
CDLSPINNINGTOP,bear,rsi_mid_overbought,1.0,103,58,45,56.3,46.5,1.99,Y,3.39,0.168,1.4,24.3
CDLSPINNINGTOP,bear,rsi_mid_overbought,1.25,103,60,43,58.3,46.4,2.42,Y,3.46,0.175,1.38,18.4
CDLSPINNINGTOP,bear,rsi_mid_overbought,1.5,103,62,41,60.2,48.1,2.45,Y,4.18,0.205,1.48,12.6
CDLSPINNINGTOP,bear,rsi_mid_overbought,1.75,103,64,39,62.1,46.9,3.09,Y,4.45,0.214,1.52,9.7
CDLSPINNINGTOP,bear,rsi_mid_overbought,2.0,103,64,39,62.1,49.9,2.48,Y,3.84,0.19,1.42,9.7
CDLSPINNINGTOP,bear,rsi_mid_overbought,2.25,103,65,38,63.1,51.0,2.46,Y,4.35,0.219,1.5,3.9
CDLSPINNINGTOP,bear,rsi_mid_overbought,2.5,103,65,38,63.1,50.4,2.58,Y,4.1,0.21,1.45,3.9
CDLSPINNINGTOP,bear,rsi_mid_overbought,2.75,103,65,38,63.1,50.0,2.66,Y,4.07,0.208,1.45,1.9
CDLSPINNINGTOP,bear,rsi_mid_overbought,3.0,103,65,38,63.1,50.5,2.56,Y,3.95,0.203,1.43,1.9
CDLSHORTLINE,bull,trend_up,0.5,221,86,135,38.9,33.0,1.88,Y,3.84,0.13,1.48,55.2
CDLSHORTLINE,bull,trend_up,0.75,221,110,111,49.8,42.2,2.27,Y,3.75,0.145,1.4,39.4
CDLSHORTLINE,bull,trend_up,1.0,221,124,97,56.1,48.8,2.16,Y,4.48,0.182,1.49,24.0
CDLSHORTLINE,bull,trend_up,1.25,221,125,96,56.6,49.4,2.12,Y,3.64,0.158,1.36,18.1
CDLSHORTLINE,bull,trend_up,1.5,221,126,95,57.0,50.9,1.83,Y,3.48,0.157,1.34,13.1
CDLSHORTLINE,bull,trend_up,1.75,221,128,93,57.9,50.9,2.09,Y,3.68,0.166,1.35,9.0
CDLSHORTLINE,bull,trend_up,2.0,221,129,92,58.4,50.4,2.37,Y,3.91,0.176,1.38,6.3
CDLSHORTLINE,bull,trend_up,2.25,221,129,92,58.4,49.1,2.75,Y,3.65,0.165,1.34,5.0
CDLSHORTLINE,bull,trend_up,2.5,221,129,92,58.4,50.8,2.26,Y,3.35,0.157,1.31,4.5
CDLSHORTLINE,bull,trend_up,2.75,221,129,92,58.4,50.4,2.37,Y,3.46,0.163,1.32,3.2
CDLSHORTLINE,bull,trend_up,3.0,221,129,92,58.4,49.6,2.61,Y,3.35,0.16,1.31,2.7
CDLMARUBOZU,bull,atr_low,0.5,65,28,37,43.1,33.5,1.64,N,2.05,0.083,1.29,55.4
CDLMARUBOZU,bull,atr_low,0.75,65,36,29,55.4,41.7,2.24,Y,2.84,0.108,1.4,36.9
CDLMARUBOZU,bull,atr_low,1.0,65,38,27,58.5,45.0,2.18,Y,2.28,0.095,1.29,26.2
CDLMARUBOZU,bull,atr_low,1.25,65,39,26,60.0,46.3,2.22,Y,1.19,0.057,1.13,23.1
CDLMARUBOZU,bull,atr_low,1.5,65,40,25,61.5,48.8,2.05,Y,0.73,0.035,1.08,16.9
CDLMARUBOZU,bull,atr_low,1.75,65,41,24,63.1,48.2,2.4,Y,0.63,0.046,1.07,13.8
CDLMARUBOZU,bull,atr_low,2.0,65,41,24,63.1,49.4,2.21,Y,-0.15,0.016,0.99,12.3
CDLMARUBOZU,bull,atr_low,2.25,65,41,24,63.1,50.8,1.98,Y,-0.87,-0.012,0.92,10.8
CDLMARUBOZU,bull,atr_low,2.5,65,41,24,63.1,50.1,2.09,Y,-0.99,-0.027,0.91,7.7
CDLMARUBOZU,bull,atr_low,2.75,65,41,24,63.1,47.3,2.55,Y,-1.39,-0.046,0.88,7.7
CDLMARUBOZU,bull,atr_low,3.0,65,41,24,63.1,51.4,1.88,Y,-1.78,-0.066,0.85,7.7
CDLSHORTLINE,bull,none,0.5,440,162,278,36.8,34.3,1.1,N,3.13,0.102,1.38,56.8
CDLSHORTLINE,bull,none,0.75,440,206,234,46.8,42.6,1.79,Y,2.79,0.114,1.29,41.1
CDLSHORTLINE,bull,none,1.0,440,234,206,53.2,49.5,1.57,N,2.98,0.138,1.3,27.0
CDLSHORTLINE,bull,none,1.25,440,239,201,54.3,49.5,2.03,Y,2.29,0.116,1.21,20.9
CDLSHORTLINE,bull,none,1.5,440,240,200,54.5,49.5,2.12,Y,2.08,0.106,1.18,15.0
CDLSHORTLINE,bull,none,1.75,440,242,198,55.0,49.9,2.12,Y,1.75,0.098,1.15,11.8
CDLSHORTLINE,bull,none,2.0,440,243,197,55.2,50.0,2.19,Y,2.03,0.111,1.18,7.3
CDLSHORTLINE,bull,none,2.25,440,244,196,55.5,49.5,2.51,Y,1.79,0.104,1.15,5.9
CDLSHORTLINE,bull,none,2.5,440,244,196,55.5,50.4,2.14,Y,1.4,0.092,1.11,5.5
CDLSHORTLINE,bull,none,2.75,440,244,196,55.5,50.6,2.05,Y,1.29,0.09,1.1,4.1
CDLSHORTLINE,bull,none,3.0,440,244,196,55.5,50.3,2.15,Y,1.55,0.09,1.13,3.0
CDLSHORTLINE,bull,atr_low,0.5,318,114,204,35.8,32.3,1.34,N,2.6,0.095,1.35,58.2
CDLSHORTLINE,bull,atr_low,0.75,318,153,165,48.1,42.2,2.12,Y,3.42,0.138,1.42,40.3
CDLSHORTLINE,bull,atr_low,1.0,318,169,149,53.1,48.5,1.67,Y,3.18,0.139,1.37,28.3
CDLSHORTLINE,bull,atr_low,1.25,318,172,146,54.1,49.4,1.67,Y,2.3,0.11,1.24,21.7
CDLSHORTLINE,bull,atr_low,1.5,318,173,145,54.4,49.0,1.92,Y,2.35,0.099,1.24,15.7
CDLSHORTLINE,bull,atr_low,1.75,318,175,143,55.0,49.7,1.91,Y,2.44,0.099,1.25,11.9
CDLSHORTLINE,bull,atr_low,2.0,318,176,142,55.3,51.5,1.36,N,2.89,0.118,1.31,7.2
CDLSHORTLINE,bull,atr_low,2.25,318,176,142,55.3,48.4,2.48,Y,2.65,0.105,1.27,6.0
CDLSHORTLINE,bull,atr_low,2.5,318,176,142,55.3,49.3,2.14,Y,2.41,0.094,1.24,5.3
CDLSHORTLINE,bull,atr_low,2.75,318,176,142,55.3,50.1,1.88,Y,2.49,0.095,1.25,3.8
CDLSHORTLINE,bull,atr_low,3.0,318,176,142,55.3,50.3,1.79,Y,2.47,0.092,1.25,2.8
CDLDOJI,bull,trend_down,0.5,165,64,101,38.8,35.4,0.92,N,2.65,0.025,1.36,56.4
CDLDOJI,bull,trend_down,0.75,165,77,88,46.7,43.7,0.77,N,3.33,0.038,1.39,43.6
CDLDOJI,bull,trend_down,1.0,165,82,83,49.7,46.4,0.86,N,2.79,0.002,1.29,37.0
CDLDOJI,bull,trend_down,1.25,165,85,80,51.5,47.8,0.95,N,3.71,-0.002,1.39,26.1
CDLDOJI,bull,trend_down,1.5,165,88,77,53.3,48.7,1.19,N,3.84,0.009,1.41,17.6
CDLDOJI,bull,trend_down,1.75,165,89,76,53.9,45.9,2.08,Y,3.88,0.012,1.42,13.3
CDLDOJI,bull,trend_down,2.0,165,91,74,55.2,49.0,1.57,N,4.92,0.061,1.59,7.9
CDLDOJI,bull,trend_down,2.25,165,91,74,55.2,50.1,1.31,N,4.81,0.055,1.57,6.7
CDLDOJI,bull,trend_down,2.5,165,91,74,55.2,49.4,1.47,N,4.47,0.039,1.51,6.7
CDLDOJI,bull,trend_down,2.75,165,91,74,55.2,49.8,1.38,N,4.18,0.024,1.46,6.1
CDLDOJI,bull,trend_down,3.0,165,92,73,55.8,50.0,1.48,N,4.65,0.055,1.54,4.2
CDLSHORTLINE,bull,rsi_overbought,0.5,27,10,17,37.0,30.6,0.73,N,2.42,0.096,1.27,59.3
CDLSHORTLINE,bull,rsi_overbought,0.75,27,14,13,51.9,38.3,1.45,N,3.26,0.115,1.36,37.0
CDLSHORTLINE,bull,rsi_overbought,1.0,27,18,9,66.7,54.3,1.29,N,10.91,0.374,3.04,14.8
CDLSHORTLINE,bull,rsi_overbought,1.25,27,18,9,66.7,50.9,1.64,N,10.02,0.337,2.6,14.8
CDLSHORTLINE,bull,rsi_overbought,1.5,27,18,9,66.7,52.2,1.51,N,11.64,0.404,3.51,3.7
CDLSHORTLINE,bull,rsi_overbought,1.75,27,18,9,66.7,53.4,1.38,N,11.41,0.394,3.35,3.7
CDLSHORTLINE,bull,rsi_overbought,2.0,27,18,9,66.7,54.9,1.22,N,11.18,0.385,3.2,3.7
CDLSHORTLINE,bull,rsi_overbought,2.25,27,18,9,66.7,53.1,1.41,N,10.95,0.376,3.06,3.7
CDLSHORTLINE,bull,rsi_overbought,2.5,27,18,9,66.7,46.9,2.06,Y,10.72,0.367,2.93,3.7
CDLSHORTLINE,bull,rsi_overbought,2.75,27,18,9,66.7,49.1,1.83,Y,11.72,0.407,3.58,0.0
CDLSHORTLINE,bull,rsi_overbought,3.0,27,18,9,66.7,51.2,1.6,N,11.72,0.407,3.58,0.0
CDLHARAMI,bull,trend_up,0.5,54,23,31,42.6,32.6,1.57,N,5.93,0.185,1.92,55.6
CDLHARAMI,bull,trend_up,0.75,54,31,23,57.4,45.2,1.8,Y,7.78,0.304,2.14,35.2
CDLHARAMI,bull,trend_up,1.0,54,34,20,63.0,50.5,1.84,Y,9.52,0.346,2.48,22.2
CDLHARAMI,bull,trend_up,1.25,54,34,20,63.0,50.5,1.84,Y,8.63,0.306,2.18,18.5
CDLHARAMI,bull,trend_up,1.5,54,34,20,63.0,49.2,2.02,Y,8.48,0.301,2.14,14.8
CDLHARAMI,bull,trend_up,1.75,54,34,20,63.0,49.4,2.0,Y,7.95,0.278,1.99,11.1
CDLHARAMI,bull,trend_up,2.0,54,34,20,63.0,52.3,1.57,N,7.51,0.261,1.89,7.4
CDLHARAMI,bull,trend_up,2.25,54,34,20,63.0,50.8,1.79,Y,7.07,0.243,1.8,7.4
CDLHARAMI,bull,trend_up,2.5,54,34,20,63.0,50.0,1.91,Y,6.85,0.242,1.75,5.6
CDLHARAMI,bull,trend_up,2.75,54,34,20,63.0,51.7,1.66,Y,6.47,0.228,1.68,5.6
CDLHARAMI,bull,trend_up,3.0,54,34,20,63.0,49.4,2.0,Y,6.09,0.214,1.62,5.6
CDLSPINNINGTOP,bull,trend_up,0.5,246,91,155,37.0,34.5,0.82,N,1.27,0.037,1.18,54.9
CDLSPINNINGTOP,bull,trend_up,0.75,246,115,131,46.7,42.1,1.47,N,2.51,0.069,1.32,39.4
CDLSPINNINGTOP,bull,trend_up,1.0,246,129,117,52.4,46.1,1.98,Y,2.87,0.081,1.35,29.7
CDLSPINNINGTOP,bull,trend_up,1.25,246,131,115,53.3,47.7,1.76,Y,2.65,0.075,1.3,20.7
CDLSPINNINGTOP,bull,trend_up,1.5,246,133,113,54.1,47.6,2.02,Y,2.63,0.073,1.29,16.7
CDLSPINNINGTOP,bull,trend_up,1.75,246,135,111,54.9,50.1,1.5,N,2.39,0.06,1.26,13.8
CDLSPINNINGTOP,bull,trend_up,2.0,246,135,111,54.9,50.3,1.43,N,2.05,0.045,1.21,10.6
CDLSPINNINGTOP,bull,trend_up,2.25,246,136,110,55.3,50.4,1.53,N,2.25,0.056,1.24,6.9
CDLSPINNINGTOP,bull,trend_up,2.5,246,136,110,55.3,50.7,1.45,N,1.95,0.043,1.2,6.5
CDLSPINNINGTOP,bull,trend_up,2.75,246,136,110,55.3,50.0,1.67,Y,1.88,0.039,1.19,4.9
CDLSPINNINGTOP,bull,trend_up,3.0,246,136,110,55.3,51.1,1.31,N,1.83,0.035,1.19,4.1
CDLRICKSHAWMAN,bull,atr_high,0.5,63,25,38,39.7,37.7,0.32,N,3.59,0.091,1.41,54.0
CDLRICKSHAWMAN,bull,atr_high,0.75,63,30,33,47.6,42.3,0.85,N,3.94,0.073,1.42,33.3
CDLRICKSHAWMAN,bull,atr_high,1.0,63,34,29,54.0,48.5,0.86,N,6.09,0.115,1.68,25.4
CDLRICKSHAWMAN,bull,atr_high,1.25,63,35,28,55.6,48.1,1.18,N,6.06,0.096,1.65,20.6
CDLRICKSHAWMAN,bull,atr_high,1.5,63,35,28,55.6,47.9,1.22,N,6.17,0.107,1.67,12.7
CDLRICKSHAWMAN,bull,atr_high,1.75,63,35,28,55.6,50.3,0.84,N,5.35,0.075,1.53,12.7
CDLRICKSHAWMAN,bull,atr_high,2.0,63,37,26,58.7,50.3,1.34,N,7.21,0.157,1.85,4.8
CDLRICKSHAWMAN,bull,atr_high,2.25,63,37,26,58.7,53.7,0.8,N,7.18,0.158,1.84,3.2
CDLRICKSHAWMAN,bull,atr_high,2.5,63,37,26,58.7,49.5,1.47,N,6.96,0.15,1.79,3.2
CDLRICKSHAWMAN,bull,atr_high,2.75,63,37,26,58.7,46.7,1.92,Y,6.74,0.142,1.75,3.2
CDLRICKSHAWMAN,bull,atr_high,3.0,63,37,26,58.7,51.1,1.22,N,7.04,0.152,1.81,1.6
CDLSPINNINGTOP,bull,none,0.5,507,182,325,35.9,34.8,0.52,N,1.48,nan,1.19,57.6
CDLSPINNINGTOP,bull,none,0.75,507,226,281,44.6,42.1,1.12,N,2.08,nan,1.23,42.0
CDLSPINNINGTOP,bull,none,1.0,507,254,253,50.1,46.5,1.64,N,2.52,nan,1.27,30.6
CDLSPINNINGTOP,bull,none,1.25,507,260,247,51.3,48.4,1.3,N,2.5,nan,1.26,21.5
CDLSPINNINGTOP,bull,none,1.5,507,263,244,51.9,47.6,1.92,Y,2.55,nan,1.26,16.4
CDLSPINNINGTOP,bull,none,1.75,507,266,241,52.5,48.5,1.77,Y,2.22,nan,1.22,13.2
CDLSPINNINGTOP,bull,none,2.0,507,268,239,52.9,50.3,1.13,N,2.37,nan,1.23,8.9
CDLSPINNINGTOP,bull,none,2.25,507,270,237,53.3,49.3,1.79,Y,2.39,nan,1.23,6.3
CDLSPINNINGTOP,bull,none,2.5,507,270,237,53.3,52.1,0.53,N,2.43,nan,1.24,5.7
CDLSPINNINGTOP,bull,none,2.75,507,270,237,53.3,51.0,1.0,N,2.3,nan,1.22,4.3
CDLSPINNINGTOP,bull,none,3.0,507,270,237,53.3,49.9,1.5,N,2.23,nan,1.21,3.7
CDLHIGHWAVE,bear,rsi_mid_overbought,0.5,62,19,43,30.6,28.5,0.38,N,-1.54,-0.056,0.81,56.5
CDLHIGHWAVE,bear,rsi_mid_overbought,0.75,62,28,34,45.2,37.4,1.27,N,0.39,0.042,1.04,37.1
CDLHIGHWAVE,bear,rsi_mid_overbought,1.0,62,31,31,50.0,43.1,1.09,N,0.08,0.034,1.01,29.0
CDLHIGHWAVE,bear,rsi_mid_overbought,1.25,62,33,29,53.2,48.7,0.72,N,0.94,0.075,1.09,19.4
CDLHIGHWAVE,bear,rsi_mid_overbought,1.5,62,35,27,56.5,46.2,1.61,N,2.08,0.126,1.21,12.9
CDLHIGHWAVE,bear,rsi_mid_overbought,1.75,62,36,26,58.1,46.1,1.89,Y,2.43,0.133,1.25,9.7
CDLHIGHWAVE,bear,rsi_mid_overbought,2.0,62,36,26,58.1,48.3,1.55,N,1.85,0.108,1.18,9.7
CDLHIGHWAVE,bear,rsi_mid_overbought,2.25,62,36,26,58.1,48.8,1.46,N,1.59,0.101,1.15,6.5
CDLHIGHWAVE,bear,rsi_mid_overbought,2.5,62,36,26,58.1,47.0,1.74,Y,1.18,0.085,1.11,6.5
CDLHIGHWAVE,bear,rsi_mid_overbought,2.75,62,36,26,58.1,53.8,0.68,N,1.13,0.082,1.1,3.2
CDLHIGHWAVE,bear,rsi_mid_overbought,3.0,62,36,26,58.1,49.1,1.42,N,0.92,0.074,1.08,3.2
CDLDOJI,bull,rsi_mid_oversold,0.5,146,57,89,39.0,34.5,1.16,N,1.63,0.02,1.22,55.5
CDLDOJI,bull,rsi_mid_oversold,0.75,146,70,76,47.9,41.1,1.68,Y,3.01,0.064,1.37,39.0
CDLDOJI,bull,rsi_mid_oversold,1.0,146,74,72,50.7,46.7,0.97,N,2.02,0.016,1.22,32.9
CDLDOJI,bull,rsi_mid_oversold,1.25,146,76,70,52.1,48.0,0.98,N,2.81,0.013,1.32,21.9
CDLDOJI,bull,rsi_mid_oversold,1.5,146,79,67,54.1,50.9,0.79,N,2.93,0.022,1.34,15.1
CDLDOJI,bull,rsi_mid_oversold,1.75,146,80,66,54.8,48.9,1.42,N,3.03,0.027,1.35,11.6
CDLDOJI,bull,rsi_mid_oversold,2.0,146,80,66,54.8,49.5,1.27,N,3.38,0.047,1.41,7.5
CDLDOJI,bull,rsi_mid_oversold,2.25,146,80,66,54.8,51.9,0.69,N,3.19,0.038,1.38,6.8
CDLDOJI,bull,rsi_mid_oversold,2.5,146,80,66,54.8,49.9,1.17,N,2.83,0.021,1.32,6.8
CDLDOJI,bull,rsi_mid_oversold,2.75,146,80,66,54.8,47.0,1.88,Y,2.48,0.003,1.27,6.8
CDLDOJI,bull,rsi_mid_oversold,3.0,146,81,65,55.5,48.8,1.61,N,2.96,0.034,1.34,4.8
CDLRICKSHAWMAN,bull,trend_down,0.5,125,48,77,38.4,36.9,0.36,N,1.86,-0.008,1.24,57.6
CDLRICKSHAWMAN,bull,trend_down,0.75,125,59,66,47.2,42.8,0.99,N,2.4,-0.01,1.28,43.2
CDLRICKSHAWMAN,bull,trend_down,1.0,125,64,61,51.2,46.6,1.03,N,2.55,-0.022,1.27,34.4
CDLRICKSHAWMAN,bull,trend_down,1.25,125,67,58,53.6,49.9,0.82,N,3.47,-0.019,1.38,24.0
CDLRICKSHAWMAN,bull,trend_down,1.5,125,69,56,55.2,48.8,1.43,N,3.69,-0.005,1.41,16.0
CDLRICKSHAWMAN,bull,trend_down,1.75,125,69,56,55.2,48.7,1.45,N,3.32,-0.021,1.35,13.6
CDLRICKSHAWMAN,bull,trend_down,2.0,125,71,54,56.8,48.9,1.77,Y,4.58,0.04,1.56,7.2
CDLRICKSHAWMAN,bull,trend_down,2.25,125,71,54,56.8,48.9,1.76,Y,4.58,0.04,1.56,5.6
CDLRICKSHAWMAN,bull,trend_down,2.5,125,71,54,56.8,52.0,1.07,N,4.29,0.026,1.5,5.6
CDLRICKSHAWMAN,bull,trend_down,2.75,125,71,54,56.8,49.3,1.68,Y,4.06,0.014,1.46,4.8
CDLRICKSHAWMAN,bull,trend_down,3.0,125,71,54,56.8,48.5,1.86,Y,4.17,0.023,1.48,4.0
CDLLONGLINE,bull,rsi_overbought,0.5,26,14,12,53.8,37.2,1.76,Y,24.14,1.045,4.94,46.2
CDLLONGLINE,bull,rsi_overbought,0.75,26,15,11,57.7,42.0,1.62,N,22.61,0.985,3.92,34.6
CDLLONGLINE,bull,rsi_overbought,1.0,26,16,10,61.5,43.6,1.85,Y,24.52,1.035,4.59,19.2
CDLLONGLINE,bull,rsi_overbought,1.25,26,16,10,61.5,49.4,1.24,N,23.38,0.987,3.94,19.2
CDLLONGLINE,bull,rsi_overbought,1.5,26,16,10,61.5,44.6,1.74,Y,23.47,0.991,3.98,11.5
CDLLONGLINE,bull,rsi_overbought,1.75,26,16,10,61.5,49.0,1.27,N,22.82,0.962,3.68,11.5
CDLLONGLINE,bull,rsi_overbought,2.0,26,16,10,61.5,46.8,1.51,N,22.17,0.934,3.42,11.5
CDLLONGLINE,bull,rsi_overbought,2.25,26,16,10,61.5,52.9,0.88,N,21.52,0.905,3.19,11.5
CDLLONGLINE,bull,rsi_overbought,2.5,26,16,10,61.5,49.0,1.27,N,20.87,0.876,2.99,11.5
CDLLONGLINE,bull,rsi_overbought,2.75,26,16,10,61.5,43.9,1.81,Y,20.22,0.847,2.82,11.5
CDLLONGLINE,bull,rsi_overbought,3.0,26,16,10,61.5,49.0,1.27,N,19.57,0.818,2.66,11.5
CDLGRAVESTONEDOJI,bear,rsi_mid_overbought,0.5,22,9,13,40.9,35.2,0.56,N,-0.15,-0.006,0.98,54.5
CDLGRAVESTONEDOJI,bear,rsi_mid_overbought,0.75,22,13,9,59.1,40.2,1.81,Y,0.42,0.107,1.04,27.3
CDLGRAVESTONEDOJI,bear,rsi_mid_overbought,1.0,22,13,9,59.1,47.3,1.1,N,1.36,0.09,1.16,18.2
CDLGRAVESTONEDOJI,bear,rsi_mid_overbought,1.25,22,13,9,59.1,47.7,1.07,N,0.94,0.079,1.11,13.6
CDLGRAVESTONEDOJI,bear,rsi_mid_overbought,1.5,22,14,8,63.6,48.5,1.42,N,3.32,0.159,1.42,9.1
CDLGRAVESTONEDOJI,bear,rsi_mid_overbought,1.75,22,14,8,63.6,53.8,0.93,N,2.8,0.141,1.33,4.5
CDLGRAVESTONEDOJI,bear,rsi_mid_overbought,2.0,22,14,8,63.6,54.5,0.86,N,2.47,0.129,1.28,4.5
CDLGRAVESTONEDOJI,bear,rsi_mid_overbought,2.25,22,14,8,63.6,52.3,1.07,N,3.08,0.151,1.38,0.0
CDLGRAVESTONEDOJI,bear,rsi_mid_overbought,2.5,22,14,8,63.6,45.5,1.71,Y,3.08,0.151,1.38,0.0
CDLGRAVESTONEDOJI,bear,rsi_mid_overbought,2.75,22,14,8,63.6,49.6,1.31,N,3.08,0.151,1.38,0.0
CDLGRAVESTONEDOJI,bear,rsi_mid_overbought,3.0,22,14,8,63.6,51.5,1.14,N,3.08,0.151,1.38,0.0
CDLHARAMI,bear,atr_low,0.5,88,28,60,31.8,32.0,-0.04,N,2.73,0.039,1.37,63.6
CDLHARAMI,bear,atr_low,0.75,88,43,45,48.9,39.7,1.76,Y,5.4,0.163,1.76,37.5
CDLHARAMI,bear,atr_low,1.0,88,47,41,53.4,46.8,1.25,N,6.12,0.196,1.8,27.3
CDLHARAMI,bear,atr_low,1.25,88,48,40,54.5,45.5,1.71,Y,6.03,0.184,1.77,19.3
CDLHARAMI,bear,atr_low,1.5,88,48,40,54.5,48.5,1.14,N,6.03,0.183,1.77,14.8
CDLHARAMI,bear,atr_low,1.75,88,48,40,54.5,48.1,1.21,N,5.83,0.171,1.72,9.1
CDLHARAMI,bear,atr_low,2.0,88,48,40,54.5,46.6,1.5,N,5.67,0.165,1.69,5.7
CDLHARAMI,bear,atr_low,2.25,88,48,40,54.5,48.8,1.08,N,5.47,0.155,1.65,4.5
CDLHARAMI,bear,atr_low,2.5,88,48,40,54.5,48.3,1.17,N,5.37,0.155,1.63,3.4
CDLHARAMI,bear,atr_low,2.75,88,48,40,54.5,47.7,1.28,N,5.18,0.146,1.59,3.4
CDLHARAMI,bear,atr_low,3.0,88,48,40,54.5,48.6,1.12,N,4.98,0.138,1.56,3.4
CDLHARAMICROSS,bull,atr_low,0.5,26,12,14,46.2,40.7,0.57,N,8.5,0.149,2.52,50.0
CDLHARAMICROSS,bull,atr_low,0.75,26,15,11,57.7,41.3,1.69,Y,10.15,0.222,3.02,26.9
CDLHARAMICROSS,bull,atr_low,1.0,26,15,11,57.7,46.8,1.11,N,9.44,0.183,2.64,19.2
CDLHARAMICROSS,bull,atr_low,1.25,26,16,10,61.5,49.4,1.24,N,10.12,0.22,2.86,11.5
CDLHARAMICROSS,bull,atr_low,1.5,26,16,10,61.5,46.5,1.54,N,11.34,0.278,3.68,3.8
CDLHARAMICROSS,bull,atr_low,1.75,26,16,10,61.5,55.4,0.62,N,11.18,0.268,3.54,3.8
CDLHARAMICROSS,bull,atr_low,2.0,26,16,10,61.5,49.0,1.27,N,11.34,0.278,3.67,0.0
CDLHARAMICROSS,bull,atr_low,2.25,26,16,10,61.5,49.0,1.27,N,11.34,0.278,3.67,0.0
CDLHARAMICROSS,bull,atr_low,2.5,26,16,10,61.5,44.6,1.74,Y,11.34,0.278,3.67,0.0
CDLHARAMICROSS,bull,atr_low,2.75,26,16,10,61.5,50.0,1.18,N,11.34,0.278,3.67,0.0
CDLHARAMICROSS,bull,atr_low,3.0,26,16,10,61.5,51.0,1.08,N,11.34,0.278,3.67,0.0
CDL3OUTSIDE,bull,none,0.5,131,47,84,35.9,35.8,0.03,N,1.03,nan,1.12,59.5
CDL3OUTSIDE,bull,none,0.75,131,62,69,47.3,43.0,1.0,N,1.46,nan,1.15,40.5
CDL3OUTSIDE,bull,none,1.0,131,68,63,51.9,44.7,1.67,Y,1.3,nan,1.13,29.8
CDL3OUTSIDE,bull,none,1.25,131,71,60,54.2,47.0,1.65,Y,3.26,nan,1.38,15.3
CDL3OUTSIDE,bull,none,1.5,131,71,60,54.2,46.7,1.72,Y,2.67,nan,1.29,13.0
CDL3OUTSIDE,bull,none,1.75,131,71,60,54.2,48.8,1.24,N,2.38,nan,1.25,10.7
CDL3OUTSIDE,bull,none,2.0,131,71,60,54.2,52.0,0.51,N,1.96,nan,1.2,7.6
CDL3OUTSIDE,bull,none,2.25,131,71,60,54.2,50.4,0.86,N,2.11,nan,1.22,4.6
CDL3OUTSIDE,bull,none,2.5,131,71,60,54.2,49.7,1.02,N,1.76,nan,1.18,4.6
CDL3OUTSIDE,bull,none,2.75,131,71,60,54.2,49.7,1.02,N,1.7,nan,1.17,3.1
CDL3OUTSIDE,bull,none,3.0,131,71,60,54.2,46.7,1.72,Y,1.72,nan,1.17,2.3
CDLHIGHWAVE,bull,rsi_mid_oversold,0.5,55,23,32,41.8,36.5,0.82,N,3.22,0.064,1.38,56.4
CDLHIGHWAVE,bull,rsi_mid_oversold,0.75,55,28,27,50.9,44.4,0.97,N,5.24,0.11,1.59,38.2
CDLHIGHWAVE,bull,rsi_mid_oversold,1.0,55,32,23,58.2,53.2,0.74,N,5.94,0.114,1.67,27.3
CDLHIGHWAVE,bull,rsi_mid_oversold,1.25,55,32,23,58.2,50.9,1.08,N,6.59,0.082,1.8,21.8
CDLHIGHWAVE,bull,rsi_mid_oversold,1.5,55,32,23,58.2,50.0,1.21,N,6.18,0.06,1.72,14.5
CDLHIGHWAVE,bull,rsi_mid_oversold,1.75,55,32,23,58.2,46.7,1.71,Y,6.1,0.05,1.7,10.9
CDLHIGHWAVE,bull,rsi_mid_oversold,2.0,55,32,23,58.2,49.8,1.24,N,7.54,0.126,2.04,3.6
CDLHIGHWAVE,bull,rsi_mid_oversold,2.25,55,32,23,58.2,50.8,1.1,N,7.39,0.117,1.99,3.6
CDLHIGHWAVE,bull,rsi_mid_oversold,2.5,55,32,23,58.2,48.9,1.37,N,7.23,0.108,1.95,3.6
CDLHIGHWAVE,bull,rsi_mid_oversold,2.75,55,32,23,58.2,49.5,1.28,N,7.08,0.099,1.91,3.6
CDLHIGHWAVE,bull,rsi_mid_oversold,3.0,55,32,23,58.2,48.2,1.48,N,6.92,0.09,1.88,3.6
CDLLONGLEGGEDDOJI,bull,trend_down,0.5,165,64,101,38.8,34.7,1.09,N,2.65,0.025,1.36,56.4
CDLLONGLEGGEDDOJI,bull,trend_down,0.75,165,77,88,46.7,41.0,1.49,N,3.33,0.038,1.39,43.6
CDLLONGLEGGEDDOJI,bull,trend_down,1.0,165,82,83,49.7,44.1,1.45,N,2.79,0.002,1.29,37.0
CDLLONGLEGGEDDOJI,bull,trend_down,1.25,165,85,80,51.5,47.6,1.01,N,3.71,-0.002,1.39,26.1
CDLLONGLEGGEDDOJI,bull,trend_down,1.5,165,88,77,53.3,47.9,1.39,N,3.84,0.009,1.41,17.6
CDLLONGLEGGEDDOJI,bull,trend_down,1.75,165,89,76,53.9,48.2,1.47,N,3.88,0.012,1.42,13.3
CDLLONGLEGGEDDOJI,bull,trend_down,2.0,165,91,74,55.2,49.9,1.35,N,4.92,0.061,1.59,7.9
CDLLONGLEGGEDDOJI,bull,trend_down,2.25,165,91,74,55.2,49.1,1.54,N,4.81,0.055,1.57,6.7
CDLLONGLEGGEDDOJI,bull,trend_down,2.5,165,91,74,55.2,48.5,1.7,Y,4.47,0.039,1.51,6.7
CDLLONGLEGGEDDOJI,bull,trend_down,2.75,165,91,74,55.2,51.4,0.96,N,4.18,0.024,1.46,6.1
CDLLONGLEGGEDDOJI,bull,trend_down,3.0,165,92,73,55.8,49.5,1.61,N,4.65,0.055,1.54,4.2
CDLGRAVESTONEDOJI,bear,atr_low,0.5,39,18,21,46.2,37.6,1.1,N,3.03,0.169,1.45,51.3
CDLGRAVESTONEDOJI,bear,atr_low,0.75,39,22,17,56.4,43.6,1.61,N,2.9,0.208,1.37,30.8
CDLGRAVESTONEDOJI,bear,atr_low,1.0,39,23,16,59.0,45.5,1.69,Y,3.05,0.188,1.39,25.6
CDLGRAVESTONEDOJI,bear,atr_low,1.25,39,23,16,59.0,51.5,0.93,N,2.05,0.146,1.23,20.5
CDLGRAVESTONEDOJI,bear,atr_low,1.5,39,24,15,61.5,48.3,1.66,Y,3.77,0.199,1.48,10.3
CDLGRAVESTONEDOJI,bear,atr_low,1.75,39,24,15,61.5,52.1,1.18,N,3.29,0.176,1.39,7.7
CDLGRAVESTONEDOJI,bear,atr_low,2.0,39,24,15,61.5,53.2,1.04,N,2.91,0.157,1.33,7.7
CDLGRAVESTONEDOJI,bear,atr_low,2.25,39,24,15,61.5,53.0,1.07,N,3.07,0.156,1.35,5.1
CDLGRAVESTONEDOJI,bear,atr_low,2.5,39,24,15,61.5,49.4,1.52,N,3.48,0.185,1.42,2.6
CDLGRAVESTONEDOJI,bear,atr_low,2.75,39,24,15,61.5,49.6,1.49,N,3.39,0.178,1.41,2.6
CDLGRAVESTONEDOJI,bear,atr_low,3.0,39,24,15,61.5,49.8,1.47,N,3.29,0.172,1.39,2.6
CDLLONGLEGGEDDOJI,bull,atr_high,0.5,87,33,54,37.9,38.4,-0.09,N,1.37,0.047,1.14,54.0
CDLLONGLEGGEDDOJI,bull,atr_high,0.75,87,40,47,46.0,42.7,0.61,N,1.35,0.035,1.12,36.8
CDLLONGLEGGEDDOJI,bull,atr_high,1.0,87,44,43,50.6,46.2,0.82,N,1.44,0.034,1.12,31.0
CDLLONGLEGGEDDOJI,bull,atr_high,1.25,87,45,42,51.7,49.0,0.5,N,1.23,0.005,1.1,25.3
CDLLONGLEGGEDDOJI,bull,atr_high,1.5,87,46,41,52.9,43.9,1.69,Y,1.83,0.026,1.15,16.1
CDLLONGLEGGEDDOJI,bull,atr_high,1.75,87,46,41,52.9,48.2,0.88,N,1.68,0.007,1.13,12.6
CDLLONGLEGGEDDOJI,bull,atr_high,2.0,87,48,39,55.2,48.4,1.27,N,3.25,0.078,1.29,5.7
CDLLONGLEGGEDDOJI,bull,atr_high,2.25,87,48,39,55.2,50.5,0.88,N,3.37,0.082,1.31,3.4
CDLLONGLEGGEDDOJI,bull,atr_high,2.5,87,48,39,55.2,48.3,1.29,N,3.16,0.073,1.28,3.4
CDLLONGLEGGEDDOJI,bull,atr_high,2.75,87,48,39,55.2,50.0,0.96,N,2.94,0.064,1.26,3.4
CDLLONGLEGGEDDOJI,bull,atr_high,3.0,87,48,39,55.2,49.0,1.14,N,3.11,0.069,1.27,2.3
CDLMARUBOZU,bull,none,0.5,99,42,57,42.4,36.4,1.25,N,2.25,0.129,1.29,54.5
CDLMARUBOZU,bull,none,0.75,99,51,48,51.5,44.2,1.47,N,2.05,0.125,1.24,37.4
CDLMARUBOZU,bull,none,1.0,99,53,46,53.5,49.2,0.87,N,1.39,0.104,1.15,26.3
CDLMARUBOZU,bull,none,1.25,99,54,45,54.5,48.6,1.19,N,0.71,0.076,1.07,22.2
CDLMARUBOZU,bull,none,1.5,99,56,43,56.6,50.5,1.21,N,0.29,0.061,1.03,17.2
CDLMARUBOZU,bull,none,1.75,99,57,42,57.6,49.5,1.61,N,0.35,0.068,1.03,13.1
CDLMARUBOZU,bull,none,2.0,99,57,42,57.6,49.9,1.52,N,-0.19,0.046,0.98,10.1
CDLMARUBOZU,bull,none,2.25,99,57,42,57.6,49.1,1.69,Y,-0.77,0.022,0.93,9.1
CDLMARUBOZU,bull,none,2.5,99,57,42,57.6,52.1,1.09,N,-0.88,0.01,0.93,6.1
CDLMARUBOZU,bull,none,2.75,99,57,42,57.6,50.1,1.49,N,-1.18,-0.005,0.9,6.1
CDLMARUBOZU,bull,none,3.0,99,57,42,57.6,51.9,1.14,N,-1.48,-0.02,0.88,6.1
CDLLONGLINE,bear,rsi_oversold,0.5,26,8,18,30.8,25.6,0.6,N,4.65,-0.003,1.43,69.2
CDLLONGLINE,bear,rsi_oversold,0.75,26,13,13,50.0,39.1,1.14,N,17.13,0.288,2.71,46.2
CDLLONGLINE,bear,rsi_oversold,1.0,26,14,12,53.8,40.4,1.4,N,16.56,0.263,2.56,34.6
CDLLONGLINE,bear,rsi_oversold,1.25,26,15,11,57.7,45.8,1.21,N,15.88,0.262,2.32,30.8
CDLLONGLINE,bear,rsi_oversold,1.5,26,16,10,61.5,48.1,1.37,N,16.38,0.283,2.4,23.1
CDLLONGLINE,bear,rsi_oversold,1.75,26,16,10,61.5,45.5,1.64,N,14.96,0.232,2.14,19.2
CDLLONGLINE,bear,rsi_oversold,2.0,26,16,10,61.5,48.4,1.34,N,14.16,0.206,2.02,11.5
CDLLONGLINE,bear,rsi_oversold,2.25,26,16,10,61.5,52.2,0.95,N,13.29,0.177,1.9,11.5
CDLLONGLINE,bear,rsi_oversold,2.5,26,16,10,61.5,48.7,1.31,N,13.68,0.17,1.95,7.7
CDLLONGLINE,bear,rsi_oversold,2.75,26,16,10,61.5,48.7,1.31,N,13.38,0.15,1.91,7.7
CDLLONGLINE,bear,rsi_oversold,3.0,26,16,10,61.5,51.0,1.08,N,13.07,0.131,1.87,7.7
CDLLONGLEGGEDDOJI,bull,rsi_mid_oversold,0.5,145,56,89,38.6,37.1,0.39,N,1.58,0.016,1.21,55.9
CDLLONGLEGGEDDOJI,bull,rsi_mid_oversold,0.75,145,69,76,47.6,44.3,0.81,N,2.98,0.061,1.37,39.3
CDLLONGLEGGEDDOJI,bull,rsi_mid_oversold,1.0,145,73,72,50.3,47.6,0.67,N,1.98,0.012,1.21,33.1
CDLLONGLEGGEDDOJI,bull,rsi_mid_oversold,1.25,145,75,70,51.7,46.7,1.21,N,2.77,0.01,1.32,22.1
CDLLONGLEGGEDDOJI,bull,rsi_mid_oversold,1.5,145,78,67,53.8,50.2,0.87,N,2.9,0.019,1.33,15.2
CDLLONGLEGGEDDOJI,bull,rsi_mid_oversold,1.75,145,79,66,54.5,50.5,0.96,N,3.0,0.024,1.35,11.7
CDLLONGLEGGEDDOJI,bull,rsi_mid_oversold,2.0,145,79,66,54.5,49.8,1.12,N,3.35,0.043,1.41,7.6
CDLLONGLEGGEDDOJI,bull,rsi_mid_oversold,2.25,145,79,66,54.5,51.6,0.69,N,3.16,0.034,1.37,6.9
CDLLONGLEGGEDDOJI,bull,rsi_mid_oversold,2.5,145,79,66,54.5,47.8,1.62,N,2.8,0.017,1.32,6.9
CDLLONGLEGGEDDOJI,bull,rsi_mid_oversold,2.75,145,79,66,54.5,48.5,1.44,N,2.44,-0.0,1.27,6.9
CDLLONGLEGGEDDOJI,bull,rsi_mid_oversold,3.0,145,80,65,55.2,49.9,1.27,N,2.93,0.03,1.33,4.8
CDLHIGHWAVE,bull,none,0.5,297,101,196,34.0,33.0,0.36,N,1.33,nan,1.16,57.9
CDLHIGHWAVE,bull,none,0.75,297,133,164,44.8,40.8,1.4,N,2.66,nan,1.3,40.4
CDLHIGHWAVE,bull,none,1.0,297,149,148,50.2,45.6,1.59,N,2.93,nan,1.32,29.6
CDLHIGHWAVE,bull,none,1.25,297,154,143,51.9,48.4,1.2,N,3.47,nan,1.38,19.9
CDLHIGHWAVE,bull,none,1.5,297,156,141,52.5,49.3,1.1,N,3.57,nan,1.39,14.5
CDLHIGHWAVE,bull,none,1.75,297,158,139,53.2,49.3,1.33,N,3.68,nan,1.4,10.4
CDLHIGHWAVE,bull,none,2.0,297,159,138,53.5,50.8,0.96,N,3.99,nan,1.45,6.4
CDLHIGHWAVE,bull,none,2.25,297,159,138,53.5,49.1,1.52,N,3.98,nan,1.45,4.4
CDLHIGHWAVE,bull,none,2.5,297,159,138,53.5,49.2,1.51,N,3.72,nan,1.41,4.4
CDLHIGHWAVE,bull,none,2.75,297,159,138,53.5,50.0,1.22,N,3.74,nan,1.41,2.7
CDLHIGHWAVE,bull,none,3.0,297,159,138,53.5,50.6,1.0,N,3.69,nan,1.4,2.4
CDLSHORTLINE,bull,rsi_mid_oversold,0.5,99,35,64,35.4,34.8,0.11,N,2.7,0.059,1.32,57.6
CDLSHORTLINE,bull,rsi_mid_oversold,0.75,99,48,51,48.5,43.3,1.05,N,3.44,0.135,1.36,38.4
CDLSHORTLINE,bull,rsi_mid_oversold,1.0,99,53,46,53.5,49.8,0.74,N,2.88,0.125,1.28,27.3
CDLSHORTLINE,bull,rsi_mid_oversold,1.25,99,54,45,54.5,51.5,0.6,N,2.27,0.094,1.2,22.2
CDLSHORTLINE,bull,rsi_mid_oversold,1.5,99,54,45,54.5,48.8,1.14,N,1.57,0.071,1.13,17.2
CDLSHORTLINE,bull,rsi_mid_oversold,1.75,99,54,45,54.5,49.0,1.11,N,0.83,0.048,1.07,14.1
CDLSHORTLINE,bull,rsi_mid_oversold,2.0,99,54,45,54.5,49.3,1.04,N,0.99,0.076,1.08,8.1
CDLSHORTLINE,bull,rsi_mid_oversold,2.25,99,54,45,54.5,50.5,0.8,N,0.52,0.067,1.04,6.1
CDLSHORTLINE,bull,rsi_mid_oversold,2.5,99,54,45,54.5,48.2,1.26,N,-0.07,0.052,1.0,6.1
CDLSHORTLINE,bull,rsi_mid_oversold,2.75,99,54,45,54.5,51.3,0.65,N,-0.65,0.037,0.95,6.1
CDLSHORTLINE,bull,rsi_mid_oversold,3.0,99,54,45,54.5,46.6,1.58,N,0.94,0.051,1.08,4.0
CDLSPINNINGTOP,bull,atr_high,0.5,127,46,81,36.2,35.6,0.15,N,0.29,0.045,1.03,58.3
CDLSPINNINGTOP,bull,atr_high,0.75,127,55,72,43.3,40.2,0.71,N,0.58,0.047,1.05,47.2
CDLSPINNINGTOP,bull,atr_high,1.0,127,64,63,50.4,46.0,0.99,N,1.97,0.094,1.16,33.1
CDLSPINNINGTOP,bull,atr_high,1.25,127,65,62,51.2,48.2,0.67,N,1.98,0.093,1.15,23.6
CDLSPINNINGTOP,bull,atr_high,1.5,127,66,61,52.0,47.0,1.11,N,2.61,0.109,1.2,16.5
CDLSPINNINGTOP,bull,atr_high,1.75,127,67,60,52.8,50.2,0.58,N,1.69,0.084,1.12,15.0
CDLSPINNINGTOP,bull,atr_high,2.0,127,69,58,54.3,51.5,0.64,N,2.3,0.126,1.17,9.4
CDLSPINNINGTOP,bull,atr_high,2.25,127,70,57,55.1,51.4,0.84,N,2.24,0.138,1.17,6.3
CDLSPINNINGTOP,bull,atr_high,2.5,127,70,57,55.1,49.9,1.18,N,3.06,0.136,1.24,5.5
CDLSPINNINGTOP,bull,atr_high,2.75,127,70,57,55.1,48.2,1.57,N,2.71,0.126,1.21,4.7
CDLSPINNINGTOP,bull,atr_high,3.0,127,70,57,55.1,50.7,1.01,N,2.92,0.14,1.23,3.1
CDLBELTHOLD,bull,rsi_overbought,0.5,21,9,12,42.9,29.8,1.31,N,11.55,0.543,2.42,57.1
CDLBELTHOLD,bull,rsi_overbought,0.75,21,9,12,42.9,32.9,0.97,N,9.18,0.457,1.87,42.9
CDLBELTHOLD,bull,rsi_overbought,1.0,21,11,10,52.4,42.9,0.88,N,10.82,0.572,2.03,23.8
CDLBELTHOLD,bull,rsi_overbought,1.25,21,11,10,52.4,46.4,0.55,N,9.78,0.545,1.85,14.3
CDLBELTHOLD,bull,rsi_overbought,1.5,21,12,9,57.1,40.5,1.56,N,13.7,0.625,2.56,4.8
CDLBELTHOLD,bull,rsi_overbought,1.75,21,12,9,57.1,48.0,0.84,N,13.38,0.613,2.47,4.8
CDLBELTHOLD,bull,rsi_overbought,2.0,21,12,9,57.1,51.6,0.51,N,13.05,0.601,2.38,4.8
CDLBELTHOLD,bull,rsi_overbought,2.25,21,12,9,57.1,53.2,0.36,N,12.72,0.589,2.3,4.8
CDLBELTHOLD,bull,rsi_overbought,2.5,21,12,9,57.1,49.6,0.69,N,12.4,0.577,2.23,4.8
CDLBELTHOLD,bull,rsi_overbought,2.75,21,12,9,57.1,49.6,0.69,N,12.07,0.565,2.16,4.8
CDLBELTHOLD,bull,rsi_overbought,3.0,21,12,9,57.1,51.2,0.55,N,11.75,0.553,2.09,4.8
CDL3OUTSIDE,bear,trend_down,0.5,70,25,45,35.7,33.5,0.4,N,0.6,0.086,1.07,58.6
CDL3OUTSIDE,bear,trend_down,0.75,70,32,38,45.7,43.1,0.44,N,0.7,0.118,1.07,40.0
CDL3OUTSIDE,bear,trend_down,1.0,70,35,35,50.0,41.0,1.54,N,0.9,0.114,1.09,28.6
CDL3OUTSIDE,bear,trend_down,1.25,70,38,32,54.3,47.7,1.1,N,4.42,0.21,1.6,11.4
CDL3OUTSIDE,bear,trend_down,1.5,70,38,32,54.3,48.0,1.06,N,4.07,0.195,1.52,8.6
CDL3OUTSIDE,bear,trend_down,1.75,70,38,32,54.3,49.0,0.88,N,3.85,0.187,1.48,7.1
CDL3OUTSIDE,bear,trend_down,2.0,70,38,32,54.3,50.8,0.58,N,3.68,0.182,1.45,4.3
CDL3OUTSIDE,bear,trend_down,2.25,70,38,32,54.3,49.5,0.8,N,3.85,0.199,1.48,2.9
CDL3OUTSIDE,bear,trend_down,2.5,70,38,32,54.3,50.8,0.58,N,3.62,0.192,1.44,2.9
CDL3OUTSIDE,bear,trend_down,2.75,70,38,32,54.3,51.1,0.54,N,3.74,0.194,1.46,1.4
CDL3OUTSIDE,bear,trend_down,3.0,70,38,32,54.3,51.9,0.4,N,3.65,0.19,1.45,1.4
CDLDOJI,bull,atr_high,0.5,87,33,54,37.9,38.3,-0.07,N,1.37,0.047,1.14,54.0
CDLDOJI,bull,atr_high,0.75,87,40,47,46.0,44.5,0.27,N,1.35,0.035,1.12,36.8
CDLDOJI,bull,atr_high,1.0,87,44,43,50.6,47.5,0.57,N,1.44,0.034,1.12,31.0
CDLDOJI,bull,atr_high,1.25,87,45,42,51.7,47.4,0.81,N,1.23,0.005,1.1,25.3
CDLDOJI,bull,atr_high,1.5,87,46,41,52.9,46.6,1.18,N,1.83,0.026,1.15,16.1
CDLDOJI,bull,atr_high,1.75,87,46,41,52.9,51.2,0.3,N,1.68,0.007,1.13,12.6
CDLDOJI,bull,atr_high,2.0,87,48,39,55.2,49.2,1.11,N,3.25,0.078,1.29,5.7
CDLDOJI,bull,atr_high,2.25,87,48,39,55.2,51.0,0.79,N,3.37,0.082,1.31,3.4
CDLDOJI,bull,atr_high,2.5,87,48,39,55.2,49.7,1.02,N,3.16,0.073,1.28,3.4
CDLDOJI,bull,atr_high,2.75,87,48,39,55.2,49.4,1.07,N,2.94,0.064,1.26,3.4
CDLDOJI,bull,atr_high,3.0,87,48,39,55.2,46.9,1.54,N,3.11,0.069,1.27,2.3
CDLSPINNINGTOP,bull,rsi_mid_oversold,0.5,99,40,59,40.4,39.2,0.24,N,2.37,0.082,1.28,54.5
CDLSPINNINGTOP,bull,rsi_mid_oversold,0.75,99,48,51,48.5,41.9,1.32,N,3.44,0.099,1.39,38.4
CDLSPINNINGTOP,bull,rsi_mid_oversold,1.0,99,54,45,54.5,46.9,1.53,N,3.56,0.088,1.38,28.3
CDLSPINNINGTOP,bull,rsi_mid_oversold,1.25,99,54,45,54.5,49.0,1.11,N,3.34,0.055,1.35,22.2
CDLSPINNINGTOP,bull,rsi_mid_oversold,1.5,99,54,45,54.5,48.2,1.26,N,2.84,0.043,1.28,16.2
CDLSPINNINGTOP,bull,rsi_mid_oversold,1.75,99,54,45,54.5,48.3,1.24,N,2.13,0.017,1.2,14.1
CDLSPINNINGTOP,bull,rsi_mid_oversold,2.0,99,55,44,55.6,51.7,0.77,N,3.31,0.091,1.33,8.1
CDLSPINNINGTOP,bull,rsi_mid_oversold,2.25,99,55,44,55.6,50.8,0.94,N,2.72,0.075,1.26,7.1
CDLSPINNINGTOP,bull,rsi_mid_oversold,2.5,99,55,44,55.6,47.8,1.54,N,2.1,0.057,1.19,7.1
CDLSPINNINGTOP,bull,rsi_mid_oversold,2.75,99,55,44,55.6,50.5,1.01,N,1.65,0.044,1.14,6.1
CDLSPINNINGTOP,bull,rsi_mid_oversold,3.0,99,55,44,55.6,48.4,1.42,N,1.59,0.049,1.14,5.1
CDL3OUTSIDE,bull,atr_low,0.5,96,32,64,33.3,33.7,-0.07,N,-0.24,0.018,0.97,61.5
CDL3OUTSIDE,bull,atr_low,0.75,96,45,51,46.9,41.2,1.12,N,0.9,0.078,1.1,39.6
CDL3OUTSIDE,bull,atr_low,1.0,96,49,47,51.0,45.4,1.11,N,0.37,0.067,1.04,29.2
CDL3OUTSIDE,bull,atr_low,1.25,96,51,45,53.1,45.4,1.52,N,1.01,0.095,1.11,17.7
CDL3OUTSIDE,bull,atr_low,1.5,96,51,45,53.1,46.2,1.36,N,0.32,0.067,1.03,15.6
CDL3OUTSIDE,bull,atr_low,1.75,96,51,45,53.1,50.3,0.56,N,0.1,0.054,1.01,12.5
CDL3OUTSIDE,bull,atr_low,2.0,96,51,45,53.1,50.9,0.44,N,-0.3,0.045,0.97,8.3
CDL3OUTSIDE,bull,atr_low,2.25,96,51,45,53.1,49.7,0.66,N,0.08,0.063,1.01,4.2
CDL3OUTSIDE,bull,atr_low,2.5,96,51,45,53.1,49.7,0.68,N,-0.22,0.053,0.98,4.2
CDL3OUTSIDE,bull,atr_low,2.75,96,51,45,53.1,48.3,0.95,N,-0.37,0.049,0.96,3.1
CDL3OUTSIDE,bull,atr_low,3.0,96,51,45,53.1,49.8,0.65,N,-0.61,0.041,0.94,3.1
CDLGRAVESTONEDOJI,bear,trend_up,0.5,26,11,15,42.3,34.9,0.79,N,0.65,0.009,1.08,53.8
CDLGRAVESTONEDOJI,bear,trend_up,0.75,26,15,11,57.7,42.9,1.52,N,1.28,0.118,1.14,23.1
CDLGRAVESTONEDOJI,bear,trend_up,1.0,26,15,11,57.7,45.5,1.25,N,1.81,0.094,1.21,15.4
CDLGRAVESTONEDOJI,bear,trend_up,1.25,26,15,11,57.7,54.5,0.33,N,1.45,0.085,1.16,11.5
CDLGRAVESTONEDOJI,bear,trend_up,1.5,26,16,10,61.5,50.0,1.18,N,3.47,0.152,1.43,7.7
CDLGRAVESTONEDOJI,bear,trend_up,1.75,26,16,10,61.5,50.6,1.11,N,3.03,0.137,1.35,3.8
CDLGRAVESTONEDOJI,bear,trend_up,2.0,26,16,10,61.5,47.8,1.41,N,2.75,0.127,1.31,3.8
CDLGRAVESTONEDOJI,bear,trend_up,2.25,26,16,10,61.5,53.5,0.82,N,3.26,0.145,1.39,0.0
CDLGRAVESTONEDOJI,bear,trend_up,2.5,26,16,10,61.5,47.4,1.44,N,3.26,0.145,1.39,0.0
CDLGRAVESTONEDOJI,bear,trend_up,2.75,26,16,10,61.5,48.7,1.31,N,3.26,0.145,1.39,0.0
CDLGRAVESTONEDOJI,bear,trend_up,3.0,26,16,10,61.5,55.1,0.66,N,3.26,0.145,1.39,0.0
CDLSPINNINGTOP,bear,atr_low,0.5,364,132,232,36.3,34.4,0.75,N,1.93,0.056,1.27,57.4
CDLSPINNINGTOP,bear,atr_low,0.75,364,166,198,45.6,42.4,1.25,N,2.69,0.082,1.34,40.1
CDLSPINNINGTOP,bear,atr_low,1.0,364,182,182,50.0,46.7,1.24,N,2.66,0.079,1.31,29.9
CDLSPINNINGTOP,bear,atr_low,1.25,364,187,177,51.4,48.0,1.3,N,2.64,0.079,1.3,20.9
CDLSPINNINGTOP,bear,atr_low,1.5,364,189,175,51.9,48.1,1.47,N,2.5,0.073,1.28,16.5
CDLSPINNINGTOP,bear,atr_low,1.75,364,191,173,52.5,48.8,1.39,N,2.33,0.064,1.25,12.9
CDLSPINNINGTOP,bear,atr_low,2.0,364,191,173,52.5,49.5,1.14,N,2.27,0.062,1.25,9.1
CDLSPINNINGTOP,bear,atr_low,2.25,364,192,172,52.7,49.9,1.09,N,2.32,0.065,1.25,6.6
CDLSPINNINGTOP,bear,atr_low,2.5,364,192,172,52.7,50.0,1.04,N,2.09,0.056,1.22,6.0
CDLSPINNINGTOP,bear,atr_low,2.75,364,192,172,52.7,49.2,1.37,N,2.03,0.053,1.21,4.4
CDLSPINNINGTOP,bear,atr_low,3.0,364,192,172,52.7,51.0,0.66,N,1.86,0.045,1.19,4.1
CDL3OUTSIDE,bear,atr_high,0.5,32,13,19,40.6,28.9,1.46,N,4.33,0.172,1.44,59.4
CDL3OUTSIDE,bear,atr_high,0.75,32,15,17,46.9,37.8,1.06,N,2.66,0.152,1.21,46.9
CDL3OUTSIDE,bear,atr_high,1.0,32,17,15,53.1,44.3,1.01,N,3.59,0.151,1.29,34.4
CDL3OUTSIDE,bear,atr_high,1.25,32,18,14,56.2,46.6,1.09,N,9.74,0.276,2.32,9.4
CDL3OUTSIDE,bear,atr_high,1.5,32,18,14,56.2,48.7,0.85,N,9.38,0.267,2.21,6.2
CDL3OUTSIDE,bear,atr_high,1.75,32,18,14,56.2,46.9,1.06,N,8.85,0.252,2.07,6.2
CDL3OUTSIDE,bear,atr_high,2.0,32,18,14,56.2,52.9,0.38,N,8.31,0.236,1.95,6.2
CDL3OUTSIDE,bear,atr_high,2.25,32,18,14,56.2,51.6,0.53,N,7.78,0.22,1.83,6.2
CDL3OUTSIDE,bear,atr_high,2.5,32,18,14,56.2,50.5,0.65,N,7.25,0.205,1.74,6.2
CDL3OUTSIDE,bear,atr_high,2.75,32,18,14,56.2,49.7,0.74,N,7.47,0.209,1.78,3.1
CDL3OUTSIDE,bear,atr_high,3.0,32,18,14,56.2,51.0,0.59,N,8.27,0.236,1.94,0.0
CDLMARUBOZU,bear,trend_down,0.5,48,17,31,35.4,31.6,0.57,N,-2.86,-0.055,0.69,62.5
CDLMARUBOZU,bear,trend_down,0.75,48,24,24,50.0,40.1,1.4,N,-1.87,-0.014,0.79,39.6
CDLMARUBOZU,bear,trend_down,1.0,48,25,23,52.1,42.2,1.39,N,-2.43,-0.036,0.75,27.1
CDLMARUBOZU,bear,trend_down,1.25,48,25,23,52.1,41.7,1.46,N,-4.07,-0.104,0.64,27.1
CDLMARUBOZU,bear,trend_down,1.5,48,27,21,56.2,51.9,0.6,N,-4.07,-0.103,0.65,22.9
CDLMARUBOZU,bear,trend_down,1.75,48,28,20,58.3,53.6,0.65,N,-4.22,-0.088,0.64,18.8
CDLMARUBOZU,bear,trend_down,2.0,48,28,20,58.3,51.0,1.01,N,-4.88,-0.112,0.61,12.5
CDLMARUBOZU,bear,trend_down,2.25,48,28,20,58.3,51.6,0.94,N,-5.71,-0.143,0.57,12.5
CDLMARUBOZU,bear,trend_down,2.5,48,28,20,58.3,53.6,0.65,N,-5.73,-0.156,0.57,8.3
CDLMARUBOZU,bear,trend_down,2.75,48,28,20,58.3,49.5,1.23,N,-6.14,-0.177,0.55,8.3
CDLMARUBOZU,bear,trend_down,3.0,48,28,20,58.3,49.5,1.23,N,-6.55,-0.198,0.54,8.3
CDLENGULFING,bear,rsi_mid_overbought,0.5,46,16,30,34.8,32.6,0.31,N,-0.8,-0.014,0.9,58.7
CDLENGULFING,bear,rsi_mid_overbought,0.75,46,24,22,52.2,42.2,1.37,N,0.7,0.088,1.09,30.4
CDLENGULFING,bear,rsi_mid_overbought,1.0,46,25,21,54.3,50.0,0.59,N,0.72,0.089,1.09,21.7
CDLENGULFING,bear,rsi_mid_overbought,1.25,46,26,20,56.5,48.9,1.03,N,0.31,0.077,1.04,15.2
CDLENGULFING,bear,rsi_mid_overbought,1.5,46,26,20,56.5,50.0,0.88,N,0.1,0.071,1.01,10.9
CDLENGULFING,bear,rsi_mid_overbought,1.75,46,26,20,56.5,48.9,1.03,N,-0.63,0.044,0.93,10.9
CDLENGULFING,bear,rsi_mid_overbought,2.0,46,26,20,56.5,49.6,0.93,N,-0.97,0.039,0.9,6.5
CDLENGULFING,bear,rsi_mid_overbought,2.25,46,26,20,56.5,49.8,0.91,N,-0.77,0.041,0.92,2.2
CDLENGULFING,bear,rsi_mid_overbought,2.5,46,26,20,56.5,45.8,1.45,N,-0.65,0.047,0.93,0.0
CDLENGULFING,bear,rsi_mid_overbought,2.75,46,26,20,56.5,49.3,0.98,N,-0.65,0.047,0.93,0.0
CDLENGULFING,bear,rsi_mid_overbought,3.0,46,26,20,56.5,49.1,1.01,N,-0.65,0.047,0.93,0.0
CDLHIGHWAVE,bull,trend_up,0.5,149,48,101,32.2,32.2,0.0,N,-0.72,-0.041,0.91,56.4
CDLHIGHWAVE,bull,trend_up,0.75,149,67,82,45.0,41.4,0.89,N,1.82,0.042,1.22,36.9
CDLHIGHWAVE,bull,trend_up,1.0,149,76,73,51.0,47.2,0.93,N,2.38,0.058,1.28,27.5
CDLHIGHWAVE,bull,trend_up,1.25,149,78,71,52.3,47.1,1.27,N,2.67,0.075,1.31,17.4
CDLHIGHWAVE,bull,trend_up,1.5,149,80,69,53.7,48.4,1.28,N,2.75,0.081,1.31,14.1
CDLHIGHWAVE,bull,trend_up,1.75,149,81,68,54.4,50.1,1.04,N,2.77,0.077,1.31,10.7
CDLHIGHWAVE,bull,trend_up,2.0,149,81,68,54.4,50.3,0.98,N,2.46,0.065,1.27,8.1
CDLHIGHWAVE,bull,trend_up,2.25,149,81,68,54.4,49.1,1.28,N,2.43,0.066,1.26,5.4
CDLHIGHWAVE,bull,trend_up,2.5,149,81,68,54.4,48.5,1.42,N,2.08,0.052,1.22,5.4
CDLHIGHWAVE,bull,trend_up,2.75,149,81,68,54.4,49.3,1.24,N,2.11,0.053,1.22,3.4
CDLHIGHWAVE,bull,trend_up,3.0,149,81,68,54.4,50.4,0.96,N,2.11,0.052,1.22,2.7
CDLGRAVESTONEDOJI,bear,none,0.5,57,24,33,42.1,37.1,0.78,N,1.83,0.083,1.24,54.4
CDLGRAVESTONEDOJI,bear,none,0.75,57,29,28,50.9,45.2,0.86,N,0.98,0.091,1.11,35.1
CDLGRAVESTONEDOJI,bear,none,1.0,57,30,27,52.6,45.5,1.09,N,0.69,0.07,1.07,26.3
CDLGRAVESTONEDOJI,bear,none,1.25,57,30,27,52.6,48.2,0.66,N,-0.49,0.028,0.95,19.3
CDLGRAVESTONEDOJI,bear,none,1.5,57,32,25,56.1,50.4,0.86,N,0.75,0.082,1.07,10.5
CDLGRAVESTONEDOJI,bear,none,1.75,57,32,25,56.1,53.8,0.35,N,0.25,0.062,1.02,7.0
CDLGRAVESTONEDOJI,bear,none,2.0,57,32,25,56.1,49.1,1.06,N,-0.19,0.044,0.98,7.0
CDLGRAVESTONEDOJI,bear,none,2.25,57,32,25,56.1,53.9,0.33,N,0.04,0.047,1.0,3.5
CDLGRAVESTONEDOJI,bear,none,2.5,57,32,25,56.1,46.9,1.39,N,0.33,0.067,1.03,1.8
CDLGRAVESTONEDOJI,bear,none,2.75,57,32,25,56.1,48.7,1.13,N,0.26,0.062,1.02,1.8
CDLGRAVESTONEDOJI,bear,none,3.0,57,32,25,56.1,50.9,0.79,N,0.2,0.058,1.02,1.8
CDLHIGHWAVE,bull,atr_high,0.5,75,26,49,34.7,35.8,-0.2,N,1.33,0.009,1.14,57.3
CDLHIGHWAVE,bull,atr_high,0.75,75,33,42,44.0,42.0,0.35,N,2.52,0.033,1.23,42.7
CDLHIGHWAVE,bull,atr_high,1.0,75,39,36,52.0,46.6,0.95,N,3.86,0.084,1.35,30.7
CDLHIGHWAVE,bull,atr_high,1.25,75,40,35,53.3,48.2,0.89,N,4.96,0.096,1.46,21.3
CDLHIGHWAVE,bull,atr_high,1.5,75,40,35,53.3,50.0,0.58,N,5.06,0.086,1.47,16.0
CDLHIGHWAVE,bull,atr_high,1.75,75,41,34,54.7,48.6,1.06,N,4.65,0.07,1.42,14.7
CDLHIGHWAVE,bull,atr_high,2.0,75,42,33,56.0,49.3,1.15,N,5.55,0.112,1.54,8.0
CDLHIGHWAVE,bull,atr_high,2.25,75,42,33,56.0,51.2,0.83,N,5.56,0.116,1.54,5.3
CDLHIGHWAVE,bull,atr_high,2.5,75,42,33,56.0,49.8,1.08,N,5.19,0.103,1.49,5.3
CDLHIGHWAVE,bull,atr_high,2.75,75,42,33,56.0,50.4,0.96,N,5.04,0.097,1.47,4.0
CDLHIGHWAVE,bull,atr_high,3.0,75,42,33,56.0,48.0,1.39,N,5.21,0.102,1.49,2.7
CDLRICKSHAWMAN,bull,rsi_mid_oversold,0.5,109,40,69,36.7,38.6,-0.41,N,-0.09,-0.037,0.99,58.7
CDLRICKSHAWMAN,bull,rsi_mid_oversold,0.75,109,51,58,46.8,42.0,1.0,N,1.2,-0.009,1.15,39.4
CDLRICKSHAWMAN,bull,rsi_mid_oversold,1.0,109,55,54,50.5,48.8,0.35,N,0.71,-0.041,1.08,31.2
CDLRICKSHAWMAN,bull,rsi_mid_oversold,1.25,109,57,52,52.3,51.6,0.14,N,1.2,-0.05,1.14,21.1
CDLRICKSHAWMAN,bull,rsi_mid_oversold,1.5,109,59,50,54.1,47.6,1.37,N,1.44,-0.034,1.17,13.8
CDLRICKSHAWMAN,bull,rsi_mid_oversold,1.75,109,59,50,54.1,48.2,1.25,N,1.0,-0.056,1.11,12.8
CDLRICKSHAWMAN,bull,rsi_mid_oversold,2.0,109,59,50,54.1,50.3,0.8,N,1.6,-0.024,1.19,7.3
CDLRICKSHAWMAN,bull,rsi_mid_oversold,2.25,109,59,50,54.1,51.1,0.62,N,1.48,-0.029,1.17,6.4
CDLRICKSHAWMAN,bull,rsi_mid_oversold,2.5,109,59,50,54.1,51.6,0.53,N,1.14,-0.045,1.13,6.4
CDLRICKSHAWMAN,bull,rsi_mid_oversold,2.75,109,59,50,54.1,49.8,0.91,N,0.8,-0.061,1.09,6.4
CDLRICKSHAWMAN,bull,rsi_mid_oversold,3.0,109,59,50,54.1,51.1,0.62,N,1.06,-0.046,1.12,4.6
CDLBELTHOLD,bear,rsi_oversold,0.5,28,6,22,21.4,19.9,0.2,N,-6.36,-0.186,0.54,78.6
CDLBELTHOLD,bear,rsi_oversold,0.75,28,11,17,39.3,30.1,1.06,N,-8.66,-0.186,0.5,60.7
CDLBELTHOLD,bear,rsi_oversold,1.0,28,13,15,46.4,39.3,0.77,N,-9.16,-0.238,0.49,50.0
CDLBELTHOLD,bear,rsi_oversold,1.25,28,14,14,50.0,41.4,0.93,N,-11.05,-0.247,0.47,42.9
CDLBELTHOLD,bear,rsi_oversold,1.5,28,16,12,57.1,49.1,0.85,N,-9.98,-0.195,0.5,32.1
CDLBELTHOLD,bear,rsi_oversold,1.75,28,16,12,57.1,44.3,1.36,N,-11.8,-0.221,0.46,25.0
CDLBELTHOLD,bear,rsi_oversold,2.0,28,16,12,57.1,50.9,0.66,N,-11.67,-0.211,0.46,14.3
CDLBELTHOLD,bear,rsi_oversold,2.25,28,16,12,57.1,48.8,0.88,N,-13.44,-0.246,0.43,14.3
CDLBELTHOLD,bear,rsi_oversold,2.5,28,16,12,57.1,51.8,0.57,N,-14.04,-0.262,0.42,10.7
CDLBELTHOLD,bear,rsi_oversold,2.75,28,16,12,57.1,50.3,0.72,N,-13.67,-0.267,0.42,7.1
CDLBELTHOLD,bear,rsi_oversold,3.0,28,16,12,57.1,50.6,0.69,N,-14.27,-0.285,0.41,7.1
CDLSHORTLINE,bear,atr_high,0.5,113,45,68,39.8,35.5,0.95,N,4.69,0.125,1.43,53.1
CDLSHORTLINE,bear,atr_high,0.75,113,50,63,44.2,43.3,0.21,N,1.25,0.059,1.09,43.4
CDLSHORTLINE,bear,atr_high,1.0,113,60,53,53.1,47.3,1.24,N,2.05,0.122,1.14,24.8
CDLSHORTLINE,bear,atr_high,1.25,113,62,51,54.9,50.2,0.99,N,1.88,0.121,1.12,19.5
CDLSHORTLINE,bear,atr_high,1.5,113,62,51,54.9,49.6,1.11,N,0.82,0.108,1.05,14.2
CDLSHORTLINE,bear,atr_high,1.75,113,62,51,54.9,48.8,1.29,N,-0.73,0.077,0.96,12.4
CDLSHORTLINE,bear,atr_high,2.0,113,62,51,54.9,50.2,0.99,N,-0.92,0.074,0.95,8.0
CDLSHORTLINE,bear,atr_high,2.25,113,63,50,55.8,49.8,1.27,N,-1.13,0.082,0.94,6.2
CDLSHORTLINE,bear,atr_high,2.5,113,63,50,55.8,52.7,0.66,N,-1.99,0.067,0.9,6.2
CDLSHORTLINE,bear,atr_high,2.75,113,63,50,55.8,49.5,1.33,N,-2.62,0.057,0.87,5.3
CDLSHORTLINE,bear,atr_high,3.0,113,63,50,55.8,50.4,1.13,N,-1.57,0.068,0.92,3.5
CDLMARUBOZU,bull,trend_up,0.5,50,24,26,48.0,39.0,1.3,N,5.77,0.218,1.87,48.0
CDLMARUBOZU,bull,trend_up,0.75,50,26,24,52.0,45.5,0.92,N,4.41,0.169,1.54,36.0
CDLMARUBOZU,bull,trend_up,1.0,50,27,23,54.0,51.0,0.42,N,3.64,0.15,1.4,26.0
CDLMARUBOZU,bull,trend_up,1.25,50,28,22,56.0,50.8,0.73,N,3.86,0.159,1.43,18.0
CDLMARUBOZU,bull,trend_up,1.5,50,28,22,56.0,49.5,0.92,N,3.04,0.129,1.31,12.0
CDLMARUBOZU,bull,trend_up,1.75,50,28,22,56.0,49.0,0.99,N,3.3,0.127,1.35,8.0
CDLMARUBOZU,bull,trend_up,2.0,50,28,22,56.0,50.5,0.78,N,2.86,0.107,1.29,8.0
CDLMARUBOZU,bull,trend_up,2.25,50,28,22,56.0,48.0,1.13,N,2.53,0.09,1.25,6.0
CDLMARUBOZU,bull,trend_up,2.5,50,28,22,56.0,48.5,1.06,N,2.32,0.08,1.22,4.0
CDLMARUBOZU,bull,trend_up,2.75,50,28,22,56.0,49.0,0.99,N,2.11,0.07,1.2,4.0
CDLMARUBOZU,bull,trend_up,3.0,50,28,22,56.0,51.2,0.68,N,1.91,0.06,1.18,4.0
CDLSHOOTINGSTAR,bear,atr_low,0.5,22,10,12,45.5,32.6,1.29,N,2.68,0.199,1.36,50.0
CDLSHOOTINGSTAR,bear,atr_low,0.75,22,13,9,59.1,50.4,0.82,N,2.31,0.234,1.27,27.3
CDLSHOOTINGSTAR,bear,atr_low,1.0,22,13,9,59.1,48.9,0.96,N,0.06,0.176,1.01,22.7
CDLSHOOTINGSTAR,bear,atr_low,1.25,22,13,9,59.1,46.2,1.21,N,-1.29,0.154,0.89,18.2
CDLSHOOTINGSTAR,bear,atr_low,1.5,22,13,9,59.1,49.6,0.89,N,-0.44,0.157,0.96,9.1
CDLSHOOTINGSTAR,bear,atr_low,1.75,22,13,9,59.1,47.7,1.07,N,-1.0,0.134,0.92,9.1
CDLSHOOTINGSTAR,bear,atr_low,2.0,22,13,9,59.1,55.3,0.36,N,-1.1,0.133,0.91,4.5
CDLSHOOTINGSTAR,bear,atr_low,2.25,22,13,9,59.1,55.7,0.32,N,-0.49,0.154,0.96,0.0
CDLSHOOTINGSTAR,bear,atr_low,2.5,22,13,9,59.1,54.9,0.39,N,-0.49,0.154,0.96,0.0
CDLSHOOTINGSTAR,bear,atr_low,2.75,22,13,9,59.1,54.9,0.39,N,-0.49,0.154,0.96,0.0
CDLSHOOTINGSTAR,bear,atr_low,3.0,22,13,9,59.1,47.7,1.07,N,-0.49,0.154,0.96,0.0
CDLLONGLINE,bull,atr_low,0.5,281,100,181,35.6,34.8,0.27,N,-0.24,-0.002,0.97,59.4
CDLLONGLINE,bull,atr_low,0.75,281,126,155,44.8,41.1,1.26,N,0.26,0.023,1.03,42.7
CDLLONGLINE,bull,atr_low,1.0,281,137,144,48.8,46.5,0.75,N,0.05,0.017,1.01,30.2
CDLLONGLINE,bull,atr_low,1.25,281,142,139,50.5,49.3,0.42,N,0.46,0.032,1.05,22.1
CDLLONGLINE,bull,atr_low,1.5,281,143,138,50.9,49.0,0.63,N,0.22,0.026,1.02,15.3
CDLLONGLINE,bull,atr_low,1.75,281,144,137,51.2,49.2,0.7,N,0.18,0.022,1.02,11.4
CDLLONGLINE,bull,atr_low,2.0,281,144,137,51.2,48.8,0.82,N,0.07,0.021,1.01,7.8
CDLLONGLINE,bull,atr_low,2.25,281,144,137,51.2,50.2,0.36,N,-0.26,0.007,0.97,6.4
CDLLONGLINE,bull,atr_low,2.5,281,144,137,51.2,49.9,0.46,N,-0.35,0.002,0.97,4.6
CDLLONGLINE,bull,atr_low,2.75,281,144,137,51.2,48.5,0.93,N,-0.5,-0.004,0.95,3.6
CDLLONGLINE,bull,atr_low,3.0,281,144,137,51.2,49.3,0.65,N,-0.7,-0.013,0.93,3.6
CDLHARAMICROSS,bull,none,0.5,35,13,22,37.1,28.3,1.16,N,2.31,0.046,1.26,54.3
CDLHARAMICROSS,bull,none,0.75,35,16,19,45.7,37.4,1.02,N,1.36,0.057,1.13,37.1
CDLHARAMICROSS,bull,none,1.0,35,17,18,48.6,41.2,0.89,N,0.66,0.025,1.06,28.6
CDLHARAMICROSS,bull,none,1.25,35,18,17,51.4,42.1,1.11,N,2.85,0.055,1.29,17.1
CDLHARAMICROSS,bull,none,1.5,35,18,17,51.4,47.6,0.45,N,4.59,0.115,1.56,8.6
CDLHARAMICROSS,bull,none,1.75,35,18,17,51.4,49.3,0.25,N,4.09,0.094,1.47,8.6
CDLHARAMICROSS,bull,none,2.0,35,19,16,54.3,50.2,0.48,N,5.33,0.153,1.69,2.9
CDLHARAMICROSS,bull,none,2.25,35,19,16,54.3,51.7,0.31,N,5.11,0.146,1.64,2.9
CDLHARAMICROSS,bull,none,2.5,35,19,16,54.3,46.0,0.99,N,4.89,0.139,1.6,2.9
CDLHARAMICROSS,bull,none,2.75,35,19,16,54.3,50.5,0.45,N,4.67,0.132,1.56,2.9
CDLHARAMICROSS,bull,none,3.0,35,19,16,54.3,46.2,0.96,N,4.45,0.125,1.52,2.9
CDLHARAMI,bull,none,0.5,126,39,87,31.0,32.6,-0.4,N,-1.43,-0.02,0.86,62.7
CDLHARAMI,bull,none,0.75,126,56,70,44.4,39.4,1.15,N,-1.24,0.05,0.9,42.1
CDLHARAMI,bull,none,1.0,126,63,63,50.0,46.2,0.86,N,0.49,0.086,1.04,31.0
CDLHARAMI,bull,none,1.25,126,64,62,50.8,46.8,0.91,N,0.06,0.065,1.0,23.0
CDLHARAMI,bull,none,1.5,126,64,62,50.8,48.7,0.46,N,-0.59,0.053,0.95,18.3
CDLHARAMI,bull,none,1.75,126,64,62,50.8,47.6,0.73,N,-1.1,0.03,0.92,13.5
CDLHARAMI,bull,none,2.0,126,65,61,51.6,48.7,0.64,N,-1.24,0.042,0.91,9.5
CDLHARAMI,bull,none,2.25,126,66,60,52.4,51.4,0.22,N,-1.11,0.061,0.92,6.3
CDLHARAMI,bull,none,2.5,126,66,60,52.4,50.1,0.5,N,-0.17,0.066,0.99,4.8
CDLHARAMI,bull,none,2.75,126,66,60,52.4,52.4,0.0,N,-0.62,0.054,0.95,4.8
CDLHARAMI,bull,none,3.0,126,66,60,52.4,51.4,0.22,N,0.31,0.055,1.03,4.0
CDLLONGLEGGEDDOJI,bull,rsi_oversold,0.5,20,9,11,45.0,37.5,0.69,N,12.28,0.132,3.16,55.0
CDLLONGLEGGEDDOJI,bull,rsi_oversold,0.75,20,9,11,45.0,40.8,0.38,N,9.44,-0.005,2.11,55.0
CDLLONGLEGGEDDOJI,bull,rsi_oversold,1.0,20,9,11,45.0,40.8,0.38,N,6.59,-0.143,1.58,55.0
CDLLONGLEGGEDDOJI,bull,rsi_oversold,1.25,20,9,11,45.0,40.8,0.38,N,5.06,-0.245,1.39,45.0
CDLLONGLEGGEDDOJI,bull,rsi_oversold,1.5,20,9,11,45.0,42.9,0.19,N,4.02,-0.288,1.29,35.0
CDLLONGLEGGEDDOJI,bull,rsi_oversold,1.75,20,9,11,45.0,41.7,0.3,N,3.56,-0.296,1.25,25.0
CDLLONGLEGGEDDOJI,bull,rsi_oversold,2.0,20,11,9,55.0,42.9,1.09,N,9.55,-0.029,2.02,10.0
CDLLONGLEGGEDDOJI,bull,rsi_oversold,2.25,20,11,9,55.0,49.2,0.52,N,9.94,-0.014,2.11,5.0
CDLLONGLEGGEDDOJI,bull,rsi_oversold,2.5,20,11,9,55.0,47.5,0.67,N,9.74,-0.027,2.07,5.0
CDLLONGLEGGEDDOJI,bull,rsi_oversold,2.75,20,11,9,55.0,55.0,0.0,N,9.54,-0.039,2.02,5.0
CDLLONGLEGGEDDOJI,bull,rsi_oversold,3.0,20,11,9,55.0,55.0,0.0,N,10.62,0.028,2.29,0.0
CDLRICKSHAWMAN,bull,none,0.5,256,86,170,33.6,34.4,-0.28,N,0.7,-0.025,1.09,60.2
CDLRICKSHAWMAN,bull,none,0.75,256,112,144,43.8,43.7,0.01,N,1.68,-0.01,1.19,41.0
CDLRICKSHAWMAN,bull,none,1.0,256,123,133,48.0,47.6,0.16,N,2.22,0.001,1.24,30.1
CDLRICKSHAWMAN,bull,none,1.25,256,129,127,50.4,48.5,0.6,N,2.73,0.012,1.3,20.3
CDLRICKSHAWMAN,bull,none,1.5,256,131,125,51.2,48.8,0.75,N,2.47,0.004,1.26,15.6
CDLRICKSHAWMAN,bull,none,1.75,256,131,125,51.2,47.8,1.07,N,2.07,-0.013,1.21,12.5
CDLRICKSHAWMAN,bull,none,2.0,256,133,123,52.0,50.4,0.51,N,2.54,0.012,1.27,8.2
CDLRICKSHAWMAN,bull,none,2.25,256,133,123,52.0,49.8,0.68,N,2.38,0.008,1.25,6.2
CDLRICKSHAWMAN,bull,none,2.5,256,133,123,52.0,50.6,0.45,N,2.07,-0.004,1.21,5.9
CDLRICKSHAWMAN,bull,none,2.75,256,133,123,52.0,50.5,0.47,N,2.18,0.002,1.22,4.3
CDLRICKSHAWMAN,bull,none,3.0,256,133,123,52.0,50.8,0.38,N,2.28,0.008,1.24,3.1
CDLHIGHWAVE,bull,trend_down,0.5,146,52,94,35.6,34.5,0.28,N,3.36,0.079,1.41,59.6
CDLHIGHWAVE,bull,trend_down,0.75,146,64,82,43.8,41.3,0.62,N,3.41,0.081,1.35,44.5
CDLHIGHWAVE,bull,trend_down,1.0,146,71,75,48.6,45.1,0.85,N,3.38,0.076,1.33,32.2
CDLHIGHWAVE,bull,trend_down,1.25,146,74,72,50.7,46.5,1.02,N,4.19,0.09,1.43,22.6
CDLHIGHWAVE,bull,trend_down,1.5,146,74,72,50.7,48.4,0.55,N,4.3,0.086,1.44,15.1
CDLHIGHWAVE,bull,trend_down,1.75,146,75,71,51.4,50.1,0.3,N,4.51,0.094,1.47,10.3
CDLHIGHWAVE,bull,trend_down,2.0,146,76,70,52.1,49.4,0.65,N,5.46,0.141,1.63,4.8
CDLHIGHWAVE,bull,trend_down,2.25,146,76,70,52.1,51.5,0.14,N,5.47,0.142,1.64,3.4
CDLHIGHWAVE,bull,trend_down,2.5,146,76,70,52.1,49.3,0.66,N,5.29,0.133,1.6,3.4
CDLHIGHWAVE,bull,trend_down,2.75,146,76,70,52.1,52.2,-0.03,N,5.3,0.135,1.6,2.1
CDLHIGHWAVE,bull,trend_down,3.0,146,76,70,52.1,48.4,0.88,N,5.19,0.129,1.58,2.1
CDLRICKSHAWMAN,bull,rsi_overbought,0.5,20,3,17,15.0,22.1,-0.76,N,-8.18,-0.266,0.27,75.0
CDLRICKSHAWMAN,bull,rsi_overbought,0.75,20,8,12,40.0,40.0,0.0,N,-5.43,-0.158,0.51,50.0
CDLRICKSHAWMAN,bull,rsi_overbought,1.0,20,11,9,55.0,43.8,1.01,N,1.55,0.06,1.16,35.0
CDLRICKSHAWMAN,bull,rsi_overbought,1.25,20,11,9,55.0,51.7,0.3,N,-0.4,-0.008,0.97,30.0
CDLRICKSHAWMAN,bull,rsi_overbought,1.5,20,11,9,55.0,50.4,0.41,N,-0.66,-0.046,0.94,25.0
CDLRICKSHAWMAN,bull,rsi_overbought,1.75,20,11,9,55.0,46.2,0.78,N,-0.61,-0.056,0.95,20.0
CDLRICKSHAWMAN,bull,rsi_overbought,2.0,20,11,9,55.0,50.0,0.45,N,-1.73,-0.106,0.87,20.0
CDLRICKSHAWMAN,bull,rsi_overbought,2.25,20,11,9,55.0,47.5,0.67,N,-1.69,-0.094,0.87,15.0
CDLRICKSHAWMAN,bull,rsi_overbought,2.5,20,11,9,55.0,49.6,0.48,N,-2.58,-0.131,0.81,15.0
CDLRICKSHAWMAN,bull,rsi_overbought,2.75,20,11,9,55.0,52.5,0.22,N,2.25,0.075,1.25,0.0
CDLRICKSHAWMAN,bull,rsi_overbought,3.0,20,11,9,55.0,48.8,0.56,N,2.25,0.075,1.25,0.0
CDLSHOOTINGSTAR,bear,none,0.5,29,12,17,41.4,35.9,0.61,N,0.54,0.076,1.07,55.2
CDLSHOOTINGSTAR,bear,none,0.75,29,15,14,51.7,44.5,0.78,N,-0.22,0.081,0.98,34.5
CDLSHOOTINGSTAR,bear,none,1.0,29,15,14,51.7,43.1,0.94,N,-2.36,0.017,0.8,27.6
CDLSHOOTINGSTAR,bear,none,1.25,29,15,14,51.7,50.3,0.15,N,-3.61,-0.009,0.72,20.7
CDLSHOOTINGSTAR,bear,none,1.5,29,16,13,55.2,51.1,0.43,N,-1.92,0.047,0.83,6.9
CDLSHOOTINGSTAR,bear,none,1.75,29,16,13,55.2,51.4,0.4,N,-2.35,0.029,0.8,6.9
CDLSHOOTINGSTAR,bear,none,2.0,29,16,13,55.2,55.2,0.0,N,-2.42,0.029,0.79,3.4
CDLSHOOTINGSTAR,bear,none,2.25,29,16,13,55.2,51.1,0.43,N,-1.96,0.045,0.83,0.0
CDLSHOOTINGSTAR,bear,none,2.5,29,16,13,55.2,49.7,0.59,N,-1.96,0.045,0.83,0.0
CDLSHOOTINGSTAR,bear,none,2.75,29,16,13,55.2,51.7,0.37,N,-1.96,0.045,0.83,0.0
CDLSHOOTINGSTAR,bear,none,3.0,29,16,13,55.2,46.0,0.99,N,-1.96,0.045,0.83,0.0
CDLDOJI,bull,rsi_oversold,0.5,20,9,11,45.0,39.6,0.5,N,12.28,0.132,3.16,55.0
CDLDOJI,bull,rsi_oversold,0.75,20,9,11,45.0,37.1,0.73,N,9.44,-0.005,2.11,55.0
CDLDOJI,bull,rsi_oversold,1.0,20,9,11,45.0,42.5,0.23,N,6.59,-0.143,1.58,55.0
CDLDOJI,bull,rsi_oversold,1.25,20,9,11,45.0,42.9,0.19,N,5.06,-0.245,1.39,45.0
CDLDOJI,bull,rsi_oversold,1.5,20,9,11,45.0,34.6,0.98,N,4.02,-0.288,1.29,35.0
CDLDOJI,bull,rsi_oversold,1.75,20,9,11,45.0,45.4,-0.04,N,3.56,-0.296,1.25,25.0
CDLDOJI,bull,rsi_oversold,2.0,20,11,9,55.0,44.2,0.98,N,9.55,-0.029,2.02,10.0
CDLDOJI,bull,rsi_oversold,2.25,20,11,9,55.0,52.9,0.19,N,9.94,-0.014,2.11,5.0
CDLDOJI,bull,rsi_oversold,2.5,20,11,9,55.0,52.5,0.22,N,9.74,-0.027,2.07,5.0
CDLDOJI,bull,rsi_oversold,2.75,20,11,9,55.0,50.8,0.37,N,9.54,-0.039,2.02,5.0
CDLDOJI,bull,rsi_oversold,3.0,20,11,9,55.0,55.4,-0.04,N,10.62,0.028,2.29,0.0
CDLHIGHWAVE,bull,atr_low,0.5,211,71,140,33.6,33.1,0.16,N,1.09,0.01,1.14,58.3
CDLHIGHWAVE,bull,atr_low,0.75,211,95,116,45.0,43.6,0.43,N,2.53,0.064,1.31,39.8
CDLHIGHWAVE,bull,atr_low,1.0,211,103,108,48.8,47.7,0.31,N,2.23,0.044,1.25,29.9
CDLHIGHWAVE,bull,atr_low,1.25,211,107,104,50.7,49.0,0.49,N,2.6,0.06,1.3,19.9
CDLHIGHWAVE,bull,atr_low,1.5,211,109,102,51.7,48.5,0.91,N,2.73,0.067,1.31,14.2
CDLHIGHWAVE,bull,atr_low,1.75,211,110,101,52.1,51.8,0.1,N,2.95,0.073,1.34,9.5
CDLHIGHWAVE,bull,atr_low,2.0,211,110,101,52.1,48.9,0.95,N,3.07,0.082,1.36,6.2
CDLHIGHWAVE,bull,atr_low,2.25,211,110,101,52.1,49.5,0.76,N,3.06,0.081,1.36,4.3
CDLHIGHWAVE,bull,atr_low,2.5,211,110,101,52.1,50.0,0.61,N,2.82,0.07,1.32,4.3
CDLHIGHWAVE,bull,atr_low,2.75,211,110,101,52.1,49.8,0.69,N,2.9,0.074,1.33,2.4
CDLHIGHWAVE,bull,atr_low,3.0,211,110,101,52.1,49.6,0.73,N,2.77,0.068,1.31,2.4
CDLSHORTLINE,bull,trend_down,0.5,218,76,142,34.9,35.4,-0.18,N,2.46,0.075,1.29,58.3
CDLSHORTLINE,bull,trend_down,0.75,218,96,122,44.0,43.5,0.17,N,1.89,0.087,1.19,42.7
CDLSHORTLINE,bull,trend_down,1.0,218,109,109,50.0,46.9,0.93,N,1.42,0.089,1.13,30.3
CDLSHORTLINE,bull,trend_down,1.25,218,113,105,51.8,49.1,0.8,N,0.87,0.069,1.07,23.9
CDLSHORTLINE,bull,trend_down,1.5,218,113,105,51.8,50.0,0.53,N,0.6,0.051,1.05,17.0
CDLSHORTLINE,bull,trend_down,1.75,218,113,105,51.8,49.8,0.59,N,-0.28,0.025,0.98,14.7
CDLSHORTLINE,bull,trend_down,2.0,218,113,105,51.8,49.8,0.6,N,0.06,0.042,1.0,8.3
CDLSHORTLINE,bull,trend_down,2.25,218,114,104,52.3,49.6,0.79,N,-0.16,0.037,0.99,6.9
CDLSHORTLINE,bull,trend_down,2.5,218,114,104,52.3,50.2,0.62,N,-0.63,0.022,0.95,6.4
CDLSHORTLINE,bull,trend_down,2.75,218,114,104,52.3,50.1,0.64,N,-0.97,0.012,0.93,5.0
CDLSHORTLINE,bull,trend_down,3.0,218,114,104,52.3,49.2,0.9,N,-0.34,0.015,0.97,3.2
CDLMARUBOZU,bull,atr_high,0.5,30,12,18,40.0,32.2,0.91,N,1.24,0.118,1.13,53.3
CDLMARUBOZU,bull,atr_high,0.75,30,13,17,43.3,48.3,-0.55,N,-0.65,0.066,0.94,36.7
CDLMARUBOZU,bull,atr_high,1.0,30,13,17,43.3,51.4,-0.88,N,-1.93,0.02,0.85,26.7
CDLMARUBOZU,bull,atr_high,1.25,30,13,17,43.3,45.6,-0.24,N,-1.61,0.017,0.87,20.0
CDLMARUBOZU,bull,atr_high,1.5,30,14,16,46.7,52.8,-0.67,N,-1.79,0.025,0.86,16.7
CDLMARUBOZU,bull,atr_high,1.75,30,14,16,46.7,48.1,-0.15,N,-1.2,0.03,0.9,10.0
CDLMARUBOZU,bull,atr_high,2.0,30,14,16,46.7,50.0,-0.37,N,-1.09,0.032,0.91,3.3
CDLMARUBOZU,bull,atr_high,2.25,30,14,16,46.7,45.0,0.18,N,-1.23,0.024,0.9,3.3
CDLMARUBOZU,bull,atr_high,2.5,30,14,16,46.7,49.2,-0.27,N,-1.37,0.015,0.89,3.3
CDLMARUBOZU,bull,atr_high,2.75,30,14,16,46.7,50.3,-0.4,N,-1.52,0.007,0.88,3.3
CDLMARUBOZU,bull,atr_high,3.0,30,14,16,46.7,47.2,-0.06,N,-1.66,-0.001,0.87,3.3
CDLHIKKAKE,bear,rsi_mid_overbought,0.5,77,31,46,40.3,35.8,0.81,N,0.6,0.033,1.07,54.5
CDLHIKKAKE,bear,rsi_mid_overbought,0.75,77,35,42,45.5,45.0,0.08,N,-0.62,0.016,0.94,39.0
CDLHIKKAKE,bear,rsi_mid_overbought,1.0,77,37,40,48.1,49.9,-0.32,N,-0.52,0.032,0.95,24.7
CDLHIKKAKE,bear,rsi_mid_overbought,1.25,77,37,40,48.1,48.3,-0.04,N,-1.47,0.005,0.87,19.5
CDLHIKKAKE,bear,rsi_mid_overbought,1.5,77,38,39,49.4,49.5,-0.02,N,-1.25,0.007,0.89,13.0
CDLHIKKAKE,bear,rsi_mid_overbought,1.75,77,38,39,49.4,49.1,0.04,N,-1.9,-0.016,0.84,10.4
CDLHIKKAKE,bear,rsi_mid_overbought,2.0,77,38,39,49.4,50.2,-0.15,N,-2.24,-0.031,0.82,7.8
CDLHIKKAKE,bear,rsi_mid_overbought,2.25,77,38,39,49.4,47.7,0.29,N,-2.39,-0.038,0.8,5.2
CDLHIKKAKE,bear,rsi_mid_overbought,2.5,77,38,39,49.4,49.6,-0.04,N,-2.65,-0.047,0.79,3.9
CDLHIKKAKE,bear,rsi_mid_overbought,2.75,77,38,39,49.4,51.1,-0.3,N,-2.91,-0.057,0.77,3.9
CDLHIKKAKE,bear,rsi_mid_overbought,3.0,77,38,39,49.4,47.9,0.25,N,-3.18,-0.066,0.76,3.9
CDL3OUTSIDE,bear,trend_up,0.5,59,20,39,33.9,35.9,-0.32,N,1.22,0.02,1.14,62.7
CDL3OUTSIDE,bear,trend_up,0.75,59,28,31,47.5,42.7,0.75,N,2.05,0.068,1.22,42.4
CDL3OUTSIDE,bear,trend_up,1.0,59,31,28,52.5,51.8,0.11,N,1.44,0.054,1.14,32.2
CDL3OUTSIDE,bear,trend_up,1.25,59,31,28,52.5,47.5,0.78,N,1.64,0.054,1.16,20.3
CDL3OUTSIDE,bear,trend_up,1.5,59,31,28,52.5,48.6,0.61,N,0.74,0.021,1.07,18.6
CDL3OUTSIDE,bear,trend_up,1.75,59,31,28,52.5,48.6,0.61,N,0.36,0.001,1.03,15.3
CDL3OUTSIDE,bear,trend_up,2.0,59,31,28,52.5,48.9,0.56,N,-0.38,-0.016,0.97,11.9
CDL3OUTSIDE,bear,trend_up,2.25,59,31,28,52.5,49.2,0.52,N,-0.25,-0.015,0.98,6.8
CDL3OUTSIDE,bear,trend_up,2.5,59,31,28,52.5,53.0,-0.07,N,-0.75,-0.032,0.94,6.8
CDL3OUTSIDE,bear,trend_up,2.75,59,31,28,52.5,50.6,0.3,N,-1.03,-0.039,0.92,5.1
CDL3OUTSIDE,bear,trend_up,3.0,59,31,28,52.5,49.7,0.43,N,-0.88,-0.033,0.93,3.4
CDLLONGLINE,bull,trend_down,0.5,203,67,136,33.0,33.8,-0.23,N,-0.6,-0.003,0.94,61.6
CDLLONGLINE,bull,trend_down,0.75,203,89,114,43.8,41.2,0.77,N,1.22,0.039,1.11,43.8
CDLLONGLINE,bull,trend_down,1.0,203,95,108,46.8,48.3,-0.42,N,0.98,0.021,1.09,31.0
CDLLONGLINE,bull,trend_down,1.25,203,99,104,48.8,50.2,-0.42,N,1.07,0.042,1.09,23.2
CDLLONGLINE,bull,trend_down,1.5,203,101,102,49.8,48.4,0.4,N,1.05,0.043,1.09,16.3
CDLLONGLINE,bull,trend_down,1.75,203,102,101,50.2,49.5,0.2,N,0.94,0.039,1.08,11.3
CDLLONGLINE,bull,trend_down,2.0,203,102,101,50.2,49.1,0.33,N,0.79,0.037,1.07,6.9
CDLLONGLINE,bull,trend_down,2.25,203,102,101,50.2,48.7,0.43,N,0.59,0.028,1.05,5.9
CDLLONGLINE,bull,trend_down,2.5,203,102,101,50.2,49.1,0.34,N,0.41,0.017,1.03,4.9
CDLLONGLINE,bull,trend_down,2.75,203,102,101,50.2,51.4,-0.34,N,0.18,0.008,1.01,4.4
CDLLONGLINE,bull,trend_down,3.0,203,102,101,50.2,51.8,-0.43,N,-0.08,-0.003,0.99,4.4
CDLADVANCEBLOCK,bear,none,0.5,22,10,12,45.5,38.6,0.66,N,2.68,0.161,1.38,50.0
CDLADVANCEBLOCK,bear,none,0.75,22,10,12,45.5,41.3,0.4,N,0.3,0.065,1.03,40.9
CDLADVANCEBLOCK,bear,none,1.0,22,10,12,45.5,43.2,0.22,N,-1.87,-0.013,0.84,36.4
CDLADVANCEBLOCK,bear,none,1.25,22,11,11,50.0,49.6,0.04,N,0.7,0.109,1.07,13.6
CDLADVANCEBLOCK,bear,none,1.5,22,11,11,50.0,49.6,0.04,N,0.78,0.1,1.08,9.1
CDLADVANCEBLOCK,bear,none,1.75,22,11,11,50.0,48.9,0.11,N,0.74,0.099,1.08,4.5
CDLADVANCEBLOCK,bear,none,2.0,22,11,11,50.0,46.2,0.36,N,0.51,0.088,1.05,4.5
CDLADVANCEBLOCK,bear,none,2.25,22,11,11,50.0,47.7,0.21,N,0.81,0.103,1.08,0.0
CDLADVANCEBLOCK,bear,none,2.5,22,11,11,50.0,45.5,0.43,N,0.81,0.103,1.08,0.0
CDLADVANCEBLOCK,bear,none,2.75,22,11,11,50.0,47.3,0.25,N,0.81,0.103,1.08,0.0
CDLADVANCEBLOCK,bear,none,3.0,22,11,11,50.0,54.5,-0.43,N,0.81,0.103,1.08,0.0
CDLGRAVESTONEDOJI,bear,trend_down,0.5,31,13,18,41.9,38.4,0.4,N,2.82,0.145,1.41,54.8
CDLGRAVESTONEDOJI,bear,trend_down,0.75,31,14,17,45.2,46.5,-0.15,N,0.72,0.068,1.08,45.2
CDLGRAVESTONEDOJI,bear,trend_down,1.0,31,15,16,48.4,44.9,0.39,N,-0.25,0.05,0.98,35.5
CDLGRAVESTONEDOJI,bear,trend_down,1.25,31,15,16,48.4,46.2,0.24,N,-2.11,-0.02,0.83,25.8
CDLGRAVESTONEDOJI,bear,trend_down,1.5,31,16,15,51.6,52.4,-0.09,N,-1.52,0.023,0.87,12.9
CDLGRAVESTONEDOJI,bear,trend_down,1.75,31,16,15,51.6,49.5,0.24,N,-2.08,-0.001,0.83,9.7
CDLGRAVESTONEDOJI,bear,trend_down,2.0,31,16,15,51.6,48.1,0.39,N,-2.66,-0.025,0.79,9.7
CDLGRAVESTONEDOJI,bear,trend_down,2.25,31,16,15,51.6,50.8,0.09,N,-2.66,-0.035,0.79,6.5
CDLGRAVESTONEDOJI,bear,trend_down,2.5,31,16,15,51.6,46.8,0.54,N,-2.13,0.001,0.83,3.2
CDLGRAVESTONEDOJI,bear,trend_down,2.75,31,16,15,51.6,53.2,-0.18,N,-2.25,-0.007,0.82,3.2
CDLGRAVESTONEDOJI,bear,trend_down,3.0,31,16,15,51.6,45.7,0.66,N,-2.37,-0.015,0.81,3.2
CDLBELTHOLD,bear,trend_down,0.5,196,57,139,29.1,31.8,-0.82,N,-2.21,-0.082,0.77,65.3
CDLBELTHOLD,bear,trend_down,0.75,196,82,114,41.8,40.6,0.35,N,-1.58,-0.061,0.86,48.0
CDLBELTHOLD,bear,trend_down,1.0,196,88,108,44.9,43.7,0.35,N,-1.78,-0.103,0.85,35.7
CDLBELTHOLD,bear,trend_down,1.25,196,92,104,46.9,48.5,-0.43,N,-1.83,-0.087,0.85,27.6
CDLBELTHOLD,bear,trend_down,1.5,196,95,101,48.5,46.2,0.63,N,-1.93,-0.086,0.85,19.9
CDLBELTHOLD,bear,trend_down,1.75,196,97,99,49.5,47.9,0.44,N,-2.0,-0.084,0.84,14.3
CDLBELTHOLD,bear,trend_down,2.0,196,97,99,49.5,51.2,-0.49,N,-2.23,-0.094,0.83,10.2
CDLBELTHOLD,bear,trend_down,2.25,196,97,99,49.5,50.5,-0.27,N,-2.64,-0.109,0.8,9.2
CDLBELTHOLD,bear,trend_down,2.5,196,97,99,49.5,49.1,0.11,N,-2.7,-0.114,0.8,6.6
CDLBELTHOLD,bear,trend_down,2.75,196,97,99,49.5,50.1,-0.17,N,-2.81,-0.124,0.79,5.1
CDLBELTHOLD,bear,trend_down,3.0,196,97,99,49.5,51.2,-0.49,N,-3.03,-0.133,0.78,4.6
CDLSPINNINGTOP,bull,trend_down,0.5,257,90,167,35.0,34.9,0.04,N,1.79,0.072,1.21,60.3
CDLSPINNINGTOP,bull,trend_down,0.75,257,109,148,42.4,41.9,0.16,N,1.75,0.076,1.17,44.7
CDLSPINNINGTOP,bull,trend_down,1.0,257,122,135,47.5,45.6,0.61,N,2.16,0.089,1.2,31.9
CDLSPINNINGTOP,bull,trend_down,1.25,257,126,131,49.0,47.1,0.62,N,2.33,0.093,1.22,22.6
CDLSPINNINGTOP,bull,trend_down,1.5,257,127,130,49.4,47.9,0.48,N,2.45,0.095,1.23,16.3
CDLSPINNINGTOP,bull,trend_down,1.75,257,128,129,49.8,49.0,0.25,N,2.03,0.083,1.18,12.8
CDLSPINNINGTOP,bull,trend_down,2.0,257,130,127,50.6,49.7,0.28,N,2.65,0.12,1.24,7.4
CDLSPINNINGTOP,bull,trend_down,2.25,257,131,126,51.0,49.3,0.54,N,2.51,0.119,1.23,5.8
CDLSPINNINGTOP,bull,trend_down,2.5,257,131,126,51.0,50.5,0.16,N,2.87,0.118,1.27,5.1
CDLSPINNINGTOP,bull,trend_down,2.75,257,131,126,51.0,51.0,-0.02,N,2.69,0.113,1.25,3.9
CDLSPINNINGTOP,bull,trend_down,3.0,257,131,126,51.0,50.3,0.22,N,2.59,0.111,1.24,3.5
CDLDOJI,bull,none,0.5,344,114,230,33.1,35.5,-0.92,N,0.14,-0.034,1.02,61.0
CDLDOJI,bull,none,0.75,344,146,198,42.4,44.6,-0.8,N,1.0,-0.017,1.11,43.9
CDLDOJI,bull,none,1.0,344,157,187,45.6,46.5,-0.31,N,0.56,-0.039,1.05,34.9
CDLDOJI,bull,none,1.25,344,165,179,48.0,47.9,0.03,N,1.07,-0.023,1.1,23.0
CDLDOJI,bull,none,1.5,344,169,175,49.1,47.8,0.48,N,1.11,-0.018,1.11,16.6
CDLDOJI,bull,none,1.75,344,171,173,49.7,50.2,-0.18,N,1.16,-0.017,1.11,11.9
CDLDOJI,bull,none,2.0,344,173,171,50.3,50.5,-0.06,N,1.54,0.002,1.15,8.1
CDLDOJI,bull,none,2.25,344,173,171,50.3,49.2,0.42,N,1.46,-0.002,1.14,6.1
CDLDOJI,bull,none,2.5,344,173,171,50.3,48.8,0.54,N,1.16,-0.014,1.11,5.8
CDLDOJI,bull,none,2.75,344,173,171,50.3,49.7,0.21,N,1.17,-0.013,1.11,4.7
CDLDOJI,bull,none,3.0,344,174,170,50.6,51.3,-0.25,N,1.42,0.003,1.14,3.2
CDLLONGLEGGEDDOJI,bull,rsi_overbought,0.5,29,5,24,17.2,24.7,-0.93,N,-8.02,-0.219,0.32,75.9
CDLLONGLEGGEDDOJI,bull,rsi_overbought,0.75,29,10,19,34.5,36.2,-0.19,N,-7.42,-0.19,0.43,55.2
CDLLONGLEGGEDDOJI,bull,rsi_overbought,1.0,29,13,16,44.8,39.9,0.54,N,-4.21,-0.091,0.69,44.8
CDLLONGLEGGEDDOJI,bull,rsi_overbought,1.25,29,13,16,44.8,45.4,-0.06,N,-6.75,-0.17,0.59,37.9
CDLLONGLEGGEDDOJI,bull,rsi_overbought,1.5,29,14,15,48.3,44.3,0.44,N,-5.95,-0.109,0.64,27.6
CDLLONGLEGGEDDOJI,bull,rsi_overbought,1.75,29,15,14,51.7,49.4,0.25,N,-2.76,-0.023,0.79,13.8
CDLLONGLEGGEDDOJI,bull,rsi_overbought,2.0,29,15,14,51.7,50.0,0.19,N,-3.53,-0.057,0.75,13.8
CDLLONGLEGGEDDOJI,bull,rsi_overbought,2.25,29,15,14,51.7,47.1,0.5,N,-3.51,-0.049,0.75,10.3
CDLLONGLEGGEDDOJI,bull,rsi_overbought,2.5,29,15,14,51.7,51.7,0.0,N,-4.12,-0.075,0.72,10.3
CDLLONGLEGGEDDOJI,bull,rsi_overbought,2.75,29,15,14,51.7,50.9,0.09,N,-0.79,0.068,0.93,0.0
CDLLONGLEGGEDDOJI,bull,rsi_overbought,3.0,29,15,14,51.7,48.0,0.4,N,-0.79,0.068,0.93,0.0
CDLENGULFING,bear,trend_down,0.5,162,46,116,28.4,32.3,-1.06,N,0.24,-0.017,1.03,67.9
CDLENGULFING,bear,trend_down,0.75,162,64,98,39.5,40.6,-0.29,N,0.15,-0.013,1.01,50.6
CDLENGULFING,bear,trend_down,1.0,162,72,90,44.4,43.9,0.13,N,0.48,0.024,1.04,37.0
CDLENGULFING,bear,trend_down,1.25,162,79,83,48.8,48.9,-0.04,N,0.84,0.036,1.07,28.4
CDLENGULFING,bear,trend_down,1.5,162,80,82,49.4,49.5,-0.04,N,0.16,0.017,1.01,22.2
CDLENGULFING,bear,trend_down,1.75,162,80,82,49.4,49.3,0.03,N,0.09,0.016,1.01,16.0
CDLENGULFING,bear,trend_down,2.0,162,81,81,50.0,49.7,0.07,N,0.68,0.04,1.06,7.4
CDLENGULFING,bear,trend_down,2.25,162,81,81,50.0,48.9,0.28,N,0.42,0.028,1.03,6.2
CDLENGULFING,bear,trend_down,2.5,162,81,81,50.0,51.6,-0.41,N,0.37,0.021,1.03,4.9
CDLENGULFING,bear,trend_down,2.75,162,81,81,50.0,47.9,0.52,N,0.2,0.012,1.02,3.7
CDLENGULFING,bear,trend_down,3.0,162,81,81,50.0,49.3,0.18,N,0.09,0.007,1.01,3.1
CDLENGULFING,bear,atr_high,0.5,78,20,58,25.6,32.3,-1.25,N,0.77,0.005,1.07,70.5
CDLENGULFING,bear,atr_high,0.75,78,31,47,39.7,46.4,-1.17,N,0.73,0.022,1.06,48.7
CDLENGULFING,bear,atr_high,1.0,78,37,41,47.4,47.5,-0.02,N,2.02,0.099,1.15,35.9
CDLENGULFING,bear,atr_high,1.25,78,39,39,50.0,51.7,-0.3,N,1.97,0.102,1.15,24.4
CDLENGULFING,bear,atr_high,1.5,78,39,39,50.0,50.9,-0.15,N,0.65,0.063,1.04,21.8
CDLENGULFING,bear,atr_high,1.75,78,39,39,50.0,47.1,0.51,N,0.78,0.076,1.05,14.1
CDLENGULFING,bear,atr_high,2.0,78,39,39,50.0,51.5,-0.26,N,0.59,0.066,1.04,10.3
CDLENGULFING,bear,atr_high,2.25,78,39,39,50.0,49.4,0.11,N,0.44,0.058,1.03,7.7
CDLENGULFING,bear,atr_high,2.5,78,39,39,50.0,52.9,-0.51,N,0.57,0.058,1.04,5.1
CDLENGULFING,bear,atr_high,2.75,78,39,39,50.0,54.1,-0.72,N,0.29,0.045,1.02,5.1
CDLENGULFING,bear,atr_high,3.0,78,39,39,50.0,48.8,0.21,N,0.16,0.04,1.01,3.8
CDLDOJI,bull,rsi_overbought,0.5,29,5,24,17.2,22.7,-0.7,N,-8.02,-0.219,0.32,75.9
CDLDOJI,bull,rsi_overbought,0.75,29,10,19,34.5,36.5,-0.23,N,-7.42,-0.19,0.43,55.2
CDLDOJI,bull,rsi_overbought,1.0,29,13,16,44.8,48.6,-0.4,N,-4.21,-0.091,0.69,44.8
CDLDOJI,bull,rsi_overbought,1.25,29,13,16,44.8,49.7,-0.53,N,-6.75,-0.17,0.59,37.9
CDLDOJI,bull,rsi_overbought,1.5,29,14,15,48.3,45.1,0.34,N,-5.95,-0.109,0.64,27.6
CDLDOJI,bull,rsi_overbought,1.75,29,15,14,51.7,56.3,-0.5,N,-2.76,-0.023,0.79,13.8
CDLDOJI,bull,rsi_overbought,2.0,29,15,14,51.7,52.3,-0.06,N,-3.53,-0.057,0.75,13.8
CDLDOJI,bull,rsi_overbought,2.25,29,15,14,51.7,50.0,0.19,N,-3.51,-0.049,0.75,10.3
CDLDOJI,bull,rsi_overbought,2.5,29,15,14,51.7,49.4,0.25,N,-4.12,-0.075,0.72,10.3
CDLDOJI,bull,rsi_overbought,2.75,29,15,14,51.7,47.1,0.5,N,-0.79,0.068,0.93,0.0
CDLDOJI,bull,rsi_overbought,3.0,29,15,14,51.7,51.7,0.0,N,-0.79,0.068,0.93,0.0
CDLHIKKAKE,bull,atr_low,0.5,230,80,150,34.8,35.7,-0.28,N,0.47,0.008,1.06,60.4
CDLHIKKAKE,bull,atr_low,0.75,230,91,139,39.6,41.3,-0.54,N,-0.7,-0.025,0.93,48.3
CDLHIKKAKE,bull,atr_low,1.0,230,102,128,44.3,45.7,-0.42,N,-0.79,-0.019,0.93,33.9
CDLHIKKAKE,bull,atr_low,1.25,230,108,122,47.0,48.3,-0.4,N,-0.69,-0.011,0.94,24.8
CDLHIKKAKE,bull,atr_low,1.5,230,110,120,47.8,49.9,-0.63,N,-0.97,-0.024,0.92,18.3
CDLHIKKAKE,bull,atr_low,1.75,230,113,117,49.1,49.1,0.01,N,-0.32,0.004,0.97,11.3
CDLHIKKAKE,bull,atr_low,2.0,230,113,117,49.1,47.5,0.48,N,-0.63,-0.013,0.94,9.1
CDLHIKKAKE,bull,atr_low,2.25,230,113,117,49.1,50.4,-0.38,N,-0.76,-0.019,0.93,6.5
CDLHIKKAKE,bull,atr_low,2.5,230,113,117,49.1,49.2,-0.03,N,-1.03,-0.031,0.91,5.7
CDLHIKKAKE,bull,atr_low,2.75,230,113,117,49.1,49.6,-0.14,N,-1.05,-0.031,0.91,4.8
CDLHIKKAKE,bull,atr_low,3.0,230,114,116,49.6,49.9,-0.11,N,-1.08,-0.028,0.91,4.3
CDLBELTHOLD,bear,rsi_mid_overbought,0.5,47,16,31,34.0,35.3,-0.18,N,-3.04,-0.084,0.63,57.4
CDLBELTHOLD,bear,rsi_mid_overbought,0.75,47,21,26,44.7,44.5,0.02,N,-2.8,-0.063,0.69,38.3
CDLBELTHOLD,bear,rsi_mid_overbought,1.0,47,23,24,48.9,48.9,-0.0,N,-2.84,-0.078,0.71,31.9
CDLBELTHOLD,bear,rsi_mid_overbought,1.25,47,23,24,48.9,50.4,-0.19,N,-4.13,-0.137,0.63,25.5
CDLBELTHOLD,bear,rsi_mid_overbought,1.5,47,23,24,48.9,47.5,0.19,N,-5.08,-0.177,0.58,21.3
CDLBELTHOLD,bear,rsi_mid_overbought,1.75,47,24,23,51.1,52.0,-0.12,N,-4.25,-0.158,0.63,14.9
CDLBELTHOLD,bear,rsi_mid_overbought,2.0,47,24,23,51.1,49.6,0.19,N,-4.86,-0.184,0.6,12.8
CDLBELTHOLD,bear,rsi_mid_overbought,2.25,47,24,23,51.1,53.4,-0.32,N,-5.47,-0.212,0.57,10.6
CDLBELTHOLD,bear,rsi_mid_overbought,2.5,47,24,23,51.1,51.4,-0.05,N,-5.4,-0.209,0.58,4.3
CDLBELTHOLD,bear,rsi_mid_overbought,2.75,47,24,23,51.1,50.4,0.1,N,-5.61,-0.22,0.57,4.3
CDLBELTHOLD,bear,rsi_mid_overbought,3.0,47,24,23,51.1,47.7,0.46,N,-5.82,-0.231,0.56,4.3
CDLRICKSHAWMAN,bull,atr_low,0.5,185,59,126,31.9,34.8,-0.82,N,-0.12,-0.059,0.98,61.6
CDLRICKSHAWMAN,bull,atr_low,0.75,185,78,107,42.2,43.7,-0.42,N,0.99,-0.038,1.12,43.8
CDLRICKSHAWMAN,bull,atr_low,1.0,185,84,101,45.4,46.4,-0.28,N,0.93,-0.042,1.1,31.9
CDLRICKSHAWMAN,bull,atr_low,1.25,185,89,96,48.1,48.8,-0.2,N,1.72,-0.018,1.19,20.0
CDLRICKSHAWMAN,bull,atr_low,1.5,185,91,94,49.2,47.9,0.36,N,1.39,-0.031,1.15,16.2
CDLRICKSHAWMAN,bull,atr_low,1.75,185,91,94,49.2,48.7,0.13,N,1.04,-0.044,1.11,12.4
CDLRICKSHAWMAN,bull,atr_low,2.0,185,91,94,49.2,47.5,0.45,N,1.08,-0.036,1.11,9.2
CDLRICKSHAWMAN,bull,atr_low,2.25,185,91,94,49.2,49.8,-0.16,N,0.9,-0.041,1.09,7.0
CDLRICKSHAWMAN,bull,atr_low,2.5,185,91,94,49.2,49.7,-0.15,N,0.58,-0.053,1.06,6.5
CDLRICKSHAWMAN,bull,atr_low,2.75,185,91,94,49.2,49.4,-0.06,N,0.62,-0.052,1.06,4.9
CDLRICKSHAWMAN,bull,atr_low,3.0,185,91,94,49.2,52.2,-0.81,N,0.67,-0.046,1.07,3.8
CDL3OUTSIDE,bull,rsi_mid_oversold,0.5,20,8,12,40.0,41.7,-0.15,N,3.56,0.093,1.54,50.0
CDL3OUTSIDE,bull,rsi_mid_oversold,0.75,20,10,10,50.0,48.3,0.15,N,5.27,0.15,1.67,40.0
CDL3OUTSIDE,bull,rsi_mid_oversold,1.0,20,10,10,50.0,45.4,0.41,N,2.76,0.05,1.27,40.0
CDL3OUTSIDE,bull,rsi_mid_oversold,1.25,20,10,10,50.0,54.6,-0.41,N,1.37,-0.01,1.12,25.0
CDL3OUTSIDE,bull,rsi_mid_oversold,1.5,20,10,10,50.0,47.5,0.22,N,0.73,-0.049,1.06,20.0
CDL3OUTSIDE,bull,rsi_mid_oversold,1.75,20,10,10,50.0,51.2,-0.11,N,-0.19,-0.099,0.99,20.0
CDL3OUTSIDE,bull,rsi_mid_oversold,2.0,20,10,10,50.0,50.4,-0.04,N,-0.27,-0.101,0.98,10.0
CDL3OUTSIDE,bull,rsi_mid_oversold,2.25,20,10,10,50.0,46.7,0.3,N,0.79,-0.03,1.06,5.0
CDL3OUTSIDE,bull,rsi_mid_oversold,2.5,20,10,10,50.0,48.3,0.15,N,0.47,-0.042,1.04,5.0
CDL3OUTSIDE,bull,rsi_mid_oversold,2.75,20,10,10,50.0,48.3,0.15,N,0.16,-0.055,1.01,5.0
CDL3OUTSIDE,bull,rsi_mid_oversold,3.0,20,10,10,50.0,54.2,-0.37,N,-0.16,-0.067,0.99,5.0
CDL3INSIDE,bull,none,0.5,21,8,13,38.1,42.5,-0.4,N,7.2,0.392,1.79,61.9
CDL3INSIDE,bull,none,0.75,21,9,12,42.9,39.7,0.3,N,7.69,0.44,1.68,47.6
CDL3INSIDE,bull,none,1.0,21,10,11,47.6,45.6,0.18,N,8.72,0.433,1.79,33.3
CDL3INSIDE,bull,none,1.25,21,11,10,52.4,56.0,-0.33,N,8.63,0.455,1.72,28.6
CDL3INSIDE,bull,none,1.5,21,11,10,52.4,50.4,0.18,N,6.77,0.384,1.49,28.6
CDL3INSIDE,bull,none,1.75,21,11,10,52.4,52.8,-0.04,N,4.91,0.312,1.31,28.6
CDL3INSIDE,bull,none,2.0,21,11,10,52.4,51.2,0.11,N,3.91,0.263,1.23,23.8
CDL3INSIDE,bull,none,2.25,21,11,10,52.4,48.0,0.4,N,2.51,0.204,1.14,23.8
CDL3INSIDE,bull,none,2.5,21,11,10,52.4,49.6,0.25,N,2.33,0.179,1.13,19.0
CDL3INSIDE,bull,none,2.75,21,11,10,52.4,52.4,0.0,N,3.98,0.219,1.24,9.5
CDL3INSIDE,bull,none,3.0,21,11,10,52.4,49.2,0.29,N,3.61,0.195,1.21,9.5
CDLTAKURI,bull,atr_low,0.5,27,8,19,29.6,33.3,-0.41,N,-4.18,-0.179,0.51,66.7
CDLTAKURI,bull,atr_low,0.75,27,10,17,37.0,37.7,-0.07,N,-3.48,-0.212,0.57,44.4
CDLTAKURI,bull,atr_low,1.0,27,10,17,37.0,49.1,-1.25,N,-4.99,-0.29,0.48,33.3
CDLTAKURI,bull,atr_low,1.25,27,11,16,40.7,48.8,-0.83,N,-3.12,-0.198,0.6,14.8
CDLTAKURI,bull,atr_low,1.5,27,11,16,40.7,48.5,-0.8,N,-3.81,-0.235,0.55,14.8
CDLTAKURI,bull,atr_low,1.75,27,12,15,44.4,46.9,-0.26,N,-2.37,-0.174,0.67,7.4
CDLTAKURI,bull,atr_low,2.0,27,12,15,44.4,41.4,0.33,N,-2.69,-0.193,0.64,7.4
CDLTAKURI,bull,atr_low,2.25,27,12,15,44.4,45.7,-0.13,N,-2.83,-0.201,0.63,3.7
CDLTAKURI,bull,atr_low,2.5,27,12,15,44.4,46.3,-0.19,N,-2.98,-0.211,0.62,3.7
CDLTAKURI,bull,atr_low,2.75,27,12,15,44.4,45.4,-0.1,N,-3.13,-0.22,0.61,3.7
CDLTAKURI,bull,atr_low,3.0,27,13,14,48.1,44.4,0.39,N,-1.17,-0.098,0.82,0.0
CDLBELTHOLD,bull,atr_low,0.5,231,79,152,34.2,35.5,-0.41,N,0.21,-0.002,1.03,61.9
CDLBELTHOLD,bull,atr_low,0.75,231,102,129,44.2,44.1,0.02,N,0.05,-0.008,1.01,46.3
CDLBELTHOLD,bull,atr_low,1.0,231,109,122,47.2,47.2,0.0,N,-0.9,-0.051,0.91,35.9
CDLBELTHOLD,bull,atr_low,1.25,231,113,118,48.9,49.1,-0.07,N,-0.98,-0.051,0.91,26.8
CDLBELTHOLD,bull,atr_low,1.5,231,114,117,49.4,50.0,-0.21,N,-1.38,-0.064,0.88,18.6
CDLBELTHOLD,bull,atr_low,1.75,231,116,115,50.2,50.0,0.07,N,-1.38,-0.064,0.88,13.4
CDLBELTHOLD,bull,atr_low,2.0,231,116,115,50.2,50.2,0.0,N,-1.79,-0.081,0.85,10.8
CDLBELTHOLD,bull,atr_low,2.25,231,116,115,50.2,51.3,-0.33,N,-2.08,-0.092,0.83,8.7
CDLBELTHOLD,bull,atr_low,2.5,231,116,115,50.2,49.0,0.37,N,-2.32,-0.106,0.81,6.9
CDLBELTHOLD,bull,atr_low,2.75,231,116,115,50.2,50.5,-0.09,N,-2.65,-0.121,0.79,6.5
CDLBELTHOLD,bull,atr_low,3.0,231,116,115,50.2,50.1,0.02,N,-2.96,-0.134,0.77,6.1
CDLHIKKAKE,bull,rsi_mid_oversold,0.5,81,30,51,37.0,37.7,-0.11,N,5.39,0.058,1.74,53.1
CDLHIKKAKE,bull,rsi_mid_oversold,0.75,81,33,48,40.7,39.5,0.23,N,3.69,-0.012,1.39,45.7
CDLHIKKAKE,bull,rsi_mid_oversold,1.0,81,36,45,44.4,45.6,-0.2,N,3.59,-0.019,1.37,32.1
CDLHIKKAKE,bull,rsi_mid_oversold,1.25,81,39,42,48.1,47.6,0.09,N,4.5,0.042,1.43,27.2
CDLHIKKAKE,bull,rsi_mid_oversold,1.5,81,39,42,48.1,47.8,0.06,N,3.17,-0.005,1.27,23.5
CDLHIKKAKE,bull,rsi_mid_oversold,1.75,81,40,41,49.4,48.8,0.11,N,3.48,0.022,1.3,17.3
CDLHIKKAKE,bull,rsi_mid_oversold,2.0,81,41,40,50.6,49.0,0.3,N,3.15,0.012,1.27,14.8
CDLHIKKAKE,bull,rsi_mid_oversold,2.25,81,41,40,50.6,48.9,0.31,N,3.02,0.012,1.25,11.1
CDLHIKKAKE,bull,rsi_mid_oversold,2.5,81,41,40,50.6,49.2,0.26,N,2.44,-0.006,1.19,9.9
CDLHIKKAKE,bull,rsi_mid_oversold,2.75,81,41,40,50.6,48.7,0.35,N,2.49,0.003,1.2,8.6
CDLHIKKAKE,bull,rsi_mid_oversold,3.0,81,42,39,51.9,50.1,0.31,N,3.93,0.051,1.35,6.2
CDLXSIDEGAP3METHODS,bear,trend_down,0.5,24,8,16,33.3,34.7,-0.14,N,2.38,-0.024,1.28,54.2
CDLXSIDEGAP3METHODS,bear,trend_down,0.75,24,10,14,41.7,46.2,-0.44,N,5.89,0.054,1.62,37.5
CDLXSIDEGAP3METHODS,bear,trend_down,1.0,24,12,12,50.0,46.5,0.34,N,6.4,0.116,1.66,20.8
CDLXSIDEGAP3METHODS,bear,trend_down,1.25,24,12,12,50.0,54.2,-0.41,N,6.95,0.139,1.76,12.5
CDLXSIDEGAP3METHODS,bear,trend_down,1.5,24,12,12,50.0,50.0,-0.0,N,5.78,0.108,1.56,12.5
CDLXSIDEGAP3METHODS,bear,trend_down,1.75,24,12,12,50.0,49.7,0.03,N,6.31,0.154,1.65,4.2
CDLXSIDEGAP3METHODS,bear,trend_down,2.0,24,12,12,50.0,50.3,-0.03,N,5.57,0.144,1.53,4.2
CDLXSIDEGAP3METHODS,bear,trend_down,2.25,24,12,12,50.0,49.7,0.03,N,4.84,0.133,1.43,4.2
CDLXSIDEGAP3METHODS,bear,trend_down,2.5,24,12,12,50.0,48.3,0.17,N,4.1,0.123,1.34,4.2
CDLXSIDEGAP3METHODS,bear,trend_down,2.75,24,12,12,50.0,49.3,0.07,N,3.36,0.112,1.26,4.2
CDLXSIDEGAP3METHODS,bear,trend_down,3.0,24,12,12,50.0,51.4,-0.14,N,6.14,0.152,1.62,0.0
CDLLONGLEGGEDDOJI,bull,none,0.5,343,113,230,32.9,33.9,-0.39,N,0.12,-0.036,1.01,61.2
CDLLONGLEGGEDDOJI,bull,none,0.75,343,145,198,42.3,42.7,-0.15,N,0.98,-0.019,1.11,44.0
CDLLONGLEGGEDDOJI,bull,none,1.0,343,156,187,45.5,44.6,0.33,N,0.54,-0.041,1.05,35.0
CDLLONGLEGGEDDOJI,bull,none,1.25,343,164,179,47.8,47.9,-0.04,N,1.05,-0.024,1.1,23.0
CDLLONGLEGGEDDOJI,bull,none,1.5,343,168,175,49.0,49.5,-0.21,N,1.09,-0.019,1.1,16.6
CDLLONGLEGGEDDOJI,bull,none,1.75,343,170,173,49.6,48.9,0.23,N,1.14,-0.019,1.11,12.0
CDLLONGLEGGEDDOJI,bull,none,2.0,343,172,171,50.1,49.4,0.26,N,1.52,0.0,1.15,8.2
CDLLONGLEGGEDDOJI,bull,none,2.25,343,172,171,50.1,50.4,-0.09,N,1.44,-0.003,1.14,6.1
CDLLONGLEGGEDDOJI,bull,none,2.5,343,172,171,50.1,49.4,0.28,N,1.14,-0.016,1.11,5.8
CDLLONGLEGGEDDOJI,bull,none,2.75,343,172,171,50.1,50.6,-0.16,N,1.15,-0.015,1.11,4.7
CDLLONGLEGGEDDOJI,bull,none,3.0,343,173,170,50.4,49.8,0.25,N,1.4,0.001,1.14,3.2
CDLLONGLINE,bear,rsi_mid_overbought,0.5,56,21,35,37.5,35.9,0.26,N,-2.91,-0.065,0.61,53.6
CDLLONGLINE,bear,rsi_mid_overbought,0.75,56,25,31,44.6,48.2,-0.53,N,-3.16,-0.062,0.62,35.7
CDLLONGLINE,bear,rsi_mid_overbought,1.0,56,27,29,48.2,52.1,-0.58,N,1.03,-0.002,1.12,28.6
CDLLONGLINE,bear,rsi_mid_overbought,1.25,56,27,29,48.2,50.3,-0.31,N,1.06,-0.023,1.12,19.6
CDLLONGLINE,bear,rsi_mid_overbought,1.5,56,27,29,48.2,46.1,0.31,N,0.67,-0.036,1.07,16.1
CDLLONGLINE,bear,rsi_mid_overbought,1.75,56,27,29,48.2,51.6,-0.51,N,0.26,-0.061,1.03,14.3
CDLLONGLINE,bear,rsi_mid_overbought,2.0,56,27,29,48.2,49.3,-0.16,N,0.11,-0.062,1.01,10.7
CDLLONGLINE,bear,rsi_mid_overbought,2.25,56,27,29,48.2,50.6,-0.36,N,-0.41,-0.086,0.96,8.9
CDLLONGLINE,bear,rsi_mid_overbought,2.5,56,27,29,48.2,48.4,-0.02,N,-0.35,-0.084,0.97,3.6
CDLLONGLINE,bear,rsi_mid_overbought,2.75,56,27,29,48.2,46.1,0.31,N,-0.36,-0.083,0.96,1.8
CDLLONGLINE,bear,rsi_mid_overbought,3.0,56,27,29,48.2,49.1,-0.13,N,-0.45,-0.087,0.96,1.8
CDLTAKURI,bull,none,0.5,38,13,25,34.2,38.6,-0.56,N,-3.38,-0.117,0.63,63.2
CDLTAKURI,bull,none,0.75,38,16,22,42.1,45.4,-0.41,N,-3.54,-0.154,0.64,44.7
CDLTAKURI,bull,none,1.0,38,16,22,42.1,50.9,-1.08,N,-5.96,-0.242,0.51,36.8
CDLTAKURI,bull,none,1.25,38,17,21,44.7,47.4,-0.32,N,-5.67,-0.194,0.53,21.1
CDLTAKURI,bull,none,1.5,38,17,21,44.7,51.1,-0.78,N,-6.9,-0.227,0.48,18.4
CDLTAKURI,bull,none,1.75,38,18,20,47.4,49.8,-0.3,N,-5.3,-0.176,0.55,7.9
CDLTAKURI,bull,none,2.0,38,18,20,47.4,50.4,-0.38,N,-5.77,-0.196,0.53,7.9
CDLTAKURI,bull,none,2.25,38,18,20,47.4,49.8,-0.3,N,-5.41,-0.189,0.54,2.6
CDLTAKURI,bull,none,2.5,38,18,20,47.4,49.8,-0.3,N,-5.51,-0.195,0.54,2.6
CDLTAKURI,bull,none,2.75,38,18,20,47.4,45.0,0.3,N,-5.62,-0.202,0.53,2.6
CDLTAKURI,bull,none,3.0,38,19,19,50.0,53.1,-0.38,N,-4.23,-0.115,0.61,0.0
CDLENGULFING,bull,rsi_mid_oversold,0.5,57,18,39,31.6,34.1,-0.4,N,0.75,-0.063,1.1,64.9
CDLENGULFING,bull,rsi_mid_oversold,0.75,57,23,34,40.4,41.2,-0.13,N,-0.01,-0.1,1.0,50.9
CDLENGULFING,bull,rsi_mid_oversold,1.0,57,27,30,47.4,45.5,0.29,N,-0.2,-0.093,0.98,38.6
CDLENGULFING,bull,rsi_mid_oversold,1.25,57,28,29,49.1,53.1,-0.6,N,-0.55,-0.13,0.95,31.6
CDLENGULFING,bull,rsi_mid_oversold,1.5,57,28,29,49.1,47.2,0.29,N,-0.67,-0.13,0.94,21.1
CDLENGULFING,bull,rsi_mid_oversold,1.75,57,28,29,49.1,51.3,-0.33,N,-0.53,-0.128,0.95,17.5
CDLENGULFING,bull,rsi_mid_oversold,2.0,57,28,29,49.1,52.3,-0.49,N,-0.3,-0.101,0.97,10.5
CDLENGULFING,bull,rsi_mid_oversold,2.25,57,28,29,49.1,50.9,-0.26,N,-0.93,-0.127,0.92,10.5
CDLENGULFING,bull,rsi_mid_oversold,2.5,57,28,29,49.1,50.3,-0.18,N,-1.02,-0.142,0.91,8.8
CDLENGULFING,bull,rsi_mid_oversold,2.75,57,28,29,49.1,48.5,0.09,N,-1.45,-0.164,0.88,8.8
CDLENGULFING,bull,rsi_mid_oversold,3.0,57,28,29,49.1,51.2,-0.31,N,-1.88,-0.186,0.85,8.8
CDLHIGHWAVE,bull,rsi_overbought,0.5,27,7,20,25.9,25.0,0.11,N,-0.22,-0.059,0.97,55.6
CDLHIGHWAVE,bull,rsi_overbought,0.75,27,10,17,37.0,38.3,-0.13,N,-0.32,-0.044,0.97,44.4
CDLHIGHWAVE,bull,rsi_overbought,1.0,27,13,14,48.1,45.4,0.29,N,2.74,0.031,1.31,33.3
CDLHIGHWAVE,bull,rsi_overbought,1.25,27,13,14,48.1,46.3,0.19,N,1.92,0.002,1.2,22.2
CDLHIGHWAVE,bull,rsi_overbought,1.5,27,13,14,48.1,48.1,0.0,N,0.54,-0.054,1.05,22.2
CDLHIGHWAVE,bull,rsi_overbought,1.75,27,13,14,48.1,49.1,-0.1,N,0.3,-0.071,1.03,18.5
CDLHIGHWAVE,bull,rsi_overbought,2.0,27,13,14,48.1,49.7,-0.16,N,0.44,-0.066,1.04,11.1
CDLHIGHWAVE,bull,rsi_overbought,2.25,27,13,14,48.1,47.5,0.06,N,0.61,-0.048,1.06,7.4
CDLHIGHWAVE,bull,rsi_overbought,2.5,27,13,14,48.1,51.9,-0.39,N,0.09,-0.066,1.01,7.4
CDLHIGHWAVE,bull,rsi_overbought,2.75,27,13,14,48.1,51.9,-0.39,N,0.81,-0.035,1.08,3.7
CDLHIGHWAVE,bull,rsi_overbought,3.0,27,13,14,48.1,48.5,-0.03,N,0.52,-0.044,1.05,3.7
CDLDRAGONFLYDOJI,bull,atr_low,0.5,27,8,19,29.6,31.5,-0.21,N,-4.18,-0.179,0.51,66.7
CDLDRAGONFLYDOJI,bull,atr_low,0.75,27,10,17,37.0,40.4,-0.36,N,-3.48,-0.212,0.57,44.4
CDLDRAGONFLYDOJI,bull,atr_low,1.0,27,10,17,37.0,44.8,-0.81,N,-4.99,-0.29,0.48,33.3
CDLDRAGONFLYDOJI,bull,atr_low,1.25,27,11,16,40.7,45.7,-0.52,N,-3.12,-0.198,0.6,14.8
CDLDRAGONFLYDOJI,bull,atr_low,1.5,27,11,16,40.7,46.6,-0.61,N,-3.81,-0.235,0.55,14.8
CDLDRAGONFLYDOJI,bull,atr_low,1.75,27,12,15,44.4,46.3,-0.19,N,-2.37,-0.174,0.67,7.4
CDLDRAGONFLYDOJI,bull,atr_low,2.0,27,12,15,44.4,51.5,-0.74,N,-2.69,-0.193,0.64,7.4
CDLDRAGONFLYDOJI,bull,atr_low,2.25,27,12,15,44.4,46.6,-0.23,N,-2.83,-0.201,0.63,3.7
CDLDRAGONFLYDOJI,bull,atr_low,2.5,27,12,15,44.4,49.4,-0.51,N,-2.98,-0.211,0.62,3.7
CDLDRAGONFLYDOJI,bull,atr_low,2.75,27,12,15,44.4,48.1,-0.39,N,-3.13,-0.22,0.61,3.7
CDLDRAGONFLYDOJI,bull,atr_low,3.0,27,13,14,48.1,45.7,0.26,N,-1.17,-0.098,0.82,0.0
CDLHIKKAKE,bear,trend_up,0.5,162,60,102,37.0,37.7,-0.18,N,0.1,0.018,1.01,59.3
CDLHIKKAKE,bear,trend_up,0.75,162,73,89,45.1,44.8,0.07,N,-0.51,0.007,0.95,42.0
CDLHIKKAKE,bear,trend_up,1.0,162,76,86,46.9,48.0,-0.28,N,-1.27,-0.017,0.88,30.9
CDLHIKKAKE,bear,trend_up,1.25,162,78,84,48.1,48.1,0.01,N,-1.63,-0.03,0.85,21.6
CDLHIKKAKE,bear,trend_up,1.5,162,79,83,48.8,49.5,-0.2,N,-1.86,-0.041,0.84,15.4
CDLHIKKAKE,bear,trend_up,1.75,162,81,81,50.0,49.0,0.26,N,-1.47,-0.03,0.87,9.9
CDLHIKKAKE,bear,trend_up,2.0,162,81,81,50.0,51.4,-0.35,N,-1.92,-0.049,0.83,8.6
CDLHIKKAKE,bear,trend_up,2.25,162,81,81,50.0,51.3,-0.34,N,-1.85,-0.044,0.84,5.6
CDLHIKKAKE,bear,trend_up,2.5,162,81,81,50.0,49.9,0.03,N,-2.15,-0.056,0.82,4.9
CDLHIKKAKE,bear,trend_up,2.75,162,81,81,50.0,50.3,-0.08,N,-2.41,-0.066,0.8,4.3
CDLHIKKAKE,bear,trend_up,3.0,162,81,81,50.0,52.3,-0.59,N,-2.56,-0.072,0.79,3.7
CDLLONGLINE,bull,rsi_mid_oversold,0.5,73,26,47,35.6,34.4,0.23,N,-1.73,-0.023,0.82,58.9
CDLLONGLINE,bull,rsi_mid_oversold,0.75,73,30,43,41.1,43.8,-0.47,N,-1.37,-0.051,0.87,43.8
CDLLONGLINE,bull,rsi_mid_oversold,1.0,73,34,39,46.6,47.3,-0.12,N,-1.34,-0.05,0.88,28.8
CDLLONGLINE,bull,rsi_mid_oversold,1.25,73,35,38,47.9,49.1,-0.2,N,-1.28,-0.0,0.9,21.9
CDLLONGLINE,bull,rsi_mid_oversold,1.5,73,35,38,47.9,48.4,-0.08,N,-1.76,-0.02,0.86,13.7
CDLLONGLINE,bull,rsi_mid_oversold,1.75,73,35,38,47.9,50.8,-0.49,N,-1.96,-0.03,0.85,11.0
CDLLONGLINE,bull,rsi_mid_oversold,2.0,73,35,38,47.9,48.7,-0.14,N,-2.18,-0.032,0.83,8.2
CDLLONGLINE,bull,rsi_mid_oversold,2.25,73,35,38,47.9,49.8,-0.31,N,-2.73,-0.053,0.8,8.2
CDLLONGLINE,bull,rsi_mid_oversold,2.5,73,35,38,47.9,47.0,0.16,N,-3.22,-0.07,0.77,6.8
CDLLONGLINE,bull,rsi_mid_oversold,2.75,73,35,38,47.9,49.5,-0.27,N,-3.71,-0.087,0.75,6.8
CDLLONGLINE,bull,rsi_mid_oversold,3.0,73,35,38,47.9,50.7,-0.47,N,-4.2,-0.104,0.72,6.8
CDLBELTHOLD,bull,none,0.5,357,118,239,33.1,34.1,-0.4,N,-0.22,0.004,0.98,62.2
CDLBELTHOLD,bull,none,0.75,357,151,206,42.3,42.4,-0.04,N,-0.26,-0.004,0.98,46.2
CDLBELTHOLD,bull,none,1.0,357,165,192,46.2,47.3,-0.42,N,-0.31,-0.023,0.97,34.2
CDLBELTHOLD,bull,none,1.25,357,170,187,47.6,47.0,0.22,N,-0.65,-0.03,0.95,25.8
CDLBELTHOLD,bull,none,1.5,357,174,183,48.7,49.6,-0.34,N,-0.7,-0.033,0.94,17.6
CDLBELTHOLD,bull,none,1.75,357,176,181,49.3,49.8,-0.2,N,-0.79,-0.036,0.94,12.6
CDLBELTHOLD,bull,none,2.0,357,176,181,49.3,49.6,-0.11,N,-1.12,-0.049,0.91,9.8
CDLBELTHOLD,bull,none,2.25,357,176,181,49.3,49.9,-0.22,N,-1.41,-0.059,0.89,8.1
CDLBELTHOLD,bull,none,2.5,357,176,181,49.3,49.9,-0.22,N,-1.55,-0.066,0.88,5.9
CDLBELTHOLD,bull,none,2.75,357,176,181,49.3,50.6,-0.49,N,-1.76,-0.077,0.87,5.0
CDLBELTHOLD,bull,none,3.0,357,176,181,49.3,50.5,-0.44,N,-2.02,-0.088,0.85,4.8
CDLHIKKAKE,bull,rsi_oversold,0.5,21,4,17,19.0,17.5,0.19,N,-12.96,-0.261,0.18,71.4
CDLHIKKAKE,bull,rsi_oversold,0.75,21,5,16,23.8,34.5,-1.03,N,-13.37,-0.155,0.39,61.9
CDLHIKKAKE,bull,rsi_oversold,1.0,21,5,16,23.8,45.2,-1.97,N,-20.27,-0.309,0.29,61.9
CDLHIKKAKE,bull,rsi_oversold,1.25,21,5,16,23.8,41.3,-1.63,N,-24.25,-0.402,0.26,52.4
CDLHIKKAKE,bull,rsi_oversold,1.5,21,5,16,23.8,52.0,-2.58,N,-21.68,-0.415,0.28,42.9
CDLHIKKAKE,bull,rsi_oversold,1.75,21,5,16,23.8,46.8,-2.11,N,-24.49,-0.453,0.26,38.1
CDLHIKKAKE,bull,rsi_oversold,2.0,21,5,16,23.8,54.4,-2.81,N,-27.74,-0.512,0.23,28.6
CDLHIKKAKE,bull,rsi_oversold,2.25,21,5,16,23.8,50.4,-2.44,N,-25.79,-0.536,0.25,23.8
CDLHIKKAKE,bull,rsi_oversold,2.5,21,5,16,23.8,53.2,-2.7,N,-26.57,-0.522,0.24,19.0
CDLHIKKAKE,bull,rsi_oversold,2.75,21,5,16,23.8,52.0,-2.58,N,-27.35,-0.546,0.23,14.3
CDLHIKKAKE,bull,rsi_oversold,3.0,21,5,16,23.8,48.8,-2.29,N,-28.72,-0.582,0.23,14.3
CDLHIKKAKE,bear,rsi_overbought,0.5,22,3,19,13.6,25.0,-1.23,N,-7.84,-0.231,0.35,86.4
CDLHIKKAKE,bear,rsi_overbought,0.75,22,7,15,31.8,39.0,-0.69,N,-5.69,-0.175,0.51,50.0
CDLHIKKAKE,bear,rsi_overbought,1.0,22,7,15,31.8,37.1,-0.51,N,-8.69,-0.279,0.4,45.5
CDLHIKKAKE,bear,rsi_overbought,1.25,22,9,13,40.9,47.3,-0.6,N,-6.88,-0.226,0.48,27.3
CDLHIKKAKE,bear,rsi_overbought,1.5,22,9,13,40.9,42.8,-0.18,N,-7.89,-0.26,0.45,22.7
CDLHIKKAKE,bear,rsi_overbought,1.75,22,11,11,50.0,52.7,-0.25,N,-1.7,-0.052,0.81,4.5
CDLHIKKAKE,bear,rsi_overbought,2.0,22,11,11,50.0,58.0,-0.76,N,-1.93,-0.064,0.79,4.5
CDLHIKKAKE,bear,rsi_overbought,2.25,22,11,11,50.0,50.4,-0.04,N,-0.22,0.021,0.97,0.0
CDLHIKKAKE,bear,rsi_overbought,2.5,22,11,11,50.0,50.0,-0.0,N,-0.22,0.021,0.97,0.0
CDLHIKKAKE,bear,rsi_overbought,2.75,22,11,11,50.0,49.2,0.07,N,-0.22,0.021,0.97,0.0
CDLHIKKAKE,bear,rsi_overbought,3.0,22,11,11,50.0,48.1,0.18,N,-0.22,0.021,0.97,0.0
CDLSPINNINGTOP,bull,rsi_overbought,0.5,38,9,29,23.7,23.0,0.1,N,-1.95,-0.142,0.76,63.2
CDLSPINNINGTOP,bull,rsi_overbought,0.75,38,12,26,31.6,36.0,-0.56,N,-3.3,-0.191,0.69,55.3
CDLSPINNINGTOP,bull,rsi_overbought,1.0,38,17,21,44.7,43.4,0.16,N,-0.76,-0.098,0.93,42.1
CDLSPINNINGTOP,bull,rsi_overbought,1.25,38,17,21,44.7,49.1,-0.54,N,-1.86,-0.139,0.84,28.9
CDLSPINNINGTOP,bull,rsi_overbought,1.5,38,17,21,44.7,47.6,-0.35,N,-2.19,-0.152,0.82,23.7
CDLSPINNINGTOP,bull,rsi_overbought,1.75,38,17,21,44.7,45.2,-0.05,N,-2.81,-0.184,0.77,21.1
CDLSPINNINGTOP,bull,rsi_overbought,2.0,38,17,21,44.7,47.1,-0.3,N,-2.41,-0.165,0.8,10.5
CDLSPINNINGTOP,bull,rsi_overbought,2.25,38,17,21,44.7,50.0,-0.65,N,-2.45,-0.158,0.8,7.9
CDLSPINNINGTOP,bull,rsi_overbought,2.5,38,17,21,44.7,50.7,-0.73,N,-2.96,-0.178,0.77,7.9
CDLSPINNINGTOP,bull,rsi_overbought,2.75,38,17,21,44.7,46.7,-0.24,N,-2.61,-0.162,0.79,5.3
CDLSPINNINGTOP,bull,rsi_overbought,3.0,38,17,21,44.7,51.3,-0.81,N,-2.96,-0.176,0.77,5.3
CDLRICKSHAWMAN,bull,trend_up,0.5,129,38,91,29.5,34.8,-1.28,N,-0.29,-0.035,0.96,62.0
CDLRICKSHAWMAN,bull,trend_up,0.75,129,52,77,40.3,43.7,-0.77,N,1.08,-0.006,1.12,38.8
CDLRICKSHAWMAN,bull,trend_up,1.0,129,57,72,44.2,45.8,-0.37,N,1.79,0.015,1.2,26.4
CDLRICKSHAWMAN,bull,trend_up,1.25,129,60,69,46.5,48.9,-0.54,N,1.91,0.033,1.2,17.1
CDLRICKSHAWMAN,bull,trend_up,1.5,129,60,69,46.5,45.9,0.15,N,1.18,0.003,1.12,15.5
CDLRICKSHAWMAN,bull,trend_up,1.75,129,60,69,46.5,49.0,-0.57,N,0.75,-0.013,1.07,11.6
CDLRICKSHAWMAN,bull,trend_up,2.0,129,60,69,46.5,49.7,-0.73,N,0.45,-0.023,1.04,9.3
CDLRICKSHAWMAN,bull,trend_up,2.25,129,60,69,46.5,49.8,-0.75,N,0.14,-0.032,1.01,7.0
CDLRICKSHAWMAN,bull,trend_up,2.5,129,60,69,46.5,50.3,-0.85,N,-0.2,-0.041,0.98,6.2
CDLRICKSHAWMAN,bull,trend_up,2.75,129,60,69,46.5,49.1,-0.59,N,0.24,-0.019,1.02,3.9
CDLRICKSHAWMAN,bull,trend_up,3.0,129,60,69,46.5,48.9,-0.54,N,0.34,-0.014,1.03,2.3
CDLHIKKAKE,bull,atr_high,0.5,101,32,69,31.7,31.1,0.13,N,-0.89,-0.062,0.91,60.4
CDLHIKKAKE,bull,atr_high,0.75,101,43,58,42.6,43.2,-0.13,N,-1.08,-0.031,0.91,39.6
CDLHIKKAKE,bull,atr_high,1.0,101,45,56,44.6,45.0,-0.1,N,-3.58,-0.086,0.75,33.7
CDLHIKKAKE,bull,atr_high,1.25,101,46,55,45.5,47.0,-0.3,N,-4.61,-0.108,0.71,26.7
CDLHIKKAKE,bull,atr_high,1.5,101,46,55,45.5,48.6,-0.61,N,-5.0,-0.139,0.69,22.8
CDLHIKKAKE,bull,atr_high,1.75,101,46,55,45.5,49.5,-0.8,N,-5.81,-0.162,0.65,17.8
CDLHIKKAKE,bull,atr_high,2.0,101,47,54,46.5,50.4,-0.78,N,-6.79,-0.178,0.62,14.9
CDLHIKKAKE,bull,atr_high,2.25,101,47,54,46.5,52.2,-1.15,N,-6.6,-0.185,0.63,10.9
CDLHIKKAKE,bull,atr_high,2.5,101,47,54,46.5,49.1,-0.51,N,-7.26,-0.197,0.6,9.9
CDLHIKKAKE,bull,atr_high,2.75,101,47,54,46.5,46.7,-0.03,N,-7.93,-0.217,0.58,8.9
CDLHIKKAKE,bull,atr_high,3.0,101,47,54,46.5,49.5,-0.6,N,-7.27,-0.205,0.6,5.9
CDLBELTHOLD,bull,trend_up,0.5,160,60,100,37.5,38.2,-0.18,N,1.77,0.082,1.22,58.8
CDLBELTHOLD,bull,trend_up,0.75,160,68,92,42.5,42.6,-0.03,N,0.9,0.037,1.09,44.4
CDLBELTHOLD,bull,trend_up,1.0,160,76,84,47.5,47.8,-0.08,N,1.02,0.046,1.1,32.5
CDLBELTHOLD,bull,trend_up,1.25,160,77,83,48.1,47.8,0.08,N,0.33,0.012,1.03,23.8
CDLBELTHOLD,bull,trend_up,1.5,160,78,82,48.8,49.7,-0.25,N,0.34,0.003,1.03,15.0
CDLBELTHOLD,bull,trend_up,1.75,160,78,82,48.8,52.0,-0.82,N,0.24,-0.005,1.02,10.6
CDLBELTHOLD,bull,trend_up,2.0,160,78,82,48.8,49.5,-0.18,N,-0.2,-0.023,0.98,9.4
CDLBELTHOLD,bull,trend_up,2.25,160,78,82,48.8,52.2,-0.87,N,-0.35,-0.027,0.97,6.9
CDLBELTHOLD,bull,trend_up,2.5,160,78,82,48.8,51.4,-0.67,N,-0.6,-0.036,0.95,5.0
CDLBELTHOLD,bull,trend_up,2.75,160,78,82,48.8,50.3,-0.4,N,-0.93,-0.049,0.93,5.0
CDLBELTHOLD,bull,trend_up,3.0,160,78,82,48.8,48.3,0.11,N,-1.25,-0.061,0.9,5.0
CDLHIKKAKE,bull,trend_down,0.5,176,54,122,30.7,30.3,0.11,N,0.1,-0.038,1.01,61.9
CDLHIKKAKE,bull,trend_down,0.75,176,63,113,35.8,37.7,-0.53,N,-1.07,-0.057,0.91,49.4
CDLHIKKAKE,bull,trend_down,1.0,176,74,102,42.0,43.8,-0.48,N,-1.78,-0.052,0.86,36.9
CDLHIKKAKE,bull,trend_down,1.25,176,79,97,44.9,46.3,-0.37,N,-2.03,-0.046,0.86,29.5
CDLHIKKAKE,bull,trend_down,1.5,176,80,96,45.5,49.3,-1.03,N,-2.45,-0.074,0.83,23.9
CDLHIKKAKE,bull,trend_down,1.75,176,81,95,46.0,49.8,-0.99,N,-2.49,-0.063,0.83,17.0
CDLHIKKAKE,bull,trend_down,2.0,176,82,94,46.6,48.2,-0.44,N,-3.12,-0.08,0.79,13.6
CDLHIKKAKE,bull,trend_down,2.25,176,82,94,46.6,47.5,-0.24,N,-3.06,-0.087,0.8,10.2
CDLHIKKAKE,bull,trend_down,2.5,176,82,94,46.6,51.4,-1.28,N,-3.56,-0.1,0.77,9.1
CDLHIKKAKE,bull,trend_down,2.75,176,83,93,47.2,49.3,-0.58,N,-3.35,-0.088,0.78,7.4
CDLHIKKAKE,bull,trend_down,3.0,176,84,92,47.7,50.4,-0.7,N,-2.88,-0.071,0.81,5.7
CDLLONGLINE,bull,none,0.5,411,143,268,34.8,35.5,-0.32,N,0.13,0.034,1.01,60.3
CDLLONGLINE,bull,none,0.75,411,178,233,43.3,43.2,0.05,N,0.84,0.05,1.08,42.6
CDLLONGLINE,bull,none,1.0,411,192,219,46.7,47.6,-0.35,N,1.3,0.051,1.12,30.2
CDLLONGLINE,bull,none,1.25,411,198,213,48.2,48.7,-0.23,N,1.43,0.055,1.13,22.4
CDLLONGLINE,bull,none,1.5,411,200,211,48.7,50.0,-0.53,N,1.17,0.047,1.1,15.8
CDLLONGLINE,bull,none,1.75,411,201,210,48.9,50.7,-0.72,N,1.14,0.043,1.1,11.4
CDLLONGLINE,bull,none,2.0,411,201,210,48.9,50.5,-0.64,N,0.89,0.036,1.08,8.3
CDLLONGLINE,bull,none,2.25,411,201,210,48.9,50.6,-0.69,N,0.65,0.025,1.06,6.6
CDLLONGLINE,bull,none,2.5,411,201,210,48.9,50.0,-0.43,N,0.47,0.017,1.04,5.1
CDLLONGLINE,bull,none,2.75,411,201,210,48.9,48.8,0.04,N,0.24,0.008,1.02,4.4
CDLLONGLINE,bull,none,3.0,411,201,210,48.9,51.3,-0.97,N,-0.03,-0.003,1.0,4.4
CDLXSIDEGAP3METHODS,bull,none,0.5,40,13,27,32.5,33.3,-0.11,N,1.01,-0.025,1.13,55.0
CDLXSIDEGAP3METHODS,bull,none,0.75,40,16,24,40.0,43.5,-0.45,N,3.95,0.049,1.42,40.0
CDLXSIDEGAP3METHODS,bull,none,1.0,40,18,22,45.0,48.5,-0.45,N,3.51,0.054,1.34,27.5
CDLXSIDEGAP3METHODS,bull,none,1.25,40,18,22,45.0,50.0,-0.63,N,3.36,0.046,1.32,20.0
CDLXSIDEGAP3METHODS,bull,none,1.5,40,18,22,45.0,45.0,0.0,N,1.91,-0.004,1.16,20.0
CDLXSIDEGAP3METHODS,bull,none,1.75,40,18,22,45.0,50.6,-0.71,N,1.64,0.001,1.14,12.5
CDLXSIDEGAP3METHODS,bull,none,2.0,40,18,22,45.0,44.6,0.05,N,0.57,-0.03,1.04,12.5
CDLXSIDEGAP3METHODS,bull,none,2.25,40,18,22,45.0,47.5,-0.32,N,-0.0,-0.044,1.0,10.0
CDLXSIDEGAP3METHODS,bull,none,2.5,40,18,22,45.0,47.9,-0.37,N,0.53,-0.007,1.04,5.0
CDLXSIDEGAP3METHODS,bull,none,2.75,40,18,22,45.0,50.0,-0.63,N,-0.08,-0.019,0.99,5.0
CDLXSIDEGAP3METHODS,bull,none,3.0,40,18,22,45.0,51.7,-0.84,N,1.42,-0.002,1.11,2.5
CDLINVERTEDHAMMER,bull,none,0.5,22,8,14,36.4,37.1,-0.07,N,-1.13,-0.026,0.86,59.1
CDLINVERTEDHAMMER,bull,none,0.75,22,10,12,45.5,45.5,-0.0,N,-2.69,-0.054,0.72,40.9
CDLINVERTEDHAMMER,bull,none,1.0,22,10,12,45.5,55.3,-0.93,N,-5.47,-0.143,0.56,36.4
CDLINVERTEDHAMMER,bull,none,1.25,22,10,12,45.5,51.9,-0.6,N,-8.14,-0.223,0.46,31.8
CDLINVERTEDHAMMER,bull,none,1.5,22,10,12,45.5,48.1,-0.25,N,-10.02,-0.249,0.41,27.3
CDLINVERTEDHAMMER,bull,none,1.75,22,10,12,45.5,51.9,-0.6,N,-11.86,-0.268,0.37,22.7
CDLINVERTEDHAMMER,bull,none,2.0,22,10,12,45.5,48.9,-0.32,N,-10.01,-0.248,0.41,13.6
CDLINVERTEDHAMMER,bull,none,2.25,22,10,12,45.5,48.9,-0.32,N,-9.47,-0.211,0.43,9.1
CDLINVERTEDHAMMER,bull,none,2.5,22,10,12,45.5,46.2,-0.07,N,-10.06,-0.233,0.41,9.1
CDLINVERTEDHAMMER,bull,none,2.75,22,10,12,45.5,52.3,-0.64,N,-10.65,-0.256,0.4,9.1
CDLINVERTEDHAMMER,bull,none,3.0,22,10,12,45.5,46.6,-0.11,N,-10.07,-0.207,0.41,4.5
CDLLONGLEGGEDDOJI,bull,atr_low,0.5,246,76,170,30.9,35.5,-1.5,N,-0.42,-0.071,0.95,63.8
CDLLONGLEGGEDDOJI,bull,atr_low,0.75,246,99,147,40.2,44.0,-1.18,N,0.69,-0.048,1.08,47.2
CDLLONGLEGGEDDOJI,bull,atr_low,1.0,246,105,141,42.7,46.3,-1.15,N,-0.02,-0.083,1.0,37.0
CDLLONGLEGGEDDOJI,bull,atr_low,1.25,246,112,134,45.5,46.4,-0.29,N,0.83,-0.047,1.09,22.4
CDLLONGLEGGEDDOJI,bull,atr_low,1.5,246,115,131,46.7,48.3,-0.48,N,0.72,-0.046,1.07,16.7
CDLLONGLEGGEDDOJI,bull,atr_low,1.75,246,117,129,47.6,48.4,-0.28,N,0.79,-0.039,1.08,11.8
CDLLONGLEGGEDDOJI,bull,atr_low,2.0,246,117,129,47.6,47.7,-0.05,N,0.79,-0.037,1.08,8.9
CDLLONGLEGGEDDOJI,bull,atr_low,2.25,246,117,129,47.6,50.2,-0.82,N,0.65,-0.042,1.06,6.9
CDLLONGLEGGEDDOJI,bull,atr_low,2.5,246,117,129,47.6,49.4,-0.57,N,0.33,-0.055,1.03,6.5
CDLLONGLEGGEDDOJI,bull,atr_low,2.75,246,117,129,47.6,49.8,-0.7,N,0.28,-0.058,1.03,5.3
CDLLONGLEGGEDDOJI,bull,atr_low,3.0,246,118,128,48.0,50.6,-0.83,N,0.58,-0.037,1.06,3.7
CDLLONGLINE,bull,trend_up,0.5,207,75,132,36.2,37.3,-0.31,N,0.5,0.048,1.06,59.4
CDLLONGLINE,bull,trend_up,0.75,207,88,119,42.5,44.2,-0.5,N,0.13,0.038,1.01,41.5
CDLLONGLINE,bull,trend_up,1.0,207,96,111,46.4,48.7,-0.66,N,1.27,0.058,1.13,29.5
CDLLONGLINE,bull,trend_up,1.25,207,98,109,47.3,47.7,-0.1,N,1.44,0.046,1.14,21.7
CDLLONGLINE,bull,trend_up,1.5,207,98,109,47.3,49.1,-0.51,N,0.95,0.03,1.09,15.5
CDLLONGLINE,bull,trend_up,1.75,207,98,109,47.3,50.4,-0.89,N,0.99,0.025,1.09,11.6
CDLLONGLINE,bull,trend_up,2.0,207,98,109,47.3,50.4,-0.87,N,0.65,0.013,1.06,9.7
CDLLONGLINE,bull,trend_up,2.25,207,98,109,47.3,49.8,-0.7,N,0.37,0.001,1.03,7.2
CDLLONGLINE,bull,trend_up,2.5,207,98,109,47.3,50.0,-0.78,N,0.19,-0.005,1.02,5.3
CDLLONGLINE,bull,trend_up,2.75,207,98,109,47.3,51.9,-1.32,N,-0.05,-0.014,1.0,4.3
CDLLONGLINE,bull,trend_up,3.0,207,98,109,47.3,51.2,-1.1,N,-0.33,-0.025,0.97,4.3
CDLDOJI,bull,atr_low,0.5,247,77,170,31.2,34.6,-1.14,N,-0.39,-0.069,0.95,63.6
CDLDOJI,bull,atr_low,0.75,247,100,147,40.5,43.4,-0.92,N,0.72,-0.045,1.08,47.0
CDLDOJI,bull,atr_low,1.0,247,106,141,42.9,46.9,-1.26,N,0.01,-0.08,1.0,36.8
CDLDOJI,bull,atr_low,1.25,247,113,134,45.7,48.3,-0.8,N,0.85,-0.045,1.09,22.3
CDLDOJI,bull,atr_low,1.5,247,116,131,47.0,49.8,-0.88,N,0.75,-0.043,1.08,16.6
CDLDOJI,bull,atr_low,1.75,247,118,129,47.8,48.4,-0.2,N,0.82,-0.037,1.08,11.7
CDLDOJI,bull,atr_low,2.0,247,118,129,47.8,48.9,-0.35,N,0.81,-0.034,1.08,8.9
CDLDOJI,bull,atr_low,2.25,247,118,129,47.8,48.2,-0.13,N,0.68,-0.04,1.07,6.9
CDLDOJI,bull,atr_low,2.5,247,118,129,47.8,49.9,-0.68,N,0.36,-0.053,1.04,6.5
CDLDOJI,bull,atr_low,2.75,247,118,129,47.8,50.0,-0.69,N,0.31,-0.056,1.03,5.3
CDLDOJI,bull,atr_low,3.0,247,119,128,48.2,49.6,-0.46,N,0.61,-0.035,1.06,3.6
CDLHAMMER,bull,rsi_mid_oversold,0.5,32,8,24,25.0,26.0,-0.13,N,-5.32,-0.171,0.43,65.6
CDLHAMMER,bull,rsi_mid_oversold,0.75,32,10,22,31.2,41.1,-1.14,N,-8.04,-0.238,0.36,53.1
CDLHAMMER,bull,rsi_mid_oversold,1.0,32,10,22,31.2,44.8,-1.54,N,-11.54,-0.345,0.28,46.9
CDLHAMMER,bull,rsi_mid_oversold,1.25,32,12,20,37.5,47.9,-1.18,N,-8.66,-0.249,0.37,25.0
CDLHAMMER,bull,rsi_mid_oversold,1.5,32,12,20,37.5,45.8,-0.95,N,-9.26,-0.258,0.36,12.5
CDLHAMMER,bull,rsi_mid_oversold,1.75,32,12,20,37.5,44.5,-0.8,N,-10.45,-0.289,0.33,12.5
CDLHAMMER,bull,rsi_mid_oversold,2.0,32,12,20,37.5,49.5,-1.36,N,-11.65,-0.32,0.31,12.5
CDLHAMMER,bull,rsi_mid_oversold,2.25,32,12,20,37.5,50.5,-1.47,N,-11.71,-0.304,0.31,9.4
CDLHAMMER,bull,rsi_mid_oversold,2.5,32,12,20,37.5,46.9,-1.06,N,-12.72,-0.327,0.29,9.4
CDLHAMMER,bull,rsi_mid_oversold,2.75,32,12,20,37.5,44.3,-0.77,N,-13.73,-0.351,0.27,9.4
CDLHAMMER,bull,rsi_mid_oversold,3.0,32,13,19,40.6,49.7,-1.03,N,-11.58,-0.224,0.32,3.1
CDLDRAGONFLYDOJI,bull,none,0.5,38,12,26,31.6,38.4,-0.86,N,-4.55,-0.162,0.52,65.8
CDLDRAGONFLYDOJI,bull,none,0.75,38,15,23,39.5,41.9,-0.3,N,-4.83,-0.205,0.52,47.4
CDLDRAGONFLYDOJI,bull,none,1.0,38,15,23,39.5,49.6,-1.24,N,-7.37,-0.3,0.42,39.5
CDLDRAGONFLYDOJI,bull,none,1.25,38,16,22,42.1,43.4,-0.16,N,-7.2,-0.258,0.43,23.7
CDLDRAGONFLYDOJI,bull,none,1.5,38,16,22,42.1,43.6,-0.19,N,-8.56,-0.298,0.39,21.1
CDLDRAGONFLYDOJI,bull,none,1.75,38,17,21,44.7,50.0,-0.65,N,-7.08,-0.253,0.44,10.5
CDLDRAGONFLYDOJI,bull,none,2.0,38,17,21,44.7,50.0,-0.65,N,-7.67,-0.279,0.42,10.5
CDLDRAGONFLYDOJI,bull,none,2.25,38,17,21,44.7,48.2,-0.43,N,-7.43,-0.279,0.43,5.3
CDLDRAGONFLYDOJI,bull,none,2.5,38,17,21,44.7,47.8,-0.38,N,-7.65,-0.292,0.42,5.3
CDLDRAGONFLYDOJI,bull,none,2.75,38,17,21,44.7,51.5,-0.84,N,-7.88,-0.305,0.41,5.3
CDLDRAGONFLYDOJI,bull,none,3.0,38,18,20,47.4,50.0,-0.32,N,-6.61,-0.225,0.47,2.6
CDLHARAMI,bear,trend_down,0.5,72,16,56,22.2,29.2,-1.3,N,-6.96,-0.174,0.44,68.1
CDLHARAMI,bear,trend_down,0.75,72,25,47,34.7,37.7,-0.53,N,-8.0,-0.14,0.48,47.2
CDLHARAMI,bear,trend_down,1.0,72,29,43,40.3,44.2,-0.67,N,-6.29,-0.109,0.61,37.5
CDLHARAMI,bear,trend_down,1.25,72,30,42,41.7,47.0,-0.91,N,-6.37,-0.115,0.61,26.4
CDLHARAMI,bear,trend_down,1.5,72,30,42,41.7,45.9,-0.73,N,-7.39,-0.133,0.57,20.8
CDLHARAMI,bear,trend_down,1.75,72,30,42,41.7,47.2,-0.94,N,-7.89,-0.156,0.55,15.3
CDLHARAMI,bear,trend_down,2.0,72,31,41,43.1,50.1,-1.2,N,-7.8,-0.123,0.56,11.1
CDLHARAMI,bear,trend_down,2.25,72,32,40,44.4,45.4,-0.16,N,-7.24,-0.076,0.58,5.6
CDLHARAMI,bear,trend_down,2.5,72,32,40,44.4,51.9,-1.26,N,-5.44,-0.066,0.65,4.2
CDLHARAMI,bear,trend_down,2.75,72,32,40,44.4,46.6,-0.37,N,-5.93,-0.076,0.63,4.2
CDLHARAMI,bear,trend_down,3.0,72,32,40,44.4,50.5,-1.02,N,-4.03,-0.064,0.71,2.8
CDLHIKKAKE,bear,none,0.5,338,114,224,33.7,34.2,-0.17,N,0.1,-0.011,1.01,60.7
CDLHIKKAKE,bear,none,0.75,338,136,202,40.2,42.1,-0.68,N,-0.8,-0.026,0.92,45.9
CDLHIKKAKE,bear,none,1.0,338,150,188,44.4,46.4,-0.75,N,-1.54,-0.035,0.87,34.0
CDLHIKKAKE,bear,none,1.25,338,157,181,46.4,49.1,-0.98,N,-1.84,-0.038,0.85,25.7
CDLHIKKAKE,bear,none,1.5,338,159,179,47.0,47.9,-0.3,N,-2.17,-0.058,0.83,19.8
CDLHIKKAKE,bear,none,1.75,338,162,176,47.9,49.1,-0.43,N,-2.0,-0.047,0.84,13.6
CDLHIKKAKE,bear,none,2.0,338,163,175,48.2,48.7,-0.18,N,-2.55,-0.065,0.81,11.2
CDLHIKKAKE,bear,none,2.25,338,163,175,48.2,49.5,-0.48,N,-2.48,-0.067,0.81,8.0
CDLHIKKAKE,bear,none,2.5,338,163,175,48.2,50.9,-0.98,N,-2.88,-0.079,0.79,7.1
CDLHIKKAKE,bear,none,2.75,338,164,174,48.5,49.8,-0.46,N,-2.9,-0.078,0.79,5.9
CDLHIKKAKE,bear,none,3.0,338,165,173,48.8,49.8,-0.35,N,-2.73,-0.072,0.8,4.7
CDLHARAMI,bear,atr_high,0.5,37,10,27,27.0,33.8,-0.87,N,-12.86,-0.225,0.22,62.2
CDLHARAMI,bear,atr_high,0.75,37,12,25,32.4,40.1,-0.95,N,-18.56,-0.281,0.2,54.1
CDLHARAMI,bear,atr_high,1.0,37,15,22,40.5,45.9,-0.66,N,-14.39,-0.236,0.35,40.5
CDLHARAMI,bear,atr_high,1.25,37,15,22,40.5,42.3,-0.22,N,-15.63,-0.279,0.33,32.4
CDLHARAMI,bear,atr_high,1.5,37,15,22,40.5,48.4,-0.96,N,-17.85,-0.318,0.3,27.0
CDLHARAMI,bear,atr_high,1.75,37,15,22,40.5,46.4,-0.71,N,-19.11,-0.367,0.29,24.3
CDLHARAMI,bear,atr_high,2.0,37,16,21,43.2,48.2,-0.6,N,-19.21,-0.313,0.29,18.9
CDLHARAMI,bear,atr_high,2.25,37,17,20,45.9,52.9,-0.85,N,-18.27,-0.225,0.31,10.8
CDLHARAMI,bear,atr_high,2.5,37,17,20,45.9,50.2,-0.52,N,-14.86,-0.207,0.35,8.1
CDLHARAMI,bear,atr_high,2.75,37,17,20,45.9,54.3,-1.02,N,-15.91,-0.227,0.34,8.1
CDLHARAMI,bear,atr_high,3.0,37,17,20,45.9,49.5,-0.44,N,-12.3,-0.203,0.4,5.4
CDLHARAMI,bull,rsi_mid_oversold,0.5,35,8,27,22.9,31.0,-1.04,N,-6.38,-0.196,0.45,65.7
CDLHARAMI,bull,rsi_mid_oversold,0.75,35,14,21,40.0,41.9,-0.23,N,-4.77,-0.082,0.64,40.0
CDLHARAMI,bull,rsi_mid_oversold,1.0,35,14,21,40.0,46.2,-0.73,N,-8.77,-0.182,0.49,40.0
CDLHARAMI,bull,rsi_mid_oversold,1.25,35,14,21,40.0,45.2,-0.62,N,-8.49,-0.205,0.5,28.6
CDLHARAMI,bull,rsi_mid_oversold,1.5,35,14,21,40.0,44.8,-0.57,N,-10.41,-0.242,0.45,25.7
CDLHARAMI,bull,rsi_mid_oversold,1.75,35,14,21,40.0,51.2,-1.32,N,-10.38,-0.27,0.45,17.1
CDLHARAMI,bull,rsi_mid_oversold,2.0,35,14,21,40.0,51.0,-1.3,N,-10.26,-0.233,0.45,11.4
CDLHARAMI,bull,rsi_mid_oversold,2.25,35,14,21,40.0,55.0,-1.78,N,-10.2,-0.207,0.45,5.7
CDLHARAMI,bull,rsi_mid_oversold,2.5,35,14,21,40.0,50.5,-1.24,N,-11.07,-0.221,0.43,5.7
CDLHARAMI,bull,rsi_mid_oversold,2.75,35,14,21,40.0,51.0,-1.3,N,-11.94,-0.235,0.41,5.7
CDLHARAMI,bull,rsi_mid_oversold,3.0,35,14,21,40.0,44.5,-0.54,N,-7.89,-0.202,0.52,2.9
CDLHANGINGMAN,bear,rsi_mid_overbought,0.5,20,6,14,30.0,32.9,-0.28,N,3.01,-0.018,1.37,55.0
CDLHANGINGMAN,bear,rsi_mid_overbought,0.75,20,6,14,30.0,46.2,-1.46,N,0.96,-0.064,1.1,40.0
CDLHANGINGMAN,bear,rsi_mid_overbought,1.0,20,6,14,30.0,41.2,-1.02,N,-2.06,-0.164,0.84,40.0
CDLHANGINGMAN,bear,rsi_mid_overbought,1.25,20,6,14,30.0,48.3,-1.64,N,-1.25,-0.169,0.9,20.0
CDLHANGINGMAN,bear,rsi_mid_overbought,1.5,20,6,14,30.0,46.7,-1.49,N,-2.07,-0.211,0.84,15.0
CDLHANGINGMAN,bear,rsi_mid_overbought,1.75,20,6,14,30.0,51.7,-1.94,N,-2.79,-0.248,0.8,15.0
CDLHANGINGMAN,bear,rsi_mid_overbought,2.0,20,6,14,30.0,51.2,-1.9,N,-3.5,-0.286,0.76,15.0
CDLHANGINGMAN,bear,rsi_mid_overbought,2.25,20,6,14,30.0,50.4,-1.83,N,-3.41,-0.279,0.76,5.0
CDLHANGINGMAN,bear,rsi_mid_overbought,2.5,20,6,14,30.0,52.5,-2.01,N,-3.67,-0.292,0.75,5.0
CDLHANGINGMAN,bear,rsi_mid_overbought,2.75,20,6,14,30.0,51.2,-1.9,N,-3.93,-0.304,0.74,5.0
CDLHANGINGMAN,bear,rsi_mid_overbought,3.0,20,6,14,30.0,51.2,-1.9,N,-4.19,-0.317,0.73,5.0
CDLHAMMER,bull,trend_down,0.5,39,12,27,30.8,33.1,-0.31,N,-1.22,-0.049,0.85,61.5
CDLHAMMER,bull,trend_down,0.75,39,14,25,35.9,44.2,-1.05,N,-3.33,-0.117,0.68,51.3
CDLHAMMER,bull,trend_down,1.0,39,14,25,35.9,46.6,-1.34,N,-6.32,-0.225,0.53,46.2
CDLHAMMER,bull,trend_down,1.25,39,16,23,41.0,48.1,-0.88,N,-5.02,-0.172,0.61,28.2
CDLHAMMER,bull,trend_down,1.5,39,16,23,41.0,46.8,-0.72,N,-5.63,-0.189,0.58,15.4
CDLHAMMER,bull,trend_down,1.75,39,16,23,41.0,50.2,-1.15,N,-6.81,-0.228,0.53,15.4
CDLHAMMER,bull,trend_down,2.0,39,16,23,41.0,46.8,-0.72,N,-8.0,-0.266,0.49,15.4
CDLHAMMER,bull,trend_down,2.25,39,16,23,41.0,48.3,-0.91,N,-8.25,-0.265,0.48,12.8
CDLHAMMER,bull,trend_down,2.5,39,16,23,41.0,45.3,-0.54,N,-9.28,-0.297,0.46,12.8
CDLHAMMER,bull,trend_down,2.75,39,16,23,41.0,48.1,-0.88,N,-10.31,-0.329,0.43,12.8
CDLHAMMER,bull,trend_down,3.0,39,17,22,43.6,48.1,-0.56,N,-8.76,-0.238,0.48,7.7
CDLMATCHINGLOW,bull,none,0.5,35,11,24,31.4,34.3,-0.36,N,-2.96,-0.12,0.61,60.0
CDLMATCHINGLOW,bull,none,0.75,35,11,24,31.4,39.5,-0.98,N,-5.63,-0.223,0.45,48.6
CDLMATCHINGLOW,bull,none,1.0,35,12,23,34.3,44.5,-1.22,N,-6.78,-0.261,0.41,37.1
CDLMATCHINGLOW,bull,none,1.25,35,14,21,40.0,44.0,-0.48,N,-5.82,-0.212,0.5,25.7
CDLMATCHINGLOW,bull,none,1.5,35,14,21,40.0,47.9,-0.93,N,-6.81,-0.251,0.46,22.9
CDLMATCHINGLOW,bull,none,1.75,35,14,21,40.0,48.8,-1.04,N,-7.8,-0.286,0.42,20.0
CDLMATCHINGLOW,bull,none,2.0,35,14,21,40.0,46.9,-0.82,N,-7.25,-0.272,0.44,11.4
CDLMATCHINGLOW,bull,none,2.25,35,14,21,40.0,53.3,-1.58,N,-7.72,-0.293,0.43,8.6
CDLMATCHINGLOW,bull,none,2.5,35,14,21,40.0,46.7,-0.79,N,-8.19,-0.314,0.41,8.6
CDLMATCHINGLOW,bull,none,2.75,35,14,21,40.0,50.2,-1.21,N,-8.67,-0.335,0.4,8.6
CDLMATCHINGLOW,bull,none,3.0,35,15,20,42.9,48.6,-0.68,N,-7.52,-0.256,0.44,5.7
CDLHANGINGMAN,bear,trend_up,0.5,29,7,22,24.1,27.3,-0.38,N,-2.02,-0.098,0.8,55.2
CDLHANGINGMAN,bear,trend_up,0.75,29,9,20,31.0,46.3,-1.64,N,0.19,-0.048,1.02,34.5
CDLHANGINGMAN,bear,trend_up,1.0,29,9,20,31.0,47.7,-1.8,N,-1.33,-0.11,0.89,31.0
CDLHANGINGMAN,bear,trend_up,1.25,29,9,20,31.0,44.8,-1.49,N,-1.01,-0.122,0.92,17.2
CDLHANGINGMAN,bear,trend_up,1.5,29,9,20,31.0,49.1,-1.95,N,-0.64,-0.118,0.95,10.3
CDLHANGINGMAN,bear,trend_up,1.75,29,9,20,31.0,48.9,-1.92,N,-1.13,-0.144,0.91,10.3
CDLHANGINGMAN,bear,trend_up,2.0,29,9,20,31.0,50.0,-2.04,N,-1.63,-0.17,0.87,10.3
CDLHANGINGMAN,bear,trend_up,2.25,29,9,20,31.0,51.7,-2.23,N,-1.57,-0.165,0.87,3.4
CDLHANGINGMAN,bear,trend_up,2.5,29,9,20,31.0,51.4,-2.2,N,-1.74,-0.174,0.86,3.4
CDLHANGINGMAN,bear,trend_up,2.75,29,9,20,31.0,49.4,-1.98,N,-1.92,-0.182,0.85,3.4
CDLHANGINGMAN,bear,trend_up,3.0,29,9,20,31.0,50.3,-2.07,N,-2.1,-0.191,0.84,3.4
CDLBELTHOLD,bear,atr_high,0.5,119,36,83,30.3,32.0,-0.41,N,-1.92,-0.032,0.84,63.0
CDLBELTHOLD,bear,atr_high,0.75,119,46,73,38.7,42.5,-0.85,N,-1.53,-0.036,0.89,45.4
CDLBELTHOLD,bear,atr_high,1.0,119,51,68,42.9,44.7,-0.41,N,-0.66,-0.048,0.95,31.9
CDLBELTHOLD,bear,atr_high,1.25,119,52,67,43.7,47.6,-0.86,N,-1.46,-0.066,0.9,24.4
CDLBELTHOLD,bear,atr_high,1.5,119,55,64,46.2,49.9,-0.79,N,-0.79,-0.049,0.94,16.0
CDLBELTHOLD,bear,atr_high,1.75,119,55,64,46.2,48.8,-0.57,N,-1.0,-0.053,0.93,10.9
CDLBELTHOLD,bear,atr_high,2.0,119,55,64,46.2,50.8,-1.01,N,-1.13,-0.059,0.92,7.6
CDLBELTHOLD,bear,atr_high,2.25,119,55,64,46.2,49.2,-0.66,N,-1.4,-0.065,0.9,6.7
CDLBELTHOLD,bear,atr_high,2.5,119,55,64,46.2,51.1,-1.05,N,-1.37,-0.061,0.91,4.2
CDLBELTHOLD,bear,atr_high,2.75,119,55,64,46.2,49.9,-0.81,N,-1.34,-0.064,0.91,2.5
CDLBELTHOLD,bear,atr_high,3.0,119,55,64,46.2,49.1,-0.63,N,-1.53,-0.07,0.9,2.5
CDLHAMMER,bull,none,0.5,69,20,49,29.0,33.9,-0.87,N,-2.35,-0.098,0.73,66.7
CDLHAMMER,bull,none,0.75,69,26,43,37.7,45.2,-1.25,N,-3.34,-0.118,0.69,49.3
CDLHAMMER,bull,none,1.0,69,26,43,37.7,44.2,-1.09,N,-5.44,-0.189,0.58,40.6
CDLHAMMER,bull,none,1.25,69,29,40,42.0,46.4,-0.72,N,-4.24,-0.154,0.65,26.1
CDLHAMMER,bull,none,1.5,69,29,40,42.0,49.3,-1.2,N,-4.64,-0.171,0.63,15.9
CDLHAMMER,bull,none,1.75,69,29,40,42.0,48.2,-1.02,N,-5.57,-0.206,0.58,14.5
CDLHAMMER,bull,none,2.0,69,30,39,43.5,50.0,-1.08,N,-5.72,-0.2,0.59,13.0
CDLHAMMER,bull,none,2.25,69,30,39,43.5,48.9,-0.9,N,-5.87,-0.201,0.58,8.7
CDLHAMMER,bull,none,2.5,69,30,39,43.5,51.0,-1.24,N,-6.52,-0.222,0.55,8.7
CDLHAMMER,bull,none,2.75,69,30,39,43.5,46.0,-0.42,N,-7.17,-0.244,0.53,8.7
CDLHAMMER,bull,none,3.0,69,31,38,44.9,50.1,-0.86,N,-6.35,-0.196,0.56,5.8
CDLHAMMER,bull,trend_up,0.5,29,7,22,24.1,32.2,-0.93,N,-4.92,-0.225,0.51,75.9
CDLHAMMER,bull,trend_up,0.75,29,11,18,37.9,53.4,-1.68,N,-4.45,-0.183,0.61,48.3
CDLHAMMER,bull,trend_up,1.0,29,11,18,37.9,44.3,-0.69,N,-5.41,-0.207,0.57,34.5
CDLHAMMER,bull,trend_up,1.25,29,12,17,41.4,45.7,-0.47,N,-4.32,-0.195,0.63,24.1
CDLHAMMER,bull,trend_up,1.5,29,12,17,41.4,46.8,-0.59,N,-4.43,-0.211,0.62,17.2
CDLHAMMER,bull,trend_up,1.75,29,12,17,41.4,52.9,-1.24,N,-5.06,-0.243,0.59,13.8
CDLHAMMER,bull,trend_up,2.0,29,13,16,44.8,51.1,-0.68,N,-3.81,-0.178,0.67,10.3
CDLHAMMER,bull,trend_up,2.25,29,13,16,44.8,54.6,-1.06,N,-3.83,-0.179,0.67,3.4
CDLHAMMER,bull,trend_up,2.5,29,13,16,44.8,54.6,-1.06,N,-3.99,-0.188,0.66,3.4
CDLHAMMER,bull,trend_up,2.75,29,13,16,44.8,50.0,-0.56,N,-4.15,-0.197,0.65,3.4
CDLHAMMER,bull,trend_up,3.0,29,13,16,44.8,55.5,-1.15,N,-4.31,-0.205,0.64,3.4
CDLENGULFING,bear,none,0.5,296,86,210,29.1,31.6,-0.93,N,-0.32,nan,0.96,66.2
CDLENGULFING,bear,none,0.75,296,113,183,38.2,40.8,-0.92,N,-1.12,nan,0.89,50.7
CDLENGULFING,bear,none,1.0,296,130,166,43.9,47.3,-1.16,N,-0.68,nan,0.94,36.1
CDLENGULFING,bear,none,1.25,296,138,158,46.6,48.7,-0.72,N,-0.59,nan,0.95,26.4
CDLENGULFING,bear,none,1.5,296,139,157,47.0,49.9,-1.0,N,-1.12,nan,0.91,20.3
CDLENGULFING,bear,none,1.75,296,140,156,47.3,49.7,-0.82,N,-1.22,nan,0.9,15.5
CDLENGULFING,bear,none,2.0,296,141,155,47.6,50.3,-0.91,N,-1.14,nan,0.91,9.5
CDLENGULFING,bear,none,2.25,296,141,155,47.6,49.5,-0.66,N,-1.27,nan,0.9,6.1
CDLENGULFING,bear,none,2.5,296,141,155,47.6,49.8,-0.75,N,-1.36,nan,0.89,4.7
CDLENGULFING,bear,none,2.75,296,141,155,47.6,50.2,-0.87,N,-1.59,nan,0.87,4.1
CDLENGULFING,bear,none,3.0,296,141,155,47.6,49.1,-0.51,N,-1.79,nan,0.86,3.7
CDLENGULFING,bear,atr_low,0.5,210,65,145,31.0,34.0,-0.92,N,-0.39,-0.035,0.95,64.3
CDLENGULFING,bear,atr_low,0.75,210,81,129,38.6,42.2,-1.07,N,-1.31,-0.068,0.86,50.5
CDLENGULFING,bear,atr_low,1.0,210,91,119,43.3,47.9,-1.34,N,-1.33,-0.061,0.87,35.7
CDLENGULFING,bear,atr_low,1.25,210,97,113,46.2,48.3,-0.6,N,-1.06,-0.054,0.9,26.2
CDLENGULFING,bear,atr_low,1.5,210,98,112,46.7,48.6,-0.56,N,-1.3,-0.057,0.88,19.0
CDLENGULFING,bear,atr_low,1.75,210,99,111,47.1,51.0,-1.1,N,-1.4,-0.065,0.87,15.2
CDLENGULFING,bear,atr_low,2.0,210,99,111,47.1,50.0,-0.84,N,-1.43,-0.06,0.87,8.6
CDLENGULFING,bear,atr_low,2.25,210,99,111,47.1,49.3,-0.62,N,-1.51,-0.063,0.87,4.8
CDLENGULFING,bear,atr_low,2.5,210,99,111,47.1,49.6,-0.72,N,-1.62,-0.067,0.86,3.8
CDLENGULFING,bear,atr_low,2.75,210,99,111,47.1,51.5,-1.27,N,-1.79,-0.074,0.84,2.9
CDLENGULFING,bear,atr_low,3.0,210,99,111,47.1,49.1,-0.56,N,-1.96,-0.081,0.83,2.9
CDLXSIDEGAP3METHODS,bull,atr_low,0.5,29,7,22,24.1,30.2,-0.71,N,-1.98,-0.08,0.75,58.6
CDLXSIDEGAP3METHODS,bull,atr_low,0.75,29,9,20,31.0,43.4,-1.34,N,0.23,-0.058,1.02,48.3
CDLXSIDEGAP3METHODS,bull,atr_low,1.0,29,11,18,37.9,50.9,-1.39,N,-0.03,-0.05,1.0,34.5
CDLXSIDEGAP3METHODS,bull,atr_low,1.25,29,11,18,37.9,48.6,-1.15,N,0.38,-0.052,1.04,24.1
CDLXSIDEGAP3METHODS,bull,atr_low,1.5,29,11,18,37.9,43.4,-0.59,N,-1.02,-0.112,0.91,24.1
CDLXSIDEGAP3METHODS,bull,atr_low,1.75,29,11,18,37.9,50.9,-1.39,N,-0.77,-0.097,0.93,13.8
CDLXSIDEGAP3METHODS,bull,atr_low,2.0,29,11,18,37.9,45.4,-0.81,N,-1.64,-0.131,0.86,13.8
CDLXSIDEGAP3METHODS,bull,atr_low,2.25,29,11,18,37.9,46.8,-0.96,N,-1.82,-0.142,0.85,10.3
CDLXSIDEGAP3METHODS,bull,atr_low,2.5,29,11,18,37.9,47.4,-1.02,N,-0.48,-0.082,0.96,3.4
CDLXSIDEGAP3METHODS,bull,atr_low,2.75,29,11,18,37.9,48.0,-1.08,N,-0.71,-0.09,0.94,3.4
CDLXSIDEGAP3METHODS,bull,atr_low,3.0,29,11,18,37.9,50.0,-1.3,N,-0.95,-0.099,0.92,3.4
CDLSPINNINGTOP,bull,rsi_oversold,0.5,32,7,25,21.9,28.4,-0.82,N,3.02,-0.068,1.26,78.1
CDLSPINNINGTOP,bull,rsi_oversold,0.75,32,11,21,34.4,41.7,-0.84,N,5.93,0.058,1.42,59.4
CDLSPINNINGTOP,bull,rsi_oversold,1.0,32,12,20,37.5,43.8,-0.71,N,4.09,0.016,1.25,50.0
CDLSPINNINGTOP,bull,rsi_oversold,1.25,32,12,20,37.5,44.0,-0.74,N,3.42,-0.004,1.2,34.4
CDLSPINNINGTOP,bull,rsi_oversold,1.5,32,12,20,37.5,45.1,-0.86,N,0.96,-0.09,1.05,34.4
CDLSPINNINGTOP,bull,rsi_oversold,1.75,32,12,20,37.5,44.5,-0.8,N,-0.88,-0.14,0.96,28.1
CDLSPINNINGTOP,bull,rsi_oversold,2.0,32,13,19,40.6,46.4,-0.65,N,-0.19,-0.08,0.99,18.8
CDLSPINNINGTOP,bull,rsi_oversold,2.25,32,14,18,43.8,50.5,-0.77,N,1.26,0.006,1.06,9.4
CDLSPINNINGTOP,bull,rsi_oversold,2.5,32,14,18,43.8,50.3,-0.74,N,6.9,0.086,1.49,3.1
CDLSPINNINGTOP,bull,rsi_oversold,2.75,32,14,18,43.8,49.5,-0.65,N,6.75,0.078,1.48,3.1
CDLSPINNINGTOP,bull,rsi_oversold,3.0,32,14,18,43.8,50.0,-0.71,N,6.6,0.071,1.46,3.1
CDLLONGLINE,bull,atr_high,0.5,121,39,82,32.2,36.1,-0.88,N,-0.12,0.039,0.99,62.8
CDLLONGLINE,bull,atr_high,0.75,121,48,73,39.7,46.4,-1.49,N,1.44,0.045,1.11,41.3
CDLLONGLINE,bull,atr_high,1.0,121,51,70,42.1,46.4,-0.94,N,3.57,0.067,1.26,28.9
CDLLONGLINE,bull,atr_high,1.25,121,52,69,43.0,48.8,-1.29,N,3.26,0.055,1.23,21.5
CDLLONGLINE,bull,atr_high,1.5,121,53,68,43.8,49.7,-1.29,N,2.98,0.047,1.21,15.7
CDLLONGLINE,bull,atr_high,1.75,121,53,68,43.8,50.1,-1.39,N,3.12,0.047,1.22,9.9
CDLLONGLINE,bull,atr_high,2.0,121,53,68,43.8,48.9,-1.12,N,2.69,0.031,1.18,7.4
CDLLONGLINE,bull,atr_high,2.25,121,53,68,43.8,50.3,-1.44,N,2.79,0.034,1.19,5.0
CDLLONGLINE,bull,atr_high,2.5,121,53,68,43.8,47.0,-0.71,N,2.45,0.021,1.16,5.0
CDLLONGLINE,bull,atr_high,2.75,121,53,68,43.8,48.0,-0.92,N,2.11,0.009,1.14,5.0
CDLLONGLINE,bull,atr_high,3.0,121,53,68,43.8,48.3,-0.99,N,1.77,-0.004,1.11,5.0
CDLTAKURI,bull,trend_up,0.5,25,5,20,20.0,34.7,-1.54,N,-7.38,-0.228,0.39,76.0
CDLTAKURI,bull,trend_up,0.75,25,7,18,28.0,45.7,-1.77,N,-8.0,-0.287,0.39,56.0
CDLTAKURI,bull,trend_up,1.0,25,7,18,28.0,49.7,-2.17,N,-11.2,-0.391,0.32,44.0
CDLTAKURI,bull,trend_up,1.25,25,8,17,32.0,42.7,-1.08,N,-11.02,-0.333,0.33,24.0
CDLTAKURI,bull,trend_up,1.5,25,8,17,32.0,43.3,-1.14,N,-12.57,-0.363,0.3,20.0
CDLTAKURI,bull,trend_up,1.75,25,9,16,36.0,49.7,-1.37,N,-10.26,-0.292,0.35,8.0
CDLTAKURI,bull,trend_up,2.0,25,9,16,36.0,52.3,-1.64,N,-10.8,-0.312,0.34,8.0
CDLTAKURI,bull,trend_up,2.25,25,9,16,36.0,48.7,-1.27,N,-10.09,-0.292,0.35,0.0
CDLTAKURI,bull,trend_up,2.5,25,9,16,36.0,43.3,-0.74,N,-10.09,-0.292,0.35,0.0
CDLTAKURI,bull,trend_up,2.75,25,9,16,36.0,47.7,-1.17,N,-10.09,-0.292,0.35,0.0
CDLTAKURI,bull,trend_up,3.0,25,9,16,36.0,49.3,-1.33,N,-10.09,-0.292,0.35,0.0
CDLENGULFING,bear,trend_up,0.5,132,39,93,29.5,36.0,-1.56,N,-1.06,-0.054,0.87,65.2
CDLENGULFING,bear,trend_up,0.75,132,48,84,36.4,44.5,-1.88,N,-2.74,-0.114,0.74,51.5
CDLENGULFING,bear,trend_up,1.0,132,57,75,43.2,47.0,-0.87,N,-2.16,-0.092,0.8,35.6
CDLENGULFING,bear,trend_up,1.25,132,58,74,43.9,49.9,-1.38,N,-2.4,-0.101,0.79,24.2
CDLENGULFING,bear,trend_up,1.5,132,58,74,43.9,50.8,-1.57,N,-2.76,-0.107,0.77,18.2
CDLENGULFING,bear,trend_up,1.75,132,59,73,44.7,48.9,-0.96,N,-2.9,-0.116,0.76,15.2
CDLENGULFING,bear,trend_up,2.0,132,59,73,44.7,51.7,-1.61,N,-3.43,-0.133,0.73,12.1
CDLENGULFING,bear,trend_up,2.25,132,59,73,44.7,50.6,-1.35,N,-3.41,-0.131,0.73,6.1
CDLENGULFING,bear,trend_up,2.5,132,59,73,44.7,49.7,-1.16,N,-3.55,-0.134,0.72,4.5
CDLENGULFING,bear,trend_up,2.75,132,59,73,44.7,48.7,-0.91,N,-3.85,-0.145,0.7,4.5
CDLENGULFING,bear,trend_up,3.0,132,59,73,44.7,50.6,-1.36,N,-4.16,-0.156,0.69,4.5
CDLHAMMER,bull,atr_low,0.5,53,13,40,24.5,30.2,-0.9,N,-3.6,-0.186,0.58,69.8
CDLHAMMER,bull,atr_low,0.75,53,18,35,34.0,40.1,-0.91,N,-3.81,-0.188,0.62,49.1
CDLHAMMER,bull,atr_low,1.0,53,18,35,34.0,45.1,-1.63,N,-5.17,-0.243,0.54,37.7
CDLHAMMER,bull,atr_low,1.25,53,21,32,39.6,46.7,-1.03,N,-3.36,-0.178,0.66,22.6
CDLHAMMER,bull,atr_low,1.5,53,21,32,39.6,50.8,-1.63,N,-3.5,-0.192,0.65,13.2
CDLHAMMER,bull,atr_low,1.75,53,21,32,39.6,49.7,-1.47,N,-4.17,-0.225,0.61,13.2
CDLHAMMER,bull,atr_low,2.0,53,22,31,41.5,50.8,-1.35,N,-3.79,-0.203,0.65,11.3
CDLHAMMER,bull,atr_low,2.25,53,22,31,41.5,51.3,-1.42,N,-4.1,-0.218,0.63,7.5
CDLHAMMER,bull,atr_low,2.5,53,22,31,41.5,50.5,-1.3,N,-4.49,-0.237,0.61,7.5
CDLHAMMER,bull,atr_low,2.75,53,22,31,41.5,53.9,-1.81,N,-4.88,-0.256,0.59,7.5
CDLHAMMER,bull,atr_low,3.0,53,23,30,43.4,50.0,-0.96,N,-3.36,-0.184,0.68,3.8
CDLDOJI,bull,trend_up,0.5,177,50,127,28.2,35.7,-2.07,N,-2.11,-0.083,0.77,65.0
CDLDOJI,bull,trend_up,0.75,177,68,109,38.4,45.5,-1.89,N,-1.11,-0.066,0.89,44.1
CDLDOJI,bull,trend_up,1.0,177,73,104,41.2,47.1,-1.57,N,-1.63,-0.085,0.86,33.3
CDLDOJI,bull,trend_up,1.25,177,78,99,44.1,48.4,-1.15,N,-1.48,-0.048,0.87,20.3
CDLDOJI,bull,trend_up,1.5,177,79,98,44.6,49.0,-1.15,N,-1.54,-0.049,0.87,15.8
CDLDOJI,bull,trend_up,1.75,177,80,97,45.2,49.6,-1.18,N,-1.48,-0.05,0.87,10.7
CDLDOJI,bull,trend_up,2.0,177,80,97,45.2,50.8,-1.49,N,-1.71,-0.059,0.86,8.5
CDLDOJI,bull,trend_up,2.25,177,80,97,45.2,50.5,-1.4,N,-1.76,-0.061,0.85,5.6
CDLDOJI,bull,trend_up,2.5,177,80,97,45.2,50.5,-1.4,N,-2.03,-0.069,0.83,5.1
CDLDOJI,bull,trend_up,2.75,177,80,97,45.2,50.5,-1.42,N,-1.73,-0.054,0.85,3.4
CDLDOJI,bull,trend_up,3.0,177,80,97,45.2,48.8,-0.96,N,-1.69,-0.052,0.86,2.3
CDLMATCHINGLOW,bull,atr_low,0.5,27,6,21,22.2,30.9,-0.97,N,-6.54,-0.232,0.28,70.4
CDLMATCHINGLOW,bull,atr_low,0.75,27,6,21,22.2,39.8,-1.87,N,-9.99,-0.367,0.2,63.0
CDLMATCHINGLOW,bull,atr_low,1.0,27,7,20,25.9,44.1,-1.91,N,-11.48,-0.415,0.19,48.1
CDLMATCHINGLOW,bull,atr_low,1.25,27,9,18,33.3,47.8,-1.51,N,-10.25,-0.352,0.28,33.3
CDLMATCHINGLOW,bull,atr_low,1.5,27,9,18,33.3,43.8,-1.1,N,-11.52,-0.402,0.26,29.6
CDLMATCHINGLOW,bull,atr_low,1.75,27,9,18,33.3,50.6,-1.8,N,-12.81,-0.449,0.24,25.9
CDLMATCHINGLOW,bull,atr_low,2.0,27,9,18,33.3,44.4,-1.16,N,-12.1,-0.429,0.25,14.8
CDLMATCHINGLOW,bull,atr_low,2.25,27,9,18,33.3,50.0,-1.73,N,-12.7,-0.456,0.24,11.1
CDLMATCHINGLOW,bull,atr_low,2.5,27,9,18,33.3,49.1,-1.64,N,-13.32,-0.484,0.23,11.1
CDLMATCHINGLOW,bull,atr_low,2.75,27,9,18,33.3,48.8,-1.6,N,-13.93,-0.512,0.22,11.1
CDLMATCHINGLOW,bull,atr_low,3.0,27,10,17,37.0,54.0,-1.77,N,-12.45,-0.409,0.26,7.4
CDLHANGINGMAN,bear,none,0.5,41,10,31,24.4,32.1,-1.06,N,-1.54,-0.122,0.85,58.5
CDLHANGINGMAN,bear,none,0.75,41,13,28,31.7,46.7,-1.93,N,-0.66,-0.096,0.94,39.0
CDLHANGINGMAN,bear,none,1.0,41,13,28,31.7,51.2,-2.5,N,-2.49,-0.168,0.82,34.1
CDLHANGINGMAN,bear,none,1.25,41,13,28,31.7,47.2,-1.98,N,-1.97,-0.184,0.85,22.0
CDLHANGINGMAN,bear,none,1.5,41,13,28,31.7,48.2,-2.11,N,-2.05,-0.197,0.84,14.6
CDLHANGINGMAN,bear,none,1.75,41,13,28,31.7,45.9,-1.83,N,-2.49,-0.211,0.82,12.2
CDLHANGINGMAN,bear,none,2.0,41,13,28,31.7,52.6,-2.68,N,-2.48,-0.202,0.82,7.3
CDLHANGINGMAN,bear,none,2.25,41,13,28,31.7,51.0,-2.47,N,-2.44,-0.199,0.82,2.4
CDLHANGINGMAN,bear,none,2.5,41,13,28,31.7,52.4,-2.66,N,-2.56,-0.205,0.81,2.4
CDLHANGINGMAN,bear,none,2.75,41,13,28,31.7,45.9,-1.83,N,-2.69,-0.211,0.8,2.4
CDLHANGINGMAN,bear,none,3.0,41,13,28,31.7,49.8,-2.32,N,-2.82,-0.217,0.8,2.4
CDLLONGLEGGEDDOJI,bull,trend_up,0.5,176,49,127,27.8,34.5,-1.85,N,-2.16,-0.087,0.76,65.3
CDLLONGLEGGEDDOJI,bull,trend_up,0.75,176,67,109,38.1,44.6,-1.74,N,-1.16,-0.07,0.89,44.3
CDLLONGLEGGEDDOJI,bull,trend_up,1.0,176,72,104,40.9,45.9,-1.34,N,-1.68,-0.088,0.85,33.5
CDLLONGLEGGEDDOJI,bull,trend_up,1.25,176,77,99,43.8,48.5,-1.26,N,-1.53,-0.052,0.87,20.5
CDLLONGLEGGEDDOJI,bull,trend_up,1.5,176,78,98,44.3,49.1,-1.26,N,-1.59,-0.052,0.86,15.9
CDLLONGLEGGEDDOJI,bull,trend_up,1.75,176,79,97,44.9,48.9,-1.07,N,-1.53,-0.054,0.87,10.8
CDLLONGLEGGEDDOJI,bull,trend_up,2.0,176,79,97,44.9,49.5,-1.22,N,-1.76,-0.063,0.85,8.5
CDLLONGLEGGEDDOJI,bull,trend_up,2.25,176,79,97,44.9,49.7,-1.28,N,-1.81,-0.064,0.85,5.7
CDLLONGLEGGEDDOJI,bull,trend_up,2.5,176,79,97,44.9,50.7,-1.55,N,-2.08,-0.073,0.83,5.1
CDLLONGLEGGEDDOJI,bull,trend_up,2.75,176,79,97,44.9,49.7,-1.28,N,-1.79,-0.058,0.85,3.4
CDLLONGLEGGEDDOJI,bull,trend_up,3.0,176,79,97,44.9,49.7,-1.28,N,-1.74,-0.056,0.85,2.3
CDLBELTHOLD,bull,rsi_mid_oversold,0.5,69,18,51,26.1,36.4,-1.77,N,-5.47,-0.125,0.47,66.7
CDLBELTHOLD,bull,rsi_mid_oversold,0.75,69,24,45,34.8,41.3,-1.1,N,-3.56,-0.144,0.69,52.2
CDLBELTHOLD,bull,rsi_mid_oversold,1.0,69,26,43,37.7,49.6,-1.99,N,-3.87,-0.187,0.69,39.1
CDLBELTHOLD,bull,rsi_mid_oversold,1.25,69,27,42,39.1,47.3,-1.37,N,-3.82,-0.154,0.72,30.4
CDLBELTHOLD,bull,rsi_mid_oversold,1.5,69,27,42,39.1,50.0,-1.81,N,-4.36,-0.164,0.69,21.7
CDLBELTHOLD,bull,rsi_mid_oversold,1.75,69,27,42,39.1,51.4,-2.05,N,-4.72,-0.187,0.67,17.4
CDLBELTHOLD,bull,rsi_mid_oversold,2.0,69,27,42,39.1,50.7,-1.93,N,-5.45,-0.222,0.64,15.9
CDLBELTHOLD,bull,rsi_mid_oversold,2.25,69,27,42,39.1,51.2,-2.01,N,-6.15,-0.253,0.61,14.5
CDLBELTHOLD,bull,rsi_mid_oversold,2.5,69,27,42,39.1,51.7,-2.09,N,-6.1,-0.261,0.61,10.1
CDLBELTHOLD,bull,rsi_mid_oversold,2.75,69,27,42,39.1,50.7,-1.93,N,-6.52,-0.283,0.6,8.7
CDLBELTHOLD,bull,rsi_mid_oversold,3.0,69,27,42,39.1,49.3,-1.69,N,-6.77,-0.296,0.59,7.2
CDLDRAGONFLYDOJI,bull,trend_up,0.5,26,5,21,19.2,36.9,-1.86,N,-7.45,-0.239,0.38,76.9
CDLDRAGONFLYDOJI,bull,trend_up,0.75,26,7,19,26.9,46.5,-2.0,N,-8.23,-0.304,0.38,57.7
CDLDRAGONFLYDOJI,bull,trend_up,1.0,26,7,19,26.9,49.4,-2.29,N,-11.48,-0.415,0.3,46.2
CDLDRAGONFLYDOJI,bull,trend_up,1.25,26,8,18,30.8,45.5,-1.51,N,-11.48,-0.368,0.31,26.9
CDLDRAGONFLYDOJI,bull,trend_up,1.5,26,8,18,30.8,53.2,-2.29,N,-13.15,-0.406,0.28,23.1
CDLDRAGONFLYDOJI,bull,trend_up,1.75,26,9,17,34.6,52.9,-1.87,N,-11.11,-0.348,0.32,11.5
CDLDRAGONFLYDOJI,bull,trend_up,2.0,26,9,17,34.6,50.0,-1.57,N,-11.81,-0.377,0.31,11.5
CDLDRAGONFLYDOJI,bull,trend_up,2.25,26,9,17,34.6,46.2,-1.18,N,-11.3,-0.367,0.32,3.8
CDLDRAGONFLYDOJI,bull,trend_up,2.5,26,9,17,34.6,49.0,-1.47,N,-11.48,-0.377,0.32,3.8
CDLDRAGONFLYDOJI,bull,trend_up,2.75,26,9,17,34.6,52.6,-1.83,N,-11.66,-0.387,0.31,3.8
CDLDRAGONFLYDOJI,bull,trend_up,3.0,26,9,17,34.6,50.6,-1.63,N,-11.84,-0.396,0.31,3.8
CDLHANGINGMAN,bear,atr_low,0.5,27,6,21,22.2,34.6,-1.35,N,-3.77,-0.162,0.55,59.3
CDLHANGINGMAN,bear,atr_low,0.75,27,8,19,29.6,44.4,-1.55,N,-3.05,-0.124,0.66,37.0
CDLHANGINGMAN,bear,atr_low,1.0,27,8,19,29.6,46.0,-1.71,N,-5.6,-0.217,0.52,37.0
CDLHANGINGMAN,bear,atr_low,1.25,27,8,19,29.6,47.2,-1.83,N,-5.3,-0.239,0.53,22.2
CDLHANGINGMAN,bear,atr_low,1.5,27,8,19,29.6,44.1,-1.52,N,-5.08,-0.25,0.54,18.5
CDLHANGINGMAN,bear,atr_low,1.75,27,8,19,29.6,55.6,-2.71,N,-5.42,-0.261,0.53,14.8
CDLHANGINGMAN,bear,atr_low,2.0,27,8,19,29.6,50.3,-2.15,N,-5.25,-0.243,0.53,11.1
CDLHANGINGMAN,bear,atr_low,2.25,27,8,19,29.6,48.5,-1.96,N,-5.18,-0.238,0.54,3.7
CDLHANGINGMAN,bear,atr_low,2.5,27,8,19,29.6,54.9,-2.64,N,-5.37,-0.248,0.53,3.7
CDLHANGINGMAN,bear,atr_low,2.75,27,8,19,29.6,54.3,-2.58,N,-5.57,-0.257,0.52,3.7
CDLHANGINGMAN,bear,atr_low,3.0,27,8,19,29.6,47.2,-1.83,N,-5.76,-0.266,0.51,3.7
