形态,方向,过滤器,SL,交易数,胜,负,胜率%,随机WR%,Z值,显著,平均盈亏,盈亏/ATR,盈亏比,止损率%
CDLDRAGONFLYDOJI,bull,trend_down,0.5,26,12,14,46.2,35.9,1.09,N,3.37,0.411,2.38,50.0
CDLDRAGONFLYDOJI,bull,trend_down,0.75,26,13,13,50.0,32.7,1.88,Y,2.84,0.37,1.94,38.5
CDLDRAGONFLYDOJI,bull,trend_down,1.0,26,15,11,57.7,40.1,1.83,Y,2.88,0.417,1.85,30.8
CDLDRAGONFLYDOJI,bull,trend_down,1.25,26,17,9,65.4,39.4,2.71,Y,4.33,0.515,2.76,15.4
CDLDRAGONFLYDOJI,bull,trend_down,1.5,26,17,9,65.4,45.8,2.0,Y,4.03,0.476,2.46,15.4
CDLDRAGONFLYDOJI,bull,trend_down,1.75,26,18,8,69.2,47.4,2.23,Y,4.47,0.518,2.83,11.5
CDLDRAGONFLYDOJI,bull,trend_down,2.0,26,18,8,69.2,45.2,2.46,Y,4.26,0.49,2.6,11.5
CDLDRAGONFLYDOJI,bull,trend_down,2.25,26,18,8,69.2,47.4,2.23,Y,4.05,0.461,2.41,11.5
CDLDRAGONFLYDOJI,bull,trend_down,2.5,26,19,7,73.1,50.3,2.32,Y,5.08,0.597,3.74,3.8
CDLDRAGONFLYDOJI,bull,trend_down,2.75,26,19,7,73.1,49.7,2.39,Y,5.01,0.587,3.61,3.8
CDLDRAGONFLYDOJI,bull,trend_down,3.0,26,19,7,73.1,50.6,2.29,Y,4.94,0.578,3.48,3.8
CDLDRAGONFLYDOJI,bull,none,0.5,51,22,29,43.1,33.5,1.46,N,1.45,0.162,1.58,52.9
CDLDRAGONFLYDOJI,bull,none,0.75,51,24,27,47.1,41.2,0.85,N,1.2,0.135,1.41,37.3
CDLDRAGONFLYDOJI,bull,none,1.0,51,27,24,52.9,47.4,0.79,N,1.5,0.197,1.48,25.5
CDLDRAGONFLYDOJI,bull,none,1.25,51,30,21,58.8,49.7,1.31,N,2.4,0.26,1.94,11.8
CDLDRAGONFLYDOJI,bull,none,1.5,51,30,21,58.8,50.5,1.19,N,2.17,0.231,1.78,11.8
CDLDRAGONFLYDOJI,bull,none,1.75,51,31,20,60.8,47.5,1.89,Y,2.4,0.252,1.92,7.8
CDLDRAGONFLYDOJI,bull,none,2.0,51,32,19,62.7,48.9,1.98,Y,2.61,0.282,2.05,5.9
CDLDRAGONFLYDOJI,bull,none,2.25,51,32,19,62.7,47.2,2.22,Y,2.5,0.267,1.97,5.9
CDLDRAGONFLYDOJI,bull,none,2.5,51,33,18,64.7,47.4,2.48,Y,3.03,0.337,2.46,2.0
CDLDRAGONFLYDOJI,bull,none,2.75,51,33,18,64.7,50.8,1.98,Y,2.99,0.332,2.42,2.0
CDLDRAGONFLYDOJI,bull,none,3.0,51,33,18,64.7,51.1,1.94,Y,2.96,0.327,2.38,2.0
CDLTAKURI,bull,rsi_mid_oversold,0.5,25,11,14,44.0,30.0,1.53,N,2.48,0.286,2.02,52.0
CDLTAKURI,bull,rsi_mid_oversold,0.75,25,12,13,48.0,33.0,1.6,N,2.45,0.275,1.89,36.0
CDLTAKURI,bull,rsi_mid_oversold,1.0,25,14,11,56.0,39.7,1.67,Y,2.66,0.334,1.91,28.0
CDLTAKURI,bull,rsi_mid_oversold,1.25,25,16,9,64.0,44.3,1.98,Y,3.66,0.402,2.76,16.0
CDLTAKURI,bull,rsi_mid_oversold,1.5,25,16,9,64.0,46.3,1.77,Y,3.35,0.362,2.4,16.0
CDLTAKURI,bull,rsi_mid_oversold,1.75,25,17,8,68.0,54.0,1.4,N,3.81,0.406,2.85,12.0
CDLTAKURI,bull,rsi_mid_oversold,2.0,25,17,8,68.0,48.7,1.93,Y,3.59,0.376,2.58,12.0
CDLTAKURI,bull,rsi_mid_oversold,2.25,25,17,8,68.0,49.7,1.83,Y,3.37,0.346,2.35,12.0
CDLTAKURI,bull,rsi_mid_oversold,2.5,25,18,7,72.0,51.3,2.07,Y,4.44,0.487,4.08,4.0
CDLTAKURI,bull,rsi_mid_oversold,2.75,25,18,7,72.0,47.3,2.47,Y,4.37,0.477,3.88,4.0
CDLTAKURI,bull,rsi_mid_oversold,3.0,25,18,7,72.0,52.0,2.0,Y,4.3,0.467,3.7,4.0
CDLDRAGONFLYDOJI,bull,rsi_mid_oversold,0.5,27,12,15,44.4,35.5,0.97,N,2.65,0.306,2.06,51.9
CDLDRAGONFLYDOJI,bull,rsi_mid_oversold,0.75,27,13,14,48.1,37.3,1.16,N,2.49,0.286,1.85,37.0
CDLDRAGONFLYDOJI,bull,rsi_mid_oversold,1.0,27,15,12,55.6,39.2,1.74,Y,2.55,0.331,1.79,29.6
CDLDRAGONFLYDOJI,bull,rsi_mid_oversold,1.25,27,17,10,63.0,42.9,2.11,Y,3.48,0.394,2.42,14.8
CDLDRAGONFLYDOJI,bull,rsi_mid_oversold,1.5,27,17,10,63.0,47.5,1.61,N,3.19,0.357,2.17,14.8
CDLDRAGONFLYDOJI,bull,rsi_mid_oversold,1.75,27,18,9,66.7,45.4,2.22,Y,3.61,0.398,2.49,11.1
CDLDRAGONFLYDOJI,bull,rsi_mid_oversold,2.0,27,18,9,66.7,47.5,1.99,Y,3.41,0.37,2.3,11.1
CDLDRAGONFLYDOJI,bull,rsi_mid_oversold,2.25,27,18,9,66.7,45.1,2.26,Y,3.2,0.342,2.13,11.1
CDLDRAGONFLYDOJI,bull,rsi_mid_oversold,2.5,27,19,8,70.4,51.2,1.99,Y,4.2,0.473,3.26,3.7
CDLDRAGONFLYDOJI,bull,rsi_mid_oversold,2.75,27,19,8,70.4,53.1,1.8,Y,4.13,0.464,3.15,3.7
CDLDRAGONFLYDOJI,bull,rsi_mid_oversold,3.0,27,19,8,70.4,49.7,2.15,Y,4.06,0.455,3.04,3.7
CDLTAKURI,bull,trend_down,0.5,24,11,13,45.8,31.6,1.5,N,3.26,0.4,2.39,50.0
CDLTAKURI,bull,trend_down,0.75,24,12,12,50.0,38.5,1.15,N,2.82,0.366,1.99,37.5
CDLTAKURI,bull,trend_down,1.0,24,14,10,58.3,44.8,1.33,N,3.02,0.427,1.98,29.2
CDLTAKURI,bull,trend_down,1.25,24,16,8,66.7,44.8,2.16,Y,4.59,0.533,3.21,16.7
CDLTAKURI,bull,trend_down,1.5,24,16,8,66.7,43.8,2.26,Y,4.27,0.491,2.77,16.7
CDLTAKURI,bull,trend_down,1.75,24,17,7,70.8,49.3,2.11,Y,4.74,0.537,3.3,12.5
CDLTAKURI,bull,trend_down,2.0,24,17,7,70.8,49.0,2.14,Y,4.51,0.506,2.97,12.5
CDLTAKURI,bull,trend_down,2.25,24,17,7,70.8,50.3,2.01,Y,4.28,0.474,2.7,12.5
CDLTAKURI,bull,trend_down,2.5,24,18,6,75.0,53.1,2.15,Y,5.4,0.622,4.81,4.2
CDLTAKURI,bull,trend_down,2.75,24,18,6,75.0,54.5,2.02,Y,5.33,0.612,4.56,4.2
CDLTAKURI,bull,trend_down,3.0,24,18,6,75.0,53.1,2.15,Y,5.25,0.601,4.34,4.2
CDLTAKURI,bull,none,0.5,51,21,30,41.2,33.0,1.24,N,1.02,0.121,1.39,54.9
CDLTAKURI,bull,none,0.75,51,23,28,45.1,36.3,1.31,N,0.71,0.089,1.23,39.2
CDLTAKURI,bull,none,1.0,51,26,25,51.0,41.7,1.35,N,1.0,0.149,1.3,25.5
CDLTAKURI,bull,none,1.25,51,29,22,56.9,47.4,1.36,N,1.82,0.207,1.65,13.7
CDLTAKURI,bull,none,1.5,51,29,22,56.9,45.8,1.59,N,1.53,0.173,1.49,13.7
CDLTAKURI,bull,none,1.75,51,30,21,58.8,49.3,1.35,N,1.69,0.19,1.56,9.8
CDLTAKURI,bull,none,2.0,51,31,20,60.8,49.3,1.63,N,1.83,0.215,1.63,7.8
CDLTAKURI,bull,none,2.25,51,31,20,60.8,46.7,2.01,Y,1.66,0.195,1.53,7.8
CDLTAKURI,bull,none,2.5,51,32,19,62.7,49.0,1.96,Y,2.12,0.26,1.8,3.9
CDLTAKURI,bull,none,2.75,51,32,19,62.7,47.5,2.17,Y,2.01,0.25,1.73,3.9
CDLTAKURI,bull,none,3.0,51,32,19,62.7,50.3,1.77,Y,1.91,0.24,1.67,3.9
CDLDOJI,bull,atr_low,0.5,322,119,203,37.0,31.5,2.1,Y,0.16,0.022,1.06,58.7
CDLDOJI,bull,atr_low,0.75,322,143,179,44.4,40.3,1.49,N,0.2,0.029,1.07,41.6
CDLDOJI,bull,atr_low,1.0,322,155,167,48.1,44.6,1.28,N,0.05,0.016,1.02,32.6
CDLDOJI,bull,atr_low,1.25,322,164,158,50.9,48.3,0.93,N,0.18,0.03,1.05,22.4
CDLDOJI,bull,atr_low,1.5,322,166,156,51.6,47.5,1.47,N,0.05,0.011,1.01,17.1
CDLDOJI,bull,atr_low,1.75,322,170,152,52.8,51.2,0.57,N,0.03,0.009,1.01,13.4
CDLDOJI,bull,atr_low,2.0,322,171,151,53.1,49.5,1.31,N,-0.07,-0.001,0.98,10.9
CDLDOJI,bull,atr_low,2.25,322,171,151,53.1,49.3,1.37,N,-0.17,-0.014,0.95,8.1
CDLDOJI,bull,atr_low,2.5,322,173,149,53.7,49.6,1.5,N,0.01,0.01,1.0,4.3
CDLDOJI,bull,atr_low,2.75,322,173,149,53.7,49.5,1.5,N,-0.07,0.001,0.98,4.0
CDLDOJI,bull,atr_low,3.0,322,173,149,53.7,49.9,1.37,N,0.05,0.01,1.02,2.5
CDLLONGLEGGEDDOJI,bull,trend_down,0.5,242,91,151,37.6,32.6,1.65,Y,0.22,0.04,1.08,60.3
CDLLONGLEGGEDDOJI,bull,trend_down,0.75,242,112,130,46.3,43.0,1.04,N,0.14,0.037,1.04,45.5
CDLLONGLEGGEDDOJI,bull,trend_down,1.0,242,120,122,49.6,46.3,1.01,N,-0.23,0.012,0.94,35.5
CDLLONGLEGGEDDOJI,bull,trend_down,1.25,242,126,116,52.1,46.3,1.79,Y,-0.17,0.012,0.96,25.6
CDLLONGLEGGEDDOJI,bull,trend_down,1.5,242,128,114,52.9,48.1,1.49,N,-0.37,-0.014,0.91,20.2
CDLLONGLEGGEDDOJI,bull,trend_down,1.75,242,131,111,54.1,48.3,1.81,Y,-0.3,-0.012,0.93,15.3
CDLLONGLEGGEDDOJI,bull,trend_down,2.0,242,131,111,54.1,50.5,1.14,N,-0.42,-0.025,0.91,11.6
CDLLONGLEGGEDDOJI,bull,trend_down,2.25,242,131,111,54.1,49.7,1.37,N,-0.55,-0.039,0.88,8.7
CDLLONGLEGGEDDOJI,bull,trend_down,2.5,242,133,109,55.0,50.5,1.39,N,-0.27,-0.008,0.94,5.4
CDLLONGLEGGEDDOJI,bull,trend_down,2.75,242,133,109,55.0,49.7,1.65,Y,-0.3,-0.014,0.93,4.5
CDLLONGLEGGEDDOJI,bull,trend_down,3.0,242,133,109,55.0,48.5,2.02,Y,-0.15,-0.002,0.96,2.9
CDLLONGLEGGEDDOJI,bull,atr_low,0.5,317,117,200,36.9,34.2,1.03,N,0.14,0.02,1.05,58.7
CDLLONGLEGGEDDOJI,bull,atr_low,0.75,317,141,176,44.5,41.5,1.06,N,0.2,0.029,1.07,41.3
CDLLONGLEGGEDDOJI,bull,atr_low,1.0,317,153,164,48.3,45.4,1.03,N,0.07,0.019,1.02,32.2
CDLLONGLEGGEDDOJI,bull,atr_low,1.25,317,161,156,50.8,47.8,1.06,N,0.16,0.028,1.05,22.1
CDLLONGLEGGEDDOJI,bull,atr_low,1.5,317,163,154,51.4,49.4,0.71,N,0.05,0.011,1.01,16.7
CDLLONGLEGGEDDOJI,bull,atr_low,1.75,317,167,150,52.7,49.4,1.16,N,0.02,0.009,1.01,13.2
CDLLONGLEGGEDDOJI,bull,atr_low,2.0,317,168,149,53.0,49.4,1.27,N,-0.07,-0.001,0.98,10.7
CDLLONGLEGGEDDOJI,bull,atr_low,2.25,317,168,149,53.0,49.9,1.09,N,-0.18,-0.014,0.95,8.2
CDLLONGLEGGEDDOJI,bull,atr_low,2.5,317,170,147,53.6,48.1,1.96,Y,-0.0,0.009,1.0,4.4
CDLLONGLEGGEDDOJI,bull,atr_low,2.75,317,170,147,53.6,49.9,1.33,N,-0.07,0.001,0.98,4.1
CDLLONGLEGGEDDOJI,bull,atr_low,3.0,317,170,147,53.6,50.2,1.21,N,0.05,0.01,1.01,2.5
CDLDRAGONFLYDOJI,bull,atr_low,0.5,38,17,21,44.7,37.7,0.89,N,1.39,0.177,1.63,52.6
CDLDRAGONFLYDOJI,bull,atr_low,0.75,38,18,20,47.4,39.0,1.05,N,1.16,0.153,1.47,34.2
CDLDRAGONFLYDOJI,bull,atr_low,1.0,38,20,18,52.6,39.5,1.66,Y,1.53,0.23,1.55,26.3
CDLDRAGONFLYDOJI,bull,atr_low,1.25,38,21,17,55.3,48.9,0.78,N,1.68,0.232,1.63,15.8
CDLDRAGONFLYDOJI,bull,atr_low,1.5,38,21,17,55.3,46.9,1.03,N,1.38,0.192,1.46,15.8
CDLDRAGONFLYDOJI,bull,atr_low,1.75,38,22,16,57.9,48.0,1.22,N,1.68,0.221,1.62,10.5
CDLDRAGONFLYDOJI,bull,atr_low,2.0,38,23,15,60.5,50.9,1.19,N,1.96,0.261,1.77,7.9
CDLDRAGONFLYDOJI,bull,atr_low,2.25,38,23,15,60.5,50.9,1.19,N,1.82,0.242,1.67,7.9
CDLDRAGONFLYDOJI,bull,atr_low,2.5,38,24,14,63.2,48.0,1.87,Y,2.53,0.335,2.26,2.6
CDLDRAGONFLYDOJI,bull,atr_low,2.75,38,24,14,63.2,48.5,1.81,Y,2.48,0.328,2.21,2.6
CDLDRAGONFLYDOJI,bull,atr_low,3.0,38,24,14,63.2,47.4,1.95,Y,2.43,0.322,2.16,2.6
CDLRICKSHAWMAN,bull,trend_down,0.5,174,69,105,39.7,34.1,1.56,N,0.16,0.006,1.06,58.6
CDLRICKSHAWMAN,bull,trend_down,0.75,174,84,90,48.3,43.6,1.24,N,0.14,0.005,1.04,45.4
CDLRICKSHAWMAN,bull,trend_down,1.0,174,89,85,51.1,48.6,0.68,N,-0.16,-0.014,0.96,35.1
CDLRICKSHAWMAN,bull,trend_down,1.25,174,93,81,53.4,51.6,0.48,N,-0.04,-0.006,0.99,25.3
CDLRICKSHAWMAN,bull,trend_down,1.5,174,95,79,54.6,50.0,1.21,N,-0.14,-0.024,0.96,20.1
CDLRICKSHAWMAN,bull,trend_down,1.75,174,96,78,55.2,51.8,0.9,N,-0.14,-0.027,0.97,14.9
CDLRICKSHAWMAN,bull,trend_down,2.0,174,96,78,55.2,48.8,1.68,Y,-0.26,-0.042,0.94,10.9
CDLRICKSHAWMAN,bull,trend_down,2.25,174,96,78,55.2,48.9,1.67,Y,-0.36,-0.052,0.92,8.0
CDLRICKSHAWMAN,bull,trend_down,2.5,174,97,77,55.7,48.5,1.91,Y,-0.08,-0.026,0.98,5.7
CDLRICKSHAWMAN,bull,trend_down,2.75,174,97,77,55.7,49.6,1.62,N,-0.07,-0.03,0.98,4.6
CDLRICKSHAWMAN,bull,trend_down,3.0,174,97,77,55.7,51.3,1.18,N,-0.05,-0.029,0.99,3.4
CDLSHORTLINE,bear,rsi_overbought,0.5,22,12,10,54.5,37.9,1.61,N,2.81,0.277,2.21,40.9
CDLSHORTLINE,bear,rsi_overbought,0.75,22,14,8,63.6,47.3,1.53,N,3.33,0.322,2.35,22.7
CDLSHORTLINE,bear,rsi_overbought,1.0,22,14,8,63.6,44.3,1.82,Y,2.79,0.272,1.93,18.2
CDLSHORTLINE,bear,rsi_overbought,1.25,22,14,8,63.6,43.6,1.9,Y,3.16,0.309,2.2,4.5
CDLSHORTLINE,bear,rsi_overbought,1.5,22,14,8,63.6,50.0,1.28,N,3.03,0.298,2.09,4.5
CDLSHORTLINE,bear,rsi_overbought,1.75,22,14,8,63.6,54.2,0.89,N,2.9,0.287,2.0,4.5
CDLSHORTLINE,bear,rsi_overbought,2.0,22,14,8,63.6,50.0,1.28,N,2.76,0.275,1.91,4.5
CDLSHORTLINE,bear,rsi_overbought,2.25,22,14,8,63.6,47.0,1.57,N,2.63,0.264,1.83,4.5
CDLSHORTLINE,bear,rsi_overbought,2.5,22,14,8,63.6,51.1,1.17,N,2.5,0.252,1.76,4.5
CDLSHORTLINE,bear,rsi_overbought,2.75,22,14,8,63.6,51.9,1.1,N,2.36,0.241,1.69,4.5
CDLSHORTLINE,bear,rsi_overbought,3.0,22,14,8,63.6,48.5,1.42,N,2.23,0.23,1.62,4.5
CDLDOJI,bull,trend_down,0.5,247,93,154,37.7,33.8,1.27,N,0.25,0.042,1.09,60.3
CDLDOJI,bull,trend_down,0.75,247,114,133,46.2,41.6,1.46,N,0.14,0.036,1.04,45.7
CDLDOJI,bull,trend_down,1.0,247,122,125,49.4,47.2,0.69,N,-0.24,0.008,0.94,36.0
CDLDOJI,bull,trend_down,1.25,247,129,118,52.2,46.9,1.69,Y,-0.14,0.014,0.97,25.9
CDLDOJI,bull,trend_down,1.5,247,131,116,53.0,49.3,1.17,N,-0.36,-0.014,0.92,20.6
CDLDOJI,bull,trend_down,1.75,247,134,113,54.3,50.0,1.35,N,-0.29,-0.011,0.93,15.4
CDLDOJI,bull,trend_down,2.0,247,134,113,54.3,50.3,1.24,N,-0.41,-0.026,0.91,11.7
CDLDOJI,bull,trend_down,2.25,247,134,113,54.3,49.7,1.42,N,-0.53,-0.038,0.88,8.5
CDLDOJI,bull,trend_down,2.5,247,136,111,55.1,49.8,1.65,Y,-0.26,-0.007,0.94,5.3
CDLDOJI,bull,trend_down,2.75,247,136,111,55.1,49.1,1.89,Y,-0.28,-0.013,0.94,4.5
CDLDOJI,bull,trend_down,3.0,247,136,111,55.1,49.3,1.82,Y,-0.14,-0.002,0.97,2.8
CDLRICKSHAWMAN,bull,rsi_mid_oversold,0.5,164,65,99,39.6,33.6,1.63,N,0.14,0.008,1.05,58.5
CDLRICKSHAWMAN,bull,rsi_mid_oversold,0.75,164,77,87,47.0,41.0,1.55,N,-0.05,-0.017,0.98,45.7
CDLRICKSHAWMAN,bull,rsi_mid_oversold,1.0,164,83,81,50.6,46.0,1.18,N,-0.27,-0.029,0.93,36.0
CDLRICKSHAWMAN,bull,rsi_mid_oversold,1.25,164,87,77,53.0,48.1,1.28,N,-0.26,-0.031,0.93,27.4
CDLRICKSHAWMAN,bull,rsi_mid_oversold,1.5,164,89,75,54.3,50.7,0.92,N,-0.28,-0.042,0.93,19.5
CDLRICKSHAWMAN,bull,rsi_mid_oversold,1.75,164,90,74,54.9,49.3,1.42,N,-0.3,-0.046,0.93,15.2
CDLRICKSHAWMAN,bull,rsi_mid_oversold,2.0,164,90,74,54.9,50.2,1.21,N,-0.41,-0.06,0.9,11.0
CDLRICKSHAWMAN,bull,rsi_mid_oversold,2.25,164,90,74,54.9,49.1,1.48,N,-0.5,-0.07,0.88,7.9
CDLRICKSHAWMAN,bull,rsi_mid_oversold,2.5,164,91,73,55.5,50.0,1.41,N,-0.19,-0.041,0.95,5.5
CDLRICKSHAWMAN,bull,rsi_mid_oversold,2.75,164,91,73,55.5,49.0,1.67,Y,-0.21,-0.048,0.95,4.9
CDLRICKSHAWMAN,bull,rsi_mid_oversold,3.0,164,91,73,55.5,48.2,1.88,Y,-0.19,-0.047,0.95,3.7
CDLLONGLEGGEDDOJI,bull,rsi_mid_oversold,0.5,229,87,142,38.0,32.9,1.63,N,0.35,0.047,1.12,59.8
CDLLONGLEGGEDDOJI,bull,rsi_mid_oversold,0.75,229,105,124,45.9,40.5,1.64,N,0.21,0.031,1.06,45.0
CDLLONGLEGGEDDOJI,bull,rsi_mid_oversold,1.0,229,113,116,49.3,45.6,1.14,N,-0.1,0.008,0.98,35.8
CDLLONGLEGGEDDOJI,bull,rsi_mid_oversold,1.25,229,119,110,52.0,48.5,1.06,N,-0.07,0.004,0.98,26.6
CDLLONGLEGGEDDOJI,bull,rsi_mid_oversold,1.5,229,121,108,52.8,48.4,1.33,N,-0.19,-0.016,0.95,19.2
CDLLONGLEGGEDDOJI,bull,rsi_mid_oversold,1.75,229,123,106,53.7,48.6,1.54,N,-0.23,-0.02,0.95,15.3
CDLLONGLEGGEDDOJI,bull,rsi_mid_oversold,2.0,229,123,106,53.7,50.1,1.09,N,-0.37,-0.036,0.92,11.8
CDLLONGLEGGEDDOJI,bull,rsi_mid_oversold,2.25,229,123,106,53.7,50.2,1.07,N,-0.5,-0.049,0.89,8.7
CDLLONGLEGGEDDOJI,bull,rsi_mid_oversold,2.5,229,125,104,54.6,48.7,1.8,Y,-0.2,-0.015,0.95,5.2
CDLLONGLEGGEDDOJI,bull,rsi_mid_oversold,2.75,229,125,104,54.6,50.0,1.38,N,-0.25,-0.024,0.94,4.8
CDLLONGLEGGEDDOJI,bull,rsi_mid_oversold,3.0,229,125,104,54.6,48.8,1.75,Y,-0.1,-0.012,0.98,3.1
CDLADVANCEBLOCK,bear,trend_up,0.5,28,11,17,39.3,27.7,1.37,N,1.85,0.262,1.69,57.1
CDLADVANCEBLOCK,bear,trend_up,0.75,28,12,16,42.9,35.7,0.79,N,1.08,0.174,1.31,46.4
CDLADVANCEBLOCK,bear,trend_up,1.0,28,14,14,50.0,42.0,0.86,N,1.27,0.199,1.37,28.6
CDLADVANCEBLOCK,bear,trend_up,1.25,28,16,12,57.1,50.3,0.72,N,1.43,0.227,1.43,21.4
CDLADVANCEBLOCK,bear,trend_up,1.5,28,16,12,57.1,41.4,1.69,Y,1.64,0.255,1.53,10.7
CDLADVANCEBLOCK,bear,trend_up,1.75,28,16,12,57.1,52.7,0.47,N,1.38,0.229,1.41,10.7
CDLADVANCEBLOCK,bear,trend_up,2.0,28,16,12,57.1,49.7,0.79,N,2.04,0.288,1.75,3.6
CDLADVANCEBLOCK,bear,trend_up,2.25,28,16,12,57.1,49.7,0.79,N,1.97,0.279,1.71,3.6
CDLADVANCEBLOCK,bear,trend_up,2.5,28,16,12,57.1,49.4,0.82,N,2.02,0.285,1.74,0.0
CDLADVANCEBLOCK,bear,trend_up,2.75,28,16,12,57.1,50.6,0.69,N,2.02,0.285,1.74,0.0
CDLADVANCEBLOCK,bear,trend_up,3.0,28,16,12,57.1,51.5,0.6,N,2.02,0.285,1.74,0.0
CDLTAKURI,bull,atr_low,0.5,38,16,22,42.1,36.8,0.67,N,0.78,0.122,1.33,55.3
CDLTAKURI,bull,atr_low,0.75,38,17,21,44.7,38.8,0.75,N,0.45,0.091,1.16,36.8
CDLTAKURI,bull,atr_low,1.0,38,19,19,50.0,44.3,0.71,N,0.74,0.161,1.24,28.9
CDLTAKURI,bull,atr_low,1.25,38,20,18,52.6,39.3,1.69,Y,0.8,0.157,1.26,18.4
CDLTAKURI,bull,atr_low,1.5,38,20,18,52.6,48.0,0.57,N,0.4,0.111,1.12,18.4
CDLTAKURI,bull,atr_low,1.75,38,21,17,55.3,43.9,1.42,N,0.62,0.133,1.18,13.2
CDLTAKURI,bull,atr_low,2.0,38,22,16,57.9,50.9,0.87,N,0.81,0.167,1.25,10.5
CDLTAKURI,bull,atr_low,2.25,38,22,16,57.9,49.1,1.08,N,0.58,0.14,1.16,10.5
CDLTAKURI,bull,atr_low,2.5,38,23,15,60.5,53.5,0.87,N,1.19,0.227,1.41,5.3
CDLTAKURI,bull,atr_low,2.75,38,23,15,60.5,49.6,1.35,N,1.05,0.214,1.35,5.3
CDLTAKURI,bull,atr_low,3.0,38,23,15,60.5,51.3,1.14,N,0.92,0.201,1.29,5.3
CDLDOJI,bull,rsi_mid_oversold,0.5,233,88,145,37.8,33.5,1.38,N,0.33,0.044,1.11,60.1
CDLDOJI,bull,rsi_mid_oversold,0.75,233,106,127,45.5,42.1,1.06,N,0.16,0.025,1.05,45.5
CDLDOJI,bull,rsi_mid_oversold,1.0,233,114,119,48.9,47.0,0.6,N,-0.17,-0.001,0.96,36.5
CDLDOJI,bull,rsi_mid_oversold,1.25,233,121,112,51.9,47.5,1.34,N,-0.1,0.001,0.97,27.0
CDLDOJI,bull,rsi_mid_oversold,1.5,233,123,110,52.8,47.9,1.5,N,-0.24,-0.02,0.94,19.7
CDLDOJI,bull,rsi_mid_oversold,1.75,233,125,108,53.6,50.1,1.09,N,-0.27,-0.024,0.94,15.5
CDLDOJI,bull,rsi_mid_oversold,2.0,233,125,108,53.6,50.1,1.07,N,-0.43,-0.041,0.9,12.0
CDLDOJI,bull,rsi_mid_oversold,2.25,233,125,108,53.6,49.2,1.37,N,-0.54,-0.053,0.88,8.6
CDLDOJI,bull,rsi_mid_oversold,2.5,233,127,106,54.5,49.3,1.59,N,-0.24,-0.02,0.94,5.2
CDLDOJI,bull,rsi_mid_oversold,2.75,233,127,106,54.5,50.3,1.28,N,-0.29,-0.028,0.93,4.7
CDLDOJI,bull,rsi_mid_oversold,3.0,233,127,106,54.5,49.0,1.68,Y,-0.14,-0.016,0.97,3.0
CDLENGULFING,bear,rsi_mid_overbought,0.5,67,27,40,40.3,37.1,0.55,N,0.24,0.038,1.1,52.2
CDLENGULFING,bear,rsi_mid_overbought,0.75,67,32,35,47.8,44.0,0.62,N,0.45,0.068,1.15,41.8
CDLENGULFING,bear,rsi_mid_overbought,1.0,67,34,33,50.7,47.0,0.61,N,0.22,0.038,1.07,32.8
CDLENGULFING,bear,rsi_mid_overbought,1.25,67,36,31,53.7,44.3,1.56,N,0.51,0.074,1.16,20.9
CDLENGULFING,bear,rsi_mid_overbought,1.5,67,38,29,56.7,50.4,1.04,N,0.89,0.127,1.3,13.4
CDLENGULFING,bear,rsi_mid_overbought,1.75,67,38,29,56.7,48.5,1.34,N,0.66,0.101,1.2,11.9
CDLENGULFING,bear,rsi_mid_overbought,2.0,67,38,29,56.7,51.2,0.9,N,0.39,0.072,1.11,11.9
CDLENGULFING,bear,rsi_mid_overbought,2.25,67,38,29,56.7,48.3,1.39,N,0.2,0.055,1.05,10.4
CDLENGULFING,bear,rsi_mid_overbought,2.5,67,38,29,56.7,48.0,1.43,N,-0.05,0.029,0.99,10.4
CDLENGULFING,bear,rsi_mid_overbought,2.75,67,39,28,58.2,51.5,1.1,N,0.22,0.061,1.06,4.5
CDLENGULFING,bear,rsi_mid_overbought,3.0,67,39,28,58.2,49.1,1.49,N,0.11,0.05,1.03,4.5
CDLDOJI,bull,none,0.5,448,164,284,36.6,33.5,1.4,N,0.05,0.007,1.02,58.7
CDLDOJI,bull,none,0.75,448,196,252,43.8,40.2,1.53,N,0.03,0.009,1.01,42.4
CDLDOJI,bull,none,1.0,448,211,237,47.1,45.5,0.69,N,-0.14,-0.004,0.96,32.1
CDLDOJI,bull,none,1.25,448,224,224,50.0,48.1,0.82,N,-0.01,0.008,1.0,21.9
CDLDOJI,bull,none,1.5,448,227,221,50.7,49.1,0.67,N,-0.14,-0.01,0.96,16.3
CDLDOJI,bull,none,1.75,448,232,216,51.8,49.5,0.98,N,-0.1,-0.006,0.97,12.1
CDLDOJI,bull,none,2.0,448,233,215,52.0,49.1,1.24,N,-0.19,-0.016,0.95,9.4
CDLDOJI,bull,none,2.25,448,233,215,52.0,49.6,1.02,N,-0.29,-0.026,0.93,6.9
CDLDOJI,bull,none,2.5,448,235,213,52.5,50.0,1.04,N,-0.12,-0.006,0.97,3.8
CDLDOJI,bull,none,2.75,448,235,213,52.5,50.7,0.73,N,-0.15,-0.011,0.96,3.3
CDLDOJI,bull,none,3.0,448,235,213,52.5,50.4,0.85,N,-0.04,-0.003,0.99,2.0
CDLHIGHWAVE,bear,trend_down,0.5,218,77,141,35.3,34.5,0.25,N,0.5,0.054,1.17,62.4
CDLHIGHWAVE,bear,trend_down,0.75,218,97,121,44.5,43.0,0.44,N,0.78,0.098,1.23,42.2
CDLHIGHWAVE,bear,trend_down,1.0,218,105,113,48.2,45.3,0.86,N,0.87,0.12,1.25,28.4
CDLHIGHWAVE,bear,trend_down,1.25,218,108,110,49.5,47.6,0.57,N,0.83,0.112,1.23,21.1
CDLHIGHWAVE,bear,trend_down,1.5,218,112,106,51.4,48.2,0.93,N,0.89,0.114,1.24,16.1
CDLHIGHWAVE,bear,trend_down,1.75,218,115,103,52.8,49.4,0.98,N,1.03,0.131,1.28,11.5
CDLHIGHWAVE,bear,trend_down,2.0,218,115,103,52.8,49.7,0.89,N,0.99,0.125,1.27,8.3
CDLHIGHWAVE,bear,trend_down,2.25,218,115,103,52.8,47.7,1.49,N,0.88,0.114,1.23,6.0
CDLHIGHWAVE,bear,trend_down,2.5,218,116,102,53.2,48.5,1.39,N,1.02,0.128,1.27,4.1
CDLHIGHWAVE,bear,trend_down,2.75,218,116,102,53.2,49.2,1.2,N,0.99,0.125,1.26,3.2
CDLHIGHWAVE,bear,trend_down,3.0,218,116,102,53.2,49.7,1.04,N,1.23,0.145,1.35,1.8
CDLBELTHOLD,bull,rsi_oversold,0.5,40,9,31,22.5,25.4,-0.42,N,-0.21,-0.013,0.94,77.5
CDLBELTHOLD,bull,rsi_oversold,0.75,40,14,26,35.0,33.8,0.17,N,-0.25,-0.006,0.94,57.5
CDLBELTHOLD,bull,rsi_oversold,1.0,40,17,23,42.5,37.7,0.63,N,0.46,0.031,1.1,42.5
CDLBELTHOLD,bull,rsi_oversold,1.25,40,21,19,52.5,41.2,1.45,N,1.38,0.183,1.32,27.5
CDLBELTHOLD,bull,rsi_oversold,1.5,40,23,17,57.5,46.2,1.43,N,2.15,0.251,1.55,17.5
CDLBELTHOLD,bull,rsi_oversold,1.75,40,23,17,57.5,50.4,0.9,N,1.71,0.207,1.39,17.5
CDLBELTHOLD,bull,rsi_oversold,2.0,40,23,17,57.5,52.1,0.69,N,1.59,0.207,1.35,12.5
CDLBELTHOLD,bull,rsi_oversold,2.25,40,23,17,57.5,51.0,0.82,N,1.54,0.211,1.34,10.0
CDLBELTHOLD,bull,rsi_oversold,2.5,40,23,17,57.5,49.0,1.08,N,2.13,0.262,1.54,0.0
CDLBELTHOLD,bull,rsi_oversold,2.75,40,23,17,57.5,48.8,1.11,N,2.13,0.262,1.54,0.0
CDLBELTHOLD,bull,rsi_oversold,3.0,40,23,17,57.5,50.4,0.9,N,2.13,0.262,1.54,0.0
CDLHIGHWAVE,bull,rsi_mid_oversold,0.5,99,37,62,37.4,32.0,1.15,N,-0.19,-0.007,0.93,62.6
CDLHIGHWAVE,bull,rsi_mid_oversold,0.75,99,45,54,45.5,41.0,0.9,N,-0.46,-0.033,0.87,47.5
CDLHIGHWAVE,bull,rsi_mid_oversold,1.0,99,49,50,49.5,43.9,1.13,N,-0.56,-0.031,0.86,36.4
CDLHIGHWAVE,bull,rsi_mid_oversold,1.25,99,52,47,52.5,46.9,1.12,N,-0.47,-0.027,0.88,27.3
CDLHIGHWAVE,bull,rsi_mid_oversold,1.5,99,54,45,54.5,51.9,0.52,N,-0.42,-0.028,0.9,19.2
CDLHIGHWAVE,bull,rsi_mid_oversold,1.75,99,55,44,55.6,49.2,1.26,N,-0.41,-0.023,0.9,13.1
CDLHIGHWAVE,bull,rsi_mid_oversold,2.0,99,55,44,55.6,50.9,0.92,N,-0.63,-0.045,0.86,12.1
CDLHIGHWAVE,bull,rsi_mid_oversold,2.25,99,55,44,55.6,50.5,1.01,N,-0.74,-0.054,0.84,7.1
CDLHIGHWAVE,bull,rsi_mid_oversold,2.5,99,56,43,56.6,52.3,0.86,N,-0.45,-0.022,0.9,5.1
CDLHIGHWAVE,bull,rsi_mid_oversold,2.75,99,56,43,56.6,49.6,1.39,N,-0.57,-0.035,0.87,5.1
CDLHIGHWAVE,bull,rsi_mid_oversold,3.0,99,56,43,56.6,51.6,0.99,N,0.01,0.012,1.0,2.0
CDLSHOOTINGSTAR,bear,rsi_mid_overbought,0.5,22,11,11,50.0,36.0,1.37,N,5.29,0.479,4.22,40.9
CDLSHOOTINGSTAR,bear,rsi_mid_overbought,0.75,22,12,10,54.5,45.5,0.86,N,4.96,0.436,3.44,31.8
CDLSHOOTINGSTAR,bear,rsi_mid_overbought,1.0,22,12,10,54.5,42.4,1.15,N,4.59,0.392,2.91,22.7
CDLSHOOTINGSTAR,bear,rsi_mid_overbought,1.25,22,13,9,59.1,50.8,0.78,N,5.39,0.562,3.22,9.1
CDLSHOOTINGSTAR,bear,rsi_mid_overbought,1.5,22,13,9,59.1,54.5,0.43,N,5.51,0.573,3.38,4.5
CDLSHOOTINGSTAR,bear,rsi_mid_overbought,1.75,22,13,9,59.1,49.2,0.92,N,5.44,0.562,3.28,4.5
CDLSHOOTINGSTAR,bear,rsi_mid_overbought,2.0,22,13,9,59.1,51.5,0.71,N,5.37,0.55,3.18,4.5
CDLSHOOTINGSTAR,bear,rsi_mid_overbought,2.25,22,13,9,59.1,51.9,0.68,N,5.3,0.539,3.1,4.5
CDLSHOOTINGSTAR,bear,rsi_mid_overbought,2.5,22,13,9,59.1,47.3,1.1,N,5.23,0.528,3.01,4.5
CDLSHOOTINGSTAR,bear,rsi_mid_overbought,2.75,22,13,9,59.1,48.1,1.03,N,5.16,0.516,2.93,4.5
CDLSHOOTINGSTAR,bear,rsi_mid_overbought,3.0,22,13,9,59.1,47.7,1.07,N,5.36,0.55,3.18,0.0
CDLHANGINGMAN,bear,atr_low,0.5,26,12,14,46.2,34.0,1.31,N,2.86,0.292,2.34,53.8
CDLHANGINGMAN,bear,atr_low,0.75,26,13,13,50.0,39.4,1.1,N,2.42,0.237,1.91,42.3
CDLHANGINGMAN,bear,atr_low,1.0,26,13,13,50.0,46.8,0.33,N,1.85,0.169,1.57,34.6
CDLHANGINGMAN,bear,atr_low,1.25,26,14,12,53.8,45.5,0.85,N,1.61,0.139,1.45,30.8
CDLHANGINGMAN,bear,atr_low,1.5,26,14,12,53.8,51.6,0.23,N,1.43,0.118,1.39,23.1
CDLHANGINGMAN,bear,atr_low,1.75,26,15,11,57.7,45.5,1.25,N,1.59,0.141,1.43,19.2
CDLHANGINGMAN,bear,atr_low,2.0,26,16,10,61.5,48.7,1.31,N,2.13,0.189,1.65,11.5
CDLHANGINGMAN,bear,atr_low,2.25,26,16,10,61.5,49.7,1.21,N,2.07,0.19,1.62,7.7
CDLHANGINGMAN,bear,atr_low,2.5,26,16,10,61.5,49.0,1.27,N,1.91,0.17,1.55,7.7
CDLHANGINGMAN,bear,atr_low,2.75,26,16,10,61.5,53.5,0.82,N,1.75,0.151,1.48,7.7
CDLHANGINGMAN,bear,atr_low,3.0,26,16,10,61.5,51.3,1.05,N,1.59,0.132,1.42,7.7
CDLLONGLEGGEDDOJI,bull,none,0.5,443,162,281,36.6,33.8,1.21,N,0.03,0.006,1.01,58.7
CDLLONGLEGGEDDOJI,bull,none,0.75,443,194,249,43.8,41.1,1.16,N,0.02,0.009,1.01,42.2
CDLLONGLEGGEDDOJI,bull,none,1.0,443,209,234,47.2,45.0,0.93,N,-0.13,-0.002,0.96,31.8
CDLLONGLEGGEDDOJI,bull,none,1.25,443,221,222,49.9,49.2,0.3,N,-0.02,0.007,0.99,21.7
CDLLONGLEGGEDDOJI,bull,none,1.5,443,224,219,50.6,48.0,1.08,N,-0.15,-0.01,0.96,16.0
CDLLONGLEGGEDDOJI,bull,none,1.75,443,229,214,51.7,48.8,1.2,N,-0.11,-0.007,0.97,12.0
CDLLONGLEGGEDDOJI,bull,none,2.0,443,230,213,51.9,49.6,0.97,N,-0.19,-0.016,0.95,9.3
CDLLONGLEGGEDDOJI,bull,none,2.25,443,230,213,51.9,49.8,0.88,N,-0.29,-0.027,0.93,7.0
CDLLONGLEGGEDDOJI,bull,none,2.5,443,232,211,52.4,51.0,0.59,N,-0.12,-0.007,0.97,3.8
CDLLONGLEGGEDDOJI,bull,none,2.75,443,232,211,52.4,49.5,1.2,N,-0.16,-0.012,0.96,3.4
CDLLONGLEGGEDDOJI,bull,none,3.0,443,232,211,52.4,50.7,0.71,N,-0.05,-0.003,0.99,2.0
CDLSHORTLINE,bear,rsi_mid_overbought,0.5,110,45,65,40.9,35.5,1.18,N,1.0,0.092,1.42,49.1
CDLSHORTLINE,bear,rsi_mid_overbought,0.75,110,51,59,46.4,42.0,0.93,N,1.1,0.102,1.42,34.5
CDLSHORTLINE,bear,rsi_mid_overbought,1.0,110,54,56,49.1,47.7,0.29,N,1.31,0.123,1.48,22.7
CDLSHORTLINE,bear,rsi_mid_overbought,1.25,110,55,55,50.0,47.4,0.54,N,1.39,0.125,1.51,17.3
CDLSHORTLINE,bear,rsi_mid_overbought,1.5,110,56,54,50.9,47.0,0.81,N,1.43,0.127,1.53,12.7
CDLSHORTLINE,bear,rsi_mid_overbought,1.75,110,57,53,51.8,50.2,0.33,N,1.5,0.137,1.57,7.3
CDLSHORTLINE,bear,rsi_mid_overbought,2.0,110,57,53,51.8,48.4,0.72,N,1.6,0.151,1.64,3.6
CDLSHORTLINE,bear,rsi_mid_overbought,2.25,110,57,53,51.8,51.8,0.0,N,1.61,0.151,1.64,2.7
CDLSHORTLINE,bear,rsi_mid_overbought,2.5,110,57,53,51.8,50.5,0.27,N,1.6,0.15,1.64,1.8
CDLSHORTLINE,bear,rsi_mid_overbought,2.75,110,57,53,51.8,52.3,-0.11,N,1.56,0.146,1.61,1.8
CDLSHORTLINE,bear,rsi_mid_overbought,3.0,110,57,53,51.8,51.4,0.08,N,1.52,0.141,1.59,1.8
CDLHANGINGMAN,bear,none,0.5,38,14,24,36.8,28.5,1.14,N,0.69,0.098,1.23,63.2
CDLHANGINGMAN,bear,none,0.75,38,15,23,39.5,39.5,-0.0,N,-0.33,0.001,0.92,52.6
CDLHANGINGMAN,bear,none,1.0,38,15,23,39.5,38.8,0.08,N,-0.96,-0.07,0.8,42.1
CDLHANGINGMAN,bear,none,1.25,38,16,22,42.1,51.1,-1.11,N,-1.67,-0.137,0.7,39.5
CDLHANGINGMAN,bear,none,1.5,38,16,22,42.1,47.8,-0.7,N,-1.67,-0.128,0.7,26.3
CDLHANGINGMAN,bear,none,1.75,38,18,20,47.4,46.3,0.14,N,-1.11,-0.07,0.79,21.1
CDLHANGINGMAN,bear,none,2.0,38,19,19,50.0,53.7,-0.46,N,-0.59,-0.025,0.88,10.5
CDLHANGINGMAN,bear,none,2.25,38,19,19,50.0,48.0,0.24,N,-0.65,-0.026,0.87,5.3
CDLHANGINGMAN,bear,none,2.5,38,19,19,50.0,52.2,-0.27,N,-0.76,-0.039,0.85,5.3
CDLHANGINGMAN,bear,none,2.75,38,19,19,50.0,52.2,-0.27,N,-0.87,-0.052,0.83,5.3
CDLHANGINGMAN,bear,none,3.0,38,19,19,50.0,49.6,0.05,N,-0.97,-0.065,0.81,5.3
CDLRICKSHAWMAN,bull,none,0.5,317,113,204,35.6,32.7,1.13,N,-0.35,-0.05,0.88,59.6
CDLRICKSHAWMAN,bull,none,0.75,317,134,183,42.3,40.9,0.5,N,-0.36,-0.049,0.89,43.8
CDLRICKSHAWMAN,bull,none,1.0,317,145,172,45.7,45.4,0.12,N,-0.46,-0.055,0.88,32.5
CDLRICKSHAWMAN,bull,none,1.25,317,154,163,48.6,47.5,0.38,N,-0.27,-0.036,0.93,22.1
CDLRICKSHAWMAN,bull,none,1.5,317,156,161,49.2,48.0,0.44,N,-0.35,-0.05,0.91,16.1
CDLRICKSHAWMAN,bull,none,1.75,317,158,159,49.8,48.1,0.64,N,-0.37,-0.053,0.9,12.0
CDLRICKSHAWMAN,bull,none,2.0,317,158,159,49.8,49.5,0.13,N,-0.5,-0.068,0.87,9.1
CDLRICKSHAWMAN,bull,none,2.25,317,158,159,49.8,49.6,0.09,N,-0.58,-0.077,0.86,6.9
CDLRICKSHAWMAN,bull,none,2.5,317,159,158,50.2,48.2,0.68,N,-0.42,-0.06,0.89,4.4
CDLRICKSHAWMAN,bull,none,2.75,317,159,158,50.2,49.2,0.36,N,-0.45,-0.065,0.89,3.8
CDLRICKSHAWMAN,bull,none,3.0,317,159,158,50.2,51.6,-0.5,N,-0.39,-0.061,0.9,2.5
CDLRICKSHAWMAN,bull,atr_high,0.5,91,39,52,42.9,37.2,1.12,N,0.51,0.045,1.16,51.6
CDLRICKSHAWMAN,bull,atr_high,0.75,91,43,48,47.3,46.1,0.23,N,0.3,0.034,1.08,40.7
CDLRICKSHAWMAN,bull,atr_high,1.0,91,44,47,48.4,48.0,0.07,N,0.07,0.012,1.02,27.5
CDLRICKSHAWMAN,bull,atr_high,1.25,91,46,45,50.5,49.4,0.23,N,0.18,0.018,1.04,19.8
CDLRICKSHAWMAN,bull,atr_high,1.5,91,47,44,51.6,48.7,0.56,N,0.11,0.008,1.02,14.3
CDLRICKSHAWMAN,bull,atr_high,1.75,91,47,44,51.6,49.3,0.45,N,0.18,0.015,1.04,8.8
CDLRICKSHAWMAN,bull,atr_high,2.0,91,47,44,51.6,52.8,-0.23,N,0.03,0.001,1.01,6.6
CDLRICKSHAWMAN,bull,atr_high,2.25,91,47,44,51.6,48.0,0.7,N,-0.05,-0.005,0.99,4.4
CDLRICKSHAWMAN,bull,atr_high,2.5,91,47,44,51.6,50.4,0.24,N,0.18,0.014,1.04,2.2
CDLRICKSHAWMAN,bull,atr_high,2.75,91,47,44,51.6,50.9,0.14,N,0.28,0.021,1.07,1.1
CDLRICKSHAWMAN,bull,atr_high,3.0,91,47,44,51.6,49.5,0.4,N,0.25,0.019,1.06,1.1
CDLBELTHOLD,bear,rsi_mid_overbought,0.5,63,23,40,36.5,33.6,0.49,N,1.01,0.067,1.39,60.3
CDLBELTHOLD,bear,rsi_mid_overbought,0.75,63,32,31,50.8,44.0,1.08,N,1.48,0.128,1.54,38.1
CDLBELTHOLD,bear,rsi_mid_overbought,1.0,63,33,30,52.4,48.0,0.69,N,1.36,0.109,1.47,28.6
CDLBELTHOLD,bear,rsi_mid_overbought,1.25,63,33,30,52.4,47.9,0.71,N,1.34,0.105,1.46,19.0
CDLBELTHOLD,bear,rsi_mid_overbought,1.5,63,34,29,54.0,49.3,0.73,N,1.7,0.122,1.58,14.3
CDLBELTHOLD,bear,rsi_mid_overbought,1.75,63,34,29,54.0,54.0,0.0,N,1.53,0.101,1.5,12.7
CDLBELTHOLD,bear,rsi_mid_overbought,2.0,63,34,29,54.0,50.9,0.48,N,1.66,0.124,1.56,6.3
CDLBELTHOLD,bear,rsi_mid_overbought,2.25,63,34,29,54.0,52.8,0.19,N,1.76,0.14,1.62,3.2
CDLBELTHOLD,bear,rsi_mid_overbought,2.5,63,34,29,54.0,50.8,0.5,N,1.69,0.132,1.58,3.2
CDLBELTHOLD,bear,rsi_mid_overbought,2.75,63,34,29,54.0,47.0,1.11,N,1.62,0.125,1.54,1.6
CDLBELTHOLD,bear,rsi_mid_overbought,3.0,63,34,29,54.0,49.1,0.78,N,1.58,0.121,1.52,1.6
CDLDOJI,bull,rsi_oversold,0.5,22,7,15,31.8,27.3,0.48,N,-0.25,0.006,0.93,68.2
CDLDOJI,bull,rsi_oversold,0.75,22,11,11,50.0,38.6,1.09,N,0.64,0.146,1.16,50.0
CDLDOJI,bull,rsi_oversold,1.0,22,12,10,54.5,50.8,0.36,N,0.05,0.125,1.01,36.4
CDLDOJI,bull,rsi_oversold,1.25,22,12,10,54.5,46.2,0.78,N,0.0,0.138,1.0,22.7
CDLDOJI,bull,rsi_oversold,1.5,22,12,10,54.5,47.7,0.64,N,-0.76,0.081,0.86,22.7
CDLDOJI,bull,rsi_oversold,1.75,22,13,9,59.1,50.8,0.78,N,0.35,0.156,1.08,9.1
CDLDOJI,bull,rsi_oversold,2.0,22,13,9,59.1,49.2,0.92,N,0.6,0.171,1.14,4.5
CDLDOJI,bull,rsi_oversold,2.25,22,13,9,59.1,50.0,0.85,N,0.49,0.159,1.11,4.5
CDLDOJI,bull,rsi_oversold,2.5,22,13,9,59.1,48.5,1.0,N,0.38,0.148,1.08,4.5
CDLDOJI,bull,rsi_oversold,2.75,22,13,9,59.1,49.2,0.92,N,0.62,0.172,1.14,0.0
CDLDOJI,bull,rsi_oversold,3.0,22,13,9,59.1,50.4,0.82,N,0.62,0.172,1.14,0.0
CDLHIGHWAVE,bear,none,0.5,383,125,258,32.6,33.3,-0.28,N,-0.25,-0.028,0.92,64.5
CDLHIGHWAVE,bear,none,0.75,383,156,227,40.7,39.6,0.44,N,0.0,0.006,1.0,44.1
CDLHIGHWAVE,bear,none,1.0,383,174,209,45.4,42.7,1.08,N,0.32,0.053,1.09,29.5
CDLHIGHWAVE,bear,none,1.25,383,182,201,47.5,47.4,0.06,N,0.45,0.068,1.13,20.4
CDLHIGHWAVE,bear,none,1.5,383,187,196,48.8,48.5,0.12,N,0.47,0.068,1.13,14.6
CDLHIGHWAVE,bear,none,1.75,383,190,193,49.6,49.3,0.11,N,0.54,0.076,1.15,10.2
CDLHIGHWAVE,bear,none,2.0,383,190,193,49.6,48.7,0.35,N,0.44,0.064,1.12,8.1
CDLHIGHWAVE,bear,none,2.25,383,190,193,49.6,50.4,-0.32,N,0.31,0.05,1.08,6.3
CDLHIGHWAVE,bear,none,2.5,383,191,192,49.9,49.6,0.12,N,0.38,0.058,1.1,4.2
CDLHIGHWAVE,bear,none,2.75,383,191,192,49.9,48.7,0.48,N,0.32,0.052,1.08,3.7
CDLHIGHWAVE,bear,none,3.0,383,191,192,49.9,50.6,-0.28,N,0.41,0.058,1.11,2.6
CDLSPINNINGTOP,bull,rsi_mid_oversold,0.5,158,58,100,36.7,32.9,1.02,N,-0.19,-0.004,0.93,60.8
CDLSPINNINGTOP,bull,rsi_mid_oversold,0.75,158,67,91,42.4,40.1,0.58,N,-0.52,-0.039,0.85,46.2
CDLSPINNINGTOP,bull,rsi_mid_oversold,1.0,158,75,83,47.5,44.1,0.85,N,-0.43,-0.024,0.88,34.8
CDLSPINNINGTOP,bull,rsi_mid_oversold,1.25,158,79,79,50.0,46.6,0.85,N,-0.4,-0.026,0.9,26.6
CDLSPINNINGTOP,bull,rsi_mid_oversold,1.5,158,81,77,51.3,48.4,0.72,N,-0.4,-0.032,0.9,18.4
CDLSPINNINGTOP,bull,rsi_mid_oversold,1.75,158,83,75,52.5,48.8,0.93,N,-0.31,-0.015,0.92,12.0
CDLSPINNINGTOP,bull,rsi_mid_oversold,2.0,158,83,75,52.5,48.3,1.07,N,-0.48,-0.034,0.88,10.1
CDLSPINNINGTOP,bull,rsi_mid_oversold,2.25,158,83,75,52.5,49.6,0.74,N,-0.6,-0.046,0.86,7.0
CDLSPINNINGTOP,bull,rsi_mid_oversold,2.5,158,84,74,53.2,50.7,0.62,N,-0.45,-0.031,0.89,5.1
CDLSPINNINGTOP,bull,rsi_mid_oversold,2.75,158,84,74,53.2,51.5,0.41,N,-0.56,-0.044,0.87,5.1
CDLSPINNINGTOP,bull,rsi_mid_oversold,3.0,158,84,74,53.2,49.6,0.89,N,-0.14,-0.006,0.96,1.3
CDLLONGLINE,bull,rsi_overbought,0.5,32,11,21,34.4,35.2,-0.09,N,0.83,0.039,1.28,59.4
CDLLONGLINE,bull,rsi_overbought,0.75,32,14,18,43.8,40.6,0.36,N,0.79,0.043,1.22,43.8
CDLLONGLINE,bull,rsi_overbought,1.0,32,16,16,50.0,43.5,0.74,N,0.98,0.066,1.27,25.0
CDLLONGLINE,bull,rsi_overbought,1.25,32,16,16,50.0,49.0,0.12,N,0.74,0.04,1.19,18.8
CDLLONGLINE,bull,rsi_overbought,1.5,32,18,14,56.2,49.5,0.77,N,1.37,0.123,1.39,12.5
CDLLONGLINE,bull,rsi_overbought,1.75,32,18,14,56.2,58.6,-0.27,N,1.35,0.123,1.38,9.4
CDLLONGLINE,bull,rsi_overbought,2.0,32,18,14,56.2,48.2,0.91,N,1.16,0.105,1.31,6.2
CDLLONGLINE,bull,rsi_overbought,2.25,32,18,14,56.2,48.2,0.91,N,1.0,0.089,1.26,6.2
CDLLONGLINE,bull,rsi_overbought,2.5,32,18,14,56.2,51.6,0.53,N,1.12,0.099,1.3,3.1
CDLLONGLINE,bull,rsi_overbought,2.75,32,18,14,56.2,46.9,1.06,N,1.05,0.091,1.27,3.1
CDLLONGLINE,bull,rsi_overbought,3.0,32,18,14,56.2,49.0,0.83,N,0.97,0.084,1.25,3.1
CDLXSIDEGAP3METHODS,bear,trend_down,0.5,22,10,12,45.5,37.5,0.77,N,0.46,0.12,1.18,50.0
CDLXSIDEGAP3METHODS,bear,trend_down,0.75,22,11,11,50.0,39.4,1.02,N,0.31,0.094,1.11,36.4
CDLXSIDEGAP3METHODS,bear,trend_down,1.0,22,12,10,54.5,47.7,0.64,N,1.08,0.177,1.41,22.7
CDLXSIDEGAP3METHODS,bear,trend_down,1.25,22,12,10,54.5,52.7,0.18,N,0.58,0.121,1.19,22.7
CDLXSIDEGAP3METHODS,bear,trend_down,1.5,22,12,10,54.5,56.4,-0.18,N,0.08,0.064,1.02,22.7
CDLXSIDEGAP3METHODS,bear,trend_down,1.75,22,12,10,54.5,45.1,0.89,N,-0.15,0.039,0.96,18.2
CDLXSIDEGAP3METHODS,bear,trend_down,2.0,22,12,10,54.5,50.4,0.39,N,-0.28,0.036,0.93,13.6
CDLXSIDEGAP3METHODS,bear,trend_down,2.25,22,12,10,54.5,52.7,0.18,N,0.18,0.067,1.05,9.1
CDLXSIDEGAP3METHODS,bear,trend_down,2.5,22,12,10,54.5,49.2,0.5,N,0.13,0.058,1.04,4.5
CDLXSIDEGAP3METHODS,bear,trend_down,2.75,22,12,10,54.5,48.9,0.53,N,0.1,0.053,1.03,0.0
CDLXSIDEGAP3METHODS,bear,trend_down,3.0,22,12,10,54.5,43.6,1.04,N,0.1,0.053,1.03,0.0
CDLADVANCEBLOCK,bear,none,0.5,33,13,20,39.4,34.1,0.64,N,2.02,0.251,1.75,57.6
CDLADVANCEBLOCK,bear,none,0.75,33,14,19,42.4,36.9,0.66,N,1.15,0.154,1.32,48.5
CDLADVANCEBLOCK,bear,none,1.0,33,16,17,48.5,45.2,0.38,N,1.26,0.168,1.35,27.3
CDLADVANCEBLOCK,bear,none,1.25,33,18,15,54.5,51.3,0.38,N,1.39,0.191,1.4,18.2
CDLADVANCEBLOCK,bear,none,1.5,33,18,15,54.5,46.5,0.93,N,1.57,0.215,1.47,9.1
CDLADVANCEBLOCK,bear,none,1.75,33,18,15,54.5,49.2,0.61,N,1.35,0.192,1.38,9.1
CDLADVANCEBLOCK,bear,none,2.0,33,18,15,54.5,50.0,0.52,N,1.91,0.243,1.63,3.0
CDLADVANCEBLOCK,bear,none,2.25,33,18,15,54.5,54.0,0.06,N,1.85,0.235,1.6,3.0
CDLADVANCEBLOCK,bear,none,2.5,33,18,15,54.5,46.0,0.99,N,1.89,0.24,1.62,0.0
CDLADVANCEBLOCK,bear,none,2.75,33,18,15,54.5,45.7,1.02,N,1.89,0.24,1.62,0.0
CDLADVANCEBLOCK,bear,none,3.0,33,18,15,54.5,49.5,0.58,N,1.89,0.24,1.62,0.0
CDLDRAGONFLYDOJI,bull,trend_up,0.5,25,10,15,40.0,39.0,0.1,N,-0.56,-0.097,0.78,56.0
CDLDRAGONFLYDOJI,bull,trend_up,0.75,25,11,14,44.0,42.7,0.13,N,-0.5,-0.11,0.82,36.0
CDLDRAGONFLYDOJI,bull,trend_up,1.0,25,12,13,48.0,48.3,-0.03,N,0.08,-0.032,1.03,20.0
CDLDRAGONFLYDOJI,bull,trend_up,1.25,25,13,12,52.0,43.3,0.87,N,0.39,-0.005,1.15,8.0
CDLDRAGONFLYDOJI,bull,trend_up,1.5,25,13,12,52.0,44.3,0.77,N,0.24,-0.025,1.08,8.0
CDLDRAGONFLYDOJI,bull,trend_up,1.75,25,13,12,52.0,49.0,0.3,N,0.25,-0.025,1.09,4.0
CDLDRAGONFLYDOJI,bull,trend_up,2.0,25,14,11,56.0,50.7,0.53,N,0.89,0.066,1.39,0.0
CDLDRAGONFLYDOJI,bull,trend_up,2.25,25,14,11,56.0,50.7,0.53,N,0.89,0.066,1.39,0.0
CDLDRAGONFLYDOJI,bull,trend_up,2.5,25,14,11,56.0,52.7,0.33,N,0.89,0.066,1.39,0.0
CDLDRAGONFLYDOJI,bull,trend_up,2.75,25,14,11,56.0,47.0,0.9,N,0.89,0.066,1.39,0.0
CDLDRAGONFLYDOJI,bull,trend_up,3.0,25,14,11,56.0,46.0,1.0,N,0.89,0.066,1.39,0.0
CDLXSIDEGAP3METHODS,bull,atr_low,0.5,22,9,13,40.9,39.4,0.15,N,0.39,0.091,1.18,50.0
CDLXSIDEGAP3METHODS,bull,atr_low,0.75,22,9,13,40.9,39.8,0.11,N,-0.61,-0.034,0.81,50.0
CDLXSIDEGAP3METHODS,bull,atr_low,1.0,22,11,11,50.0,40.5,0.9,N,-0.04,0.033,0.99,36.4
CDLXSIDEGAP3METHODS,bull,atr_low,1.25,22,11,11,50.0,50.4,-0.04,N,-0.69,-0.043,0.82,31.8
CDLXSIDEGAP3METHODS,bull,atr_low,1.5,22,11,11,50.0,48.5,0.14,N,-0.68,-0.061,0.82,27.3
CDLXSIDEGAP3METHODS,bull,atr_low,1.75,22,11,11,50.0,54.2,-0.39,N,-0.69,-0.062,0.82,18.2
CDLXSIDEGAP3METHODS,bull,atr_low,2.0,22,11,11,50.0,48.5,0.14,N,-0.78,-0.065,0.8,13.6
CDLXSIDEGAP3METHODS,bull,atr_low,2.25,22,11,11,50.0,50.4,-0.04,N,-0.76,-0.063,0.8,9.1
CDLXSIDEGAP3METHODS,bull,atr_low,2.5,22,11,11,50.0,52.7,-0.25,N,-0.81,-0.072,0.79,4.5
CDLXSIDEGAP3METHODS,bull,atr_low,2.75,22,11,11,50.0,51.5,-0.14,N,-0.84,-0.077,0.79,0.0
CDLXSIDEGAP3METHODS,bull,atr_low,3.0,22,11,11,50.0,50.0,0.0,N,-0.84,-0.077,0.79,0.0
CDLDOJI,bull,trend_up,0.5,201,71,130,35.3,32.4,0.88,N,-0.19,-0.036,0.93,56.7
CDLDOJI,bull,trend_up,0.75,201,82,119,40.8,39.9,0.26,N,-0.12,-0.024,0.96,38.3
CDLDOJI,bull,trend_up,1.0,201,89,112,44.3,45.3,-0.3,N,-0.02,-0.018,0.99,27.4
CDLDOJI,bull,trend_up,1.25,201,95,106,47.3,48.3,-0.31,N,0.16,0.001,1.05,16.9
CDLDOJI,bull,trend_up,1.5,201,96,105,47.8,49.2,-0.41,N,0.12,-0.005,1.04,10.9
CDLDOJI,bull,trend_up,1.75,201,98,103,48.8,51.5,-0.78,N,0.13,-0.001,1.04,8.0
CDLDOJI,bull,trend_up,2.0,201,99,102,49.3,49.0,0.08,N,0.09,-0.004,1.03,6.5
CDLDOJI,bull,trend_up,2.25,201,99,102,49.3,50.3,-0.31,N,0.01,-0.012,1.0,5.0
CDLDOJI,bull,trend_up,2.5,201,99,102,49.3,48.4,0.25,N,0.06,-0.005,1.02,2.0
CDLDOJI,bull,trend_up,2.75,201,99,102,49.3,49.4,-0.04,N,0.01,-0.01,1.0,2.0
CDLDOJI,bull,trend_up,3.0,201,99,102,49.3,49.6,-0.09,N,0.08,-0.005,1.02,1.0
CDLHIKKAKE,bear,rsi_mid_overbought,0.5,89,28,61,31.5,27.5,0.83,N,-0.08,-0.011,0.97,61.8
CDLHIKKAKE,bear,rsi_mid_overbought,0.75,89,33,56,37.1,37.2,-0.02,N,-0.59,-0.053,0.84,48.3
CDLHIKKAKE,bear,rsi_mid_overbought,1.0,89,40,49,44.9,48.2,-0.62,N,-0.21,0.0,0.94,29.2
CDLHIKKAKE,bear,rsi_mid_overbought,1.25,89,42,47,47.2,50.2,-0.57,N,0.21,0.033,1.06,18.0
CDLHIKKAKE,bear,rsi_mid_overbought,1.5,89,43,46,48.3,46.2,0.41,N,0.11,0.018,1.03,15.7
CDLHIKKAKE,bear,rsi_mid_overbought,1.75,89,43,46,48.3,50.0,-0.32,N,-0.03,0.001,0.99,12.4
CDLHIKKAKE,bear,rsi_mid_overbought,2.0,89,43,46,48.3,52.8,-0.85,N,-0.04,0.002,0.99,10.1
CDLHIKKAKE,bear,rsi_mid_overbought,2.25,89,43,46,48.3,48.6,-0.05,N,-0.21,-0.013,0.95,9.0
CDLHIKKAKE,bear,rsi_mid_overbought,2.5,89,43,46,48.3,53.4,-0.96,N,-0.2,-0.011,0.95,6.7
CDLHIKKAKE,bear,rsi_mid_overbought,2.75,89,43,46,48.3,52.2,-0.73,N,-0.26,-0.018,0.94,4.5
CDLHIKKAKE,bear,rsi_mid_overbought,3.0,89,43,46,48.3,51.1,-0.53,N,-0.3,-0.023,0.93,3.4
CDLHANGINGMAN,bear,trend_up,0.5,26,9,17,34.6,33.7,0.1,N,0.7,0.075,1.21,65.4
CDLHANGINGMAN,bear,trend_up,0.75,26,10,16,38.5,44.6,-0.62,N,-0.17,0.001,0.96,50.0
CDLHANGINGMAN,bear,trend_up,1.0,26,10,16,38.5,39.7,-0.13,N,-0.95,-0.072,0.81,42.3
CDLHANGINGMAN,bear,trend_up,1.25,26,11,15,42.3,45.2,-0.3,N,-1.56,-0.121,0.72,38.5
CDLHANGINGMAN,bear,trend_up,1.5,26,11,15,42.3,39.1,0.33,N,-1.7,-0.123,0.71,26.9
CDLHANGINGMAN,bear,trend_up,1.75,26,13,13,50.0,46.5,0.36,N,-0.65,-0.009,0.87,19.2
CDLHANGINGMAN,bear,trend_up,2.0,26,14,12,53.8,51.6,0.23,N,-0.07,0.052,0.99,7.7
CDLHANGINGMAN,bear,trend_up,2.25,26,14,12,53.8,52.9,0.1,N,-0.17,0.041,0.96,3.8
CDLHANGINGMAN,bear,trend_up,2.5,26,14,12,53.8,48.1,0.59,N,-0.26,0.031,0.95,3.8
CDLHANGINGMAN,bear,trend_up,2.75,26,14,12,53.8,46.5,0.75,N,-0.35,0.022,0.93,3.8
CDLHANGINGMAN,bear,trend_up,3.0,26,14,12,53.8,45.8,0.82,N,-0.44,0.012,0.91,3.8
CDLSHORTLINE,bear,trend_down,0.5,310,117,193,37.7,36.0,0.63,N,0.77,0.091,1.28,54.5
CDLSHORTLINE,bear,trend_down,0.75,310,137,173,44.2,41.9,0.82,N,0.61,0.076,1.19,40.0
CDLSHORTLINE,bear,trend_down,1.0,310,151,159,48.7,47.5,0.44,N,0.75,0.106,1.22,28.1
CDLSHORTLINE,bear,trend_down,1.25,310,156,154,50.3,48.0,0.81,N,0.85,0.113,1.26,17.1
CDLSHORTLINE,bear,trend_down,1.5,310,156,154,50.3,48.9,0.51,N,0.87,0.115,1.26,10.0
CDLSHORTLINE,bear,trend_down,1.75,310,156,154,50.3,49.4,0.32,N,0.74,0.101,1.21,7.4
CDLSHORTLINE,bear,trend_down,2.0,310,156,154,50.3,50.1,0.09,N,0.67,0.093,1.19,5.5
CDLSHORTLINE,bear,trend_down,2.25,310,156,154,50.3,48.7,0.57,N,0.62,0.086,1.17,4.2
CDLSHORTLINE,bear,trend_down,2.5,310,156,154,50.3,48.4,0.66,N,0.6,0.085,1.17,3.2
CDLSHORTLINE,bear,trend_down,2.75,310,156,154,50.3,49.5,0.27,N,0.6,0.084,1.17,2.3
CDLSHORTLINE,bear,trend_down,3.0,310,156,154,50.3,50.1,0.09,N,0.55,0.078,1.15,2.3
CDLGRAVESTONEDOJI,bear,trend_down,0.5,35,13,22,37.1,31.0,0.79,N,1.32,0.095,1.53,51.4
CDLGRAVESTONEDOJI,bear,trend_down,0.75,35,15,20,42.9,41.7,0.14,N,0.96,0.05,1.32,37.1
CDLGRAVESTONEDOJI,bear,trend_down,1.0,35,17,18,48.6,42.9,0.68,N,1.57,0.117,1.54,20.0
CDLGRAVESTONEDOJI,bear,trend_down,1.25,35,17,18,48.6,49.8,-0.14,N,1.5,0.106,1.5,14.3
CDLGRAVESTONEDOJI,bear,trend_down,1.5,35,17,18,48.6,46.0,0.31,N,1.41,0.091,1.46,8.6
CDLGRAVESTONEDOJI,bear,trend_down,1.75,35,17,18,48.6,50.5,-0.23,N,1.26,0.07,1.39,8.6
CDLGRAVESTONEDOJI,bear,trend_down,2.0,35,17,18,48.6,50.0,-0.17,N,1.1,0.048,1.32,8.6
CDLGRAVESTONEDOJI,bear,trend_down,2.25,35,17,18,48.6,51.2,-0.31,N,0.99,0.034,1.28,5.7
CDLGRAVESTONEDOJI,bear,trend_down,2.5,35,17,18,48.6,54.3,-0.68,N,1.24,0.064,1.38,2.9
CDLGRAVESTONEDOJI,bear,trend_down,2.75,35,17,18,48.6,47.1,0.17,N,1.36,0.08,1.43,0.0
CDLGRAVESTONEDOJI,bear,trend_down,3.0,35,17,18,48.6,48.1,0.06,N,1.36,0.08,1.43,0.0
CDLLONGLEGGEDDOJI,bull,rsi_oversold,0.5,21,6,15,28.6,25.8,0.29,N,-0.91,-0.051,0.75,71.4
CDLLONGLEGGEDDOJI,bull,rsi_oversold,0.75,21,10,11,47.6,39.3,0.78,N,0.03,0.095,1.01,52.4
CDLLONGLEGGEDDOJI,bull,rsi_oversold,1.0,21,11,10,52.4,49.2,0.29,N,-0.59,0.073,0.88,38.1
CDLLONGLEGGEDDOJI,bull,rsi_oversold,1.25,21,11,10,52.4,50.8,0.15,N,-0.64,0.087,0.87,23.8
CDLLONGLEGGEDDOJI,bull,rsi_oversold,1.5,21,11,10,52.4,47.6,0.44,N,-1.43,0.028,0.75,23.8
CDLLONGLEGGEDDOJI,bull,rsi_oversold,1.75,21,12,9,57.1,51.2,0.55,N,-0.28,0.106,0.94,9.5
CDLLONGLEGGEDDOJI,bull,rsi_oversold,2.0,21,12,9,57.1,53.2,0.36,N,-0.01,0.122,1.0,4.8
CDLLONGLEGGEDDOJI,bull,rsi_oversold,2.25,21,12,9,57.1,51.2,0.55,N,-0.13,0.11,0.97,4.8
CDLLONGLEGGEDDOJI,bull,rsi_oversold,2.5,21,12,9,57.1,49.6,0.69,N,-0.25,0.098,0.95,4.8
CDLLONGLEGGEDDOJI,bull,rsi_oversold,2.75,21,12,9,57.1,50.8,0.58,N,0.0,0.123,1.0,0.0
CDLLONGLEGGEDDOJI,bull,rsi_oversold,3.0,21,12,9,57.1,49.6,0.69,N,0.0,0.123,1.0,0.0
CDLRICKSHAWMAN,bull,atr_low,0.5,221,74,147,33.5,31.9,0.52,N,-0.61,-0.079,0.77,62.0
CDLRICKSHAWMAN,bull,atr_low,0.75,221,91,130,41.2,39.0,0.66,N,-0.5,-0.067,0.84,44.3
CDLRICKSHAWMAN,bull,atr_low,1.0,221,100,121,45.2,45.0,0.08,N,-0.63,-0.078,0.82,34.4
CDLRICKSHAWMAN,bull,atr_low,1.25,221,107,114,48.4,48.8,-0.12,N,-0.38,-0.052,0.88,22.6
CDLRICKSHAWMAN,bull,atr_low,1.5,221,108,113,48.9,49.8,-0.28,N,-0.45,-0.065,0.87,16.3
CDLRICKSHAWMAN,bull,atr_low,1.75,221,110,111,49.8,47.7,0.61,N,-0.52,-0.073,0.85,13.1
CDLRICKSHAWMAN,bull,atr_low,2.0,221,110,111,49.8,49.4,0.11,N,-0.64,-0.088,0.82,10.4
CDLRICKSHAWMAN,bull,atr_low,2.25,221,110,111,49.8,48.4,0.4,N,-0.73,-0.099,0.8,8.1
CDLRICKSHAWMAN,bull,atr_low,2.5,221,111,110,50.2,49.8,0.13,N,-0.59,-0.082,0.84,5.4
CDLRICKSHAWMAN,bull,atr_low,2.75,221,111,110,50.2,47.7,0.74,N,-0.67,-0.092,0.82,5.0
CDLRICKSHAWMAN,bull,atr_low,3.0,221,111,110,50.2,50.2,-0.0,N,-0.57,-0.086,0.84,3.2
CDLHAMMER,bull,trend_down,0.5,62,21,41,33.9,38.0,-0.68,N,0.27,0.003,1.1,59.7
CDLHAMMER,bull,trend_down,0.75,62,28,34,45.2,43.1,0.32,N,0.45,0.036,1.14,41.9
CDLHAMMER,bull,trend_down,1.0,62,28,34,45.2,45.8,-0.11,N,-0.14,-0.031,0.96,32.3
CDLHAMMER,bull,trend_down,1.25,62,29,33,46.8,42.3,0.71,N,-0.2,-0.037,0.95,21.0
CDLHAMMER,bull,trend_down,1.5,62,29,33,46.8,44.4,0.38,N,-0.39,-0.059,0.9,16.1
CDLHAMMER,bull,trend_down,1.75,62,30,32,48.4,49.7,-0.21,N,-0.24,-0.062,0.94,14.5
CDLHAMMER,bull,trend_down,2.0,62,30,32,48.4,47.4,0.15,N,-0.46,-0.089,0.89,11.3
CDLHAMMER,bull,trend_down,2.25,62,30,32,48.4,48.7,-0.04,N,-0.6,-0.108,0.86,9.7
CDLHAMMER,bull,trend_down,2.5,62,31,31,50.0,47.4,0.4,N,-0.24,-0.063,0.94,6.5
CDLHAMMER,bull,trend_down,2.75,62,31,31,50.0,48.5,0.23,N,-0.16,-0.053,0.96,3.2
CDLHAMMER,bull,trend_down,3.0,62,31,31,50.0,52.2,-0.34,N,-0.22,-0.061,0.94,3.2
CDLSHOOTINGSTAR,bear,atr_low,0.5,33,14,19,42.4,40.2,0.27,N,1.72,0.151,1.76,54.5
CDLSHOOTINGSTAR,bear,atr_low,0.75,33,15,18,45.5,39.9,0.65,N,0.91,0.054,1.29,48.5
CDLSHOOTINGSTAR,bear,atr_low,1.0,33,16,17,48.5,48.2,0.03,N,0.59,0.026,1.17,30.3
CDLSHOOTINGSTAR,bear,atr_low,1.25,33,17,16,51.5,48.7,0.32,N,1.16,0.143,1.33,15.2
CDLSHOOTINGSTAR,bear,atr_low,1.5,33,17,16,51.5,51.0,0.06,N,1.26,0.153,1.37,6.1
CDLSHOOTINGSTAR,bear,atr_low,1.75,33,17,16,51.5,46.7,0.55,N,1.16,0.138,1.33,6.1
CDLSHOOTINGSTAR,bear,atr_low,2.0,33,17,16,51.5,49.7,0.2,N,1.05,0.122,1.29,6.1
CDLSHOOTINGSTAR,bear,atr_low,2.25,33,17,16,51.5,51.0,0.06,N,1.02,0.117,1.28,3.0
CDLSHOOTINGSTAR,bear,atr_low,2.5,33,17,16,51.5,48.0,0.41,N,0.98,0.11,1.26,3.0
CDLSHOOTINGSTAR,bear,atr_low,2.75,33,17,16,51.5,46.7,0.55,N,0.93,0.102,1.25,3.0
CDLSHOOTINGSTAR,bear,atr_low,3.0,33,17,16,51.5,54.8,-0.38,N,1.07,0.124,1.3,0.0
CDLSHOOTINGSTAR,bear,trend_up,0.5,30,12,18,40.0,44.4,-0.49,N,2.88,0.279,2.22,46.7
CDLSHOOTINGSTAR,bear,trend_up,0.75,30,13,17,43.3,45.3,-0.21,N,2.11,0.206,1.66,40.0
CDLSHOOTINGSTAR,bear,trend_up,1.0,30,13,17,43.3,41.7,0.19,N,1.43,0.141,1.37,30.0
CDLSHOOTINGSTAR,bear,trend_up,1.25,30,14,16,46.7,52.5,-0.64,N,1.61,0.233,1.38,20.0
CDLSHOOTINGSTAR,bear,trend_up,1.5,30,14,16,46.7,48.1,-0.15,N,1.35,0.215,1.3,13.3
CDLSHOOTINGSTAR,bear,trend_up,1.75,30,15,15,50.0,53.1,-0.34,N,2.1,0.277,1.51,6.7
CDLSHOOTINGSTAR,bear,trend_up,2.0,30,15,15,50.0,47.8,0.24,N,1.93,0.26,1.45,6.7
CDLSHOOTINGSTAR,bear,trend_up,2.25,30,15,15,50.0,44.2,0.64,N,1.77,0.243,1.4,6.7
CDLSHOOTINGSTAR,bear,trend_up,2.5,30,15,15,50.0,51.1,-0.12,N,1.6,0.227,1.35,6.7
CDLSHOOTINGSTAR,bear,trend_up,2.75,30,15,15,50.0,51.7,-0.18,N,1.44,0.21,1.3,6.7
CDLSHOOTINGSTAR,bear,trend_up,3.0,30,15,15,50.0,46.4,0.4,N,1.57,0.233,1.34,0.0
CDLSHORTLINE,bull,rsi_mid_oversold,0.5,147,56,91,38.1,37.8,0.09,N,0.57,0.059,1.2,57.1
CDLSHORTLINE,bull,rsi_mid_oversold,0.75,147,63,84,42.9,42.2,0.15,N,0.36,0.035,1.11,42.9
CDLSHORTLINE,bull,rsi_mid_oversold,1.0,147,68,79,46.3,44.2,0.5,N,0.48,0.081,1.13,31.3
CDLSHORTLINE,bull,rsi_mid_oversold,1.25,147,72,75,49.0,46.6,0.58,N,0.77,0.104,1.22,19.0
CDLSHORTLINE,bull,rsi_mid_oversold,1.5,147,72,75,49.0,48.3,0.17,N,0.87,0.116,1.25,10.9
CDLSHORTLINE,bull,rsi_mid_oversold,1.75,147,72,75,49.0,50.6,-0.4,N,0.76,0.103,1.21,7.5
CDLSHORTLINE,bull,rsi_mid_oversold,2.0,147,72,75,49.0,50.3,-0.33,N,0.67,0.094,1.18,6.1
CDLSHORTLINE,bull,rsi_mid_oversold,2.25,147,72,75,49.0,49.7,-0.18,N,0.66,0.092,1.18,4.1
CDLSHORTLINE,bull,rsi_mid_oversold,2.5,147,72,75,49.0,47.7,0.32,N,0.57,0.081,1.15,4.1
CDLSHORTLINE,bull,rsi_mid_oversold,2.75,147,72,75,49.0,50.1,-0.27,N,0.58,0.082,1.15,2.7
CDLSHORTLINE,bull,rsi_mid_oversold,3.0,147,72,75,49.0,49.8,-0.21,N,0.52,0.075,1.14,2.7
CDLLONGLEGGEDDOJI,bull,trend_up,0.5,201,71,130,35.3,33.5,0.56,N,-0.19,-0.036,0.93,56.7
CDLLONGLEGGEDDOJI,bull,trend_up,0.75,201,82,119,40.8,40.4,0.11,N,-0.12,-0.024,0.96,38.3
CDLLONGLEGGEDDOJI,bull,trend_up,1.0,201,89,112,44.3,46.3,-0.58,N,-0.02,-0.018,0.99,27.4
CDLLONGLEGGEDDOJI,bull,trend_up,1.25,201,95,106,47.3,48.3,-0.29,N,0.16,0.001,1.05,16.9
CDLLONGLEGGEDDOJI,bull,trend_up,1.5,201,96,105,47.8,49.1,-0.38,N,0.12,-0.005,1.04,10.9
CDLLONGLEGGEDDOJI,bull,trend_up,1.75,201,98,103,48.8,49.8,-0.31,N,0.13,-0.001,1.04,8.0
CDLLONGLEGGEDDOJI,bull,trend_up,2.0,201,99,102,49.3,49.6,-0.09,N,0.09,-0.004,1.03,6.5
CDLLONGLEGGEDDOJI,bull,trend_up,2.25,201,99,102,49.3,50.5,-0.36,N,0.01,-0.012,1.0,5.0
CDLLONGLEGGEDDOJI,bull,trend_up,2.5,201,99,102,49.3,49.2,0.01,N,0.06,-0.005,1.02,2.0
CDLLONGLEGGEDDOJI,bull,trend_up,2.75,201,99,102,49.3,49.8,-0.15,N,0.01,-0.01,1.0,2.0
CDLLONGLEGGEDDOJI,bull,trend_up,3.0,201,99,102,49.3,51.2,-0.55,N,0.08,-0.005,1.02,1.0
CDLTAKURI,bull,trend_up,0.5,27,10,17,37.0,36.4,0.07,N,-0.98,-0.127,0.65,59.3
CDLTAKURI,bull,trend_up,0.75,27,11,16,40.7,38.0,0.3,N,-1.17,-0.157,0.64,40.7
CDLTAKURI,bull,trend_up,1.0,27,12,15,44.4,45.7,-0.13,N,-0.8,-0.098,0.78,22.2
CDLTAKURI,bull,trend_up,1.25,27,13,14,48.1,42.9,0.55,N,-0.64,-0.082,0.81,11.1
CDLTAKURI,bull,trend_up,1.5,27,13,14,48.1,48.5,-0.03,N,-0.9,-0.11,0.76,11.1
CDLTAKURI,bull,trend_up,1.75,27,13,14,48.1,46.3,0.19,N,-1.02,-0.119,0.73,7.4
CDLTAKURI,bull,trend_up,2.0,27,14,13,51.9,48.8,0.32,N,-0.55,-0.044,0.84,3.7
CDLTAKURI,bull,trend_up,2.25,27,14,13,51.9,49.1,0.29,N,-0.68,-0.053,0.81,3.7
CDLTAKURI,bull,trend_up,2.5,27,14,13,51.9,49.1,0.29,N,-0.81,-0.062,0.79,3.7
CDLTAKURI,bull,trend_up,2.75,27,14,13,51.9,51.2,0.06,N,-0.93,-0.072,0.76,3.7
CDLTAKURI,bull,trend_up,3.0,27,14,13,51.9,48.1,0.39,N,-1.06,-0.081,0.74,3.7
CDLLONGLEGGEDDOJI,bull,atr_high,0.5,120,44,76,36.7,34.4,0.53,N,-0.12,-0.018,0.96,57.5
CDLLONGLEGGEDDOJI,bull,atr_high,0.75,120,52,68,43.3,44.2,-0.2,N,-0.25,-0.021,0.94,43.3
CDLLONGLEGGEDDOJI,bull,atr_high,1.0,120,54,66,45.0,45.3,-0.08,N,-0.63,-0.054,0.87,30.8
CDLLONGLEGGEDDOJI,bull,atr_high,1.25,120,58,62,48.3,49.1,-0.17,N,-0.43,-0.042,0.91,20.0
CDLLONGLEGGEDDOJI,bull,atr_high,1.5,120,59,61,49.2,51.4,-0.49,N,-0.55,-0.054,0.88,13.3
CDLLONGLEGGEDDOJI,bull,atr_high,1.75,120,60,60,50.0,51.5,-0.32,N,-0.35,-0.038,0.92,8.3
CDLLONGLEGGEDDOJI,bull,atr_high,2.0,120,60,60,50.0,49.6,0.09,N,-0.42,-0.046,0.91,5.8
CDLLONGLEGGEDDOJI,bull,atr_high,2.25,120,60,60,50.0,50.6,-0.14,N,-0.5,-0.053,0.89,4.2
CDLLONGLEGGEDDOJI,bull,atr_high,2.5,120,60,60,50.0,53.5,-0.78,N,-0.35,-0.04,0.92,2.5
CDLLONGLEGGEDDOJI,bull,atr_high,2.75,120,60,60,50.0,51.0,-0.23,N,-0.3,-0.037,0.93,1.7
CDLLONGLEGGEDDOJI,bull,atr_high,3.0,120,60,60,50.0,49.2,0.18,N,-0.21,-0.03,0.95,0.8
CDLMARUBOZU,bear,atr_high,0.5,62,21,41,33.9,37.9,-0.65,N,-0.11,-0.007,0.97,64.5
CDLMARUBOZU,bear,atr_high,0.75,62,27,35,43.5,44.8,-0.19,N,-0.3,-0.023,0.93,46.8
CDLMARUBOZU,bear,atr_high,1.0,62,30,32,48.4,50.5,-0.34,N,-0.4,-0.033,0.91,30.6
CDLMARUBOZU,bear,atr_high,1.25,62,30,32,48.4,45.2,0.51,N,-0.81,-0.059,0.84,25.8
CDLMARUBOZU,bear,atr_high,1.5,62,30,32,48.4,47.4,0.15,N,-0.92,-0.07,0.82,19.4
CDLMARUBOZU,bear,atr_high,1.75,62,30,32,48.4,50.4,-0.32,N,-1.22,-0.099,0.78,14.5
CDLMARUBOZU,bear,atr_high,2.0,62,30,32,48.4,50.0,-0.25,N,-0.95,-0.082,0.82,9.7
CDLMARUBOZU,bear,atr_high,2.25,62,30,32,48.4,50.8,-0.38,N,-0.86,-0.065,0.83,6.5
CDLMARUBOZU,bear,atr_high,2.5,62,30,32,48.4,51.1,-0.42,N,-0.85,-0.067,0.83,3.2
CDLMARUBOZU,bear,atr_high,2.75,62,30,32,48.4,48.5,-0.02,N,-0.93,-0.075,0.82,3.2
CDLMARUBOZU,bear,atr_high,3.0,62,30,32,48.4,52.7,-0.68,N,-0.9,-0.072,0.83,1.6
CDLMATCHINGLOW,bull,none,0.5,52,20,32,38.5,36.2,0.34,N,0.19,0.031,1.07,57.7
CDLMATCHINGLOW,bull,none,0.75,52,24,28,46.2,42.6,0.51,N,0.14,0.023,1.04,40.4
CDLMATCHINGLOW,bull,none,1.0,52,25,27,48.1,47.6,0.07,N,-0.37,-0.025,0.9,34.6
CDLMATCHINGLOW,bull,none,1.25,52,26,26,50.0,47.1,0.42,N,-0.6,-0.049,0.85,28.8
CDLMATCHINGLOW,bull,none,1.5,52,26,26,50.0,48.2,0.25,N,-0.95,-0.082,0.78,21.2
CDLMATCHINGLOW,bull,none,1.75,52,26,26,50.0,52.1,-0.3,N,-0.89,-0.081,0.79,15.4
CDLMATCHINGLOW,bull,none,2.0,52,26,26,50.0,49.8,0.02,N,-1.09,-0.103,0.76,11.5
CDLMATCHINGLOW,bull,none,2.25,52,26,26,50.0,50.5,-0.07,N,-1.09,-0.1,0.76,7.7
CDLMATCHINGLOW,bull,none,2.5,52,26,26,50.0,47.9,0.3,N,-1.28,-0.119,0.73,7.7
CDLMATCHINGLOW,bull,none,2.75,52,26,26,50.0,52.9,-0.42,N,-1.31,-0.124,0.72,5.8
CDLMATCHINGLOW,bull,none,3.0,52,26,26,50.0,48.1,0.28,N,-1.44,-0.138,0.7,5.8
CDLMATCHINGLOW,bull,atr_low,0.5,39,14,25,35.9,32.1,0.51,N,0.53,0.063,1.21,59.0
CDLMATCHINGLOW,bull,atr_low,0.75,39,18,21,46.2,44.2,0.24,N,0.69,0.075,1.24,41.0
CDLMATCHINGLOW,bull,atr_low,1.0,39,19,20,48.7,49.8,-0.13,N,0.25,0.033,1.07,35.9
CDLMATCHINGLOW,bull,atr_low,1.25,39,20,19,51.3,52.4,-0.13,N,0.23,0.027,1.06,28.2
CDLMATCHINGLOW,bull,atr_low,1.5,39,20,19,51.3,54.1,-0.35,N,0.04,0.008,1.01,17.9
CDLMATCHINGLOW,bull,atr_low,1.75,39,20,19,51.3,48.3,0.37,N,-0.35,-0.037,0.92,17.9
CDLMATCHINGLOW,bull,atr_low,2.0,39,20,19,51.3,51.3,-0.0,N,-0.55,-0.059,0.87,12.8
CDLMATCHINGLOW,bull,atr_low,2.25,39,20,19,51.3,48.5,0.35,N,-0.49,-0.049,0.88,7.7
CDLMATCHINGLOW,bull,atr_low,2.5,39,20,19,51.3,48.5,0.35,N,-0.67,-0.068,0.85,7.7
CDLMATCHINGLOW,bull,atr_low,2.75,39,20,19,51.3,54.1,-0.35,N,-0.66,-0.067,0.85,5.1
CDLMATCHINGLOW,bull,atr_low,3.0,39,20,19,51.3,49.1,0.27,N,-0.77,-0.08,0.83,5.1
CDLBELTHOLD,bull,rsi_overbought,0.5,33,8,25,24.2,26.5,-0.3,N,-0.4,-0.098,0.89,72.7
CDLBELTHOLD,bull,rsi_overbought,0.75,33,12,21,36.4,36.4,0.0,N,-0.56,-0.093,0.87,54.5
CDLBELTHOLD,bull,rsi_overbought,1.0,33,15,18,45.5,46.2,-0.09,N,-0.31,-0.064,0.93,33.3
CDLBELTHOLD,bull,rsi_overbought,1.25,33,16,17,48.5,49.7,-0.15,N,0.23,0.013,1.06,18.2
CDLBELTHOLD,bull,rsi_overbought,1.5,33,17,16,51.5,50.8,0.09,N,0.36,0.043,1.09,15.2
CDLBELTHOLD,bull,rsi_overbought,1.75,33,17,16,51.5,51.3,0.03,N,0.08,0.022,1.02,12.1
CDLBELTHOLD,bull,rsi_overbought,2.0,33,17,16,51.5,49.7,0.2,N,-0.28,-0.009,0.94,12.1
CDLBELTHOLD,bull,rsi_overbought,2.25,33,17,16,51.5,51.0,0.06,N,-0.13,0.01,0.97,6.1
CDLBELTHOLD,bull,rsi_overbought,2.5,33,17,16,51.5,51.8,-0.03,N,0.44,0.055,1.1,0.0
CDLBELTHOLD,bull,rsi_overbought,2.75,33,17,16,51.5,47.5,0.46,N,0.44,0.055,1.1,0.0
CDLBELTHOLD,bull,rsi_overbought,3.0,33,17,16,51.5,51.8,-0.03,N,0.44,0.055,1.1,0.0
CDLMARUBOZU,bear,atr_low,0.5,89,28,61,31.5,29.3,0.45,N,-0.58,-0.083,0.77,58.4
CDLMARUBOZU,bear,atr_low,0.75,89,36,53,40.4,41.7,-0.23,N,-0.58,-0.088,0.8,43.8
CDLMARUBOZU,bear,atr_low,1.0,89,39,50,43.8,46.1,-0.43,N,-0.58,-0.092,0.81,27.0
CDLMARUBOZU,bear,atr_low,1.25,89,39,50,43.8,45.9,-0.39,N,-1.03,-0.152,0.7,25.8
CDLMARUBOZU,bear,atr_low,1.5,89,41,48,46.1,49.4,-0.64,N,-0.55,-0.095,0.84,16.9
CDLMARUBOZU,bear,atr_low,1.75,89,42,47,47.2,49.3,-0.39,N,-0.53,-0.095,0.84,12.4
CDLMARUBOZU,bear,atr_low,2.0,89,43,46,48.3,51.3,-0.57,N,-0.42,-0.084,0.87,9.0
CDLMARUBOZU,bear,atr_low,2.25,89,43,46,48.3,49.7,-0.27,N,-0.49,-0.091,0.86,6.7
CDLMARUBOZU,bear,atr_low,2.5,89,43,46,48.3,50.4,-0.39,N,-0.41,-0.083,0.88,4.5
CDLMARUBOZU,bear,atr_low,2.75,89,43,46,48.3,50.6,-0.42,N,-0.49,-0.093,0.86,3.4
CDLMARUBOZU,bear,atr_low,3.0,89,43,46,48.3,50.5,-0.41,N,-0.55,-0.102,0.84,3.4
CDLMARUBOZU,bear,rsi_mid_overbought,0.5,20,8,12,40.0,36.2,0.35,N,3.61,0.279,2.47,60.0
CDLMARUBOZU,bear,rsi_mid_overbought,0.75,20,10,10,50.0,45.0,0.45,N,3.56,0.267,2.36,40.0
CDLMARUBOZU,bear,rsi_mid_overbought,1.0,20,10,10,50.0,55.4,-0.49,N,3.31,0.233,2.16,30.0
CDLMARUBOZU,bear,rsi_mid_overbought,1.25,20,10,10,50.0,50.4,-0.04,N,2.75,0.158,1.8,30.0
CDLMARUBOZU,bear,rsi_mid_overbought,1.5,20,10,10,50.0,50.0,0.0,N,2.34,0.104,1.61,25.0
CDLMARUBOZU,bear,rsi_mid_overbought,1.75,20,10,10,50.0,54.2,-0.37,N,1.88,0.042,1.44,25.0
CDLMARUBOZU,bear,rsi_mid_overbought,2.0,20,10,10,50.0,50.0,0.0,N,2.04,0.069,1.49,15.0
CDLMARUBOZU,bear,rsi_mid_overbought,2.25,20,10,10,50.0,52.1,-0.19,N,2.5,0.132,1.68,5.0
CDLMARUBOZU,bear,rsi_mid_overbought,2.5,20,10,10,50.0,53.3,-0.3,N,2.4,0.12,1.63,5.0
CDLMARUBOZU,bear,rsi_mid_overbought,2.75,20,10,10,50.0,47.5,0.22,N,2.31,0.11,1.6,0.0
CDLMARUBOZU,bear,rsi_mid_overbought,3.0,20,10,10,50.0,51.7,-0.15,N,2.31,0.11,1.6,0.0
CDLADVANCEBLOCK,bear,atr_low,0.5,24,9,15,37.5,36.1,0.14,N,1.15,0.189,1.42,58.3
CDLADVANCEBLOCK,bear,atr_low,0.75,24,9,15,37.5,33.7,0.4,N,-0.05,0.054,0.99,54.2
CDLADVANCEBLOCK,bear,atr_low,1.0,24,10,14,41.7,44.4,-0.27,N,-0.03,0.055,0.99,29.2
CDLADVANCEBLOCK,bear,atr_low,1.25,24,12,12,50.0,45.5,0.44,N,0.35,0.107,1.1,16.7
CDLADVANCEBLOCK,bear,atr_low,1.5,24,12,12,50.0,50.3,-0.03,N,0.37,0.111,1.1,8.3
CDLADVANCEBLOCK,bear,atr_low,1.75,24,12,12,50.0,46.9,0.31,N,0.18,0.09,1.05,8.3
CDLADVANCEBLOCK,bear,atr_low,2.0,24,12,12,50.0,48.6,0.14,N,0.27,0.096,1.07,4.2
CDLADVANCEBLOCK,bear,atr_low,2.25,24,12,12,50.0,49.7,0.03,N,0.19,0.086,1.05,4.2
CDLADVANCEBLOCK,bear,atr_low,2.5,24,12,12,50.0,49.0,0.1,N,0.24,0.093,1.07,0.0
CDLADVANCEBLOCK,bear,atr_low,2.75,24,12,12,50.0,47.6,0.24,N,0.24,0.093,1.07,0.0
CDLADVANCEBLOCK,bear,atr_low,3.0,24,12,12,50.0,51.4,-0.14,N,0.24,0.093,1.07,0.0
CDL3OUTSIDE,bull,rsi_mid_oversold,0.5,39,12,27,30.8,37.8,-0.91,N,0.31,0.028,1.1,61.5
CDL3OUTSIDE,bull,rsi_mid_oversold,0.75,39,15,24,38.5,42.9,-0.57,N,-0.14,-0.038,0.96,53.8
CDL3OUTSIDE,bull,rsi_mid_oversold,1.0,39,17,22,43.6,45.5,-0.24,N,0.49,0.002,1.14,35.9
CDL3OUTSIDE,bull,rsi_mid_oversold,1.25,39,18,21,46.2,45.1,0.13,N,0.39,-0.014,1.11,25.6
CDL3OUTSIDE,bull,rsi_mid_oversold,1.5,39,18,21,46.2,49.1,-0.37,N,-0.02,-0.062,1.0,23.1
CDL3OUTSIDE,bull,rsi_mid_oversold,1.75,39,18,21,46.2,44.0,0.27,N,-0.12,-0.076,0.97,15.4
CDL3OUTSIDE,bull,rsi_mid_oversold,2.0,39,19,20,48.7,51.1,-0.29,N,0.56,-0.003,1.15,7.7
CDL3OUTSIDE,bull,rsi_mid_oversold,2.25,39,19,20,48.7,45.3,0.43,N,0.7,0.017,1.19,2.6
CDL3OUTSIDE,bull,rsi_mid_oversold,2.5,39,19,20,48.7,51.3,-0.32,N,0.67,0.011,1.18,2.6
CDL3OUTSIDE,bull,rsi_mid_oversold,2.75,39,19,20,48.7,46.8,0.24,N,0.63,0.005,1.17,2.6
CDL3OUTSIDE,bull,rsi_mid_oversold,3.0,39,19,20,48.7,49.8,-0.13,N,0.69,0.015,1.19,0.0
CDLENGULFING,bear,atr_high,0.5,142,49,93,34.5,36.0,-0.38,N,-0.1,-0.018,0.97,60.6
CDLENGULFING,bear,atr_high,0.75,142,58,84,40.8,41.6,-0.18,N,-0.2,-0.04,0.95,47.2
CDLENGULFING,bear,atr_high,1.0,142,66,76,46.5,46.2,0.07,N,0.03,-0.026,1.01,32.4
CDLENGULFING,bear,atr_high,1.25,142,68,74,47.9,48.7,-0.2,N,-0.07,-0.034,0.98,23.9
CDLENGULFING,bear,atr_high,1.5,142,69,73,48.6,48.8,-0.04,N,0.03,-0.029,1.01,16.9
CDLENGULFING,bear,atr_high,1.75,142,70,72,49.3,50.0,-0.17,N,-0.09,-0.038,0.98,14.1
CDLENGULFING,bear,atr_high,2.0,142,70,72,49.3,48.9,0.08,N,0.14,-0.018,1.03,9.2
CDLENGULFING,bear,atr_high,2.25,142,70,72,49.3,50.2,-0.21,N,0.15,-0.017,1.03,7.0
CDLENGULFING,bear,atr_high,2.5,142,70,72,49.3,47.5,0.43,N,0.08,-0.027,1.02,5.6
CDLENGULFING,bear,atr_high,2.75,142,71,71,50.0,50.0,0.0,N,0.26,-0.006,1.06,3.5
CDLENGULFING,bear,atr_high,3.0,142,71,71,50.0,48.4,0.38,N,0.24,-0.007,1.06,2.1
CDLHARAMICROSS,bear,trend_down,0.5,22,5,17,22.7,23.1,-0.04,N,-2.2,-0.223,0.42,77.3
CDLHARAMICROSS,bear,trend_down,0.75,22,6,16,27.3,29.5,-0.23,N,-2.77,-0.257,0.37,50.0
CDLHARAMICROSS,bear,trend_down,1.0,22,7,15,31.8,41.3,-0.9,N,-3.31,-0.28,0.36,40.9
CDLHARAMICROSS,bear,trend_down,1.25,22,7,15,31.8,39.8,-0.76,N,-3.28,-0.283,0.36,31.8
CDLHARAMICROSS,bear,trend_down,1.5,22,7,15,31.8,43.9,-1.15,N,-4.12,-0.362,0.31,31.8
CDLHARAMICROSS,bear,trend_down,1.75,22,9,13,40.9,36.7,0.41,N,-2.35,-0.192,0.51,18.2
CDLHARAMICROSS,bear,trend_down,2.0,22,9,13,40.9,48.9,-0.75,N,-2.33,-0.2,0.51,13.6
CDLHARAMICROSS,bear,trend_down,2.25,22,9,13,40.9,45.8,-0.46,N,-2.38,-0.206,0.5,9.1
CDLHARAMICROSS,bear,trend_down,2.5,22,10,12,45.5,47.0,-0.14,N,-0.78,-0.031,0.8,4.5
CDLHARAMICROSS,bear,trend_down,2.75,22,10,12,45.5,50.8,-0.5,N,-0.9,-0.043,0.78,4.5
CDLHARAMICROSS,bear,trend_down,3.0,22,10,12,45.5,50.8,-0.5,N,-1.02,-0.054,0.76,4.5
CDLHIGHWAVE,bear,rsi_mid_overbought,0.5,72,21,51,29.2,32.3,-0.57,N,-1.06,-0.121,0.64,65.3
CDLHIGHWAVE,bear,rsi_mid_overbought,0.75,72,28,44,38.9,39.0,-0.02,N,-0.85,-0.113,0.74,44.4
CDLHIGHWAVE,bear,rsi_mid_overbought,1.0,72,32,40,44.4,46.2,-0.3,N,-0.24,-0.034,0.92,29.2
CDLHIGHWAVE,bear,rsi_mid_overbought,1.25,72,34,38,47.2,50.0,-0.47,N,-0.04,-0.013,0.99,20.8
CDLHIGHWAVE,bear,rsi_mid_overbought,1.5,72,35,37,48.6,49.1,-0.08,N,0.08,0.003,1.03,12.5
CDLHIGHWAVE,bear,rsi_mid_overbought,1.75,72,35,37,48.6,50.3,-0.29,N,0.22,0.016,1.08,6.9
CDLHIGHWAVE,bear,rsi_mid_overbought,2.0,72,35,37,48.6,51.5,-0.49,N,0.09,-0.001,1.03,6.9
CDLHIGHWAVE,bear,rsi_mid_overbought,2.25,72,35,37,48.6,49.1,-0.08,N,-0.01,-0.014,1.0,4.2
CDLHIGHWAVE,bear,rsi_mid_overbought,2.5,72,35,37,48.6,46.2,0.41,N,-0.07,-0.023,0.98,2.8
CDLHIGHWAVE,bear,rsi_mid_overbought,2.75,72,35,37,48.6,46.4,0.37,N,-0.12,-0.029,0.96,2.8
CDLHIGHWAVE,bear,rsi_mid_overbought,3.0,72,35,37,48.6,50.5,-0.31,N,-0.17,-0.036,0.95,2.8
CDLHAMMER,bull,rsi_mid_oversold,0.5,56,19,37,33.9,36.9,-0.46,N,0.25,0.003,1.09,58.9
CDLHAMMER,bull,rsi_mid_oversold,0.75,56,25,31,44.6,43.0,0.25,N,0.45,0.041,1.15,41.1
CDLHAMMER,bull,rsi_mid_oversold,1.0,56,25,31,44.6,46.3,-0.25,N,-0.14,-0.026,0.96,33.9
CDLHAMMER,bull,rsi_mid_oversold,1.25,56,26,30,46.4,45.8,0.09,N,-0.33,-0.047,0.92,25.0
CDLHAMMER,bull,rsi_mid_oversold,1.5,56,26,30,46.4,45.2,0.18,N,-0.56,-0.076,0.87,19.6
CDLHAMMER,bull,rsi_mid_oversold,1.75,56,27,29,48.2,51.8,-0.53,N,-0.44,-0.084,0.9,17.9
CDLHAMMER,bull,rsi_mid_oversold,2.0,56,27,29,48.2,48.4,-0.02,N,-0.71,-0.119,0.84,14.3
CDLHAMMER,bull,rsi_mid_oversold,2.25,56,27,29,48.2,48.1,0.02,N,-0.84,-0.136,0.82,10.7
CDLHAMMER,bull,rsi_mid_oversold,2.5,56,28,28,50.0,48.5,0.22,N,-0.44,-0.086,0.89,7.1
CDLHAMMER,bull,rsi_mid_oversold,2.75,56,28,28,50.0,49.4,0.09,N,-0.35,-0.075,0.91,3.6
CDLHAMMER,bull,rsi_mid_oversold,3.0,56,28,28,50.0,47.5,0.38,N,-0.42,-0.084,0.9,3.6
CDLHIKKAKE,bull,atr_low,0.5,305,98,207,32.1,32.3,-0.05,N,0.02,-0.004,1.01,61.6
CDLHIKKAKE,bull,atr_low,0.75,305,124,181,40.7,39.6,0.38,N,0.07,-0.0,1.02,45.2
CDLHIKKAKE,bull,atr_low,1.0,305,139,166,45.6,47.8,-0.78,N,0.49,0.059,1.15,30.5
CDLHIKKAKE,bull,atr_low,1.25,305,143,162,46.9,50.1,-1.12,N,0.44,0.049,1.13,21.6
CDLHIKKAKE,bull,atr_low,1.5,305,145,160,47.5,48.4,-0.31,N,0.39,0.038,1.11,15.4
CDLHIKKAKE,bull,atr_low,1.75,305,145,160,47.5,51.1,-1.26,N,0.23,0.017,1.06,11.8
CDLHIKKAKE,bull,atr_low,2.0,305,145,160,47.5,48.0,-0.15,N,0.21,0.015,1.06,8.9
CDLHIKKAKE,bull,atr_low,2.25,305,146,159,47.9,49.4,-0.52,N,0.17,0.008,1.05,6.9
CDLHIKKAKE,bull,atr_low,2.5,305,146,159,47.9,51.0,-1.09,N,0.09,-0.002,1.03,5.9
CDLHIKKAKE,bull,atr_low,2.75,305,146,159,47.9,50.0,-0.74,N,0.06,-0.006,1.02,4.6
CDLHIKKAKE,bull,atr_low,3.0,305,146,159,47.9,49.3,-0.49,N,0.03,-0.012,1.01,3.9
CDLSHORTLINE,bear,none,0.5,563,205,358,36.4,35.6,0.38,N,0.37,0.042,1.13,56.0
CDLSHORTLINE,bear,none,0.75,563,242,321,43.0,42.9,0.05,N,0.39,0.042,1.12,39.8
CDLSHORTLINE,bear,none,1.0,563,263,300,46.7,47.3,-0.29,N,0.48,0.06,1.14,26.6
CDLSHORTLINE,bear,none,1.25,563,271,292,48.1,48.3,-0.06,N,0.57,0.065,1.17,17.2
CDLSHORTLINE,bear,none,1.5,563,272,291,48.3,49.0,-0.31,N,0.56,0.063,1.17,11.2
CDLSHORTLINE,bear,none,1.75,563,273,290,48.5,49.2,-0.33,N,0.45,0.051,1.13,8.0
CDLSHORTLINE,bear,none,2.0,563,274,289,48.7,49.5,-0.39,N,0.44,0.052,1.13,5.5
CDLSHORTLINE,bear,none,2.25,563,274,289,48.7,50.1,-0.7,N,0.4,0.047,1.11,4.3
CDLSHORTLINE,bear,none,2.5,563,274,289,48.7,49.3,-0.28,N,0.38,0.046,1.11,3.0
CDLSHORTLINE,bear,none,2.75,563,274,289,48.7,49.1,-0.2,N,0.35,0.043,1.1,2.3
CDLSHORTLINE,bear,none,3.0,563,274,289,48.7,49.3,-0.32,N,0.31,0.038,1.09,2.1
CDLMARUBOZU,bull,none,0.5,153,50,103,32.7,31.9,0.22,N,-0.32,-0.044,0.89,60.8
CDLMARUBOZU,bull,none,0.75,153,64,89,41.8,40.5,0.34,N,-0.41,-0.055,0.88,45.1
CDLMARUBOZU,bull,none,1.0,153,70,83,45.8,46.8,-0.27,N,-0.46,-0.063,0.87,28.8
CDLMARUBOZU,bull,none,1.25,153,70,83,45.8,47.9,-0.53,N,-0.88,-0.107,0.78,25.5
CDLMARUBOZU,bull,none,1.5,153,72,81,47.1,48.3,-0.3,N,-0.64,-0.078,0.84,17.6
CDLMARUBOZU,bull,none,1.75,153,73,80,47.7,49.6,-0.46,N,-0.75,-0.09,0.82,13.1
CDLMARUBOZU,bull,none,2.0,153,74,79,48.4,51.7,-0.84,N,-0.58,-0.077,0.86,9.2
CDLMARUBOZU,bull,none,2.25,153,74,79,48.4,48.7,-0.08,N,-0.58,-0.074,0.86,6.5
CDLMARUBOZU,bull,none,2.5,153,74,79,48.4,48.6,-0.07,N,-0.53,-0.07,0.87,3.9
CDLMARUBOZU,bull,none,2.75,153,74,79,48.4,51.1,-0.69,N,-0.61,-0.079,0.85,3.3
CDLMARUBOZU,bull,none,3.0,153,74,79,48.4,51.8,-0.85,N,-0.64,-0.083,0.85,2.6
CDLMARUBOZU,bull,trend_up,0.5,66,21,45,31.8,32.4,-0.11,N,0.39,0.014,1.14,59.1
CDLMARUBOZU,bull,trend_up,0.75,66,29,37,43.9,41.9,0.33,N,0.6,0.041,1.2,39.4
CDLMARUBOZU,bull,trend_up,1.0,66,32,34,48.5,47.2,0.21,N,0.63,0.043,1.2,25.8
CDLMARUBOZU,bull,trend_up,1.25,66,32,34,48.5,46.7,0.29,N,0.22,-0.002,1.06,22.7
CDLMARUBOZU,bull,trend_up,1.5,66,33,33,50.0,53.0,-0.49,N,0.55,0.038,1.14,19.7
CDLMARUBOZU,bull,trend_up,1.75,66,33,33,50.0,49.1,0.14,N,0.28,0.004,1.07,15.2
CDLMARUBOZU,bull,trend_up,2.0,66,33,33,50.0,50.8,-0.12,N,0.3,0.009,1.07,9.1
CDLMARUBOZU,bull,trend_up,2.25,66,33,33,50.0,50.9,-0.14,N,0.34,0.017,1.08,6.1
CDLMARUBOZU,bull,trend_up,2.5,66,33,33,50.0,51.4,-0.23,N,0.5,0.032,1.13,3.0
CDLMARUBOZU,bull,trend_up,2.75,66,33,33,50.0,50.0,0.0,N,0.46,0.025,1.12,1.5
CDLMARUBOZU,bull,trend_up,3.0,66,33,33,50.0,50.3,-0.04,N,0.43,0.022,1.11,1.5
CDLBELTHOLD,bear,atr_high,0.5,182,58,124,31.9,31.3,0.17,N,-0.35,-0.041,0.9,65.4
CDLBELTHOLD,bear,atr_high,0.75,182,72,110,39.6,40.2,-0.19,N,-0.94,-0.089,0.8,53.3
CDLBELTHOLD,bear,atr_high,1.0,182,83,99,45.6,47.0,-0.37,N,-0.85,-0.083,0.83,37.4
CDLBELTHOLD,bear,atr_high,1.25,182,87,95,47.8,48.4,-0.15,N,-1.0,-0.096,0.81,29.1
CDLBELTHOLD,bear,atr_high,1.5,182,89,93,48.9,49.6,-0.2,N,-0.88,-0.081,0.83,19.8
CDLBELTHOLD,bear,atr_high,1.75,182,89,93,48.9,49.7,-0.21,N,-1.27,-0.117,0.77,17.0
CDLBELTHOLD,bear,atr_high,2.0,182,90,92,49.5,53.5,-1.09,N,-1.31,-0.117,0.77,12.1
CDLBELTHOLD,bear,atr_high,2.25,182,90,92,49.5,49.7,-0.07,N,-1.38,-0.12,0.76,8.8
CDLBELTHOLD,bear,atr_high,2.5,182,90,92,49.5,48.3,0.32,N,-1.16,-0.103,0.79,4.4
CDLBELTHOLD,bear,atr_high,2.75,182,90,92,49.5,50.0,-0.14,N,-1.26,-0.113,0.78,3.8
CDLBELTHOLD,bear,atr_high,3.0,182,90,92,49.5,49.9,-0.11,N,-1.3,-0.117,0.77,2.7
CDLSHORTLINE,bull,atr_low,0.5,376,137,239,36.4,35.9,0.22,N,0.45,0.06,1.18,57.2
CDLSHORTLINE,bull,atr_low,0.75,376,160,216,42.6,42.0,0.24,N,0.44,0.059,1.15,41.2
CDLSHORTLINE,bull,atr_low,1.0,376,176,200,46.8,46.6,0.08,N,0.48,0.078,1.15,28.7
CDLSHORTLINE,bull,atr_low,1.25,376,183,193,48.7,48.2,0.17,N,0.54,0.079,1.17,19.4
CDLSHORTLINE,bull,atr_low,1.5,376,184,192,48.9,48.1,0.32,N,0.51,0.077,1.16,12.8
CDLSHORTLINE,bull,atr_low,1.75,376,185,191,49.2,48.9,0.1,N,0.37,0.062,1.11,9.0
CDLSHORTLINE,bull,atr_low,2.0,376,186,190,49.5,50.4,-0.36,N,0.38,0.066,1.11,6.1
CDLSHORTLINE,bull,atr_low,2.25,376,186,190,49.5,49.0,0.18,N,0.32,0.058,1.09,5.1
CDLSHORTLINE,bull,atr_low,2.5,376,186,190,49.5,50.2,-0.28,N,0.3,0.058,1.09,3.5
CDLSHORTLINE,bull,atr_low,2.75,376,186,190,49.5,50.2,-0.3,N,0.28,0.056,1.08,2.4
CDLSHORTLINE,bull,atr_low,3.0,376,186,190,49.5,50.8,-0.52,N,0.24,0.051,1.07,2.1
CDLHIGHWAVE,bull,atr_low,0.5,276,88,188,31.9,32.0,-0.04,N,-0.37,-0.038,0.87,64.9
CDLHIGHWAVE,bull,atr_low,0.75,276,110,166,39.9,40.6,-0.27,N,0.02,0.007,1.01,43.8
CDLHIGHWAVE,bull,atr_low,1.0,276,126,150,45.7,44.7,0.31,N,0.46,0.07,1.15,29.3
CDLHIGHWAVE,bull,atr_low,1.25,276,132,144,47.8,48.2,-0.14,N,0.61,0.088,1.19,19.9
CDLHIGHWAVE,bull,atr_low,1.5,276,134,142,48.6,47.6,0.31,N,0.5,0.074,1.15,15.6
CDLHIGHWAVE,bull,atr_low,1.75,276,136,140,49.3,49.8,-0.19,N,0.54,0.081,1.17,10.5
CDLHIGHWAVE,bull,atr_low,2.0,276,136,140,49.3,49.8,-0.19,N,0.4,0.064,1.12,9.1
CDLHIGHWAVE,bull,atr_low,2.25,276,136,140,49.3,50.6,-0.45,N,0.26,0.049,1.07,6.9
CDLHIGHWAVE,bull,atr_low,2.5,276,137,139,49.6,50.8,-0.37,N,0.38,0.062,1.11,4.3
CDLHIGHWAVE,bull,atr_low,2.75,276,137,139,49.6,50.4,-0.25,N,0.34,0.057,1.1,3.6
CDLHIGHWAVE,bull,atr_low,3.0,276,137,139,49.6,49.9,-0.09,N,0.39,0.06,1.11,2.9
CDL3OUTSIDE,bull,atr_low,0.5,111,33,78,29.7,28.5,0.28,N,-0.05,-0.016,0.98,63.1
CDL3OUTSIDE,bull,atr_low,0.75,111,44,67,39.6,40.4,-0.16,N,0.3,0.014,1.1,45.0
CDL3OUTSIDE,bull,atr_low,1.0,111,49,62,44.1,45.3,-0.24,N,0.47,0.032,1.15,34.2
CDL3OUTSIDE,bull,atr_low,1.25,111,53,58,47.7,50.8,-0.63,N,0.55,0.036,1.17,24.3
CDL3OUTSIDE,bull,atr_low,1.5,111,54,57,48.6,48.8,-0.03,N,0.48,0.026,1.15,18.0
CDL3OUTSIDE,bull,atr_low,1.75,111,54,57,48.6,49.5,-0.17,N,0.46,0.02,1.14,11.7
CDL3OUTSIDE,bull,atr_low,2.0,111,55,56,49.5,50.1,-0.11,N,0.63,0.038,1.19,9.0
CDL3OUTSIDE,bull,atr_low,2.25,111,55,56,49.5,49.0,0.11,N,0.61,0.035,1.18,6.3
CDL3OUTSIDE,bull,atr_low,2.5,111,55,56,49.5,51.0,-0.3,N,0.69,0.042,1.22,3.6
CDL3OUTSIDE,bull,atr_low,2.75,111,55,56,49.5,50.6,-0.22,N,0.64,0.033,1.2,3.6
CDL3OUTSIDE,bull,atr_low,3.0,111,55,56,49.5,50.0,-0.09,N,0.7,0.04,1.22,1.8
CDLHIKKAKE,bull,rsi_mid_oversold,0.5,127,43,84,33.9,33.7,0.03,N,0.68,0.063,1.25,59.1
CDLHIKKAKE,bull,rsi_mid_oversold,0.75,127,48,79,37.8,40.2,-0.54,N,0.02,-0.009,1.0,47.2
CDLHIKKAKE,bull,rsi_mid_oversold,1.0,127,57,70,44.9,47.7,-0.64,N,0.92,0.118,1.25,31.5
CDLHIKKAKE,bull,rsi_mid_oversold,1.25,127,59,68,46.5,48.1,-0.37,N,0.65,0.092,1.17,24.4
CDLHIKKAKE,bull,rsi_mid_oversold,1.5,127,59,68,46.5,47.6,-0.25,N,0.47,0.071,1.11,18.1
CDLHIKKAKE,bull,rsi_mid_oversold,1.75,127,59,68,46.5,48.6,-0.49,N,0.18,0.039,1.04,14.2
CDLHIKKAKE,bull,rsi_mid_oversold,2.0,127,60,67,47.2,46.1,0.25,N,0.47,0.067,1.11,10.2
CDLHIKKAKE,bull,rsi_mid_oversold,2.25,127,61,66,48.0,48.4,-0.09,N,0.65,0.084,1.15,7.1
CDLHIKKAKE,bull,rsi_mid_oversold,2.5,127,61,66,48.0,46.8,0.28,N,0.49,0.066,1.11,7.1
CDLHIKKAKE,bull,rsi_mid_oversold,2.75,127,61,66,48.0,49.0,-0.21,N,0.33,0.048,1.07,7.1
CDLHIKKAKE,bull,rsi_mid_oversold,3.0,127,61,66,48.0,51.6,-0.81,N,0.31,0.049,1.07,4.7
CDLLONGLINE,bear,rsi_oversold,0.5,36,8,28,22.2,29.4,-0.95,N,-1.22,-0.099,0.7,75.0
CDLLONGLINE,bear,rsi_oversold,0.75,36,13,23,36.1,38.0,-0.23,N,-0.47,-0.03,0.89,50.0
CDLLONGLINE,bear,rsi_oversold,1.0,36,15,21,41.7,42.4,-0.08,N,-0.27,-0.023,0.94,36.1
CDLLONGLINE,bear,rsi_oversold,1.25,36,17,19,47.2,46.1,0.14,N,0.01,0.033,1.0,19.4
CDLLONGLINE,bear,rsi_oversold,1.5,36,18,18,50.0,50.7,-0.08,N,0.11,0.041,1.03,16.7
CDLLONGLINE,bear,rsi_oversold,1.75,36,18,18,50.0,50.2,-0.03,N,0.6,0.077,1.15,11.1
CDLLONGLINE,bear,rsi_oversold,2.0,36,18,18,50.0,47.7,0.28,N,0.27,0.05,1.06,11.1
CDLLONGLINE,bear,rsi_oversold,2.25,36,18,18,50.0,49.5,0.06,N,0.43,0.077,1.1,5.6
CDLLONGLINE,bear,rsi_oversold,2.5,36,18,18,50.0,49.5,0.06,N,0.42,0.075,1.1,2.8
CDLLONGLINE,bear,rsi_oversold,2.75,36,18,18,50.0,50.2,-0.03,N,0.73,0.098,1.18,0.0
CDLLONGLINE,bear,rsi_oversold,3.0,36,18,18,50.0,50.2,-0.03,N,0.73,0.098,1.18,0.0
CDLDOJI,bull,atr_high,0.5,120,44,76,36.7,35.7,0.22,N,-0.12,-0.018,0.96,57.5
CDLDOJI,bull,atr_high,0.75,120,52,68,43.3,44.0,-0.14,N,-0.25,-0.021,0.94,43.3
CDLDOJI,bull,atr_high,1.0,120,54,66,45.0,46.0,-0.21,N,-0.63,-0.054,0.87,30.8
CDLDOJI,bull,atr_high,1.25,120,58,62,48.3,47.1,0.27,N,-0.43,-0.042,0.91,20.0
CDLDOJI,bull,atr_high,1.5,120,59,61,49.2,52.0,-0.62,N,-0.55,-0.054,0.88,13.3
CDLDOJI,bull,atr_high,1.75,120,60,60,50.0,50.8,-0.17,N,-0.35,-0.038,0.92,8.3
CDLDOJI,bull,atr_high,2.0,120,60,60,50.0,50.9,-0.2,N,-0.42,-0.046,0.91,5.8
CDLDOJI,bull,atr_high,2.25,120,60,60,50.0,50.6,-0.14,N,-0.5,-0.053,0.89,4.2
CDLDOJI,bull,atr_high,2.5,120,60,60,50.0,49.9,0.03,N,-0.35,-0.04,0.92,2.5
CDLDOJI,bull,atr_high,2.75,120,60,60,50.0,50.7,-0.15,N,-0.3,-0.037,0.93,1.7
CDLDOJI,bull,atr_high,3.0,120,60,60,50.0,49.7,0.06,N,-0.21,-0.03,0.95,0.8
CDLLONGLINE,bear,rsi_mid_overbought,0.5,83,30,53,36.1,38.6,-0.45,N,1.04,0.079,1.4,59.0
CDLLONGLINE,bear,rsi_mid_overbought,0.75,83,37,46,44.6,44.9,-0.06,N,1.04,0.074,1.36,37.3
CDLLONGLINE,bear,rsi_mid_overbought,1.0,83,38,45,45.8,48.4,-0.48,N,0.65,0.031,1.2,30.1
CDLLONGLINE,bear,rsi_mid_overbought,1.25,83,39,44,47.0,49.3,-0.42,N,0.43,0.0,1.12,25.3
CDLLONGLINE,bear,rsi_mid_overbought,1.5,83,39,44,47.0,48.4,-0.26,N,0.37,-0.003,1.1,18.1
CDLLONGLINE,bear,rsi_mid_overbought,1.75,83,39,44,47.0,46.5,0.09,N,0.19,-0.028,1.05,13.3
CDLLONGLINE,bear,rsi_mid_overbought,2.0,83,39,44,47.0,48.7,-0.31,N,0.47,0.001,1.14,7.2
CDLLONGLINE,bear,rsi_mid_overbought,2.25,83,39,44,47.0,48.0,-0.18,N,0.62,0.03,1.19,3.6
CDLLONGLINE,bear,rsi_mid_overbought,2.5,83,39,44,47.0,47.3,-0.05,N,0.55,0.021,1.16,3.6
CDLLONGLINE,bear,rsi_mid_overbought,2.75,83,40,43,48.2,46.9,0.24,N,0.88,0.058,1.28,0.0
CDLLONGLINE,bear,rsi_mid_overbought,3.0,83,40,43,48.2,50.6,-0.44,N,0.88,0.058,1.28,0.0
CDLXSIDEGAP3METHODS,bull,none,0.5,39,15,24,38.5,39.7,-0.16,N,-0.26,0.025,0.91,56.4
CDLXSIDEGAP3METHODS,bull,none,0.75,39,16,23,41.0,44.0,-0.38,N,-0.87,-0.048,0.75,46.2
CDLXSIDEGAP3METHODS,bull,none,1.0,39,19,20,48.7,47.4,0.16,N,-0.22,0.03,0.93,28.2
CDLXSIDEGAP3METHODS,bull,none,1.25,39,19,20,48.7,48.7,0.0,N,-0.81,-0.033,0.79,25.6
CDLXSIDEGAP3METHODS,bull,none,1.5,39,19,20,48.7,47.6,0.13,N,-0.96,-0.056,0.76,20.5
CDLXSIDEGAP3METHODS,bull,none,1.75,39,19,20,48.7,49.8,-0.13,N,-1.12,-0.07,0.74,15.4
CDLXSIDEGAP3METHODS,bull,none,2.0,39,19,20,48.7,51.9,-0.4,N,-1.27,-0.081,0.71,10.3
CDLXSIDEGAP3METHODS,bull,none,2.25,39,19,20,48.7,50.9,-0.27,N,-0.9,-0.049,0.78,5.1
CDLXSIDEGAP3METHODS,bull,none,2.5,39,19,20,48.7,47.0,0.21,N,-0.93,-0.054,0.77,2.6
CDLXSIDEGAP3METHODS,bull,none,2.75,39,19,20,48.7,47.4,0.16,N,-0.94,-0.057,0.77,0.0
CDLXSIDEGAP3METHODS,bull,none,3.0,39,19,20,48.7,46.8,0.24,N,-0.94,-0.057,0.77,0.0
CDLMARUBOZU,bull,rsi_mid_oversold,0.5,28,12,16,42.9,42.6,0.03,N,-0.35,-0.026,0.87,50.0
CDLMARUBOZU,bull,rsi_mid_oversold,0.75,28,13,15,46.4,51.5,-0.54,N,-0.63,-0.044,0.8,35.7
CDLMARUBOZU,bull,rsi_mid_oversold,1.0,28,13,15,46.4,44.3,0.22,N,-1.18,-0.094,0.68,17.9
CDLMARUBOZU,bull,rsi_mid_oversold,1.25,28,13,15,46.4,53.0,-0.69,N,-1.64,-0.138,0.6,17.9
CDLMARUBOZU,bull,rsi_mid_oversold,1.5,28,13,15,46.4,50.6,-0.44,N,-1.54,-0.122,0.62,7.1
CDLMARUBOZU,bull,rsi_mid_oversold,1.75,28,13,15,46.4,52.7,-0.66,N,-1.65,-0.128,0.6,3.6
CDLMARUBOZU,bull,rsi_mid_oversold,2.0,28,13,15,46.4,47.6,-0.13,N,-0.83,-0.073,0.75,0.0
CDLMARUBOZU,bull,rsi_mid_oversold,2.25,28,13,15,46.4,51.2,-0.5,N,-0.83,-0.073,0.75,0.0
CDLMARUBOZU,bull,rsi_mid_oversold,2.5,28,13,15,46.4,44.3,0.22,N,-0.83,-0.073,0.75,0.0
CDLMARUBOZU,bull,rsi_mid_oversold,2.75,28,13,15,46.4,51.2,-0.5,N,-0.83,-0.073,0.75,0.0
CDLMARUBOZU,bull,rsi_mid_oversold,3.0,28,13,15,46.4,50.6,-0.44,N,-0.83,-0.073,0.75,0.0
CDLHIGHWAVE,bear,atr_high,0.5,102,35,67,34.3,33.9,0.09,N,0.02,-0.003,1.01,63.7
CDLHIGHWAVE,bear,atr_high,0.75,102,44,58,43.1,43.9,-0.15,N,-0.04,0.005,0.99,45.1
CDLHIGHWAVE,bear,atr_high,1.0,102,45,57,44.1,43.5,0.13,N,-0.26,-0.016,0.94,31.4
CDLHIGHWAVE,bear,atr_high,1.25,102,47,55,46.1,47.9,-0.36,N,-0.17,-0.008,0.96,22.5
CDLHIGHWAVE,bear,atr_high,1.5,102,50,52,49.0,50.7,-0.35,N,0.2,0.03,1.04,12.7
CDLHIGHWAVE,bear,atr_high,1.75,102,51,51,50.0,48.9,0.21,N,0.32,0.041,1.07,9.8
CDLHIGHWAVE,bear,atr_high,2.0,102,51,51,50.0,50.8,-0.17,N,0.36,0.043,1.08,5.9
CDLHIGHWAVE,bear,atr_high,2.25,102,51,51,50.0,49.6,0.08,N,0.23,0.031,1.05,4.9
CDLHIGHWAVE,bear,atr_high,2.5,102,51,51,50.0,50.4,-0.08,N,0.16,0.024,1.04,3.9
CDLHIGHWAVE,bear,atr_high,2.75,102,51,51,50.0,49.8,0.03,N,0.06,0.014,1.01,3.9
CDLHIGHWAVE,bear,atr_high,3.0,102,51,51,50.0,49.4,0.12,N,0.28,0.031,1.06,2.0
CDLMATCHINGLOW,bull,rsi_mid_oversold,0.5,33,13,20,39.4,40.2,-0.09,N,0.9,0.083,1.35,57.6
CDLMATCHINGLOW,bull,rsi_mid_oversold,0.75,33,15,18,45.5,45.7,-0.03,N,0.66,0.048,1.21,48.5
CDLMATCHINGLOW,bull,rsi_mid_oversold,1.0,33,15,18,45.5,49.2,-0.44,N,-0.18,-0.049,0.96,42.4
CDLMATCHINGLOW,bull,rsi_mid_oversold,1.25,33,15,18,45.5,43.9,0.18,N,-0.85,-0.13,0.82,39.4
CDLMATCHINGLOW,bull,rsi_mid_oversold,1.5,33,15,18,45.5,52.0,-0.75,N,-1.22,-0.167,0.76,27.3
CDLMATCHINGLOW,bull,rsi_mid_oversold,1.75,33,15,18,45.5,52.3,-0.78,N,-1.16,-0.167,0.77,21.2
CDLMATCHINGLOW,bull,rsi_mid_oversold,2.0,33,15,18,45.5,50.0,-0.52,N,-1.41,-0.192,0.73,15.2
CDLMATCHINGLOW,bull,rsi_mid_oversold,2.25,33,15,18,45.5,50.8,-0.61,N,-1.34,-0.181,0.74,9.1
CDLMATCHINGLOW,bull,rsi_mid_oversold,2.5,33,15,18,45.5,55.6,-1.17,N,-1.55,-0.203,0.71,9.1
CDLMATCHINGLOW,bull,rsi_mid_oversold,2.75,33,15,18,45.5,51.8,-0.73,N,-1.77,-0.226,0.69,9.1
CDLMATCHINGLOW,bull,rsi_mid_oversold,3.0,33,15,18,45.5,48.7,-0.38,N,-1.98,-0.249,0.66,9.1
CDLSHOOTINGSTAR,bear,none,0.5,47,19,28,40.4,40.4,-0.0,N,1.77,0.169,1.71,51.1
CDLSHOOTINGSTAR,bear,none,0.75,47,20,27,42.6,45.6,-0.41,N,0.92,0.079,1.27,44.7
CDLSHOOTINGSTAR,bear,none,1.0,47,21,26,44.7,48.9,-0.58,N,0.44,0.039,1.11,29.8
CDLSHOOTINGSTAR,bear,none,1.25,47,22,25,46.8,49.8,-0.41,N,0.57,0.099,1.14,19.1
CDLSHOOTINGSTAR,bear,none,1.5,47,22,25,46.8,48.0,-0.17,N,0.39,0.087,1.09,10.6
CDLSHOOTINGSTAR,bear,none,1.75,47,23,24,48.9,47.7,0.17,N,0.83,0.121,1.2,6.4
CDLSHOOTINGSTAR,bear,none,2.0,47,23,24,48.9,47.7,0.17,N,0.68,0.105,1.16,6.4
CDLSHOOTINGSTAR,bear,none,2.25,47,23,24,48.9,52.3,-0.46,N,0.59,0.096,1.14,4.3
CDLSHOOTINGSTAR,bear,none,2.5,47,23,24,48.9,51.6,-0.36,N,0.48,0.086,1.11,4.3
CDLSHOOTINGSTAR,bear,none,2.75,47,23,24,48.9,51.1,-0.29,N,0.38,0.075,1.08,4.3
CDLSHOOTINGSTAR,bear,none,3.0,47,23,24,48.9,48.9,-0.0,N,0.46,0.09,1.1,0.0
CDL3OUTSIDE,bear,trend_down,0.5,119,30,89,25.2,29.2,-0.96,N,-0.94,-0.112,0.71,68.9
CDL3OUTSIDE,bear,trend_down,0.75,119,46,73,38.7,39.9,-0.28,N,0.09,-0.024,1.03,46.2
CDL3OUTSIDE,bear,trend_down,1.0,119,52,67,43.7,45.7,-0.43,N,0.5,0.018,1.14,31.9
CDL3OUTSIDE,bear,trend_down,1.25,119,55,64,46.2,48.7,-0.55,N,0.38,0.004,1.1,23.5
CDL3OUTSIDE,bear,trend_down,1.5,119,56,63,47.1,49.9,-0.63,N,0.4,0.006,1.11,16.8
CDL3OUTSIDE,bear,trend_down,1.75,119,56,63,47.1,47.5,-0.09,N,0.55,0.013,1.15,10.1
CDL3OUTSIDE,bear,trend_down,2.0,119,57,62,47.9,49.6,-0.37,N,0.69,0.028,1.19,6.7
CDL3OUTSIDE,bear,trend_down,2.25,119,57,62,47.9,51.1,-0.7,N,0.66,0.024,1.18,5.0
CDL3OUTSIDE,bear,trend_down,2.5,119,57,62,47.9,47.3,0.14,N,0.6,0.017,1.16,4.2
CDL3OUTSIDE,bear,trend_down,2.75,119,57,62,47.9,49.0,-0.24,N,0.58,0.011,1.16,3.4
CDL3OUTSIDE,bear,trend_down,3.0,119,57,62,47.9,48.8,-0.2,N,0.62,0.018,1.17,1.7
CDLHAMMER,bull,none,0.5,92,29,63,31.5,36.3,-0.96,N,-0.32,-0.047,0.89,62.0
CDLHAMMER,bull,none,0.75,92,38,54,41.3,43.5,-0.42,N,-0.39,-0.044,0.88,44.6
CDLHAMMER,bull,none,1.0,92,40,52,43.5,46.6,-0.61,N,-0.77,-0.089,0.8,34.8
CDLHAMMER,bull,none,1.25,92,43,49,46.7,46.6,0.03,N,-0.7,-0.084,0.82,23.9
CDLHAMMER,bull,none,1.5,92,43,49,46.7,46.0,0.14,N,-0.87,-0.109,0.79,19.6
CDLHAMMER,bull,none,1.75,92,44,48,47.8,49.0,-0.23,N,-0.96,-0.132,0.77,18.5
CDLHAMMER,bull,none,2.0,92,44,48,47.8,47.1,0.14,N,-0.97,-0.137,0.77,13.0
CDLHAMMER,bull,none,2.25,92,44,48,47.8,48.9,-0.21,N,-1.0,-0.14,0.77,8.7
CDLHAMMER,bull,none,2.5,92,45,47,48.9,48.6,0.07,N,-0.8,-0.115,0.8,6.5
CDLHAMMER,bull,none,2.75,92,45,47,48.9,51.7,-0.54,N,-0.79,-0.114,0.81,4.3
CDLHAMMER,bull,none,3.0,92,45,47,48.9,48.8,0.02,N,-0.75,-0.111,0.81,3.3
CDLINVERTEDHAMMER,bull,atr_low,0.5,27,7,20,25.9,35.2,-1.01,N,-0.02,0.025,0.99,70.4
CDLINVERTEDHAMMER,bull,atr_low,0.75,27,10,17,37.0,42.3,-0.55,N,0.01,0.053,1.0,44.4
CDLINVERTEDHAMMER,bull,atr_low,1.0,27,11,16,40.7,49.1,-0.87,N,0.14,0.084,1.04,25.9
CDLINVERTEDHAMMER,bull,atr_low,1.25,27,12,15,44.4,43.2,0.13,N,0.07,0.094,1.02,18.5
CDLINVERTEDHAMMER,bull,atr_low,1.5,27,12,15,44.4,53.4,-0.93,N,-0.42,0.047,0.9,18.5
CDLINVERTEDHAMMER,bull,atr_low,1.75,27,12,15,44.4,51.2,-0.71,N,-0.91,0.001,0.8,18.5
CDLINVERTEDHAMMER,bull,atr_low,2.0,27,12,15,44.4,50.0,-0.58,N,-1.2,-0.029,0.76,14.8
CDLINVERTEDHAMMER,bull,atr_low,2.25,27,12,15,44.4,49.1,-0.48,N,-1.58,-0.066,0.7,14.8
CDLINVERTEDHAMMER,bull,atr_low,2.5,27,12,15,44.4,50.3,-0.61,N,-1.15,-0.012,0.76,3.7
CDLINVERTEDHAMMER,bull,atr_low,2.75,27,12,15,44.4,49.1,-0.48,N,-1.28,-0.021,0.74,3.7
CDLINVERTEDHAMMER,bull,atr_low,3.0,27,12,15,44.4,51.9,-0.77,N,-0.51,0.035,0.88,0.0
CDLBELTHOLD,bull,trend_up,0.5,247,74,173,30.0,31.2,-0.43,N,-0.31,-0.057,0.9,65.2
CDLBELTHOLD,bull,trend_up,0.75,247,97,150,39.3,42.5,-1.02,N,-0.43,-0.065,0.88,49.0
CDLBELTHOLD,bull,trend_up,1.0,247,113,134,45.7,45.5,0.06,N,-0.24,-0.046,0.94,33.6
CDLBELTHOLD,bull,trend_up,1.25,247,114,133,46.2,47.6,-0.47,N,-0.42,-0.064,0.89,24.3
CDLBELTHOLD,bull,trend_up,1.5,247,119,128,48.2,48.8,-0.18,N,-0.14,-0.036,0.97,16.2
CDLBELTHOLD,bull,trend_up,1.75,247,119,128,48.2,48.2,-0.01,N,-0.27,-0.049,0.93,11.7
CDLBELTHOLD,bull,trend_up,2.0,247,119,128,48.2,48.3,-0.03,N,-0.36,-0.056,0.91,8.1
CDLBELTHOLD,bull,trend_up,2.25,247,119,128,48.2,50.9,-0.85,N,-0.36,-0.055,0.91,5.3
CDLBELTHOLD,bull,trend_up,2.5,247,120,127,48.6,51.3,-0.85,N,-0.22,-0.041,0.95,3.2
CDLBELTHOLD,bull,trend_up,2.75,247,120,127,48.6,49.6,-0.31,N,-0.28,-0.048,0.93,2.4
CDLBELTHOLD,bull,trend_up,3.0,247,120,127,48.6,50.4,-0.56,N,-0.29,-0.049,0.93,1.6
CDLHAMMER,bull,atr_low,0.5,73,20,53,27.4,38.1,-1.89,N,-0.82,-0.094,0.71,64.4
CDLHAMMER,bull,atr_low,0.75,73,29,44,39.7,45.0,-0.9,N,-0.57,-0.058,0.82,43.8
CDLHAMMER,bull,atr_low,1.0,73,30,43,41.1,46.6,-0.94,N,-1.02,-0.112,0.73,34.2
CDLHAMMER,bull,atr_low,1.25,73,33,40,45.2,51.8,-1.13,N,-0.77,-0.09,0.79,23.3
CDLHAMMER,bull,atr_low,1.5,73,33,40,45.2,47.5,-0.39,N,-0.93,-0.117,0.76,19.2
CDLHAMMER,bull,atr_low,1.75,73,33,40,45.2,50.0,-0.82,N,-1.3,-0.165,0.69,19.2
CDLHAMMER,bull,atr_low,2.0,73,33,40,45.2,49.5,-0.74,N,-1.48,-0.188,0.66,15.1
CDLHAMMER,bull,atr_low,2.25,73,33,40,45.2,50.3,-0.88,N,-1.56,-0.197,0.65,11.0
CDLHAMMER,bull,atr_low,2.5,73,34,39,46.6,46.3,0.04,N,-1.31,-0.165,0.69,8.2
CDLHAMMER,bull,atr_low,2.75,73,34,39,46.6,50.8,-0.72,N,-1.3,-0.163,0.69,5.5
CDLHAMMER,bull,atr_low,3.0,73,34,39,46.6,50.1,-0.6,N,-1.25,-0.161,0.7,4.1
CDLSPINNINGTOP,bull,atr_low,0.5,469,143,326,30.5,32.9,-1.1,N,-0.43,-0.048,0.85,64.0
CDLSPINNINGTOP,bull,atr_low,0.75,469,183,286,39.0,40.3,-0.56,N,-0.05,0.002,0.98,43.7
CDLSPINNINGTOP,bull,atr_low,1.0,469,208,261,44.3,44.3,0.03,N,0.32,0.054,1.1,30.1
CDLSPINNINGTOP,bull,atr_low,1.25,469,214,255,45.6,47.5,-0.82,N,0.29,0.052,1.09,21.5
CDLSPINNINGTOP,bull,atr_low,1.5,469,220,249,46.9,48.9,-0.86,N,0.28,0.05,1.08,15.8
CDLSPINNINGTOP,bull,atr_low,1.75,469,223,246,47.5,49.4,-0.8,N,0.31,0.055,1.09,10.9
CDLSPINNINGTOP,bull,atr_low,2.0,469,223,246,47.5,49.3,-0.76,N,0.19,0.041,1.06,8.5
CDLSPINNINGTOP,bull,atr_low,2.25,469,223,246,47.5,49.1,-0.65,N,0.13,0.035,1.04,5.8
CDLSPINNINGTOP,bull,atr_low,2.5,469,224,245,47.8,49.3,-0.68,N,0.18,0.039,1.05,3.8
CDLSPINNINGTOP,bull,atr_low,2.75,469,224,245,47.8,50.2,-1.07,N,0.18,0.039,1.05,3.0
CDLSPINNINGTOP,bull,atr_low,3.0,469,224,245,47.8,50.6,-1.25,N,0.23,0.043,1.07,1.9
CDLHIKKAKE,bear,trend_down,0.5,247,79,168,32.0,33.3,-0.45,N,-0.03,-0.004,0.99,61.5
CDLHIKKAKE,bear,trend_down,0.75,247,100,147,40.5,42.2,-0.56,N,-0.04,-0.007,0.99,47.4
CDLHIKKAKE,bear,trend_down,1.0,247,112,135,45.3,45.3,0.02,N,0.34,0.052,1.09,32.4
CDLHIKKAKE,bear,trend_down,1.25,247,114,133,46.2,48.7,-0.8,N,0.15,0.03,1.04,23.5
CDLHIKKAKE,bear,trend_down,1.5,247,115,132,46.6,47.9,-0.44,N,0.01,0.012,1.0,17.0
CDLHIKKAKE,bear,trend_down,1.75,247,115,132,46.6,48.6,-0.64,N,-0.26,-0.017,0.94,13.8
CDLHIKKAKE,bear,trend_down,2.0,247,116,131,47.0,47.2,-0.08,N,-0.05,0.001,0.99,9.7
CDLHIKKAKE,bear,trend_down,2.25,247,118,129,47.8,51.0,-1.01,N,0.07,0.012,1.02,6.9
CDLHIKKAKE,bear,trend_down,2.5,247,118,129,47.8,49.5,-0.54,N,-0.05,-0.001,0.99,6.5
CDLHIKKAKE,bear,trend_down,2.75,247,118,129,47.8,50.4,-0.82,N,-0.17,-0.015,0.96,6.1
CDLHIKKAKE,bear,trend_down,3.0,247,118,129,47.8,50.9,-0.99,N,-0.16,-0.014,0.96,4.5
CDLSPINNINGTOP,bear,trend_down,0.5,378,117,261,31.0,32.3,-0.56,N,-0.07,-0.005,0.98,64.8
CDLSPINNINGTOP,bear,trend_down,0.75,378,149,229,39.4,40.9,-0.59,N,0.04,0.021,1.01,46.6
CDLSPINNINGTOP,bear,trend_down,1.0,378,166,212,43.9,43.9,-0.0,N,0.3,0.059,1.08,32.0
CDLSPINNINGTOP,bear,trend_down,1.25,378,172,206,45.5,47.4,-0.76,N,0.32,0.057,1.08,22.8
CDLSPINNINGTOP,bear,trend_down,1.5,378,179,199,47.4,49.8,-0.96,N,0.38,0.061,1.1,16.7
CDLSPINNINGTOP,bear,trend_down,1.75,378,183,195,48.4,48.9,-0.2,N,0.44,0.069,1.11,11.9
CDLSPINNINGTOP,bear,trend_down,2.0,378,183,195,48.4,49.7,-0.51,N,0.39,0.062,1.1,8.2
CDLSPINNINGTOP,bear,trend_down,2.25,378,183,195,48.4,49.6,-0.46,N,0.33,0.056,1.08,5.6
CDLSPINNINGTOP,bear,trend_down,2.5,378,184,194,48.7,50.1,-0.55,N,0.38,0.06,1.1,4.2
CDLSPINNINGTOP,bear,trend_down,2.75,378,184,194,48.7,49.9,-0.48,N,0.39,0.061,1.1,3.2
CDLSPINNINGTOP,bear,trend_down,3.0,378,184,194,48.7,49.8,-0.44,N,0.55,0.074,1.14,1.6
CDLMATCHINGLOW,bull,trend_down,0.5,39,14,25,35.9,39.5,-0.46,N,0.14,0.007,1.05,61.5
CDLMATCHINGLOW,bull,trend_down,0.75,39,17,22,43.6,45.7,-0.27,N,-0.13,-0.021,0.96,51.3
CDLMATCHINGLOW,bull,trend_down,1.0,39,17,22,43.6,52.1,-1.07,N,-1.11,-0.13,0.75,46.2
CDLMATCHINGLOW,bull,trend_down,1.25,39,18,21,46.2,46.6,-0.05,N,-1.41,-0.161,0.71,38.5
CDLMATCHINGLOW,bull,trend_down,1.5,39,18,21,46.2,50.4,-0.53,N,-1.88,-0.206,0.64,28.2
CDLMATCHINGLOW,bull,trend_down,1.75,39,18,21,46.2,50.0,-0.48,N,-1.8,-0.205,0.66,20.5
CDLMATCHINGLOW,bull,trend_down,2.0,39,18,21,46.2,47.6,-0.19,N,-2.06,-0.233,0.62,15.4
CDLMATCHINGLOW,bull,trend_down,2.25,39,18,21,46.2,51.1,-0.61,N,-2.07,-0.23,0.62,10.3
CDLMATCHINGLOW,bull,trend_down,2.5,39,18,21,46.2,51.5,-0.67,N,-2.31,-0.255,0.6,10.3
CDLMATCHINGLOW,bull,trend_down,2.75,39,18,21,46.2,51.3,-0.64,N,-2.36,-0.261,0.59,7.7
CDLMATCHINGLOW,bull,trend_down,3.0,39,18,21,46.2,49.6,-0.43,N,-2.54,-0.28,0.57,7.7
CDLSPINNINGTOP,bull,rsi_overbought,0.5,29,7,22,24.1,33.3,-1.05,N,-0.83,-0.057,0.77,69.0
CDLSPINNINGTOP,bull,rsi_overbought,0.75,29,10,19,34.5,42.0,-0.82,N,-1.16,-0.088,0.74,55.2
CDLSPINNINGTOP,bull,rsi_overbought,1.0,29,12,17,41.4,42.0,-0.06,N,-1.08,-0.052,0.79,44.8
CDLSPINNINGTOP,bull,rsi_overbought,1.25,29,12,17,41.4,48.3,-0.74,N,-0.82,-0.011,0.83,24.1
CDLSPINNINGTOP,bull,rsi_overbought,1.5,29,12,17,41.4,51.4,-1.08,N,-0.81,-0.014,0.83,17.2
CDLSPINNINGTOP,bull,rsi_overbought,1.75,29,12,17,41.4,46.3,-0.53,N,-1.28,-0.057,0.76,17.2
CDLSPINNINGTOP,bull,rsi_overbought,2.0,29,12,17,41.4,53.2,-1.27,N,-1.48,-0.08,0.73,10.3
CDLSPINNINGTOP,bull,rsi_overbought,2.25,29,12,17,41.4,44.3,-0.31,N,-1.73,-0.105,0.7,10.3
CDLSPINNINGTOP,bull,rsi_overbought,2.5,29,12,17,41.4,51.7,-1.11,N,-1.98,-0.131,0.67,10.3
CDLSPINNINGTOP,bull,rsi_overbought,2.75,29,12,17,41.4,51.7,-1.11,N,-2.23,-0.157,0.65,10.3
CDLSPINNINGTOP,bull,rsi_overbought,3.0,29,12,17,41.4,52.0,-1.15,N,-2.48,-0.183,0.62,10.3
CDLSHORTLINE,bull,atr_high,0.5,185,67,118,36.2,38.0,-0.5,N,0.22,0.006,1.07,53.5
CDLSHORTLINE,bull,atr_high,0.75,185,81,104,43.8,44.1,-0.09,N,0.29,0.009,1.08,36.8
CDLSHORTLINE,bull,atr_high,1.0,185,86,99,46.5,47.7,-0.32,N,0.5,0.029,1.14,22.2
CDLSHORTLINE,bull,atr_high,1.25,185,87,98,47.0,49.3,-0.61,N,0.69,0.042,1.2,12.4
CDLSHORTLINE,bull,atr_high,1.5,185,87,98,47.0,49.3,-0.61,N,0.7,0.041,1.2,7.6
CDLSHORTLINE,bull,atr_high,1.75,185,87,98,47.0,48.5,-0.39,N,0.66,0.037,1.19,5.4
CDLSHORTLINE,bull,atr_high,2.0,185,87,98,47.0,50.4,-0.92,N,0.63,0.034,1.18,3.8
CDLSHORTLINE,bull,atr_high,2.25,185,87,98,47.0,50.9,-1.07,N,0.61,0.033,1.17,2.2
CDLSHORTLINE,bull,atr_high,2.5,185,87,98,47.0,49.2,-0.59,N,0.63,0.035,1.18,1.6
CDLSHORTLINE,bull,atr_high,2.75,185,87,98,47.0,50.5,-0.96,N,0.59,0.031,1.17,1.6
CDLSHORTLINE,bull,atr_high,3.0,185,87,98,47.0,48.9,-0.5,N,0.55,0.026,1.15,1.6
CDLENGULFING,bear,trend_up,0.5,173,50,123,28.9,32.4,-0.97,N,-0.52,-0.045,0.83,65.3
CDLENGULFING,bear,trend_up,0.75,173,66,107,38.2,41.0,-0.77,N,-0.42,-0.036,0.88,49.1
CDLENGULFING,bear,trend_up,1.0,173,78,95,45.1,46.3,-0.33,N,-0.12,-0.005,0.97,31.8
CDLENGULFING,bear,trend_up,1.25,173,80,93,46.2,48.2,-0.52,N,-0.21,-0.015,0.94,22.5
CDLENGULFING,bear,trend_up,1.5,173,82,91,47.4,47.8,-0.1,N,-0.21,-0.021,0.94,16.2
CDLENGULFING,bear,trend_up,1.75,173,82,91,47.4,49.0,-0.42,N,-0.53,-0.059,0.87,15.6
CDLENGULFING,bear,trend_up,2.0,173,82,91,47.4,48.1,-0.18,N,-0.6,-0.066,0.86,11.6
CDLENGULFING,bear,trend_up,2.25,173,82,91,47.4,48.3,-0.24,N,-0.67,-0.075,0.84,9.2
CDLENGULFING,bear,trend_up,2.5,173,82,91,47.4,48.5,-0.29,N,-0.77,-0.085,0.82,8.1
CDLENGULFING,bear,trend_up,2.75,173,83,90,48.0,50.1,-0.56,N,-0.73,-0.081,0.83,5.2
CDLENGULFING,bear,trend_up,3.0,173,83,90,48.0,48.7,-0.18,N,-0.83,-0.094,0.81,5.2
CDLHARAMICROSS,bull,trend_up,0.5,26,5,21,19.2,29.5,-1.15,N,-2.47,-0.27,0.3,76.9
CDLHARAMICROSS,bull,trend_up,0.75,26,7,19,26.9,34.9,-0.86,N,-2.85,-0.307,0.32,53.8
CDLHARAMICROSS,bull,trend_up,1.0,26,11,15,42.3,43.3,-0.1,N,-0.39,0.032,0.88,26.9
CDLHARAMICROSS,bull,trend_up,1.25,26,11,15,42.3,52.2,-1.01,N,-0.64,0.007,0.82,23.1
CDLHARAMICROSS,bull,trend_up,1.5,26,11,15,42.3,48.4,-0.62,N,-0.62,0.004,0.82,15.4
CDLHARAMICROSS,bull,trend_up,1.75,26,11,15,42.3,50.0,-0.78,N,0.12,0.088,1.04,0.0
CDLHARAMICROSS,bull,trend_up,2.0,26,11,15,42.3,50.0,-0.78,N,0.12,0.088,1.04,0.0
CDLHARAMICROSS,bull,trend_up,2.25,26,11,15,42.3,52.2,-1.01,N,0.12,0.088,1.04,0.0
CDLHARAMICROSS,bull,trend_up,2.5,26,11,15,42.3,50.3,-0.82,N,0.12,0.088,1.04,0.0
CDLHARAMICROSS,bull,trend_up,2.75,26,11,15,42.3,52.9,-1.08,N,0.12,0.088,1.04,0.0
CDLHARAMICROSS,bull,trend_up,3.0,26,11,15,42.3,54.2,-1.21,N,0.12,0.088,1.04,0.0
CDLENGULFING,bear,trend_down,0.5,243,79,164,32.5,35.5,-0.96,N,-0.42,-0.048,0.86,63.0
CDLENGULFING,bear,trend_down,0.75,243,97,146,39.9,41.7,-0.56,N,-0.33,-0.049,0.91,49.0
CDLENGULFING,bear,trend_down,1.0,243,107,136,44.0,45.5,-0.45,N,-0.3,-0.059,0.92,34.2
CDLENGULFING,bear,trend_down,1.25,243,111,132,45.7,46.9,-0.4,N,-0.32,-0.062,0.92,24.3
CDLENGULFING,bear,trend_down,1.5,243,115,128,47.3,49.8,-0.78,N,-0.16,-0.043,0.96,17.3
CDLENGULFING,bear,trend_down,1.75,243,116,127,47.7,50.6,-0.9,N,-0.12,-0.04,0.97,10.7
CDLENGULFING,bear,trend_down,2.0,243,116,127,47.7,48.1,-0.11,N,-0.01,-0.032,1.0,7.8
CDLENGULFING,bear,trend_down,2.25,243,116,127,47.7,50.0,-0.72,N,-0.09,-0.043,0.98,6.6
CDLENGULFING,bear,trend_down,2.5,243,116,127,47.7,48.8,-0.32,N,-0.11,-0.049,0.97,4.9
CDLENGULFING,bear,trend_down,2.75,243,116,127,47.7,50.9,-0.97,N,-0.05,-0.039,0.99,3.3
CDLENGULFING,bear,trend_down,3.0,243,116,127,47.7,48.6,-0.26,N,-0.05,-0.041,0.99,2.1
CDL3OUTSIDE,bull,trend_up,0.5,71,23,48,32.4,35.7,-0.58,N,-0.11,0.014,0.96,60.6
CDL3OUTSIDE,bull,trend_up,0.75,71,30,41,42.3,43.0,-0.12,N,0.22,0.049,1.06,46.5
CDL3OUTSIDE,bull,trend_up,1.0,71,31,40,43.7,50.1,-1.09,N,0.03,0.021,1.01,33.8
CDL3OUTSIDE,bull,trend_up,1.25,71,32,39,45.1,48.9,-0.65,N,-0.25,-0.009,0.94,26.8
CDL3OUTSIDE,bull,trend_up,1.5,71,32,39,45.1,51.3,-1.05,N,-0.33,-0.022,0.92,18.3
CDL3OUTSIDE,bull,trend_up,1.75,71,32,39,45.1,48.9,-0.65,N,-0.57,-0.048,0.87,14.1
CDL3OUTSIDE,bull,trend_up,2.0,71,32,39,45.1,51.3,-1.05,N,-0.5,-0.042,0.88,9.9
CDL3OUTSIDE,bull,trend_up,2.25,71,32,39,45.1,49.1,-0.67,N,-0.65,-0.058,0.85,8.5
CDL3OUTSIDE,bull,trend_up,2.5,71,32,39,45.1,47.3,-0.38,N,-0.59,-0.053,0.86,5.6
CDL3OUTSIDE,bull,trend_up,2.75,71,32,39,45.1,47.5,-0.42,N,-0.72,-0.067,0.84,5.6
CDL3OUTSIDE,bull,trend_up,3.0,71,32,39,45.1,47.8,-0.46,N,-0.67,-0.064,0.85,2.8
CDLSPINNINGTOP,bear,rsi_mid_overbought,0.5,127,38,89,29.9,32.3,-0.57,N,-1.08,-0.118,0.64,66.1
CDLSPINNINGTOP,bear,rsi_mid_overbought,0.75,127,49,78,38.6,42.7,-0.94,N,-0.98,-0.113,0.71,44.9
CDLSPINNINGTOP,bear,rsi_mid_overbought,1.0,127,54,73,42.5,44.5,-0.45,N,-0.7,-0.077,0.79,29.9
CDLSPINNINGTOP,bear,rsi_mid_overbought,1.25,127,57,70,44.9,45.5,-0.13,N,-0.7,-0.077,0.8,23.6
CDLSPINNINGTOP,bear,rsi_mid_overbought,1.5,127,58,69,45.7,52.0,-1.42,N,-0.69,-0.075,0.81,15.7
CDLSPINNINGTOP,bear,rsi_mid_overbought,1.75,127,58,69,45.7,48.1,-0.55,N,-0.69,-0.075,0.8,11.0
CDLSPINNINGTOP,bear,rsi_mid_overbought,2.0,127,58,69,45.7,49.3,-0.81,N,-0.77,-0.086,0.79,7.9
CDLSPINNINGTOP,bear,rsi_mid_overbought,2.25,127,58,69,45.7,50.3,-1.05,N,-0.7,-0.08,0.8,3.9
CDLSPINNINGTOP,bear,rsi_mid_overbought,2.5,127,58,69,45.7,47.9,-0.5,N,-0.77,-0.089,0.79,3.1
CDLSPINNINGTOP,bear,rsi_mid_overbought,2.75,127,58,69,45.7,50.3,-1.05,N,-0.83,-0.097,0.77,3.1
CDLSPINNINGTOP,bear,rsi_mid_overbought,3.0,127,58,69,45.7,51.6,-1.33,N,-0.84,-0.098,0.77,2.4
CDL3OUTSIDE,bull,none,0.5,192,55,137,28.6,31.3,-0.8,N,-0.56,nan,0.82,65.1
CDL3OUTSIDE,bull,none,0.75,192,78,114,40.6,43.8,-0.87,N,0.2,nan,1.06,45.8
CDL3OUTSIDE,bull,none,1.0,192,85,107,44.3,47.4,-0.86,N,0.38,nan,1.11,32.3
CDL3OUTSIDE,bull,none,1.25,192,89,103,46.4,48.4,-0.55,N,0.21,nan,1.06,24.5
CDL3OUTSIDE,bull,none,1.5,192,90,102,46.9,47.4,-0.16,N,0.19,nan,1.05,17.2
CDL3OUTSIDE,bull,none,1.75,192,90,102,46.9,49.0,-0.59,N,0.19,nan,1.05,11.5
CDL3OUTSIDE,bull,none,2.0,192,91,101,47.4,50.0,-0.72,N,0.31,nan,1.08,7.8
CDL3OUTSIDE,bull,none,2.25,192,91,101,47.4,48.9,-0.41,N,0.23,nan,1.06,6.2
CDL3OUTSIDE,bull,none,2.5,192,91,101,47.4,51.1,-1.02,N,0.21,nan,1.06,4.7
CDL3OUTSIDE,bull,none,2.75,192,91,101,47.4,50.4,-0.83,N,0.15,nan,1.04,4.2
CDL3OUTSIDE,bull,none,3.0,192,91,101,47.4,50.4,-0.84,N,0.2,nan,1.05,2.1
CDLINVERTEDHAMMER,bull,trend_down,0.5,20,5,15,25.0,26.7,-0.17,N,0.6,0.124,1.18,75.0
CDLINVERTEDHAMMER,bull,trend_down,0.75,20,7,13,35.0,44.2,-0.83,N,0.53,0.141,1.15,45.0
CDLINVERTEDHAMMER,bull,trend_down,1.0,20,8,12,40.0,49.2,-0.82,N,0.57,0.168,1.14,35.0
CDLINVERTEDHAMMER,bull,trend_down,1.25,20,8,12,40.0,49.6,-0.86,N,0.13,0.125,1.03,25.0
CDLINVERTEDHAMMER,bull,trend_down,1.5,20,8,12,40.0,47.5,-0.67,N,-0.48,0.063,0.9,25.0
CDLINVERTEDHAMMER,bull,trend_down,1.75,20,8,12,40.0,49.2,-0.82,N,-1.09,0.0,0.8,25.0
CDLINVERTEDHAMMER,bull,trend_down,2.0,20,8,12,40.0,49.2,-0.82,N,-1.44,-0.04,0.76,20.0
CDLINVERTEDHAMMER,bull,trend_down,2.25,20,8,12,40.0,48.3,-0.75,N,-1.9,-0.09,0.7,20.0
CDLINVERTEDHAMMER,bull,trend_down,2.5,20,8,12,40.0,52.5,-1.12,N,-1.28,-0.018,0.78,5.0
CDLINVERTEDHAMMER,bull,trend_down,2.75,20,8,12,40.0,47.1,-0.63,N,-1.4,-0.03,0.76,5.0
CDLINVERTEDHAMMER,bull,trend_down,3.0,20,8,12,40.0,44.6,-0.41,N,-1.52,-0.043,0.75,5.0
CDLMARUBOZU,bear,trend_down,0.5,87,29,58,33.3,34.7,-0.26,N,-0.86,-0.088,0.72,62.1
CDLMARUBOZU,bear,trend_down,0.75,87,35,52,40.2,41.5,-0.24,N,-1.18,-0.128,0.68,49.4
CDLMARUBOZU,bear,trend_down,1.0,87,38,49,43.7,46.8,-0.59,N,-1.29,-0.144,0.68,31.0
CDLMARUBOZU,bear,trend_down,1.25,87,38,49,43.7,44.6,-0.18,N,-1.71,-0.187,0.62,27.6
CDLMARUBOZU,bear,trend_down,1.5,87,39,48,44.8,47.3,-0.47,N,-1.55,-0.167,0.64,16.1
CDLMARUBOZU,bear,trend_down,1.75,87,40,47,46.0,52.3,-1.18,N,-1.53,-0.161,0.64,11.5
CDLMARUBOZU,bear,trend_down,2.0,87,41,46,47.1,48.7,-0.29,N,-1.25,-0.142,0.69,9.2
CDLMARUBOZU,bear,trend_down,2.25,87,41,46,47.1,51.5,-0.82,N,-1.28,-0.143,0.69,6.9
CDLMARUBOZU,bear,trend_down,2.5,87,41,46,47.1,48.3,-0.21,N,-1.32,-0.147,0.68,4.6
CDLMARUBOZU,bear,trend_down,2.75,87,41,46,47.1,50.7,-0.66,N,-1.42,-0.159,0.67,4.6
CDLMARUBOZU,bear,trend_down,3.0,87,41,46,47.1,51.1,-0.73,N,-1.45,-0.163,0.66,3.4
CDLHAMMER,bull,trend_up,0.5,30,8,22,26.7,39.2,-1.4,N,-1.55,-0.151,0.49,66.7
CDLHAMMER,bull,trend_up,0.75,30,10,20,33.3,42.5,-1.02,N,-2.12,-0.209,0.44,50.0
CDLHAMMER,bull,trend_up,1.0,30,12,18,40.0,52.2,-1.34,N,-2.08,-0.208,0.5,40.0
CDLHAMMER,bull,trend_up,1.25,30,14,16,46.7,53.1,-0.7,N,-1.73,-0.181,0.58,30.0
CDLHAMMER,bull,trend_up,1.5,30,14,16,46.7,50.3,-0.4,N,-1.88,-0.21,0.56,26.7
CDLHAMMER,bull,trend_up,1.75,30,14,16,46.7,50.8,-0.46,N,-2.42,-0.277,0.5,26.7
CDLHAMMER,bull,trend_up,2.0,30,14,16,46.7,49.7,-0.33,N,-2.0,-0.234,0.55,16.7
CDLHAMMER,bull,trend_up,2.25,30,14,16,46.7,50.8,-0.46,N,-1.81,-0.206,0.57,6.7
CDLHAMMER,bull,trend_up,2.5,30,14,16,46.7,48.9,-0.24,N,-1.96,-0.223,0.55,6.7
CDLHAMMER,bull,trend_up,2.75,30,14,16,46.7,48.9,-0.24,N,-2.1,-0.24,0.54,6.7
CDLHAMMER,bull,trend_up,3.0,30,14,16,46.7,50.8,-0.46,N,-1.84,-0.216,0.57,3.3
CDLLONGLINE,bull,atr_high,0.5,197,58,139,29.4,32.4,-0.89,N,-0.96,-0.095,0.74,68.0
CDLLONGLINE,bull,atr_high,0.75,197,78,119,39.6,41.9,-0.65,N,-0.93,-0.093,0.79,51.8
CDLLONGLINE,bull,atr_high,1.0,197,91,106,46.2,48.5,-0.65,N,-0.7,-0.075,0.84,32.5
CDLLONGLINE,bull,atr_high,1.25,197,92,105,46.7,47.6,-0.26,N,-1.2,-0.114,0.76,27.9
CDLLONGLINE,bull,atr_high,1.5,197,93,104,47.2,49.5,-0.63,N,-1.4,-0.134,0.74,22.8
CDLLONGLINE,bull,atr_high,1.75,197,93,104,47.2,50.3,-0.85,N,-1.47,-0.144,0.73,16.2
CDLLONGLINE,bull,atr_high,2.0,197,94,103,47.7,49.0,-0.36,N,-1.26,-0.127,0.76,11.2
CDLLONGLINE,bull,atr_high,2.25,197,94,103,47.7,50.7,-0.84,N,-1.21,-0.12,0.77,7.6
CDLLONGLINE,bull,atr_high,2.5,197,94,103,47.7,49.3,-0.44,N,-1.28,-0.127,0.76,5.6
CDLLONGLINE,bull,atr_high,2.75,197,95,102,48.2,49.8,-0.44,N,-1.14,-0.111,0.78,4.1
CDLLONGLINE,bull,atr_high,3.0,197,95,102,48.2,51.5,-0.93,N,-1.19,-0.116,0.77,3.0
CDLHARAMICROSS,bear,atr_low,0.5,37,8,29,21.6,23.9,-0.32,N,-2.16,-0.26,0.34,75.7
CDLHARAMICROSS,bear,atr_low,0.75,37,10,27,27.0,33.1,-0.79,N,-2.45,-0.286,0.35,51.4
CDLHARAMICROSS,bear,atr_low,1.0,37,15,22,40.5,45.9,-0.66,N,-0.56,-0.02,0.82,27.0
CDLHARAMICROSS,bear,atr_low,1.25,37,15,22,40.5,45.3,-0.58,N,-0.6,-0.025,0.81,21.6
CDLHARAMICROSS,bear,atr_low,1.5,37,15,22,40.5,48.0,-0.9,N,-1.08,-0.079,0.7,21.6
CDLHARAMICROSS,bear,atr_low,1.75,37,16,21,43.2,52.3,-1.1,N,-0.42,0.004,0.87,8.1
CDLHARAMICROSS,bear,atr_low,2.0,37,16,21,43.2,49.8,-0.79,N,-0.62,-0.016,0.82,8.1
CDLHARAMICROSS,bear,atr_low,2.25,37,16,21,43.2,49.3,-0.74,N,-0.65,-0.02,0.81,5.4
CDLHARAMICROSS,bear,atr_low,2.5,37,17,20,45.9,51.4,-0.66,N,0.29,0.084,1.1,2.7
CDLHARAMICROSS,bear,atr_low,2.75,37,17,20,45.9,48.4,-0.3,N,0.22,0.077,1.07,2.7
CDLHARAMICROSS,bear,atr_low,3.0,37,17,20,45.9,51.4,-0.66,N,0.15,0.071,1.05,2.7
CDLSHORTLINE,bull,trend_up,0.5,253,88,165,34.8,35.7,-0.3,N,-0.11,-0.018,0.96,57.7
CDLSHORTLINE,bull,trend_up,0.75,253,105,148,41.5,42.7,-0.37,N,0.11,0.001,1.04,39.5
CDLSHORTLINE,bull,trend_up,1.0,253,112,141,44.3,45.4,-0.37,N,0.15,0.004,1.05,24.9
CDLSHORTLINE,bull,trend_up,1.25,253,115,138,45.5,48.2,-0.87,N,0.23,0.007,1.07,17.4
CDLSHORTLINE,bull,trend_up,1.5,253,116,137,45.8,48.6,-0.88,N,0.18,-0.001,1.05,12.6
CDLSHORTLINE,bull,trend_up,1.75,253,117,136,46.2,48.6,-0.77,N,0.09,-0.009,1.03,8.7
CDLSHORTLINE,bull,trend_up,2.0,253,118,135,46.6,51.1,-1.41,N,0.16,0.002,1.05,5.5
CDLSHORTLINE,bull,trend_up,2.25,253,118,135,46.6,50.2,-1.12,N,0.12,-0.002,1.04,4.3
CDLSHORTLINE,bull,trend_up,2.5,253,118,135,46.6,50.1,-1.1,N,0.11,-0.001,1.03,2.8
CDLSHORTLINE,bull,trend_up,2.75,253,118,135,46.6,50.7,-1.28,N,0.05,-0.007,1.02,2.4
CDLSHORTLINE,bull,trend_up,3.0,253,118,135,46.6,48.9,-0.73,N,0.01,-0.011,1.0,2.0
CDLBELTHOLD,bull,rsi_mid_oversold,0.5,82,26,56,31.7,33.6,-0.37,N,-1.13,-0.109,0.65,62.2
CDLBELTHOLD,bull,rsi_mid_oversold,0.75,82,31,51,37.8,47.2,-1.7,N,-1.25,-0.114,0.66,45.1
CDLBELTHOLD,bull,rsi_mid_oversold,1.0,82,34,48,41.5,51.6,-1.84,N,-1.5,-0.132,0.63,28.0
CDLBELTHOLD,bull,rsi_mid_oversold,1.25,82,35,47,42.7,50.9,-1.49,N,-1.81,-0.17,0.6,25.6
CDLBELTHOLD,bull,rsi_mid_oversold,1.5,82,36,46,43.9,49.4,-0.99,N,-1.79,-0.159,0.61,17.1
CDLBELTHOLD,bull,rsi_mid_oversold,1.75,82,36,46,43.9,50.7,-1.23,N,-1.89,-0.17,0.59,12.2
CDLBELTHOLD,bull,rsi_mid_oversold,2.0,82,36,46,43.9,50.6,-1.21,N,-1.7,-0.154,0.62,8.5
CDLBELTHOLD,bull,rsi_mid_oversold,2.25,82,37,45,45.1,49.4,-0.77,N,-1.42,-0.124,0.67,4.9
CDLBELTHOLD,bull,rsi_mid_oversold,2.5,82,37,45,45.1,52.6,-1.36,N,-1.53,-0.136,0.65,4.9
CDLBELTHOLD,bull,rsi_mid_oversold,2.75,82,37,45,45.1,51.7,-1.2,N,-1.52,-0.131,0.65,3.7
CDLBELTHOLD,bull,rsi_mid_oversold,3.0,82,37,45,45.1,51.0,-1.07,N,-1.61,-0.14,0.64,3.7
CDLHARAMI,bear,atr_high,0.5,57,17,40,29.8,32.3,-0.4,N,-0.22,-0.023,0.94,61.4
CDLHARAMI,bear,atr_high,0.75,57,18,39,31.6,45.6,-2.13,N,-1.12,-0.106,0.75,45.6
CDLHARAMI,bear,atr_high,1.0,57,18,39,31.6,45.5,-2.11,N,-1.79,-0.162,0.66,36.8
CDLHARAMI,bear,atr_high,1.25,57,19,38,33.3,49.6,-2.45,N,-2.15,-0.201,0.62,31.6
CDLHARAMI,bear,atr_high,1.5,57,20,37,35.1,51.0,-2.41,N,-2.02,-0.183,0.64,21.1
CDLHARAMI,bear,atr_high,1.75,57,21,36,36.8,52.2,-2.32,N,-1.53,-0.14,0.71,12.3
CDLHARAMI,bear,atr_high,2.0,57,21,36,36.8,47.7,-1.64,N,-1.02,-0.106,0.78,7.0
CDLHARAMI,bear,atr_high,2.25,57,21,36,36.8,47.5,-1.61,N,-1.2,-0.124,0.75,7.0
CDLHARAMI,bear,atr_high,2.5,57,21,36,36.8,50.9,-2.12,N,-1.14,-0.117,0.76,5.3
CDLHARAMI,bear,atr_high,2.75,57,21,36,36.8,50.4,-2.05,N,-1.28,-0.131,0.74,5.3
CDLHARAMI,bear,atr_high,3.0,57,21,36,36.8,51.2,-2.16,N,-1.32,-0.133,0.74,3.5
CDLRICKSHAWMAN,bull,trend_up,0.5,143,44,99,30.8,32.3,-0.4,N,-0.96,-0.118,0.67,60.8
CDLRICKSHAWMAN,bull,trend_up,0.75,143,50,93,35.0,39.6,-1.14,N,-0.96,-0.114,0.72,42.0
CDLRICKSHAWMAN,bull,trend_up,1.0,143,56,87,39.2,47.3,-1.94,N,-0.82,-0.105,0.77,29.4
CDLRICKSHAWMAN,bull,trend_up,1.25,143,61,82,42.7,47.7,-1.21,N,-0.55,-0.073,0.84,18.2
CDLRICKSHAWMAN,bull,trend_up,1.5,143,61,82,42.7,49.1,-1.55,N,-0.61,-0.082,0.82,11.2
CDLRICKSHAWMAN,bull,trend_up,1.75,143,62,81,43.4,50.2,-1.63,N,-0.65,-0.084,0.82,8.4
CDLRICKSHAWMAN,bull,trend_up,2.0,143,62,81,43.4,49.5,-1.48,N,-0.79,-0.099,0.79,7.0
CDLRICKSHAWMAN,bull,trend_up,2.25,143,62,81,43.4,48.5,-1.24,N,-0.86,-0.106,0.77,5.6
CDLRICKSHAWMAN,bull,trend_up,2.5,143,62,81,43.4,49.2,-1.41,N,-0.83,-0.1,0.78,2.8
CDLRICKSHAWMAN,bull,trend_up,2.75,143,62,81,43.4,47.8,-1.06,N,-0.9,-0.107,0.76,2.8
CDLRICKSHAWMAN,bull,trend_up,3.0,143,62,81,43.4,48.6,-1.25,N,-0.8,-0.1,0.78,1.4
CDLHIKKAKE,bear,trend_up,0.5,210,64,146,30.5,33.1,-0.81,N,-0.29,-0.03,0.91,65.2
CDLHIKKAKE,bear,trend_up,0.75,210,81,129,38.6,40.3,-0.5,N,-0.28,-0.024,0.93,48.1
CDLHIKKAKE,bear,trend_up,1.0,210,94,116,44.8,46.4,-0.47,N,-0.11,-0.002,0.97,32.4
CDLHIKKAKE,bear,trend_up,1.25,210,98,112,46.7,50.0,-0.97,N,-0.06,-0.001,0.98,22.4
CDLHIKKAKE,bear,trend_up,1.5,210,99,111,47.1,50.2,-0.87,N,-0.26,-0.023,0.94,17.1
CDLHIKKAKE,bear,trend_up,1.75,210,99,111,47.1,50.6,-0.99,N,-0.41,-0.042,0.9,13.8
CDLHIKKAKE,bear,trend_up,2.0,210,99,111,47.1,51.8,-1.36,N,-0.55,-0.054,0.88,11.0
CDLHIKKAKE,bear,trend_up,2.25,210,99,111,47.1,48.6,-0.43,N,-0.74,-0.073,0.84,9.5
CDLHIKKAKE,bear,trend_up,2.5,210,99,111,47.1,50.9,-1.08,N,-0.84,-0.085,0.82,8.1
CDLHIKKAKE,bear,trend_up,2.75,210,99,111,47.1,48.7,-0.45,N,-0.92,-0.092,0.81,6.2
CDLHIKKAKE,bear,trend_up,3.0,210,99,111,47.1,51.2,-1.18,N,-0.87,-0.09,0.82,4.8
CDL3OUTSIDE,bear,atr_high,0.5,74,19,55,25.7,36.4,-1.91,N,-1.35,-0.12,0.66,68.9
CDL3OUTSIDE,bear,atr_high,0.75,74,31,43,41.9,47.5,-0.97,N,0.22,0.025,1.05,45.9
CDL3OUTSIDE,bear,atr_high,1.0,74,33,41,44.6,52.6,-1.38,N,0.5,0.043,1.12,28.4
CDL3OUTSIDE,bear,atr_high,1.25,74,33,41,44.6,49.0,-0.76,N,-0.01,-0.006,1.0,24.3
CDL3OUTSIDE,bear,atr_high,1.5,74,33,41,44.6,49.4,-0.83,N,-0.0,-0.006,1.0,16.2
CDL3OUTSIDE,bear,atr_high,1.75,74,33,41,44.6,50.1,-0.95,N,0.06,-0.006,1.01,10.8
CDL3OUTSIDE,bear,atr_high,2.0,74,33,41,44.6,47.2,-0.45,N,0.13,-0.0,1.03,5.4
CDL3OUTSIDE,bear,atr_high,2.25,74,33,41,44.6,50.3,-0.99,N,-0.01,-0.014,1.0,5.4
CDL3OUTSIDE,bear,atr_high,2.5,74,33,41,44.6,50.7,-1.05,N,-0.16,-0.027,0.97,5.4
CDL3OUTSIDE,bear,atr_high,2.75,74,33,41,44.6,49.9,-0.91,N,-0.21,-0.033,0.96,4.1
CDL3OUTSIDE,bear,atr_high,3.0,74,33,41,44.6,51.5,-1.18,N,-0.14,-0.027,0.97,1.4
CDLHIKKAKE,bull,atr_high,0.5,146,43,103,29.5,36.0,-1.64,N,-0.57,-0.048,0.85,66.4
CDLHIKKAKE,bull,atr_high,0.75,146,55,91,37.7,42.5,-1.19,N,-0.62,-0.046,0.86,52.1
CDLHIKKAKE,bull,atr_high,1.0,146,65,81,44.5,46.6,-0.51,N,-0.59,-0.035,0.88,36.3
CDLHIKKAKE,bull,atr_high,1.25,146,67,79,45.9,48.9,-0.73,N,-0.71,-0.048,0.86,26.0
CDLHIKKAKE,bull,atr_high,1.5,146,67,79,45.9,50.5,-1.1,N,-1.11,-0.086,0.8,20.5
CDLHIKKAKE,bull,atr_high,1.75,146,67,79,45.9,50.2,-1.03,N,-1.43,-0.116,0.76,17.8
CDLHIKKAKE,bull,atr_high,2.0,146,68,78,46.6,50.4,-0.92,N,-1.21,-0.096,0.8,13.0
CDLHIKKAKE,bull,atr_high,2.25,146,69,77,47.3,49.8,-0.61,N,-1.18,-0.091,0.8,10.3
CDLHIKKAKE,bull,atr_high,2.5,146,69,77,47.3,51.3,-0.97,N,-1.45,-0.116,0.77,10.3
CDLHIKKAKE,bull,atr_high,2.75,146,69,77,47.3,50.6,-0.8,N,-1.71,-0.14,0.74,9.6
CDLHIKKAKE,bull,atr_high,3.0,146,69,77,47.3,49.3,-0.48,N,-1.55,-0.124,0.75,6.2
CDLSPINNINGTOP,bear,atr_high,0.5,183,55,128,30.1,33.6,-1.02,N,-0.65,-0.064,0.83,68.3
CDLSPINNINGTOP,bear,atr_high,0.75,183,69,114,37.7,41.6,-1.07,N,-1.01,-0.093,0.79,51.9
CDLSPINNINGTOP,bear,atr_high,1.0,183,73,110,39.9,43.0,-0.85,N,-1.13,-0.106,0.78,37.2
CDLSPINNINGTOP,bear,atr_high,1.25,183,79,104,43.2,48.1,-1.34,N,-0.85,-0.08,0.83,24.6
CDLSPINNINGTOP,bear,atr_high,1.5,183,84,99,45.9,50.0,-1.12,N,-0.4,-0.035,0.91,13.7
CDLSPINNINGTOP,bear,atr_high,1.75,183,85,98,46.4,50.6,-1.12,N,-0.47,-0.042,0.9,11.5
CDLSPINNINGTOP,bear,atr_high,2.0,183,85,98,46.4,50.0,-0.95,N,-0.46,-0.044,0.9,7.1
CDLSPINNINGTOP,bear,atr_high,2.25,183,85,98,46.4,49.6,-0.85,N,-0.54,-0.052,0.89,6.0
CDLSPINNINGTOP,bear,atr_high,2.5,183,85,98,46.4,48.3,-0.49,N,-0.66,-0.065,0.87,5.5
CDLSPINNINGTOP,bear,atr_high,2.75,183,85,98,46.4,48.3,-0.49,N,-0.79,-0.078,0.84,5.5
CDLSPINNINGTOP,bear,atr_high,3.0,183,85,98,46.4,48.5,-0.54,N,-0.59,-0.061,0.88,3.3
CDLENGULFING,bull,none,0.5,419,131,288,31.3,34.5,-1.4,N,-0.44,nan,0.85,63.7
CDLENGULFING,bull,none,0.75,419,165,254,39.4,41.6,-0.93,N,-0.35,nan,0.9,48.9
CDLENGULFING,bull,none,1.0,419,187,232,44.6,46.2,-0.65,N,-0.22,nan,0.94,33.2
CDLENGULFING,bull,none,1.25,419,193,226,46.1,49.6,-1.46,N,-0.27,nan,0.93,23.6
CDLENGULFING,bull,none,1.5,419,199,220,47.5,48.7,-0.5,N,-0.19,nan,0.95,16.9
CDLENGULFING,bull,none,1.75,419,200,219,47.7,50.1,-0.98,N,-0.3,nan,0.92,12.9
CDLENGULFING,bull,none,2.0,419,200,219,47.7,49.3,-0.64,N,-0.27,nan,0.93,9.5
CDLENGULFING,bull,none,2.25,419,200,219,47.7,49.6,-0.76,N,-0.34,nan,0.91,7.6
CDLENGULFING,bull,none,2.5,419,200,219,47.7,50.0,-0.91,N,-0.4,nan,0.9,6.2
CDLENGULFING,bull,none,2.75,419,201,218,48.0,49.3,-0.53,N,-0.34,nan,0.92,4.1
CDLENGULFING,bull,none,3.0,419,201,218,48.0,49.7,-0.72,N,-0.39,nan,0.9,3.3
CDLHIGHWAVE,bull,trend_up,0.5,165,48,117,29.1,31.0,-0.52,N,-1.23,-0.136,0.6,67.3
CDLHIGHWAVE,bull,trend_up,0.75,165,59,106,35.8,38.1,-0.63,N,-1.03,-0.116,0.71,46.7
CDLHIGHWAVE,bull,trend_up,1.0,165,69,96,41.8,45.8,-1.03,N,-0.41,-0.037,0.88,30.9
CDLHIGHWAVE,bull,trend_up,1.25,165,74,91,44.8,49.7,-1.26,N,-0.05,0.01,0.99,19.4
CDLHIGHWAVE,bull,trend_up,1.5,165,75,90,45.5,51.6,-1.57,N,-0.08,0.006,0.98,12.7
CDLHIGHWAVE,bull,trend_up,1.75,165,75,90,45.5,51.4,-1.52,N,-0.12,0.003,0.96,8.5
CDLHIGHWAVE,bull,trend_up,2.0,165,75,90,45.5,49.7,-1.09,N,-0.28,-0.016,0.92,7.9
CDLHIGHWAVE,bull,trend_up,2.25,165,75,90,45.5,48.6,-0.8,N,-0.44,-0.034,0.88,6.7
CDLHIGHWAVE,bull,trend_up,2.5,165,75,90,45.5,49.0,-0.91,N,-0.47,-0.035,0.88,4.2
CDLHIGHWAVE,bull,trend_up,2.75,165,75,90,45.5,49.6,-1.06,N,-0.57,-0.046,0.85,4.2
CDLHIGHWAVE,bull,trend_up,3.0,165,75,90,45.5,50.9,-1.39,N,-0.66,-0.056,0.83,3.6
CDLINVERTEDHAMMER,bull,none,0.5,30,8,22,26.7,35.6,-1.02,N,-0.33,-0.006,0.9,70.0
CDLINVERTEDHAMMER,bull,none,0.75,30,11,19,36.7,41.7,-0.56,N,-0.49,0.003,0.86,46.7
CDLINVERTEDHAMMER,bull,none,1.0,30,12,18,40.0,49.2,-1.0,N,-0.55,0.014,0.86,30.0
CDLINVERTEDHAMMER,bull,none,1.25,30,13,17,43.3,49.4,-0.67,N,-0.67,0.017,0.84,20.0
CDLINVERTEDHAMMER,bull,none,1.5,30,13,17,43.3,56.7,-1.47,N,-1.19,-0.033,0.74,20.0
CDLINVERTEDHAMMER,bull,none,1.75,30,13,17,43.3,54.4,-1.22,N,-1.71,-0.083,0.67,20.0
CDLINVERTEDHAMMER,bull,none,2.0,30,13,17,43.3,48.3,-0.55,N,-2.05,-0.118,0.63,16.7
CDLINVERTEDHAMMER,bull,none,2.25,30,13,17,43.3,53.1,-1.07,N,-2.47,-0.159,0.58,16.7
CDLINVERTEDHAMMER,bull,none,2.5,30,13,17,43.3,52.5,-1.01,N,-2.16,-0.119,0.61,6.7
CDLINVERTEDHAMMER,bull,none,2.75,30,13,17,43.3,49.2,-0.64,N,-2.36,-0.136,0.59,6.7
CDLINVERTEDHAMMER,bull,none,3.0,30,13,17,43.3,52.5,-1.01,N,-1.75,-0.093,0.66,3.3
CDLGRAVESTONEDOJI,bear,none,0.5,68,20,48,29.4,32.6,-0.56,N,-0.18,-0.031,0.94,61.8
CDLGRAVESTONEDOJI,bear,none,0.75,68,24,44,35.3,42.5,-1.21,N,-0.41,-0.064,0.88,38.2
CDLGRAVESTONEDOJI,bear,none,1.0,68,27,41,39.7,48.8,-1.5,N,0.06,-0.011,1.02,19.1
CDLGRAVESTONEDOJI,bear,none,1.25,68,27,41,39.7,47.2,-1.23,N,-0.02,-0.02,0.99,13.2
CDLGRAVESTONEDOJI,bear,none,1.5,68,27,41,39.7,48.9,-1.52,N,-0.18,-0.039,0.95,8.8
CDLGRAVESTONEDOJI,bear,none,1.75,68,27,41,39.7,48.0,-1.38,N,-0.21,-0.04,0.94,5.9
CDLGRAVESTONEDOJI,bear,none,2.0,68,27,41,39.7,47.5,-1.3,N,-0.34,-0.055,0.9,5.9
CDLGRAVESTONEDOJI,bear,none,2.25,68,27,41,39.7,52.7,-2.15,N,-0.45,-0.066,0.88,4.4
CDLGRAVESTONEDOJI,bear,none,2.5,68,27,41,39.7,51.1,-1.88,N,-0.37,-0.054,0.9,2.9
CDLGRAVESTONEDOJI,bear,none,2.75,68,27,41,39.7,48.3,-1.42,N,-0.36,-0.05,0.9,1.5
CDLGRAVESTONEDOJI,bear,none,3.0,68,27,41,39.7,48.5,-1.46,N,-0.37,-0.05,0.9,0.0
CDLLONGLINE,bear,trend_up,0.5,273,80,193,29.3,34.6,-1.83,N,-0.28,-0.042,0.91,65.6
CDLLONGLINE,bear,trend_up,0.75,273,104,169,38.1,42.7,-1.53,N,-0.42,-0.064,0.88,49.1
CDLLONGLINE,bear,trend_up,1.0,273,119,154,43.6,47.2,-1.19,N,-0.39,-0.065,0.89,34.1
CDLLONGLINE,bear,trend_up,1.25,273,121,152,44.3,48.0,-1.21,N,-0.67,-0.098,0.84,27.1
CDLLONGLINE,bear,trend_up,1.5,273,124,149,45.4,47.1,-0.56,N,-0.61,-0.089,0.85,20.1
CDLLONGLINE,bear,trend_up,1.75,273,125,148,45.8,49.8,-1.32,N,-0.67,-0.096,0.84,13.9
CDLLONGLINE,bear,trend_up,2.0,273,126,147,46.2,49.7,-1.16,N,-0.61,-0.089,0.85,9.2
CDLLONGLINE,bear,trend_up,2.25,273,126,147,46.2,48.3,-0.7,N,-0.61,-0.086,0.86,6.6
CDLLONGLINE,bear,trend_up,2.5,273,127,146,46.5,49.0,-0.81,N,-0.55,-0.079,0.87,4.8
CDLLONGLINE,bear,trend_up,2.75,273,128,145,46.9,48.9,-0.66,N,-0.49,-0.074,0.88,3.3
CDLLONGLINE,bear,trend_up,3.0,273,128,145,46.9,49.1,-0.74,N,-0.56,-0.082,0.87,3.3
CDLHARAMICROSS,bull,none,0.5,48,10,38,20.8,24.5,-0.59,N,-2.34,-0.248,0.35,77.1
CDLHARAMICROSS,bull,none,0.75,48,13,35,27.1,35.1,-1.16,N,-2.81,-0.284,0.34,52.1
CDLHARAMICROSS,bull,none,1.0,48,18,30,37.5,42.0,-0.63,N,-1.73,-0.111,0.58,33.3
CDLHARAMICROSS,bull,none,1.25,48,18,30,37.5,43.4,-0.83,N,-1.85,-0.126,0.57,27.1
CDLHARAMICROSS,bull,none,1.5,48,18,30,37.5,48.6,-1.54,N,-2.23,-0.164,0.52,22.9
CDLHARAMICROSS,bull,none,1.75,48,20,28,41.7,47.9,-0.87,N,-1.02,-0.04,0.72,8.3
CDLHARAMICROSS,bull,none,2.0,48,20,28,41.7,48.3,-0.91,N,-1.0,-0.044,0.73,6.2
CDLHARAMICROSS,bull,none,2.25,48,20,28,41.7,48.1,-0.89,N,-1.03,-0.046,0.72,4.2
CDLHARAMICROSS,bull,none,2.5,48,21,27,43.8,51.9,-1.13,N,-0.3,0.034,0.91,2.1
CDLHARAMICROSS,bull,none,2.75,48,21,27,43.8,51.9,-1.13,N,-0.35,0.028,0.9,2.1
CDLHARAMICROSS,bull,none,3.0,48,21,27,43.8,51.2,-1.03,N,-0.4,0.023,0.88,2.1
CDLHARAMI,bear,rsi_mid_overbought,0.5,48,11,37,22.9,28.0,-0.78,N,-0.99,-0.111,0.69,68.8
CDLHARAMI,bear,rsi_mid_overbought,0.75,48,14,34,29.2,37.0,-1.12,N,-1.03,-0.127,0.71,47.9
CDLHARAMI,bear,rsi_mid_overbought,1.0,48,16,32,33.3,41.5,-1.15,N,-0.67,-0.063,0.81,33.3
CDLHARAMI,bear,rsi_mid_overbought,1.25,48,18,30,37.5,50.5,-1.8,N,-0.51,-0.027,0.85,25.0
CDLHARAMI,bear,rsi_mid_overbought,1.5,48,18,30,37.5,46.2,-1.21,N,-0.9,-0.073,0.77,20.8
CDLHARAMI,bear,rsi_mid_overbought,1.75,48,19,29,39.6,44.1,-0.63,N,-0.53,-0.021,0.85,10.4
CDLHARAMI,bear,rsi_mid_overbought,2.0,48,19,29,39.6,49.5,-1.37,N,-0.47,-0.017,0.86,6.2
CDLHARAMI,bear,rsi_mid_overbought,2.25,48,19,29,39.6,52.6,-1.81,N,-0.61,-0.033,0.83,6.2
CDLHARAMI,bear,rsi_mid_overbought,2.5,48,19,29,39.6,49.8,-1.42,N,-0.76,-0.048,0.8,6.2
CDLHARAMI,bear,rsi_mid_overbought,2.75,48,19,29,39.6,51.4,-1.64,N,-0.9,-0.064,0.77,6.2
CDLHARAMI,bear,rsi_mid_overbought,3.0,48,19,29,39.6,50.3,-1.49,N,-0.79,-0.058,0.79,4.2
CDLSEPARATINGLINES,bear,none,0.5,21,2,19,9.5,27.4,-1.84,N,-3.25,-0.375,0.14,76.2
CDLSEPARATINGLINES,bear,none,0.75,21,4,17,19.0,38.9,-1.87,N,-3.67,-0.428,0.15,57.1
CDLSEPARATINGLINES,bear,none,1.0,21,6,15,28.6,46.8,-1.68,N,-3.25,-0.37,0.29,42.9
CDLSEPARATINGLINES,bear,none,1.25,21,8,13,38.1,47.6,-0.87,N,-2.95,-0.327,0.35,33.3
CDLSEPARATINGLINES,bear,none,1.5,21,8,13,38.1,51.6,-1.24,N,-3.19,-0.34,0.34,23.8
CDLSEPARATINGLINES,bear,none,1.75,21,8,13,38.1,45.6,-0.69,N,-3.38,-0.353,0.32,9.5
CDLSEPARATINGLINES,bear,none,2.0,21,8,13,38.1,54.4,-1.5,N,-3.64,-0.377,0.31,9.5
CDLSEPARATINGLINES,bear,none,2.25,21,8,13,38.1,48.8,-0.98,N,-3.54,-0.375,0.31,4.8
CDLSEPARATINGLINES,bear,none,2.5,21,8,13,38.1,54.4,-1.5,N,-3.63,-0.387,0.31,4.8
CDLSEPARATINGLINES,bear,none,2.75,21,8,13,38.1,49.6,-1.05,N,-3.73,-0.399,0.3,4.8
CDLSEPARATINGLINES,bear,none,3.0,21,8,13,38.1,49.6,-1.05,N,-3.82,-0.411,0.3,4.8
CDLENGULFING,bull,atr_low,0.5,268,76,192,28.4,34.4,-2.09,N,-0.75,-0.072,0.74,66.4
CDLENGULFING,bull,atr_low,0.75,268,100,168,37.3,42.0,-1.55,N,-0.59,-0.062,0.83,50.7
CDLENGULFING,bull,atr_low,1.0,268,114,154,42.5,44.8,-0.74,N,-0.49,-0.057,0.86,34.0
CDLENGULFING,bull,atr_low,1.25,268,118,150,44.0,47.5,-1.15,N,-0.5,-0.06,0.86,23.5
CDLENGULFING,bull,atr_low,1.5,268,123,145,45.9,49.5,-1.17,N,-0.41,-0.049,0.89,16.8
CDLENGULFING,bull,atr_low,1.75,268,123,145,45.9,51.4,-1.8,N,-0.51,-0.065,0.86,11.9
CDLENGULFING,bull,atr_low,2.0,268,123,145,45.9,50.0,-1.35,N,-0.56,-0.072,0.85,9.3
CDLENGULFING,bull,atr_low,2.25,268,123,145,45.9,49.6,-1.2,N,-0.68,-0.087,0.83,7.8
CDLENGULFING,bull,atr_low,2.5,268,123,145,45.9,50.7,-1.56,N,-0.72,-0.093,0.82,6.3
CDLENGULFING,bull,atr_low,2.75,268,123,145,45.9,50.3,-1.46,N,-0.72,-0.092,0.82,4.1
CDLENGULFING,bull,atr_low,3.0,268,123,145,45.9,49.4,-1.14,N,-0.78,-0.1,0.81,3.7
CDLHIKKAKE,bear,none,0.5,457,143,314,31.3,33.0,-0.75,N,-0.15,-0.016,0.95,63.2
CDLHIKKAKE,bear,none,0.75,457,181,276,39.6,41.9,-1.01,N,-0.15,-0.015,0.96,47.7
CDLHIKKAKE,bear,none,1.0,457,206,251,45.1,47.4,-1.01,N,0.13,0.027,1.03,32.4
CDLHIKKAKE,bear,none,1.25,457,212,245,46.4,48.9,-1.05,N,0.05,0.015,1.01,23.0
CDLHIKKAKE,bear,none,1.5,457,214,243,46.8,48.9,-0.87,N,-0.11,-0.005,0.97,17.1
CDLHIKKAKE,bear,none,1.75,457,214,243,46.8,49.4,-1.08,N,-0.33,-0.028,0.92,13.8
CDLHIKKAKE,bear,none,2.0,457,215,242,47.0,48.9,-0.8,N,-0.28,-0.024,0.94,10.3
CDLHIKKAKE,bear,none,2.25,457,217,240,47.5,49.7,-0.94,N,-0.3,-0.027,0.93,8.1
CDLHIKKAKE,bear,none,2.5,457,217,240,47.5,50.0,-1.08,N,-0.41,-0.039,0.91,7.2
CDLHIKKAKE,bear,none,2.75,457,217,240,47.5,50.7,-1.36,N,-0.51,-0.05,0.89,6.1
CDLHIKKAKE,bear,none,3.0,457,217,240,47.5,50.0,-1.06,N,-0.49,-0.049,0.89,4.6
CDLSPINNINGTOP,bear,none,0.5,662,200,462,30.2,32.8,-1.4,N,-0.51,-0.055,0.83,65.4
CDLSPINNINGTOP,bear,none,0.75,662,254,408,38.4,40.4,-1.08,N,-0.36,-0.031,0.9,46.4
CDLSPINNINGTOP,bear,none,1.0,662,284,378,42.9,45.2,-1.16,N,-0.11,0.006,0.97,32.2
CDLSPINNINGTOP,bear,none,1.25,662,296,366,44.7,47.9,-1.65,N,-0.06,0.011,0.98,22.7
CDLSPINNINGTOP,bear,none,1.5,662,307,355,46.4,49.4,-1.55,N,0.04,0.02,1.01,15.6
CDLSPINNINGTOP,bear,none,1.75,662,311,351,47.0,49.0,-1.03,N,0.03,0.021,1.01,11.2
CDLSPINNINGTOP,bear,none,2.0,662,311,351,47.0,50.4,-1.74,N,-0.05,0.01,0.99,8.2
CDLSPINNINGTOP,bear,none,2.25,662,311,351,47.0,50.2,-1.67,N,-0.12,0.003,0.97,5.9
CDLSPINNINGTOP,bear,none,2.5,662,312,350,47.1,50.0,-1.48,N,-0.12,0.002,0.97,4.4
CDLSPINNINGTOP,bear,none,2.75,662,312,350,47.1,48.9,-0.91,N,-0.16,-0.002,0.96,3.8
CDLSPINNINGTOP,bear,none,3.0,662,312,350,47.1,49.9,-1.41,N,-0.07,0.005,0.98,2.4
CDLENGULFING,bull,rsi_mid_oversold,0.5,104,34,70,32.7,37.1,-0.93,N,-0.39,-0.06,0.87,62.5
CDLENGULFING,bull,rsi_mid_oversold,0.75,104,36,68,34.6,43.8,-1.88,N,-1.16,-0.147,0.7,51.0
CDLENGULFING,bull,rsi_mid_oversold,1.0,104,39,65,37.5,44.6,-1.45,N,-1.49,-0.187,0.65,37.5
CDLENGULFING,bull,rsi_mid_oversold,1.25,104,42,62,40.4,47.6,-1.47,N,-1.45,-0.179,0.67,26.0
CDLENGULFING,bull,rsi_mid_oversold,1.5,104,42,62,40.4,47.4,-1.44,N,-1.43,-0.184,0.68,18.3
CDLENGULFING,bull,rsi_mid_oversold,1.75,104,43,61,41.3,51.8,-2.13,N,-1.25,-0.164,0.71,11.5
CDLENGULFING,bull,rsi_mid_oversold,2.0,104,43,61,41.3,48.9,-1.54,N,-0.85,-0.128,0.78,6.7
CDLENGULFING,bull,rsi_mid_oversold,2.25,104,43,61,41.3,47.7,-1.29,N,-0.92,-0.137,0.77,5.8
CDLENGULFING,bull,rsi_mid_oversold,2.5,104,43,61,41.3,50.3,-1.83,N,-1.01,-0.15,0.75,4.8
CDLENGULFING,bull,rsi_mid_oversold,2.75,104,43,61,41.3,49.4,-1.65,N,-0.9,-0.138,0.77,1.9
CDLENGULFING,bull,rsi_mid_oversold,3.0,104,43,61,41.3,49.6,-1.68,N,-0.89,-0.136,0.77,1.0
CDLSPINNINGTOP,bull,trend_up,0.5,284,83,201,29.2,33.5,-1.51,N,-1.09,-0.121,0.64,66.2
CDLSPINNINGTOP,bull,trend_up,0.75,284,105,179,37.0,40.1,-1.06,N,-0.9,-0.1,0.74,46.1
CDLSPINNINGTOP,bull,trend_up,1.0,284,118,166,41.5,44.3,-0.93,N,-0.66,-0.065,0.82,32.4
CDLSPINNINGTOP,bull,trend_up,1.25,284,124,160,43.7,48.1,-1.48,N,-0.57,-0.051,0.85,22.5
CDLSPINNINGTOP,bull,trend_up,1.5,284,128,156,45.1,49.5,-1.48,N,-0.42,-0.036,0.88,14.1
CDLSPINNINGTOP,bull,trend_up,1.75,284,128,156,45.1,50.7,-1.91,N,-0.51,-0.044,0.86,10.2
CDLSPINNINGTOP,bull,trend_up,2.0,284,128,156,45.1,50.4,-1.78,N,-0.65,-0.06,0.83,8.1
CDLSPINNINGTOP,bull,trend_up,2.25,284,128,156,45.1,50.6,-1.86,N,-0.72,-0.069,0.82,6.3
CDLSPINNINGTOP,bull,trend_up,2.5,284,128,156,45.1,48.9,-1.29,N,-0.79,-0.074,0.8,4.6
CDLSPINNINGTOP,bull,trend_up,2.75,284,128,156,45.1,50.7,-1.89,N,-0.89,-0.086,0.78,4.6
CDLSPINNINGTOP,bull,trend_up,3.0,284,128,156,45.1,49.6,-1.52,N,-0.9,-0.086,0.78,3.5
CDLHARAMI,bull,rsi_mid_oversold,0.5,55,14,41,25.5,36.1,-1.64,N,-0.24,0.004,0.93,70.9
CDLHARAMI,bull,rsi_mid_oversold,0.75,55,15,40,27.3,38.9,-1.77,N,-0.89,-0.06,0.78,49.1
CDLHARAMI,bull,rsi_mid_oversold,1.0,55,20,35,36.4,48.0,-1.73,N,-0.24,0.036,0.94,34.5
CDLHARAMI,bull,rsi_mid_oversold,1.25,55,21,34,38.2,46.4,-1.22,N,-0.23,0.028,0.94,25.5
CDLHARAMI,bull,rsi_mid_oversold,1.5,55,21,34,38.2,44.7,-0.97,N,-0.69,-0.021,0.85,21.8
CDLHARAMI,bull,rsi_mid_oversold,1.75,55,22,33,40.0,47.4,-1.1,N,-0.33,0.024,0.92,10.9
CDLHARAMI,bull,rsi_mid_oversold,2.0,55,22,33,40.0,46.4,-0.95,N,-0.58,-0.003,0.87,10.9
CDLHARAMI,bull,rsi_mid_oversold,2.25,55,22,33,40.0,49.4,-1.39,N,-0.68,-0.012,0.86,9.1
CDLHARAMI,bull,rsi_mid_oversold,2.5,55,23,32,41.8,52.6,-1.6,N,-0.16,0.045,0.96,7.3
CDLHARAMI,bull,rsi_mid_oversold,2.75,55,23,32,41.8,49.2,-1.1,N,-0.33,0.026,0.93,7.3
CDLHARAMI,bull,rsi_mid_oversold,3.0,55,23,32,41.8,49.5,-1.15,N,-0.36,0.03,0.92,5.5
CDLGRAVESTONEDOJI,bear,rsi_mid_overbought,0.5,28,8,20,28.6,37.5,-0.98,N,-0.38,-0.055,0.86,64.3
CDLGRAVESTONEDOJI,bear,rsi_mid_overbought,0.75,28,9,19,32.1,45.8,-1.45,N,-0.43,-0.067,0.85,32.1
CDLGRAVESTONEDOJI,bear,rsi_mid_overbought,1.0,28,10,18,35.7,47.9,-1.29,N,0.0,-0.024,1.0,14.3
CDLGRAVESTONEDOJI,bear,rsi_mid_overbought,1.25,28,10,18,35.7,44.9,-0.98,N,0.1,-0.015,1.04,7.1
CDLGRAVESTONEDOJI,bear,rsi_mid_overbought,1.5,28,10,18,35.7,48.2,-1.32,N,-0.04,-0.033,0.98,7.1
CDLGRAVESTONEDOJI,bear,rsi_mid_overbought,1.75,28,10,18,35.7,47.6,-1.26,N,0.2,0.001,1.09,0.0
CDLGRAVESTONEDOJI,bear,rsi_mid_overbought,2.0,28,10,18,35.7,49.1,-1.42,N,0.2,0.001,1.09,0.0
CDLGRAVESTONEDOJI,bear,rsi_mid_overbought,2.25,28,10,18,35.7,49.7,-1.48,N,0.2,0.001,1.09,0.0
CDLGRAVESTONEDOJI,bear,rsi_mid_overbought,2.5,28,10,18,35.7,53.9,-1.93,N,0.2,0.001,1.09,0.0
CDLGRAVESTONEDOJI,bear,rsi_mid_overbought,2.75,28,10,18,35.7,51.5,-1.67,N,0.2,0.001,1.09,0.0
CDLGRAVESTONEDOJI,bear,rsi_mid_overbought,3.0,28,10,18,35.7,49.7,-1.48,N,0.2,0.001,1.09,0.0
CDLBELTHOLD,bull,none,0.5,537,157,380,29.2,33.0,-1.85,N,-0.67,-0.079,0.79,66.9
CDLBELTHOLD,bull,none,0.75,537,200,337,37.2,41.5,-2.01,N,-0.94,-0.107,0.75,51.2
CDLBELTHOLD,bull,none,1.0,537,226,311,42.1,45.5,-1.59,N,-0.91,-0.104,0.78,36.1
CDLBELTHOLD,bull,none,1.25,537,237,300,44.1,47.6,-1.61,N,-1.0,-0.11,0.77,27.6
CDLBELTHOLD,bull,none,1.5,537,246,291,45.8,48.0,-0.99,N,-0.8,-0.091,0.81,19.0
CDLBELTHOLD,bull,none,1.75,537,247,290,46.0,49.4,-1.56,N,-0.96,-0.107,0.78,14.3
CDLBELTHOLD,bull,none,2.0,537,249,288,46.4,49.6,-1.52,N,-0.96,-0.104,0.79,9.7
CDLBELTHOLD,bull,none,2.25,537,250,287,46.6,49.0,-1.14,N,-0.98,-0.106,0.78,6.9
CDLBELTHOLD,bull,none,2.5,537,251,286,46.7,49.7,-1.39,N,-0.9,-0.1,0.8,4.7
CDLBELTHOLD,bull,none,2.75,537,251,286,46.7,49.2,-1.13,N,-0.94,-0.103,0.79,3.9
CDLBELTHOLD,bull,none,3.0,537,251,286,46.7,49.4,-1.22,N,-0.98,-0.106,0.78,2.8
CDLLONGLINE,bear,trend_down,0.5,327,96,231,29.4,33.2,-1.48,N,-0.75,-0.065,0.76,65.1
CDLLONGLINE,bear,trend_down,0.75,327,123,204,37.6,41.9,-1.57,N,-0.82,-0.074,0.78,49.5
CDLLONGLINE,bear,trend_down,1.0,327,139,188,42.5,45.2,-0.99,N,-0.73,-0.065,0.82,32.7
CDLLONGLINE,bear,trend_down,1.25,327,142,185,43.4,47.1,-1.34,N,-1.1,-0.101,0.75,26.9
CDLLONGLINE,bear,trend_down,1.5,327,145,182,44.3,48.9,-1.64,N,-1.2,-0.109,0.73,20.2
CDLLONGLINE,bear,trend_down,1.75,327,146,181,44.6,49.1,-1.62,N,-1.23,-0.114,0.73,14.1
CDLLONGLINE,bear,trend_down,2.0,327,148,179,45.3,50.3,-1.83,N,-1.09,-0.105,0.76,9.8
CDLLONGLINE,bear,trend_down,2.25,327,148,179,45.3,50.2,-1.8,N,-1.13,-0.109,0.75,7.0
CDLLONGLINE,bear,trend_down,2.5,327,148,179,45.3,51.3,-2.18,N,-1.22,-0.119,0.74,6.1
CDLLONGLINE,bear,trend_down,2.75,327,148,179,45.3,51.6,-2.31,N,-1.21,-0.118,0.74,4.6
CDLLONGLINE,bear,trend_down,3.0,327,148,179,45.3,48.4,-1.13,N,-1.22,-0.119,0.74,3.1
CDLGRAVESTONEDOJI,bear,atr_low,0.5,49,13,36,26.5,33.5,-1.03,N,-0.68,-0.097,0.76,65.3
CDLGRAVESTONEDOJI,bear,atr_low,0.75,49,16,33,32.7,45.2,-1.77,N,-0.98,-0.137,0.7,42.9
CDLGRAVESTONEDOJI,bear,atr_low,1.0,49,18,31,36.7,48.1,-1.6,N,-0.35,-0.069,0.88,22.4
CDLGRAVESTONEDOJI,bear,atr_low,1.25,49,18,31,36.7,50.0,-1.86,N,-0.34,-0.071,0.89,14.3
CDLGRAVESTONEDOJI,bear,atr_low,1.5,49,18,31,36.7,46.8,-1.41,N,-0.46,-0.09,0.85,10.2
CDLGRAVESTONEDOJI,bear,atr_low,1.75,49,18,31,36.7,49.5,-1.79,N,-0.43,-0.086,0.86,6.1
CDLGRAVESTONEDOJI,bear,atr_low,2.0,49,18,31,36.7,50.3,-1.9,N,-0.55,-0.101,0.83,6.1
CDLGRAVESTONEDOJI,bear,atr_low,2.25,49,18,31,36.7,55.1,-2.58,N,-0.63,-0.111,0.81,4.1
CDLGRAVESTONEDOJI,bear,atr_low,2.5,49,18,31,36.7,50.0,-1.86,N,-0.45,-0.09,0.86,2.0
CDLGRAVESTONEDOJI,bear,atr_low,2.75,49,18,31,36.7,48.5,-1.64,N,-0.36,-0.079,0.88,0.0
CDLGRAVESTONEDOJI,bear,atr_low,3.0,49,18,31,36.7,50.0,-1.86,N,-0.36,-0.079,0.88,0.0
CDLBELTHOLD,bear,trend_down,0.5,289,83,206,28.7,32.8,-1.49,N,-0.95,-0.096,0.71,68.2
CDLBELTHOLD,bear,trend_down,0.75,289,103,186,35.6,41.6,-2.06,N,-1.35,-0.14,0.66,52.9
CDLBELTHOLD,bear,trend_down,1.0,289,113,176,39.1,45.0,-2.03,N,-1.45,-0.15,0.67,38.1
CDLBELTHOLD,bear,trend_down,1.25,289,123,166,42.6,48.6,-2.04,N,-1.46,-0.145,0.68,30.1
CDLBELTHOLD,bear,trend_down,1.5,289,127,162,43.9,47.2,-1.11,N,-1.33,-0.133,0.7,21.1
CDLBELTHOLD,bear,trend_down,1.75,289,128,161,44.3,49.7,-1.85,N,-1.5,-0.151,0.68,16.3
CDLBELTHOLD,bear,trend_down,2.0,289,130,159,45.0,50.4,-1.85,N,-1.41,-0.14,0.69,10.7
CDLBELTHOLD,bear,trend_down,2.25,289,131,158,45.3,49.1,-1.27,N,-1.45,-0.143,0.69,8.3
CDLBELTHOLD,bear,trend_down,2.5,289,131,158,45.3,49.2,-1.3,N,-1.43,-0.144,0.69,5.9
CDLBELTHOLD,bear,trend_down,2.75,289,131,158,45.3,50.8,-1.85,N,-1.46,-0.144,0.69,5.2
CDLBELTHOLD,bear,trend_down,3.0,289,131,158,45.3,49.3,-1.36,N,-1.51,-0.149,0.68,3.8
CDLHIKKAKE,bull,rsi_overbought,0.5,20,3,17,15.0,37.1,-2.04,N,-2.3,-0.217,0.45,80.0
CDLHIKKAKE,bull,rsi_overbought,0.75,20,5,15,25.0,37.1,-1.12,N,-2.63,-0.258,0.45,60.0
CDLHIKKAKE,bull,rsi_overbought,1.0,20,6,14,30.0,50.4,-1.83,N,-2.66,-0.281,0.47,40.0
CDLHIKKAKE,bull,rsi_overbought,1.25,20,6,14,30.0,46.2,-1.46,N,-2.59,-0.285,0.48,20.0
CDLHIKKAKE,bull,rsi_overbought,1.5,20,6,14,30.0,55.0,-2.25,N,-2.88,-0.315,0.45,15.0
CDLHIKKAKE,bull,rsi_overbought,1.75,20,6,14,30.0,51.2,-1.9,N,-3.24,-0.352,0.42,15.0
CDLHIKKAKE,bull,rsi_overbought,2.0,20,6,14,30.0,51.2,-1.9,N,-3.59,-0.39,0.4,15.0
CDLHIKKAKE,bull,rsi_overbought,2.25,20,6,14,30.0,52.9,-2.05,N,-3.59,-0.385,0.4,5.0
CDLHIKKAKE,bull,rsi_overbought,2.5,20,6,14,30.0,50.0,-1.79,N,-3.73,-0.398,0.39,5.0
CDLHIKKAKE,bull,rsi_overbought,2.75,20,6,14,30.0,50.8,-1.86,N,-3.87,-0.41,0.38,5.0
CDLHIKKAKE,bull,rsi_overbought,3.0,20,6,14,30.0,49.2,-1.71,N,-2.92,-0.327,0.45,0.0
CDLHARAMI,bull,trend_down,0.5,102,30,72,29.4,35.0,-1.19,N,0.34,0.057,1.11,64.7
CDLHARAMI,bull,trend_down,0.75,102,33,69,32.4,41.3,-1.83,N,-0.28,-0.005,0.93,46.1
CDLHARAMI,bull,trend_down,1.0,102,38,64,37.3,47.1,-1.98,N,-0.24,0.018,0.94,35.3
CDLHARAMI,bull,trend_down,1.25,102,39,63,38.2,49.1,-2.2,N,-0.32,0.007,0.93,25.5
CDLHARAMI,bull,trend_down,1.5,102,40,62,39.2,49.3,-2.03,N,-0.7,-0.03,0.85,22.5
CDLHARAMI,bull,trend_down,1.75,102,42,60,41.2,49.0,-1.58,N,-0.33,0.009,0.93,12.7
CDLHARAMI,bull,trend_down,2.0,102,42,60,41.2,47.7,-1.32,N,-0.28,0.003,0.94,10.8
CDLHARAMI,bull,trend_down,2.25,102,42,60,41.2,49.8,-1.73,N,-0.33,-0.002,0.93,7.8
CDLHARAMI,bull,trend_down,2.5,102,43,59,42.2,50.6,-1.7,N,0.01,0.035,1.0,5.9
CDLHARAMI,bull,trend_down,2.75,102,43,59,42.2,49.5,-1.49,N,-0.13,0.02,0.97,5.9
CDLHARAMI,bull,trend_down,3.0,102,43,59,42.2,48.0,-1.17,N,-0.14,0.023,0.97,3.9
CDLLONGLINE,bull,rsi_mid_oversold,0.5,109,32,77,29.4,39.1,-2.08,N,-1.29,-0.119,0.59,63.3
CDLLONGLINE,bull,rsi_mid_oversold,0.75,109,38,71,34.9,43.5,-1.82,N,-1.68,-0.157,0.57,49.5
CDLLONGLINE,bull,rsi_mid_oversold,1.0,109,44,65,40.4,47.9,-1.57,N,-1.48,-0.143,0.63,31.2
CDLLONGLINE,bull,rsi_mid_oversold,1.25,109,44,65,40.4,46.1,-1.2,N,-1.98,-0.196,0.56,27.5
CDLLONGLINE,bull,rsi_mid_oversold,1.5,109,44,65,40.4,48.2,-1.63,N,-2.25,-0.222,0.53,20.2
CDLLONGLINE,bull,rsi_mid_oversold,1.75,109,44,65,40.4,47.5,-1.49,N,-2.4,-0.235,0.51,13.8
CDLLONGLINE,bull,rsi_mid_oversold,2.0,109,45,64,41.3,52.8,-2.41,N,-1.71,-0.178,0.62,7.3
CDLLONGLINE,bull,rsi_mid_oversold,2.25,109,45,64,41.3,49.5,-1.72,N,-1.64,-0.171,0.63,4.6
CDLLONGLINE,bull,rsi_mid_oversold,2.5,109,45,64,41.3,50.9,-2.01,N,-1.64,-0.172,0.63,3.7
CDLLONGLINE,bull,rsi_mid_oversold,2.75,109,45,64,41.3,52.1,-2.25,N,-1.49,-0.153,0.65,1.8
CDLLONGLINE,bull,rsi_mid_oversold,3.0,109,45,64,41.3,51.6,-2.16,N,-1.48,-0.151,0.65,0.9
CDLHIGHWAVE,bull,rsi_oversold,0.5,21,3,18,14.3,33.3,-1.85,N,-1.48,-0.211,0.65,85.7
CDLHIGHWAVE,bull,rsi_oversold,0.75,21,5,16,23.8,38.5,-1.38,N,-2.17,-0.243,0.6,66.7
CDLHIGHWAVE,bull,rsi_oversold,1.0,21,5,16,23.8,36.5,-1.21,N,-3.14,-0.332,0.51,52.4
CDLHIGHWAVE,bull,rsi_oversold,1.25,21,5,16,23.8,45.6,-2.01,N,-3.23,-0.348,0.5,38.1
CDLHIGHWAVE,bull,rsi_oversold,1.5,21,5,16,23.8,40.9,-1.59,N,-3.96,-0.403,0.45,33.3
CDLHIGHWAVE,bull,rsi_oversold,1.75,21,7,14,33.3,48.8,-1.42,N,-2.1,-0.215,0.67,23.8
CDLHIGHWAVE,bull,rsi_oversold,2.0,21,7,14,33.3,47.6,-1.31,N,-1.63,-0.186,0.72,14.3
CDLHIGHWAVE,bull,rsi_oversold,2.25,21,7,14,33.3,55.2,-2.01,N,-1.98,-0.222,0.68,14.3
CDLHIGHWAVE,bull,rsi_oversold,2.5,21,7,14,33.3,54.0,-1.9,N,-2.3,-0.253,0.65,9.5
CDLHIGHWAVE,bull,rsi_oversold,2.75,21,7,14,33.3,48.4,-1.38,N,-2.27,-0.253,0.65,4.8
CDLHIGHWAVE,bull,rsi_oversold,3.0,21,7,14,33.3,55.2,-2.01,N,-2.38,-0.265,0.64,4.8
CDLSPINNINGTOP,bull,rsi_oversold,0.5,34,5,29,14.7,31.6,-2.12,N,-1.91,-0.233,0.54,82.4
CDLSPINNINGTOP,bull,rsi_oversold,0.75,34,9,25,26.5,43.9,-2.04,N,-2.33,-0.232,0.56,64.7
CDLSPINNINGTOP,bull,rsi_oversold,1.0,34,9,25,26.5,43.4,-1.99,N,-3.3,-0.321,0.47,50.0
CDLSPINNINGTOP,bull,rsi_oversold,1.25,34,9,25,26.5,43.9,-2.04,N,-3.59,-0.35,0.45,38.2
CDLSPINNINGTOP,bull,rsi_oversold,1.5,34,10,24,29.4,48.0,-2.17,N,-3.69,-0.343,0.45,26.5
CDLSPINNINGTOP,bull,rsi_oversold,1.75,34,12,22,35.3,45.8,-1.23,N,-2.67,-0.242,0.57,20.6
CDLSPINNINGTOP,bull,rsi_oversold,2.0,34,12,22,35.3,54.7,-2.27,N,-2.5,-0.239,0.59,14.7
CDLSPINNINGTOP,bull,rsi_oversold,2.25,34,12,22,35.3,54.7,-2.27,N,-2.66,-0.257,0.57,11.8
CDLSPINNINGTOP,bull,rsi_oversold,2.5,34,12,22,35.3,50.5,-1.77,N,-2.91,-0.284,0.55,8.8
CDLSPINNINGTOP,bull,rsi_oversold,2.75,34,12,22,35.3,48.3,-1.52,N,-2.94,-0.291,0.55,5.9
CDLSPINNINGTOP,bull,rsi_oversold,3.0,34,12,22,35.3,51.0,-1.83,N,-3.07,-0.306,0.54,5.9
CDLLONGLINE,bear,atr_low,0.5,391,115,276,29.4,32.7,-1.37,N,-0.32,-0.034,0.88,63.7
CDLLONGLINE,bear,atr_low,0.75,391,144,247,36.8,41.6,-1.92,N,-0.49,-0.057,0.85,48.1
CDLLONGLINE,bear,atr_low,1.0,391,162,229,41.4,44.6,-1.25,N,-0.49,-0.058,0.86,33.5
CDLLONGLINE,bear,atr_low,1.25,391,166,225,42.5,47.7,-2.06,N,-0.75,-0.092,0.8,26.9
CDLLONGLINE,bear,atr_low,1.5,391,171,220,43.7,49.1,-2.11,N,-0.68,-0.081,0.82,18.9
CDLLONGLINE,bear,atr_low,1.75,391,173,218,44.2,49.2,-1.96,N,-0.7,-0.084,0.82,12.8
CDLLONGLINE,bear,atr_low,2.0,391,175,216,44.8,50.2,-2.17,N,-0.66,-0.079,0.83,8.7
CDLLONGLINE,bear,atr_low,2.25,391,175,216,44.8,49.6,-1.92,N,-0.71,-0.085,0.82,6.6
CDLLONGLINE,bear,atr_low,2.5,391,176,215,45.0,50.9,-2.34,N,-0.71,-0.086,0.82,5.6
CDLLONGLINE,bear,atr_low,2.75,391,176,215,45.0,50.9,-2.34,N,-0.74,-0.088,0.81,4.1
CDLLONGLINE,bear,atr_low,3.0,391,176,215,45.0,50.7,-2.24,N,-0.76,-0.093,0.81,3.3
CDL3INSIDE,bull,none,0.5,27,5,22,18.5,29.6,-1.26,N,-1.43,nan,0.62,74.1
CDL3INSIDE,bull,none,0.75,27,7,20,25.9,42.0,-1.69,N,-1.5,nan,0.68,59.3
CDL3INSIDE,bull,none,1.0,27,7,20,25.9,39.8,-1.47,N,-2.73,nan,0.54,55.6
CDL3INSIDE,bull,none,1.25,27,7,20,25.9,43.8,-1.87,N,-3.86,nan,0.45,51.9
CDL3INSIDE,bull,none,1.5,27,7,20,25.9,46.3,-2.12,N,-4.69,nan,0.4,44.4
CDL3INSIDE,bull,none,1.75,27,7,20,25.9,42.9,-1.78,N,-5.73,nan,0.36,44.4
CDL3INSIDE,bull,none,2.0,27,8,19,29.6,51.5,-2.28,N,-4.95,nan,0.4,18.5
CDL3INSIDE,bull,none,2.25,27,8,19,29.6,46.6,-1.77,N,-5.41,nan,0.37,18.5
CDL3INSIDE,bull,none,2.5,27,8,19,29.6,44.4,-1.55,N,-5.12,nan,0.39,14.8
CDL3INSIDE,bull,none,2.75,27,8,19,29.6,45.4,-1.64,N,-5.18,nan,0.38,11.1
CDL3INSIDE,bull,none,3.0,27,8,19,29.6,51.2,-2.25,N,-5.46,nan,0.37,11.1
CDLBELTHOLD,bear,atr_low,0.5,344,97,247,28.2,33.2,-1.97,N,-0.78,-0.093,0.72,67.2
CDLBELTHOLD,bear,atr_low,0.75,344,124,220,36.0,40.3,-1.61,N,-0.93,-0.115,0.72,49.7
CDLBELTHOLD,bear,atr_low,1.0,344,139,205,40.4,45.6,-1.94,N,-0.89,-0.109,0.75,34.6
CDLBELTHOLD,bear,atr_low,1.25,344,146,198,42.4,47.2,-1.78,N,-0.95,-0.111,0.75,26.5
CDLBELTHOLD,bear,atr_low,1.5,344,153,191,44.5,50.0,-2.05,N,-0.68,-0.087,0.82,18.3
CDLBELTHOLD,bear,atr_low,1.75,344,154,190,44.8,49.0,-1.57,N,-0.71,-0.091,0.81,12.5
CDLBELTHOLD,bear,atr_low,2.0,344,155,189,45.1,49.2,-1.54,N,-0.67,-0.086,0.82,8.1
CDLBELTHOLD,bear,atr_low,2.25,344,156,188,45.3,50.6,-1.95,N,-0.67,-0.086,0.82,5.8
CDLBELTHOLD,bear,atr_low,2.5,344,157,187,45.6,50.8,-1.92,N,-0.66,-0.085,0.82,4.7
CDLBELTHOLD,bear,atr_low,2.75,344,157,187,45.6,50.0,-1.62,N,-0.67,-0.084,0.82,3.8
CDLBELTHOLD,bear,atr_low,3.0,344,157,187,45.6,49.5,-1.43,N,-0.69,-0.086,0.82,2.6
CDLGRAVESTONEDOJI,bear,trend_up,0.5,33,7,26,21.2,35.1,-1.67,N,-1.77,-0.165,0.49,72.7
CDLGRAVESTONEDOJI,bear,trend_up,0.75,33,9,24,27.3,42.4,-1.76,N,-1.87,-0.184,0.49,39.4
CDLGRAVESTONEDOJI,bear,trend_up,1.0,33,10,23,30.3,43.9,-1.58,N,-1.54,-0.146,0.55,18.2
CDLGRAVESTONEDOJI,bear,trend_up,1.25,33,10,23,30.3,46.2,-1.83,N,-1.64,-0.153,0.53,12.1
CDLGRAVESTONEDOJI,bear,trend_up,1.5,33,10,23,30.3,46.0,-1.8,N,-1.87,-0.177,0.5,9.1
CDLGRAVESTONEDOJI,bear,trend_up,1.75,33,10,23,30.3,47.5,-1.98,N,-1.77,-0.157,0.51,3.0
CDLGRAVESTONEDOJI,bear,trend_up,2.0,33,10,23,30.3,53.3,-2.65,N,-1.88,-0.164,0.5,3.0
CDLGRAVESTONEDOJI,bear,trend_up,2.25,33,10,23,30.3,56.6,-3.04,N,-1.98,-0.172,0.48,3.0
CDLGRAVESTONEDOJI,bear,trend_up,2.5,33,10,23,30.3,47.0,-1.92,N,-2.08,-0.179,0.47,3.0
CDLGRAVESTONEDOJI,bear,trend_up,2.75,33,10,23,30.3,46.5,-1.86,N,-2.19,-0.187,0.46,3.0
CDLGRAVESTONEDOJI,bear,trend_up,3.0,33,10,23,30.3,48.0,-2.03,N,-2.2,-0.188,0.46,0.0
CDLHARAMI,bull,atr_low,0.5,126,30,96,23.8,31.0,-1.73,N,-0.49,-0.047,0.84,70.6
CDLHARAMI,bull,atr_low,0.75,126,37,89,29.4,38.1,-2.02,N,-0.63,-0.072,0.82,49.2
CDLHARAMI,bull,atr_low,1.0,126,45,81,35.7,44.9,-2.07,N,-0.12,0.006,0.97,34.1
CDLHARAMI,bull,atr_low,1.25,126,48,78,38.1,47.2,-2.04,N,0.15,0.042,1.04,21.4
CDLHARAMI,bull,atr_low,1.5,126,48,78,38.1,46.5,-1.89,N,-0.25,-0.003,0.93,19.0
CDLHARAMI,bull,atr_low,1.75,126,50,76,39.7,49.7,-2.26,N,-0.01,0.031,1.0,10.3
CDLHARAMI,bull,atr_low,2.0,126,50,76,39.7,46.8,-1.61,N,-0.13,0.017,0.97,8.7
CDLHARAMI,bull,atr_low,2.25,126,50,76,39.7,48.8,-2.05,N,-0.16,0.013,0.96,6.3
CDLHARAMI,bull,atr_low,2.5,126,51,75,40.5,47.7,-1.62,N,0.02,0.032,1.01,5.6
CDLHARAMI,bull,atr_low,2.75,126,51,75,40.5,49.8,-2.09,N,-0.07,0.021,0.98,4.8
CDLHARAMI,bull,atr_low,3.0,126,51,75,40.5,52.2,-2.65,N,-0.02,0.027,0.99,3.2
CDLHARAMI,bull,trend_up,0.5,84,18,66,21.4,32.0,-2.08,N,-1.32,-0.157,0.6,71.4
CDLHARAMI,bull,trend_up,0.75,84,23,61,27.4,37.9,-1.99,N,-1.41,-0.178,0.63,50.0
CDLHARAMI,bull,trend_up,1.0,84,27,57,32.1,43.7,-2.13,N,-0.94,-0.103,0.75,33.3
CDLHARAMI,bull,trend_up,1.25,84,30,54,35.7,48.8,-2.4,N,-0.68,-0.062,0.82,22.6
CDLHARAMI,bull,trend_up,1.5,84,30,54,35.7,49.5,-2.53,N,-0.73,-0.072,0.81,15.5
CDLHARAMI,bull,trend_up,1.75,84,31,53,36.9,51.5,-2.67,N,-0.48,-0.039,0.86,8.3
CDLHARAMI,bull,trend_up,2.0,84,31,53,36.9,49.0,-2.22,N,-0.38,-0.031,0.89,4.8
CDLHARAMI,bull,trend_up,2.25,84,31,53,36.9,47.1,-1.88,N,-0.48,-0.043,0.86,4.8
CDLHARAMI,bull,trend_up,2.5,84,31,53,36.9,47.3,-1.91,N,-0.59,-0.055,0.84,4.8
CDLHARAMI,bull,trend_up,2.75,84,31,53,36.9,45.7,-1.62,N,-0.65,-0.062,0.82,3.6
CDLHARAMI,bull,trend_up,3.0,84,31,53,36.9,47.8,-2.0,N,-0.6,-0.058,0.84,2.4
CDLLONGLINE,bull,none,0.5,603,178,425,29.5,33.4,-2.04,N,-0.53,nan,0.83,65.2
CDLLONGLINE,bull,none,0.75,603,229,374,38.0,41.3,-1.64,N,-0.63,nan,0.83,49.3
CDLLONGLINE,bull,none,1.0,603,260,343,43.1,46.8,-1.8,N,-0.57,nan,0.85,33.3
CDLLONGLINE,bull,none,1.25,603,265,338,43.9,48.6,-2.29,N,-0.9,nan,0.79,27.0
CDLLONGLINE,bull,none,1.5,603,271,332,44.9,48.7,-1.86,N,-0.93,nan,0.79,20.2
CDLLONGLINE,bull,none,1.75,603,273,330,45.3,48.7,-1.68,N,-0.98,nan,0.78,14.1
CDLLONGLINE,bull,none,2.0,603,276,327,45.8,50.1,-2.11,N,-0.88,nan,0.8,9.6
CDLLONGLINE,bull,none,2.25,603,276,327,45.8,49.4,-1.79,N,-0.9,nan,0.8,6.8
CDLLONGLINE,bull,none,2.5,603,277,326,45.9,50.6,-2.31,N,-0.92,nan,0.79,5.5
CDLLONGLINE,bull,none,2.75,603,278,325,46.1,50.3,-2.06,N,-0.89,nan,0.8,4.0
CDLLONGLINE,bull,none,3.0,603,278,325,46.1,51.1,-2.43,N,-0.93,nan,0.79,3.2
CDLHARAMI,bull,none,0.5,187,48,139,25.7,32.0,-1.84,N,-0.48,nan,0.86,67.4
CDLHARAMI,bull,none,0.75,187,56,131,29.9,40.2,-2.85,N,-0.86,nan,0.78,47.6
CDLHARAMI,bull,none,1.0,187,65,122,34.8,42.6,-2.17,N,-0.63,nan,0.85,34.2
CDLHARAMI,bull,none,1.25,187,69,118,36.9,49.3,-3.4,N,-0.55,nan,0.87,24.1
CDLHARAMI,bull,none,1.5,187,70,117,37.4,48.8,-3.1,N,-0.78,nan,0.82,19.3
CDLHARAMI,bull,none,1.75,187,73,114,39.0,49.9,-2.96,N,-0.47,nan,0.89,10.7
CDLHARAMI,bull,none,2.0,187,73,114,39.0,50.5,-3.14,N,-0.4,nan,0.9,8.0
CDLHARAMI,bull,none,2.25,187,73,114,39.0,49.1,-2.74,N,-0.47,nan,0.89,6.4
CDLHARAMI,bull,none,2.5,187,74,113,39.6,50.4,-2.97,N,-0.33,nan,0.92,5.3
CDLHARAMI,bull,none,2.75,187,74,113,39.6,49.4,-2.69,N,-0.44,nan,0.9,4.8
CDLHARAMI,bull,none,3.0,187,74,113,39.6,48.7,-2.5,N,-0.42,nan,0.9,3.2
