形态,方向,过滤器,SL,交易数,胜,负,胜率%,随机WR%,Z值,显著,平均盈亏,盈亏/ATR,盈亏比,止损率%
CDLHIKKAKE,bull,trend_up,0.5,172,78,94,45.3,35.6,2.68,Y,2.57,0.165,1.63,49.4
CDLHIKKAKE,bull,trend_up,0.75,172,91,81,52.9,46.4,1.72,Y,2.27,0.153,1.45,37.8
CDLHIKKAKE,bull,trend_up,1.0,172,97,75,56.4,48.1,2.19,Y,2.14,0.155,1.38,27.3
CDLHIKKAKE,bull,trend_up,1.25,172,101,71,58.7,48.0,2.81,Y,2.18,0.163,1.38,19.8
CDLHIKKAKE,bull,trend_up,1.5,172,102,70,59.3,48.1,2.94,Y,2.17,0.161,1.38,12.8
CDLHIKKAKE,bull,trend_up,1.75,172,102,70,59.3,49.9,2.48,Y,2.04,0.154,1.35,8.1
CDLHIKKAKE,bull,trend_up,2.0,172,102,70,59.3,49.0,2.71,Y,1.93,0.15,1.33,5.2
CDLHIKKAKE,bull,trend_up,2.25,172,102,70,59.3,49.6,2.55,Y,1.86,0.148,1.31,4.7
CDLHIKKAKE,bull,trend_up,2.5,172,102,70,59.3,50.8,2.24,Y,1.81,0.143,1.3,3.5
CDLHIKKAKE,bull,trend_up,2.75,172,102,70,59.3,48.9,2.72,Y,1.78,0.141,1.29,2.3
CDLHIKKAKE,bull,trend_up,3.0,172,102,70,59.3,51.4,2.08,Y,1.74,0.138,1.28,1.7
CDLHIKKAKE,bear,rsi_mid_overbought,0.5,81,38,43,46.9,39.4,1.38,N,2.12,0.182,1.51,49.4
CDLHIKKAKE,bear,rsi_mid_overbought,0.75,81,46,35,56.8,43.7,2.37,Y,1.74,0.175,1.34,37.0
CDLHIKKAKE,bear,rsi_mid_overbought,1.0,81,48,33,59.3,46.8,2.25,Y,1.18,0.143,1.2,25.9
CDLHIKKAKE,bear,rsi_mid_overbought,1.25,81,50,31,61.7,46.3,2.79,Y,1.15,0.15,1.19,18.5
CDLHIKKAKE,bear,rsi_mid_overbought,1.5,81,51,30,63.0,50.8,2.19,Y,1.3,0.16,1.22,12.3
CDLHIKKAKE,bear,rsi_mid_overbought,1.75,81,51,30,63.0,50.7,2.2,Y,1.03,0.147,1.17,8.6
CDLHIKKAKE,bear,rsi_mid_overbought,2.0,81,51,30,63.0,49.6,2.41,Y,0.76,0.136,1.12,6.2
CDLHIKKAKE,bear,rsi_mid_overbought,2.25,81,51,30,63.0,50.3,2.28,Y,0.44,0.121,1.07,6.2
CDLHIKKAKE,bear,rsi_mid_overbought,2.5,81,51,30,63.0,50.6,2.22,Y,0.46,0.121,1.07,3.7
CDLHIKKAKE,bear,rsi_mid_overbought,2.75,81,51,30,63.0,49.7,2.39,Y,0.39,0.117,1.06,2.5
CDLHIKKAKE,bear,rsi_mid_overbought,3.0,81,51,30,63.0,48.6,2.59,Y,0.28,0.11,1.04,2.5
CDLLONGLEGGEDDOJI,bull,trend_down,0.5,217,67,150,30.9,30.8,0.01,N,0.08,-0.02,1.02,67.3
CDLLONGLEGGEDDOJI,bull,trend_down,0.75,217,95,122,43.8,41.0,0.84,N,0.63,0.014,1.12,48.4
CDLLONGLEGGEDDOJI,bull,trend_down,1.0,217,107,110,49.3,45.1,1.25,N,0.71,0.019,1.13,34.1
CDLLONGLEGGEDDOJI,bull,trend_down,1.25,217,114,103,52.5,49.2,1.0,N,0.91,0.029,1.16,24.9
CDLLONGLEGGEDDOJI,bull,trend_down,1.5,217,120,97,55.3,49.1,1.83,Y,1.08,0.041,1.19,18.9
CDLLONGLEGGEDDOJI,bull,trend_down,1.75,217,123,94,56.7,51.7,1.46,N,1.49,0.059,1.28,13.8
CDLLONGLEGGEDDOJI,bull,trend_down,2.0,217,123,94,56.7,50.2,1.92,Y,1.35,0.047,1.25,10.6
CDLLONGLEGGEDDOJI,bull,trend_down,2.25,217,123,94,56.7,50.1,1.93,Y,1.36,0.049,1.25,8.3
CDLLONGLEGGEDDOJI,bull,trend_down,2.5,217,123,94,56.7,49.3,2.17,Y,1.11,0.028,1.2,8.3
CDLLONGLEGGEDDOJI,bull,trend_down,2.75,217,123,94,56.7,49.8,2.01,Y,1.2,0.031,1.22,6.0
CDLLONGLEGGEDDOJI,bull,trend_down,3.0,217,123,94,56.7,48.5,2.41,Y,1.25,0.028,1.23,5.1
CDLLONGLEGGEDDOJI,bull,rsi_mid_oversold,0.5,192,60,132,31.2,32.6,-0.4,N,-0.21,-0.039,0.96,67.2
CDLLONGLEGGEDDOJI,bull,rsi_mid_oversold,0.75,192,85,107,44.3,39.8,1.28,N,0.34,0.003,1.06,46.4
CDLLONGLEGGEDDOJI,bull,rsi_mid_oversold,1.0,192,96,96,50.0,48.0,0.54,N,0.45,0.012,1.08,33.3
CDLLONGLEGGEDDOJI,bull,rsi_mid_oversold,1.25,192,101,91,52.6,48.0,1.28,N,0.55,0.013,1.1,24.5
CDLLONGLEGGEDDOJI,bull,rsi_mid_oversold,1.5,192,105,87,54.7,48.5,1.72,Y,0.5,0.013,1.09,19.3
CDLLONGLEGGEDDOJI,bull,rsi_mid_oversold,1.75,192,108,84,56.2,49.1,1.97,Y,0.94,0.034,1.17,14.1
CDLLONGLEGGEDDOJI,bull,rsi_mid_oversold,2.0,192,108,84,56.2,49.0,2.0,Y,0.67,0.014,1.12,11.5
CDLLONGLEGGEDDOJI,bull,rsi_mid_oversold,2.25,192,108,84,56.2,50.3,1.66,Y,0.72,0.023,1.13,8.9
CDLLONGLEGGEDDOJI,bull,rsi_mid_oversold,2.5,192,108,84,56.2,47.7,2.36,Y,0.42,0.001,1.07,8.9
CDLLONGLEGGEDDOJI,bull,rsi_mid_oversold,2.75,192,108,84,56.2,48.8,2.07,Y,0.64,0.008,1.11,6.2
CDLLONGLEGGEDDOJI,bull,rsi_mid_oversold,3.0,192,108,84,56.2,49.7,1.83,Y,0.47,-0.006,1.08,5.7
CDLDOJI,bull,rsi_mid_oversold,0.5,192,60,132,31.2,31.4,-0.05,N,-0.21,-0.039,0.96,67.2
CDLDOJI,bull,rsi_mid_oversold,0.75,192,85,107,44.3,39.8,1.25,N,0.34,0.003,1.06,46.4
CDLDOJI,bull,rsi_mid_oversold,1.0,192,96,96,50.0,46.5,0.96,N,0.45,0.012,1.08,33.3
CDLDOJI,bull,rsi_mid_oversold,1.25,192,101,91,52.6,49.6,0.84,N,0.55,0.013,1.1,24.5
CDLDOJI,bull,rsi_mid_oversold,1.5,192,105,87,54.7,47.6,1.97,Y,0.5,0.013,1.09,19.3
CDLDOJI,bull,rsi_mid_oversold,1.75,192,108,84,56.2,49.8,1.79,Y,0.94,0.034,1.17,14.1
CDLDOJI,bull,rsi_mid_oversold,2.0,192,108,84,56.2,47.8,2.34,Y,0.67,0.014,1.12,11.5
CDLDOJI,bull,rsi_mid_oversold,2.25,192,108,84,56.2,49.9,1.77,Y,0.72,0.023,1.13,8.9
CDLDOJI,bull,rsi_mid_oversold,2.5,192,108,84,56.2,48.7,2.09,Y,0.42,0.001,1.07,8.9
CDLDOJI,bull,rsi_mid_oversold,2.75,192,108,84,56.2,49.4,1.9,Y,0.64,0.008,1.11,6.2
CDLDOJI,bull,rsi_mid_oversold,3.0,192,108,84,56.2,50.2,1.67,Y,0.47,-0.006,1.08,5.7
CDLMATCHINGLOW,bull,trend_down,0.5,28,8,20,28.6,30.7,-0.24,N,-2.23,-0.115,0.59,71.4
CDLMATCHINGLOW,bull,trend_down,0.75,28,17,11,60.7,44.9,1.68,Y,0.55,0.091,1.12,35.7
CDLMATCHINGLOW,bull,trend_down,1.0,28,17,11,60.7,43.8,1.81,Y,-0.27,0.044,0.95,28.6
CDLMATCHINGLOW,bull,trend_down,1.25,28,18,10,64.3,44.3,2.12,Y,-0.65,0.034,0.89,21.4
CDLMATCHINGLOW,bull,trend_down,1.5,28,19,9,67.9,47.9,2.11,Y,0.65,0.108,1.13,14.3
CDLMATCHINGLOW,bull,trend_down,1.75,28,19,9,67.9,50.3,1.86,Y,2.01,0.153,1.57,7.1
CDLMATCHINGLOW,bull,trend_down,2.0,28,19,9,67.9,46.1,2.31,Y,1.8,0.135,1.48,7.1
CDLMATCHINGLOW,bull,trend_down,2.25,28,19,9,67.9,46.4,2.27,Y,1.6,0.118,1.41,7.1
CDLMATCHINGLOW,bull,trend_down,2.5,28,19,9,67.9,53.3,1.55,N,1.4,0.1,1.34,7.1
CDLMATCHINGLOW,bull,trend_down,2.75,28,19,9,67.9,51.2,1.76,Y,1.23,0.085,1.29,3.6
CDLMATCHINGLOW,bull,trend_down,3.0,28,19,9,67.9,53.3,1.55,N,1.14,0.076,1.26,3.6
CDLENGULFING,bear,rsi_mid_overbought,0.5,58,25,33,43.1,34.6,1.36,N,1.19,0.185,1.26,53.4
CDLENGULFING,bear,rsi_mid_overbought,0.75,58,31,27,53.4,44.7,1.34,N,1.89,0.179,1.39,37.9
CDLENGULFING,bear,rsi_mid_overbought,1.0,58,33,25,56.9,45.8,1.69,Y,1.87,0.194,1.36,25.9
CDLENGULFING,bear,rsi_mid_overbought,1.25,58,35,23,60.3,45.5,2.26,Y,2.29,0.229,1.46,13.8
CDLENGULFING,bear,rsi_mid_overbought,1.5,58,35,23,60.3,49.4,1.66,Y,1.92,0.21,1.36,12.1
CDLENGULFING,bear,rsi_mid_overbought,1.75,58,35,23,60.3,45.4,2.29,Y,1.62,0.196,1.29,8.6
CDLENGULFING,bear,rsi_mid_overbought,2.0,58,35,23,60.3,49.6,1.64,N,1.85,0.207,1.34,5.2
CDLENGULFING,bear,rsi_mid_overbought,2.25,58,35,23,60.3,50.9,1.44,N,1.88,0.213,1.35,1.7
CDLENGULFING,bear,rsi_mid_overbought,2.5,58,35,23,60.3,48.6,1.8,Y,1.79,0.209,1.33,1.7
CDLENGULFING,bear,rsi_mid_overbought,2.75,58,35,23,60.3,48.4,1.82,Y,1.86,0.212,1.34,0.0
CDLENGULFING,bear,rsi_mid_overbought,3.0,58,35,23,60.3,49.6,1.64,N,1.86,0.212,1.34,0.0
CDLDOJI,bull,trend_down,0.5,217,67,150,30.9,30.2,0.21,N,0.08,-0.02,1.02,67.3
CDLDOJI,bull,trend_down,0.75,217,95,122,43.8,40.0,1.13,N,0.63,0.014,1.12,48.4
CDLDOJI,bull,trend_down,1.0,217,107,110,49.3,45.4,1.15,N,0.71,0.019,1.13,34.1
CDLDOJI,bull,trend_down,1.25,217,114,103,52.5,48.4,1.21,N,0.91,0.029,1.16,24.9
CDLDOJI,bull,trend_down,1.5,217,120,97,55.3,47.6,2.28,Y,1.08,0.041,1.19,18.9
CDLDOJI,bull,trend_down,1.75,217,123,94,56.7,49.5,2.13,Y,1.49,0.059,1.28,13.8
CDLDOJI,bull,trend_down,2.0,217,123,94,56.7,51.2,1.62,N,1.35,0.047,1.25,10.6
CDLDOJI,bull,trend_down,2.25,217,123,94,56.7,49.6,2.08,Y,1.36,0.049,1.25,8.3
CDLDOJI,bull,trend_down,2.5,217,123,94,56.7,49.2,2.2,Y,1.11,0.028,1.2,8.3
CDLDOJI,bull,trend_down,2.75,217,123,94,56.7,49.5,2.12,Y,1.2,0.031,1.22,6.0
CDLDOJI,bull,trend_down,3.0,217,123,94,56.7,51.1,1.65,Y,1.25,0.028,1.23,5.1
CDLLONGLINE,bear,atr_high,0.5,131,50,81,38.2,33.5,1.14,N,1.75,0.098,1.37,56.5
CDLLONGLINE,bear,atr_high,0.75,131,63,68,48.1,41.0,1.64,N,2.21,0.146,1.41,37.4
CDLLONGLINE,bear,atr_high,1.0,131,69,62,52.7,45.4,1.68,Y,2.27,0.16,1.38,28.2
CDLLONGLINE,bear,atr_high,1.25,131,74,57,56.5,47.8,2.0,Y,3.55,0.248,1.67,13.7
CDLLONGLINE,bear,atr_high,1.5,131,74,57,56.5,47.6,2.04,Y,3.03,0.219,1.52,13.0
CDLLONGLINE,bear,atr_high,1.75,131,76,55,58.0,51.6,1.47,N,3.89,0.247,1.75,9.9
CDLLONGLINE,bear,atr_high,2.0,131,76,55,58.0,49.2,2.02,Y,3.8,0.244,1.72,6.1
CDLLONGLINE,bear,atr_high,2.25,131,76,55,58.0,50.5,1.72,Y,3.82,0.245,1.73,5.3
CDLLONGLINE,bear,atr_high,2.5,131,76,55,58.0,50.9,1.63,N,3.63,0.234,1.67,4.6
CDLLONGLINE,bear,atr_high,2.75,131,76,55,58.0,49.0,2.05,Y,3.61,0.233,1.66,3.1
CDLLONGLINE,bear,atr_high,3.0,131,76,55,58.0,50.5,1.72,Y,3.67,0.235,1.68,1.5
CDLMATCHINGLOW,bull,atr_low,0.5,27,8,19,29.6,29.9,-0.04,N,-1.06,-0.054,0.78,66.7
CDLMATCHINGLOW,bull,atr_low,0.75,27,16,11,59.3,43.8,1.62,N,1.75,0.141,1.5,29.6
CDLMATCHINGLOW,bull,atr_low,1.0,27,16,11,59.3,45.4,1.45,N,1.13,0.097,1.27,22.2
CDLMATCHINGLOW,bull,atr_low,1.25,27,17,10,63.0,52.5,1.09,N,1.18,0.105,1.28,14.8
CDLMATCHINGLOW,bull,atr_low,1.5,27,17,10,63.0,50.6,1.28,N,0.67,0.068,1.14,14.8
CDLMATCHINGLOW,bull,atr_low,1.75,27,17,10,63.0,48.8,1.48,N,0.55,0.051,1.12,11.1
CDLMATCHINGLOW,bull,atr_low,2.0,27,17,10,63.0,51.9,1.16,N,0.23,0.023,1.04,11.1
CDLMATCHINGLOW,bull,atr_low,2.25,27,17,10,63.0,49.1,1.44,N,0.93,0.079,1.21,7.4
CDLMATCHINGLOW,bull,atr_low,2.5,27,17,10,63.0,43.5,2.04,Y,0.72,0.06,1.16,7.4
CDLMATCHINGLOW,bull,atr_low,2.75,27,17,10,63.0,51.5,1.19,N,0.55,0.045,1.12,3.7
CDLMATCHINGLOW,bull,atr_low,3.0,27,17,10,63.0,53.4,1.0,N,0.45,0.036,1.09,3.7
CDLHIKKAKE,bear,atr_low,0.5,268,104,164,38.8,33.0,2.02,Y,1.29,0.094,1.31,56.7
CDLHIKKAKE,bear,atr_low,0.75,268,123,145,45.9,43.3,0.84,N,1.1,0.078,1.21,43.7
CDLHIKKAKE,bear,atr_low,1.0,268,131,137,48.9,46.3,0.85,N,0.93,0.072,1.16,31.7
CDLHIKKAKE,bear,atr_low,1.25,268,141,127,52.6,48.9,1.2,N,1.39,0.106,1.25,21.3
CDLHIKKAKE,bear,atr_low,1.5,268,144,124,53.7,48.9,1.57,N,1.38,0.104,1.25,14.9
CDLHIKKAKE,bear,atr_low,1.75,268,144,124,53.7,50.7,0.99,N,1.27,0.097,1.22,10.8
CDLHIKKAKE,bear,atr_low,2.0,268,144,124,53.7,49.9,1.24,N,1.29,0.099,1.23,6.3
CDLHIKKAKE,bear,atr_low,2.25,268,144,124,53.7,49.3,1.46,N,1.16,0.087,1.2,5.2
CDLHIKKAKE,bear,atr_low,2.5,268,144,124,53.7,48.8,1.6,N,1.09,0.079,1.18,4.5
CDLHIKKAKE,bear,atr_low,2.75,268,144,124,53.7,50.4,1.08,N,1.18,0.085,1.2,2.6
CDLHIKKAKE,bear,atr_low,3.0,268,144,124,53.7,48.4,1.74,Y,1.1,0.078,1.19,2.6
CDLSHORTLINE,bear,rsi_oversold,0.5,23,13,10,56.5,41.7,1.45,N,6.67,0.539,3.25,39.1
CDLSHORTLINE,bear,rsi_oversold,0.75,23,14,9,60.9,47.8,1.25,N,9.25,0.601,3.63,30.4
CDLSHORTLINE,bear,rsi_oversold,1.0,23,14,9,60.9,46.4,1.39,N,8.57,0.552,3.05,21.7
CDLSHORTLINE,bear,rsi_oversold,1.25,23,15,8,65.2,49.3,1.53,N,10.35,0.662,4.85,8.7
CDLSHORTLINE,bear,rsi_oversold,1.5,23,15,8,65.2,48.9,1.56,N,10.46,0.679,5.07,4.3
CDLSHORTLINE,bear,rsi_oversold,1.75,23,15,8,65.2,51.8,1.29,N,10.31,0.668,4.77,4.3
CDLSHORTLINE,bear,rsi_oversold,2.0,23,15,8,65.2,51.8,1.29,N,10.34,0.67,4.83,0.0
CDLSHORTLINE,bear,rsi_oversold,2.25,23,15,8,65.2,44.6,1.99,Y,10.34,0.67,4.83,0.0
CDLSHORTLINE,bear,rsi_oversold,2.5,23,15,8,65.2,48.6,1.6,N,10.34,0.67,4.83,0.0
CDLSHORTLINE,bear,rsi_oversold,2.75,23,15,8,65.2,50.4,1.42,N,10.34,0.67,4.83,0.0
CDLSHORTLINE,bear,rsi_oversold,3.0,23,15,8,65.2,48.2,1.63,N,10.34,0.67,4.83,0.0
CDLRICKSHAWMAN,bull,rsi_mid_oversold,0.5,136,41,95,30.1,32.7,-0.64,N,-0.27,-0.067,0.94,69.1
CDLRICKSHAWMAN,bull,rsi_mid_oversold,0.75,136,61,75,44.9,39.3,1.32,N,0.73,0.008,1.14,46.3
CDLRICKSHAWMAN,bull,rsi_mid_oversold,1.0,136,70,66,51.5,47.7,0.89,N,1.0,0.031,1.19,32.4
CDLRICKSHAWMAN,bull,rsi_mid_oversold,1.25,136,73,63,53.7,48.0,1.33,N,0.94,0.016,1.17,25.7
CDLRICKSHAWMAN,bull,rsi_mid_oversold,1.5,136,76,60,55.9,52.3,0.84,N,1.05,0.022,1.19,19.1
CDLRICKSHAWMAN,bull,rsi_mid_oversold,1.75,136,77,59,56.6,48.3,1.94,Y,1.08,0.021,1.2,14.7
CDLRICKSHAWMAN,bull,rsi_mid_oversold,2.0,136,77,59,56.6,49.6,1.63,N,0.87,0.004,1.15,11.8
CDLRICKSHAWMAN,bull,rsi_mid_oversold,2.25,136,77,59,56.6,48.2,1.96,Y,1.07,0.019,1.19,8.8
CDLRICKSHAWMAN,bull,rsi_mid_oversold,2.5,136,77,59,56.6,50.2,1.49,N,0.8,-0.003,1.14,8.8
CDLRICKSHAWMAN,bull,rsi_mid_oversold,2.75,136,77,59,56.6,49.4,1.69,Y,0.81,-0.006,1.14,6.6
CDLRICKSHAWMAN,bull,rsi_mid_oversold,3.0,136,77,59,56.6,50.7,1.39,N,0.64,-0.02,1.11,5.9
CDLTAKURI,bull,atr_high,0.5,20,9,11,45.0,40.0,0.46,N,0.79,0.036,1.19,55.0
CDLTAKURI,bull,atr_high,0.75,20,12,8,60.0,48.8,1.01,N,2.08,0.121,1.58,25.0
CDLTAKURI,bull,atr_high,1.0,20,12,8,60.0,50.0,0.89,N,1.1,0.059,1.24,25.0
CDLTAKURI,bull,atr_high,1.25,20,13,7,65.0,52.9,1.08,N,2.67,0.175,1.73,5.0
CDLTAKURI,bull,atr_high,1.5,20,13,7,65.0,46.7,1.64,N,2.45,0.162,1.63,5.0
CDLTAKURI,bull,atr_high,1.75,20,13,7,65.0,51.2,1.23,N,2.78,0.181,1.78,0.0
CDLTAKURI,bull,atr_high,2.0,20,13,7,65.0,44.2,1.88,Y,2.78,0.181,1.78,0.0
CDLTAKURI,bull,atr_high,2.25,20,13,7,65.0,52.9,1.08,N,2.78,0.181,1.78,0.0
CDLTAKURI,bull,atr_high,2.5,20,13,7,65.0,52.1,1.16,N,2.78,0.181,1.78,0.0
CDLTAKURI,bull,atr_high,2.75,20,13,7,65.0,53.3,1.05,N,2.78,0.181,1.78,0.0
CDLTAKURI,bull,atr_high,3.0,20,13,7,65.0,50.8,1.27,N,2.78,0.181,1.78,0.0
CDLADVANCEBLOCK,bear,none,0.5,28,14,14,50.0,41.4,0.93,N,2.54,0.133,1.53,46.4
CDLADVANCEBLOCK,bear,none,0.75,28,15,13,53.6,42.0,1.24,N,1.78,0.062,1.32,39.3
CDLADVANCEBLOCK,bear,none,1.0,28,15,13,53.6,42.6,1.18,N,0.07,-0.036,1.01,39.3
CDLADVANCEBLOCK,bear,none,1.25,28,18,10,64.3,49.4,1.57,N,2.26,0.12,1.39,17.9
CDLADVANCEBLOCK,bear,none,1.5,28,18,10,64.3,46.7,1.86,Y,1.8,0.085,1.29,14.3
CDLADVANCEBLOCK,bear,none,1.75,28,18,10,64.3,48.5,1.67,Y,1.33,0.049,1.2,14.3
CDLADVANCEBLOCK,bear,none,2.0,28,18,10,64.3,48.5,1.67,Y,1.09,0.031,1.16,10.7
CDLADVANCEBLOCK,bear,none,2.25,28,18,10,64.3,53.6,1.14,N,1.47,0.057,1.22,3.6
CDLADVANCEBLOCK,bear,none,2.5,28,18,10,64.3,47.0,1.83,Y,1.36,0.048,1.2,3.6
CDLADVANCEBLOCK,bear,none,2.75,28,18,10,64.3,47.9,1.73,Y,1.24,0.039,1.18,3.6
CDLADVANCEBLOCK,bear,none,3.0,28,18,10,64.3,47.0,1.83,Y,1.61,0.068,1.25,0.0
CDLDRAGONFLYDOJI,bull,atr_high,0.5,20,9,11,45.0,41.7,0.3,N,0.79,0.036,1.19,55.0
CDLDRAGONFLYDOJI,bull,atr_high,0.75,20,12,8,60.0,46.2,1.23,N,2.08,0.121,1.58,25.0
CDLDRAGONFLYDOJI,bull,atr_high,1.0,20,12,8,60.0,48.8,1.01,N,1.1,0.059,1.24,25.0
CDLDRAGONFLYDOJI,bull,atr_high,1.25,20,13,7,65.0,45.8,1.72,Y,2.67,0.175,1.73,5.0
CDLDRAGONFLYDOJI,bull,atr_high,1.5,20,13,7,65.0,50.0,1.34,N,2.45,0.162,1.63,5.0
CDLDRAGONFLYDOJI,bull,atr_high,1.75,20,13,7,65.0,57.9,0.64,N,2.78,0.181,1.78,0.0
CDLDRAGONFLYDOJI,bull,atr_high,2.0,20,13,7,65.0,45.4,1.76,Y,2.78,0.181,1.78,0.0
CDLDRAGONFLYDOJI,bull,atr_high,2.25,20,13,7,65.0,50.8,1.27,N,2.78,0.181,1.78,0.0
CDLDRAGONFLYDOJI,bull,atr_high,2.5,20,13,7,65.0,45.8,1.72,Y,2.78,0.181,1.78,0.0
CDLDRAGONFLYDOJI,bull,atr_high,2.75,20,13,7,65.0,51.7,1.19,N,2.78,0.181,1.78,0.0
CDLDRAGONFLYDOJI,bull,atr_high,3.0,20,13,7,65.0,48.3,1.49,N,2.78,0.181,1.78,0.0
CDLRICKSHAWMAN,bull,trend_down,0.5,148,42,106,28.4,32.0,-0.94,N,-0.76,-0.086,0.85,70.3
CDLRICKSHAWMAN,bull,trend_down,0.75,148,63,85,42.6,40.8,0.43,N,0.17,-0.023,1.03,49.3
CDLRICKSHAWMAN,bull,trend_down,1.0,148,73,75,49.3,43.3,1.48,N,0.49,0.004,1.09,32.4
CDLRICKSHAWMAN,bull,trend_down,1.25,148,77,71,52.0,46.8,1.26,N,0.51,-0.002,1.09,25.0
CDLRICKSHAWMAN,bull,trend_down,1.5,148,81,67,54.7,49.4,1.29,N,0.83,0.016,1.15,18.2
CDLRICKSHAWMAN,bull,trend_down,1.75,148,82,66,55.4,49.2,1.51,N,0.86,0.015,1.16,14.2
CDLRICKSHAWMAN,bull,trend_down,2.0,148,82,66,55.4,50.2,1.26,N,0.77,0.006,1.14,10.8
CDLRICKSHAWMAN,bull,trend_down,2.25,148,82,66,55.4,48.3,1.74,Y,0.79,0.005,1.14,8.8
CDLRICKSHAWMAN,bull,trend_down,2.5,148,82,66,55.4,49.1,1.53,N,0.54,-0.017,1.09,8.8
CDLRICKSHAWMAN,bull,trend_down,2.75,148,82,66,55.4,48.8,1.62,N,0.55,-0.02,1.09,6.1
CDLRICKSHAWMAN,bull,trend_down,3.0,148,82,66,55.4,48.4,1.71,Y,0.4,-0.033,1.07,5.4
CDLRICKSHAWMAN,bull,none,0.5,265,90,175,34.0,34.1,-0.04,N,-0.04,nan,0.99,62.6
CDLRICKSHAWMAN,bull,none,0.75,265,117,148,44.2,40.6,1.18,N,0.48,nan,1.09,43.8
CDLRICKSHAWMAN,bull,none,1.0,265,130,135,49.1,45.7,1.09,N,0.62,nan,1.11,30.6
CDLRICKSHAWMAN,bull,none,1.25,265,136,129,51.3,48.4,0.95,N,0.67,nan,1.12,23.0
CDLRICKSHAWMAN,bull,none,1.5,265,140,125,52.8,48.6,1.36,N,0.62,nan,1.11,17.7
CDLRICKSHAWMAN,bull,none,1.75,265,141,124,53.2,47.9,1.72,Y,0.81,nan,1.14,12.5
CDLRICKSHAWMAN,bull,none,2.0,265,141,124,53.2,50.8,0.8,N,0.75,nan,1.13,9.4
CDLRICKSHAWMAN,bull,none,2.25,265,141,124,53.2,49.5,1.2,N,0.93,nan,1.17,6.8
CDLRICKSHAWMAN,bull,none,2.5,265,141,124,53.2,49.5,1.21,N,0.75,nan,1.13,6.4
CDLRICKSHAWMAN,bull,none,2.75,265,141,124,53.2,49.8,1.11,N,0.88,nan,1.16,4.5
CDLRICKSHAWMAN,bull,none,3.0,265,141,124,53.2,50.6,0.86,N,0.76,nan,1.13,4.2
CDLADVANCEBLOCK,bear,trend_up,0.5,27,13,14,48.1,40.7,0.78,N,2.37,0.112,1.48,48.1
CDLADVANCEBLOCK,bear,trend_up,0.75,27,14,13,51.9,39.2,1.35,N,1.58,0.038,1.27,40.7
CDLADVANCEBLOCK,bear,trend_up,1.0,27,14,13,51.9,48.8,0.32,N,-0.2,-0.064,0.97,40.7
CDLADVANCEBLOCK,bear,trend_up,1.25,27,17,10,63.0,54.0,0.93,N,2.07,0.099,1.34,18.5
CDLADVANCEBLOCK,bear,trend_up,1.5,27,17,10,63.0,52.8,1.06,N,1.59,0.062,1.24,14.8
CDLADVANCEBLOCK,bear,trend_up,1.75,27,17,10,63.0,47.5,1.61,N,1.11,0.025,1.16,14.8
CDLADVANCEBLOCK,bear,trend_up,2.0,27,17,10,63.0,46.6,1.7,Y,0.86,0.006,1.12,11.1
CDLADVANCEBLOCK,bear,trend_up,2.25,27,17,10,63.0,49.7,1.38,N,1.25,0.033,1.18,3.7
CDLADVANCEBLOCK,bear,trend_up,2.5,27,17,10,63.0,47.2,1.64,N,1.14,0.024,1.16,3.7
CDLADVANCEBLOCK,bear,trend_up,2.75,27,17,10,63.0,50.3,1.32,N,1.02,0.015,1.14,3.7
CDLADVANCEBLOCK,bear,trend_up,3.0,27,17,10,63.0,50.3,1.32,N,1.4,0.045,1.21,0.0
CDLSHORTLINE,bull,atr_high,0.5,151,69,82,45.7,43.5,0.55,N,2.45,0.176,1.57,45.7
CDLSHORTLINE,bull,atr_high,0.75,151,79,72,52.3,47.3,1.24,N,3.06,0.195,1.67,27.8
CDLSHORTLINE,bull,atr_high,1.0,151,81,70,53.6,49.5,1.02,N,2.72,0.178,1.55,20.5
CDLSHORTLINE,bull,atr_high,1.25,151,84,67,55.6,49.8,1.42,N,2.98,0.189,1.61,13.9
CDLSHORTLINE,bull,atr_high,1.5,151,84,67,55.6,50.9,1.15,N,2.82,0.18,1.56,9.9
CDLSHORTLINE,bull,atr_high,1.75,151,84,67,55.6,50.2,1.33,N,2.56,0.166,1.48,7.3
CDLSHORTLINE,bull,atr_high,2.0,151,84,67,55.6,48.8,1.67,Y,2.36,0.156,1.43,6.0
CDLSHORTLINE,bull,atr_high,2.25,151,84,67,55.6,50.6,1.25,N,2.23,0.15,1.4,4.0
CDLSHORTLINE,bull,atr_high,2.5,151,84,67,55.6,51.8,0.94,N,2.03,0.14,1.35,4.0
CDLSHORTLINE,bull,atr_high,2.75,151,85,66,56.3,51.2,1.26,N,2.2,0.15,1.39,3.3
CDLSHORTLINE,bull,atr_high,3.0,151,85,66,56.3,50.2,1.49,N,2.03,0.142,1.35,3.3
CDLSPINNINGTOP,bear,rsi_mid_overbought,0.5,114,44,70,38.6,36.2,0.54,N,-0.39,-0.011,0.92,57.0
CDLSPINNINGTOP,bear,rsi_mid_overbought,0.75,114,59,55,51.8,45.6,1.32,N,1.08,0.054,1.22,38.6
CDLSPINNINGTOP,bear,rsi_mid_overbought,1.0,114,63,51,55.3,49.7,1.19,N,1.16,0.048,1.22,26.3
CDLSPINNINGTOP,bear,rsi_mid_overbought,1.25,114,64,50,56.1,49.7,1.37,N,1.03,0.047,1.19,17.5
CDLSPINNINGTOP,bear,rsi_mid_overbought,1.5,114,64,50,56.1,51.2,1.06,N,1.17,0.053,1.22,10.5
CDLSPINNINGTOP,bear,rsi_mid_overbought,1.75,114,64,50,56.1,50.1,1.28,N,1.11,0.053,1.2,7.0
CDLSPINNINGTOP,bear,rsi_mid_overbought,2.0,114,64,50,56.1,51.5,0.98,N,0.88,0.04,1.16,5.3
CDLSPINNINGTOP,bear,rsi_mid_overbought,2.25,114,64,50,56.1,48.3,1.67,Y,0.75,0.032,1.13,4.4
CDLSPINNINGTOP,bear,rsi_mid_overbought,2.5,114,64,50,56.1,50.4,1.23,N,0.93,0.042,1.17,1.8
CDLSPINNINGTOP,bear,rsi_mid_overbought,2.75,114,64,50,56.1,51.0,1.11,N,1.13,0.051,1.21,0.9
CDLSPINNINGTOP,bear,rsi_mid_overbought,3.0,114,64,50,56.1,53.6,0.55,N,1.11,0.049,1.21,0.9
CDLDRAGONFLYDOJI,bull,rsi_mid_oversold,0.5,22,10,12,45.5,29.5,1.64,N,2.81,0.239,1.64,54.5
CDLDRAGONFLYDOJI,bull,rsi_mid_oversold,0.75,22,12,10,54.5,42.0,1.19,N,2.42,0.258,1.44,40.9
CDLDRAGONFLYDOJI,bull,rsi_mid_oversold,1.0,22,13,9,59.1,47.0,1.14,N,3.43,0.332,1.71,18.2
CDLDRAGONFLYDOJI,bull,rsi_mid_oversold,1.25,22,13,9,59.1,48.5,1.0,N,3.28,0.316,1.66,13.6
CDLDRAGONFLYDOJI,bull,rsi_mid_oversold,1.5,22,13,9,59.1,48.1,1.03,N,2.82,0.282,1.52,13.6
CDLDRAGONFLYDOJI,bull,rsi_mid_oversold,1.75,22,13,9,59.1,49.6,0.89,N,3.43,0.319,1.71,4.5
CDLDRAGONFLYDOJI,bull,rsi_mid_oversold,2.0,22,13,9,59.1,51.5,0.71,N,3.27,0.308,1.66,4.5
CDLDRAGONFLYDOJI,bull,rsi_mid_oversold,2.25,22,13,9,59.1,53.0,0.57,N,4.33,0.383,2.11,0.0
CDLDRAGONFLYDOJI,bull,rsi_mid_oversold,2.5,22,13,9,59.1,51.9,0.68,N,4.33,0.383,2.11,0.0
CDLDRAGONFLYDOJI,bull,rsi_mid_oversold,2.75,22,13,9,59.1,56.8,0.22,N,4.33,0.383,2.11,0.0
CDLDRAGONFLYDOJI,bull,rsi_mid_oversold,3.0,22,13,9,59.1,52.3,0.64,N,4.33,0.383,2.11,0.0
CDLMATCHINGLOW,bull,none,0.5,40,11,29,27.5,29.6,-0.29,N,-2.8,-0.145,0.49,67.5
CDLMATCHINGLOW,bull,none,0.75,40,22,18,55.0,45.0,1.27,N,-0.39,0.03,0.91,32.5
CDLMATCHINGLOW,bull,none,1.0,40,22,18,55.0,46.9,1.03,N,-1.17,-0.016,0.78,25.0
CDLMATCHINGLOW,bull,none,1.25,40,23,17,57.5,48.8,1.11,N,-1.64,-0.036,0.72,20.0
CDLMATCHINGLOW,bull,none,1.5,40,24,16,60.0,51.7,1.05,N,-0.93,0.004,0.83,15.0
CDLMATCHINGLOW,bull,none,1.75,40,24,16,60.0,49.2,1.37,N,0.09,0.036,1.02,7.5
CDLMATCHINGLOW,bull,none,2.0,40,24,16,60.0,50.8,1.16,N,-0.13,0.018,0.97,7.5
CDLMATCHINGLOW,bull,none,2.25,40,24,16,60.0,51.2,1.11,N,0.34,0.055,1.08,5.0
CDLMATCHINGLOW,bull,none,2.5,40,24,16,60.0,53.3,0.85,N,0.2,0.043,1.05,5.0
CDLMATCHINGLOW,bull,none,2.75,40,24,16,60.0,51.5,1.08,N,0.09,0.033,1.02,2.5
CDLMATCHINGLOW,bull,none,3.0,40,24,16,60.0,47.1,1.64,N,0.02,0.026,1.0,2.5
CDLMATCHINGLOW,bull,rsi_mid_oversold,0.5,23,6,17,26.1,32.6,-0.67,N,-2.2,-0.125,0.59,73.9
CDLMATCHINGLOW,bull,rsi_mid_oversold,0.75,23,13,10,56.5,51.1,0.52,N,-0.06,0.052,0.99,34.8
CDLMATCHINGLOW,bull,rsi_mid_oversold,1.0,23,13,10,56.5,50.0,0.63,N,-0.69,0.016,0.87,26.1
CDLMATCHINGLOW,bull,rsi_mid_oversold,1.25,23,14,9,60.9,48.9,1.15,N,-0.78,0.026,0.85,17.4
CDLMATCHINGLOW,bull,rsi_mid_oversold,1.5,23,14,9,60.9,49.3,1.11,N,-0.47,0.039,0.9,13.0
CDLMATCHINGLOW,bull,rsi_mid_oversold,1.75,23,14,9,60.9,44.9,1.54,N,0.84,0.075,1.23,8.7
CDLMATCHINGLOW,bull,rsi_mid_oversold,2.0,23,14,9,60.9,50.7,0.97,N,0.59,0.053,1.15,8.7
CDLMATCHINGLOW,bull,rsi_mid_oversold,2.25,23,14,9,60.9,51.1,0.94,N,0.34,0.031,1.08,8.7
CDLMATCHINGLOW,bull,rsi_mid_oversold,2.5,23,14,9,60.9,50.0,1.04,N,0.09,0.009,1.02,8.7
CDLMATCHINGLOW,bull,rsi_mid_oversold,2.75,23,14,9,60.9,47.8,1.25,N,-0.11,-0.008,0.98,4.3
CDLMATCHINGLOW,bull,rsi_mid_oversold,3.0,23,14,9,60.9,49.3,1.11,N,-0.23,-0.019,0.95,4.3
CDLSHOOTINGSTAR,bear,atr_low,0.5,22,10,12,45.5,36.4,0.89,N,1.21,0.18,1.39,45.5
CDLSHOOTINGSTAR,bear,atr_low,0.75,22,11,11,50.0,40.9,0.87,N,0.28,0.115,1.07,36.4
CDLSHOOTINGSTAR,bear,atr_low,1.0,22,12,10,54.5,47.7,0.64,N,0.81,0.132,1.22,22.7
CDLSHOOTINGSTAR,bear,atr_low,1.25,22,12,10,54.5,42.8,1.11,N,1.36,0.174,1.43,13.6
CDLSHOOTINGSTAR,bear,atr_low,1.5,22,12,10,54.5,48.9,0.53,N,0.9,0.14,1.24,13.6
CDLSHOOTINGSTAR,bear,atr_low,1.75,22,13,9,59.1,48.5,1.0,N,2.1,0.245,1.66,9.1
CDLSHOOTINGSTAR,bear,atr_low,2.0,22,13,9,59.1,53.8,0.5,N,1.77,0.223,1.51,9.1
CDLSHOOTINGSTAR,bear,atr_low,2.25,22,13,9,59.1,53.0,0.57,N,2.02,0.234,1.62,4.5
CDLSHOOTINGSTAR,bear,atr_low,2.5,22,13,9,59.1,50.0,0.85,N,1.88,0.223,1.55,4.5
CDLSHOOTINGSTAR,bear,atr_low,2.75,22,13,9,59.1,42.8,1.54,N,1.74,0.212,1.49,4.5
CDLSHOOTINGSTAR,bear,atr_low,3.0,22,13,9,59.1,53.8,0.5,N,1.6,0.2,1.44,4.5
CDLENGULFING,bull,trend_down,0.5,167,54,113,32.3,31.2,0.31,N,-0.14,-0.021,0.97,64.1
CDLENGULFING,bull,trend_down,0.75,167,67,100,40.1,40.4,-0.07,N,-0.43,-0.041,0.93,52.1
CDLENGULFING,bull,trend_down,1.0,167,77,90,46.1,44.1,0.53,N,-0.82,-0.054,0.88,41.9
CDLENGULFING,bull,trend_down,1.25,167,86,81,51.5,48.6,0.76,N,-0.35,-0.037,0.95,30.5
CDLENGULFING,bull,trend_down,1.5,167,87,80,52.1,46.4,1.49,N,-0.41,-0.047,0.94,22.8
CDLENGULFING,bull,trend_down,1.75,167,88,79,52.7,48.2,1.16,N,0.01,-0.028,1.0,16.2
CDLENGULFING,bull,trend_down,2.0,167,88,79,52.7,48.9,0.99,N,0.38,0.006,1.06,7.8
CDLENGULFING,bull,trend_down,2.25,167,88,79,52.7,51.5,0.3,N,0.34,0.003,1.05,6.6
CDLENGULFING,bull,trend_down,2.5,167,88,79,52.7,47.8,1.28,N,0.14,-0.012,1.02,6.0
CDLENGULFING,bull,trend_down,2.75,167,88,79,52.7,51.4,0.32,N,0.12,-0.015,1.02,4.2
CDLENGULFING,bull,trend_down,3.0,167,88,79,52.7,50.1,0.67,N,-0.01,-0.025,1.0,4.2
CDLLONGLEGGEDDOJI,bull,rsi_oversold,0.5,22,5,17,22.7,30.3,-0.77,N,0.64,-0.041,1.12,77.3
CDLLONGLEGGEDDOJI,bull,rsi_oversold,0.75,22,8,14,36.4,38.3,-0.18,N,1.73,-0.025,1.31,59.1
CDLLONGLEGGEDDOJI,bull,rsi_oversold,1.0,22,9,13,40.9,41.3,-0.04,N,0.85,-0.085,1.13,50.0
CDLLONGLEGGEDDOJI,bull,rsi_oversold,1.25,22,11,11,50.0,48.5,0.14,N,1.61,-0.011,1.24,40.9
CDLLONGLEGGEDDOJI,bull,rsi_oversold,1.5,22,13,9,59.1,50.4,0.82,N,3.1,0.087,1.53,27.3
CDLLONGLEGGEDDOJI,bull,rsi_oversold,1.75,22,13,9,59.1,51.1,0.75,N,3.28,0.08,1.58,18.2
CDLLONGLEGGEDDOJI,bull,rsi_oversold,2.0,22,13,9,59.1,51.9,0.68,N,3.18,0.063,1.55,13.6
CDLLONGLEGGEDDOJI,bull,rsi_oversold,2.25,22,13,9,59.1,49.2,0.92,N,3.42,0.084,1.62,9.1
CDLLONGLEGGEDDOJI,bull,rsi_oversold,2.5,22,13,9,59.1,51.9,0.68,N,3.2,0.062,1.56,9.1
CDLLONGLEGGEDDOJI,bull,rsi_oversold,2.75,22,13,9,59.1,53.0,0.57,N,3.09,0.049,1.53,4.5
CDLLONGLEGGEDDOJI,bull,rsi_oversold,3.0,22,13,9,59.1,43.9,1.43,N,3.0,0.038,1.51,4.5
CDLHIKKAKE,bull,none,0.5,391,152,239,38.9,36.7,0.89,N,1.42,nan,1.31,56.8
CDLHIKKAKE,bull,none,0.75,391,179,212,45.8,42.7,1.23,N,1.06,nan,1.19,43.2
CDLHIKKAKE,bull,none,1.0,391,189,202,48.3,47.5,0.33,N,0.89,nan,1.15,30.9
CDLHIKKAKE,bull,none,1.25,391,201,190,51.4,48.0,1.34,N,1.17,nan,1.19,21.2
CDLHIKKAKE,bull,none,1.5,391,204,187,52.2,49.1,1.21,N,1.14,nan,1.19,15.1
CDLHIKKAKE,bull,none,1.75,391,205,186,52.4,49.1,1.32,N,1.11,nan,1.18,10.7
CDLHIKKAKE,bull,none,2.0,391,206,185,52.7,49.6,1.22,N,1.29,nan,1.21,6.1
CDLHIKKAKE,bull,none,2.25,391,206,185,52.7,49.6,1.22,N,1.22,nan,1.2,4.9
CDLHIKKAKE,bull,none,2.5,391,206,185,52.7,50.0,1.05,N,1.11,nan,1.18,4.1
CDLHIKKAKE,bull,none,2.75,391,206,185,52.7,49.4,1.31,N,1.15,nan,1.19,2.6
CDLHIKKAKE,bull,none,3.0,391,206,185,52.7,50.1,1.0,N,1.14,nan,1.18,2.0
CDLTAKURI,bull,trend_down,0.5,26,10,16,38.5,30.8,0.85,N,1.74,0.163,1.36,61.5
CDLTAKURI,bull,trend_down,0.75,26,13,13,50.0,47.8,0.23,N,1.45,0.179,1.25,46.2
CDLTAKURI,bull,trend_down,1.0,26,14,12,53.8,50.6,0.33,N,1.88,0.212,1.33,26.9
CDLTAKURI,bull,trend_down,1.25,26,15,11,57.7,49.0,0.88,N,2.46,0.254,1.43,19.2
CDLTAKURI,bull,trend_down,1.5,26,15,11,57.7,45.5,1.25,N,1.78,0.206,1.28,19.2
CDLTAKURI,bull,trend_down,1.75,26,15,11,57.7,44.9,1.31,N,2.42,0.243,1.42,7.7
CDLTAKURI,bull,trend_down,2.0,26,15,11,57.7,55.1,0.26,N,2.48,0.248,1.44,3.8
CDLTAKURI,bull,trend_down,2.25,26,15,11,57.7,52.2,0.56,N,3.38,0.312,1.71,0.0
CDLTAKURI,bull,trend_down,2.5,26,15,11,57.7,51.6,0.62,N,3.38,0.312,1.71,0.0
CDLTAKURI,bull,trend_down,2.75,26,15,11,57.7,48.4,0.95,N,3.38,0.312,1.71,0.0
CDLTAKURI,bull,trend_down,3.0,26,15,11,57.7,50.3,0.75,N,3.38,0.312,1.71,0.0
CDL3OUTSIDE,bear,rsi_mid_overbought,0.5,27,9,18,33.3,32.4,0.1,N,-3.12,-0.178,0.42,63.0
CDL3OUTSIDE,bear,rsi_mid_overbought,0.75,27,14,13,51.9,44.1,0.81,N,0.1,-0.033,1.02,37.0
CDL3OUTSIDE,bear,rsi_mid_overbought,1.0,27,15,12,55.6,50.3,0.55,N,-0.31,-0.041,0.94,22.2
CDL3OUTSIDE,bear,rsi_mid_overbought,1.25,27,15,12,55.6,46.0,1.0,N,-0.68,-0.059,0.88,14.8
CDL3OUTSIDE,bear,rsi_mid_overbought,1.5,27,15,12,55.6,47.5,0.83,N,-0.13,-0.044,0.97,7.4
CDL3OUTSIDE,bear,rsi_mid_overbought,1.75,27,15,12,55.6,46.3,0.96,N,-0.35,-0.062,0.93,7.4
CDL3OUTSIDE,bear,rsi_mid_overbought,2.0,27,15,12,55.6,49.7,0.61,N,-0.57,-0.081,0.9,7.4
CDL3OUTSIDE,bear,rsi_mid_overbought,2.25,27,15,12,55.6,50.9,0.48,N,-0.79,-0.099,0.86,7.4
CDL3OUTSIDE,bear,rsi_mid_overbought,2.5,27,15,12,55.6,50.6,0.51,N,-1.01,-0.118,0.83,7.4
CDL3OUTSIDE,bear,rsi_mid_overbought,2.75,27,15,12,55.6,43.2,1.29,N,-1.2,-0.133,0.81,3.7
CDL3OUTSIDE,bear,rsi_mid_overbought,3.0,27,15,12,55.6,52.8,0.29,N,-1.32,-0.142,0.79,3.7
CDLLONGLEGGEDDOJI,bull,atr_high,0.5,104,37,67,35.6,35.7,-0.02,N,-0.27,-0.032,0.95,60.6
CDLLONGLEGGEDDOJI,bull,atr_high,0.75,104,45,59,43.3,45.3,-0.41,N,-0.17,-0.041,0.97,38.5
CDLLONGLEGGEDDOJI,bull,atr_high,1.0,104,51,53,49.0,47.0,0.43,N,0.19,-0.015,1.03,26.9
CDLLONGLEGGEDDOJI,bull,atr_high,1.25,104,53,51,51.0,48.5,0.51,N,0.43,-0.005,1.08,17.3
CDLLONGLEGGEDDOJI,bull,atr_high,1.5,104,55,49,52.9,50.4,0.51,N,0.77,0.021,1.14,12.5
CDLLONGLEGGEDDOJI,bull,atr_high,1.75,104,56,48,53.8,49.2,0.95,N,1.78,0.073,1.39,4.8
CDLLONGLEGGEDDOJI,bull,atr_high,2.0,104,56,48,53.8,50.4,0.7,N,1.94,0.082,1.44,1.9
CDLLONGLEGGEDDOJI,bull,atr_high,2.25,104,56,48,53.8,49.8,0.82,N,1.88,0.077,1.42,1.9
CDLLONGLEGGEDDOJI,bull,atr_high,2.5,104,56,48,53.8,49.8,0.82,N,1.82,0.072,1.4,1.9
CDLLONGLEGGEDDOJI,bull,atr_high,2.75,104,56,48,53.8,48.7,1.05,N,1.76,0.067,1.39,1.9
CDLLONGLEGGEDDOJI,bull,atr_high,3.0,104,56,48,53.8,47.5,1.29,N,1.74,0.066,1.38,1.0
CDLSPINNINGTOP,bull,rsi_oversold,0.5,27,9,18,33.3,29.0,0.49,N,3.36,0.179,1.69,66.7
CDLSPINNINGTOP,bull,rsi_oversold,0.75,27,11,16,40.7,36.1,0.5,N,3.36,0.146,1.57,55.6
CDLSPINNINGTOP,bull,rsi_oversold,1.0,27,13,14,48.1,40.7,0.78,N,3.56,0.173,1.61,37.0
CDLSPINNINGTOP,bull,rsi_oversold,1.25,27,14,13,51.9,45.1,0.71,N,3.82,0.222,1.64,25.9
CDLSPINNINGTOP,bull,rsi_oversold,1.5,27,15,12,55.6,49.1,0.67,N,3.76,0.237,1.63,18.5
CDLSPINNINGTOP,bull,rsi_oversold,1.75,27,15,12,55.6,46.6,0.93,N,3.02,0.191,1.45,18.5
CDLSPINNINGTOP,bull,rsi_oversold,2.0,27,15,12,55.6,49.4,0.64,N,2.95,0.18,1.43,11.1
CDLSPINNINGTOP,bull,rsi_oversold,2.25,27,15,12,55.6,43.2,1.29,N,2.87,0.166,1.42,7.4
CDLSPINNINGTOP,bull,rsi_oversold,2.5,27,15,12,55.6,47.5,0.83,N,2.69,0.148,1.38,7.4
CDLSPINNINGTOP,bull,rsi_oversold,2.75,27,15,12,55.6,48.8,0.71,N,2.6,0.138,1.36,3.7
CDLSPINNINGTOP,bull,rsi_oversold,3.0,27,15,12,55.6,49.7,0.61,N,2.53,0.128,1.35,3.7
CDLRICKSHAWMAN,bull,atr_low,0.5,189,61,128,32.3,32.1,0.05,N,-0.68,-0.063,0.85,64.6
CDLRICKSHAWMAN,bull,atr_low,0.75,189,85,104,45.0,41.9,0.85,N,0.16,-0.009,1.03,46.0
CDLRICKSHAWMAN,bull,atr_low,1.0,189,93,96,49.2,46.8,0.67,N,0.06,-0.016,1.01,33.9
CDLRICKSHAWMAN,bull,atr_low,1.25,189,98,91,51.9,49.8,0.57,N,0.12,-0.011,1.02,25.4
CDLRICKSHAWMAN,bull,atr_low,1.5,189,101,88,53.4,49.4,1.12,N,-0.1,-0.025,0.98,19.6
CDLRICKSHAWMAN,bull,atr_low,1.75,189,102,87,54.0,49.4,1.26,N,-0.14,-0.032,0.98,15.3
CDLRICKSHAWMAN,bull,atr_low,2.0,189,102,87,54.0,49.7,1.18,N,-0.3,-0.044,0.95,12.2
CDLRICKSHAWMAN,bull,atr_low,2.25,189,102,87,54.0,50.3,1.01,N,-0.01,-0.023,1.0,8.5
CDLRICKSHAWMAN,bull,atr_low,2.5,189,102,87,54.0,51.0,0.81,N,-0.24,-0.04,0.96,7.9
CDLRICKSHAWMAN,bull,atr_low,2.75,189,102,87,54.0,50.1,1.07,N,-0.02,-0.034,1.0,5.3
CDLRICKSHAWMAN,bull,atr_low,3.0,189,102,87,54.0,50.3,1.01,N,-0.18,-0.047,0.97,5.3
CDLSHORTLINE,bear,rsi_mid_overbought,0.5,103,41,62,39.8,39.5,0.07,N,0.37,0.04,1.08,52.4
CDLSHORTLINE,bear,rsi_mid_overbought,0.75,103,51,52,49.5,47.7,0.38,N,0.96,0.063,1.21,35.0
CDLSHORTLINE,bear,rsi_mid_overbought,1.0,103,54,49,52.4,48.1,0.87,N,0.81,0.069,1.17,22.3
CDLSHORTLINE,bear,rsi_mid_overbought,1.25,103,55,48,53.4,49.0,0.89,N,0.67,0.073,1.13,12.6
CDLSHORTLINE,bear,rsi_mid_overbought,1.5,103,55,48,53.4,49.3,0.84,N,0.45,0.06,1.09,7.8
CDLSHORTLINE,bear,rsi_mid_overbought,1.75,103,55,48,53.4,47.6,1.18,N,0.18,0.043,1.03,6.8
CDLSHORTLINE,bear,rsi_mid_overbought,2.0,103,55,48,53.4,47.5,1.2,N,0.15,0.037,1.03,5.8
CDLSHORTLINE,bear,rsi_mid_overbought,2.25,103,55,48,53.4,49.4,0.8,N,0.1,0.034,1.02,3.9
CDLSHORTLINE,bear,rsi_mid_overbought,2.5,103,55,48,53.4,51.1,0.48,N,0.02,0.029,1.0,2.9
CDLSHORTLINE,bear,rsi_mid_overbought,2.75,103,55,48,53.4,54.6,-0.25,N,-0.09,0.021,0.99,2.9
CDLSHORTLINE,bear,rsi_mid_overbought,3.0,103,55,48,53.4,50.6,0.57,N,-0.2,0.014,0.97,2.9
CDLHANGINGMAN,bear,atr_low,0.5,22,8,14,36.4,31.8,0.46,N,3.76,0.194,1.83,63.6
CDLHANGINGMAN,bear,atr_low,0.75,22,10,12,45.5,44.7,0.07,N,3.22,0.164,1.58,50.0
CDLHANGINGMAN,bear,atr_low,1.0,22,12,10,54.5,47.7,0.64,N,3.12,0.162,1.51,40.9
CDLHANGINGMAN,bear,atr_low,1.25,22,12,10,54.5,52.3,0.21,N,2.89,0.157,1.45,27.3
CDLHANGINGMAN,bear,atr_low,1.5,22,12,10,54.5,53.8,0.07,N,2.34,0.111,1.34,18.2
CDLHANGINGMAN,bear,atr_low,1.75,22,12,10,54.5,42.0,1.19,N,1.78,0.066,1.24,18.2
CDLHANGINGMAN,bear,atr_low,2.0,22,12,10,54.5,50.0,0.43,N,2.07,0.089,1.29,9.1
CDLHANGINGMAN,bear,atr_low,2.25,22,12,10,54.5,48.5,0.57,N,1.8,0.066,1.24,9.1
CDLHANGINGMAN,bear,atr_low,2.5,22,12,10,54.5,48.1,0.6,N,1.52,0.044,1.2,9.1
CDLHANGINGMAN,bear,atr_low,2.75,22,12,10,54.5,50.4,0.39,N,1.25,0.021,1.16,9.1
CDLHANGINGMAN,bear,atr_low,3.0,22,12,10,54.5,50.8,0.36,N,1.14,0.012,1.14,4.5
CDLDOJI,bull,rsi_oversold,0.5,22,5,17,22.7,28.8,-0.63,N,0.64,-0.041,1.12,77.3
CDLDOJI,bull,rsi_oversold,0.75,22,8,14,36.4,39.4,-0.29,N,1.73,-0.025,1.31,59.1
CDLDOJI,bull,rsi_oversold,1.0,22,9,13,40.9,38.6,0.22,N,0.85,-0.085,1.13,50.0
CDLDOJI,bull,rsi_oversold,1.25,22,11,11,50.0,47.0,0.28,N,1.61,-0.011,1.24,40.9
CDLDOJI,bull,rsi_oversold,1.5,22,13,9,59.1,50.8,0.78,N,3.1,0.087,1.53,27.3
CDLDOJI,bull,rsi_oversold,1.75,22,13,9,59.1,47.7,1.07,N,3.28,0.08,1.58,18.2
CDLDOJI,bull,rsi_oversold,2.0,22,13,9,59.1,46.6,1.18,N,3.18,0.063,1.55,13.6
CDLDOJI,bull,rsi_oversold,2.25,22,13,9,59.1,52.7,0.6,N,3.42,0.084,1.62,9.1
CDLDOJI,bull,rsi_oversold,2.5,22,13,9,59.1,49.6,0.89,N,3.2,0.062,1.56,9.1
CDLDOJI,bull,rsi_oversold,2.75,22,13,9,59.1,51.5,0.71,N,3.09,0.049,1.53,4.5
CDLDOJI,bull,rsi_oversold,3.0,22,13,9,59.1,52.7,0.6,N,3.0,0.038,1.51,4.5
CDLDRAGONFLYDOJI,bull,trend_down,0.5,26,10,16,38.5,28.8,1.08,N,1.74,0.163,1.36,61.5
CDLDRAGONFLYDOJI,bull,trend_down,0.75,26,13,13,50.0,47.8,0.23,N,1.45,0.179,1.25,46.2
CDLDRAGONFLYDOJI,bull,trend_down,1.0,26,14,12,53.8,47.1,0.69,N,1.88,0.212,1.33,26.9
CDLDRAGONFLYDOJI,bull,trend_down,1.25,26,15,11,57.7,51.9,0.59,N,2.46,0.254,1.43,19.2
CDLDRAGONFLYDOJI,bull,trend_down,1.5,26,15,11,57.7,50.6,0.72,N,1.78,0.206,1.28,19.2
CDLDRAGONFLYDOJI,bull,trend_down,1.75,26,15,11,57.7,49.4,0.85,N,2.42,0.243,1.42,7.7
CDLDRAGONFLYDOJI,bull,trend_down,2.0,26,15,11,57.7,46.2,1.18,N,2.48,0.248,1.44,3.8
CDLDRAGONFLYDOJI,bull,trend_down,2.25,26,15,11,57.7,51.0,0.69,N,3.38,0.312,1.71,0.0
CDLDRAGONFLYDOJI,bull,trend_down,2.5,26,15,11,57.7,51.6,0.62,N,3.38,0.312,1.71,0.0
CDLDRAGONFLYDOJI,bull,trend_down,2.75,26,15,11,57.7,53.2,0.46,N,3.38,0.312,1.71,0.0
CDLDRAGONFLYDOJI,bull,trend_down,3.0,26,15,11,57.7,49.0,0.88,N,3.38,0.312,1.71,0.0
CDLENGULFING,bear,atr_low,0.5,213,73,140,34.3,33.6,0.22,N,0.02,0.036,1.0,61.0
CDLENGULFING,bear,atr_low,0.75,213,92,121,43.2,41.5,0.51,N,0.07,0.04,1.01,46.0
CDLENGULFING,bear,atr_low,1.0,213,102,111,47.9,45.0,0.85,N,-0.29,0.03,0.95,37.1
CDLENGULFING,bear,atr_low,1.25,213,108,105,50.7,46.7,1.18,N,-0.3,0.022,0.95,27.7
CDLENGULFING,bear,atr_low,1.5,213,110,103,51.6,48.2,0.99,N,-0.41,0.011,0.93,21.6
CDLENGULFING,bear,atr_low,1.75,213,111,102,52.1,49.5,0.77,N,-0.08,0.023,0.99,16.0
CDLENGULFING,bear,atr_low,2.0,213,111,102,52.1,51.6,0.16,N,0.35,0.057,1.06,7.5
CDLENGULFING,bear,atr_low,2.25,213,111,102,52.1,50.8,0.38,N,0.29,0.053,1.05,6.1
CDLENGULFING,bear,atr_low,2.5,213,111,102,52.1,50.4,0.5,N,0.21,0.042,1.04,5.6
CDLENGULFING,bear,atr_low,2.75,213,111,102,52.1,49.9,0.65,N,0.21,0.041,1.03,3.8
CDLENGULFING,bear,atr_low,3.0,213,111,102,52.1,49.1,0.89,N,0.1,0.032,1.02,3.8
CDLMARUBOZU,bear,trend_down,0.5,62,21,41,33.9,27.3,1.16,N,-0.69,-0.034,0.83,58.1
CDLMARUBOZU,bear,trend_down,0.75,62,26,36,41.9,40.3,0.26,N,-0.27,0.008,0.94,38.7
CDLMARUBOZU,bear,trend_down,1.0,62,29,33,46.8,44.9,0.3,N,-0.56,-0.005,0.89,32.3
CDLMARUBOZU,bear,trend_down,1.25,62,29,33,46.8,49.7,-0.47,N,-0.93,-0.033,0.83,24.2
CDLMARUBOZU,bear,trend_down,1.5,62,30,32,48.4,47.7,0.11,N,-0.83,-0.024,0.85,19.4
CDLMARUBOZU,bear,trend_down,1.75,62,30,32,48.4,48.1,0.04,N,-1.27,-0.054,0.78,14.5
CDLMARUBOZU,bear,trend_down,2.0,62,30,32,48.4,47.3,0.17,N,-1.0,-0.025,0.82,8.1
CDLMARUBOZU,bear,trend_down,2.25,62,30,32,48.4,50.7,-0.36,N,-1.31,-0.045,0.78,8.1
CDLMARUBOZU,bear,trend_down,2.5,62,30,32,48.4,47.8,0.08,N,-1.51,-0.058,0.75,6.5
CDLMARUBOZU,bear,trend_down,2.75,62,30,32,48.4,45.8,0.4,N,-1.75,-0.075,0.72,6.5
CDLMARUBOZU,bear,trend_down,3.0,62,30,32,48.4,50.4,-0.32,N,-1.72,-0.081,0.73,4.8
CDLSHORTLINE,bear,trend_down,0.5,256,91,165,35.5,34.9,0.21,N,0.68,0.047,1.16,57.0
CDLSHORTLINE,bear,trend_down,0.75,256,115,141,44.9,43.0,0.61,N,1.28,0.085,1.27,39.8
CDLSHORTLINE,bear,trend_down,1.0,256,125,131,48.8,47.5,0.43,N,1.32,0.098,1.27,27.3
CDLSHORTLINE,bear,trend_down,1.25,256,131,125,51.2,48.9,0.74,N,1.35,0.101,1.27,19.5
CDLSHORTLINE,bear,trend_down,1.5,256,131,125,51.2,50.8,0.11,N,1.16,0.095,1.22,14.5
CDLSHORTLINE,bear,trend_down,1.75,256,131,125,51.2,48.0,1.01,N,1.14,0.097,1.22,8.6
CDLSHORTLINE,bear,trend_down,2.0,256,131,125,51.2,51.8,-0.19,N,0.94,0.084,1.17,7.0
CDLSHORTLINE,bear,trend_down,2.25,256,131,125,51.2,50.3,0.29,N,0.82,0.078,1.15,5.5
CDLSHORTLINE,bear,trend_down,2.5,256,131,125,51.2,50.7,0.15,N,0.63,0.067,1.11,4.7
CDLSHORTLINE,bear,trend_down,2.75,256,132,124,51.6,48.0,1.15,N,0.76,0.072,1.13,3.9
CDLSHORTLINE,bear,trend_down,3.0,256,132,124,51.6,49.6,0.64,N,0.69,0.066,1.12,3.1
CDLHIKKAKE,bull,rsi_mid_oversold,0.5,105,38,67,36.2,32.7,0.76,N,2.17,0.1,1.43,63.8
CDLHIKKAKE,bull,rsi_mid_oversold,0.75,105,47,58,44.8,41.9,0.59,N,2.39,0.119,1.43,45.7
CDLHIKKAKE,bull,rsi_mid_oversold,1.0,105,48,57,45.7,46.3,-0.13,N,2.06,0.069,1.33,35.2
CDLHIKKAKE,bull,rsi_mid_oversold,1.25,105,53,52,50.5,45.1,1.11,N,2.89,0.13,1.48,22.9
CDLHIKKAKE,bull,rsi_mid_oversold,1.5,105,54,51,51.4,48.6,0.59,N,2.91,0.136,1.48,17.1
CDLHIKKAKE,bull,rsi_mid_oversold,1.75,105,55,50,52.4,51.5,0.18,N,2.92,0.123,1.47,14.3
CDLHIKKAKE,bull,rsi_mid_oversold,2.0,105,55,50,52.4,48.5,0.8,N,2.98,0.121,1.49,9.5
CDLHIKKAKE,bull,rsi_mid_oversold,2.25,105,55,50,52.4,50.8,0.33,N,2.85,0.107,1.45,7.6
CDLHIKKAKE,bull,rsi_mid_oversold,2.5,105,55,50,52.4,52.1,0.05,N,2.59,0.088,1.4,7.6
CDLHIKKAKE,bull,rsi_mid_oversold,2.75,105,55,50,52.4,50.0,0.49,N,2.74,0.101,1.43,4.8
CDLHIKKAKE,bull,rsi_mid_oversold,3.0,105,55,50,52.4,49.9,0.5,N,2.77,0.098,1.44,3.8
CDL3OUTSIDE,bear,trend_up,0.5,75,29,46,38.7,39.3,-0.12,N,-0.23,0.024,0.95,57.3
CDL3OUTSIDE,bear,trend_up,0.75,75,37,38,49.3,43.1,1.09,N,0.43,0.032,1.08,42.7
CDL3OUTSIDE,bear,trend_up,1.0,75,38,37,50.7,46.7,0.69,N,-0.39,-0.012,0.93,30.7
CDL3OUTSIDE,bear,trend_up,1.25,75,38,37,50.7,46.9,0.66,N,-0.34,-0.007,0.94,17.3
CDL3OUTSIDE,bear,trend_up,1.5,75,38,37,50.7,50.7,0.0,N,0.03,0.01,1.01,10.7
CDL3OUTSIDE,bear,trend_up,1.75,75,38,37,50.7,50.4,0.04,N,0.22,0.001,1.04,9.3
CDL3OUTSIDE,bear,trend_up,2.0,75,38,37,50.7,49.4,0.21,N,-0.03,-0.021,0.99,8.0
CDL3OUTSIDE,bear,trend_up,2.25,75,38,37,50.7,49.6,0.19,N,0.23,0.002,1.04,4.0
CDL3OUTSIDE,bear,trend_up,2.5,75,38,37,50.7,50.9,-0.04,N,0.19,-0.0,1.03,1.3
CDL3OUTSIDE,bear,trend_up,2.75,75,38,37,50.7,50.9,-0.04,N,0.15,-0.004,1.03,1.3
CDL3OUTSIDE,bear,trend_up,3.0,75,38,37,50.7,49.6,0.19,N,0.1,-0.007,1.02,1.3
CDLHARAMI,bull,rsi_mid_oversold,0.5,37,14,23,37.8,30.9,0.92,N,1.79,0.098,1.43,62.2
CDLHARAMI,bull,rsi_mid_oversold,0.75,37,17,20,45.9,37.6,1.05,N,2.16,0.076,1.45,48.6
CDLHARAMI,bull,rsi_mid_oversold,1.0,37,17,20,45.9,44.1,0.22,N,0.92,-0.016,1.15,43.2
CDLHARAMI,bull,rsi_mid_oversold,1.25,37,18,19,48.6,44.8,0.47,N,1.13,-0.045,1.19,32.4
CDLHARAMI,bull,rsi_mid_oversold,1.5,37,18,19,48.6,48.9,-0.03,N,0.86,-0.068,1.14,24.3
CDLHARAMI,bull,rsi_mid_oversold,1.75,37,18,19,48.6,51.4,-0.33,N,0.45,-0.103,1.07,21.6
CDLHARAMI,bull,rsi_mid_oversold,2.0,37,18,19,48.6,48.6,0.0,N,0.39,-0.119,1.06,18.9
CDLHARAMI,bull,rsi_mid_oversold,2.25,37,18,19,48.6,47.1,0.19,N,0.14,-0.14,1.02,16.2
CDLHARAMI,bull,rsi_mid_oversold,2.5,37,18,19,48.6,46.6,0.25,N,-0.17,-0.167,0.98,13.5
CDLHARAMI,bull,rsi_mid_oversold,2.75,37,18,19,48.6,47.1,0.19,N,0.2,-0.151,1.03,8.1
CDLHARAMI,bull,rsi_mid_oversold,3.0,37,18,19,48.6,51.8,-0.38,N,0.09,-0.162,1.01,5.4
CDLHIGHWAVE,bear,rsi_mid_overbought,0.5,66,25,41,37.9,34.0,0.67,N,-0.22,0.004,0.95,57.6
CDLHIGHWAVE,bear,rsi_mid_overbought,0.75,66,33,33,50.0,44.6,0.89,N,1.3,0.068,1.27,37.9
CDLHIGHWAVE,bear,rsi_mid_overbought,1.0,66,35,31,53.0,50.0,0.49,N,0.96,0.042,1.19,27.3
CDLHIGHWAVE,bear,rsi_mid_overbought,1.25,66,36,30,54.5,48.1,1.05,N,0.52,0.02,1.09,22.7
CDLHIGHWAVE,bear,rsi_mid_overbought,1.5,66,36,30,54.5,53.3,0.21,N,0.75,0.026,1.14,13.6
CDLHIGHWAVE,bear,rsi_mid_overbought,1.75,66,36,30,54.5,50.8,0.62,N,0.85,0.038,1.16,7.6
CDLHIGHWAVE,bear,rsi_mid_overbought,2.0,66,36,30,54.5,51.3,0.53,N,0.58,0.021,1.1,6.1
CDLHIGHWAVE,bear,rsi_mid_overbought,2.25,66,36,30,54.5,53.5,0.16,N,0.51,0.014,1.09,4.5
CDLHIGHWAVE,bear,rsi_mid_overbought,2.5,66,36,30,54.5,49.7,0.78,N,0.52,0.017,1.09,3.0
CDLHIGHWAVE,bear,rsi_mid_overbought,2.75,66,36,30,54.5,53.2,0.23,N,0.87,0.032,1.16,1.5
CDLHIGHWAVE,bear,rsi_mid_overbought,3.0,66,36,30,54.5,51.0,0.57,N,0.83,0.028,1.15,1.5
CDLSHORTLINE,bear,none,0.5,501,184,317,36.7,36.9,-0.08,N,0.52,0.035,1.12,55.7
CDLSHORTLINE,bear,none,0.75,501,226,275,45.1,44.8,0.15,N,0.83,0.049,1.17,38.5
CDLSHORTLINE,bear,none,1.0,501,241,260,48.1,47.6,0.21,N,0.67,0.045,1.13,26.3
CDLSHORTLINE,bear,none,1.25,501,250,251,49.9,49.2,0.34,N,0.58,0.043,1.11,18.6
CDLSHORTLINE,bear,none,1.5,501,250,251,49.9,48.3,0.7,N,0.36,0.033,1.06,13.2
CDLSHORTLINE,bear,none,1.75,501,251,250,50.1,49.5,0.26,N,0.3,0.032,1.05,8.2
CDLSHORTLINE,bear,none,2.0,501,252,249,50.3,49.2,0.5,N,0.27,0.028,1.05,6.4
CDLSHORTLINE,bear,none,2.25,501,252,249,50.3,48.0,1.04,N,0.16,0.023,1.03,4.6
CDLSHORTLINE,bear,none,2.5,501,252,249,50.3,49.8,0.24,N,0.07,0.017,1.01,3.6
CDLSHORTLINE,bear,none,2.75,501,253,248,50.5,51.4,-0.39,N,0.1,0.018,1.02,3.0
CDLSHORTLINE,bear,none,3.0,501,253,248,50.5,50.0,0.24,N,0.03,0.012,1.0,2.4
CDLLONGLINE,bear,rsi_mid_overbought,0.5,66,25,41,37.9,34.7,0.54,N,0.26,0.004,1.06,60.6
CDLLONGLINE,bear,rsi_mid_overbought,0.75,66,32,34,48.5,46.6,0.31,N,0.34,0.016,1.07,37.9
CDLLONGLINE,bear,rsi_mid_overbought,1.0,66,35,31,53.0,51.1,0.31,N,0.35,0.038,1.07,22.7
CDLLONGLINE,bear,rsi_mid_overbought,1.25,66,35,31,53.0,47.3,0.92,N,0.3,0.018,1.06,16.7
CDLLONGLINE,bear,rsi_mid_overbought,1.5,66,35,31,53.0,52.1,0.14,N,-0.02,-0.008,1.0,13.6
CDLLONGLINE,bear,rsi_mid_overbought,1.75,66,35,31,53.0,51.4,0.27,N,0.06,0.004,1.01,4.5
CDLLONGLINE,bear,rsi_mid_overbought,2.0,66,35,31,53.0,46.7,1.03,N,-0.02,0.001,1.0,3.0
CDLLONGLINE,bear,rsi_mid_overbought,2.25,66,35,31,53.0,51.0,0.33,N,-0.16,-0.007,0.97,3.0
CDLLONGLINE,bear,rsi_mid_overbought,2.5,66,35,31,53.0,49.9,0.51,N,-0.29,-0.014,0.95,3.0
CDLLONGLINE,bear,rsi_mid_overbought,2.75,66,35,31,53.0,49.9,0.51,N,-0.04,0.001,0.99,0.0
CDLLONGLINE,bear,rsi_mid_overbought,3.0,66,35,31,53.0,49.7,0.53,N,-0.04,0.001,0.99,0.0
CDLLONGLEGGEDDOJI,bull,none,0.5,387,125,262,32.3,33.2,-0.39,N,-0.27,nan,0.94,63.8
CDLLONGLEGGEDDOJI,bull,none,0.75,387,164,223,42.4,42.8,-0.17,N,-0.01,nan,1.0,44.7
CDLLONGLEGGEDDOJI,bull,none,1.0,387,180,207,46.5,46.7,-0.07,N,-0.12,nan,0.98,32.3
CDLLONGLEGGEDDOJI,bull,none,1.25,387,190,197,49.1,48.1,0.41,N,0.03,nan,1.0,23.3
CDLLONGLEGGEDDOJI,bull,none,1.5,387,196,191,50.6,49.4,0.5,N,-0.08,nan,0.99,17.6
CDLLONGLEGGEDDOJI,bull,none,1.75,387,199,188,51.4,51.0,0.17,N,0.33,nan,1.06,11.9
CDLLONGLEGGEDDOJI,bull,none,2.0,387,199,188,51.4,50.4,0.4,N,0.25,nan,1.04,8.8
CDLLONGLEGGEDDOJI,bull,none,2.25,387,199,188,51.4,49.6,0.7,N,0.33,nan,1.06,6.5
CDLLONGLEGGEDDOJI,bull,none,2.5,387,199,188,51.4,48.8,1.02,N,0.13,nan,1.02,6.2
CDLLONGLEGGEDDOJI,bull,none,2.75,387,199,188,51.4,49.2,0.86,N,0.3,nan,1.05,4.4
CDLLONGLEGGEDDOJI,bull,none,3.0,387,199,188,51.4,50.5,0.35,N,0.3,nan,1.05,3.9
CDLTAKURI,bull,rsi_mid_oversold,0.5,22,10,12,45.5,36.4,0.89,N,2.81,0.239,1.64,54.5
CDLTAKURI,bull,rsi_mid_oversold,0.75,22,12,10,54.5,43.9,1.0,N,2.42,0.258,1.44,40.9
CDLTAKURI,bull,rsi_mid_oversold,1.0,22,13,9,59.1,51.5,0.71,N,3.43,0.332,1.71,18.2
CDLTAKURI,bull,rsi_mid_oversold,1.25,22,13,9,59.1,52.7,0.6,N,3.28,0.316,1.66,13.6
CDLTAKURI,bull,rsi_mid_oversold,1.5,22,13,9,59.1,50.8,0.78,N,2.82,0.282,1.52,13.6
CDLTAKURI,bull,rsi_mid_oversold,1.75,22,13,9,59.1,49.6,0.89,N,3.43,0.319,1.71,4.5
CDLTAKURI,bull,rsi_mid_oversold,2.0,22,13,9,59.1,49.2,0.92,N,3.27,0.308,1.66,4.5
CDLTAKURI,bull,rsi_mid_oversold,2.25,22,13,9,59.1,50.8,0.78,N,4.33,0.383,2.11,0.0
CDLTAKURI,bull,rsi_mid_oversold,2.5,22,13,9,59.1,50.0,0.85,N,4.33,0.383,2.11,0.0
CDLTAKURI,bull,rsi_mid_oversold,2.75,22,13,9,59.1,55.3,0.36,N,4.33,0.383,2.11,0.0
CDLTAKURI,bull,rsi_mid_oversold,3.0,22,13,9,59.1,52.3,0.64,N,4.33,0.383,2.11,0.0
CDLDOJI,bull,atr_high,0.5,104,37,67,35.6,36.0,-0.09,N,-0.27,-0.032,0.95,60.6
CDLDOJI,bull,atr_high,0.75,104,45,59,43.3,43.0,0.05,N,-0.17,-0.041,0.97,38.5
CDLDOJI,bull,atr_high,1.0,104,51,53,49.0,45.6,0.71,N,0.19,-0.015,1.03,26.9
CDLDOJI,bull,atr_high,1.25,104,53,51,51.0,46.2,0.98,N,0.43,-0.005,1.08,17.3
CDLDOJI,bull,atr_high,1.5,104,55,49,52.9,52.8,0.02,N,0.77,0.021,1.14,12.5
CDLDOJI,bull,atr_high,1.75,104,56,48,53.8,50.3,0.72,N,1.78,0.073,1.39,4.8
CDLDOJI,bull,atr_high,2.0,104,56,48,53.8,49.8,0.83,N,1.94,0.082,1.44,1.9
CDLDOJI,bull,atr_high,2.25,104,56,48,53.8,52.8,0.21,N,1.88,0.077,1.42,1.9
CDLDOJI,bull,atr_high,2.5,104,56,48,53.8,49.8,0.82,N,1.82,0.072,1.4,1.9
CDLDOJI,bull,atr_high,2.75,104,56,48,53.8,50.0,0.78,N,1.76,0.067,1.39,1.9
CDLDOJI,bull,atr_high,3.0,104,56,48,53.8,51.0,0.59,N,1.74,0.066,1.38,1.0
CDLSHORTLINE,bull,rsi_mid_oversold,0.5,111,38,73,34.2,37.2,-0.65,N,-0.51,-0.058,0.89,60.4
CDLSHORTLINE,bull,rsi_mid_oversold,0.75,111,52,59,46.8,45.5,0.29,N,-0.01,-0.005,1.0,37.8
CDLSHORTLINE,bull,rsi_mid_oversold,1.0,111,56,55,50.5,50.2,0.06,N,-0.24,-0.014,0.95,28.8
CDLSHORTLINE,bull,rsi_mid_oversold,1.25,111,59,52,53.2,49.2,0.84,N,-0.24,-0.016,0.95,21.6
CDLSHORTLINE,bull,rsi_mid_oversold,1.5,111,59,52,53.2,48.5,0.98,N,-0.45,-0.03,0.92,17.1
CDLSHORTLINE,bull,rsi_mid_oversold,1.75,111,59,52,53.2,48.8,0.92,N,-0.29,-0.014,0.94,9.9
CDLSHORTLINE,bull,rsi_mid_oversold,2.0,111,59,52,53.2,48.9,0.9,N,-0.59,-0.032,0.9,8.1
CDLSHORTLINE,bull,rsi_mid_oversold,2.25,111,59,52,53.2,49.7,0.73,N,-0.85,-0.047,0.86,7.2
CDLSHORTLINE,bull,rsi_mid_oversold,2.5,111,59,52,53.2,51.8,0.28,N,-1.09,-0.06,0.82,6.3
CDLSHORTLINE,bull,rsi_mid_oversold,2.75,111,60,51,54.1,51.3,0.59,N,-0.87,-0.049,0.85,5.4
CDLSHORTLINE,bull,rsi_mid_oversold,3.0,111,60,51,54.1,50.2,0.81,N,-1.09,-0.062,0.82,4.5
CDLSPINNINGTOP,bull,trend_up,0.5,254,91,163,35.8,34.6,0.41,N,-0.19,-0.01,0.96,57.9
CDLSPINNINGTOP,bull,trend_up,0.75,254,119,135,46.9,44.6,0.72,N,0.92,0.042,1.18,37.8
CDLSPINNINGTOP,bull,trend_up,1.0,254,125,129,49.2,47.2,0.65,N,0.51,0.017,1.09,27.6
CDLSPINNINGTOP,bull,trend_up,1.25,254,127,127,50.0,46.9,0.98,N,0.3,0.008,1.05,20.1
CDLSPINNINGTOP,bull,trend_up,1.5,254,127,127,50.0,49.1,0.27,N,0.11,-0.007,1.02,14.6
CDLSPINNINGTOP,bull,trend_up,1.75,254,127,127,50.0,49.6,0.12,N,0.19,-0.006,1.03,9.4
CDLSPINNINGTOP,bull,trend_up,2.0,254,127,127,50.0,48.5,0.47,N,0.17,-0.002,1.03,6.3
CDLSPINNINGTOP,bull,trend_up,2.25,254,127,127,50.0,49.5,0.17,N,0.09,-0.005,1.01,5.1
CDLSPINNINGTOP,bull,trend_up,2.5,254,127,127,50.0,50.7,-0.22,N,0.06,-0.005,1.01,3.5
CDLSPINNINGTOP,bull,trend_up,2.75,254,127,127,50.0,50.5,-0.15,N,0.09,-0.006,1.01,2.0
CDLSPINNINGTOP,bull,trend_up,3.0,254,127,127,50.0,49.4,0.19,N,0.14,-0.001,1.02,1.2
CDLSPINNINGTOP,bull,rsi_mid_oversold,0.5,145,44,101,30.3,28.3,0.54,N,-0.07,-0.051,0.99,66.9
CDLSPINNINGTOP,bull,rsi_mid_oversold,0.75,145,60,85,41.4,37.5,0.97,N,0.45,-0.026,1.08,48.3
CDLSPINNINGTOP,bull,rsi_mid_oversold,1.0,145,67,78,46.2,45.9,0.08,N,0.47,-0.024,1.08,34.5
CDLSPINNINGTOP,bull,rsi_mid_oversold,1.25,145,71,74,49.0,49.3,-0.07,N,0.9,-0.004,1.16,24.8
CDLSPINNINGTOP,bull,rsi_mid_oversold,1.5,145,73,72,50.3,49.1,0.3,N,0.7,-0.023,1.12,21.4
CDLSPINNINGTOP,bull,rsi_mid_oversold,1.75,145,74,71,51.0,49.2,0.44,N,0.89,-0.017,1.16,16.6
CDLSPINNINGTOP,bull,rsi_mid_oversold,2.0,145,74,71,51.0,50.4,0.15,N,0.66,-0.038,1.11,14.5
CDLSPINNINGTOP,bull,rsi_mid_oversold,2.25,145,76,69,52.4,51.7,0.18,N,1.36,0.014,1.25,9.7
CDLSPINNINGTOP,bull,rsi_mid_oversold,2.5,145,76,69,52.4,48.4,0.97,N,1.13,-0.005,1.2,9.0
CDLSPINNINGTOP,bull,rsi_mid_oversold,2.75,145,76,69,52.4,49.3,0.76,N,1.31,0.002,1.24,6.9
CDLSPINNINGTOP,bull,rsi_mid_oversold,3.0,145,76,69,52.4,48.4,0.96,N,1.16,-0.011,1.21,5.5
CDLLONGLINE,bull,none,0.5,475,149,326,31.4,33.2,-0.86,N,-0.05,-0.02,0.99,64.8
CDLLONGLINE,bull,none,0.75,475,192,283,40.4,42.4,-0.87,N,0.03,-0.009,1.0,45.5
CDLLONGLINE,bull,none,1.0,475,213,262,44.8,46.4,-0.69,N,-0.12,-0.009,0.98,33.7
CDLLONGLINE,bull,none,1.25,475,222,253,46.7,46.3,0.19,N,0.1,0.01,1.02,22.9
CDLLONGLINE,bull,none,1.5,475,232,243,48.8,48.2,0.3,N,0.21,0.023,1.03,17.5
CDLLONGLINE,bull,none,1.75,475,235,240,49.5,48.6,0.37,N,0.44,0.027,1.07,11.8
CDLLONGLINE,bull,none,2.0,475,235,240,49.5,50.0,-0.24,N,0.5,0.031,1.08,6.5
CDLLONGLINE,bull,none,2.25,475,235,240,49.5,50.5,-0.43,N,0.5,0.032,1.08,4.8
CDLLONGLINE,bull,none,2.5,475,235,240,49.5,47.3,0.96,N,0.43,0.028,1.07,4.0
CDLLONGLINE,bull,none,2.75,475,235,240,49.5,49.8,-0.12,N,0.49,0.028,1.08,2.7
CDLLONGLINE,bull,none,3.0,475,235,240,49.5,50.6,-0.5,N,0.51,0.029,1.08,1.9
CDLBELTHOLD,bull,rsi_overbought,0.5,20,8,12,40.0,41.2,-0.11,N,-0.01,0.01,1.0,55.0
CDLBELTHOLD,bull,rsi_overbought,0.75,20,11,9,55.0,45.0,0.9,N,2.04,0.145,1.41,30.0
CDLBELTHOLD,bull,rsi_overbought,1.0,20,11,9,55.0,46.7,0.75,N,2.08,0.142,1.43,20.0
CDLBELTHOLD,bull,rsi_overbought,1.25,20,11,9,55.0,47.9,0.63,N,2.02,0.136,1.41,10.0
CDLBELTHOLD,bull,rsi_overbought,1.5,20,11,9,55.0,54.2,0.07,N,1.64,0.111,1.31,10.0
CDLBELTHOLD,bull,rsi_overbought,1.75,20,11,9,55.0,46.7,0.75,N,1.27,0.086,1.22,10.0
CDLBELTHOLD,bull,rsi_overbought,2.0,20,11,9,55.0,46.2,0.78,N,0.89,0.061,1.15,10.0
CDLBELTHOLD,bull,rsi_overbought,2.25,20,11,9,55.0,50.0,0.45,N,0.51,0.036,1.08,10.0
CDLBELTHOLD,bull,rsi_overbought,2.5,20,11,9,55.0,50.4,0.41,N,0.14,0.011,1.02,10.0
CDLBELTHOLD,bull,rsi_overbought,2.75,20,11,9,55.0,45.4,0.86,N,-0.24,-0.014,0.97,10.0
CDLBELTHOLD,bull,rsi_overbought,3.0,20,11,9,55.0,50.0,0.45,N,-0.61,-0.039,0.92,10.0
CDLSHOOTINGSTAR,bear,none,0.5,33,13,20,39.4,38.9,0.06,N,-0.1,0.053,0.97,51.5
CDLSHOOTINGSTAR,bear,none,0.75,33,15,18,45.5,44.9,0.06,N,-0.86,0.013,0.82,39.4
CDLSHOOTINGSTAR,bear,none,1.0,33,16,17,48.5,45.7,0.32,N,-0.92,-0.002,0.82,27.3
CDLSHOOTINGSTAR,bear,none,1.25,33,16,17,48.5,47.2,0.15,N,-0.75,0.01,0.85,18.2
CDLSHOOTINGSTAR,bear,none,1.5,33,16,17,48.5,46.5,0.23,N,-1.12,-0.017,0.79,15.2
CDLSHOOTINGSTAR,bear,none,1.75,33,17,16,51.5,45.2,0.73,N,-0.44,0.045,0.91,9.1
CDLSHOOTINGSTAR,bear,none,2.0,33,17,16,51.5,47.2,0.49,N,-0.77,0.022,0.86,9.1
CDLSHOOTINGSTAR,bear,none,2.25,33,17,16,51.5,45.5,0.7,N,-0.71,0.022,0.87,6.1
CDLSHOOTINGSTAR,bear,none,2.5,33,17,16,51.5,50.5,0.12,N,-0.91,0.007,0.83,6.1
CDLSHOOTINGSTAR,bear,none,2.75,33,18,15,54.5,50.0,0.52,N,0.14,0.081,1.03,3.0
CDLSHOOTINGSTAR,bear,none,3.0,33,18,15,54.5,46.7,0.9,N,0.05,0.073,1.01,3.0
CDLDOJI,bull,none,0.5,387,125,262,32.3,33.4,-0.44,N,-0.27,nan,0.94,63.8
CDLDOJI,bull,none,0.75,387,164,223,42.4,42.7,-0.12,N,-0.01,nan,1.0,44.7
CDLDOJI,bull,none,1.0,387,180,207,46.5,46.2,0.14,N,-0.12,nan,0.98,32.3
CDLDOJI,bull,none,1.25,387,190,197,49.1,49.2,-0.04,N,0.03,nan,1.0,23.3
CDLDOJI,bull,none,1.5,387,196,191,50.6,50.6,0.03,N,-0.08,nan,0.99,17.6
CDLDOJI,bull,none,1.75,387,199,188,51.4,51.5,-0.02,N,0.33,nan,1.06,11.9
CDLDOJI,bull,none,2.0,387,199,188,51.4,49.2,0.87,N,0.25,nan,1.04,8.8
CDLDOJI,bull,none,2.25,387,199,188,51.4,51.2,0.08,N,0.33,nan,1.06,6.5
CDLDOJI,bull,none,2.5,387,199,188,51.4,50.6,0.31,N,0.13,nan,1.02,6.2
CDLDOJI,bull,none,2.75,387,199,188,51.4,49.8,0.62,N,0.3,nan,1.05,4.4
CDLDOJI,bull,none,3.0,387,199,188,51.4,49.8,0.65,N,0.3,nan,1.05,3.9
CDLSPINNINGTOP,bear,none,0.5,577,194,383,33.6,33.5,0.04,N,0.29,nan,1.06,60.7
CDLSPINNINGTOP,bear,none,0.75,577,245,332,42.5,40.7,0.85,N,0.6,nan,1.11,44.4
CDLSPINNINGTOP,bear,none,1.0,577,267,310,46.3,46.5,-0.13,N,0.61,nan,1.11,31.2
CDLSPINNINGTOP,bear,none,1.25,577,280,297,48.5,48.1,0.19,N,0.8,nan,1.14,21.5
CDLSPINNINGTOP,bear,none,1.5,577,284,293,49.2,49.3,-0.04,N,0.64,nan,1.11,16.3
CDLSPINNINGTOP,bear,none,1.75,577,286,291,49.6,49.1,0.22,N,0.76,nan,1.13,11.6
CDLSPINNINGTOP,bear,none,2.0,577,286,291,49.6,49.2,0.19,N,0.61,nan,1.1,9.0
CDLSPINNINGTOP,bear,none,2.25,577,288,289,49.9,49.9,-0.01,N,0.69,nan,1.11,6.8
CDLSPINNINGTOP,bear,none,2.5,577,288,289,49.9,49.8,0.05,N,0.55,nan,1.09,5.7
CDLSPINNINGTOP,bear,none,2.75,577,288,289,49.9,50.1,-0.09,N,0.6,nan,1.1,3.8
CDLSPINNINGTOP,bear,none,3.0,577,288,289,49.9,49.2,0.33,N,0.62,nan,1.1,2.9
CDLLONGLINE,bull,rsi_overbought,0.5,20,6,14,30.0,37.5,-0.69,N,-1.89,-0.177,0.69,70.0
CDLLONGLINE,bull,rsi_overbought,0.75,20,10,10,50.0,48.8,0.11,N,0.92,0.053,1.15,40.0
CDLLONGLINE,bull,rsi_overbought,1.0,20,11,9,55.0,52.9,0.19,N,1.76,0.129,1.27,30.0
CDLLONGLINE,bull,rsi_overbought,1.25,20,11,9,55.0,49.6,0.48,N,1.06,0.091,1.15,20.0
CDLLONGLINE,bull,rsi_overbought,1.5,20,11,9,55.0,49.2,0.52,N,1.17,0.089,1.16,15.0
CDLLONGLINE,bull,rsi_overbought,1.75,20,11,9,55.0,52.1,0.26,N,0.54,0.051,1.07,15.0
CDLLONGLINE,bull,rsi_overbought,2.0,20,11,9,55.0,47.5,0.67,N,0.57,0.045,1.07,10.0
CDLLONGLINE,bull,rsi_overbought,2.25,20,11,9,55.0,45.8,0.82,N,0.21,0.02,1.03,10.0
CDLLONGLINE,bull,rsi_overbought,2.5,20,11,9,55.0,46.7,0.75,N,-0.16,-0.005,0.98,10.0
CDLLONGLINE,bull,rsi_overbought,2.75,20,11,9,55.0,47.5,0.67,N,-0.36,-0.018,0.96,5.0
CDLLONGLINE,bull,rsi_overbought,3.0,20,11,9,55.0,52.9,0.19,N,-0.56,-0.03,0.94,5.0
CDLRICKSHAWMAN,bull,trend_up,0.5,116,47,69,40.5,36.9,0.82,N,0.58,0.016,1.13,53.4
CDLRICKSHAWMAN,bull,trend_up,0.75,116,53,63,45.7,43.1,0.56,N,0.59,0.004,1.12,37.1
CDLRICKSHAWMAN,bull,trend_up,1.0,116,56,60,48.3,47.1,0.26,N,0.48,-0.006,1.09,28.4
CDLRICKSHAWMAN,bull,trend_up,1.25,116,58,58,50.0,46.3,0.81,N,0.56,0.005,1.1,20.7
CDLRICKSHAWMAN,bull,trend_up,1.5,116,58,58,50.0,48.3,0.36,N,0.06,-0.024,1.01,17.2
CDLRICKSHAWMAN,bull,trend_up,1.75,116,58,58,50.0,52.4,-0.53,N,0.44,-0.013,1.08,10.3
CDLRICKSHAWMAN,bull,trend_up,2.0,116,58,58,50.0,49.7,0.06,N,0.44,-0.013,1.07,7.8
CDLRICKSHAWMAN,bull,trend_up,2.25,116,58,58,50.0,50.1,-0.02,N,0.81,0.017,1.15,4.3
CDLRICKSHAWMAN,bull,trend_up,2.5,116,58,58,50.0,50.4,-0.08,N,0.72,0.012,1.13,3.4
CDLRICKSHAWMAN,bull,trend_up,2.75,116,58,58,50.0,49.9,0.02,N,1.0,0.023,1.19,2.6
CDLRICKSHAWMAN,bull,trend_up,3.0,116,58,58,50.0,50.9,-0.19,N,0.92,0.016,1.17,2.6
CDL3INSIDE,bear,none,0.5,27,11,16,40.7,35.5,0.57,N,2.74,0.086,1.62,59.3
CDL3INSIDE,bear,none,0.75,27,12,15,44.4,39.8,0.49,N,2.0,0.041,1.35,48.1
CDL3INSIDE,bear,none,1.0,27,12,15,44.4,40.7,0.39,N,0.75,-0.053,1.11,40.7
CDL3INSIDE,bear,none,1.25,27,14,13,51.9,54.3,-0.26,N,2.14,0.009,1.36,25.9
CDL3INSIDE,bear,none,1.5,27,14,13,51.9,47.2,0.48,N,2.24,0.006,1.38,18.5
CDL3INSIDE,bear,none,1.75,27,14,13,51.9,45.7,0.64,N,1.67,-0.04,1.26,18.5
CDL3INSIDE,bear,none,2.0,27,14,13,51.9,49.7,0.22,N,1.1,-0.086,1.16,18.5
CDL3INSIDE,bear,none,2.25,27,14,13,51.9,44.1,0.81,N,1.44,-0.061,1.22,7.4
CDL3INSIDE,bear,none,2.5,27,14,13,51.9,51.2,0.06,N,1.41,-0.065,1.21,3.7
CDL3INSIDE,bear,none,2.75,27,14,13,51.9,50.3,0.16,N,1.31,-0.074,1.19,3.7
CDL3INSIDE,bear,none,3.0,27,14,13,51.9,50.6,0.13,N,1.22,-0.083,1.18,3.7
CDLMARUBOZU,bear,trend_up,0.5,51,18,33,35.3,32.2,0.47,N,0.81,0.051,1.19,62.7
CDLMARUBOZU,bear,trend_up,0.75,51,23,28,45.1,44.3,0.12,N,0.89,0.04,1.19,45.1
CDLMARUBOZU,bear,trend_up,1.0,51,26,25,51.0,49.7,0.19,N,1.2,0.078,1.23,31.4
CDLMARUBOZU,bear,trend_up,1.25,51,27,24,52.9,50.5,0.35,N,1.83,0.128,1.4,13.7
CDLMARUBOZU,bear,trend_up,1.5,51,27,24,52.9,53.1,-0.02,N,1.59,0.107,1.33,11.8
CDLMARUBOZU,bear,trend_up,1.75,51,27,24,52.9,47.4,0.79,N,1.49,0.102,1.3,7.8
CDLMARUBOZU,bear,trend_up,2.0,51,27,24,52.9,49.5,0.49,N,1.65,0.113,1.35,3.9
CDLMARUBOZU,bear,trend_up,2.25,51,27,24,52.9,51.0,0.28,N,1.5,0.103,1.3,3.9
CDLMARUBOZU,bear,trend_up,2.5,51,27,24,52.9,50.7,0.33,N,1.34,0.093,1.27,3.9
CDLMARUBOZU,bear,trend_up,2.75,51,27,24,52.9,48.7,0.61,N,1.19,0.083,1.23,3.9
CDLMARUBOZU,bear,trend_up,3.0,51,27,24,52.9,50.3,0.37,N,1.43,0.099,1.29,0.0
CDLBELTHOLD,bear,rsi_oversold,0.5,24,5,19,20.8,23.6,-0.32,N,-2.87,-0.176,0.48,66.7
CDLBELTHOLD,bear,rsi_oversold,0.75,24,7,17,29.2,34.7,-0.57,N,-3.16,-0.144,0.57,58.3
CDLBELTHOLD,bear,rsi_oversold,1.0,24,8,16,33.3,31.2,0.22,N,-4.77,-0.23,0.48,54.2
CDLBELTHOLD,bear,rsi_oversold,1.25,24,11,13,45.8,38.2,0.77,N,-1.37,0.023,0.84,33.3
CDLBELTHOLD,bear,rsi_oversold,1.5,24,11,13,45.8,40.6,0.52,N,-1.81,-0.004,0.8,29.2
CDLBELTHOLD,bear,rsi_oversold,1.75,24,11,13,45.8,51.7,-0.58,N,-1.95,-0.001,0.79,20.8
CDLBELTHOLD,bear,rsi_oversold,2.0,24,11,13,45.8,51.0,-0.51,N,-2.52,-0.032,0.74,16.7
CDLBELTHOLD,bear,rsi_oversold,2.25,24,11,13,45.8,44.8,0.1,N,-2.78,-0.048,0.72,12.5
CDLBELTHOLD,bear,rsi_oversold,2.5,24,11,13,45.8,54.2,-0.82,N,-3.32,-0.079,0.68,12.5
CDLBELTHOLD,bear,rsi_oversold,2.75,24,11,13,45.8,52.4,-0.65,N,-2.34,-0.018,0.75,4.2
CDLBELTHOLD,bear,rsi_oversold,3.0,24,11,13,45.8,44.8,0.1,N,-1.56,0.026,0.82,0.0
CDLMARUBOZU,bear,atr_low,0.5,84,29,55,34.5,34.1,0.08,N,0.16,0.029,1.04,61.9
CDLMARUBOZU,bear,atr_low,0.75,84,36,48,42.9,43.4,-0.09,N,0.48,0.041,1.11,41.7
CDLMARUBOZU,bear,atr_low,1.0,84,41,43,48.8,46.4,0.44,N,0.79,0.073,1.17,29.8
CDLMARUBOZU,bear,atr_low,1.25,84,42,42,50.0,45.8,0.77,N,0.87,0.078,1.19,19.0
CDLMARUBOZU,bear,atr_low,1.5,84,43,41,51.2,47.9,0.6,N,0.96,0.081,1.21,15.5
CDLMARUBOZU,bear,atr_low,1.75,84,43,41,51.2,48.0,0.58,N,0.83,0.071,1.18,9.5
CDLMARUBOZU,bear,atr_low,2.0,84,43,41,51.2,50.4,0.15,N,1.28,0.108,1.3,3.6
CDLMARUBOZU,bear,atr_low,2.25,84,43,41,51.2,48.0,0.58,N,1.17,0.099,1.27,3.6
CDLMARUBOZU,bear,atr_low,2.5,84,43,41,51.2,51.1,0.02,N,1.06,0.09,1.24,3.6
CDLMARUBOZU,bear,atr_low,2.75,84,43,41,51.2,49.8,0.25,N,0.95,0.081,1.21,3.6
CDLMARUBOZU,bear,atr_low,3.0,84,43,41,51.2,48.8,0.44,N,0.97,0.081,1.21,2.4
CDLLONGLINE,bear,rsi_oversold,0.5,22,4,18,18.2,20.8,-0.31,N,-3.85,-0.23,0.36,72.7
CDLLONGLINE,bear,rsi_oversold,0.75,22,5,17,22.7,23.1,-0.04,N,-5.0,-0.273,0.37,59.1
CDLLONGLINE,bear,rsi_oversold,1.0,22,7,15,31.8,33.3,-0.15,N,-4.37,-0.247,0.46,40.9
CDLLONGLINE,bear,rsi_oversold,1.25,22,11,11,50.0,42.0,0.76,N,1.96,0.218,1.34,13.6
CDLLONGLINE,bear,rsi_oversold,1.5,22,11,11,50.0,47.0,0.28,N,2.43,0.246,1.46,9.1
CDLLONGLINE,bear,rsi_oversold,1.75,22,11,11,50.0,50.8,-0.07,N,2.1,0.223,1.38,9.1
CDLLONGLINE,bear,rsi_oversold,2.0,22,11,11,50.0,49.2,0.07,N,2.13,0.224,1.38,4.5
CDLLONGLINE,bear,rsi_oversold,2.25,22,11,11,50.0,54.2,-0.39,N,2.15,0.225,1.39,0.0
CDLLONGLINE,bear,rsi_oversold,2.5,22,11,11,50.0,50.4,-0.04,N,2.15,0.225,1.39,0.0
CDLLONGLINE,bear,rsi_oversold,2.75,22,11,11,50.0,48.9,0.11,N,2.15,0.225,1.39,0.0
CDLLONGLINE,bear,rsi_oversold,3.0,22,11,11,50.0,49.6,0.04,N,2.15,0.225,1.39,0.0
CDLMARUBOZU,bull,atr_high,0.5,29,10,19,34.5,28.2,0.76,N,-0.52,-0.065,0.88,55.2
CDLMARUBOZU,bull,atr_high,0.75,29,13,16,44.8,45.1,-0.03,N,-0.42,-0.032,0.92,41.4
CDLMARUBOZU,bull,atr_high,1.0,29,14,15,48.3,51.4,-0.34,N,-1.39,-0.086,0.79,37.9
CDLMARUBOZU,bull,atr_high,1.25,29,14,15,48.3,53.2,-0.53,N,-1.29,-0.071,0.8,20.7
CDLMARUBOZU,bull,atr_high,1.5,29,14,15,48.3,47.1,0.12,N,-1.76,-0.099,0.74,17.2
CDLMARUBOZU,bull,atr_high,1.75,29,14,15,48.3,46.8,0.16,N,-2.49,-0.142,0.67,17.2
CDLMARUBOZU,bull,atr_high,2.0,29,14,15,48.3,53.7,-0.59,N,-2.95,-0.168,0.63,13.8
CDLMARUBOZU,bull,atr_high,2.25,29,14,15,48.3,55.2,-0.75,N,-3.55,-0.202,0.59,13.8
CDLMARUBOZU,bull,atr_high,2.5,29,14,15,48.3,46.8,0.16,N,-3.93,-0.222,0.56,10.3
CDLMARUBOZU,bull,atr_high,2.75,29,14,15,48.3,53.4,-0.56,N,-4.4,-0.247,0.54,10.3
CDLMARUBOZU,bull,atr_high,3.0,29,14,15,48.3,51.1,-0.31,N,-3.99,-0.233,0.56,3.4
CDLBELTHOLD,bull,trend_up,0.5,193,70,123,36.3,33.8,0.74,N,0.62,0.028,1.14,60.1
CDLBELTHOLD,bull,trend_up,0.75,193,83,110,43.0,44.0,-0.28,N,0.61,0.02,1.12,40.9
CDLBELTHOLD,bull,trend_up,1.0,193,91,102,47.2,48.7,-0.43,N,0.61,0.021,1.11,30.1
CDLBELTHOLD,bull,trend_up,1.25,193,93,100,48.2,49.7,-0.41,N,0.54,0.019,1.1,20.2
CDLBELTHOLD,bull,trend_up,1.5,193,95,98,49.2,49.9,-0.18,N,0.69,0.023,1.12,16.1
CDLBELTHOLD,bull,trend_up,1.75,193,95,98,49.2,48.5,0.2,N,0.51,0.01,1.09,11.4
CDLBELTHOLD,bull,trend_up,2.0,193,95,98,49.2,50.3,-0.31,N,0.41,0.001,1.07,7.8
CDLBELTHOLD,bull,trend_up,2.25,193,95,98,49.2,50.0,-0.2,N,0.43,0.005,1.07,5.2
CDLBELTHOLD,bull,trend_up,2.5,193,95,98,49.2,50.5,-0.36,N,0.36,-0.001,1.06,4.7
CDLBELTHOLD,bull,trend_up,2.75,193,95,98,49.2,51.8,-0.71,N,0.2,-0.012,1.03,4.7
CDLBELTHOLD,bull,trend_up,3.0,193,95,98,49.2,49.6,-0.11,N,0.23,-0.011,1.04,3.1
CDLENGULFING,bull,none,0.5,304,101,203,33.2,33.4,-0.06,N,-0.36,nan,0.93,61.8
CDLENGULFING,bull,none,0.75,304,126,178,41.4,41.6,-0.04,N,-0.5,nan,0.92,47.0
CDLENGULFING,bull,none,1.0,304,141,163,46.4,45.9,0.18,N,-0.95,nan,0.86,37.2
CDLENGULFING,bull,none,1.25,304,150,154,49.3,48.1,0.45,N,-0.88,nan,0.87,26.0
CDLENGULFING,bull,none,1.5,304,152,152,50.0,49.0,0.34,N,-0.9,nan,0.87,19.4
CDLENGULFING,bull,none,1.75,304,153,151,50.3,48.5,0.65,N,-0.74,nan,0.9,14.5
CDLENGULFING,bull,none,2.0,304,153,151,50.3,48.2,0.73,N,-0.34,nan,0.95,6.9
CDLENGULFING,bull,none,2.25,304,153,151,50.3,48.8,0.55,N,-0.41,nan,0.94,5.6
CDLENGULFING,bull,none,2.5,304,153,151,50.3,49.4,0.32,N,-0.51,nan,0.93,4.9
CDLENGULFING,bull,none,2.75,304,153,151,50.3,50.6,-0.1,N,-0.48,nan,0.93,3.0
CDLENGULFING,bull,none,3.0,304,153,151,50.3,49.1,0.42,N,-0.57,nan,0.92,3.0
CDLSPINNINGTOP,bull,atr_low,0.5,416,139,277,33.4,31.8,0.73,N,0.21,0.011,1.05,61.1
CDLSPINNINGTOP,bull,atr_low,0.75,416,173,243,41.6,41.1,0.22,N,-0.01,-0.008,1.0,47.1
CDLSPINNINGTOP,bull,atr_low,1.0,416,191,225,45.9,45.3,0.27,N,0.11,0.003,1.02,32.5
CDLSPINNINGTOP,bull,atr_low,1.25,416,202,214,48.6,48.6,-0.01,N,0.49,0.034,1.09,22.1
CDLSPINNINGTOP,bull,atr_low,1.5,416,205,211,49.3,49.4,-0.03,N,0.36,0.024,1.06,16.1
CDLSPINNINGTOP,bull,atr_low,1.75,416,206,210,49.5,48.8,0.31,N,0.45,0.029,1.08,11.5
CDLSPINNINGTOP,bull,atr_low,2.0,416,206,210,49.5,49.0,0.2,N,0.29,0.018,1.05,9.1
CDLSPINNINGTOP,bull,atr_low,2.25,416,206,210,49.5,49.3,0.11,N,0.24,0.018,1.04,7.2
CDLSPINNINGTOP,bull,atr_low,2.5,416,206,210,49.5,48.6,0.37,N,0.14,0.01,1.02,5.8
CDLSPINNINGTOP,bull,atr_low,2.75,416,206,210,49.5,50.6,-0.42,N,0.25,0.016,1.04,3.4
CDLSPINNINGTOP,bull,atr_low,3.0,416,206,210,49.5,49.5,0.02,N,0.26,0.014,1.04,2.9
CDLMARUBOZU,bear,none,0.5,113,39,74,34.5,31.6,0.67,N,-0.01,0.005,1.0,60.2
CDLMARUBOZU,bear,none,0.75,113,49,64,43.4,44.0,-0.13,N,0.25,0.022,1.05,41.6
CDLMARUBOZU,bear,none,1.0,113,55,58,48.7,47.3,0.3,N,0.23,0.032,1.05,31.9
CDLMARUBOZU,bear,none,1.25,113,56,57,49.6,46.8,0.58,N,0.32,0.039,1.06,19.5
CDLMARUBOZU,bear,none,1.5,113,57,56,50.4,50.1,0.08,N,0.26,0.035,1.05,15.9
CDLMARUBOZU,bear,none,1.75,113,57,56,50.4,51.4,-0.2,N,-0.02,0.016,1.0,11.5
CDLMARUBOZU,bear,none,2.0,113,57,56,50.4,47.1,0.71,N,0.19,0.037,1.04,6.2
CDLMARUBOZU,bear,none,2.25,113,57,56,50.4,48.2,0.49,N,-0.04,0.022,0.99,6.2
CDLMARUBOZU,bear,none,2.5,113,57,56,50.4,47.6,0.6,N,-0.22,0.01,0.96,5.3
CDLMARUBOZU,bear,none,2.75,113,57,56,50.4,48.8,0.35,N,-0.42,-0.003,0.93,5.3
CDLMARUBOZU,bear,none,3.0,113,57,56,50.4,51.7,-0.27,N,-0.3,0.0,0.95,2.7
CDLHARAMI,bull,atr_high,0.5,33,11,22,33.3,30.1,0.41,N,-1.6,-0.127,0.63,51.5
CDLHARAMI,bull,atr_high,0.75,33,15,18,45.5,39.9,0.65,N,-0.37,-0.084,0.92,33.3
CDLHARAMI,bull,atr_high,1.0,33,15,18,45.5,47.5,-0.23,N,-1.09,-0.134,0.79,27.3
CDLHARAMI,bull,atr_high,1.25,33,15,18,45.5,46.2,-0.09,N,-1.44,-0.157,0.74,18.2
CDLHARAMI,bull,atr_high,1.5,33,15,18,45.5,49.0,-0.41,N,-2.03,-0.196,0.67,15.2
CDLHARAMI,bull,atr_high,1.75,33,15,18,45.5,49.7,-0.49,N,-2.6,-0.234,0.61,15.2
CDLHARAMI,bull,atr_high,2.0,33,15,18,45.5,51.5,-0.7,N,-2.55,-0.23,0.61,12.1
CDLHARAMI,bull,atr_high,2.25,33,15,18,45.5,47.2,-0.2,N,-2.75,-0.238,0.6,9.1
CDLHARAMI,bull,atr_high,2.5,33,15,18,45.5,53.5,-0.93,N,-2.92,-0.25,0.58,6.1
CDLHARAMI,bull,atr_high,2.75,33,16,17,48.5,51.5,-0.35,N,-0.98,-0.108,0.82,0.0
CDLHARAMI,bull,atr_high,3.0,33,16,17,48.5,46.2,0.26,N,-0.98,-0.108,0.82,0.0
CDLSPINNINGTOP,bull,rsi_overbought,0.5,26,11,15,42.3,36.2,0.65,N,3.48,0.212,1.84,42.3
CDLSPINNINGTOP,bull,rsi_overbought,0.75,26,12,14,46.2,43.3,0.3,N,3.34,0.194,1.65,30.8
CDLSPINNINGTOP,bull,rsi_overbought,1.0,26,12,14,46.2,48.7,-0.26,N,2.79,0.163,1.49,23.1
CDLSPINNINGTOP,bull,rsi_overbought,1.25,26,12,14,46.2,47.8,-0.16,N,2.41,0.142,1.4,19.2
CDLSPINNINGTOP,bull,rsi_overbought,1.5,26,12,14,46.2,48.1,-0.2,N,3.16,0.148,1.6,15.4
CDLSPINNINGTOP,bull,rsi_overbought,1.75,26,12,14,46.2,48.7,-0.26,N,3.3,0.16,1.64,7.7
CDLSPINNINGTOP,bull,rsi_overbought,2.0,26,12,14,46.2,55.1,-0.92,N,3.66,0.18,1.76,0.0
CDLSPINNINGTOP,bull,rsi_overbought,2.25,26,12,14,46.2,49.4,-0.33,N,3.66,0.18,1.76,0.0
CDLSPINNINGTOP,bull,rsi_overbought,2.5,26,12,14,46.2,52.6,-0.65,N,3.66,0.18,1.76,0.0
CDLSPINNINGTOP,bull,rsi_overbought,2.75,26,12,14,46.2,51.6,-0.56,N,3.66,0.18,1.76,0.0
CDLSPINNINGTOP,bull,rsi_overbought,3.0,26,12,14,46.2,48.7,-0.26,N,3.66,0.18,1.76,0.0
CDLHIGHWAVE,bull,trend_up,0.5,140,52,88,37.1,35.8,0.32,N,-0.35,0.003,0.93,57.1
CDLHIGHWAVE,bull,trend_up,0.75,140,66,74,47.1,46.4,0.17,N,0.7,0.046,1.14,37.9
CDLHIGHWAVE,bull,trend_up,1.0,140,70,70,50.0,47.7,0.54,N,0.48,0.028,1.09,28.6
CDLHIGHWAVE,bull,trend_up,1.25,140,71,69,50.7,50.9,-0.04,N,-0.05,-0.004,0.99,23.6
CDLHIGHWAVE,bull,trend_up,1.5,140,71,69,50.7,48.9,0.42,N,-0.32,-0.031,0.95,19.3
CDLHIGHWAVE,bull,trend_up,1.75,140,71,69,50.7,49.2,0.35,N,-0.11,-0.021,0.98,11.4
CDLHIGHWAVE,bull,trend_up,2.0,140,71,69,50.7,48.2,0.59,N,-0.27,-0.026,0.96,8.6
CDLHIGHWAVE,bull,trend_up,2.25,140,71,69,50.7,49.8,0.23,N,-0.29,-0.023,0.96,6.4
CDLHIGHWAVE,bull,trend_up,2.5,140,71,69,50.7,48.6,0.49,N,-0.43,-0.028,0.94,5.0
CDLHIGHWAVE,bull,trend_up,2.75,140,71,69,50.7,51.4,-0.16,N,-0.33,-0.025,0.95,2.9
CDLHIGHWAVE,bull,trend_up,3.0,140,71,69,50.7,49.6,0.25,N,-0.19,-0.015,0.97,1.4
CDLDOJI,bull,atr_low,0.5,275,84,191,30.5,31.8,-0.44,N,-0.68,-0.06,0.85,65.5
CDLDOJI,bull,atr_low,0.75,275,115,160,41.8,43.1,-0.44,N,-0.26,-0.037,0.95,47.3
CDLDOJI,bull,atr_low,1.0,275,125,150,45.5,47.0,-0.51,N,-0.5,-0.053,0.91,34.5
CDLDOJI,bull,atr_low,1.25,275,133,142,48.4,49.1,-0.23,N,-0.32,-0.043,0.94,25.5
CDLDOJI,bull,atr_low,1.5,275,137,138,49.8,49.3,0.16,N,-0.52,-0.056,0.91,19.3
CDLDOJI,bull,atr_low,1.75,275,139,136,50.5,48.8,0.56,N,-0.42,-0.053,0.93,14.5
CDLDOJI,bull,atr_low,2.0,275,139,136,50.5,50.3,0.07,N,-0.56,-0.062,0.91,11.3
CDLDOJI,bull,atr_low,2.25,275,139,136,50.5,49.4,0.37,N,-0.38,-0.047,0.94,8.0
CDLDOJI,bull,atr_low,2.5,275,139,136,50.5,50.9,-0.12,N,-0.6,-0.065,0.9,7.6
CDLDOJI,bull,atr_low,2.75,275,139,136,50.5,50.2,0.11,N,-0.4,-0.057,0.93,5.5
CDLDOJI,bull,atr_low,3.0,275,139,136,50.5,50.3,0.09,N,-0.39,-0.063,0.93,5.1
CDLHIKKAKE,bull,atr_high,0.5,115,45,70,39.1,38.4,0.16,N,1.59,0.088,1.32,56.5
CDLHIKKAKE,bull,atr_high,0.75,115,53,62,46.1,46.2,-0.02,N,1.04,0.056,1.18,41.7
CDLHIKKAKE,bull,atr_high,1.0,115,54,61,47.0,47.5,-0.11,N,0.48,0.023,1.07,30.4
CDLHIKKAKE,bull,atr_high,1.25,115,56,59,48.7,49.3,-0.12,N,0.46,0.03,1.07,21.7
CDLHIKKAKE,bull,atr_high,1.5,115,56,59,48.7,48.6,0.02,N,0.45,0.038,1.07,15.7
CDLHIKKAKE,bull,atr_high,1.75,115,57,58,49.6,50.8,-0.26,N,0.66,0.049,1.1,10.4
CDLHIKKAKE,bull,atr_high,2.0,115,58,57,50.4,48.9,0.33,N,1.31,0.081,1.22,5.2
CDLHIKKAKE,bull,atr_high,2.25,115,58,57,50.4,49.7,0.16,N,1.41,0.09,1.24,3.5
CDLHIKKAKE,bull,atr_high,2.5,115,58,57,50.4,48.0,0.53,N,1.24,0.081,1.2,3.5
CDLHIKKAKE,bull,atr_high,2.75,115,58,57,50.4,49.1,0.3,N,1.19,0.079,1.19,2.6
CDLHIKKAKE,bull,atr_high,3.0,115,58,57,50.4,49.4,0.22,N,1.31,0.085,1.22,0.9
CDLSPINNINGTOP,bear,trend_down,0.5,321,102,219,31.8,31.6,0.07,N,0.51,0.015,1.11,63.2
CDLSPINNINGTOP,bear,trend_down,0.75,321,125,196,38.9,40.6,-0.61,N,0.18,-0.015,1.03,49.8
CDLSPINNINGTOP,bear,trend_down,1.0,321,141,180,43.9,44.1,-0.06,N,0.53,0.012,1.09,34.3
CDLSPINNINGTOP,bear,trend_down,1.25,321,152,169,47.4,47.6,-0.1,N,1.05,0.049,1.19,22.7
CDLSPINNINGTOP,bear,trend_down,1.5,321,156,165,48.6,48.9,-0.11,N,0.91,0.039,1.16,17.8
CDLSPINNINGTOP,bear,trend_down,1.75,321,158,163,49.2,48.1,0.42,N,1.06,0.049,1.18,13.4
CDLSPINNINGTOP,bear,trend_down,2.0,321,158,163,49.2,50.8,-0.55,N,0.8,0.029,1.13,11.2
CDLSPINNINGTOP,bear,trend_down,2.25,321,160,161,49.8,49.7,0.07,N,1.01,0.045,1.17,8.1
CDLSPINNINGTOP,bear,trend_down,2.5,321,160,161,49.8,49.5,0.14,N,0.78,0.028,1.13,7.5
CDLSPINNINGTOP,bear,trend_down,2.75,321,160,161,49.8,48.4,0.53,N,0.86,0.034,1.14,5.3
CDLSPINNINGTOP,bear,trend_down,3.0,321,160,161,49.8,49.7,0.07,N,0.85,0.03,1.14,4.4
CDL3OUTSIDE,bull,none,0.5,147,46,101,31.3,32.4,-0.28,N,-1.16,-0.062,0.77,65.3
CDL3OUTSIDE,bull,none,0.75,147,62,85,42.2,41.5,0.17,N,-0.3,-0.026,0.95,48.3
CDL3OUTSIDE,bull,none,1.0,147,68,79,46.3,44.6,0.4,N,-0.77,-0.036,0.88,36.1
CDL3OUTSIDE,bull,none,1.25,147,71,76,48.3,46.1,0.52,N,-0.23,0.01,0.96,23.8
CDL3OUTSIDE,bull,none,1.5,147,72,75,49.0,49.0,-0.01,N,-0.33,0.005,0.95,18.4
CDL3OUTSIDE,bull,none,1.75,147,72,75,49.0,47.5,0.36,N,-0.19,0.008,0.97,12.9
CDL3OUTSIDE,bull,none,2.0,147,73,74,49.7,50.3,-0.16,N,-0.36,0.001,0.95,9.5
CDL3OUTSIDE,bull,none,2.25,147,73,74,49.7,49.4,0.05,N,-0.35,0.009,0.95,6.1
CDL3OUTSIDE,bull,none,2.5,147,73,74,49.7,50.2,-0.12,N,-0.45,0.005,0.93,3.4
CDL3OUTSIDE,bull,none,2.75,147,73,74,49.7,49.0,0.16,N,-0.33,0.004,0.95,1.4
CDL3OUTSIDE,bull,none,3.0,147,73,74,49.7,48.2,0.34,N,-0.37,0.001,0.95,1.4
CDLLONGLEGGEDDOJI,bull,atr_low,0.5,275,84,191,30.5,32.4,-0.67,N,-0.68,-0.06,0.85,65.5
CDLLONGLEGGEDDOJI,bull,atr_low,0.75,275,115,160,41.8,40.9,0.32,N,-0.26,-0.037,0.95,47.3
CDLLONGLEGGEDDOJI,bull,atr_low,1.0,275,125,150,45.5,45.4,0.02,N,-0.5,-0.053,0.91,34.5
CDLLONGLEGGEDDOJI,bull,atr_low,1.25,275,133,142,48.4,48.7,-0.11,N,-0.32,-0.043,0.94,25.5
CDLLONGLEGGEDDOJI,bull,atr_low,1.5,275,137,138,49.8,51.1,-0.43,N,-0.52,-0.056,0.91,19.3
CDLLONGLEGGEDDOJI,bull,atr_low,1.75,275,139,136,50.5,49.0,0.52,N,-0.42,-0.053,0.93,14.5
CDLLONGLEGGEDDOJI,bull,atr_low,2.0,275,139,136,50.5,50.0,0.18,N,-0.56,-0.062,0.91,11.3
CDLLONGLEGGEDDOJI,bull,atr_low,2.25,275,139,136,50.5,50.1,0.16,N,-0.38,-0.047,0.94,8.0
CDLLONGLEGGEDDOJI,bull,atr_low,2.5,275,139,136,50.5,49.2,0.43,N,-0.6,-0.065,0.9,7.6
CDLLONGLEGGEDDOJI,bull,atr_low,2.75,275,139,136,50.5,49.3,0.4,N,-0.4,-0.057,0.93,5.5
CDLLONGLEGGEDDOJI,bull,atr_low,3.0,275,139,136,50.5,49.0,0.51,N,-0.39,-0.063,0.93,5.1
CDL3OUTSIDE,bear,atr_low,0.5,103,32,71,31.1,31.6,-0.11,N,-0.69,-0.043,0.85,65.0
CDL3OUTSIDE,bear,atr_low,0.75,103,44,59,42.7,43.7,-0.2,N,-0.24,-0.001,0.95,46.6
CDL3OUTSIDE,bear,atr_low,1.0,103,49,54,47.6,45.5,0.43,N,-0.19,0.02,0.97,31.1
CDL3OUTSIDE,bear,atr_low,1.25,103,51,52,49.5,47.6,0.39,N,0.22,0.056,1.04,22.3
CDL3OUTSIDE,bear,atr_low,1.5,103,52,51,50.5,48.5,0.41,N,0.44,0.065,1.08,16.5
CDL3OUTSIDE,bear,atr_low,1.75,103,52,51,50.5,49.0,0.3,N,0.26,0.051,1.05,13.6
CDL3OUTSIDE,bear,atr_low,2.0,103,53,50,51.5,51.1,0.07,N,0.25,0.05,1.04,9.7
CDL3OUTSIDE,bear,atr_low,2.25,103,53,50,51.5,49.4,0.43,N,0.26,0.056,1.05,6.8
CDL3OUTSIDE,bear,atr_low,2.5,103,53,50,51.5,50.4,0.21,N,0.13,0.046,1.02,3.9
CDL3OUTSIDE,bear,atr_low,2.75,103,53,50,51.5,49.8,0.34,N,0.03,0.039,1.01,1.9
CDL3OUTSIDE,bear,atr_low,3.0,103,53,50,51.5,48.9,0.51,N,-0.03,0.034,0.99,1.9
CDLENGULFING,bull,trend_up,0.5,135,47,88,34.8,34.5,0.08,N,-0.16,0.056,0.97,59.3
CDLENGULFING,bull,trend_up,0.75,135,59,76,43.7,41.5,0.51,N,-0.05,0.053,0.99,40.7
CDLENGULFING,bull,trend_up,1.0,135,64,71,47.4,45.9,0.36,N,-0.48,0.045,0.93,31.1
CDLENGULFING,bull,trend_up,1.25,135,64,71,47.4,48.3,-0.2,N,-0.84,0.027,0.88,20.0
CDLENGULFING,bull,trend_up,1.5,135,65,70,48.1,49.0,-0.2,N,-0.84,0.019,0.88,15.6
CDLENGULFING,bull,trend_up,1.75,135,65,70,48.1,50.5,-0.55,N,-1.0,0.006,0.86,12.6
CDLENGULFING,bull,trend_up,2.0,135,65,70,48.1,47.7,0.1,N,-0.55,0.031,0.92,5.9
CDLENGULFING,bull,trend_up,2.25,135,65,70,48.1,51.4,-0.75,N,-0.67,0.024,0.9,4.4
CDLENGULFING,bull,trend_up,2.5,135,65,70,48.1,50.6,-0.57,N,-0.65,0.021,0.9,3.7
CDLENGULFING,bull,trend_up,2.75,135,65,70,48.1,49.5,-0.32,N,-0.56,0.026,0.91,1.5
CDLENGULFING,bull,trend_up,3.0,135,65,70,48.1,49.7,-0.36,N,-0.6,0.022,0.91,1.5
CDLHIGHWAVE,bull,rsi_mid_oversold,0.5,78,22,56,28.2,30.4,-0.43,N,-0.11,-0.046,0.98,70.5
CDLHIGHWAVE,bull,rsi_mid_oversold,0.75,78,29,49,37.2,40.1,-0.52,N,0.22,-0.035,1.04,52.6
CDLHIGHWAVE,bull,rsi_mid_oversold,1.0,78,34,44,43.6,48.5,-0.87,N,0.09,-0.045,1.01,41.0
CDLHIGHWAVE,bull,rsi_mid_oversold,1.25,78,35,43,44.9,45.7,-0.15,N,0.41,-0.057,1.07,30.8
CDLHIGHWAVE,bull,rsi_mid_oversold,1.5,78,36,42,46.2,47.4,-0.23,N,-0.07,-0.095,0.99,28.2
CDLHIGHWAVE,bull,rsi_mid_oversold,1.75,78,37,41,47.4,48.5,-0.19,N,0.44,-0.077,1.07,20.5
CDLHIGHWAVE,bull,rsi_mid_oversold,2.0,78,37,41,47.4,50.9,-0.6,N,-0.0,-0.118,1.0,19.2
CDLHIGHWAVE,bull,rsi_mid_oversold,2.25,78,38,40,48.7,51.4,-0.47,N,1.11,-0.039,1.19,11.5
CDLHIGHWAVE,bull,rsi_mid_oversold,2.5,78,38,40,48.7,49.9,-0.21,N,0.91,-0.06,1.15,10.3
CDLHIGHWAVE,bull,rsi_mid_oversold,2.75,78,38,40,48.7,45.9,0.49,N,1.16,-0.048,1.2,7.7
CDLHIGHWAVE,bull,rsi_mid_oversold,3.0,78,38,40,48.7,50.9,-0.38,N,1.01,-0.063,1.17,6.4
CDLBELTHOLD,bear,atr_high,0.5,127,44,83,34.6,33.9,0.19,N,-0.35,-0.039,0.93,59.8
CDLBELTHOLD,bear,atr_high,0.75,127,54,73,42.5,45.2,-0.61,N,-0.61,-0.039,0.9,43.3
CDLBELTHOLD,bear,atr_high,1.0,127,56,71,44.1,45.6,-0.34,N,-1.62,-0.103,0.77,37.0
CDLBELTHOLD,bear,atr_high,1.25,127,60,67,47.2,46.9,0.07,N,-0.9,-0.047,0.87,23.6
CDLBELTHOLD,bear,atr_high,1.5,127,60,67,47.2,48.6,-0.31,N,-1.41,-0.081,0.81,19.7
CDLBELTHOLD,bear,atr_high,1.75,127,61,66,48.0,50.8,-0.62,N,-1.36,-0.086,0.82,16.5
CDLBELTHOLD,bear,atr_high,2.0,127,61,66,48.0,50.5,-0.55,N,-1.65,-0.101,0.79,12.6
CDLBELTHOLD,bear,atr_high,2.25,127,61,66,48.0,51.1,-0.7,N,-1.71,-0.107,0.79,10.2
CDLBELTHOLD,bear,atr_high,2.5,127,61,66,48.0,48.2,-0.04,N,-2.07,-0.129,0.75,9.4
CDLBELTHOLD,bear,atr_high,2.75,127,61,66,48.0,53.5,-1.23,N,-2.06,-0.128,0.75,7.1
CDLBELTHOLD,bear,atr_high,3.0,127,61,66,48.0,46.0,0.46,N,-1.82,-0.116,0.78,3.9
CDLRICKSHAWMAN,bull,atr_high,0.5,70,25,45,35.7,39.5,-0.65,N,-0.44,-0.033,0.91,60.0
CDLRICKSHAWMAN,bull,atr_high,0.75,70,28,42,40.0,43.0,-0.5,N,-0.46,-0.059,0.92,38.6
CDLRICKSHAWMAN,bull,atr_high,1.0,70,33,37,47.1,48.0,-0.14,N,0.39,0.005,1.07,22.9
CDLRICKSHAWMAN,bull,atr_high,1.25,70,34,36,48.6,48.7,-0.02,N,0.55,0.002,1.1,17.1
CDLRICKSHAWMAN,bull,atr_high,1.5,70,35,35,50.0,49.2,0.14,N,1.08,0.031,1.22,12.9
CDLRICKSHAWMAN,bull,atr_high,1.75,70,35,35,50.0,50.6,-0.1,N,1.41,0.052,1.31,5.7
CDLRICKSHAWMAN,bull,atr_high,2.0,70,35,35,50.0,47.7,0.38,N,1.62,0.063,1.37,2.9
CDLRICKSHAWMAN,bull,atr_high,2.25,70,35,35,50.0,51.0,-0.16,N,1.53,0.056,1.34,2.9
CDLRICKSHAWMAN,bull,atr_high,2.5,70,35,35,50.0,49.6,0.06,N,1.44,0.049,1.31,2.9
CDLRICKSHAWMAN,bull,atr_high,2.75,70,35,35,50.0,50.4,-0.06,N,1.36,0.042,1.29,2.9
CDLRICKSHAWMAN,bull,atr_high,3.0,70,35,35,50.0,47.5,0.42,N,1.32,0.04,1.28,1.4
CDLHAMMER,bull,atr_low,0.5,43,17,26,39.5,42.1,-0.33,N,1.82,0.194,1.47,55.8
CDLHAMMER,bull,atr_low,0.75,43,17,26,39.5,41.9,-0.31,N,0.83,0.11,1.17,44.2
CDLHAMMER,bull,atr_low,1.0,43,18,25,41.9,46.1,-0.56,N,0.1,0.057,1.02,34.9
CDLHAMMER,bull,atr_low,1.25,43,21,22,48.8,51.6,-0.36,N,1.53,0.137,1.28,27.9
CDLHAMMER,bull,atr_low,1.5,43,21,22,48.8,48.6,0.03,N,1.84,0.165,1.35,16.3
CDLHAMMER,bull,atr_low,1.75,43,21,22,48.8,50.0,-0.15,N,1.87,0.162,1.36,11.6
CDLHAMMER,bull,atr_low,2.0,43,21,22,48.8,46.9,0.25,N,2.43,0.207,1.53,4.7
CDLHAMMER,bull,atr_low,2.25,43,21,22,48.8,52.5,-0.48,N,2.32,0.196,1.49,4.7
CDLHAMMER,bull,atr_low,2.5,43,21,22,48.8,53.3,-0.59,N,2.22,0.184,1.46,4.7
CDLHAMMER,bull,atr_low,2.75,43,21,22,48.8,47.9,0.13,N,2.64,0.228,1.6,2.3
CDLHAMMER,bull,atr_low,3.0,43,21,22,48.8,45.7,0.41,N,2.59,0.222,1.58,2.3
CDLSPINNINGTOP,bull,atr_high,0.5,145,48,97,33.1,35.5,-0.59,N,-0.67,-0.039,0.87,60.7
CDLSPINNINGTOP,bull,atr_high,0.75,145,62,83,42.8,41.1,0.39,N,0.39,0.018,1.07,39.3
CDLSPINNINGTOP,bull,atr_high,1.0,145,66,79,45.5,48.0,-0.61,N,0.03,-0.0,1.0,30.3
CDLSPINNINGTOP,bull,atr_high,1.25,145,68,77,46.9,48.4,-0.37,N,-0.25,-0.019,0.96,21.4
CDLSPINNINGTOP,bull,atr_high,1.5,145,69,76,47.6,47.9,-0.07,N,-0.45,-0.036,0.93,17.9
CDLSPINNINGTOP,bull,atr_high,1.75,145,70,75,48.3,49.8,-0.36,N,-0.48,-0.036,0.93,13.1
CDLSPINNINGTOP,bull,atr_high,2.0,145,70,75,48.3,49.5,-0.29,N,-0.63,-0.044,0.91,9.7
CDLSPINNINGTOP,bull,atr_high,2.25,145,72,73,49.7,49.5,0.04,N,-0.17,-0.01,0.97,6.2
CDLSPINNINGTOP,bull,atr_high,2.5,145,72,73,49.7,50.2,-0.14,N,-0.43,-0.025,0.94,6.2
CDLSPINNINGTOP,bull,atr_high,2.75,145,72,73,49.7,49.0,0.15,N,-0.53,-0.031,0.93,5.5
CDLSPINNINGTOP,bull,atr_high,3.0,145,72,73,49.7,49.3,0.1,N,-0.49,-0.026,0.93,3.4
CDL3OUTSIDE,bear,trend_down,0.5,71,17,54,23.9,25.2,-0.25,N,-1.86,-0.147,0.65,73.2
CDL3OUTSIDE,bear,trend_down,0.75,71,25,46,35.2,39.3,-0.71,N,-0.62,-0.076,0.9,53.5
CDL3OUTSIDE,bear,trend_down,1.0,71,30,41,42.3,45.7,-0.58,N,-0.58,-0.048,0.91,40.8
CDL3OUTSIDE,bear,trend_down,1.25,71,33,38,46.5,47.8,-0.22,N,0.62,0.046,1.09,29.6
CDL3OUTSIDE,bear,trend_down,1.5,71,34,37,47.9,52.2,-0.73,N,0.18,0.022,1.02,25.4
CDL3OUTSIDE,bear,trend_down,1.75,71,34,37,47.9,48.4,-0.08,N,0.42,0.041,1.06,15.5
CDL3OUTSIDE,bear,trend_down,2.0,71,35,36,49.3,50.8,-0.26,N,0.47,0.052,1.07,9.9
CDL3OUTSIDE,bear,trend_down,2.25,71,35,36,49.3,48.2,0.18,N,0.39,0.048,1.05,7.0
CDL3OUTSIDE,bear,trend_down,2.5,71,35,36,49.3,49.6,-0.06,N,0.36,0.046,1.05,4.2
CDL3OUTSIDE,bear,trend_down,2.75,71,35,36,49.3,47.1,0.38,N,0.26,0.038,1.04,1.4
CDL3OUTSIDE,bear,trend_down,3.0,71,35,36,49.3,47.9,0.24,N,0.21,0.035,1.03,1.4
CDLHANGINGMAN,bear,none,0.5,35,12,23,34.3,33.6,0.09,N,2.99,nan,1.55,62.9
CDLHANGINGMAN,bear,none,0.75,35,14,21,40.0,40.5,-0.06,N,2.0,nan,1.3,51.4
CDLHANGINGMAN,bear,none,1.0,35,16,19,45.7,50.5,-0.56,N,1.42,nan,1.19,42.9
CDLHANGINGMAN,bear,none,1.25,35,17,18,48.6,50.5,-0.23,N,1.67,nan,1.22,28.6
CDLHANGINGMAN,bear,none,1.5,35,17,18,48.6,47.9,0.08,N,0.96,nan,1.11,20.0
CDLHANGINGMAN,bear,none,1.75,35,17,18,48.6,50.2,-0.2,N,0.93,nan,1.11,14.3
CDLHANGINGMAN,bear,none,2.0,35,17,18,48.6,47.6,0.11,N,1.02,nan,1.12,8.6
CDLHANGINGMAN,bear,none,2.25,35,17,18,48.6,46.7,0.23,N,1.25,nan,1.15,5.7
CDLHANGINGMAN,bear,none,2.5,35,17,18,48.6,45.5,0.37,N,1.07,nan,1.13,5.7
CDLHANGINGMAN,bear,none,2.75,35,17,18,48.6,51.4,-0.34,N,0.9,nan,1.11,5.7
CDLHANGINGMAN,bear,none,3.0,35,17,18,48.6,52.1,-0.42,N,0.83,nan,1.1,2.9
CDLHARAMI,bear,atr_low,0.5,105,32,73,30.5,31.7,-0.26,N,0.75,0.043,1.17,65.7
CDLHARAMI,bear,atr_low,0.75,105,43,62,41.0,39.4,0.32,N,0.85,0.043,1.16,49.5
CDLHARAMI,bear,atr_low,1.0,105,46,59,43.8,45.4,-0.33,N,0.63,0.033,1.11,37.1
CDLHARAMI,bear,atr_low,1.25,105,48,57,45.7,49.4,-0.75,N,0.43,0.005,1.07,29.5
CDLHARAMI,bear,atr_low,1.5,105,48,57,45.7,49.7,-0.81,N,0.09,-0.019,1.01,21.0
CDLHARAMI,bear,atr_low,1.75,105,49,56,46.7,49.8,-0.65,N,0.09,-0.022,1.01,15.2
CDLHARAMI,bear,atr_low,2.0,105,49,56,46.7,47.6,-0.2,N,-0.12,-0.043,0.98,13.3
CDLHARAMI,bear,atr_low,2.25,105,49,56,46.7,49.1,-0.5,N,-0.42,-0.067,0.94,12.4
CDLHARAMI,bear,atr_low,2.5,105,49,56,46.7,47.1,-0.08,N,-0.64,-0.083,0.91,10.5
CDLHARAMI,bear,atr_low,2.75,105,49,56,46.7,48.2,-0.31,N,-0.55,-0.083,0.92,6.7
CDLHARAMI,bear,atr_low,3.0,105,49,56,46.7,49.6,-0.6,N,-0.72,-0.097,0.9,5.7
CDLHAMMER,bull,rsi_mid_oversold,0.5,38,16,22,42.1,43.0,-0.11,N,2.78,0.25,1.69,52.6
CDLHAMMER,bull,rsi_mid_oversold,0.75,38,16,22,42.1,42.3,-0.03,N,1.67,0.18,1.32,39.5
CDLHAMMER,bull,rsi_mid_oversold,1.0,38,17,21,44.7,47.4,-0.32,N,1.21,0.149,1.21,28.9
CDLHAMMER,bull,rsi_mid_oversold,1.25,38,19,19,50.0,49.8,0.03,N,2.58,0.219,1.46,23.7
CDLHAMMER,bull,rsi_mid_oversold,1.5,38,19,19,50.0,50.7,-0.08,N,2.62,0.232,1.47,15.8
CDLHAMMER,bull,rsi_mid_oversold,1.75,38,19,19,50.0,48.9,0.14,N,2.12,0.197,1.35,13.2
CDLHAMMER,bull,rsi_mid_oversold,2.0,38,19,19,50.0,47.8,0.27,N,2.55,0.24,1.45,5.3
CDLHAMMER,bull,rsi_mid_oversold,2.25,38,19,19,50.0,50.4,-0.05,N,2.32,0.227,1.39,5.3
CDLHAMMER,bull,rsi_mid_oversold,2.5,38,19,19,50.0,48.9,0.14,N,2.09,0.214,1.34,5.3
CDLHAMMER,bull,rsi_mid_oversold,2.75,38,19,19,50.0,49.6,0.05,N,2.46,0.264,1.43,2.6
CDLHAMMER,bull,rsi_mid_oversold,3.0,38,19,19,50.0,47.6,0.3,N,2.3,0.257,1.39,2.6
CDLGRAVESTONEDOJI,bear,trend_up,0.5,34,13,21,38.2,39.2,-0.12,N,-1.48,-0.096,0.67,55.9
CDLGRAVESTONEDOJI,bear,trend_up,0.75,34,14,20,41.2,45.3,-0.49,N,-2.41,-0.136,0.56,38.2
CDLGRAVESTONEDOJI,bear,trend_up,1.0,34,15,19,44.1,48.0,-0.46,N,-3.15,-0.159,0.51,26.5
CDLGRAVESTONEDOJI,bear,trend_up,1.25,34,16,18,47.1,53.4,-0.74,N,-1.81,-0.064,0.68,8.8
CDLGRAVESTONEDOJI,bear,trend_up,1.5,34,16,18,47.1,51.0,-0.46,N,-2.3,-0.086,0.62,8.8
CDLGRAVESTONEDOJI,bear,trend_up,1.75,34,16,18,47.1,48.0,-0.11,N,-2.61,-0.091,0.59,5.9
CDLGRAVESTONEDOJI,bear,trend_up,2.0,34,16,18,47.1,47.8,-0.09,N,-3.02,-0.106,0.56,5.9
CDLGRAVESTONEDOJI,bear,trend_up,2.25,34,16,18,47.1,50.5,-0.4,N,-3.07,-0.105,0.55,2.9
CDLGRAVESTONEDOJI,bear,trend_up,2.5,34,16,18,47.1,46.8,0.03,N,-3.14,-0.107,0.55,0.0
CDLGRAVESTONEDOJI,bear,trend_up,2.75,34,16,18,47.1,51.5,-0.51,N,-3.14,-0.107,0.55,0.0
CDLGRAVESTONEDOJI,bear,trend_up,3.0,34,16,18,47.1,45.1,0.23,N,-3.14,-0.107,0.55,0.0
CDLHIGHWAVE,bull,atr_low,0.5,248,83,165,33.5,32.8,0.21,N,0.8,0.055,1.18,61.3
CDLHIGHWAVE,bull,atr_low,0.75,248,101,147,40.7,42.4,-0.55,N,0.5,0.031,1.09,48.4
CDLHIGHWAVE,bull,atr_low,1.0,248,111,137,44.8,46.6,-0.59,N,0.47,0.033,1.08,34.3
CDLHIGHWAVE,bull,atr_low,1.25,248,116,132,46.8,49.2,-0.75,N,0.69,0.045,1.12,25.4
CDLHIGHWAVE,bull,atr_low,1.5,248,118,130,47.6,49.6,-0.62,N,0.5,0.026,1.08,20.2
CDLHIGHWAVE,bull,atr_low,1.75,248,118,130,47.6,49.4,-0.58,N,0.43,0.019,1.07,14.5
CDLHIGHWAVE,bull,atr_low,2.0,248,118,130,47.6,50.0,-0.76,N,0.16,-0.001,1.02,12.5
CDLHIGHWAVE,bull,atr_low,2.25,248,118,130,47.6,48.6,-0.33,N,0.17,0.003,1.03,9.7
CDLHIGHWAVE,bull,atr_low,2.5,248,118,130,47.6,49.2,-0.5,N,-0.03,-0.011,1.0,8.1
CDLHIGHWAVE,bull,atr_low,2.75,248,118,130,47.6,50.0,-0.77,N,0.21,0.004,1.03,4.4
CDLHIGHWAVE,bull,atr_low,3.0,248,118,130,47.6,52.4,-1.53,N,0.27,0.003,1.04,3.6
CDLENGULFING,bull,atr_high,0.5,81,26,55,32.1,35.1,-0.56,N,-0.62,-0.046,0.89,63.0
CDLENGULFING,bull,atr_high,0.75,81,30,51,37.0,43.5,-1.18,N,-1.92,-0.124,0.72,50.6
CDLENGULFING,bull,atr_high,1.0,81,35,46,43.2,49.1,-1.06,N,-2.19,-0.13,0.72,37.0
CDLENGULFING,bull,atr_high,1.25,81,38,43,46.9,48.8,-0.33,N,-1.47,-0.092,0.8,19.8
CDLENGULFING,bull,atr_high,1.5,81,38,43,46.9,48.1,-0.22,N,-1.68,-0.109,0.78,14.8
CDLENGULFING,bull,atr_high,1.75,81,38,43,46.9,49.7,-0.5,N,-1.86,-0.12,0.76,11.1
CDLENGULFING,bull,atr_high,2.0,81,38,43,46.9,50.7,-0.69,N,-1.75,-0.108,0.77,6.2
CDLENGULFING,bull,atr_high,2.25,81,38,43,46.9,51.7,-0.87,N,-1.89,-0.113,0.75,4.9
CDLENGULFING,bull,atr_high,2.5,81,38,43,46.9,51.9,-0.89,N,-2.05,-0.122,0.74,3.7
CDLENGULFING,bull,atr_high,2.75,81,38,43,46.9,49.7,-0.5,N,-1.92,-0.117,0.75,1.2
CDLENGULFING,bull,atr_high,3.0,81,38,43,46.9,45.8,0.2,N,-1.96,-0.12,0.75,1.2
CDL3OUTSIDE,bull,atr_high,0.5,39,13,26,33.3,32.1,0.17,N,-0.79,-0.072,0.85,64.1
CDL3OUTSIDE,bull,atr_high,0.75,39,16,23,41.0,47.6,-0.83,N,0.2,-0.075,1.03,51.3
CDL3OUTSIDE,bull,atr_high,1.0,39,17,22,43.6,43.8,-0.03,N,-1.02,-0.15,0.86,46.2
CDL3OUTSIDE,bull,atr_high,1.25,39,18,21,46.2,48.7,-0.32,N,0.03,-0.067,1.0,25.6
CDL3OUTSIDE,bull,atr_high,1.5,39,18,21,46.2,51.3,-0.64,N,-0.44,-0.097,0.95,20.5
CDL3OUTSIDE,bull,atr_high,1.75,39,18,21,46.2,55.8,-1.21,N,-0.03,-0.07,1.0,10.3
CDL3OUTSIDE,bull,atr_high,2.0,39,18,21,46.2,49.8,-0.45,N,-0.37,-0.09,0.95,7.7
CDL3OUTSIDE,bull,atr_high,2.25,39,18,21,46.2,46.6,-0.05,N,-0.06,-0.068,0.99,2.6
CDL3OUTSIDE,bull,atr_high,2.5,39,18,21,46.2,49.1,-0.37,N,0.14,-0.052,1.02,0.0
CDL3OUTSIDE,bull,atr_high,2.75,39,18,21,46.2,50.0,-0.48,N,0.14,-0.052,1.02,0.0
CDL3OUTSIDE,bull,atr_high,3.0,39,18,21,46.2,53.6,-0.94,N,0.14,-0.052,1.02,0.0
CDLHIGHWAVE,bear,none,0.5,332,110,222,33.1,34.9,-0.67,N,0.48,nan,1.1,61.4
CDLHIGHWAVE,bear,none,0.75,332,134,198,40.4,39.9,0.17,N,0.56,nan,1.1,45.8
CDLHIGHWAVE,bear,none,1.0,332,146,186,44.0,46.1,-0.78,N,0.49,nan,1.08,33.1
CDLHIGHWAVE,bear,none,1.25,332,152,180,45.8,47.6,-0.67,N,0.54,nan,1.09,25.0
CDLHIGHWAVE,bear,none,1.5,332,155,177,46.7,49.9,-1.17,N,0.33,nan,1.05,20.2
CDLHIGHWAVE,bear,none,1.75,332,156,176,47.0,50.2,-1.15,N,0.44,nan,1.07,13.9
CDLHIGHWAVE,bear,none,2.0,332,156,176,47.0,49.0,-0.74,N,0.15,nan,1.02,11.7
CDLHIGHWAVE,bear,none,2.25,332,157,175,47.3,51.7,-1.59,N,0.31,nan,1.05,8.4
CDLHIGHWAVE,bear,none,2.5,332,157,175,47.3,49.6,-0.83,N,0.11,nan,1.02,7.2
CDLHIGHWAVE,bear,none,2.75,332,157,175,47.3,51.0,-1.34,N,0.22,nan,1.03,4.5
CDLHIGHWAVE,bear,none,3.0,332,157,175,47.3,49.5,-0.82,N,0.32,nan,1.05,3.3
CDLSHORTLINE,bear,trend_up,0.5,245,93,152,38.0,39.1,-0.38,N,0.35,0.024,1.08,54.3
CDLSHORTLINE,bear,trend_up,0.75,245,111,134,45.3,46.1,-0.26,N,0.35,0.011,1.07,37.1
CDLSHORTLINE,bear,trend_up,1.0,245,116,129,47.3,47.2,0.03,N,-0.02,-0.009,1.0,25.3
CDLSHORTLINE,bear,trend_up,1.25,245,119,126,48.6,48.0,0.17,N,-0.22,-0.017,0.96,17.6
CDLSHORTLINE,bear,trend_up,1.5,245,119,126,48.6,49.3,-0.22,N,-0.46,-0.032,0.92,11.8
CDLSHORTLINE,bear,trend_up,1.75,245,120,125,49.0,49.1,-0.05,N,-0.57,-0.035,0.91,7.8
CDLSHORTLINE,bear,trend_up,2.0,245,121,124,49.4,50.4,-0.31,N,-0.44,-0.03,0.93,5.7
CDLSHORTLINE,bear,trend_up,2.25,245,121,124,49.4,49.3,0.03,N,-0.52,-0.035,0.92,3.7
CDLSHORTLINE,bear,trend_up,2.5,245,121,124,49.4,49.3,0.03,N,-0.52,-0.036,0.92,2.4
CDLSHORTLINE,bear,trend_up,2.75,245,121,124,49.4,49.9,-0.17,N,-0.58,-0.039,0.91,2.0
CDLSHORTLINE,bear,trend_up,3.0,245,121,124,49.4,49.2,0.06,N,-0.66,-0.044,0.9,1.6
CDLHARAMI,bear,trend_down,0.5,81,26,55,32.1,31.6,0.1,N,0.43,0.012,1.1,61.7
CDLHARAMI,bear,trend_down,0.75,81,34,47,42.0,42.8,-0.15,N,0.45,-0.004,1.09,45.7
CDLHARAMI,bear,trend_down,1.0,81,36,45,44.4,46.1,-0.3,N,0.16,-0.022,1.03,34.6
CDLHARAMI,bear,trend_down,1.25,81,38,43,46.9,48.8,-0.33,N,0.09,-0.043,1.02,27.2
CDLHARAMI,bear,trend_down,1.5,81,38,43,46.9,49.0,-0.37,N,-0.5,-0.085,0.92,23.5
CDLHARAMI,bear,trend_down,1.75,81,38,43,46.9,48.4,-0.26,N,-0.99,-0.124,0.86,21.0
CDLHARAMI,bear,trend_down,2.0,81,38,43,46.9,48.0,-0.2,N,-1.32,-0.152,0.82,18.5
CDLHARAMI,bear,trend_down,2.25,81,38,43,46.9,49.9,-0.54,N,-1.68,-0.177,0.78,16.0
CDLHARAMI,bear,trend_down,2.5,81,38,43,46.9,48.4,-0.26,N,-2.06,-0.207,0.74,13.6
CDLHARAMI,bear,trend_down,2.75,81,39,42,48.1,49.0,-0.15,N,-1.19,-0.151,0.84,7.4
CDLHARAMI,bear,trend_down,3.0,81,39,42,48.1,50.3,-0.39,N,-1.37,-0.165,0.82,6.2
CDLLONGLINE,bull,trend_up,0.5,214,69,145,32.2,35.9,-1.13,N,-0.18,-0.019,0.96,65.9
CDLLONGLINE,bull,trend_up,0.75,214,90,124,42.1,45.1,-0.88,N,0.02,-0.004,1.0,44.4
CDLLONGLINE,bull,trend_up,1.0,214,101,113,47.2,48.9,-0.51,N,0.15,0.024,1.02,31.3
CDLLONGLINE,bull,trend_up,1.25,214,102,112,47.7,47.9,-0.08,N,0.06,0.017,1.01,20.6
CDLLONGLINE,bull,trend_up,1.5,214,106,108,49.5,51.2,-0.48,N,0.33,0.037,1.05,15.4
CDLLONGLINE,bull,trend_up,1.75,214,106,108,49.5,50.6,-0.31,N,0.24,0.027,1.04,11.2
CDLLONGLINE,bull,trend_up,2.0,214,106,108,49.5,50.5,-0.3,N,0.3,0.026,1.05,6.5
CDLLONGLINE,bull,trend_up,2.25,214,106,108,49.5,49.3,0.08,N,0.26,0.026,1.04,5.1
CDLLONGLINE,bull,trend_up,2.5,214,106,108,49.5,50.5,-0.27,N,0.17,0.019,1.03,4.7
CDLLONGLINE,bull,trend_up,2.75,214,106,108,49.5,49.7,-0.05,N,0.24,0.021,1.04,2.8
CDLLONGLINE,bull,trend_up,3.0,214,106,108,49.5,49.2,0.1,N,0.24,0.02,1.04,1.9
CDLBELTHOLD,bull,atr_low,0.5,303,100,203,33.0,33.4,-0.15,N,0.02,0.013,1.0,62.0
CDLBELTHOLD,bull,atr_low,0.75,303,122,181,40.3,43.7,-1.22,N,0.25,0.022,1.05,44.6
CDLBELTHOLD,bull,atr_low,1.0,303,136,167,44.9,46.6,-0.6,N,0.07,0.021,1.01,34.3
CDLBELTHOLD,bull,atr_low,1.25,303,142,161,46.9,49.7,-0.98,N,0.11,0.018,1.02,23.8
CDLBELTHOLD,bull,atr_low,1.5,303,147,156,48.5,49.4,-0.33,N,0.14,0.026,1.02,18.5
CDLBELTHOLD,bull,atr_low,1.75,303,147,156,48.5,49.8,-0.44,N,0.16,0.021,1.03,11.6
CDLBELTHOLD,bull,atr_low,2.0,303,147,156,48.5,49.7,-0.4,N,0.33,0.035,1.06,5.0
CDLBELTHOLD,bull,atr_low,2.25,303,147,156,48.5,49.1,-0.2,N,0.36,0.039,1.06,3.0
CDLBELTHOLD,bull,atr_low,2.5,303,147,156,48.5,50.3,-0.61,N,0.34,0.036,1.06,2.6
CDLBELTHOLD,bull,atr_low,2.75,303,147,156,48.5,48.3,0.09,N,0.31,0.033,1.06,2.3
CDLBELTHOLD,bull,atr_low,3.0,303,147,156,48.5,49.5,-0.35,N,0.35,0.035,1.06,1.7
CDLLONGLINE,bull,rsi_mid_oversold,0.5,90,32,58,35.6,35.1,0.09,N,1.12,0.028,1.24,60.0
CDLLONGLINE,bull,rsi_mid_oversold,0.75,90,38,52,42.2,44.0,-0.34,N,0.68,-0.001,1.12,46.7
CDLLONGLINE,bull,rsi_mid_oversold,1.0,90,41,49,45.6,47.0,-0.28,N,0.17,-0.014,1.03,34.4
CDLLONGLINE,bull,rsi_mid_oversold,1.25,90,41,49,45.6,48.1,-0.49,N,-0.85,-0.081,0.89,30.0
CDLLONGLINE,bull,rsi_mid_oversold,1.5,90,42,48,46.7,49.3,-0.49,N,-1.07,-0.088,0.86,23.3
CDLLONGLINE,bull,rsi_mid_oversold,1.75,90,44,46,48.9,48.9,0.0,N,-0.1,-0.054,0.99,15.6
CDLLONGLINE,bull,rsi_mid_oversold,2.0,90,44,46,48.9,49.4,-0.09,N,-0.28,-0.057,0.96,7.8
CDLLONGLINE,bull,rsi_mid_oversold,2.25,90,44,46,48.9,50.6,-0.33,N,0.27,-0.018,1.04,4.4
CDLLONGLINE,bull,rsi_mid_oversold,2.5,90,44,46,48.9,48.7,0.04,N,0.26,-0.011,1.04,2.2
CDLLONGLINE,bull,rsi_mid_oversold,2.75,90,44,46,48.9,48.6,0.05,N,0.55,-0.006,1.08,1.1
CDLLONGLINE,bull,rsi_mid_oversold,3.0,90,44,46,48.9,50.6,-0.32,N,0.51,-0.009,1.08,1.1
CDLHAMMER,bull,trend_down,0.5,42,16,26,38.1,45.4,-0.96,N,2.01,0.188,1.48,54.8
CDLHAMMER,bull,trend_down,0.75,42,17,25,40.5,41.7,-0.16,N,1.1,0.125,1.22,40.5
CDLHAMMER,bull,trend_down,1.0,42,18,24,42.9,46.4,-0.46,N,0.56,0.086,1.1,31.0
CDLHAMMER,bull,trend_down,1.25,42,20,22,47.6,47.0,0.08,N,1.67,0.137,1.29,26.2
CDLHAMMER,bull,trend_down,1.5,42,20,22,47.6,50.6,-0.39,N,1.58,0.137,1.27,19.0
CDLHAMMER,bull,trend_down,1.75,42,20,22,47.6,50.0,-0.31,N,1.0,0.093,1.15,16.7
CDLHAMMER,bull,trend_down,2.0,42,20,22,47.6,52.0,-0.57,N,1.45,0.136,1.24,7.1
CDLHAMMER,bull,trend_down,2.25,42,20,22,47.6,47.2,0.05,N,1.19,0.118,1.19,7.1
CDLHAMMER,bull,trend_down,2.5,42,20,22,47.6,47.8,-0.03,N,0.93,0.1,1.14,7.1
CDLHAMMER,bull,trend_down,2.75,42,20,22,47.6,51.2,-0.46,N,1.21,0.139,1.2,4.8
CDLHAMMER,bull,trend_down,3.0,42,20,22,47.6,51.0,-0.44,N,1.01,0.127,1.16,4.8
CDLMARUBOZU,bull,rsi_mid_oversold,0.5,20,7,13,35.0,34.2,0.08,N,0.7,0.034,1.15,55.0
CDLMARUBOZU,bull,rsi_mid_oversold,0.75,20,8,12,40.0,43.3,-0.3,N,0.86,0.016,1.18,35.0
CDLMARUBOZU,bull,rsi_mid_oversold,1.0,20,9,11,45.0,45.8,-0.07,N,0.48,0.009,1.09,30.0
CDLMARUBOZU,bull,rsi_mid_oversold,1.25,20,9,11,45.0,49.2,-0.37,N,0.36,-0.018,1.06,20.0
CDLMARUBOZU,bull,rsi_mid_oversold,1.5,20,9,11,45.0,48.3,-0.3,N,0.67,-0.0,1.13,15.0
CDLMARUBOZU,bull,rsi_mid_oversold,1.75,20,9,11,45.0,52.1,-0.63,N,0.62,0.003,1.12,10.0
CDLMARUBOZU,bull,rsi_mid_oversold,2.0,20,9,11,45.0,48.3,-0.3,N,0.94,0.04,1.19,5.0
CDLMARUBOZU,bull,rsi_mid_oversold,2.25,20,9,11,45.0,49.2,-0.37,N,0.75,0.028,1.15,5.0
CDLMARUBOZU,bull,rsi_mid_oversold,2.5,20,9,11,45.0,54.2,-0.82,N,0.89,0.037,1.18,0.0
CDLMARUBOZU,bull,rsi_mid_oversold,2.75,20,9,11,45.0,53.3,-0.75,N,0.89,0.037,1.18,0.0
CDLMARUBOZU,bull,rsi_mid_oversold,3.0,20,9,11,45.0,50.0,-0.45,N,0.89,0.037,1.18,0.0
CDLHARAMICROSS,bull,trend_down,0.5,21,5,16,23.8,32.9,-0.89,N,0.54,-0.052,1.12,61.9
CDLHARAMICROSS,bull,trend_down,0.75,21,8,13,38.1,41.3,-0.3,N,2.58,0.027,1.66,33.3
CDLHARAMICROSS,bull,trend_down,1.0,21,8,13,38.1,49.2,-1.02,N,1.96,-0.027,1.43,28.6
CDLHARAMICROSS,bull,trend_down,1.25,21,9,12,42.9,55.6,-1.17,N,2.38,-0.005,1.52,23.8
CDLHARAMICROSS,bull,trend_down,1.5,21,9,12,42.9,52.0,-0.84,N,1.99,-0.043,1.4,19.0
CDLHARAMICROSS,bull,trend_down,1.75,21,9,12,42.9,50.8,-0.73,N,1.48,-0.09,1.27,19.0
CDLHARAMICROSS,bull,trend_down,2.0,21,9,12,42.9,54.8,-1.1,N,1.36,-0.107,1.24,14.3
CDLHARAMICROSS,bull,trend_down,2.25,21,9,12,42.9,46.0,-0.29,N,1.47,-0.097,1.27,9.5
CDLHARAMICROSS,bull,trend_down,2.5,21,9,12,42.9,42.1,0.07,N,1.23,-0.121,1.21,9.5
CDLHARAMICROSS,bull,trend_down,2.75,21,9,12,42.9,52.0,-0.84,N,1.28,-0.115,1.22,0.0
CDLHARAMICROSS,bull,trend_down,3.0,21,9,12,42.9,45.2,-0.22,N,1.28,-0.115,1.22,0.0
CDLLONGLINE,bull,trend_down,0.5,259,79,180,30.5,32.7,-0.75,N,-0.07,-0.025,0.98,64.1
CDLLONGLINE,bull,trend_down,0.75,259,101,158,39.0,41.9,-0.95,N,-0.06,-0.015,0.99,46.3
CDLLONGLINE,bull,trend_down,1.0,259,111,148,42.9,43.8,-0.29,N,-0.4,-0.036,0.94,35.5
CDLLONGLINE,bull,trend_down,1.25,259,119,140,45.9,46.0,-0.03,N,0.13,0.004,1.02,24.7
CDLLONGLINE,bull,trend_down,1.5,259,125,134,48.3,48.5,-0.08,N,0.14,0.012,1.02,18.9
CDLLONGLINE,bull,trend_down,1.75,259,128,131,49.4,51.2,-0.56,N,0.69,0.029,1.11,12.0
CDLLONGLINE,bull,trend_down,2.0,259,128,131,49.4,49.5,-0.02,N,0.77,0.038,1.13,6.2
CDLLONGLINE,bull,trend_down,2.25,259,128,131,49.4,51.4,-0.63,N,0.86,0.041,1.15,4.2
CDLLONGLINE,bull,trend_down,2.5,259,128,131,49.4,49.9,-0.14,N,0.84,0.041,1.14,3.1
CDLLONGLINE,bull,trend_down,2.75,259,128,131,49.4,49.6,-0.05,N,0.78,0.037,1.13,2.7
CDLLONGLINE,bull,trend_down,3.0,259,128,131,49.4,49.4,0.02,N,0.83,0.039,1.14,1.9
CDLBELTHOLD,bull,rsi_mid_oversold,0.5,79,29,50,36.7,36.8,-0.02,N,-0.33,-0.017,0.93,59.5
CDLBELTHOLD,bull,rsi_mid_oversold,0.75,79,33,46,41.8,45.6,-0.68,N,-0.8,-0.047,0.86,43.0
CDLBELTHOLD,bull,rsi_mid_oversold,1.0,79,34,45,43.0,46.9,-0.7,N,-1.89,-0.112,0.73,35.4
CDLBELTHOLD,bull,rsi_mid_oversold,1.25,79,34,45,43.0,46.1,-0.55,N,-2.66,-0.163,0.66,27.8
CDLBELTHOLD,bull,rsi_mid_oversold,1.5,79,35,44,44.3,50.7,-1.14,N,-2.93,-0.17,0.64,21.5
CDLBELTHOLD,bull,rsi_mid_oversold,1.75,79,36,43,45.6,50.6,-0.9,N,-2.71,-0.165,0.66,15.2
CDLBELTHOLD,bull,rsi_mid_oversold,2.0,79,36,43,45.6,49.7,-0.73,N,-2.9,-0.167,0.65,7.6
CDLBELTHOLD,bull,rsi_mid_oversold,2.25,79,36,43,45.6,49.5,-0.69,N,-2.55,-0.141,0.67,3.8
CDLBELTHOLD,bull,rsi_mid_oversold,2.5,79,36,43,45.6,50.8,-0.94,N,-2.7,-0.145,0.66,2.5
CDLBELTHOLD,bull,rsi_mid_oversold,2.75,79,36,43,45.6,49.6,-0.71,N,-2.38,-0.14,0.69,1.3
CDLBELTHOLD,bull,rsi_mid_oversold,3.0,79,36,43,45.6,50.3,-0.84,N,-2.43,-0.143,0.69,1.3
CDLSHORTLINE,bear,atr_low,0.5,346,115,231,33.2,35.6,-0.92,N,-0.12,-0.02,0.97,59.5
CDLSHORTLINE,bear,atr_low,0.75,346,146,200,42.2,42.5,-0.11,N,0.05,-0.009,1.01,42.8
CDLSHORTLINE,bear,atr_low,1.0,346,159,187,46.0,48.5,-0.93,N,0.03,-0.004,1.01,28.3
CDLSHORTLINE,bear,atr_low,1.25,346,165,181,47.7,49.0,-0.48,N,-0.13,-0.01,0.98,19.9
CDLSHORTLINE,bear,atr_low,1.5,346,165,181,47.7,47.7,-0.02,N,-0.35,-0.02,0.94,14.2
CDLSHORTLINE,bear,atr_low,1.75,346,166,180,48.0,49.9,-0.73,N,-0.31,-0.015,0.94,8.4
CDLSHORTLINE,bear,atr_low,2.0,346,167,179,48.3,50.7,-0.92,N,-0.26,-0.016,0.95,6.4
CDLSHORTLINE,bear,atr_low,2.25,346,167,179,48.3,48.5,-0.09,N,-0.33,-0.02,0.94,4.6
CDLSHORTLINE,bear,atr_low,2.5,346,167,179,48.3,49.7,-0.53,N,-0.36,-0.024,0.94,3.2
CDLSHORTLINE,bear,atr_low,2.75,346,167,179,48.3,50.0,-0.65,N,-0.36,-0.026,0.94,2.6
CDLSHORTLINE,bear,atr_low,3.0,346,167,179,48.3,50.0,-0.65,N,-0.44,-0.032,0.92,2.0
CDLHARAMI,bear,trend_up,0.5,58,17,41,29.3,33.2,-0.63,N,-0.44,-0.02,0.91,63.8
CDLHARAMI,bear,trend_up,0.75,58,24,34,41.4,41.7,-0.04,N,0.26,0.023,1.05,46.6
CDLHARAMI,bear,trend_up,1.0,58,25,33,43.1,47.3,-0.64,N,-0.28,-0.003,0.95,36.2
CDLHARAMI,bear,trend_up,1.25,58,25,33,43.1,49.4,-0.96,N,-0.89,-0.041,0.87,27.6
CDLHARAMI,bear,trend_up,1.5,58,25,33,43.1,51.3,-1.25,N,-1.15,-0.054,0.83,15.5
CDLHARAMI,bear,trend_up,1.75,58,26,32,44.8,49.1,-0.66,N,-0.92,-0.029,0.86,8.6
CDLHARAMI,bear,trend_up,2.0,58,26,32,44.8,49.7,-0.74,N,-0.97,-0.03,0.86,6.9
CDLHARAMI,bear,trend_up,2.25,58,26,32,44.8,50.0,-0.79,N,-1.26,-0.047,0.82,6.9
CDLHARAMI,bear,trend_up,2.5,58,26,32,44.8,46.7,-0.29,N,-1.27,-0.045,0.82,3.4
CDLHARAMI,bear,trend_up,2.75,58,26,32,44.8,49.0,-0.63,N,-1.22,-0.041,0.83,1.7
CDLHARAMI,bear,trend_up,3.0,58,26,32,44.8,49.7,-0.74,N,-1.27,-0.046,0.82,1.7
CDLINVERTEDHAMMER,bull,none,0.5,26,11,15,42.3,45.2,-0.3,N,4.3,0.238,2.09,53.8
CDLINVERTEDHAMMER,bull,none,0.75,26,12,14,46.2,46.8,-0.07,N,3.93,0.189,1.89,38.5
CDLINVERTEDHAMMER,bull,none,1.0,26,12,14,46.2,48.1,-0.2,N,3.79,0.155,1.83,30.8
CDLINVERTEDHAMMER,bull,none,1.25,26,12,14,46.2,50.6,-0.46,N,3.5,0.136,1.72,23.1
CDLINVERTEDHAMMER,bull,none,1.5,26,12,14,46.2,52.2,-0.62,N,3.45,0.129,1.7,15.4
CDLINVERTEDHAMMER,bull,none,1.75,26,12,14,46.2,48.1,-0.2,N,3.01,0.09,1.56,15.4
CDLINVERTEDHAMMER,bull,none,2.0,26,12,14,46.2,51.0,-0.49,N,2.71,0.063,1.48,11.5
CDLINVERTEDHAMMER,bull,none,2.25,26,12,14,46.2,54.8,-0.89,N,3.1,0.103,1.59,3.8
CDLINVERTEDHAMMER,bull,none,2.5,26,12,14,46.2,50.6,-0.46,N,2.98,0.093,1.56,3.8
CDLINVERTEDHAMMER,bull,none,2.75,26,12,14,46.2,46.8,-0.07,N,2.86,0.084,1.52,3.8
CDLINVERTEDHAMMER,bull,none,3.0,26,12,14,46.2,52.6,-0.65,N,2.74,0.074,1.49,3.8
CDLGRAVESTONEDOJI,bear,trend_down,0.5,25,7,18,28.0,29.0,-0.11,N,-0.49,0.087,0.88,56.0
CDLGRAVESTONEDOJI,bear,trend_down,0.75,25,8,17,32.0,41.3,-0.95,N,-1.26,0.033,0.75,40.0
CDLGRAVESTONEDOJI,bear,trend_down,1.0,25,8,17,32.0,45.0,-1.31,N,-0.98,0.064,0.79,16.0
CDLGRAVESTONEDOJI,bear,trend_down,1.25,25,8,17,32.0,44.7,-1.27,N,-1.41,0.035,0.73,12.0
CDLGRAVESTONEDOJI,bear,trend_down,1.5,25,8,17,32.0,48.0,-1.6,N,-1.42,0.041,0.73,8.0
CDLGRAVESTONEDOJI,bear,trend_down,1.75,25,8,17,32.0,47.0,-1.5,N,-1.61,0.03,0.7,4.0
CDLGRAVESTONEDOJI,bear,trend_down,2.0,25,8,17,32.0,50.7,-1.87,N,-1.78,0.02,0.68,4.0
CDLGRAVESTONEDOJI,bear,trend_down,2.25,25,8,17,32.0,47.0,-1.5,N,-1.78,0.02,0.68,0.0
CDLGRAVESTONEDOJI,bear,trend_down,2.5,25,8,17,32.0,53.3,-2.14,N,-1.78,0.02,0.68,0.0
CDLGRAVESTONEDOJI,bear,trend_down,2.75,25,8,17,32.0,51.3,-1.93,N,-1.78,0.02,0.68,0.0
CDLGRAVESTONEDOJI,bear,trend_down,3.0,25,8,17,32.0,50.0,-1.8,N,-1.78,0.02,0.68,0.0
CDLHIKKAKE,bull,trend_down,0.5,218,73,145,33.5,34.0,-0.15,N,0.44,0.032,1.09,62.8
CDLHIKKAKE,bull,trend_down,0.75,218,87,131,39.9,42.7,-0.84,N,0.02,0.001,1.0,47.7
CDLHIKKAKE,bull,trend_down,1.0,218,91,127,41.7,45.3,-1.05,N,-0.19,-0.02,0.97,33.9
CDLHIKKAKE,bull,trend_down,1.25,218,99,119,45.4,48.3,-0.86,N,0.3,0.017,1.05,22.5
CDLHIKKAKE,bull,trend_down,1.5,218,101,117,46.3,48.4,-0.6,N,0.25,0.02,1.04,17.0
CDLHIKKAKE,bull,trend_down,1.75,218,102,116,46.8,49.2,-0.7,N,0.29,0.021,1.04,12.8
CDLHIKKAKE,bull,trend_down,2.0,218,103,115,47.2,50.3,-0.9,N,0.7,0.042,1.11,6.9
CDLHIKKAKE,bull,trend_down,2.25,218,103,115,47.2,47.7,-0.12,N,0.63,0.034,1.1,5.0
CDLHIKKAKE,bull,trend_down,2.5,218,103,115,47.2,49.4,-0.63,N,0.47,0.023,1.07,4.6
CDLHIKKAKE,bull,trend_down,2.75,218,103,115,47.2,50.5,-0.95,N,0.57,0.03,1.09,2.8
CDLHIKKAKE,bull,trend_down,3.0,218,103,115,47.2,49.2,-0.59,N,0.58,0.027,1.09,2.3
CDLSHORTLINE,bear,rsi_overbought,0.5,26,8,18,30.8,37.8,-0.74,N,-2.99,-0.184,0.44,61.5
CDLSHORTLINE,bear,rsi_overbought,0.75,26,10,16,38.5,41.0,-0.27,N,-2.31,-0.173,0.58,34.6
CDLSHORTLINE,bear,rsi_overbought,1.0,26,12,14,46.2,51.3,-0.52,N,-1.59,-0.127,0.69,19.2
CDLSHORTLINE,bear,rsi_overbought,1.25,26,12,14,46.2,49.4,-0.33,N,-2.35,-0.175,0.6,19.2
CDLSHORTLINE,bear,rsi_overbought,1.5,26,12,14,46.2,48.7,-0.26,N,-3.1,-0.223,0.53,19.2
CDLSHORTLINE,bear,rsi_overbought,1.75,26,12,14,46.2,50.6,-0.46,N,-3.17,-0.221,0.52,11.5
CDLSHORTLINE,bear,rsi_overbought,2.0,26,12,14,46.2,52.6,-0.65,N,-2.67,-0.193,0.57,3.8
CDLSHORTLINE,bear,rsi_overbought,2.25,26,12,14,46.2,47.4,-0.13,N,-2.78,-0.203,0.55,3.8
CDLSHORTLINE,bear,rsi_overbought,2.5,26,12,14,46.2,47.4,-0.13,N,-2.9,-0.212,0.54,3.8
CDLSHORTLINE,bear,rsi_overbought,2.75,26,12,14,46.2,51.6,-0.56,N,-2.69,-0.195,0.56,0.0
CDLSHORTLINE,bear,rsi_overbought,3.0,26,12,14,46.2,47.8,-0.16,N,-2.69,-0.195,0.56,0.0
CDLBELTHOLD,bull,none,0.5,434,146,288,33.6,34.0,-0.14,N,-0.01,0.001,1.0,61.3
CDLBELTHOLD,bull,none,0.75,434,178,256,41.0,42.9,-0.78,N,0.03,0.005,1.0,44.2
CDLBELTHOLD,bull,none,1.0,434,194,240,44.7,45.4,-0.3,N,-0.44,-0.015,0.93,35.3
CDLBELTHOLD,bull,none,1.25,434,204,230,47.0,48.4,-0.57,N,-0.24,-0.002,0.96,24.0
CDLBELTHOLD,bull,none,1.5,434,209,225,48.2,48.9,-0.3,N,-0.32,-0.005,0.95,18.9
CDLBELTHOLD,bull,none,1.75,434,210,224,48.4,50.1,-0.7,N,-0.32,-0.01,0.95,13.1
CDLBELTHOLD,bull,none,2.0,434,210,224,48.4,50.3,-0.78,N,-0.31,-0.005,0.95,7.4
CDLBELTHOLD,bull,none,2.25,434,210,224,48.4,49.7,-0.53,N,-0.33,-0.005,0.95,5.3
CDLBELTHOLD,bull,none,2.5,434,210,224,48.4,50.4,-0.84,N,-0.48,-0.014,0.93,4.8
CDLBELTHOLD,bull,none,2.75,434,210,224,48.4,48.8,-0.19,N,-0.43,-0.015,0.94,3.7
CDLBELTHOLD,bull,none,3.0,434,210,224,48.4,49.6,-0.5,N,-0.33,-0.01,0.95,2.3
CDLGRAVESTONEDOJI,bear,none,0.5,59,20,39,33.9,34.9,-0.16,N,-1.06,-0.019,0.76,55.9
CDLGRAVESTONEDOJI,bear,none,0.75,59,22,37,37.3,42.8,-0.86,N,-1.93,-0.064,0.64,39.0
CDLGRAVESTONEDOJI,bear,none,1.0,59,23,36,39.0,48.7,-1.5,N,-2.23,-0.064,0.61,22.0
CDLGRAVESTONEDOJI,bear,none,1.25,59,24,35,40.7,46.9,-0.96,N,-1.64,-0.022,0.7,10.2
CDLGRAVESTONEDOJI,bear,none,1.5,59,24,35,40.7,49.7,-1.39,N,-1.93,-0.032,0.66,8.5
CDLGRAVESTONEDOJI,bear,none,1.75,59,24,35,40.7,51.1,-1.61,N,-2.18,-0.04,0.63,5.1
CDLGRAVESTONEDOJI,bear,none,2.0,59,24,35,40.7,51.4,-1.65,N,-2.49,-0.053,0.6,5.1
CDLGRAVESTONEDOJI,bear,none,2.25,59,24,35,40.7,49.6,-1.37,N,-2.52,-0.052,0.6,1.7
CDLGRAVESTONEDOJI,bear,none,2.5,59,24,35,40.7,49.0,-1.28,N,-2.56,-0.053,0.6,0.0
CDLGRAVESTONEDOJI,bear,none,2.75,59,24,35,40.7,52.3,-1.78,N,-2.56,-0.053,0.6,0.0
CDLGRAVESTONEDOJI,bear,none,3.0,59,24,35,40.7,49.3,-1.32,N,-2.56,-0.053,0.6,0.0
CDLBELTHOLD,bear,trend_down,0.5,240,76,164,31.7,33.2,-0.49,N,-0.43,-0.019,0.91,62.1
CDLBELTHOLD,bear,trend_down,0.75,240,95,145,39.6,43.7,-1.29,N,-0.31,-0.003,0.94,46.7
CDLBELTHOLD,bear,trend_down,1.0,240,103,137,42.9,46.3,-1.05,N,-1.11,-0.039,0.83,39.2
CDLBELTHOLD,bear,trend_down,1.25,240,111,129,46.2,46.8,-0.17,N,-0.65,-0.013,0.9,26.7
CDLBELTHOLD,bear,trend_down,1.5,240,114,126,47.5,48.7,-0.37,N,-0.87,-0.021,0.87,20.8
CDLBELTHOLD,bear,trend_down,1.75,240,115,125,47.9,50.9,-0.94,N,-0.68,-0.019,0.9,14.2
CDLBELTHOLD,bear,trend_down,2.0,240,115,125,47.9,50.5,-0.79,N,-0.54,-0.002,0.92,6.7
CDLBELTHOLD,bear,trend_down,2.25,240,115,125,47.9,50.2,-0.72,N,-0.54,-0.004,0.92,5.0
CDLBELTHOLD,bear,trend_down,2.5,240,115,125,47.9,50.7,-0.86,N,-0.71,-0.015,0.89,4.6
CDLBELTHOLD,bear,trend_down,2.75,240,115,125,47.9,49.1,-0.36,N,-0.61,-0.009,0.91,2.9
CDLBELTHOLD,bear,trend_down,3.0,240,115,125,47.9,50.7,-0.87,N,-0.47,-0.001,0.93,1.7
CDLHARAMI,bear,none,0.5,140,44,96,31.4,32.1,-0.17,N,0.68,0.014,1.15,62.1
CDLHARAMI,bear,none,0.75,140,59,81,42.1,43.2,-0.24,N,0.99,0.022,1.19,45.7
CDLHARAMI,bear,none,1.0,140,62,78,44.3,46.8,-0.59,N,0.59,0.001,1.1,35.0
CDLHARAMI,bear,none,1.25,140,64,76,45.7,47.1,-0.34,N,0.3,-0.027,1.05,27.1
CDLHARAMI,bear,none,1.5,140,64,76,45.7,47.1,-0.34,N,-0.15,-0.056,0.98,20.0
CDLHARAMI,bear,none,1.75,140,65,75,46.4,50.1,-0.87,N,-0.34,-0.069,0.95,15.7
CDLHARAMI,bear,none,2.0,140,65,75,46.4,48.6,-0.52,N,-0.55,-0.085,0.92,13.6
CDLHARAMI,bear,none,2.25,140,65,75,46.4,47.3,-0.2,N,-0.88,-0.107,0.88,12.1
CDLHARAMI,bear,none,2.5,140,65,75,46.4,48.2,-0.42,N,-1.1,-0.123,0.85,9.3
CDLHARAMI,bear,none,2.75,140,66,74,47.1,48.7,-0.38,N,-0.58,-0.089,0.92,5.0
CDLHARAMI,bear,none,3.0,140,66,74,47.1,50.8,-0.87,N,-0.7,-0.1,0.9,4.3
CDLTAKURI,bull,none,0.5,48,14,34,29.2,30.4,-0.18,N,-1.33,-0.072,0.75,70.8
CDLTAKURI,bull,none,0.75,48,18,30,37.5,42.0,-0.63,N,-2.12,-0.108,0.68,54.2
CDLTAKURI,bull,none,1.0,48,19,29,39.6,45.8,-0.87,N,-2.55,-0.131,0.64,35.4
CDLTAKURI,bull,none,1.25,48,20,28,41.7,50.2,-1.18,N,-2.74,-0.142,0.64,25.0
CDLTAKURI,bull,none,1.5,48,20,28,41.7,47.6,-0.82,N,-3.16,-0.164,0.61,18.8
CDLTAKURI,bull,none,1.75,48,20,28,41.7,51.9,-1.42,N,-1.97,-0.09,0.71,6.2
CDLTAKURI,bull,none,2.0,48,20,28,41.7,49.1,-1.03,N,-1.99,-0.092,0.71,4.2
CDLTAKURI,bull,none,2.25,48,20,28,41.7,51.4,-1.35,N,-1.55,-0.063,0.76,2.1
CDLTAKURI,bull,none,2.5,48,20,28,41.7,51.0,-1.3,N,-1.6,-0.068,0.75,2.1
CDLTAKURI,bull,none,2.75,48,20,28,41.7,51.6,-1.37,N,-1.65,-0.073,0.75,2.1
CDLTAKURI,bull,none,3.0,48,20,28,41.7,51.7,-1.4,N,-1.7,-0.079,0.74,2.1
CDLGRAVESTONEDOJI,bear,atr_low,0.5,41,12,29,29.3,30.7,-0.2,N,-1.7,-0.044,0.63,63.4
CDLGRAVESTONEDOJI,bear,atr_low,0.75,41,14,27,34.1,40.7,-0.85,N,-2.6,-0.098,0.53,43.9
CDLGRAVESTONEDOJI,bear,atr_low,1.0,41,15,26,36.6,44.1,-0.97,N,-2.63,-0.082,0.54,22.0
CDLGRAVESTONEDOJI,bear,atr_low,1.25,41,16,25,39.0,47.8,-1.12,N,-1.25,0.003,0.74,4.9
CDLGRAVESTONEDOJI,bear,atr_low,1.5,41,16,25,39.0,45.9,-0.89,N,-1.12,0.013,0.76,2.4
CDLGRAVESTONEDOJI,bear,atr_low,1.75,41,16,25,39.0,53.9,-1.91,N,-1.04,0.021,0.77,0.0
CDLGRAVESTONEDOJI,bear,atr_low,2.0,41,16,25,39.0,50.0,-1.41,N,-1.04,0.021,0.77,0.0
CDLGRAVESTONEDOJI,bear,atr_low,2.25,41,16,25,39.0,48.4,-1.2,N,-1.04,0.021,0.77,0.0
CDLGRAVESTONEDOJI,bear,atr_low,2.5,41,16,25,39.0,50.2,-1.43,N,-1.04,0.021,0.77,0.0
CDLGRAVESTONEDOJI,bear,atr_low,2.75,41,16,25,39.0,48.8,-1.25,N,-1.04,0.021,0.77,0.0
CDLGRAVESTONEDOJI,bear,atr_low,3.0,41,16,25,39.0,48.4,-1.2,N,-1.04,0.021,0.77,0.0
CDLXSIDEGAP3METHODS,bear,atr_low,0.5,26,8,18,30.8,32.7,-0.21,N,0.78,-0.015,1.18,57.7
CDLXSIDEGAP3METHODS,bear,atr_low,0.75,26,9,17,34.6,40.4,-0.6,N,-0.56,-0.124,0.9,50.0
CDLXSIDEGAP3METHODS,bear,atr_low,1.0,26,9,17,34.6,47.1,-1.28,N,-1.1,-0.187,0.83,38.5
CDLXSIDEGAP3METHODS,bear,atr_low,1.25,26,10,16,38.5,48.7,-1.05,N,-1.3,-0.232,0.8,34.6
CDLXSIDEGAP3METHODS,bear,atr_low,1.5,26,10,16,38.5,46.2,-0.79,N,-2.3,-0.316,0.7,30.8
CDLXSIDEGAP3METHODS,bear,atr_low,1.75,26,10,16,38.5,48.7,-1.05,N,-2.6,-0.339,0.67,23.1
CDLXSIDEGAP3METHODS,bear,atr_low,2.0,26,10,16,38.5,52.6,-1.44,N,-2.16,-0.287,0.71,11.5
CDLXSIDEGAP3METHODS,bear,atr_low,2.25,26,10,16,38.5,45.8,-0.75,N,-2.55,-0.315,0.68,11.5
CDLXSIDEGAP3METHODS,bear,atr_low,2.5,26,10,16,38.5,51.0,-1.27,N,-2.06,-0.27,0.72,3.8
CDLXSIDEGAP3METHODS,bear,atr_low,2.75,26,10,16,38.5,55.1,-1.71,N,-0.77,-0.19,0.87,0.0
CDLXSIDEGAP3METHODS,bear,atr_low,3.0,26,10,16,38.5,45.8,-0.75,N,-0.77,-0.19,0.87,0.0
CDLHIGHWAVE,bull,atr_high,0.5,76,24,52,31.6,37.0,-0.97,N,-1.28,-0.053,0.77,63.2
CDLHIGHWAVE,bull,atr_high,0.75,76,29,47,38.2,41.8,-0.64,N,-0.99,-0.045,0.83,40.8
CDLHIGHWAVE,bull,atr_high,1.0,76,31,45,40.8,46.9,-1.07,N,-1.09,-0.049,0.83,31.6
CDLHIGHWAVE,bull,atr_high,1.25,76,32,44,42.1,49.3,-1.26,N,-1.51,-0.082,0.78,25.0
CDLHIGHWAVE,bull,atr_high,1.5,76,33,43,43.4,47.8,-0.77,N,-1.66,-0.096,0.77,21.1
CDLHIGHWAVE,bull,atr_high,1.75,76,34,42,44.7,48.9,-0.73,N,-1.4,-0.076,0.8,13.2
CDLHIGHWAVE,bull,atr_high,2.0,76,34,42,44.7,52.3,-1.32,N,-1.81,-0.098,0.76,10.5
CDLHIGHWAVE,bull,atr_high,2.25,76,35,41,46.1,50.0,-0.69,N,-1.13,-0.051,0.84,5.3
CDLHIGHWAVE,bull,atr_high,2.5,76,35,41,46.1,47.8,-0.31,N,-1.4,-0.064,0.81,5.3
CDLHIGHWAVE,bull,atr_high,2.75,76,35,41,46.1,49.1,-0.54,N,-1.66,-0.077,0.78,5.3
CDLHIGHWAVE,bull,atr_high,3.0,76,35,41,46.1,47.5,-0.25,N,-1.45,-0.059,0.8,2.6
CDLHAMMER,bull,none,0.5,66,24,42,36.4,40.3,-0.65,N,0.34,0.077,1.07,57.6
CDLHAMMER,bull,none,0.75,66,25,41,37.9,44.9,-1.15,N,-0.65,0.011,0.88,42.4
CDLHAMMER,bull,none,1.0,66,27,39,40.9,45.7,-0.78,N,-0.6,0.0,0.9,28.8
CDLHAMMER,bull,none,1.25,66,30,36,45.5,48.9,-0.55,N,0.11,0.04,1.02,22.7
CDLHAMMER,bull,none,1.5,66,30,36,45.5,48.1,-0.43,N,0.11,0.047,1.02,15.2
CDLHAMMER,bull,none,1.75,66,30,36,45.5,51.5,-0.99,N,-0.08,0.034,0.99,12.1
CDLHAMMER,bull,none,2.0,66,30,36,45.5,48.9,-0.55,N,0.16,0.057,1.03,6.1
CDLHAMMER,bull,none,2.25,66,30,36,45.5,48.1,-0.43,N,-0.06,0.042,0.99,6.1
CDLHAMMER,bull,none,2.5,66,30,36,45.5,49.4,-0.64,N,-0.28,0.027,0.96,6.1
CDLHAMMER,bull,none,2.75,66,30,36,45.5,48.5,-0.49,N,-0.16,0.048,0.98,4.5
CDLHAMMER,bull,none,3.0,66,30,36,45.5,47.2,-0.29,N,-0.34,0.037,0.95,4.5
CDLHARAMICROSS,bull,atr_low,0.5,27,8,19,29.6,32.4,-0.31,N,0.76,-0.027,1.19,63.0
CDLHARAMICROSS,bull,atr_low,0.75,27,10,17,37.0,44.1,-0.74,N,0.43,-0.065,1.09,48.1
CDLHARAMICROSS,bull,atr_low,1.0,27,10,17,37.0,51.5,-1.51,N,0.2,-0.09,1.04,33.3
CDLHARAMICROSS,bull,atr_low,1.25,27,11,16,40.7,50.6,-1.03,N,0.68,-0.058,1.13,22.2
CDLHARAMICROSS,bull,atr_low,1.5,27,11,16,40.7,54.0,-1.38,N,0.24,-0.097,1.04,18.5
CDLHARAMICROSS,bull,atr_low,1.75,27,11,16,40.7,58.0,-1.82,N,-0.3,-0.143,0.95,18.5
CDLHARAMICROSS,bull,atr_low,2.0,27,11,16,40.7,48.1,-0.77,N,0.12,-0.123,1.02,11.1
CDLHARAMICROSS,bull,atr_low,2.25,27,11,16,40.7,47.5,-0.71,N,0.2,-0.115,1.04,7.4
CDLHARAMICROSS,bull,atr_low,2.5,27,11,16,40.7,47.5,-0.71,N,0.02,-0.133,1.0,7.4
CDLHARAMICROSS,bull,atr_low,2.75,27,11,16,40.7,44.4,-0.39,N,0.06,-0.129,1.01,0.0
CDLHARAMICROSS,bull,atr_low,3.0,27,11,16,40.7,48.1,-0.77,N,0.06,-0.129,1.01,0.0
CDLEVENINGSTAR,bear,none,0.5,21,5,16,23.8,31.0,-0.71,N,-2.74,-0.134,0.47,71.4
CDLEVENINGSTAR,bear,none,0.75,21,7,14,33.3,41.7,-0.77,N,-3.35,-0.18,0.47,57.1
CDLEVENINGSTAR,bear,none,1.0,21,9,12,42.9,46.8,-0.36,N,-2.02,-0.086,0.64,33.3
CDLEVENINGSTAR,bear,none,1.25,21,9,12,42.9,50.8,-0.73,N,-1.83,-0.077,0.66,19.0
CDLEVENINGSTAR,bear,none,1.5,21,9,12,42.9,50.8,-0.73,N,-2.47,-0.124,0.59,19.0
CDLEVENINGSTAR,bear,none,1.75,21,9,12,42.9,49.2,-0.58,N,-2.86,-0.15,0.55,14.3
CDLEVENINGSTAR,bear,none,2.0,21,9,12,42.9,50.0,-0.65,N,-2.3,-0.092,0.6,4.8
CDLEVENINGSTAR,bear,none,2.25,21,9,12,42.9,48.8,-0.55,N,-2.54,-0.104,0.58,4.8
CDLEVENINGSTAR,bear,none,2.5,21,9,12,42.9,56.7,-1.28,N,-2.78,-0.116,0.56,4.8
CDLEVENINGSTAR,bear,none,2.75,21,9,12,42.9,51.2,-0.76,N,-2.31,-0.092,0.6,0.0
CDLEVENINGSTAR,bear,none,3.0,21,9,12,42.9,48.4,-0.51,N,-2.31,-0.092,0.6,0.0
CDLHIGHWAVE,bull,trend_down,0.5,190,57,133,30.0,31.2,-0.37,N,0.84,0.049,1.18,65.3
CDLHIGHWAVE,bull,trend_down,0.75,190,67,123,35.3,39.4,-1.16,N,0.2,0.001,1.04,52.1
CDLHIGHWAVE,bull,trend_down,1.0,190,75,115,39.5,45.5,-1.66,N,0.23,0.013,1.04,36.8
CDLHIGHWAVE,bull,trend_down,1.25,190,80,110,42.1,45.2,-0.86,N,0.71,0.038,1.12,26.3
CDLHIGHWAVE,bull,trend_down,1.5,190,83,107,43.7,48.4,-1.31,N,0.55,0.026,1.09,21.1
CDLHIGHWAVE,bull,trend_down,1.75,190,84,106,44.2,49.0,-1.33,N,0.59,0.023,1.09,15.8
CDLHIGHWAVE,bull,trend_down,2.0,190,84,106,44.2,47.6,-0.93,N,0.19,-0.009,1.03,14.2
CDLHIGHWAVE,bull,trend_down,2.25,190,85,105,44.7,49.3,-1.26,N,0.48,0.014,1.07,10.0
CDLHIGHWAVE,bull,trend_down,2.5,190,85,105,44.7,47.5,-0.77,N,0.23,-0.006,1.03,8.9
CDLHIGHWAVE,bull,trend_down,2.75,190,85,105,44.7,51.1,-1.75,N,0.36,0.006,1.05,5.8
CDLHIGHWAVE,bull,trend_down,3.0,190,85,105,44.7,49.2,-1.22,N,0.43,0.005,1.07,4.7
CDLGRAVESTONEDOJI,bear,rsi_mid_overbought,0.5,28,8,20,28.6,32.4,-0.44,N,-2.04,-0.159,0.56,60.7
CDLGRAVESTONEDOJI,bear,rsi_mid_overbought,0.75,28,9,19,32.1,46.4,-1.52,N,-2.47,-0.173,0.52,35.7
CDLGRAVESTONEDOJI,bear,rsi_mid_overbought,1.0,28,9,19,32.1,48.8,-1.76,N,-3.39,-0.224,0.44,25.0
CDLGRAVESTONEDOJI,bear,rsi_mid_overbought,1.25,28,10,18,35.7,50.9,-1.61,N,-2.37,-0.131,0.59,10.7
CDLGRAVESTONEDOJI,bear,rsi_mid_overbought,1.5,28,10,18,35.7,50.3,-1.54,N,-2.98,-0.157,0.53,10.7
CDLGRAVESTONEDOJI,bear,rsi_mid_overbought,1.75,28,10,18,35.7,47.3,-1.23,N,-3.35,-0.164,0.5,7.1
CDLGRAVESTONEDOJI,bear,rsi_mid_overbought,2.0,28,10,18,35.7,56.5,-2.22,N,-3.85,-0.182,0.47,7.1
CDLGRAVESTONEDOJI,bear,rsi_mid_overbought,2.25,28,10,18,35.7,50.0,-1.51,N,-3.91,-0.181,0.46,3.6
CDLGRAVESTONEDOJI,bear,rsi_mid_overbought,2.5,28,10,18,35.7,45.2,-1.01,N,-3.99,-0.184,0.46,0.0
CDLGRAVESTONEDOJI,bear,rsi_mid_overbought,2.75,28,10,18,35.7,49.1,-1.42,N,-3.99,-0.184,0.46,0.0
CDLGRAVESTONEDOJI,bear,rsi_mid_overbought,3.0,28,10,18,35.7,48.5,-1.35,N,-3.99,-0.184,0.46,0.0
CDLHAMMER,bull,trend_up,0.5,24,8,16,33.3,42.7,-0.93,N,-2.58,-0.118,0.53,62.5
CDLHAMMER,bull,trend_up,0.75,24,8,16,33.3,46.2,-1.26,N,-3.72,-0.19,0.44,45.8
CDLHAMMER,bull,trend_up,1.0,24,9,15,37.5,47.9,-1.02,N,-2.64,-0.15,0.59,25.0
CDLHAMMER,bull,trend_up,1.25,24,10,14,41.7,51.0,-0.92,N,-2.61,-0.129,0.6,16.7
CDLHAMMER,bull,trend_up,1.5,24,10,14,41.7,48.3,-0.65,N,-2.45,-0.11,0.62,8.3
CDLHAMMER,bull,trend_up,1.75,24,10,14,41.7,56.6,-1.48,N,-1.96,-0.07,0.67,4.2
CDLHAMMER,bull,trend_up,2.0,24,10,14,41.7,52.1,-1.02,N,-2.11,-0.08,0.65,4.2
CDLHAMMER,bull,trend_up,2.25,24,10,14,41.7,49.0,-0.71,N,-2.25,-0.09,0.64,4.2
CDLHAMMER,bull,trend_up,2.5,24,10,14,41.7,52.8,-1.09,N,-2.4,-0.101,0.62,4.2
CDLHAMMER,bull,trend_up,2.75,24,10,14,41.7,50.3,-0.85,N,-2.55,-0.111,0.61,4.2
CDLHAMMER,bull,trend_up,3.0,24,10,14,41.7,46.5,-0.48,N,-2.7,-0.122,0.59,4.2
CDLHARAMI,bear,rsi_mid_overbought,0.5,32,8,24,25.0,31.2,-0.76,N,-2.15,-0.133,0.57,68.8
CDLHARAMI,bear,rsi_mid_overbought,0.75,32,12,20,37.5,41.9,-0.51,N,-0.59,-0.045,0.89,46.9
CDLHARAMI,bear,rsi_mid_overbought,1.0,32,13,19,40.6,47.1,-0.74,N,-0.57,-0.023,0.9,34.4
CDLHARAMI,bear,rsi_mid_overbought,1.25,32,14,18,43.8,49.7,-0.68,N,-0.37,0.006,0.94,21.9
CDLHARAMI,bear,rsi_mid_overbought,1.5,32,14,18,43.8,54.4,-1.21,N,-0.51,-0.005,0.92,12.5
CDLHARAMI,bear,rsi_mid_overbought,1.75,32,14,18,43.8,51.6,-0.88,N,-0.6,-0.002,0.9,9.4
CDLHARAMI,bear,rsi_mid_overbought,2.0,32,14,18,43.8,53.1,-1.06,N,-1.03,-0.025,0.84,9.4
CDLHARAMI,bear,rsi_mid_overbought,2.25,32,14,18,43.8,52.6,-1.0,N,-1.47,-0.049,0.79,9.4
CDLHARAMI,bear,rsi_mid_overbought,2.5,32,14,18,43.8,51.0,-0.83,N,-1.37,-0.036,0.8,3.1
CDLHARAMI,bear,rsi_mid_overbought,2.75,32,14,18,43.8,53.6,-1.12,N,-1.46,-0.044,0.79,3.1
CDLHARAMI,bear,rsi_mid_overbought,3.0,32,14,18,43.8,50.0,-0.71,N,-1.55,-0.052,0.78,3.1
CDLENGULFING,bull,rsi_mid_oversold,0.5,63,18,45,28.6,34.1,-0.93,N,-0.66,-0.06,0.87,66.7
CDLENGULFING,bull,rsi_mid_oversold,0.75,63,22,41,34.9,40.9,-0.96,N,-1.45,-0.119,0.77,52.4
CDLENGULFING,bull,rsi_mid_oversold,1.0,63,26,37,41.3,46.3,-0.8,N,-1.62,-0.123,0.77,41.3
CDLENGULFING,bull,rsi_mid_oversold,1.25,63,27,36,42.9,50.9,-1.28,N,-2.21,-0.182,0.72,34.9
CDLENGULFING,bull,rsi_mid_oversold,1.5,63,27,36,42.9,49.7,-1.09,N,-2.79,-0.244,0.67,30.2
CDLENGULFING,bull,rsi_mid_oversold,1.75,63,28,35,44.4,49.5,-0.8,N,-1.24,-0.164,0.84,20.6
CDLENGULFING,bull,rsi_mid_oversold,2.0,63,28,35,44.4,51.6,-1.13,N,-0.7,-0.119,0.91,7.9
CDLENGULFING,bull,rsi_mid_oversold,2.25,63,28,35,44.4,52.0,-1.2,N,-0.5,-0.108,0.93,6.3
CDLENGULFING,bull,rsi_mid_oversold,2.5,63,28,35,44.4,47.8,-0.53,N,-0.69,-0.124,0.91,6.3
CDLENGULFING,bull,rsi_mid_oversold,2.75,63,28,35,44.4,48.1,-0.59,N,-0.72,-0.126,0.9,4.8
CDLENGULFING,bull,rsi_mid_oversold,3.0,63,28,35,44.4,49.2,-0.76,N,-0.86,-0.138,0.89,4.8
CDLXSIDEGAP3METHODS,bear,none,0.5,30,8,22,26.7,31.4,-0.56,N,-0.3,-0.079,0.94,63.3
CDLXSIDEGAP3METHODS,bear,none,0.75,30,9,21,30.0,35.3,-0.6,N,-1.79,-0.199,0.72,53.3
CDLXSIDEGAP3METHODS,bear,none,1.0,30,10,20,33.3,40.0,-0.75,N,-1.75,-0.218,0.73,36.7
CDLXSIDEGAP3METHODS,bear,none,1.25,30,11,19,36.7,49.2,-1.37,N,-2.01,-0.265,0.7,33.3
CDLXSIDEGAP3METHODS,bear,none,1.5,30,11,19,36.7,53.6,-1.86,N,-2.97,-0.346,0.61,30.0
CDLXSIDEGAP3METHODS,bear,none,1.75,30,11,19,36.7,51.7,-1.64,N,-3.32,-0.374,0.59,23.3
CDLXSIDEGAP3METHODS,bear,none,2.0,30,11,19,36.7,50.3,-1.49,N,-3.03,-0.337,0.61,13.3
CDLXSIDEGAP3METHODS,bear,none,2.25,30,11,19,36.7,50.0,-1.46,N,-2.76,-0.306,0.63,10.0
CDLXSIDEGAP3METHODS,bear,none,2.5,30,11,19,36.7,46.4,-1.07,N,-2.33,-0.266,0.67,3.3
CDLXSIDEGAP3METHODS,bear,none,2.75,30,11,19,36.7,49.4,-1.4,N,-1.21,-0.197,0.8,0.0
CDLXSIDEGAP3METHODS,bear,none,3.0,30,11,19,36.7,48.9,-1.34,N,-1.21,-0.197,0.8,0.0
CDLBELTHOLD,bear,rsi_mid_overbought,0.5,59,18,41,30.5,35.2,-0.75,N,-1.21,-0.076,0.74,64.4
CDLBELTHOLD,bear,rsi_mid_overbought,0.75,59,23,36,39.0,45.1,-0.94,N,-1.53,-0.117,0.73,50.8
CDLBELTHOLD,bear,rsi_mid_overbought,1.0,59,24,35,40.7,45.3,-0.72,N,-2.24,-0.166,0.65,39.0
CDLBELTHOLD,bear,rsi_mid_overbought,1.25,59,25,34,42.4,46.2,-0.59,N,-1.76,-0.13,0.71,25.4
CDLBELTHOLD,bear,rsi_mid_overbought,1.5,59,25,34,42.4,49.6,-1.11,N,-2.32,-0.171,0.65,20.3
CDLBELTHOLD,bear,rsi_mid_overbought,1.75,59,25,34,42.4,51.0,-1.32,N,-2.16,-0.166,0.67,10.2
CDLBELTHOLD,bear,rsi_mid_overbought,2.0,59,25,34,42.4,50.7,-1.28,N,-2.3,-0.175,0.66,6.8
CDLBELTHOLD,bear,rsi_mid_overbought,2.25,59,25,34,42.4,51.1,-1.35,N,-1.97,-0.143,0.69,1.7
CDLBELTHOLD,bear,rsi_mid_overbought,2.5,59,25,34,42.4,53.8,-1.76,N,-2.03,-0.147,0.68,1.7
CDLBELTHOLD,bear,rsi_mid_overbought,2.75,59,25,34,42.4,49.9,-1.15,N,-2.09,-0.152,0.68,1.7
CDLBELTHOLD,bear,rsi_mid_overbought,3.0,59,25,34,42.4,50.3,-1.22,N,-1.84,-0.135,0.7,0.0
CDLDRAGONFLYDOJI,bull,none,0.5,49,14,35,28.6,33.5,-0.73,N,-1.35,-0.073,0.74,69.4
CDLDRAGONFLYDOJI,bull,none,0.75,49,18,31,36.7,44.4,-1.08,N,-2.12,-0.109,0.67,53.1
CDLDRAGONFLYDOJI,bull,none,1.0,49,19,30,38.8,47.4,-1.22,N,-2.55,-0.132,0.64,34.7
CDLDRAGONFLYDOJI,bull,none,1.25,49,20,29,40.8,50.0,-1.29,N,-2.72,-0.142,0.64,24.5
CDLDRAGONFLYDOJI,bull,none,1.5,49,20,29,40.8,49.7,-1.24,N,-3.14,-0.164,0.6,18.4
CDLDRAGONFLYDOJI,bull,none,1.75,49,20,29,40.8,50.7,-1.38,N,-1.97,-0.091,0.71,6.1
CDLDRAGONFLYDOJI,bull,none,2.0,49,20,29,40.8,48.5,-1.07,N,-1.99,-0.094,0.71,4.1
CDLDRAGONFLYDOJI,bull,none,2.25,49,20,29,40.8,51.0,-1.43,N,-1.56,-0.065,0.75,2.0
CDLDRAGONFLYDOJI,bull,none,2.5,49,20,29,40.8,52.6,-1.64,N,-1.61,-0.07,0.75,2.0
CDLDRAGONFLYDOJI,bull,none,2.75,49,20,29,40.8,51.0,-1.43,N,-1.66,-0.075,0.74,2.0
CDLDRAGONFLYDOJI,bull,none,3.0,49,20,29,40.8,47.3,-0.91,N,-1.71,-0.08,0.74,2.0
CDLHARAMICROSS,bear,none,0.5,36,9,27,25.0,31.0,-0.78,N,1.54,-0.034,1.34,58.3
CDLHARAMICROSS,bear,none,0.75,36,13,23,36.1,43.1,-0.84,N,2.4,-0.004,1.5,38.9
CDLHARAMICROSS,bear,none,1.0,36,13,23,36.1,49.1,-1.56,N,1.99,-0.03,1.38,27.8
CDLHARAMICROSS,bear,none,1.25,36,14,22,38.9,50.2,-1.36,N,2.13,-0.013,1.4,19.4
CDLHARAMICROSS,bear,none,1.5,36,14,22,38.9,48.6,-1.17,N,1.57,-0.049,1.27,16.7
CDLHARAMICROSS,bear,none,1.75,36,14,22,38.9,49.8,-1.31,N,0.94,-0.091,1.14,16.7
CDLHARAMICROSS,bear,none,2.0,36,14,22,38.9,51.6,-1.53,N,1.02,-0.083,1.16,11.1
CDLHARAMICROSS,bear,none,2.25,36,14,22,38.9,48.8,-1.19,N,0.85,-0.083,1.13,8.3
CDLHARAMICROSS,bear,none,2.5,36,14,22,38.9,52.1,-1.58,N,0.65,-0.099,1.1,5.6
CDLHARAMICROSS,bear,none,2.75,36,14,22,38.9,48.6,-1.17,N,0.68,-0.096,1.1,0.0
CDLHARAMICROSS,bear,none,3.0,36,14,22,38.9,51.4,-1.5,N,0.68,-0.096,1.1,0.0
CDLDOJI,bull,trend_up,0.5,168,57,111,33.9,37.4,-0.93,N,-0.81,-0.076,0.83,59.5
CDLDOJI,bull,trend_up,0.75,168,68,100,40.5,44.2,-0.98,N,-0.86,-0.089,0.84,39.9
CDLDOJI,bull,trend_up,1.0,168,72,96,42.9,46.4,-0.92,N,-1.15,-0.108,0.8,29.8
CDLDOJI,bull,trend_up,1.25,168,75,93,44.6,50.3,-1.48,N,-1.02,-0.1,0.83,20.8
CDLDOJI,bull,trend_up,1.5,168,75,93,44.6,49.1,-1.14,N,-1.41,-0.121,0.78,15.5
CDLDOJI,bull,trend_up,1.75,168,75,93,44.6,51.4,-1.75,N,-0.95,-0.1,0.84,8.9
CDLDOJI,bull,trend_up,2.0,168,75,93,44.6,50.6,-1.54,N,-0.9,-0.095,0.85,6.0
CDLDOJI,bull,trend_up,2.25,168,75,93,44.6,49.9,-1.36,N,-0.65,-0.076,0.89,3.6
CDLDOJI,bull,trend_up,2.5,168,75,93,44.6,49.5,-1.26,N,-0.73,-0.081,0.87,3.0
CDLDOJI,bull,trend_up,2.75,168,75,93,44.6,50.0,-1.39,N,-0.55,-0.075,0.9,2.4
CDLDOJI,bull,trend_up,3.0,168,75,93,44.6,50.2,-1.44,N,-0.62,-0.081,0.89,2.4
CDLLONGLINE,bull,atr_low,0.5,333,93,240,27.9,32.5,-1.77,N,-1.09,-0.077,0.78,68.8
CDLLONGLINE,bull,atr_low,0.75,333,123,210,36.9,41.7,-1.75,N,-1.07,-0.077,0.81,48.9
CDLLONGLINE,bull,atr_low,1.0,333,138,195,41.4,47.2,-2.1,N,-1.22,-0.08,0.8,36.0
CDLLONGLINE,bull,atr_low,1.25,333,142,191,42.6,48.7,-2.21,N,-1.33,-0.086,0.8,26.4
CDLLONGLINE,bull,atr_low,1.5,333,152,181,45.6,49.8,-1.52,N,-1.0,-0.057,0.84,19.2
CDLLONGLINE,bull,atr_low,1.75,333,153,180,45.9,49.9,-1.44,N,-0.95,-0.061,0.85,12.3
CDLLONGLINE,bull,atr_low,2.0,333,153,180,45.9,48.6,-0.97,N,-0.87,-0.055,0.86,6.6
CDLLONGLINE,bull,atr_low,2.25,333,153,180,45.9,49.3,-1.22,N,-0.84,-0.053,0.87,4.5
CDLLONGLINE,bull,atr_low,2.5,333,153,180,45.9,49.9,-1.46,N,-0.85,-0.053,0.87,3.6
CDLLONGLINE,bull,atr_low,2.75,333,153,180,45.9,50.3,-1.59,N,-0.83,-0.055,0.87,2.7
CDLLONGLINE,bull,atr_low,3.0,333,153,180,45.9,50.4,-1.63,N,-0.82,-0.054,0.87,2.1
CDLHAMMER,bull,atr_high,0.5,22,6,16,27.3,46.6,-1.82,N,-3.39,-0.176,0.47,63.6
CDLHAMMER,bull,atr_high,0.75,22,7,15,31.8,49.6,-1.67,N,-4.43,-0.211,0.4,40.9
CDLHAMMER,bull,atr_high,1.0,22,8,14,36.4,48.9,-1.17,N,-2.87,-0.138,0.57,18.2
CDLHAMMER,bull,atr_high,1.25,22,8,14,36.4,51.1,-1.39,N,-3.51,-0.173,0.52,13.6
CDLHAMMER,bull,atr_high,1.5,22,8,14,36.4,47.0,-1.0,N,-4.13,-0.207,0.48,13.6
CDLHAMMER,bull,atr_high,1.75,22,8,14,36.4,53.4,-1.6,N,-4.74,-0.241,0.45,13.6
CDLHAMMER,bull,atr_high,2.0,22,8,14,36.4,50.8,-1.35,N,-5.14,-0.261,0.43,9.1
CDLHAMMER,bull,atr_high,2.25,22,8,14,36.4,49.6,-1.24,N,-5.59,-0.283,0.41,9.1
CDLHAMMER,bull,atr_high,2.5,22,8,14,36.4,49.2,-1.21,N,-6.04,-0.306,0.39,9.1
CDLHAMMER,bull,atr_high,2.75,22,8,14,36.4,50.4,-1.31,N,-6.49,-0.329,0.37,9.1
CDLHAMMER,bull,atr_high,3.0,22,8,14,36.4,51.5,-1.42,N,-6.94,-0.351,0.36,9.1
CDLLONGLEGGEDDOJI,bull,trend_up,0.5,168,57,111,33.9,38.2,-1.14,N,-0.81,-0.076,0.83,59.5
CDLLONGLEGGEDDOJI,bull,trend_up,0.75,168,68,100,40.5,44.9,-1.16,N,-0.86,-0.089,0.84,39.9
CDLLONGLEGGEDDOJI,bull,trend_up,1.0,168,72,96,42.9,48.7,-1.5,N,-1.15,-0.108,0.8,29.8
CDLLONGLEGGEDDOJI,bull,trend_up,1.25,168,75,93,44.6,50.5,-1.52,N,-1.02,-0.1,0.83,20.8
CDLLONGLEGGEDDOJI,bull,trend_up,1.5,168,75,93,44.6,50.7,-1.57,N,-1.41,-0.121,0.78,15.5
CDLLONGLEGGEDDOJI,bull,trend_up,1.75,168,75,93,44.6,50.0,-1.38,N,-0.95,-0.1,0.84,8.9
CDLLONGLEGGEDDOJI,bull,trend_up,2.0,168,75,93,44.6,50.4,-1.5,N,-0.9,-0.095,0.85,6.0
CDLLONGLEGGEDDOJI,bull,trend_up,2.25,168,75,93,44.6,49.6,-1.27,N,-0.65,-0.076,0.89,3.6
CDLLONGLEGGEDDOJI,bull,trend_up,2.5,168,75,93,44.6,50.9,-1.62,N,-0.73,-0.081,0.87,3.0
CDLLONGLEGGEDDOJI,bull,trend_up,2.75,168,75,93,44.6,50.2,-1.45,N,-0.55,-0.075,0.9,2.4
CDLLONGLEGGEDDOJI,bull,trend_up,3.0,168,75,93,44.6,48.8,-1.07,N,-0.62,-0.081,0.89,2.4
CDLTAKURI,bull,atr_low,0.5,27,5,22,18.5,30.2,-1.33,N,-2.15,-0.135,0.6,81.5
CDLTAKURI,bull,atr_low,0.75,27,6,21,22.2,34.9,-1.38,N,-4.11,-0.253,0.47,74.1
CDLTAKURI,bull,atr_low,1.0,27,7,20,25.9,51.9,-2.7,N,-4.2,-0.25,0.48,44.4
CDLTAKURI,bull,atr_low,1.25,27,7,20,25.9,51.5,-2.66,N,-5.69,-0.355,0.41,40.7
CDLTAKURI,bull,atr_low,1.5,27,7,20,25.9,50.0,-2.5,N,-6.28,-0.386,0.39,29.6
CDLTAKURI,bull,atr_low,1.75,27,7,20,25.9,48.1,-2.31,N,-4.4,-0.267,0.47,11.1
CDLTAKURI,bull,atr_low,2.0,27,7,20,25.9,49.7,-2.47,N,-4.44,-0.272,0.47,7.4
CDLTAKURI,bull,atr_low,2.25,27,7,20,25.9,51.5,-2.66,N,-3.66,-0.219,0.52,3.7
CDLTAKURI,bull,atr_low,2.5,27,7,20,25.9,43.8,-1.87,N,-3.75,-0.229,0.51,3.7
CDLTAKURI,bull,atr_low,2.75,27,7,20,25.9,48.5,-2.34,N,-3.84,-0.238,0.51,3.7
CDLTAKURI,bull,atr_low,3.0,27,7,20,25.9,48.5,-2.34,N,-3.93,-0.247,0.5,3.7
CDLDRAGONFLYDOJI,bull,atr_low,0.5,28,5,23,17.9,31.2,-1.53,N,-2.15,-0.136,0.59,78.6
CDLDRAGONFLYDOJI,bull,atr_low,0.75,28,6,22,21.4,42.0,-2.2,N,-4.04,-0.25,0.47,71.4
CDLDRAGONFLYDOJI,bull,atr_low,1.0,28,7,21,25.0,50.3,-2.68,N,-4.13,-0.247,0.48,42.9
CDLDRAGONFLYDOJI,bull,atr_low,1.25,28,7,21,25.0,46.4,-2.27,N,-5.56,-0.348,0.41,39.3
CDLDRAGONFLYDOJI,bull,atr_low,1.5,28,7,21,25.0,46.7,-2.3,N,-6.14,-0.378,0.38,28.6
CDLDRAGONFLYDOJI,bull,atr_low,1.75,28,7,21,25.0,50.0,-2.65,N,-4.32,-0.264,0.47,10.7
CDLDRAGONFLYDOJI,bull,atr_low,2.0,28,7,21,25.0,47.0,-2.33,N,-4.36,-0.268,0.47,7.1
CDLDRAGONFLYDOJI,bull,atr_low,2.25,28,7,21,25.0,48.2,-2.46,N,-3.61,-0.217,0.51,3.6
CDLDRAGONFLYDOJI,bull,atr_low,2.5,28,7,21,25.0,47.6,-2.4,N,-3.69,-0.226,0.51,3.6
CDLDRAGONFLYDOJI,bull,atr_low,2.75,28,7,21,25.0,53.6,-3.03,N,-3.78,-0.235,0.5,3.6
CDLDRAGONFLYDOJI,bull,atr_low,3.0,28,7,21,25.0,51.2,-2.77,N,-3.87,-0.244,0.5,3.6
CDLTAKURI,bull,trend_up,0.5,22,4,18,18.2,39.4,-2.04,N,-4.96,-0.349,0.13,81.8
CDLTAKURI,bull,trend_up,0.75,22,5,17,22.7,45.8,-2.18,N,-6.35,-0.446,0.14,63.6
CDLTAKURI,bull,trend_up,1.0,22,5,17,22.7,43.9,-2.0,N,-7.8,-0.537,0.11,45.5
CDLTAKURI,bull,trend_up,1.25,22,5,17,22.7,48.1,-2.38,N,-8.88,-0.61,0.1,31.8
CDLTAKURI,bull,trend_up,1.5,22,5,17,22.7,54.5,-3.0,N,-9.01,-0.602,0.1,18.2
CDLTAKURI,bull,trend_up,1.75,22,5,17,22.7,48.1,-2.38,N,-7.16,-0.483,0.12,4.5
CDLTAKURI,bull,trend_up,2.0,22,5,17,22.7,55.7,-3.11,N,-7.27,-0.495,0.12,4.5
CDLTAKURI,bull,trend_up,2.25,22,5,17,22.7,50.0,-2.56,N,-7.38,-0.506,0.12,4.5
CDLTAKURI,bull,trend_up,2.5,22,5,17,22.7,53.8,-2.92,N,-7.49,-0.518,0.12,4.5
CDLTAKURI,bull,trend_up,2.75,22,5,17,22.7,49.6,-2.52,N,-7.6,-0.529,0.12,4.5
CDLTAKURI,bull,trend_up,3.0,22,5,17,22.7,43.9,-2.0,N,-7.72,-0.54,0.11,4.5
CDLDRAGONFLYDOJI,bull,trend_up,0.5,23,4,19,17.4,41.3,-2.33,N,-4.84,-0.34,0.12,78.3
CDLDRAGONFLYDOJI,bull,trend_up,0.75,23,5,18,21.7,46.4,-2.37,N,-6.16,-0.433,0.13,60.9
CDLDRAGONFLYDOJI,bull,trend_up,1.0,23,5,18,21.7,46.4,-2.37,N,-7.55,-0.521,0.11,43.5
CDLDRAGONFLYDOJI,bull,trend_up,1.25,23,5,18,21.7,46.7,-2.4,N,-8.58,-0.591,0.1,30.4
CDLDRAGONFLYDOJI,bull,trend_up,1.5,23,5,18,21.7,46.0,-2.34,N,-8.71,-0.583,0.1,17.4
CDLDRAGONFLYDOJI,bull,trend_up,1.75,23,5,18,21.7,49.6,-2.68,N,-6.94,-0.469,0.12,4.3
CDLDRAGONFLYDOJI,bull,trend_up,2.0,23,5,18,21.7,52.2,-2.92,N,-7.05,-0.48,0.12,4.3
CDLDRAGONFLYDOJI,bull,trend_up,2.25,23,5,18,21.7,48.9,-2.61,N,-7.15,-0.491,0.12,4.3
CDLDRAGONFLYDOJI,bull,trend_up,2.5,23,5,18,21.7,44.9,-2.24,N,-7.26,-0.502,0.12,4.3
CDLDRAGONFLYDOJI,bull,trend_up,2.75,23,5,18,21.7,48.9,-2.61,N,-7.37,-0.513,0.11,4.3
CDLDRAGONFLYDOJI,bull,trend_up,3.0,23,5,18,21.7,52.2,-2.92,N,-7.47,-0.524,0.11,4.3
