形态,方向,过滤器,SL,交易数,胜,负,胜率%,随机WR%,Z值,显著,平均盈亏,盈亏/ATR,盈亏比,止损率%
CDLENGULFING,bear,rsi_mid_overbought,0.5,41,21,20,51.2,31.1,2.78,Y,4.39,0.38,2.35,46.3
CDLENGULFING,bear,rsi_mid_overbought,0.75,41,24,17,58.5,38.8,2.59,Y,4.24,0.351,2.11,36.6
CDLENGULFING,bear,rsi_mid_overbought,1.0,41,26,15,63.4,47.4,2.06,Y,4.75,0.378,2.28,24.4
CDLENGULFING,bear,rsi_mid_overbought,1.25,41,26,15,63.4,47.8,2.01,Y,4.61,0.363,2.19,17.1
CDLENGULFING,bear,rsi_mid_overbought,1.5,41,26,15,63.4,50.4,1.67,Y,4.21,0.33,1.99,14.6
CDLENGULFING,bear,rsi_mid_overbought,1.75,41,26,15,63.4,46.3,2.19,Y,3.9,0.304,1.85,12.2
CDLENGULFING,bear,rsi_mid_overbought,2.0,41,26,15,63.4,44.9,2.38,Y,3.71,0.288,1.78,9.8
CDLENGULFING,bear,rsi_mid_overbought,2.25,41,26,15,63.4,45.3,2.33,Y,3.42,0.264,1.68,9.8
CDLENGULFING,bear,rsi_mid_overbought,2.5,41,26,15,63.4,49.8,1.74,Y,3.63,0.283,1.75,7.3
CDLENGULFING,bear,rsi_mid_overbought,2.75,41,27,14,65.9,50.8,1.93,Y,4.49,0.366,2.08,2.4
CDLENGULFING,bear,rsi_mid_overbought,3.0,41,27,14,65.9,47.8,2.32,Y,4.86,0.392,2.29,0.0
CDLBELTHOLD,bull,rsi_overbought,0.5,11,4,7,36.4,23.5,1.01,N,-1.92,-0.11,0.64,63.6
CDLBELTHOLD,bull,rsi_overbought,0.75,11,8,3,72.7,46.2,1.76,Y,2.48,0.186,1.66,27.3
CDLBELTHOLD,bull,rsi_overbought,1.0,11,9,2,81.8,47.0,2.32,Y,7.33,0.377,3.55,18.2
CDLBELTHOLD,bull,rsi_overbought,1.25,11,9,2,81.8,51.5,2.01,Y,6.61,0.332,2.84,18.2
CDLBELTHOLD,bull,rsi_overbought,1.5,11,9,2,81.8,54.5,1.82,Y,7.15,0.359,3.34,9.1
CDLBELTHOLD,bull,rsi_overbought,1.75,11,9,2,81.8,44.7,2.48,Y,6.83,0.336,3.02,9.1
CDLBELTHOLD,bull,rsi_overbought,2.0,11,9,2,81.8,43.9,2.53,Y,6.5,0.313,2.76,9.1
CDLBELTHOLD,bull,rsi_overbought,2.25,11,9,2,81.8,51.5,2.01,Y,6.18,0.291,2.54,9.1
CDLBELTHOLD,bull,rsi_overbought,2.5,11,9,2,81.8,46.2,2.37,Y,5.86,0.268,2.35,9.1
CDLBELTHOLD,bull,rsi_overbought,2.75,11,9,2,81.8,47.7,2.26,Y,5.54,0.245,2.19,9.1
CDLBELTHOLD,bull,rsi_overbought,3.0,11,9,2,81.8,43.2,2.59,Y,5.22,0.222,2.05,9.1
CDLHANGINGMAN,bear,rsi_mid_overbought,0.5,13,7,6,53.8,32.7,1.63,N,2.04,0.143,1.62,46.2
CDLHANGINGMAN,bear,rsi_mid_overbought,0.75,13,9,4,69.2,37.8,2.34,Y,3.62,0.245,2.48,23.1
CDLHANGINGMAN,bear,rsi_mid_overbought,1.0,13,9,4,69.2,44.2,1.81,Y,2.88,0.187,1.9,23.1
CDLHANGINGMAN,bear,rsi_mid_overbought,1.25,13,10,3,76.9,56.4,1.49,N,4.31,0.292,2.62,15.4
CDLHANGINGMAN,bear,rsi_mid_overbought,1.5,13,10,3,76.9,52.6,1.76,Y,3.82,0.254,2.22,15.4
CDLHANGINGMAN,bear,rsi_mid_overbought,1.75,13,10,3,76.9,53.8,1.67,Y,3.33,0.215,1.92,15.4
CDLHANGINGMAN,bear,rsi_mid_overbought,2.0,13,10,3,76.9,42.9,2.47,Y,3.38,0.218,1.94,7.7
CDLHANGINGMAN,bear,rsi_mid_overbought,2.25,13,10,3,76.9,55.1,1.58,N,3.14,0.199,1.82,7.7
CDLHANGINGMAN,bear,rsi_mid_overbought,2.5,13,10,3,76.9,50.0,1.94,Y,2.9,0.18,1.71,7.7
CDLHANGINGMAN,bear,rsi_mid_overbought,2.75,13,10,3,76.9,62.2,1.1,N,2.66,0.161,1.62,7.7
CDLHANGINGMAN,bear,rsi_mid_overbought,3.0,13,10,3,76.9,48.7,2.03,Y,2.42,0.141,1.53,7.7
CDLMARUBOZU,bull,rsi_mid_oversold,0.5,14,8,6,57.1,28.6,2.37,Y,3.49,0.224,2.25,35.7
CDLMARUBOZU,bull,rsi_mid_oversold,0.75,14,8,6,57.1,39.3,1.37,N,3.31,0.207,2.11,21.4
CDLMARUBOZU,bull,rsi_mid_oversold,1.0,14,8,6,57.1,41.1,1.22,N,2.68,0.153,1.74,21.4
CDLMARUBOZU,bull,rsi_mid_oversold,1.25,14,8,6,57.1,45.2,0.89,N,2.04,0.1,1.48,21.4
CDLMARUBOZU,bull,rsi_mid_oversold,1.5,14,8,6,57.1,49.4,0.58,N,3.33,0.194,2.13,7.1
CDLMARUBOZU,bull,rsi_mid_oversold,1.75,14,8,6,57.1,45.2,0.89,N,3.15,0.176,2.0,7.1
CDLMARUBOZU,bull,rsi_mid_oversold,2.0,14,8,6,57.1,57.1,0.0,N,3.91,0.25,2.64,0.0
CDLMARUBOZU,bull,rsi_mid_oversold,2.25,14,8,6,57.1,45.2,0.89,N,3.91,0.25,2.64,0.0
CDLMARUBOZU,bull,rsi_mid_oversold,2.5,14,8,6,57.1,47.6,0.71,N,3.91,0.25,2.64,0.0
CDLMARUBOZU,bull,rsi_mid_oversold,2.75,14,8,6,57.1,49.4,0.58,N,3.91,0.25,2.64,0.0
CDLMARUBOZU,bull,rsi_mid_oversold,3.0,14,8,6,57.1,45.8,0.85,N,3.91,0.25,2.64,0.0
CDLBELTHOLD,bear,rsi_oversold,0.5,25,10,15,40.0,33.7,0.67,N,2.15,0.113,1.53,48.0
CDLBELTHOLD,bear,rsi_oversold,0.75,25,12,13,48.0,36.7,1.18,N,2.81,0.172,1.56,40.0
CDLBELTHOLD,bear,rsi_oversold,1.0,25,14,11,56.0,34.7,2.24,Y,2.53,0.18,1.45,32.0
CDLBELTHOLD,bear,rsi_oversold,1.25,25,16,9,64.0,47.7,1.64,N,6.59,0.438,2.58,16.0
CDLBELTHOLD,bear,rsi_oversold,1.5,25,16,9,64.0,49.0,1.5,N,6.78,0.452,2.71,12.0
CDLBELTHOLD,bear,rsi_oversold,1.75,25,16,9,64.0,46.3,1.77,Y,6.73,0.452,2.67,8.0
CDLBELTHOLD,bear,rsi_oversold,2.0,25,16,9,64.0,46.3,1.77,Y,6.37,0.432,2.45,8.0
CDLBELTHOLD,bear,rsi_oversold,2.25,25,16,9,64.0,48.3,1.57,N,6.0,0.412,2.26,8.0
CDLBELTHOLD,bear,rsi_oversold,2.5,25,16,9,64.0,52.3,1.17,N,6.2,0.419,2.36,4.0
CDLBELTHOLD,bear,rsi_oversold,2.75,25,16,9,64.0,50.3,1.37,N,6.97,0.469,2.84,0.0
CDLBELTHOLD,bear,rsi_oversold,3.0,25,16,9,64.0,49.0,1.5,N,6.97,0.469,2.84,0.0
CDL3OUTSIDE,bear,atr_low,0.5,62,21,41,33.9,30.5,0.57,N,0.37,0.027,1.09,62.9
CDL3OUTSIDE,bear,atr_low,0.75,62,30,32,48.4,42.6,0.92,N,2.12,0.171,1.47,41.9
CDL3OUTSIDE,bear,atr_low,1.0,62,35,27,56.5,46.1,1.63,N,2.56,0.205,1.53,33.9
CDL3OUTSIDE,bear,atr_low,1.25,62,37,25,59.7,47.7,1.89,Y,2.85,0.218,1.61,22.6
CDL3OUTSIDE,bear,atr_low,1.5,62,37,25,59.7,49.5,1.61,N,2.32,0.174,1.45,21.0
CDL3OUTSIDE,bear,atr_low,1.75,62,37,25,59.7,48.8,1.72,Y,1.94,0.143,1.35,17.7
CDL3OUTSIDE,bear,atr_low,2.0,62,37,25,59.7,53.2,1.02,N,2.01,0.153,1.37,9.7
CDL3OUTSIDE,bear,atr_low,2.25,62,37,25,59.7,48.8,1.72,Y,1.69,0.129,1.29,9.7
CDL3OUTSIDE,bear,atr_low,2.5,62,37,25,59.7,50.4,1.46,N,1.37,0.105,1.22,9.7
CDL3OUTSIDE,bear,atr_low,2.75,62,37,25,59.7,45.8,2.19,Y,1.18,0.091,1.19,4.8
CDL3OUTSIDE,bear,atr_low,3.0,62,37,25,59.7,49.5,1.61,N,1.33,0.108,1.22,3.2
CDLADVANCEBLOCK,bear,atr_low,0.5,14,9,5,64.3,42.3,1.67,Y,6.95,0.407,4.01,35.7
CDLADVANCEBLOCK,bear,atr_low,0.75,14,9,5,64.3,45.2,1.43,N,5.79,0.318,2.67,35.7
CDLADVANCEBLOCK,bear,atr_low,1.0,14,9,5,64.3,49.4,1.11,N,4.64,0.229,2.0,35.7
CDLADVANCEBLOCK,bear,atr_low,1.25,14,10,4,71.4,53.6,1.34,N,5.72,0.307,2.39,21.4
CDLADVANCEBLOCK,bear,atr_low,1.5,14,10,4,71.4,51.2,1.51,N,5.03,0.254,2.04,21.4
CDLADVANCEBLOCK,bear,atr_low,1.75,14,10,4,71.4,53.6,1.34,N,4.65,0.226,1.89,14.3
CDLADVANCEBLOCK,bear,atr_low,2.0,14,10,4,71.4,50.6,1.56,N,4.73,0.232,1.92,7.1
CDLADVANCEBLOCK,bear,atr_low,2.25,14,10,4,71.4,50.6,1.56,N,4.49,0.214,1.84,7.1
CDLADVANCEBLOCK,bear,atr_low,2.5,14,10,4,71.4,42.9,2.16,Y,4.26,0.196,1.76,7.1
CDLADVANCEBLOCK,bear,atr_low,2.75,14,10,4,71.4,54.2,1.3,N,4.02,0.178,1.69,7.1
CDLADVANCEBLOCK,bear,atr_low,3.0,14,10,4,71.4,42.9,2.16,Y,4.84,0.24,1.97,0.0
CDLMATCHINGLOW,bull,none,0.5,31,13,18,41.9,32.8,1.08,N,0.63,0.08,1.16,54.8
CDLMATCHINGLOW,bull,none,0.75,31,18,13,58.1,46.5,1.29,N,1.03,0.125,1.25,32.3
CDLMATCHINGLOW,bull,none,1.0,31,20,11,64.5,48.4,1.8,Y,2.6,0.237,1.73,16.1
CDLMATCHINGLOW,bull,none,1.25,31,20,11,64.5,49.5,1.68,Y,2.92,0.247,1.9,9.7
CDLMATCHINGLOW,bull,none,1.5,31,21,10,67.7,53.0,1.65,Y,4.08,0.304,2.53,6.5
CDLMATCHINGLOW,bull,none,1.75,31,21,10,67.7,52.2,1.74,Y,3.91,0.287,2.38,6.5
CDLMATCHINGLOW,bull,none,2.0,31,21,10,67.7,49.7,2.01,Y,3.75,0.271,2.25,6.5
CDLMATCHINGLOW,bull,none,2.25,31,21,10,67.7,48.4,2.16,Y,3.58,0.255,2.13,6.5
CDLMATCHINGLOW,bull,none,2.5,31,21,10,67.7,54.3,1.5,N,3.41,0.239,2.02,6.5
CDLMATCHINGLOW,bull,none,2.75,31,21,10,67.7,49.7,2.01,Y,3.25,0.223,1.93,6.5
CDLMATCHINGLOW,bull,none,3.0,31,21,10,67.7,48.9,2.1,Y,3.08,0.207,1.84,6.5
CDLMATCHINGLOW,bull,trend_up,0.5,12,4,8,33.3,26.4,0.55,N,-0.56,-0.041,0.86,58.3
CDLMATCHINGLOW,bull,trend_up,0.75,12,8,4,66.7,42.4,1.7,Y,2.26,0.187,1.97,16.7
CDLMATCHINGLOW,bull,trend_up,1.0,12,9,3,75.0,50.7,1.68,Y,5.11,0.365,4.69,0.0
CDLMATCHINGLOW,bull,trend_up,1.25,12,9,3,75.0,52.8,1.54,N,5.11,0.365,4.69,0.0
CDLMATCHINGLOW,bull,trend_up,1.5,12,9,3,75.0,50.0,1.73,Y,5.11,0.365,4.69,0.0
CDLMATCHINGLOW,bull,trend_up,1.75,12,9,3,75.0,53.5,1.5,N,5.11,0.365,4.69,0.0
CDLMATCHINGLOW,bull,trend_up,2.0,12,9,3,75.0,47.2,1.93,Y,5.11,0.365,4.69,0.0
CDLMATCHINGLOW,bull,trend_up,2.25,12,9,3,75.0,65.3,0.71,N,5.11,0.365,4.69,0.0
CDLMATCHINGLOW,bull,trend_up,2.5,12,9,3,75.0,45.1,2.08,Y,5.11,0.365,4.69,0.0
CDLMATCHINGLOW,bull,trend_up,2.75,12,9,3,75.0,47.2,1.93,Y,5.11,0.365,4.69,0.0
CDLMATCHINGLOW,bull,trend_up,3.0,12,9,3,75.0,49.3,1.78,Y,5.11,0.365,4.69,0.0
CDLMARUBOZU,bear,none,0.5,76,33,43,43.4,32.7,2.0,Y,1.54,0.12,1.4,52.6
CDLMARUBOZU,bear,none,0.75,76,38,38,50.0,41.0,1.59,N,1.72,0.126,1.43,31.6
CDLMARUBOZU,bear,none,1.0,76,43,33,56.6,45.9,1.86,Y,2.56,0.191,1.68,19.7
CDLMARUBOZU,bear,none,1.25,76,43,33,56.6,46.3,1.8,Y,2.35,0.174,1.59,14.5
CDLMARUBOZU,bear,none,1.5,76,44,32,57.9,48.6,1.63,N,2.47,0.187,1.64,9.2
CDLMARUBOZU,bear,none,1.75,76,44,32,57.9,48.4,1.66,Y,2.55,0.193,1.68,5.3
CDLMARUBOZU,bear,none,2.0,76,44,32,57.9,48.9,1.57,N,2.69,0.211,1.74,2.6
CDLMARUBOZU,bear,none,2.25,76,44,32,57.9,51.1,1.19,N,2.58,0.204,1.69,2.6
CDLMARUBOZU,bear,none,2.5,76,44,32,57.9,46.2,2.05,Y,2.47,0.198,1.64,2.6
CDLMARUBOZU,bear,none,2.75,76,44,32,57.9,49.6,1.45,N,2.36,0.191,1.6,2.6
CDLMARUBOZU,bear,none,3.0,76,44,32,57.9,50.3,1.32,N,2.42,0.196,1.62,1.3
CDLMATCHINGLOW,bull,atr_low,0.5,23,11,12,47.8,38.8,0.89,N,2.8,0.221,1.91,47.8
CDLMATCHINGLOW,bull,atr_low,0.75,23,15,8,65.2,44.2,2.03,Y,3.8,0.298,2.48,21.7
CDLMATCHINGLOW,bull,atr_low,1.0,23,16,7,69.6,48.2,2.05,Y,4.16,0.34,2.57,13.0
CDLMATCHINGLOW,bull,atr_low,1.25,23,16,7,69.6,48.9,1.98,Y,4.06,0.326,2.48,8.7
CDLMATCHINGLOW,bull,atr_low,1.5,23,16,7,69.6,49.6,1.91,Y,3.84,0.304,2.29,8.7
CDLMATCHINGLOW,bull,atr_low,1.75,23,16,7,69.6,55.1,1.4,N,3.62,0.282,2.13,8.7
CDLMATCHINGLOW,bull,atr_low,2.0,23,16,7,69.6,52.5,1.64,N,3.39,0.261,1.99,8.7
CDLMATCHINGLOW,bull,atr_low,2.25,23,16,7,69.6,57.2,1.19,N,3.17,0.239,1.87,8.7
CDLMATCHINGLOW,bull,atr_low,2.5,23,16,7,69.6,53.3,1.57,N,2.94,0.217,1.76,8.7
CDLMATCHINGLOW,bull,atr_low,2.75,23,16,7,69.6,54.3,1.47,N,2.72,0.196,1.66,8.7
CDLMATCHINGLOW,bull,atr_low,3.0,23,16,7,69.6,51.4,1.74,Y,2.49,0.174,1.58,8.7
CDLENGULFING,bear,trend_up,0.5,116,48,68,41.4,32.8,1.96,Y,1.69,0.143,1.46,52.6
CDLENGULFING,bear,trend_up,0.75,116,51,65,44.0,40.1,0.85,N,0.77,0.067,1.16,43.1
CDLENGULFING,bear,trend_up,1.0,116,57,59,49.1,47.2,0.42,N,1.1,0.08,1.23,28.4
CDLENGULFING,bear,trend_up,1.25,116,57,59,49.1,48.6,0.12,N,0.68,0.045,1.13,21.6
CDLENGULFING,bear,trend_up,1.5,116,59,57,50.9,50.1,0.17,N,0.48,0.031,1.09,17.2
CDLENGULFING,bear,trend_up,1.75,116,60,56,51.7,51.6,0.03,N,0.33,0.015,1.06,14.7
CDLENGULFING,bear,trend_up,2.0,116,60,56,51.7,49.9,0.4,N,0.27,0.011,1.05,9.5
CDLENGULFING,bear,trend_up,2.25,116,60,56,51.7,50.6,0.25,N,-0.03,-0.013,0.99,9.5
CDLENGULFING,bear,trend_up,2.5,116,60,56,51.7,50.3,0.31,N,-0.15,-0.021,0.97,8.6
CDLENGULFING,bear,trend_up,2.75,116,61,55,52.6,49.8,0.6,N,0.3,0.018,1.05,4.3
CDLENGULFING,bear,trend_up,3.0,116,61,55,52.6,49.9,0.57,N,0.32,0.019,1.06,3.4
CDLADVANCEBLOCK,bear,rsi_mid_overbought,0.5,10,7,3,70.0,47.5,1.42,N,8.43,0.49,5.61,30.0
CDLADVANCEBLOCK,bear,rsi_mid_overbought,0.75,10,7,3,70.0,42.5,1.76,Y,7.52,0.415,3.74,30.0
CDLADVANCEBLOCK,bear,rsi_mid_overbought,1.0,10,7,3,70.0,47.5,1.42,N,6.6,0.34,2.8,30.0
CDLADVANCEBLOCK,bear,rsi_mid_overbought,1.25,10,8,2,80.0,53.3,1.69,Y,7.77,0.452,3.44,20.0
CDLADVANCEBLOCK,bear,rsi_mid_overbought,1.5,10,8,2,80.0,50.0,1.9,Y,7.13,0.402,2.87,20.0
CDLADVANCEBLOCK,bear,rsi_mid_overbought,1.75,10,8,2,80.0,60.8,1.24,N,6.93,0.388,2.72,10.0
CDLADVANCEBLOCK,bear,rsi_mid_overbought,2.0,10,8,2,80.0,53.3,1.69,Y,6.6,0.363,2.52,10.0
CDLADVANCEBLOCK,bear,rsi_mid_overbought,2.25,10,8,2,80.0,51.7,1.79,Y,6.27,0.338,2.34,10.0
CDLADVANCEBLOCK,bear,rsi_mid_overbought,2.5,10,8,2,80.0,50.0,1.9,Y,5.94,0.313,2.19,10.0
CDLADVANCEBLOCK,bear,rsi_mid_overbought,2.75,10,8,2,80.0,49.2,1.95,Y,5.61,0.288,2.05,10.0
CDLADVANCEBLOCK,bear,rsi_mid_overbought,3.0,10,8,2,80.0,50.0,1.9,Y,6.76,0.375,2.61,0.0
CDLMARUBOZU,bull,trend_up,0.5,30,12,18,40.0,31.7,0.98,N,0.33,0.104,1.08,60.0
CDLMARUBOZU,bull,trend_up,0.75,30,15,15,50.0,40.8,1.02,N,1.03,0.133,1.24,33.3
CDLMARUBOZU,bull,trend_up,1.0,30,18,12,60.0,48.9,1.22,N,2.79,0.267,1.76,16.7
CDLMARUBOZU,bull,trend_up,1.25,30,18,12,60.0,51.7,0.91,N,2.92,0.279,1.83,10.0
CDLMARUBOZU,bull,trend_up,1.5,30,18,12,60.0,46.1,1.53,N,2.59,0.254,1.67,10.0
CDLMARUBOZU,bull,trend_up,1.75,30,18,12,60.0,42.5,1.94,Y,2.77,0.27,1.75,3.3
CDLMARUBOZU,bull,trend_up,2.0,30,18,12,60.0,47.5,1.37,N,2.64,0.262,1.69,3.3
CDLMARUBOZU,bull,trend_up,2.25,30,18,12,60.0,51.9,0.88,N,2.5,0.254,1.64,3.3
CDLMARUBOZU,bull,trend_up,2.5,30,18,12,60.0,49.4,1.16,N,2.37,0.245,1.58,3.3
CDLMARUBOZU,bull,trend_up,2.75,30,18,12,60.0,48.6,1.25,N,2.24,0.237,1.53,3.3
CDLMARUBOZU,bull,trend_up,3.0,30,18,12,60.0,48.9,1.22,N,2.54,0.256,1.65,0.0
CDLSHORTLINE,bull,rsi_mid_oversold,0.5,94,41,53,43.6,37.7,1.19,N,0.36,-0.003,1.1,47.9
CDLSHORTLINE,bull,rsi_mid_oversold,0.75,94,51,43,54.3,47.3,1.34,N,1.75,0.091,1.54,25.5
CDLSHORTLINE,bull,rsi_mid_oversold,1.0,94,53,41,56.4,50.5,1.13,N,1.42,0.068,1.38,22.3
CDLSHORTLINE,bull,rsi_mid_oversold,1.25,94,54,40,57.4,50.1,1.43,N,1.44,0.071,1.38,16.0
CDLSHORTLINE,bull,rsi_mid_oversold,1.5,94,54,40,57.4,52.4,0.98,N,1.3,0.067,1.33,11.7
CDLSHORTLINE,bull,rsi_mid_oversold,1.75,94,54,40,57.4,50.0,1.44,N,1.54,0.085,1.42,4.3
CDLSHORTLINE,bull,rsi_mid_oversold,2.0,94,54,40,57.4,49.4,1.56,N,1.36,0.074,1.35,4.3
CDLSHORTLINE,bull,rsi_mid_oversold,2.25,94,54,40,57.4,50.2,1.41,N,1.62,0.085,1.45,3.2
CDLSHORTLINE,bull,rsi_mid_oversold,2.5,94,55,39,58.5,50.2,1.62,N,2.07,0.107,1.64,2.1
CDLSHORTLINE,bull,rsi_mid_oversold,2.75,94,55,39,58.5,48.8,1.89,Y,2.06,0.106,1.63,1.1
CDLSHORTLINE,bull,rsi_mid_oversold,3.0,94,55,39,58.5,49.1,1.82,Y,2.03,0.103,1.62,1.1
CDLRICKSHAWMAN,bull,rsi_mid_oversold,0.5,112,37,75,33.0,33.9,-0.18,N,0.58,0.023,1.13,65.2
CDLRICKSHAWMAN,bull,rsi_mid_oversold,0.75,112,49,63,43.8,40.3,0.75,N,0.98,0.05,1.18,48.2
CDLRICKSHAWMAN,bull,rsi_mid_oversold,1.0,112,60,52,53.6,48.6,1.06,N,1.56,0.099,1.29,33.0
CDLRICKSHAWMAN,bull,rsi_mid_oversold,1.25,112,61,51,54.5,49.6,1.04,N,1.45,0.087,1.26,24.1
CDLRICKSHAWMAN,bull,rsi_mid_oversold,1.5,112,61,51,54.5,45.8,1.85,Y,0.89,0.047,1.15,19.6
CDLRICKSHAWMAN,bull,rsi_mid_oversold,1.75,112,62,50,55.4,47.5,1.66,Y,0.92,0.048,1.15,14.3
CDLRICKSHAWMAN,bull,rsi_mid_oversold,2.0,112,62,50,55.4,49.0,1.34,N,1.15,0.059,1.2,9.8
CDLRICKSHAWMAN,bull,rsi_mid_oversold,2.25,112,62,50,55.4,48.5,1.45,N,1.33,0.071,1.23,8.0
CDLRICKSHAWMAN,bull,rsi_mid_oversold,2.5,112,62,50,55.4,48.4,1.47,N,1.26,0.064,1.22,6.2
CDLRICKSHAWMAN,bull,rsi_mid_oversold,2.75,112,62,50,55.4,49.3,1.28,N,1.38,0.067,1.24,5.4
CDLRICKSHAWMAN,bull,rsi_mid_oversold,3.0,112,62,50,55.4,50.2,1.09,N,1.23,0.054,1.21,5.4
CDLSHORTLINE,bull,atr_high,0.5,133,57,76,42.9,39.7,0.75,N,0.72,0.053,1.17,44.4
CDLSHORTLINE,bull,atr_high,0.75,133,68,65,51.1,45.1,1.39,N,1.33,0.086,1.32,25.6
CDLSHORTLINE,bull,atr_high,1.0,133,70,63,52.6,47.2,1.26,N,1.31,0.087,1.31,17.3
CDLSHORTLINE,bull,atr_high,1.25,133,71,62,53.4,50.0,0.78,N,1.38,0.093,1.32,11.3
CDLSHORTLINE,bull,atr_high,1.5,133,71,62,53.4,47.7,1.3,N,1.27,0.087,1.29,9.0
CDLSHORTLINE,bull,atr_high,1.75,133,71,62,53.4,47.4,1.39,N,1.14,0.082,1.25,5.3
CDLSHORTLINE,bull,atr_high,2.0,133,71,62,53.4,48.1,1.21,N,0.94,0.071,1.2,4.5
CDLSHORTLINE,bull,atr_high,2.25,133,71,62,53.4,50.3,0.71,N,1.03,0.076,1.22,3.8
CDLSHORTLINE,bull,atr_high,2.5,133,72,61,54.1,46.5,1.77,Y,1.25,0.087,1.28,3.0
CDLSHORTLINE,bull,atr_high,2.75,133,72,61,54.1,48.6,1.27,N,1.11,0.08,1.24,3.0
CDLSHORTLINE,bull,atr_high,3.0,133,72,61,54.1,50.4,0.85,N,1.4,0.09,1.33,2.3
CDLDOJI,bull,rsi_mid_oversold,0.5,146,50,96,34.2,35.1,-0.22,N,0.21,0.008,1.05,63.7
CDLDOJI,bull,rsi_mid_oversold,0.75,146,62,84,42.5,42.1,0.08,N,0.29,0.009,1.05,47.9
CDLDOJI,bull,rsi_mid_oversold,1.0,146,74,72,50.7,45.4,1.29,N,0.69,0.046,1.13,32.2
CDLDOJI,bull,rsi_mid_oversold,1.25,146,76,70,52.1,49.4,0.63,N,0.54,0.033,1.09,24.7
CDLDOJI,bull,rsi_mid_oversold,1.5,146,78,68,53.4,48.5,1.2,N,0.42,0.021,1.07,18.5
CDLDOJI,bull,rsi_mid_oversold,1.75,146,80,66,54.8,51.3,0.84,N,0.55,0.029,1.09,13.7
CDLDOJI,bull,rsi_mid_oversold,2.0,146,80,66,54.8,50.6,1.02,N,0.64,0.031,1.11,10.3
CDLDOJI,bull,rsi_mid_oversold,2.25,146,80,66,54.8,49.9,1.19,N,0.72,0.036,1.12,8.2
CDLDOJI,bull,rsi_mid_oversold,2.5,146,80,66,54.8,52.2,0.64,N,0.84,0.039,1.15,6.2
CDLDOJI,bull,rsi_mid_oversold,2.75,146,80,66,54.8,47.7,1.73,Y,0.89,0.038,1.16,5.5
CDLDOJI,bull,rsi_mid_oversold,3.0,146,80,66,54.8,50.9,0.94,N,0.74,0.024,1.13,5.5
CDLLONGLINE,bull,rsi_overbought,0.5,11,3,8,27.3,22.7,0.36,N,-3.61,-0.247,0.41,72.7
CDLLONGLINE,bull,rsi_overbought,0.75,11,7,4,63.6,51.5,0.8,N,2.5,0.165,1.53,36.4
CDLLONGLINE,bull,rsi_overbought,1.0,11,8,3,72.7,53.8,1.26,N,4.44,0.338,1.87,27.3
CDLLONGLINE,bull,rsi_overbought,1.25,11,8,3,72.7,47.0,1.71,Y,4.43,0.346,1.87,9.1
CDLLONGLINE,bull,rsi_overbought,1.5,11,8,3,72.7,55.3,1.16,N,3.9,0.323,1.69,9.1
CDLLONGLINE,bull,rsi_overbought,1.75,11,8,3,72.7,48.5,1.61,N,5.0,0.371,2.1,0.0
CDLLONGLINE,bull,rsi_overbought,2.0,11,8,3,72.7,50.0,1.51,N,5.0,0.371,2.1,0.0
CDLLONGLINE,bull,rsi_overbought,2.25,11,8,3,72.7,59.1,0.92,N,5.0,0.371,2.1,0.0
CDLLONGLINE,bull,rsi_overbought,2.5,11,8,3,72.7,50.8,1.46,N,5.0,0.371,2.1,0.0
CDLLONGLINE,bull,rsi_overbought,2.75,11,8,3,72.7,53.8,1.26,N,5.0,0.371,2.1,0.0
CDLLONGLINE,bull,rsi_overbought,3.0,11,8,3,72.7,47.0,1.71,Y,5.0,0.371,2.1,0.0
CDLSPINNINGTOP,bull,trend_down,0.5,253,91,162,36.0,31.0,1.7,Y,0.35,0.023,1.08,58.5
CDLSPINNINGTOP,bull,trend_down,0.75,253,110,143,43.5,41.0,0.79,N,0.35,0.021,1.07,46.6
CDLSPINNINGTOP,bull,trend_down,1.0,253,125,128,49.4,46.9,0.79,N,0.55,0.044,1.1,31.2
CDLSPINNINGTOP,bull,trend_down,1.25,253,130,123,51.4,47.7,1.16,N,0.66,0.049,1.12,23.3
CDLSPINNINGTOP,bull,trend_down,1.5,253,132,121,52.2,49.5,0.85,N,0.48,0.036,1.08,18.6
CDLSPINNINGTOP,bull,trend_down,1.75,253,133,120,52.6,49.3,1.05,N,0.28,0.024,1.05,14.2
CDLSPINNINGTOP,bull,trend_down,2.0,253,133,120,52.6,49.4,1.02,N,0.14,0.011,1.02,11.1
CDLSPINNINGTOP,bull,trend_down,2.25,253,135,118,53.4,49.6,1.18,N,0.39,0.033,1.06,7.9
CDLSPINNINGTOP,bull,trend_down,2.5,253,136,117,53.8,50.3,1.1,N,0.47,0.034,1.08,5.9
CDLSPINNINGTOP,bull,trend_down,2.75,253,136,117,53.8,50.5,1.03,N,0.36,0.025,1.06,4.3
CDLSPINNINGTOP,bull,trend_down,3.0,253,136,117,53.8,48.9,1.53,N,0.22,0.015,1.03,4.3
CDLADVANCEBLOCK,bear,none,0.5,20,11,9,55.0,41.7,1.21,N,3.59,0.228,2.02,45.0
CDLADVANCEBLOCK,bear,none,0.75,20,11,9,55.0,40.8,1.29,N,1.83,0.115,1.35,45.0
CDLADVANCEBLOCK,bear,none,1.0,20,11,9,55.0,43.3,1.05,N,0.07,0.003,1.01,45.0
CDLADVANCEBLOCK,bear,none,1.25,20,13,7,65.0,47.1,1.61,N,0.92,0.101,1.13,30.0
CDLADVANCEBLOCK,bear,none,1.5,20,13,7,65.0,46.2,1.68,Y,-0.02,0.041,1.0,25.0
CDLADVANCEBLOCK,bear,none,1.75,20,13,7,65.0,52.1,1.16,N,-0.8,-0.004,0.91,20.0
CDLADVANCEBLOCK,bear,none,2.0,20,13,7,65.0,52.1,1.16,N,-1.25,-0.024,0.86,15.0
CDLADVANCEBLOCK,bear,none,2.25,20,13,7,65.0,50.4,1.3,N,-1.1,-0.013,0.88,10.0
CDLADVANCEBLOCK,bear,none,2.5,20,13,7,65.0,54.2,0.97,N,-1.57,-0.038,0.83,10.0
CDLADVANCEBLOCK,bear,none,2.75,20,13,7,65.0,54.2,0.97,N,-2.03,-0.063,0.79,10.0
CDLADVANCEBLOCK,bear,none,3.0,20,13,7,65.0,49.2,1.42,N,-0.95,0.002,0.89,0.0
CDLHANGINGMAN,bear,atr_high,0.5,11,5,6,45.5,34.8,0.74,N,1.19,0.064,1.29,45.5
CDLHANGINGMAN,bear,atr_high,0.75,11,5,6,45.5,36.4,0.63,N,-0.62,-0.05,0.9,45.5
CDLHANGINGMAN,bear,atr_high,1.0,11,6,5,54.5,39.4,1.03,N,-1.08,-0.051,0.84,36.4
CDLHANGINGMAN,bear,atr_high,1.25,11,7,4,63.6,39.4,1.65,Y,1.11,0.119,1.2,9.1
CDLHANGINGMAN,bear,atr_high,1.5,11,7,4,63.6,50.0,0.9,N,3.37,0.218,2.03,0.0
CDLHANGINGMAN,bear,atr_high,1.75,11,7,4,63.6,47.7,1.06,N,3.37,0.218,2.03,0.0
CDLHANGINGMAN,bear,atr_high,2.0,11,7,4,63.6,39.4,1.65,Y,3.37,0.218,2.03,0.0
CDLHANGINGMAN,bear,atr_high,2.25,11,7,4,63.6,50.8,0.85,N,3.37,0.218,2.03,0.0
CDLHANGINGMAN,bear,atr_high,2.5,11,7,4,63.6,46.2,1.16,N,3.37,0.218,2.03,0.0
CDLHANGINGMAN,bear,atr_high,2.75,11,7,4,63.6,42.4,1.42,N,3.37,0.218,2.03,0.0
CDLHANGINGMAN,bear,atr_high,3.0,11,7,4,63.6,54.5,0.61,N,3.37,0.218,2.03,0.0
CDLRICKSHAWMAN,bull,trend_down,0.5,120,38,82,31.7,32.7,-0.24,N,0.16,-0.006,1.03,65.8
CDLRICKSHAWMAN,bull,trend_down,0.75,120,51,69,42.5,42.7,-0.05,N,0.43,0.013,1.08,49.2
CDLRICKSHAWMAN,bull,trend_down,1.0,120,63,57,52.5,48.5,0.88,N,1.11,0.071,1.2,32.5
CDLRICKSHAWMAN,bull,trend_down,1.25,120,64,56,53.3,50.4,0.64,N,0.93,0.056,1.16,24.2
CDLRICKSHAWMAN,bull,trend_down,1.5,120,64,56,53.3,50.3,0.67,N,0.53,0.03,1.09,18.3
CDLRICKSHAWMAN,bull,trend_down,1.75,120,65,55,54.2,46.7,1.65,Y,0.63,0.036,1.1,12.5
CDLRICKSHAWMAN,bull,trend_down,2.0,120,65,55,54.2,49.7,0.99,N,0.66,0.036,1.11,9.2
CDLRICKSHAWMAN,bull,trend_down,2.25,120,65,55,54.2,51.2,0.65,N,0.6,0.029,1.1,8.3
CDLRICKSHAWMAN,bull,trend_down,2.5,120,65,55,54.2,47.6,1.43,N,0.54,0.022,1.09,5.8
CDLRICKSHAWMAN,bull,trend_down,2.75,120,65,55,54.2,48.3,1.28,N,0.65,0.025,1.11,5.0
CDLRICKSHAWMAN,bull,trend_down,3.0,120,65,55,54.2,48.4,1.26,N,0.51,0.013,1.08,5.0
CDLLONGLEGGEDDOJI,bull,rsi_mid_oversold,0.5,146,50,96,34.2,33.3,0.25,N,0.21,0.008,1.05,63.7
CDLLONGLEGGEDDOJI,bull,rsi_mid_oversold,0.75,146,62,84,42.5,40.5,0.48,N,0.29,0.009,1.05,47.9
CDLLONGLEGGEDDOJI,bull,rsi_mid_oversold,1.0,146,74,72,50.7,46.9,0.91,N,0.69,0.046,1.13,32.2
CDLLONGLEGGEDDOJI,bull,rsi_mid_oversold,1.25,146,76,70,52.1,46.1,1.45,N,0.54,0.033,1.09,24.7
CDLLONGLEGGEDDOJI,bull,rsi_mid_oversold,1.5,146,78,68,53.4,49.1,1.03,N,0.42,0.021,1.07,18.5
CDLLONGLEGGEDDOJI,bull,rsi_mid_oversold,1.75,146,80,66,54.8,51.3,0.84,N,0.55,0.029,1.09,13.7
CDLLONGLEGGEDDOJI,bull,rsi_mid_oversold,2.0,146,80,66,54.8,48.6,1.5,N,0.64,0.031,1.11,10.3
CDLLONGLEGGEDDOJI,bull,rsi_mid_oversold,2.25,146,80,66,54.8,49.4,1.31,N,0.72,0.036,1.12,8.2
CDLLONGLEGGEDDOJI,bull,rsi_mid_oversold,2.5,146,80,66,54.8,50.8,0.97,N,0.84,0.039,1.15,6.2
CDLLONGLEGGEDDOJI,bull,rsi_mid_oversold,2.75,146,80,66,54.8,50.2,1.1,N,0.89,0.038,1.16,5.5
CDLLONGLEGGEDDOJI,bull,rsi_mid_oversold,3.0,146,80,66,54.8,48.0,1.64,N,0.74,0.024,1.13,5.5
CDLLONGLEGGEDDOJI,bull,trend_down,0.5,163,54,109,33.1,34.2,-0.28,N,0.24,0.019,1.05,63.8
CDLLONGLEGGEDDOJI,bull,trend_down,0.75,163,68,95,41.7,39.3,0.63,N,0.32,0.02,1.06,48.5
CDLLONGLEGGEDDOJI,bull,trend_down,1.0,163,81,82,49.7,47.4,0.59,N,0.67,0.055,1.12,32.5
CDLLONGLEGGEDDOJI,bull,trend_down,1.25,163,84,79,51.5,49.7,0.47,N,0.65,0.048,1.11,25.2
CDLLONGLEGGEDDOJI,bull,trend_down,1.5,163,86,77,52.8,48.5,1.1,N,0.56,0.042,1.09,18.4
CDLLONGLEGGEDDOJI,bull,trend_down,1.75,163,88,75,54.0,47.6,1.63,N,0.65,0.048,1.11,13.5
CDLLONGLEGGEDDOJI,bull,trend_down,2.0,163,88,75,54.0,47.9,1.55,N,0.56,0.041,1.09,10.4
CDLLONGLEGGEDDOJI,bull,trend_down,2.25,163,88,75,54.0,48.2,1.49,N,0.42,0.029,1.07,9.2
CDLLONGLEGGEDDOJI,bull,trend_down,2.5,163,88,75,54.0,50.3,0.95,N,0.62,0.037,1.1,5.5
CDLLONGLEGGEDDOJI,bull,trend_down,2.75,163,88,75,54.0,51.3,0.69,N,0.67,0.036,1.11,4.9
CDLLONGLEGGEDDOJI,bull,trend_down,3.0,163,88,75,54.0,51.5,0.63,N,0.53,0.024,1.09,4.9
CDLMORNINGSTAR,bull,none,0.5,11,5,6,45.5,37.1,0.57,N,2.58,0.208,1.84,45.5
CDLMORNINGSTAR,bull,none,0.75,11,6,5,54.5,40.9,0.92,N,2.69,0.232,1.76,27.3
CDLMORNINGSTAR,bull,none,1.0,11,7,4,63.6,47.0,1.11,N,4.85,0.388,3.19,9.1
CDLMORNINGSTAR,bull,none,1.25,11,7,4,63.6,56.8,0.46,N,4.57,0.365,2.83,9.1
CDLMORNINGSTAR,bull,none,1.5,11,7,4,63.6,54.5,0.61,N,4.29,0.342,2.55,9.1
CDLMORNINGSTAR,bull,none,1.75,11,7,4,63.6,52.3,0.75,N,4.01,0.32,2.31,9.1
CDLMORNINGSTAR,bull,none,2.0,11,7,4,63.6,54.5,0.61,N,3.73,0.297,2.12,9.1
CDLMORNINGSTAR,bull,none,2.25,11,7,4,63.6,40.2,1.59,N,3.45,0.274,1.95,9.1
CDLMORNINGSTAR,bull,none,2.5,11,7,4,63.6,42.4,1.42,N,3.17,0.251,1.81,9.1
CDLMORNINGSTAR,bull,none,2.75,11,7,4,63.6,47.7,1.06,N,2.89,0.229,1.69,9.1
CDLMORNINGSTAR,bull,none,3.0,11,7,4,63.6,43.2,1.37,N,2.61,0.206,1.58,9.1
CDL3OUTSIDE,bear,trend_down,0.5,53,18,35,34.0,30.2,0.6,N,0.7,0.057,1.15,64.2
CDL3OUTSIDE,bear,trend_down,0.75,53,23,30,43.4,33.2,1.58,N,1.22,0.092,1.21,52.8
CDL3OUTSIDE,bear,trend_down,1.0,53,26,27,49.1,46.5,0.37,N,0.84,0.081,1.13,45.3
CDL3OUTSIDE,bear,trend_down,1.25,53,29,24,54.7,50.2,0.66,N,2.19,0.172,1.34,28.3
CDL3OUTSIDE,bear,trend_down,1.5,53,29,24,54.7,46.4,1.22,N,2.08,0.164,1.32,20.8
CDL3OUTSIDE,bear,trend_down,1.75,53,29,24,54.7,48.1,0.96,N,2.4,0.182,1.39,9.4
CDL3OUTSIDE,bear,trend_down,2.0,53,29,24,54.7,49.8,0.71,N,2.31,0.178,1.37,7.5
CDL3OUTSIDE,bear,trend_down,2.25,53,29,24,54.7,51.3,0.5,N,2.06,0.159,1.31,7.5
CDL3OUTSIDE,bear,trend_down,2.5,53,29,24,54.7,49.5,0.76,N,2.01,0.158,1.31,5.7
CDL3OUTSIDE,bear,trend_down,2.75,53,29,24,54.7,48.4,0.92,N,1.85,0.146,1.27,3.8
CDL3OUTSIDE,bear,trend_down,3.0,53,29,24,54.7,47.0,1.12,N,2.1,0.171,1.32,1.9
CDLMATCHINGLOW,bull,trend_down,0.5,19,9,10,47.4,41.2,0.54,N,1.39,0.157,1.36,52.6
CDLMATCHINGLOW,bull,trend_down,0.75,19,10,9,52.6,46.5,0.54,N,0.25,0.086,1.05,42.1
CDLMATCHINGLOW,bull,trend_down,1.0,19,11,8,57.9,45.6,1.07,N,1.02,0.157,1.21,26.3
CDLMATCHINGLOW,bull,trend_down,1.25,19,11,8,57.9,47.8,0.88,N,1.53,0.172,1.35,15.8
CDLMATCHINGLOW,bull,trend_down,1.5,19,12,7,63.2,45.2,1.58,N,3.43,0.264,1.99,10.5
CDLMATCHINGLOW,bull,trend_down,1.75,19,12,7,63.2,50.4,1.11,N,3.16,0.238,1.84,10.5
CDLMATCHINGLOW,bull,trend_down,2.0,19,12,7,63.2,51.3,1.03,N,2.88,0.212,1.72,10.5
CDLMATCHINGLOW,bull,trend_down,2.25,19,12,7,63.2,48.7,1.26,N,2.61,0.186,1.61,10.5
CDLMATCHINGLOW,bull,trend_down,2.5,19,12,7,63.2,47.4,1.38,N,2.34,0.159,1.51,10.5
CDLMATCHINGLOW,bull,trend_down,2.75,19,12,7,63.2,49.1,1.22,N,2.07,0.133,1.43,10.5
CDLMATCHINGLOW,bull,trend_down,3.0,19,12,7,63.2,46.5,1.46,N,1.8,0.107,1.35,10.5
CDLBELTHOLD,bull,atr_low,0.5,183,64,119,35.0,33.8,0.34,N,0.19,0.02,1.05,62.8
CDLBELTHOLD,bull,atr_low,0.75,183,79,104,43.2,42.0,0.32,N,0.19,0.016,1.04,44.8
CDLBELTHOLD,bull,atr_low,1.0,183,90,93,49.2,44.3,1.33,N,0.78,0.07,1.15,33.3
CDLBELTHOLD,bull,atr_low,1.25,183,95,88,51.9,46.2,1.56,N,1.05,0.083,1.21,23.0
CDLBELTHOLD,bull,atr_low,1.5,183,97,86,53.0,49.7,0.9,N,0.9,0.072,1.18,16.9
CDLBELTHOLD,bull,atr_low,1.75,183,97,86,53.0,48.1,1.32,N,0.77,0.061,1.15,11.5
CDLBELTHOLD,bull,atr_low,2.0,183,97,86,53.0,49.9,0.84,N,0.97,0.078,1.19,6.6
CDLBELTHOLD,bull,atr_low,2.25,183,97,86,53.0,50.1,0.78,N,0.83,0.067,1.16,6.0
CDLBELTHOLD,bull,atr_low,2.5,183,97,86,53.0,49.0,1.1,N,0.75,0.062,1.14,5.5
CDLBELTHOLD,bull,atr_low,2.75,183,97,86,53.0,48.5,1.21,N,0.58,0.048,1.11,5.5
CDLBELTHOLD,bull,atr_low,3.0,183,97,86,53.0,49.5,0.96,N,0.68,0.055,1.13,3.8
CDLMARUBOZU,bear,atr_high,0.5,23,11,12,47.8,32.6,1.56,N,1.21,0.051,1.31,43.5
CDLMARUBOZU,bear,atr_high,0.75,23,13,10,56.5,51.1,0.52,N,2.12,0.089,1.61,17.4
CDLMARUBOZU,bear,atr_high,1.0,23,14,9,60.9,47.1,1.32,N,2.86,0.139,1.96,8.7
CDLMARUBOZU,bear,atr_high,1.25,23,14,9,60.9,47.8,1.25,N,3.14,0.158,2.15,4.3
CDLMARUBOZU,bear,atr_high,1.5,23,14,9,60.9,50.7,0.97,N,2.98,0.147,2.04,4.3
CDLMARUBOZU,bear,atr_high,1.75,23,14,9,60.9,47.5,1.29,N,3.43,0.178,2.41,0.0
CDLMARUBOZU,bear,atr_high,2.0,23,14,9,60.9,47.8,1.25,N,3.43,0.178,2.41,0.0
CDLMARUBOZU,bear,atr_high,2.25,23,14,9,60.9,49.6,1.08,N,3.43,0.178,2.41,0.0
CDLMARUBOZU,bear,atr_high,2.5,23,14,9,60.9,48.6,1.18,N,3.43,0.178,2.41,0.0
CDLMARUBOZU,bear,atr_high,2.75,23,14,9,60.9,46.0,1.43,N,3.43,0.178,2.41,0.0
CDLMARUBOZU,bear,atr_high,3.0,23,14,9,60.9,50.0,1.04,N,3.43,0.178,2.41,0.0
CDLMARUBOZU,bear,trend_down,0.5,46,21,25,45.7,37.5,1.14,N,2.32,0.13,1.66,47.8
CDLMARUBOZU,bear,trend_down,0.75,46,23,23,50.0,38.9,1.54,N,2.17,0.121,1.56,30.4
CDLMARUBOZU,bear,trend_down,1.0,46,25,21,54.3,45.8,1.16,N,2.41,0.141,1.64,21.7
CDLMARUBOZU,bear,trend_down,1.25,46,25,21,54.3,47.3,0.96,N,1.97,0.106,1.47,17.4
CDLMARUBOZU,bear,trend_down,1.5,46,26,20,56.5,47.3,1.26,N,2.39,0.144,1.62,8.7
CDLMARUBOZU,bear,trend_down,1.75,46,26,20,56.5,49.6,0.93,N,2.4,0.143,1.63,6.5
CDLMARUBOZU,bear,trend_down,2.0,46,26,20,56.5,45.8,1.45,N,2.72,0.178,1.78,2.2
CDLMARUBOZU,bear,trend_down,2.25,46,26,20,56.5,48.7,1.06,N,2.63,0.172,1.73,2.2
CDLMARUBOZU,bear,trend_down,2.5,46,26,20,56.5,48.0,1.16,N,2.53,0.167,1.68,2.2
CDLMARUBOZU,bear,trend_down,2.75,46,26,20,56.5,52.2,0.59,N,2.44,0.161,1.64,2.2
CDLMARUBOZU,bear,trend_down,3.0,46,26,20,56.5,50.2,0.86,N,2.34,0.156,1.6,2.2
CDLMARUBOZU,bull,atr_low,0.5,50,21,29,42.0,33.2,1.33,N,1.65,0.146,1.44,56.0
CDLMARUBOZU,bull,atr_low,0.75,50,24,26,48.0,37.7,1.51,N,1.63,0.147,1.4,36.0
CDLMARUBOZU,bull,atr_low,1.0,50,28,22,56.0,46.5,1.35,N,2.59,0.224,1.66,24.0
CDLMARUBOZU,bull,atr_low,1.25,50,28,22,56.0,50.2,0.82,N,1.98,0.178,1.44,20.0
CDLMARUBOZU,bull,atr_low,1.5,50,29,21,58.0,52.0,0.85,N,2.24,0.203,1.52,12.0
CDLMARUBOZU,bull,atr_low,1.75,50,29,21,58.0,49.0,1.27,N,2.16,0.198,1.49,8.0
CDLMARUBOZU,bull,atr_low,2.0,50,29,21,58.0,49.7,1.18,N,2.37,0.225,1.57,4.0
CDLMARUBOZU,bull,atr_low,2.25,50,29,21,58.0,51.0,0.99,N,2.2,0.215,1.51,4.0
CDLMARUBOZU,bull,atr_low,2.5,50,29,21,58.0,52.5,0.78,N,2.04,0.205,1.45,4.0
CDLMARUBOZU,bull,atr_low,2.75,50,29,21,58.0,52.5,0.78,N,1.87,0.195,1.4,4.0
CDLMARUBOZU,bull,atr_low,3.0,50,29,21,58.0,51.8,0.87,N,1.97,0.201,1.43,2.0
CDLDOJI,bull,trend_down,0.5,163,54,109,33.1,34.9,-0.48,N,0.24,0.019,1.05,63.8
CDLDOJI,bull,trend_down,0.75,163,68,95,41.7,41.1,0.17,N,0.32,0.02,1.06,48.5
CDLDOJI,bull,trend_down,1.0,163,81,82,49.7,46.2,0.89,N,0.67,0.055,1.12,32.5
CDLDOJI,bull,trend_down,1.25,163,84,79,51.5,49.0,0.64,N,0.65,0.048,1.11,25.2
CDLDOJI,bull,trend_down,1.5,163,86,77,52.8,47.2,1.43,N,0.56,0.042,1.09,18.4
CDLDOJI,bull,trend_down,1.75,163,88,75,54.0,51.0,0.76,N,0.65,0.048,1.11,13.5
CDLDOJI,bull,trend_down,2.0,163,88,75,54.0,48.1,1.5,N,0.56,0.041,1.09,10.4
CDLDOJI,bull,trend_down,2.25,163,88,75,54.0,52.5,0.38,N,0.42,0.029,1.07,9.2
CDLDOJI,bull,trend_down,2.5,163,88,75,54.0,50.8,0.82,N,0.62,0.037,1.1,5.5
CDLDOJI,bull,trend_down,2.75,163,88,75,54.0,48.6,1.38,N,0.67,0.036,1.11,4.9
CDLDOJI,bull,trend_down,3.0,163,88,75,54.0,49.6,1.12,N,0.53,0.024,1.09,4.9
CDLENGULFING,bear,atr_low,0.5,184,69,115,37.5,32.4,1.47,N,0.95,0.09,1.24,57.6
CDLENGULFING,bear,atr_low,0.75,184,79,105,42.9,37.7,1.46,N,0.36,0.042,1.07,46.2
CDLENGULFING,bear,atr_low,1.0,184,85,99,46.2,44.3,0.51,N,-0.0,0.016,1.0,37.5
CDLENGULFING,bear,atr_low,1.25,184,88,96,47.8,44.9,0.8,N,-0.43,-0.011,0.93,28.8
CDLENGULFING,bear,atr_low,1.5,184,92,92,50.0,47.0,0.81,N,-0.49,-0.009,0.92,21.7
CDLENGULFING,bear,atr_low,1.75,184,93,91,50.5,48.6,0.54,N,-0.37,-0.008,0.94,15.8
CDLENGULFING,bear,atr_low,2.0,184,93,91,50.5,48.0,0.69,N,-0.31,0.0,0.95,10.3
CDLENGULFING,bear,atr_low,2.25,184,93,91,50.5,50.2,0.1,N,-0.51,-0.014,0.92,8.7
CDLENGULFING,bear,atr_low,2.5,184,93,91,50.5,49.2,0.36,N,-0.7,-0.026,0.89,8.2
CDLENGULFING,bear,atr_low,2.75,184,94,90,51.1,48.1,0.81,N,-0.48,-0.005,0.92,4.9
CDLENGULFING,bear,atr_low,3.0,184,94,90,51.1,48.6,0.68,N,-0.57,-0.012,0.91,4.3
CDLHIKKAKE,bull,rsi_mid_oversold,0.5,69,26,43,37.7,32.6,0.9,N,1.01,0.038,1.24,62.3
CDLHIKKAKE,bull,rsi_mid_oversold,0.75,69,31,38,44.9,39.7,0.88,N,0.88,0.033,1.16,49.3
CDLHIKKAKE,bull,rsi_mid_oversold,1.0,69,34,35,49.3,44.9,0.73,N,0.92,0.02,1.17,34.8
CDLHIKKAKE,bull,rsi_mid_oversold,1.25,69,37,32,53.6,44.9,1.45,N,1.82,0.081,1.38,18.8
CDLHIKKAKE,bull,rsi_mid_oversold,1.5,69,37,32,53.6,51.9,0.28,N,1.8,0.077,1.37,14.5
CDLHIKKAKE,bull,rsi_mid_oversold,1.75,69,38,31,55.1,48.6,1.08,N,2.03,0.098,1.43,8.7
CDLHIKKAKE,bull,rsi_mid_oversold,2.0,69,38,31,55.1,51.2,0.64,N,1.77,0.076,1.35,8.7
CDLHIKKAKE,bull,rsi_mid_oversold,2.25,69,38,31,55.1,48.9,1.02,N,1.59,0.06,1.31,7.2
CDLHIKKAKE,bull,rsi_mid_oversold,2.5,69,38,31,55.1,52.9,0.36,N,1.37,0.042,1.25,7.2
CDLHIKKAKE,bull,rsi_mid_oversold,2.75,69,38,31,55.1,48.3,1.12,N,1.52,0.051,1.29,5.8
CDLHIKKAKE,bull,rsi_mid_oversold,3.0,69,38,31,55.1,51.8,0.54,N,1.36,0.037,1.25,5.8
CDLHAMMER,bull,none,0.5,39,15,24,38.5,35.0,0.45,N,1.14,0.079,1.27,59.0
CDLHAMMER,bull,none,0.75,39,18,21,46.2,39.5,0.85,N,0.7,0.054,1.15,38.5
CDLHAMMER,bull,none,1.0,39,20,19,51.3,47.0,0.53,N,1.57,0.1,1.33,23.1
CDLHAMMER,bull,none,1.25,39,21,18,53.8,50.0,0.48,N,1.34,0.09,1.26,20.5
CDLHAMMER,bull,none,1.5,39,21,18,53.8,48.3,0.69,N,1.43,0.103,1.28,12.8
CDLHAMMER,bull,none,1.75,39,21,18,53.8,43.8,1.26,N,1.24,0.092,1.23,10.3
CDLHAMMER,bull,none,2.0,39,21,18,53.8,46.6,0.91,N,0.85,0.067,1.15,10.3
CDLHAMMER,bull,none,2.25,39,22,17,56.4,50.0,0.8,N,1.65,0.116,1.34,5.1
CDLHAMMER,bull,none,2.5,39,22,17,56.4,49.4,0.88,N,1.49,0.103,1.29,5.1
CDLHAMMER,bull,none,2.75,39,22,17,56.4,50.4,0.75,N,1.32,0.09,1.25,5.1
CDLHAMMER,bull,none,3.0,39,22,17,56.4,45.1,1.42,N,1.84,0.145,1.39,2.6
CDLHARAMICROSS,bear,atr_low,0.5,24,9,15,37.5,35.8,0.18,N,0.52,0.035,1.13,62.5
CDLHARAMICROSS,bear,atr_low,0.75,24,14,10,58.3,50.7,0.75,N,3.15,0.202,2.04,29.2
CDLHARAMICROSS,bear,atr_low,1.0,24,15,9,62.5,53.8,0.85,N,4.08,0.271,2.76,12.5
CDLHARAMICROSS,bear,atr_low,1.25,24,15,9,62.5,49.0,1.33,N,3.86,0.253,2.53,8.3
CDLHARAMICROSS,bear,atr_low,1.5,24,15,9,62.5,48.3,1.4,N,3.61,0.232,2.3,8.3
CDLHARAMICROSS,bear,atr_low,1.75,24,15,9,62.5,48.3,1.4,N,3.36,0.211,2.11,8.3
CDLHARAMICROSS,bear,atr_low,2.0,24,15,9,62.5,52.1,1.02,N,3.11,0.19,1.95,8.3
CDLHARAMICROSS,bear,atr_low,2.25,24,15,9,62.5,52.8,0.95,N,3.11,0.187,1.95,4.2
CDLHARAMICROSS,bear,atr_low,2.5,24,15,9,62.5,53.5,0.89,N,3.13,0.189,1.96,0.0
CDLHARAMICROSS,bear,atr_low,2.75,24,15,9,62.5,49.7,1.26,N,3.13,0.189,1.96,0.0
CDLHARAMICROSS,bear,atr_low,3.0,24,15,9,62.5,50.0,1.22,N,3.13,0.189,1.96,0.0
CDLHIGHWAVE,bull,rsi_mid_oversold,0.5,62,20,42,32.3,29.4,0.49,N,-0.62,-0.018,0.87,66.1
CDLHIGHWAVE,bull,rsi_mid_oversold,0.75,62,25,37,40.3,38.8,0.24,N,-0.69,-0.023,0.88,51.6
CDLHIGHWAVE,bull,rsi_mid_oversold,1.0,62,31,31,50.0,45.2,0.77,N,0.29,0.044,1.05,29.0
CDLHIGHWAVE,bull,rsi_mid_oversold,1.25,62,32,30,51.6,46.0,0.89,N,-0.06,0.021,0.99,24.2
CDLHIGHWAVE,bull,rsi_mid_oversold,1.5,62,33,29,53.2,47.3,0.93,N,-0.49,-0.006,0.92,21.0
CDLHIGHWAVE,bull,rsi_mid_oversold,1.75,62,34,28,54.8,48.9,0.93,N,-0.05,0.028,0.99,12.9
CDLHIGHWAVE,bull,rsi_mid_oversold,2.0,62,34,28,54.8,49.5,0.85,N,-0.05,0.02,0.99,11.3
CDLHIGHWAVE,bull,rsi_mid_oversold,2.25,62,34,28,54.8,46.0,1.4,N,-0.3,-0.001,0.95,9.7
CDLHIGHWAVE,bull,rsi_mid_oversold,2.5,62,35,27,56.5,48.4,1.27,N,0.37,0.032,1.06,6.5
CDLHIGHWAVE,bull,rsi_mid_oversold,2.75,62,35,27,56.5,48.8,1.21,N,0.19,0.016,1.03,6.5
CDLHIGHWAVE,bull,rsi_mid_oversold,3.0,62,35,27,56.5,50.1,0.99,N,0.01,-0.0,1.0,6.5
CDLSHORTLINE,bear,rsi_oversold,0.5,14,6,8,42.9,29.8,1.07,N,4.69,0.299,2.07,50.0
CDLSHORTLINE,bear,rsi_oversold,0.75,14,8,6,57.1,48.2,0.67,N,5.97,0.353,2.34,35.7
CDLSHORTLINE,bear,rsi_oversold,1.0,14,9,5,64.3,55.4,0.67,N,6.21,0.367,2.42,21.4
CDLSHORTLINE,bear,rsi_oversold,1.25,14,9,5,64.3,51.8,0.94,N,7.05,0.397,3.0,14.3
CDLSHORTLINE,bear,rsi_oversold,1.5,14,9,5,64.3,46.4,1.34,N,6.52,0.361,2.61,14.3
CDLSHORTLINE,bear,rsi_oversold,1.75,14,9,5,64.3,48.2,1.2,N,6.45,0.353,2.56,7.1
CDLSHORTLINE,bear,rsi_oversold,2.0,14,9,5,64.3,49.4,1.11,N,6.22,0.335,2.43,7.1
CDLSHORTLINE,bear,rsi_oversold,2.25,14,9,5,64.3,45.8,1.39,N,5.99,0.317,2.3,7.1
CDLSHORTLINE,bear,rsi_oversold,2.5,14,9,5,64.3,53.0,0.85,N,5.76,0.299,2.19,7.1
CDLSHORTLINE,bear,rsi_oversold,2.75,14,9,5,64.3,48.2,1.2,N,5.53,0.281,2.09,7.1
CDLSHORTLINE,bear,rsi_oversold,3.0,14,9,5,64.3,48.2,1.2,N,5.29,0.263,2.0,7.1
CDLHARAMI,bear,rsi_mid_overbought,0.5,29,14,15,48.3,39.4,0.98,N,3.53,0.253,2.03,51.7
CDLHARAMI,bear,rsi_mid_overbought,0.75,29,17,12,58.6,47.7,1.18,N,4.83,0.342,2.69,20.7
CDLHARAMI,bear,rsi_mid_overbought,1.0,29,17,12,58.6,48.6,1.08,N,4.87,0.341,2.73,13.8
CDLHARAMI,bear,rsi_mid_overbought,1.25,29,17,12,58.6,47.7,1.18,N,4.63,0.32,2.51,10.3
CDLHARAMI,bear,rsi_mid_overbought,1.5,29,17,12,58.6,53.4,0.56,N,4.38,0.3,2.33,6.9
CDLHARAMI,bear,rsi_mid_overbought,1.75,29,17,12,58.6,49.7,0.96,N,4.16,0.283,2.18,6.9
CDLHARAMI,bear,rsi_mid_overbought,2.0,29,17,12,58.6,46.0,1.37,N,3.94,0.266,2.05,6.9
CDLHARAMI,bear,rsi_mid_overbought,2.25,29,17,12,58.6,52.0,0.71,N,3.72,0.249,1.94,6.9
CDLHARAMI,bear,rsi_mid_overbought,2.5,29,17,12,58.6,51.7,0.74,N,3.5,0.231,1.84,6.9
CDLHARAMI,bear,rsi_mid_overbought,2.75,29,17,12,58.6,54.9,0.4,N,3.28,0.214,1.75,6.9
CDLHARAMI,bear,rsi_mid_overbought,3.0,29,17,12,58.6,49.4,0.99,N,3.06,0.197,1.66,6.9
CDL3INSIDE,bear,trend_up,0.5,10,3,7,30.0,21.7,0.64,N,-0.48,-0.073,0.89,70.0
CDL3INSIDE,bear,trend_up,0.75,10,6,4,60.0,39.2,1.35,N,4.13,0.303,2.3,30.0
CDL3INSIDE,bear,trend_up,1.0,10,6,4,60.0,51.7,0.53,N,4.91,0.365,3.05,0.0
CDL3INSIDE,bear,trend_up,1.25,10,6,4,60.0,51.7,0.53,N,4.91,0.365,3.05,0.0
CDL3INSIDE,bear,trend_up,1.5,10,6,4,60.0,49.2,0.69,N,4.91,0.365,3.05,0.0
CDL3INSIDE,bear,trend_up,1.75,10,6,4,60.0,50.8,0.58,N,4.91,0.365,3.05,0.0
CDL3INSIDE,bear,trend_up,2.0,10,6,4,60.0,49.2,0.69,N,4.91,0.365,3.05,0.0
CDL3INSIDE,bear,trend_up,2.25,10,6,4,60.0,55.0,0.32,N,4.91,0.365,3.05,0.0
CDL3INSIDE,bear,trend_up,2.5,10,6,4,60.0,51.7,0.53,N,4.91,0.365,3.05,0.0
CDL3INSIDE,bear,trend_up,2.75,10,6,4,60.0,53.3,0.42,N,4.91,0.365,3.05,0.0
CDL3INSIDE,bear,trend_up,3.0,10,6,4,60.0,42.5,1.12,N,4.91,0.365,3.05,0.0
CDL3OUTSIDE,bull,none,0.5,97,32,65,33.0,29.5,0.76,N,0.07,0.01,1.01,62.9
CDL3OUTSIDE,bull,none,0.75,97,44,53,45.4,41.2,0.83,N,0.98,0.085,1.19,45.4
CDL3OUTSIDE,bull,none,1.0,97,49,48,50.5,46.0,0.88,N,0.77,0.072,1.13,38.1
CDL3OUTSIDE,bull,none,1.25,97,52,45,53.6,48.7,0.96,N,1.38,0.11,1.23,23.7
CDL3OUTSIDE,bull,none,1.5,97,52,45,53.6,48.2,1.07,N,1.2,0.093,1.2,18.6
CDL3OUTSIDE,bull,none,1.75,97,52,45,53.6,50.2,0.68,N,1.16,0.085,1.19,12.4
CDL3OUTSIDE,bull,none,2.0,97,52,45,53.6,46.9,1.32,N,1.17,0.089,1.19,7.2
CDL3OUTSIDE,bull,none,2.25,97,52,45,53.6,51.2,0.47,N,0.93,0.071,1.15,7.2
CDL3OUTSIDE,bull,none,2.5,97,52,45,53.6,50.9,0.54,N,0.81,0.062,1.13,6.2
CDL3OUTSIDE,bull,none,2.75,97,52,45,53.6,50.5,0.61,N,0.69,0.053,1.1,3.1
CDL3OUTSIDE,bull,none,3.0,97,52,45,53.6,49.9,0.73,N,0.79,0.064,1.12,2.1
CDLENGULFING,bull,none,0.5,262,98,164,37.4,33.6,1.32,N,0.6,nan,1.14,57.3
CDLENGULFING,bull,none,0.75,262,112,150,42.7,39.9,0.95,N,0.11,nan,1.02,45.0
CDLENGULFING,bull,none,1.0,262,124,138,47.3,45.6,0.57,N,0.08,nan,1.01,34.0
CDLENGULFING,bull,none,1.25,262,128,134,48.9,46.5,0.75,N,-0.21,nan,0.96,24.0
CDLENGULFING,bull,none,1.5,262,132,130,50.4,47.4,0.97,N,-0.27,nan,0.96,18.3
CDLENGULFING,bull,none,1.75,262,133,129,50.8,49.0,0.56,N,-0.25,nan,0.96,13.7
CDLENGULFING,bull,none,2.0,262,133,129,50.8,49.0,0.56,N,-0.13,nan,0.98,8.4
CDLENGULFING,bull,none,2.25,262,133,129,50.8,47.9,0.92,N,-0.32,nan,0.95,7.3
CDLENGULFING,bull,none,2.5,262,133,129,50.8,48.7,0.67,N,-0.47,nan,0.93,6.5
CDLENGULFING,bull,none,2.75,262,134,128,51.1,49.1,0.66,N,-0.35,nan,0.94,4.2
CDLENGULFING,bull,none,3.0,262,134,128,51.1,48.9,0.72,N,-0.37,nan,0.94,3.4
CDL3OUTSIDE,bull,trend_up,0.5,44,14,30,31.8,29.9,0.27,N,-0.69,-0.045,0.85,61.4
CDL3OUTSIDE,bull,trend_up,0.75,44,21,23,47.7,43.4,0.58,N,0.69,0.076,1.15,36.4
CDL3OUTSIDE,bull,trend_up,1.0,44,23,21,52.3,52.1,0.03,N,0.69,0.061,1.14,29.5
CDL3OUTSIDE,bull,trend_up,1.25,44,23,21,52.3,42.6,1.3,N,0.4,0.036,1.08,18.2
CDL3OUTSIDE,bull,trend_up,1.5,44,23,21,52.3,45.8,0.86,N,0.14,0.008,1.02,15.9
CDL3OUTSIDE,bull,trend_up,1.75,44,23,21,52.3,48.1,0.55,N,-0.34,-0.031,0.94,15.9
CDL3OUTSIDE,bull,trend_up,2.0,44,23,21,52.3,49.2,0.4,N,-0.2,-0.019,0.96,6.8
CDL3OUTSIDE,bull,trend_up,2.25,44,23,21,52.3,47.9,0.58,N,-0.42,-0.036,0.93,6.8
CDL3OUTSIDE,bull,trend_up,2.5,44,23,21,52.3,51.1,0.15,N,-0.64,-0.053,0.9,6.8
CDL3OUTSIDE,bull,trend_up,2.75,44,23,21,52.3,46.0,0.83,N,-0.71,-0.059,0.89,2.3
CDL3OUTSIDE,bull,trend_up,3.0,44,23,21,52.3,49.4,0.38,N,-0.8,-0.064,0.88,2.3
CDLHARAMICROSS,bear,trend_up,0.5,16,6,10,37.5,35.4,0.17,N,-1.84,-0.098,0.54,56.2
CDLHARAMICROSS,bear,trend_up,0.75,16,9,7,56.2,40.6,1.27,N,0.02,0.028,1.01,25.0
CDLHARAMICROSS,bear,trend_up,1.0,16,9,7,56.2,49.5,0.54,N,-0.01,0.025,1.0,18.8
CDLHARAMICROSS,bear,trend_up,1.25,16,9,7,56.2,54.7,0.13,N,-0.4,-0.002,0.89,12.5
CDLHARAMICROSS,bear,trend_up,1.5,16,9,7,56.2,52.6,0.29,N,-0.85,-0.033,0.79,12.5
CDLHARAMICROSS,bear,trend_up,1.75,16,9,7,56.2,49.5,0.54,N,-0.9,-0.037,0.78,6.2
CDLHARAMICROSS,bear,trend_up,2.0,16,9,7,56.2,57.8,-0.13,N,-1.04,-0.046,0.76,0.0
CDLHARAMICROSS,bear,trend_up,2.25,16,9,7,56.2,50.0,0.5,N,-1.04,-0.046,0.76,0.0
CDLHARAMICROSS,bear,trend_up,2.5,16,9,7,56.2,50.0,0.5,N,-1.04,-0.046,0.76,0.0
CDLHARAMICROSS,bear,trend_up,2.75,16,9,7,56.2,54.7,0.13,N,-1.04,-0.046,0.76,0.0
CDLHARAMICROSS,bear,trend_up,3.0,16,9,7,56.2,48.4,0.63,N,-1.04,-0.046,0.76,0.0
CDLHIKKAKE,bear,rsi_mid_overbought,0.5,50,23,27,46.0,37.3,1.27,N,1.39,0.119,1.39,50.0
CDLHIKKAKE,bear,rsi_mid_overbought,0.75,50,25,25,50.0,42.8,1.02,N,0.55,0.058,1.12,38.0
CDLHIKKAKE,bear,rsi_mid_overbought,1.0,50,28,22,56.0,47.3,1.23,N,1.56,0.112,1.39,20.0
CDLHIKKAKE,bear,rsi_mid_overbought,1.25,50,28,22,56.0,49.8,0.87,N,1.55,0.1,1.39,16.0
CDLHIKKAKE,bear,rsi_mid_overbought,1.5,50,29,21,58.0,52.0,0.85,N,1.82,0.129,1.49,8.0
CDLHIKKAKE,bear,rsi_mid_overbought,1.75,50,29,21,58.0,49.7,1.18,N,1.72,0.121,1.45,4.0
CDLHIKKAKE,bear,rsi_mid_overbought,2.0,50,29,21,58.0,55.0,0.43,N,1.74,0.122,1.46,2.0
CDLHIKKAKE,bear,rsi_mid_overbought,2.25,50,29,21,58.0,51.3,0.94,N,1.68,0.117,1.44,2.0
CDLHIKKAKE,bear,rsi_mid_overbought,2.5,50,29,21,58.0,50.7,1.04,N,1.63,0.112,1.42,2.0
CDLHIKKAKE,bear,rsi_mid_overbought,2.75,50,29,21,58.0,51.3,0.94,N,1.57,0.107,1.4,2.0
CDLHIKKAKE,bear,rsi_mid_overbought,3.0,50,29,21,58.0,50.8,1.01,N,1.51,0.102,1.38,2.0
CDLLONGLINE,bear,trend_up,0.5,125,39,86,31.2,32.5,-0.32,N,-0.74,-0.024,0.85,67.2
CDLLONGLINE,bear,trend_up,0.75,125,53,72,42.4,41.4,0.23,N,-0.38,0.01,0.93,44.8
CDLLONGLINE,bear,trend_up,1.0,125,60,65,48.0,48.8,-0.18,N,0.34,0.067,1.06,29.6
CDLLONGLINE,bear,trend_up,1.25,125,61,64,48.8,48.7,0.03,N,0.34,0.067,1.06,20.0
CDLLONGLINE,bear,trend_up,1.5,125,64,61,51.2,48.0,0.72,N,0.44,0.074,1.08,15.2
CDLLONGLINE,bear,trend_up,1.75,125,64,61,51.2,45.5,1.27,N,0.25,0.057,1.04,9.6
CDLLONGLINE,bear,trend_up,2.0,125,64,61,51.2,51.9,-0.16,N,0.35,0.065,1.06,4.8
CDLLONGLINE,bear,trend_up,2.25,125,64,61,51.2,48.4,0.63,N,0.32,0.064,1.06,4.0
CDLLONGLINE,bear,trend_up,2.5,125,64,61,51.2,50.4,0.18,N,0.34,0.069,1.06,3.2
CDLLONGLINE,bear,trend_up,2.75,125,64,61,51.2,49.9,0.28,N,0.22,0.061,1.04,3.2
CDLLONGLINE,bear,trend_up,3.0,125,64,61,51.2,49.4,0.4,N,0.21,0.059,1.04,2.4
CDL3OUTSIDE,bull,rsi_mid_oversold,0.5,13,5,8,38.5,32.1,0.5,N,3.41,0.242,1.71,61.5
CDL3OUTSIDE,bull,rsi_mid_oversold,0.75,13,7,6,53.8,41.0,0.94,N,3.92,0.265,1.78,38.5
CDL3OUTSIDE,bull,rsi_mid_oversold,1.0,13,8,5,61.5,44.9,1.21,N,4.3,0.298,1.8,30.8
CDL3OUTSIDE,bull,rsi_mid_oversold,1.25,13,8,5,61.5,49.4,0.88,N,3.61,0.265,1.59,23.1
CDL3OUTSIDE,bull,rsi_mid_oversold,1.5,13,8,5,61.5,51.9,0.69,N,2.61,0.208,1.37,23.1
CDL3OUTSIDE,bull,rsi_mid_oversold,1.75,13,8,5,61.5,46.8,1.07,N,3.09,0.23,1.47,7.7
CDL3OUTSIDE,bull,rsi_mid_oversold,2.0,13,8,5,61.5,45.5,1.16,N,2.76,0.211,1.4,7.7
CDL3OUTSIDE,bull,rsi_mid_oversold,2.25,13,8,5,61.5,54.5,0.51,N,2.44,0.192,1.34,7.7
CDL3OUTSIDE,bull,rsi_mid_oversold,2.5,13,8,5,61.5,51.3,0.74,N,2.12,0.172,1.28,7.7
CDL3OUTSIDE,bull,rsi_mid_oversold,2.75,13,8,5,61.5,52.6,0.65,N,1.79,0.153,1.23,7.7
CDL3OUTSIDE,bull,rsi_mid_oversold,3.0,13,8,5,61.5,48.1,0.97,N,1.47,0.134,1.18,7.7
CDLBELTHOLD,bear,trend_up,0.5,110,40,70,36.4,35.4,0.22,N,-0.3,-0.009,0.93,60.9
CDLBELTHOLD,bear,trend_up,0.75,110,50,60,45.5,42.2,0.69,N,-0.14,0.005,0.97,40.9
CDLBELTHOLD,bear,trend_up,1.0,110,56,54,50.9,45.2,1.2,N,0.68,0.043,1.14,29.1
CDLBELTHOLD,bear,trend_up,1.25,110,58,52,52.7,47.7,1.07,N,0.62,0.036,1.12,21.8
CDLBELTHOLD,bear,trend_up,1.5,110,58,52,52.7,49.9,0.59,N,0.07,-0.008,1.01,20.0
CDLBELTHOLD,bear,trend_up,1.75,110,58,52,52.7,47.1,1.18,N,-0.1,-0.024,0.98,13.6
CDLBELTHOLD,bear,trend_up,2.0,110,58,52,52.7,50.2,0.52,N,-0.18,-0.032,0.97,10.0
CDLBELTHOLD,bear,trend_up,2.25,110,58,52,52.7,50.6,0.44,N,-0.39,-0.048,0.94,9.1
CDLBELTHOLD,bear,trend_up,2.5,110,58,52,52.7,48.9,0.79,N,-0.49,-0.054,0.92,8.2
CDLBELTHOLD,bear,trend_up,2.75,110,58,52,52.7,48.3,0.92,N,-0.76,-0.075,0.88,8.2
CDLBELTHOLD,bear,trend_up,3.0,110,58,52,52.7,49.0,0.78,N,-0.73,-0.076,0.89,6.4
CDL3INSIDE,bear,none,0.5,22,8,14,36.4,33.0,0.34,N,0.07,0.002,1.02,63.6
CDL3INSIDE,bear,none,0.75,22,11,11,50.0,42.4,0.72,N,1.23,0.109,1.27,40.9
CDL3INSIDE,bear,none,1.0,22,12,10,54.5,42.8,1.11,N,1.11,0.116,1.23,22.7
CDL3INSIDE,bear,none,1.25,22,12,10,54.5,46.6,0.75,N,0.25,0.06,1.04,22.7
CDL3INSIDE,bear,none,1.5,22,12,10,54.5,45.1,0.89,N,-0.61,0.003,0.91,22.7
CDL3INSIDE,bear,none,1.75,22,12,10,54.5,43.2,1.08,N,-0.92,-0.017,0.86,13.6
CDL3INSIDE,bear,none,2.0,22,12,10,54.5,47.3,0.68,N,-1.45,-0.051,0.8,13.6
CDL3INSIDE,bear,none,2.25,22,12,10,54.5,47.0,0.71,N,-1.98,-0.085,0.75,13.6
CDL3INSIDE,bear,none,2.5,22,13,9,59.1,46.6,1.18,N,-0.07,0.008,0.99,9.1
CDL3INSIDE,bear,none,2.75,22,13,9,59.1,50.4,0.82,N,-0.39,-0.015,0.94,9.1
CDL3INSIDE,bear,none,3.0,22,13,9,59.1,50.8,0.78,N,-0.7,-0.037,0.9,9.1
CDLLONGLINE,bear,rsi_mid_overbought,0.5,42,15,27,35.7,32.1,0.5,N,-0.42,-0.006,0.9,64.3
CDLLONGLINE,bear,rsi_mid_overbought,0.75,42,19,23,45.2,44.0,0.16,N,-0.22,0.024,0.95,42.9
CDLLONGLINE,bear,rsi_mid_overbought,1.0,42,22,20,52.4,51.0,0.18,N,2.43,0.204,1.59,21.4
CDLLONGLINE,bear,rsi_mid_overbought,1.25,42,23,19,54.8,51.0,0.49,N,3.05,0.233,1.81,14.3
CDLLONGLINE,bear,rsi_mid_overbought,1.5,42,23,19,54.8,48.6,0.8,N,2.65,0.197,1.63,14.3
CDLLONGLINE,bear,rsi_mid_overbought,1.75,42,23,19,54.8,51.8,0.39,N,2.63,0.197,1.62,7.1
CDLLONGLINE,bear,rsi_mid_overbought,2.0,42,23,19,54.8,50.8,0.51,N,2.75,0.208,1.67,2.4
CDLLONGLINE,bear,rsi_mid_overbought,2.25,42,23,19,54.8,45.8,1.16,N,2.68,0.202,1.65,2.4
CDLLONGLINE,bear,rsi_mid_overbought,2.5,42,23,19,54.8,54.8,0.0,N,3.1,0.238,1.83,0.0
CDLLONGLINE,bear,rsi_mid_overbought,2.75,42,23,19,54.8,47.4,0.95,N,3.1,0.238,1.83,0.0
CDLLONGLINE,bear,rsi_mid_overbought,3.0,42,23,19,54.8,46.8,1.03,N,3.1,0.238,1.83,0.0
CDLBELTHOLD,bear,none,0.5,285,99,186,34.7,33.3,0.52,N,-0.38,nan,0.92,61.1
CDLBELTHOLD,bear,none,0.75,285,123,162,43.2,41.8,0.45,N,-0.29,nan,0.94,42.8
CDLBELTHOLD,bear,none,1.0,285,137,148,48.1,46.5,0.52,N,0.17,nan,1.03,31.6
CDLBELTHOLD,bear,none,1.25,285,144,141,50.5,47.3,1.09,N,0.56,nan,1.11,22.1
CDLBELTHOLD,bear,none,1.5,285,146,139,51.2,48.7,0.87,N,0.33,nan,1.06,16.8
CDLBELTHOLD,bear,none,1.75,285,146,139,51.2,48.2,1.03,N,0.22,nan,1.04,11.6
CDLBELTHOLD,bear,none,2.0,285,146,139,51.2,48.0,1.08,N,0.18,nan,1.03,8.1
CDLBELTHOLD,bear,none,2.25,285,146,139,51.2,49.3,0.65,N,-0.02,nan,1.0,7.4
CDLBELTHOLD,bear,none,2.5,285,146,139,51.2,50.7,0.17,N,-0.12,nan,0.98,6.3
CDLBELTHOLD,bear,none,2.75,285,146,139,51.2,50.3,0.31,N,-0.26,nan,0.96,6.0
CDLBELTHOLD,bear,none,3.0,285,147,138,51.6,48.2,1.15,N,0.11,nan,1.02,3.9
CDLADVANCEBLOCK,bear,trend_up,0.5,18,9,9,50.0,40.7,0.8,N,2.13,0.127,1.54,50.0
CDLADVANCEBLOCK,bear,trend_up,0.75,18,9,9,50.0,37.5,1.1,N,0.17,0.002,1.03,50.0
CDLADVANCEBLOCK,bear,trend_up,1.0,18,9,9,50.0,45.4,0.39,N,-1.78,-0.123,0.77,50.0
CDLADVANCEBLOCK,bear,trend_up,1.25,18,11,7,61.1,47.7,1.14,N,-0.84,-0.014,0.89,33.3
CDLADVANCEBLOCK,bear,trend_up,1.5,18,11,7,61.1,57.4,0.32,N,-1.88,-0.08,0.78,27.8
CDLADVANCEBLOCK,bear,trend_up,1.75,18,11,7,61.1,55.1,0.51,N,-2.75,-0.13,0.71,22.2
CDLADVANCEBLOCK,bear,trend_up,2.0,18,11,7,61.1,49.1,1.02,N,-3.25,-0.153,0.68,16.7
CDLADVANCEBLOCK,bear,trend_up,2.25,18,11,7,61.1,48.6,1.06,N,-3.08,-0.14,0.69,11.1
CDLADVANCEBLOCK,bear,trend_up,2.5,18,11,7,61.1,49.5,0.98,N,-3.6,-0.168,0.66,11.1
CDLADVANCEBLOCK,bear,trend_up,2.75,18,11,7,61.1,48.6,1.06,N,-4.12,-0.196,0.63,11.1
CDLADVANCEBLOCK,bear,trend_up,3.0,18,11,7,61.1,53.2,0.67,N,-2.92,-0.124,0.7,0.0
CDLHAMMER,bull,rsi_mid_oversold,0.5,25,11,14,44.0,39.0,0.51,N,1.83,0.112,1.5,56.0
CDLHAMMER,bull,rsi_mid_oversold,0.75,25,13,12,52.0,43.7,0.84,N,1.76,0.114,1.46,32.0
CDLHAMMER,bull,rsi_mid_oversold,1.0,25,13,12,52.0,52.0,0.0,N,1.22,0.078,1.28,24.0
CDLHAMMER,bull,rsi_mid_oversold,1.25,25,14,11,56.0,50.3,0.57,N,1.37,0.092,1.3,20.0
CDLHAMMER,bull,rsi_mid_oversold,1.5,25,14,11,56.0,49.3,0.67,N,2.0,0.142,1.51,8.0
CDLHAMMER,bull,rsi_mid_oversold,1.75,25,14,11,56.0,47.0,0.9,N,2.2,0.156,1.59,4.0
CDLHAMMER,bull,rsi_mid_oversold,2.0,25,14,11,56.0,50.0,0.6,N,2.1,0.146,1.55,4.0
CDLHAMMER,bull,rsi_mid_oversold,2.25,25,14,11,56.0,44.7,1.14,N,2.0,0.136,1.51,4.0
CDLHAMMER,bull,rsi_mid_oversold,2.5,25,14,11,56.0,47.7,0.83,N,1.9,0.126,1.47,4.0
CDLHAMMER,bull,rsi_mid_oversold,2.75,25,14,11,56.0,52.7,0.33,N,1.8,0.116,1.44,4.0
CDLHAMMER,bull,rsi_mid_oversold,3.0,25,14,11,56.0,47.3,0.87,N,2.76,0.211,1.87,0.0
CDLHANGINGMAN,bear,trend_down,0.5,10,4,6,40.0,36.7,0.22,N,2.3,0.188,1.55,50.0
CDLHANGINGMAN,bear,trend_down,0.75,10,4,6,40.0,46.7,-0.42,N,0.49,0.063,1.08,50.0
CDLHANGINGMAN,bear,trend_down,1.0,10,5,5,50.0,33.3,1.12,N,1.26,0.135,1.23,30.0
CDLHANGINGMAN,bear,trend_down,1.25,10,5,5,50.0,42.5,0.48,N,3.14,0.26,1.86,0.0
CDLHANGINGMAN,bear,trend_down,1.5,10,5,5,50.0,43.3,0.43,N,3.14,0.26,1.86,0.0
CDLHANGINGMAN,bear,trend_down,1.75,10,5,5,50.0,45.8,0.26,N,3.14,0.26,1.86,0.0
CDLHANGINGMAN,bear,trend_down,2.0,10,5,5,50.0,44.2,0.37,N,3.14,0.26,1.86,0.0
CDLHANGINGMAN,bear,trend_down,2.25,10,5,5,50.0,43.3,0.43,N,3.14,0.26,1.86,0.0
CDLHANGINGMAN,bear,trend_down,2.5,10,5,5,50.0,45.8,0.26,N,3.14,0.26,1.86,0.0
CDLHANGINGMAN,bear,trend_down,2.75,10,5,5,50.0,44.2,0.37,N,3.14,0.26,1.86,0.0
CDLHANGINGMAN,bear,trend_down,3.0,10,5,5,50.0,51.7,-0.11,N,3.14,0.26,1.86,0.0
CDLHIGHWAVE,bull,rsi_oversold,0.5,14,6,8,42.9,31.0,0.96,N,6.6,0.38,2.47,57.1
CDLHIGHWAVE,bull,rsi_oversold,0.75,14,7,7,50.0,35.7,1.12,N,6.81,0.394,2.46,35.7
CDLHIGHWAVE,bull,rsi_oversold,1.0,14,7,7,50.0,48.2,0.13,N,5.98,0.36,2.09,28.6
CDLHIGHWAVE,bull,rsi_oversold,1.25,14,7,7,50.0,53.6,-0.27,N,5.33,0.323,1.87,21.4
CDLHIGHWAVE,bull,rsi_oversold,1.5,14,7,7,50.0,45.8,0.31,N,4.4,0.27,1.62,21.4
CDLHIGHWAVE,bull,rsi_oversold,1.75,14,7,7,50.0,54.8,-0.36,N,3.92,0.244,1.52,14.3
CDLHIGHWAVE,bull,rsi_oversold,2.0,14,7,7,50.0,56.5,-0.49,N,3.69,0.23,1.47,7.1
CDLHIGHWAVE,bull,rsi_oversold,2.25,14,7,7,50.0,48.2,0.13,N,3.39,0.212,1.42,7.1
CDLHIGHWAVE,bull,rsi_oversold,2.5,14,7,7,50.0,52.4,-0.18,N,4.03,0.25,1.54,0.0
CDLHIGHWAVE,bull,rsi_oversold,2.75,14,7,7,50.0,47.0,0.22,N,4.03,0.25,1.54,0.0
CDLHIGHWAVE,bull,rsi_oversold,3.0,14,7,7,50.0,47.0,0.22,N,4.03,0.25,1.54,0.0
CDLHANGINGMAN,bear,trend_up,0.5,17,7,10,41.2,28.9,1.11,N,-0.24,-0.008,0.94,58.8
CDLHANGINGMAN,bear,trend_up,0.75,17,9,8,52.9,45.1,0.65,N,0.07,0.011,1.01,41.2
CDLHANGINGMAN,bear,trend_up,1.0,17,9,8,52.9,51.5,0.12,N,-1.4,-0.092,0.77,41.2
CDLHANGINGMAN,bear,trend_up,1.25,17,10,7,58.8,52.0,0.57,N,-0.7,-0.03,0.88,23.5
CDLHANGINGMAN,bear,trend_up,1.5,17,10,7,58.8,45.6,1.1,N,0.39,0.004,1.08,11.8
CDLHANGINGMAN,bear,trend_up,1.75,17,10,7,58.8,48.0,0.89,N,0.01,-0.025,1.0,11.8
CDLHANGINGMAN,bear,trend_up,2.0,17,10,7,58.8,52.0,0.57,N,0.05,-0.023,1.01,5.9
CDLHANGINGMAN,bear,trend_up,2.25,17,10,7,58.8,51.0,0.65,N,-0.13,-0.038,0.98,5.9
CDLHANGINGMAN,bear,trend_up,2.5,17,10,7,58.8,49.0,0.81,N,-0.32,-0.052,0.94,5.9
CDLHANGINGMAN,bear,trend_up,2.75,17,10,7,58.8,49.0,0.81,N,-0.5,-0.067,0.91,5.9
CDLHANGINGMAN,bear,trend_up,3.0,17,10,7,58.8,45.6,1.1,N,-0.68,-0.082,0.89,5.9
CDLHAMMER,bull,trend_down,0.5,30,12,18,40.0,40.6,-0.06,N,1.58,0.104,1.37,60.0
CDLHAMMER,bull,trend_down,0.75,30,15,15,50.0,43.1,0.77,N,1.38,0.098,1.3,36.7
CDLHAMMER,bull,trend_down,1.0,30,16,14,53.3,48.9,0.49,N,1.62,0.104,1.34,26.7
CDLHAMMER,bull,trend_down,1.25,30,17,13,56.7,46.9,1.07,N,1.45,0.099,1.28,23.3
CDLHAMMER,bull,trend_down,1.5,30,17,13,56.7,49.4,0.79,N,1.68,0.124,1.33,13.3
CDLHAMMER,bull,trend_down,1.75,30,17,13,56.7,52.2,0.49,N,1.56,0.119,1.3,10.0
CDLHAMMER,bull,trend_down,2.0,30,17,13,56.7,53.1,0.4,N,1.18,0.094,1.21,10.0
CDLHAMMER,bull,trend_down,2.25,30,17,13,56.7,48.9,0.85,N,1.18,0.088,1.21,6.7
CDLHAMMER,bull,trend_down,2.5,30,17,13,56.7,46.9,1.07,N,0.97,0.071,1.17,6.7
CDLHAMMER,bull,trend_down,2.75,30,17,13,56.7,50.8,0.64,N,0.76,0.055,1.13,6.7
CDLHAMMER,bull,trend_down,3.0,30,17,13,56.7,47.8,0.97,N,1.43,0.126,1.27,3.3
CDLHARAMICROSS,bull,none,0.5,41,13,28,31.7,33.5,-0.25,N,-1.26,nan,0.73,65.9
CDLHARAMICROSS,bull,none,0.75,41,20,21,48.8,41.7,0.92,N,0.62,nan,1.15,34.1
CDLHARAMICROSS,bull,none,1.0,41,21,20,51.2,48.2,0.39,N,0.81,nan,1.2,22.0
CDLHARAMICROSS,bull,none,1.25,41,22,19,53.7,51.8,0.23,N,1.24,nan,1.3,17.1
CDLHARAMICROSS,bull,none,1.5,41,22,19,53.7,50.0,0.47,N,0.74,nan,1.16,14.6
CDLHARAMICROSS,bull,none,1.75,41,22,19,53.7,45.3,1.07,N,0.39,nan,1.08,12.2
CDLHARAMICROSS,bull,none,2.0,41,22,19,53.7,51.6,0.26,N,0.78,nan,1.17,4.9
CDLHARAMICROSS,bull,none,2.25,41,22,19,53.7,51.0,0.34,N,0.78,nan,1.17,2.4
CDLHARAMICROSS,bull,none,2.5,41,22,19,53.7,50.4,0.42,N,0.79,nan,1.17,0.0
CDLHARAMICROSS,bull,none,2.75,41,22,19,53.7,50.0,0.47,N,0.79,nan,1.17,0.0
CDLHARAMICROSS,bull,none,3.0,41,22,19,53.7,54.9,-0.16,N,0.79,nan,1.17,0.0
CDLSHORTLINE,bull,trend_down,0.5,194,74,120,38.1,37.1,0.31,N,0.29,0.013,1.07,49.5
CDLSHORTLINE,bull,trend_down,0.75,194,91,103,46.9,45.4,0.43,N,0.68,0.039,1.16,33.0
CDLSHORTLINE,bull,trend_down,1.0,194,97,97,50.0,47.9,0.6,N,0.58,0.034,1.13,24.2
CDLSHORTLINE,bull,trend_down,1.25,194,99,95,51.0,50.0,0.29,N,0.73,0.046,1.16,16.5
CDLSHORTLINE,bull,trend_down,1.5,194,99,95,51.0,47.7,0.92,N,0.49,0.033,1.1,12.4
CDLSHORTLINE,bull,trend_down,1.75,194,99,95,51.0,48.6,0.68,N,0.45,0.032,1.1,6.7
CDLSHORTLINE,bull,trend_down,2.0,194,99,95,51.0,48.2,0.78,N,0.41,0.033,1.09,5.2
CDLSHORTLINE,bull,trend_down,2.25,194,99,95,51.0,47.2,1.07,N,0.45,0.035,1.1,4.1
CDLSHORTLINE,bull,trend_down,2.5,194,100,94,51.5,50.0,0.44,N,0.56,0.039,1.12,3.1
CDLSHORTLINE,bull,trend_down,2.75,194,100,94,51.5,49.7,0.5,N,0.46,0.034,1.1,2.6
CDLSHORTLINE,bull,trend_down,3.0,194,100,94,51.5,51.5,0.01,N,0.64,0.039,1.14,2.1
CDLSPINNINGTOP,bull,atr_high,0.5,128,47,81,36.7,32.3,1.07,N,-0.3,-0.041,0.94,59.4
CDLSPINNINGTOP,bull,atr_high,0.75,128,56,72,43.8,43.5,0.06,N,-0.47,-0.049,0.92,44.5
CDLSPINNINGTOP,bull,atr_high,1.0,128,60,68,46.9,45.6,0.28,N,-1.05,-0.084,0.84,33.6
CDLSPINNINGTOP,bull,atr_high,1.25,128,63,65,49.2,50.1,-0.21,N,-0.74,-0.068,0.89,22.7
CDLSPINNINGTOP,bull,atr_high,1.5,128,63,65,49.2,50.3,-0.25,N,-1.28,-0.099,0.82,18.8
CDLSPINNINGTOP,bull,atr_high,1.75,128,63,65,49.2,51.3,-0.47,N,-1.56,-0.117,0.79,12.5
CDLSPINNINGTOP,bull,atr_high,2.0,128,63,65,49.2,47.9,0.31,N,-1.8,-0.131,0.77,10.2
CDLSPINNINGTOP,bull,atr_high,2.25,128,63,65,49.2,49.9,-0.15,N,-1.67,-0.121,0.78,7.0
CDLSPINNINGTOP,bull,atr_high,2.5,128,64,64,50.0,50.5,-0.1,N,-1.33,-0.102,0.82,4.7
CDLSPINNINGTOP,bull,atr_high,2.75,128,64,64,50.0,48.6,0.31,N,-1.44,-0.109,0.81,3.9
CDLSPINNINGTOP,bull,atr_high,3.0,128,64,64,50.0,48.9,0.25,N,-1.58,-0.119,0.79,3.9
CDLSPINNINGTOP,bull,rsi_mid_oversold,0.5,124,44,80,35.5,31.0,1.07,N,0.09,-0.005,1.02,61.3
CDLSPINNINGTOP,bull,rsi_mid_oversold,0.75,124,54,70,43.5,39.2,0.98,N,-0.05,-0.016,0.99,48.4
CDLSPINNINGTOP,bull,rsi_mid_oversold,1.0,124,62,62,50.0,49.3,0.15,N,0.38,0.015,1.07,30.6
CDLSPINNINGTOP,bull,rsi_mid_oversold,1.25,124,63,61,50.8,47.5,0.73,N,-0.08,-0.015,0.99,24.2
CDLSPINNINGTOP,bull,rsi_mid_oversold,1.5,124,64,60,51.6,47.8,0.84,N,-0.57,-0.05,0.91,20.2
CDLSPINNINGTOP,bull,rsi_mid_oversold,1.75,124,65,59,52.4,49.4,0.67,N,-0.45,-0.036,0.93,13.7
CDLSPINNINGTOP,bull,rsi_mid_oversold,2.0,124,65,59,52.4,49.6,0.63,N,-0.45,-0.039,0.93,11.3
CDLSPINNINGTOP,bull,rsi_mid_oversold,2.25,124,66,58,53.2,48.7,1.0,N,-0.26,-0.026,0.96,8.9
CDLSPINNINGTOP,bull,rsi_mid_oversold,2.5,124,67,57,54.0,51.7,0.52,N,-0.01,-0.015,1.0,6.5
CDLSPINNINGTOP,bull,rsi_mid_oversold,2.75,124,67,57,54.0,51.2,0.63,N,-0.21,-0.03,0.97,5.6
CDLSPINNINGTOP,bull,rsi_mid_oversold,3.0,124,67,57,54.0,50.2,0.85,N,-0.4,-0.044,0.94,5.6
CDLDRAGONFLYDOJI,bull,atr_high,0.5,24,11,13,45.8,44.8,0.1,N,0.47,0.03,1.1,54.2
CDLDRAGONFLYDOJI,bull,atr_high,0.75,24,13,11,54.2,45.5,0.85,N,1.81,0.118,1.42,25.0
CDLDRAGONFLYDOJI,bull,atr_high,1.0,24,13,11,54.2,50.7,0.34,N,1.24,0.084,1.26,16.7
CDLDRAGONFLYDOJI,bull,atr_high,1.25,24,13,11,54.2,50.3,0.37,N,0.86,0.065,1.17,12.5
CDLDRAGONFLYDOJI,bull,atr_high,1.5,24,13,11,54.2,53.1,0.1,N,0.83,0.06,1.16,4.2
CDLDRAGONFLYDOJI,bull,atr_high,1.75,24,13,11,54.2,50.3,0.37,N,0.68,0.05,1.13,4.2
CDLDRAGONFLYDOJI,bull,atr_high,2.0,24,13,11,54.2,43.4,1.06,N,0.92,0.067,1.18,0.0
CDLDRAGONFLYDOJI,bull,atr_high,2.25,24,13,11,54.2,52.1,0.2,N,0.92,0.067,1.18,0.0
CDLDRAGONFLYDOJI,bull,atr_high,2.5,24,13,11,54.2,49.3,0.48,N,0.92,0.067,1.18,0.0
CDLDRAGONFLYDOJI,bull,atr_high,2.75,24,13,11,54.2,49.3,0.48,N,0.92,0.067,1.18,0.0
CDLDRAGONFLYDOJI,bull,atr_high,3.0,24,13,11,54.2,51.4,0.27,N,0.92,0.067,1.18,0.0
CDLMATCHINGLOW,bull,rsi_mid_oversold,0.5,14,5,9,35.7,33.3,0.19,N,-0.76,-0.011,0.84,64.3
CDLMATCHINGLOW,bull,rsi_mid_oversold,0.75,14,6,8,42.9,41.7,0.09,N,-1.97,-0.089,0.67,50.0
CDLMATCHINGLOW,bull,rsi_mid_oversold,1.0,14,7,7,50.0,48.8,0.09,N,-1.63,-0.032,0.75,35.7
CDLMATCHINGLOW,bull,rsi_mid_oversold,1.25,14,7,7,50.0,41.7,0.63,N,-0.93,-0.011,0.84,21.4
CDLMATCHINGLOW,bull,rsi_mid_oversold,1.5,14,8,6,57.1,43.5,1.03,N,1.64,0.114,1.37,14.3
CDLMATCHINGLOW,bull,rsi_mid_oversold,1.75,14,8,6,57.1,53.0,0.31,N,1.27,0.079,1.26,14.3
CDLMATCHINGLOW,bull,rsi_mid_oversold,2.0,14,8,6,57.1,45.8,0.85,N,0.9,0.043,1.17,14.3
CDLMATCHINGLOW,bull,rsi_mid_oversold,2.25,14,8,6,57.1,47.0,0.76,N,0.53,0.007,1.1,14.3
CDLMATCHINGLOW,bull,rsi_mid_oversold,2.5,14,8,6,57.1,48.8,0.62,N,0.16,-0.028,1.03,14.3
CDLMATCHINGLOW,bull,rsi_mid_oversold,2.75,14,8,6,57.1,46.4,0.8,N,-0.21,-0.064,0.97,14.3
CDLMATCHINGLOW,bull,rsi_mid_oversold,3.0,14,8,6,57.1,50.0,0.53,N,-0.57,-0.1,0.91,14.3
CDL3INSIDE,bull,trend_down,0.5,12,5,7,41.7,28.5,1.01,N,0.53,0.065,1.13,58.3
CDL3INSIDE,bull,trend_down,0.75,12,5,7,41.7,34.0,0.56,N,-1.18,-0.052,0.79,50.0
CDL3INSIDE,bull,trend_down,1.0,12,6,6,50.0,40.3,0.69,N,-2.06,-0.091,0.69,41.7
CDL3INSIDE,bull,trend_down,1.25,12,6,6,50.0,52.1,-0.14,N,-3.64,-0.195,0.56,41.7
CDL3INSIDE,bull,trend_down,1.5,12,6,6,50.0,42.4,0.54,N,-5.21,-0.299,0.47,41.7
CDL3INSIDE,bull,trend_down,1.75,12,6,6,50.0,41.0,0.64,N,-5.77,-0.334,0.44,25.0
CDL3INSIDE,bull,trend_down,2.0,12,6,6,50.0,38.9,0.79,N,-6.74,-0.397,0.41,25.0
CDL3INSIDE,bull,trend_down,2.25,12,6,6,50.0,40.3,0.69,N,-7.71,-0.459,0.37,25.0
CDL3INSIDE,bull,trend_down,2.5,12,7,5,58.3,43.8,1.02,N,-4.23,-0.289,0.55,16.7
CDL3INSIDE,bull,trend_down,2.75,12,7,5,58.3,51.4,0.48,N,-4.8,-0.331,0.51,16.7
CDL3INSIDE,bull,trend_down,3.0,12,7,5,58.3,47.2,0.77,N,-5.37,-0.373,0.49,16.7
CDLSPINNINGTOP,bull,atr_low,0.5,284,92,192,32.4,29.6,1.02,N,-0.08,-0.012,0.98,60.9
CDLSPINNINGTOP,bull,atr_low,0.75,284,117,167,41.2,41.4,-0.08,N,0.04,-0.007,1.01,45.1
CDLSPINNINGTOP,bull,atr_low,1.0,284,130,154,45.8,46.2,-0.14,N,0.41,0.029,1.08,30.3
CDLSPINNINGTOP,bull,atr_low,1.25,284,135,149,47.5,47.4,0.06,N,0.44,0.031,1.09,21.5
CDLSPINNINGTOP,bull,atr_low,1.5,284,137,147,48.2,47.7,0.19,N,0.26,0.016,1.05,17.6
CDLSPINNINGTOP,bull,atr_low,1.75,284,138,146,48.6,48.4,0.05,N,0.11,0.005,1.02,14.1
CDLSPINNINGTOP,bull,atr_low,2.0,284,139,145,48.9,50.6,-0.55,N,0.17,0.007,1.03,9.9
CDLSPINNINGTOP,bull,atr_low,2.25,284,141,143,49.6,48.5,0.39,N,0.34,0.021,1.06,7.4
CDLSPINNINGTOP,bull,atr_low,2.5,284,141,143,49.6,50.8,-0.38,N,0.21,0.011,1.04,6.0
CDLSPINNINGTOP,bull,atr_low,2.75,284,141,143,49.6,49.1,0.17,N,0.11,0.002,1.02,3.9
CDLSPINNINGTOP,bull,atr_low,3.0,284,141,143,49.6,51.1,-0.49,N,-0.01,-0.008,1.0,3.9
CDLDRAGONFLYDOJI,bull,rsi_mid_oversold,0.5,20,10,10,50.0,39.2,0.99,N,1.89,0.124,1.45,50.0
CDLDRAGONFLYDOJI,bull,rsi_mid_oversold,0.75,20,10,10,50.0,41.7,0.76,N,0.86,0.049,1.17,40.0
CDLDRAGONFLYDOJI,bull,rsi_mid_oversold,1.0,20,10,10,50.0,48.8,0.11,N,0.36,0.019,1.06,25.0
CDLDRAGONFLYDOJI,bull,rsi_mid_oversold,1.25,20,11,9,55.0,47.5,0.67,N,1.01,0.08,1.19,15.0
CDLDRAGONFLYDOJI,bull,rsi_mid_oversold,1.5,20,11,9,55.0,50.0,0.45,N,0.85,0.069,1.15,5.0
CDLDRAGONFLYDOJI,bull,rsi_mid_oversold,1.75,20,11,9,55.0,47.1,0.71,N,0.67,0.057,1.11,5.0
CDLDRAGONFLYDOJI,bull,rsi_mid_oversold,2.0,20,11,9,55.0,54.6,0.04,N,0.48,0.044,1.08,5.0
CDLDRAGONFLYDOJI,bull,rsi_mid_oversold,2.25,20,11,9,55.0,47.1,0.71,N,1.69,0.127,1.35,0.0
CDLDRAGONFLYDOJI,bull,rsi_mid_oversold,2.5,20,11,9,55.0,54.2,0.07,N,1.69,0.127,1.35,0.0
CDLDRAGONFLYDOJI,bull,rsi_mid_oversold,2.75,20,11,9,55.0,49.2,0.52,N,1.69,0.127,1.35,0.0
CDLDRAGONFLYDOJI,bull,rsi_mid_oversold,3.0,20,11,9,55.0,53.8,0.11,N,1.69,0.127,1.35,0.0
CDLGRAVESTONEDOJI,bear,atr_high,0.5,13,6,7,46.2,39.1,0.52,N,2.71,0.126,1.66,46.2
CDLGRAVESTONEDOJI,bear,atr_high,0.75,13,6,7,46.2,39.1,0.52,N,2.31,0.107,1.51,30.8
CDLGRAVESTONEDOJI,bear,atr_high,1.0,13,7,6,53.8,40.4,0.99,N,3.1,0.151,1.68,23.1
CDLGRAVESTONEDOJI,bear,atr_high,1.25,13,7,6,53.8,49.4,0.32,N,3.13,0.16,1.69,15.4
CDLGRAVESTONEDOJI,bear,atr_high,1.5,13,7,6,53.8,57.1,-0.23,N,3.2,0.16,1.72,7.7
CDLGRAVESTONEDOJI,bear,atr_high,1.75,13,7,6,53.8,52.6,0.09,N,2.86,0.141,1.6,7.7
CDLGRAVESTONEDOJI,bear,atr_high,2.0,13,7,6,53.8,47.4,0.46,N,2.53,0.122,1.5,7.7
CDLGRAVESTONEDOJI,bear,atr_high,2.25,13,7,6,53.8,52.6,0.09,N,2.58,0.125,1.51,0.0
CDLGRAVESTONEDOJI,bear,atr_high,2.5,13,7,6,53.8,48.7,0.37,N,2.58,0.125,1.51,0.0
CDLGRAVESTONEDOJI,bear,atr_high,2.75,13,7,6,53.8,53.2,0.05,N,2.58,0.125,1.51,0.0
CDLGRAVESTONEDOJI,bear,atr_high,3.0,13,7,6,53.8,46.8,0.51,N,2.58,0.125,1.51,0.0
CDLSPINNINGTOP,bull,none,0.5,427,146,281,34.2,32.7,0.66,N,-0.18,nan,0.96,59.7
CDLSPINNINGTOP,bull,none,0.75,427,181,246,42.4,40.1,0.98,N,-0.16,nan,0.97,44.5
CDLSPINNINGTOP,bull,none,1.0,427,199,228,46.6,45.7,0.36,N,-0.09,nan,0.98,31.1
CDLSPINNINGTOP,bull,none,1.25,427,207,220,48.5,49.6,-0.48,N,0.02,nan,1.0,21.8
CDLSPINNINGTOP,bull,none,1.5,427,209,218,48.9,49.5,-0.23,N,-0.28,nan,0.95,18.0
CDLSPINNINGTOP,bull,none,1.75,427,210,217,49.2,50.0,-0.32,N,-0.47,nan,0.92,13.6
CDLSPINNINGTOP,bull,none,2.0,427,211,216,49.4,49.1,0.15,N,-0.46,nan,0.92,9.6
CDLSPINNINGTOP,bull,none,2.25,427,213,214,49.9,50.4,-0.22,N,-0.31,nan,0.95,7.0
CDLSPINNINGTOP,bull,none,2.5,427,214,213,50.1,49.4,0.29,N,-0.3,nan,0.95,5.4
CDLSPINNINGTOP,bull,none,2.75,427,214,213,50.1,49.9,0.1,N,-0.4,nan,0.94,3.7
CDLSPINNINGTOP,bull,none,3.0,427,214,213,50.1,48.1,0.82,N,-0.52,nan,0.92,3.7
CDLDOJI,bull,atr_low,0.5,180,60,120,33.3,33.1,0.07,N,0.41,0.019,1.1,59.4
CDLDOJI,bull,atr_low,0.75,180,76,104,42.2,42.5,-0.08,N,0.68,0.03,1.15,43.3
CDLDOJI,bull,atr_low,1.0,180,85,95,47.2,45.4,0.5,N,0.68,0.032,1.14,31.7
CDLDOJI,bull,atr_low,1.25,180,88,92,48.9,49.2,-0.07,N,0.58,0.023,1.11,22.8
CDLDOJI,bull,atr_low,1.5,180,89,91,49.4,49.3,0.05,N,0.26,0.0,1.05,18.3
CDLDOJI,bull,atr_low,1.75,180,91,89,50.6,49.4,0.32,N,0.34,0.005,1.06,13.9
CDLDOJI,bull,atr_low,2.0,180,91,89,50.6,49.8,0.21,N,0.23,-0.007,1.04,11.1
CDLDOJI,bull,atr_low,2.25,180,91,89,50.6,49.4,0.3,N,0.22,-0.009,1.04,9.4
CDLDOJI,bull,atr_low,2.5,180,91,89,50.6,48.2,0.63,N,0.1,-0.02,1.02,7.2
CDLDOJI,bull,atr_low,2.75,180,91,89,50.6,46.9,0.97,N,0.11,-0.024,1.02,6.1
CDLDOJI,bull,atr_low,3.0,180,91,89,50.6,51.5,-0.25,N,-0.06,-0.039,0.99,6.1
CDLHIKKAKE,bull,trend_up,0.5,105,41,64,39.0,34.5,0.97,N,-0.22,-0.002,0.95,57.1
CDLHIKKAKE,bull,trend_up,0.75,105,47,58,44.8,42.9,0.38,N,-0.85,-0.047,0.83,41.9
CDLHIKKAKE,bull,trend_up,1.0,105,53,52,50.5,47.1,0.68,N,0.17,0.016,1.03,26.7
CDLHIKKAKE,bull,trend_up,1.25,105,53,52,50.5,46.8,0.75,N,-0.11,-0.009,0.98,22.9
CDLHIKKAKE,bull,trend_up,1.5,105,56,49,53.3,50.7,0.54,N,0.26,0.019,1.05,15.2
CDLHIKKAKE,bull,trend_up,1.75,105,56,49,53.3,48.8,0.93,N,0.03,0.003,1.01,10.5
CDLHIKKAKE,bull,trend_up,2.0,105,56,49,53.3,51.8,0.31,N,0.03,0.005,1.0,6.7
CDLHIKKAKE,bull,trend_up,2.25,105,56,49,53.3,51.6,0.36,N,0.03,0.005,1.01,5.7
CDLHIKKAKE,bull,trend_up,2.5,105,56,49,53.3,51.7,0.34,N,-0.1,-0.006,0.98,4.8
CDLHIKKAKE,bull,trend_up,2.75,105,56,49,53.3,51.6,0.36,N,-0.02,-0.003,1.0,3.8
CDLHIKKAKE,bull,trend_up,3.0,105,56,49,53.3,50.5,0.59,N,-0.05,-0.007,0.99,2.9
CDLBELTHOLD,bear,trend_down,0.5,174,59,115,33.9,31.4,0.72,N,-0.41,-0.023,0.91,61.5
CDLBELTHOLD,bear,trend_down,0.75,174,73,101,42.0,40.3,0.45,N,-0.36,-0.026,0.93,44.3
CDLBELTHOLD,bear,trend_down,1.0,174,81,93,46.6,43.0,0.96,N,-0.14,0.006,0.97,33.3
CDLBELTHOLD,bear,trend_down,1.25,174,86,88,49.4,45.8,0.96,N,0.55,0.05,1.1,22.4
CDLBELTHOLD,bear,trend_down,1.5,174,88,86,50.6,48.5,0.56,N,0.51,0.052,1.09,14.9
CDLBELTHOLD,bear,trend_down,1.75,174,88,86,50.6,50.9,-0.08,N,0.43,0.05,1.08,10.3
CDLBELTHOLD,bear,trend_down,2.0,174,88,86,50.6,49.1,0.39,N,0.43,0.057,1.08,6.9
CDLBELTHOLD,bear,trend_down,2.25,174,88,86,50.6,50.4,0.05,N,0.22,0.044,1.04,6.3
CDLBELTHOLD,bear,trend_down,2.5,174,88,86,50.6,50.8,-0.05,N,0.14,0.037,1.02,5.2
CDLBELTHOLD,bear,trend_down,2.75,174,88,86,50.6,49.2,0.37,N,0.07,0.033,1.01,4.6
CDLBELTHOLD,bear,trend_down,3.0,174,89,85,51.1,48.4,0.73,N,0.65,0.063,1.12,2.3
CDLDOJI,bull,none,0.5,284,97,187,34.2,34.5,-0.12,N,-0.03,nan,0.99,60.6
CDLDOJI,bull,none,0.75,284,119,165,41.9,42.5,-0.21,N,0.05,nan,1.01,43.7
CDLDOJI,bull,none,1.0,284,134,150,47.2,46.3,0.31,N,0.18,nan,1.03,30.6
CDLDOJI,bull,none,1.25,284,140,144,49.3,48.7,0.21,N,0.35,nan,1.07,21.1
CDLDOJI,bull,none,1.5,284,142,142,50.0,48.8,0.4,N,0.14,nan,1.02,16.5
CDLDOJI,bull,none,1.75,284,144,140,50.7,48.9,0.62,N,0.18,nan,1.03,12.0
CDLDOJI,bull,none,2.0,284,144,140,50.7,48.3,0.82,N,0.19,nan,1.03,8.8
CDLDOJI,bull,none,2.25,284,144,140,50.7,50.0,0.24,N,0.17,nan,1.03,7.4
CDLDOJI,bull,none,2.5,284,144,140,50.7,47.9,0.96,N,0.24,nan,1.04,4.9
CDLDOJI,bull,none,2.75,284,144,140,50.7,48.9,0.6,N,0.23,nan,1.04,4.2
CDLDOJI,bull,none,3.0,284,144,140,50.7,49.9,0.27,N,0.11,nan,1.02,4.2
CDLHAMMER,bull,atr_low,0.5,21,8,13,38.1,38.5,-0.04,N,2.93,0.188,1.85,57.1
CDLHAMMER,bull,atr_low,0.75,21,10,11,47.6,40.9,0.63,N,2.3,0.147,1.54,42.9
CDLHAMMER,bull,atr_low,1.0,21,10,11,47.6,50.4,-0.25,N,1.74,0.106,1.36,28.6
CDLHAMMER,bull,atr_low,1.25,21,11,10,52.4,42.1,0.96,N,1.98,0.122,1.4,23.8
CDLHAMMER,bull,atr_low,1.5,21,11,10,52.4,47.2,0.47,N,2.54,0.169,1.59,14.3
CDLHAMMER,bull,atr_low,1.75,21,11,10,52.4,50.8,0.15,N,2.6,0.174,1.61,9.5
CDLHAMMER,bull,atr_low,2.0,21,11,10,52.4,46.4,0.55,N,2.29,0.15,1.5,9.5
CDLHAMMER,bull,atr_low,2.25,21,11,10,52.4,46.0,0.58,N,1.99,0.126,1.41,9.5
CDLHAMMER,bull,atr_low,2.5,21,11,10,52.4,55.2,-0.26,N,1.68,0.103,1.32,9.5
CDLHAMMER,bull,atr_low,2.75,21,11,10,52.4,50.8,0.15,N,1.38,0.079,1.25,9.5
CDLHAMMER,bull,atr_low,3.0,21,11,10,52.4,51.2,0.11,N,2.33,0.18,1.51,4.8
CDLHAMMER,bull,atr_high,0.5,17,6,11,35.3,43.1,-0.65,N,-2.32,-0.17,0.58,64.7
CDLHAMMER,bull,atr_high,0.75,17,7,10,41.2,35.8,0.46,N,-2.56,-0.176,0.55,35.3
CDLHAMMER,bull,atr_high,1.0,17,9,8,52.9,46.1,0.57,N,0.12,-0.02,1.02,17.6
CDLHAMMER,bull,atr_high,1.25,17,9,8,52.9,47.5,0.45,N,-0.7,-0.064,0.88,17.6
CDLHAMMER,bull,atr_high,1.5,17,9,8,52.9,48.0,0.4,N,-1.2,-0.094,0.81,11.8
CDLHAMMER,bull,atr_high,1.75,17,9,8,52.9,54.9,-0.16,N,-1.7,-0.123,0.75,11.8
CDLHAMMER,bull,atr_high,2.0,17,9,8,52.9,48.5,0.36,N,-2.21,-0.152,0.7,11.8
CDLHAMMER,bull,atr_high,2.25,17,10,7,58.8,49.5,0.77,N,0.01,-0.01,1.0,0.0
CDLHAMMER,bull,atr_high,2.5,17,10,7,58.8,48.5,0.85,N,0.01,-0.01,1.0,0.0
CDLHAMMER,bull,atr_high,2.75,17,10,7,58.8,51.5,0.61,N,0.01,-0.01,1.0,0.0
CDLHAMMER,bull,atr_high,3.0,17,10,7,58.8,48.0,0.89,N,0.01,-0.01,1.0,0.0
CDLLONGLINE,bull,atr_high,0.5,96,32,64,33.3,34.3,-0.2,N,-0.37,-0.009,0.93,61.5
CDLLONGLINE,bull,atr_high,0.75,96,41,55,42.7,39.9,0.56,N,0.09,0.024,1.02,40.6
CDLLONGLINE,bull,atr_high,1.0,96,46,50,47.9,44.9,0.6,N,0.87,0.074,1.15,28.1
CDLLONGLINE,bull,atr_high,1.25,96,50,46,52.1,48.8,0.65,N,1.91,0.153,1.34,16.7
CDLLONGLINE,bull,atr_high,1.5,96,50,46,52.1,47.7,0.85,N,1.61,0.132,1.27,13.5
CDLLONGLINE,bull,atr_high,1.75,96,50,46,52.1,50.0,0.41,N,2.18,0.166,1.41,6.2
CDLLONGLINE,bull,atr_high,2.0,96,50,46,52.1,51.5,0.12,N,2.14,0.164,1.4,3.1
CDLLONGLINE,bull,atr_high,2.25,96,50,46,52.1,52.3,-0.05,N,2.01,0.156,1.36,3.1
CDLLONGLINE,bull,atr_high,2.5,96,50,46,52.1,49.1,0.58,N,1.88,0.148,1.33,3.1
CDLLONGLINE,bull,atr_high,2.75,96,50,46,52.1,47.6,0.89,N,1.74,0.14,1.3,3.1
CDLLONGLINE,bull,atr_high,3.0,96,50,46,52.1,49.1,0.58,N,1.72,0.137,1.29,2.1
CDLRICKSHAWMAN,bull,none,0.5,204,68,136,33.3,32.8,0.16,N,0.21,nan,1.05,61.3
CDLRICKSHAWMAN,bull,none,0.75,204,85,119,41.7,42.3,-0.19,N,0.3,nan,1.06,46.1
CDLRICKSHAWMAN,bull,none,1.0,204,98,106,48.0,47.0,0.3,N,0.65,nan,1.12,32.4
CDLRICKSHAWMAN,bull,none,1.25,204,102,102,50.0,48.9,0.32,N,0.82,nan,1.15,21.6
CDLRICKSHAWMAN,bull,none,1.5,204,102,102,50.0,48.4,0.46,N,0.36,nan,1.06,17.6
CDLRICKSHAWMAN,bull,none,1.75,204,103,101,50.5,48.9,0.46,N,0.37,nan,1.06,12.3
CDLRICKSHAWMAN,bull,none,2.0,204,103,101,50.5,47.4,0.89,N,0.42,nan,1.07,8.8
CDLRICKSHAWMAN,bull,none,2.25,204,103,101,50.5,49.6,0.26,N,0.49,nan,1.08,7.4
CDLRICKSHAWMAN,bull,none,2.5,204,103,101,50.5,50.6,-0.02,N,0.41,nan,1.07,5.4
CDLRICKSHAWMAN,bull,none,2.75,204,103,101,50.5,49.3,0.34,N,0.43,nan,1.07,4.4
CDLRICKSHAWMAN,bull,none,3.0,204,103,101,50.5,48.9,0.47,N,0.31,nan,1.05,4.4
CDLHANGINGMAN,bear,none,0.5,27,11,16,40.7,36.1,0.5,N,0.7,0.065,1.16,55.6
CDLHANGINGMAN,bear,none,0.75,27,13,14,48.1,41.7,0.68,N,0.22,0.03,1.04,44.4
CDLHANGINGMAN,bear,none,1.0,27,14,13,51.9,44.8,0.74,N,-0.42,-0.008,0.93,37.0
CDLHANGINGMAN,bear,none,1.25,27,15,12,55.6,48.5,0.74,N,0.72,0.077,1.14,14.8
CDLHANGINGMAN,bear,none,1.5,27,15,12,55.6,47.2,0.87,N,1.41,0.099,1.32,7.4
CDLHANGINGMAN,bear,none,1.75,27,15,12,55.6,48.1,0.77,N,1.17,0.08,1.25,7.4
CDLHANGINGMAN,bear,none,2.0,27,15,12,55.6,50.9,0.48,N,1.19,0.082,1.26,3.7
CDLHANGINGMAN,bear,none,2.25,27,15,12,55.6,51.9,0.39,N,1.08,0.072,1.23,3.7
CDLHANGINGMAN,bear,none,2.5,27,15,12,55.6,47.8,0.8,N,0.96,0.063,1.2,3.7
CDLHANGINGMAN,bear,none,2.75,27,15,12,55.6,47.8,0.8,N,0.85,0.054,1.17,3.7
CDLHANGINGMAN,bear,none,3.0,27,15,12,55.6,47.5,0.83,N,0.73,0.045,1.14,3.7
CDLMARUBOZU,bear,rsi_mid_overbought,0.5,10,3,7,30.0,19.2,0.87,N,-2.16,-0.081,0.53,70.0
CDLMARUBOZU,bear,rsi_mid_overbought,0.75,10,4,6,40.0,44.2,-0.27,N,-2.09,-0.082,0.55,40.0
CDLMARUBOZU,bear,rsi_mid_overbought,1.0,10,5,5,50.0,41.7,0.53,N,0.32,0.065,1.09,10.0
CDLMARUBOZU,bear,rsi_mid_overbought,1.25,10,5,5,50.0,45.0,0.32,N,0.03,0.04,1.01,10.0
CDLMARUBOZU,bear,rsi_mid_overbought,1.5,10,5,5,50.0,52.5,-0.16,N,-0.25,0.015,0.94,10.0
CDLMARUBOZU,bear,rsi_mid_overbought,1.75,10,5,5,50.0,55.0,-0.32,N,-0.04,0.033,0.99,0.0
CDLMARUBOZU,bear,rsi_mid_overbought,2.0,10,5,5,50.0,50.8,-0.05,N,-0.04,0.033,0.99,0.0
CDLMARUBOZU,bear,rsi_mid_overbought,2.25,10,5,5,50.0,49.2,0.05,N,-0.04,0.033,0.99,0.0
CDLMARUBOZU,bear,rsi_mid_overbought,2.5,10,5,5,50.0,55.0,-0.32,N,-0.04,0.033,0.99,0.0
CDLMARUBOZU,bear,rsi_mid_overbought,2.75,10,5,5,50.0,52.5,-0.16,N,-0.04,0.033,0.99,0.0
CDLMARUBOZU,bear,rsi_mid_overbought,3.0,10,5,5,50.0,53.3,-0.21,N,-0.04,0.033,0.99,0.0
CDLSHORTLINE,bull,none,0.5,346,138,208,39.9,38.8,0.43,N,0.26,0.01,1.07,49.4
CDLSHORTLINE,bull,none,0.75,346,162,184,46.8,45.9,0.34,N,0.57,0.032,1.13,32.9
CDLSHORTLINE,bull,none,1.0,346,169,177,48.8,46.7,0.79,N,0.35,0.017,1.08,23.7
CDLSHORTLINE,bull,none,1.25,346,172,174,49.7,49.2,0.18,N,0.4,0.02,1.09,15.9
CDLSHORTLINE,bull,none,1.5,346,173,173,50.0,48.9,0.41,N,0.36,0.017,1.08,11.0
CDLSHORTLINE,bull,none,1.75,346,173,173,50.0,48.6,0.53,N,0.45,0.025,1.1,5.8
CDLSHORTLINE,bull,none,2.0,346,173,173,50.0,47.8,0.81,N,0.43,0.026,1.09,3.8
CDLSHORTLINE,bull,none,2.25,346,173,173,50.0,49.3,0.27,N,0.43,0.025,1.09,3.2
CDLSHORTLINE,bull,none,2.5,346,174,172,50.3,50.5,-0.07,N,0.48,0.027,1.11,2.3
CDLSHORTLINE,bull,none,2.75,346,174,172,50.3,50.5,-0.07,N,0.43,0.024,1.09,1.7
CDLSHORTLINE,bull,none,3.0,346,174,172,50.3,49.7,0.22,N,0.53,0.027,1.12,1.4
CDLLONGLEGGEDDOJI,bull,rsi_overbought,0.5,17,8,9,47.1,48.0,-0.08,N,5.34,0.327,2.28,47.1
CDLLONGLEGGEDDOJI,bull,rsi_overbought,0.75,17,8,9,47.1,47.5,-0.04,N,3.36,0.21,1.55,47.1
CDLLONGLEGGEDDOJI,bull,rsi_overbought,1.0,17,8,9,47.1,37.7,0.79,N,3.59,0.223,1.61,23.5
CDLLONGLEGGEDDOJI,bull,rsi_overbought,1.25,17,9,8,52.9,49.5,0.28,N,5.24,0.338,2.2,5.9
CDLLONGLEGGEDDOJI,bull,rsi_overbought,1.5,17,9,8,52.9,49.0,0.32,N,4.9,0.323,2.04,5.9
CDLLONGLEGGEDDOJI,bull,rsi_overbought,1.75,17,9,8,52.9,47.5,0.45,N,4.57,0.309,1.91,5.9
CDLLONGLEGGEDDOJI,bull,rsi_overbought,2.0,17,9,8,52.9,52.0,0.08,N,4.23,0.294,1.79,5.9
CDLLONGLEGGEDDOJI,bull,rsi_overbought,2.25,17,9,8,52.9,45.1,0.65,N,4.98,0.327,2.08,0.0
CDLLONGLEGGEDDOJI,bull,rsi_overbought,2.5,17,9,8,52.9,51.0,0.16,N,4.98,0.327,2.08,0.0
CDLLONGLEGGEDDOJI,bull,rsi_overbought,2.75,17,9,8,52.9,49.0,0.32,N,4.98,0.327,2.08,0.0
CDLLONGLEGGEDDOJI,bull,rsi_overbought,3.0,17,9,8,52.9,50.5,0.2,N,4.98,0.327,2.08,0.0
CDLTAKURI,bull,rsi_mid_oversold,0.5,20,10,10,50.0,41.2,0.79,N,1.89,0.124,1.45,50.0
CDLTAKURI,bull,rsi_mid_oversold,0.75,20,10,10,50.0,47.1,0.26,N,0.86,0.049,1.17,40.0
CDLTAKURI,bull,rsi_mid_oversold,1.0,20,10,10,50.0,42.5,0.68,N,0.36,0.019,1.06,25.0
CDLTAKURI,bull,rsi_mid_oversold,1.25,20,11,9,55.0,50.0,0.45,N,1.01,0.08,1.19,15.0
CDLTAKURI,bull,rsi_mid_oversold,1.5,20,11,9,55.0,49.6,0.48,N,0.85,0.069,1.15,5.0
CDLTAKURI,bull,rsi_mid_oversold,1.75,20,11,9,55.0,55.4,-0.04,N,0.67,0.057,1.11,5.0
CDLTAKURI,bull,rsi_mid_oversold,2.0,20,11,9,55.0,48.3,0.6,N,0.48,0.044,1.08,5.0
CDLTAKURI,bull,rsi_mid_oversold,2.25,20,11,9,55.0,47.9,0.63,N,1.69,0.127,1.35,0.0
CDLTAKURI,bull,rsi_mid_oversold,2.5,20,11,9,55.0,49.6,0.48,N,1.69,0.127,1.35,0.0
CDLTAKURI,bull,rsi_mid_oversold,2.75,20,11,9,55.0,47.9,0.63,N,1.69,0.127,1.35,0.0
CDLTAKURI,bull,rsi_mid_oversold,3.0,20,11,9,55.0,50.4,0.41,N,1.69,0.127,1.35,0.0
CDLDOJI,bull,rsi_overbought,0.5,17,8,9,47.1,53.9,-0.57,N,5.34,0.327,2.28,47.1
CDLDOJI,bull,rsi_overbought,0.75,17,8,9,47.1,50.5,-0.28,N,3.36,0.21,1.55,47.1
CDLDOJI,bull,rsi_overbought,1.0,17,8,9,47.1,46.1,0.08,N,3.59,0.223,1.61,23.5
CDLDOJI,bull,rsi_overbought,1.25,17,9,8,52.9,48.5,0.36,N,5.24,0.338,2.2,5.9
CDLDOJI,bull,rsi_overbought,1.5,17,9,8,52.9,52.5,0.04,N,4.9,0.323,2.04,5.9
CDLDOJI,bull,rsi_overbought,1.75,17,9,8,52.9,50.5,0.2,N,4.57,0.309,1.91,5.9
CDLDOJI,bull,rsi_overbought,2.0,17,9,8,52.9,52.0,0.08,N,4.23,0.294,1.79,5.9
CDLDOJI,bull,rsi_overbought,2.25,17,9,8,52.9,45.6,0.61,N,4.98,0.327,2.08,0.0
CDLDOJI,bull,rsi_overbought,2.5,17,9,8,52.9,43.6,0.77,N,4.98,0.327,2.08,0.0
CDLDOJI,bull,rsi_overbought,2.75,17,9,8,52.9,46.6,0.53,N,4.98,0.327,2.08,0.0
CDLDOJI,bull,rsi_overbought,3.0,17,9,8,52.9,55.4,-0.2,N,4.98,0.327,2.08,0.0
CDLHARAMICROSS,bear,trend_down,0.5,23,6,17,26.1,31.2,-0.53,N,-0.98,-0.061,0.82,73.9
CDLHARAMICROSS,bear,trend_down,0.75,23,10,13,43.5,42.0,0.14,N,1.23,0.074,1.27,39.1
CDLHARAMICROSS,bear,trend_down,1.0,23,11,12,47.8,49.6,-0.17,N,1.73,0.117,1.39,21.7
CDLHARAMICROSS,bear,trend_down,1.25,23,12,11,52.2,51.8,0.03,N,2.92,0.16,1.72,17.4
CDLHARAMICROSS,bear,trend_down,1.5,23,12,11,52.2,52.2,0.0,N,2.35,0.116,1.5,17.4
CDLHARAMICROSS,bear,trend_down,1.75,23,12,11,52.2,56.2,-0.39,N,1.77,0.073,1.34,17.4
CDLHARAMICROSS,bear,trend_down,2.0,23,12,11,52.2,50.7,0.14,N,2.55,0.121,1.57,8.7
CDLHARAMICROSS,bear,trend_down,2.25,23,12,11,52.2,47.1,0.49,N,2.55,0.118,1.57,4.3
CDLHARAMICROSS,bear,trend_down,2.5,23,12,11,52.2,49.6,0.24,N,2.57,0.12,1.58,0.0
CDLHARAMICROSS,bear,trend_down,2.75,23,12,11,52.2,44.2,0.77,N,2.57,0.12,1.58,0.0
CDLHARAMICROSS,bear,trend_down,3.0,23,12,11,52.2,47.5,0.45,N,2.57,0.12,1.58,0.0
CDLLONGLEGGEDDOJI,bull,atr_low,0.5,180,60,120,33.3,31.9,0.41,N,0.41,0.019,1.1,59.4
CDLLONGLEGGEDDOJI,bull,atr_low,0.75,180,76,104,42.2,41.3,0.25,N,0.68,0.03,1.15,43.3
CDLLONGLEGGEDDOJI,bull,atr_low,1.0,180,85,95,47.2,46.8,0.11,N,0.68,0.032,1.14,31.7
CDLLONGLEGGEDDOJI,bull,atr_low,1.25,180,88,92,48.9,47.8,0.29,N,0.58,0.023,1.11,22.8
CDLLONGLEGGEDDOJI,bull,atr_low,1.5,180,89,91,49.4,48.6,0.22,N,0.26,0.0,1.05,18.3
CDLLONGLEGGEDDOJI,bull,atr_low,1.75,180,91,89,50.6,49.2,0.36,N,0.34,0.005,1.06,13.9
CDLLONGLEGGEDDOJI,bull,atr_low,2.0,180,91,89,50.6,49.6,0.26,N,0.23,-0.007,1.04,11.1
CDLLONGLEGGEDDOJI,bull,atr_low,2.25,180,91,89,50.6,47.7,0.77,N,0.22,-0.009,1.04,9.4
CDLLONGLEGGEDDOJI,bull,atr_low,2.5,180,91,89,50.6,48.4,0.58,N,0.1,-0.02,1.02,7.2
CDLLONGLEGGEDDOJI,bull,atr_low,2.75,180,91,89,50.6,48.6,0.53,N,0.11,-0.024,1.02,6.1
CDLLONGLEGGEDDOJI,bull,atr_low,3.0,180,91,89,50.6,49.0,0.41,N,-0.06,-0.039,0.99,6.1
CDLTAKURI,bull,atr_high,0.5,23,10,13,43.5,41.7,0.18,N,0.33,0.025,1.07,56.5
CDLTAKURI,bull,atr_high,0.75,23,12,11,52.2,51.1,0.1,N,1.74,0.116,1.39,26.1
CDLTAKURI,bull,atr_high,1.0,23,12,11,52.2,54.0,-0.17,N,1.15,0.081,1.23,17.4
CDLTAKURI,bull,atr_high,1.25,23,12,11,52.2,48.2,0.38,N,0.75,0.061,1.14,13.0
CDLTAKURI,bull,atr_high,1.5,23,12,11,52.2,49.3,0.28,N,0.71,0.056,1.13,4.3
CDLTAKURI,bull,atr_high,1.75,23,12,11,52.2,49.6,0.24,N,0.56,0.045,1.1,4.3
CDLTAKURI,bull,atr_high,2.0,23,12,11,52.2,53.6,-0.14,N,0.8,0.063,1.15,0.0
CDLTAKURI,bull,atr_high,2.25,23,12,11,52.2,54.3,-0.21,N,0.8,0.063,1.15,0.0
CDLTAKURI,bull,atr_high,2.5,23,12,11,52.2,44.2,0.77,N,0.8,0.063,1.15,0.0
CDLTAKURI,bull,atr_high,2.75,23,12,11,52.2,45.3,0.66,N,0.8,0.063,1.15,0.0
CDLTAKURI,bull,atr_high,3.0,23,12,11,52.2,50.7,0.14,N,0.8,0.063,1.15,0.0
CDLEVENINGSTAR,bear,trend_down,0.5,11,4,7,36.4,39.4,-0.21,N,-1.22,-0.047,0.72,63.6
CDLEVENINGSTAR,bear,trend_down,0.75,11,5,6,45.5,47.0,-0.1,N,-2.08,-0.088,0.64,54.5
CDLEVENINGSTAR,bear,trend_down,1.0,11,6,5,54.5,57.6,-0.2,N,-1.96,-0.076,0.7,45.5
CDLEVENINGSTAR,bear,trend_down,1.25,11,6,5,54.5,52.3,0.15,N,-3.22,-0.171,0.58,36.4
CDLEVENINGSTAR,bear,trend_down,1.5,11,6,5,54.5,47.7,0.45,N,-4.41,-0.262,0.51,36.4
CDLEVENINGSTAR,bear,trend_down,1.75,11,6,5,54.5,47.0,0.5,N,-5.04,-0.305,0.47,27.3
CDLEVENINGSTAR,bear,trend_down,2.0,11,6,5,54.5,47.7,0.45,N,-3.76,-0.184,0.55,9.1
CDLEVENINGSTAR,bear,trend_down,2.25,11,6,5,54.5,52.3,0.15,N,-4.16,-0.206,0.52,9.1
CDLEVENINGSTAR,bear,trend_down,2.5,11,6,5,54.5,48.5,0.4,N,-4.55,-0.229,0.5,9.1
CDLEVENINGSTAR,bear,trend_down,2.75,11,6,5,54.5,43.2,0.76,N,-4.94,-0.252,0.48,9.1
CDLEVENINGSTAR,bear,trend_down,3.0,11,6,5,54.5,43.2,0.76,N,-5.34,-0.275,0.46,9.1
CDLLONGLINE,bull,atr_low,0.5,217,62,155,28.6,30.9,-0.75,N,-1.17,-0.084,0.74,67.7
CDLLONGLINE,bull,atr_low,0.75,217,83,134,38.2,41.4,-0.93,N,-0.86,-0.06,0.83,46.5
CDLLONGLINE,bull,atr_low,1.0,217,94,123,43.3,44.0,-0.22,N,-0.45,-0.021,0.92,33.2
CDLLONGLINE,bull,atr_low,1.25,217,101,116,46.5,46.9,-0.11,N,-0.27,-0.009,0.95,24.0
CDLLONGLINE,bull,atr_low,1.5,217,109,108,50.2,48.4,0.54,N,0.21,0.031,1.04,16.6
CDLLONGLINE,bull,atr_low,1.75,217,109,108,50.2,49.9,0.1,N,0.11,0.025,1.02,10.1
CDLLONGLINE,bull,atr_low,2.0,217,109,108,50.2,49.6,0.18,N,0.23,0.038,1.04,5.1
CDLLONGLINE,bull,atr_low,2.25,217,109,108,50.2,49.8,0.14,N,0.22,0.038,1.04,3.7
CDLLONGLINE,bull,atr_low,2.5,217,109,108,50.2,47.7,0.76,N,0.18,0.037,1.03,3.2
CDLLONGLINE,bull,atr_low,2.75,217,109,108,50.2,49.7,0.17,N,0.07,0.029,1.01,3.2
CDLLONGLINE,bull,atr_low,3.0,217,109,108,50.2,49.3,0.26,N,0.09,0.029,1.02,2.3
CDLENGULFING,bear,atr_high,0.5,72,26,46,36.1,35.8,0.06,N,-0.23,-0.03,0.95,58.3
CDLENGULFING,bear,atr_high,0.75,72,30,42,41.7,42.8,-0.2,N,-0.55,-0.04,0.91,44.4
CDLENGULFING,bear,atr_high,1.0,72,36,36,50.0,50.1,-0.02,N,0.24,0.016,1.04,27.8
CDLENGULFING,bear,atr_high,1.25,72,37,35,51.4,47.0,0.75,N,0.29,0.02,1.05,13.9
CDLENGULFING,bear,atr_high,1.5,72,37,35,51.4,48.6,0.47,N,0.23,0.017,1.04,11.1
CDLENGULFING,bear,atr_high,1.75,72,37,35,51.4,49.8,0.27,N,-0.02,0.003,1.0,9.7
CDLENGULFING,bear,atr_high,2.0,72,37,35,51.4,52.4,-0.18,N,0.27,0.019,1.05,4.2
CDLENGULFING,bear,atr_high,2.25,72,37,35,51.4,51.2,0.04,N,0.1,0.008,1.02,4.2
CDLENGULFING,bear,atr_high,2.5,72,37,35,51.4,52.7,-0.22,N,0.01,0.002,1.0,2.8
CDLENGULFING,bear,atr_high,2.75,72,37,35,51.4,51.2,0.04,N,-0.09,-0.005,0.98,2.8
CDLENGULFING,bear,atr_high,3.0,72,37,35,51.4,48.0,0.57,N,0.06,0.006,1.01,1.4
CDLHIGHWAVE,bull,trend_down,0.5,134,46,88,34.3,31.8,0.63,N,0.73,0.059,1.17,59.7
CDLHIGHWAVE,bull,trend_down,0.75,134,54,80,40.3,38.1,0.52,N,0.25,0.02,1.05,49.3
CDLHIGHWAVE,bull,trend_down,1.0,134,63,71,47.0,47.8,-0.17,N,0.66,0.058,1.12,32.1
CDLHIGHWAVE,bull,trend_down,1.25,134,66,68,49.3,47.2,0.48,N,0.8,0.073,1.14,23.9
CDLHIGHWAVE,bull,trend_down,1.5,134,67,67,50.0,48.0,0.46,N,0.37,0.043,1.06,19.4
CDLHIGHWAVE,bull,trend_down,1.75,134,68,66,50.7,48.1,0.62,N,0.23,0.034,1.04,14.9
CDLHIGHWAVE,bull,trend_down,2.0,134,68,66,50.7,50.2,0.13,N,0.06,0.014,1.01,11.9
CDLHIGHWAVE,bull,trend_down,2.25,134,68,66,50.7,49.4,0.3,N,0.03,0.014,1.0,9.0
CDLHIGHWAVE,bull,trend_down,2.5,134,69,65,51.5,48.3,0.75,N,0.32,0.026,1.05,6.0
CDLHIGHWAVE,bull,trend_down,2.75,134,69,65,51.5,49.8,0.4,N,0.16,0.012,1.03,5.2
CDLHIGHWAVE,bull,trend_down,3.0,134,69,65,51.5,49.8,0.39,N,0.01,-0.001,1.0,5.2
CDLENGULFING,bull,trend_down,0.5,145,50,95,34.5,33.9,0.16,N,-0.09,-0.001,0.98,61.4
CDLENGULFING,bull,trend_down,0.75,145,61,84,42.1,41.1,0.23,N,-0.25,-0.004,0.95,46.9
CDLENGULFING,bull,trend_down,1.0,145,67,78,46.2,44.7,0.38,N,-0.57,-0.018,0.91,38.6
CDLENGULFING,bull,trend_down,1.25,145,71,74,49.0,48.3,0.15,N,-0.76,-0.023,0.88,26.2
CDLENGULFING,bull,trend_down,1.5,145,73,72,50.3,47.4,0.71,N,-0.69,-0.011,0.89,19.3
CDLENGULFING,bull,trend_down,1.75,145,73,72,50.3,47.4,0.72,N,-0.55,-0.004,0.91,13.1
CDLENGULFING,bull,trend_down,2.0,145,73,72,50.3,49.5,0.21,N,-0.28,0.018,0.95,7.6
CDLENGULFING,bull,trend_down,2.25,145,73,72,50.3,49.7,0.17,N,-0.38,0.014,0.94,5.5
CDLENGULFING,bull,trend_down,2.5,145,73,72,50.3,49.3,0.26,N,-0.56,0.002,0.91,4.8
CDLENGULFING,bull,trend_down,2.75,145,73,72,50.3,50.1,0.06,N,-0.7,-0.007,0.89,4.1
CDLENGULFING,bull,trend_down,3.0,145,73,72,50.3,49.7,0.15,N,-0.75,-0.01,0.89,3.4
CDLLONGLEGGEDDOJI,bull,none,0.5,284,97,187,34.2,34.4,-0.1,N,-0.03,nan,0.99,60.6
CDLLONGLEGGEDDOJI,bull,none,0.75,284,119,165,41.9,42.0,-0.04,N,0.05,nan,1.01,43.7
CDLLONGLEGGEDDOJI,bull,none,1.0,284,134,150,47.2,47.3,-0.03,N,0.18,nan,1.03,30.6
CDLLONGLEGGEDDOJI,bull,none,1.25,284,140,144,49.3,49.0,0.11,N,0.35,nan,1.07,21.1
CDLLONGLEGGEDDOJI,bull,none,1.5,284,142,142,50.0,48.2,0.61,N,0.14,nan,1.02,16.5
CDLLONGLEGGEDDOJI,bull,none,1.75,284,144,140,50.7,48.6,0.72,N,0.18,nan,1.03,12.0
CDLLONGLEGGEDDOJI,bull,none,2.0,284,144,140,50.7,51.2,-0.18,N,0.19,nan,1.03,8.8
CDLLONGLEGGEDDOJI,bull,none,2.25,284,144,140,50.7,50.0,0.24,N,0.17,nan,1.03,7.4
CDLLONGLEGGEDDOJI,bull,none,2.5,284,144,140,50.7,49.1,0.54,N,0.24,nan,1.04,4.9
CDLLONGLEGGEDDOJI,bull,none,2.75,284,144,140,50.7,50.9,-0.08,N,0.23,nan,1.04,4.2
CDLLONGLEGGEDDOJI,bull,none,3.0,284,144,140,50.7,51.3,-0.22,N,0.11,nan,1.02,4.2
CDLSHORTLINE,bear,rsi_mid_overbought,0.5,57,25,32,43.9,39.2,0.72,N,0.7,0.046,1.21,42.1
CDLSHORTLINE,bear,rsi_mid_overbought,0.75,57,29,28,50.9,48.2,0.4,N,1.12,0.078,1.3,29.8
CDLSHORTLINE,bear,rsi_mid_overbought,1.0,57,29,28,50.9,48.0,0.44,N,0.76,0.051,1.19,19.3
CDLSHORTLINE,bear,rsi_mid_overbought,1.25,57,29,28,50.9,50.4,0.07,N,1.13,0.073,1.31,7.0
CDLSHORTLINE,bear,rsi_mid_overbought,1.5,57,29,28,50.9,49.3,0.24,N,1.02,0.064,1.27,3.5
CDLSHORTLINE,bear,rsi_mid_overbought,1.75,57,29,28,50.9,48.0,0.44,N,0.92,0.055,1.24,3.5
CDLSHORTLINE,bear,rsi_mid_overbought,2.0,57,29,28,50.9,48.4,0.38,N,1.0,0.062,1.26,1.8
CDLSHORTLINE,bear,rsi_mid_overbought,2.25,57,29,28,50.9,53.4,-0.38,N,0.95,0.058,1.25,1.8
CDLSHORTLINE,bear,rsi_mid_overbought,2.5,57,29,28,50.9,53.8,-0.44,N,0.9,0.053,1.23,1.8
CDLSHORTLINE,bear,rsi_mid_overbought,2.75,57,29,28,50.9,50.3,0.09,N,0.85,0.049,1.21,1.8
CDLSHORTLINE,bear,rsi_mid_overbought,3.0,57,29,28,50.9,51.2,-0.04,N,0.8,0.045,1.2,1.8
CDLEVENINGSTAR,bear,none,0.5,11,4,7,36.4,41.7,-0.36,N,-1.22,-0.047,0.72,63.6
CDLEVENINGSTAR,bear,none,0.75,11,5,6,45.5,47.7,-0.15,N,-2.08,-0.088,0.64,54.5
CDLEVENINGSTAR,bear,none,1.0,11,6,5,54.5,56.8,-0.15,N,-1.96,-0.076,0.7,45.5
CDLEVENINGSTAR,bear,none,1.25,11,6,5,54.5,48.5,0.4,N,-3.22,-0.171,0.58,36.4
CDLEVENINGSTAR,bear,none,1.5,11,6,5,54.5,43.9,0.71,N,-4.41,-0.262,0.51,36.4
CDLEVENINGSTAR,bear,none,1.75,11,6,5,54.5,52.3,0.15,N,-5.04,-0.305,0.47,27.3
CDLEVENINGSTAR,bear,none,2.0,11,6,5,54.5,53.8,0.05,N,-3.76,-0.184,0.55,9.1
CDLEVENINGSTAR,bear,none,2.25,11,6,5,54.5,51.5,0.2,N,-4.16,-0.206,0.52,9.1
CDLEVENINGSTAR,bear,none,2.5,11,6,5,54.5,46.2,0.55,N,-4.55,-0.229,0.5,9.1
CDLEVENINGSTAR,bear,none,2.75,11,6,5,54.5,49.2,0.35,N,-4.94,-0.252,0.48,9.1
CDLEVENINGSTAR,bear,none,3.0,11,6,5,54.5,51.5,0.2,N,-5.34,-0.275,0.46,9.1
CDLLONGLINE,bull,none,0.5,326,99,227,30.4,33.0,-1.0,N,-0.84,-0.054,0.82,65.6
CDLLONGLINE,bull,none,0.75,326,129,197,39.6,40.5,-0.36,N,-0.54,-0.031,0.9,44.8
CDLLONGLINE,bull,none,1.0,326,145,181,44.5,46.8,-0.82,N,-0.07,0.007,0.99,31.6
CDLLONGLINE,bull,none,1.25,326,156,170,47.9,48.6,-0.26,N,0.35,0.037,1.06,21.8
CDLLONGLINE,bull,none,1.5,326,164,162,50.3,49.9,0.13,N,0.56,0.056,1.1,15.6
CDLLONGLINE,bull,none,1.75,326,164,162,50.3,48.3,0.71,N,0.66,0.061,1.12,8.9
CDLLONGLINE,bull,none,2.0,326,164,162,50.3,49.0,0.48,N,0.73,0.07,1.14,4.3
CDLLONGLINE,bull,none,2.25,326,164,162,50.3,49.9,0.14,N,0.68,0.067,1.13,3.4
CDLLONGLINE,bull,none,2.5,326,164,162,50.3,50.6,-0.1,N,0.62,0.064,1.11,3.1
CDLLONGLINE,bull,none,2.75,326,164,162,50.3,52.2,-0.69,N,0.51,0.057,1.09,3.1
CDLLONGLINE,bull,none,3.0,326,164,162,50.3,48.8,0.54,N,0.51,0.056,1.09,2.1
CDLSPINNINGTOP,bull,rsi_oversold,0.5,29,9,20,31.0,28.2,0.34,N,1.26,0.049,1.24,69.0
CDLSPINNINGTOP,bull,rsi_oversold,0.75,29,12,17,41.4,37.1,0.48,N,1.88,0.073,1.32,48.3
CDLSPINNINGTOP,bull,rsi_oversold,1.0,29,14,15,48.3,42.2,0.66,N,1.29,0.063,1.2,37.9
CDLSPINNINGTOP,bull,rsi_oversold,1.25,29,16,13,55.2,53.2,0.22,N,2.75,0.13,1.44,27.6
CDLSPINNINGTOP,bull,rsi_oversold,1.5,29,16,13,55.2,50.0,0.56,N,2.27,0.113,1.34,24.1
CDLSPINNINGTOP,bull,rsi_oversold,1.75,29,16,13,55.2,54.9,0.03,N,1.84,0.09,1.26,13.8
CDLSPINNINGTOP,bull,rsi_oversold,2.0,29,16,13,55.2,48.9,0.68,N,1.78,0.089,1.24,6.9
CDLSPINNINGTOP,bull,rsi_oversold,2.25,29,16,13,55.2,54.0,0.12,N,1.48,0.072,1.2,6.9
CDLSPINNINGTOP,bull,rsi_oversold,2.5,29,16,13,55.2,48.9,0.68,N,1.64,0.081,1.22,3.4
CDLSPINNINGTOP,bull,rsi_oversold,2.75,29,16,13,55.2,54.6,0.06,N,1.84,0.093,1.26,0.0
CDLSPINNINGTOP,bull,rsi_oversold,3.0,29,16,13,55.2,52.9,0.25,N,1.84,0.093,1.26,0.0
CDLRICKSHAWMAN,bull,atr_low,0.5,129,41,88,31.8,32.1,-0.08,N,0.33,0.005,1.08,61.2
CDLRICKSHAWMAN,bull,atr_low,0.75,129,54,75,41.9,42.8,-0.21,N,0.83,0.032,1.17,45.7
CDLRICKSHAWMAN,bull,atr_low,1.0,129,61,68,47.3,46.2,0.25,N,0.84,0.033,1.17,34.9
CDLRICKSHAWMAN,bull,atr_low,1.25,129,63,66,48.8,49.0,-0.04,N,0.75,0.027,1.14,24.0
CDLRICKSHAWMAN,bull,atr_low,1.5,129,63,66,48.8,46.0,0.65,N,0.22,-0.013,1.04,20.9
CDLRICKSHAWMAN,bull,atr_low,1.75,129,64,65,49.6,50.7,-0.25,N,0.09,-0.023,1.02,16.3
CDLRICKSHAWMAN,bull,atr_low,2.0,129,64,65,49.6,47.5,0.47,N,0.03,-0.031,1.0,12.4
CDLRICKSHAWMAN,bull,atr_low,2.25,129,64,65,49.6,52.7,-0.71,N,0.06,-0.031,1.01,10.9
CDLRICKSHAWMAN,bull,atr_low,2.5,129,64,65,49.6,48.8,0.19,N,-0.04,-0.039,0.99,7.8
CDLRICKSHAWMAN,bull,atr_low,2.75,129,64,65,49.6,49.1,0.12,N,0.03,-0.039,1.0,6.2
CDLRICKSHAWMAN,bull,atr_low,3.0,129,64,65,49.6,50.4,-0.18,N,-0.14,-0.055,0.98,6.2
CDLXSIDEGAP3METHODS,bear,none,0.5,17,6,11,35.3,29.9,0.49,N,-0.08,0.048,0.98,58.8
CDLXSIDEGAP3METHODS,bear,none,0.75,17,7,10,41.2,41.7,-0.04,N,-0.37,0.003,0.93,47.1
CDLXSIDEGAP3METHODS,bear,none,1.0,17,8,9,47.1,39.7,0.62,N,-0.67,-0.028,0.88,35.3
CDLXSIDEGAP3METHODS,bear,none,1.25,17,8,9,47.1,50.0,-0.24,N,-1.64,-0.105,0.75,29.4
CDLXSIDEGAP3METHODS,bear,none,1.5,17,8,9,47.1,52.0,-0.4,N,-1.87,-0.134,0.72,23.5
CDLXSIDEGAP3METHODS,bear,none,1.75,17,8,9,47.1,50.0,-0.24,N,-1.36,-0.081,0.78,5.9
CDLXSIDEGAP3METHODS,bear,none,2.0,17,8,9,47.1,53.4,-0.53,N,-1.54,-0.096,0.76,5.9
CDLXSIDEGAP3METHODS,bear,none,2.25,17,8,9,47.1,46.6,0.04,N,-1.72,-0.111,0.74,5.9
CDLXSIDEGAP3METHODS,bear,none,2.5,17,8,9,47.1,51.5,-0.36,N,-1.9,-0.126,0.72,5.9
CDLXSIDEGAP3METHODS,bear,none,2.75,17,8,9,47.1,47.5,-0.04,N,-2.09,-0.14,0.7,5.9
CDLXSIDEGAP3METHODS,bear,none,3.0,17,8,9,47.1,47.5,-0.04,N,-2.14,-0.145,0.7,0.0
CDLBELTHOLD,bear,rsi_mid_overbought,0.5,36,11,25,30.6,31.9,-0.18,N,-2.08,-0.15,0.54,69.4
CDLBELTHOLD,bear,rsi_mid_overbought,0.75,36,14,22,38.9,40.7,-0.23,N,-2.47,-0.168,0.55,52.8
CDLBELTHOLD,bear,rsi_mid_overbought,1.0,36,16,20,44.4,43.5,0.11,N,-0.21,-0.019,0.96,33.3
CDLBELTHOLD,bear,rsi_mid_overbought,1.25,36,18,18,50.0,45.6,0.53,N,0.74,0.04,1.15,22.2
CDLBELTHOLD,bear,rsi_mid_overbought,1.5,36,18,18,50.0,47.2,0.33,N,0.2,-0.006,1.04,19.4
CDLBELTHOLD,bear,rsi_mid_overbought,1.75,36,18,18,50.0,50.0,0.0,N,-0.18,-0.037,0.97,13.9
CDLBELTHOLD,bear,rsi_mid_overbought,2.0,36,18,18,50.0,49.8,0.03,N,-0.47,-0.061,0.92,11.1
CDLBELTHOLD,bear,rsi_mid_overbought,2.25,36,18,18,50.0,53.5,-0.42,N,-0.48,-0.059,0.92,8.3
CDLBELTHOLD,bear,rsi_mid_overbought,2.5,36,18,18,50.0,50.5,-0.06,N,-0.17,-0.031,0.97,5.6
CDLBELTHOLD,bear,rsi_mid_overbought,2.75,36,18,18,50.0,44.9,0.61,N,-0.35,-0.045,0.94,5.6
CDLBELTHOLD,bear,rsi_mid_overbought,3.0,36,18,18,50.0,50.9,-0.11,N,0.56,0.028,1.11,0.0
CDLBELTHOLD,bull,atr_high,0.5,93,32,61,34.4,31.7,0.56,N,-1.57,-0.1,0.69,59.1
CDLBELTHOLD,bull,atr_high,0.75,93,41,52,44.1,41.1,0.58,N,-1.25,-0.077,0.78,39.8
CDLBELTHOLD,bull,atr_high,1.0,93,44,49,47.3,45.5,0.35,N,-1.01,-0.079,0.84,30.1
CDLBELTHOLD,bull,atr_high,1.25,93,46,47,49.5,46.5,0.57,N,-0.4,-0.036,0.94,22.6
CDLBELTHOLD,bull,atr_high,1.5,93,46,47,49.5,47.5,0.38,N,-0.84,-0.062,0.87,18.3
CDLBELTHOLD,bull,atr_high,1.75,93,46,47,49.5,49.1,0.07,N,-0.92,-0.064,0.86,12.9
CDLBELTHOLD,bull,atr_high,2.0,93,46,47,49.5,50.4,-0.19,N,-1.42,-0.094,0.8,11.8
CDLBELTHOLD,bull,atr_high,2.25,93,46,47,49.5,48.2,0.24,N,-1.78,-0.116,0.77,10.8
CDLBELTHOLD,bull,atr_high,2.5,93,46,47,49.5,49.5,0.0,N,-1.91,-0.126,0.75,8.6
CDLBELTHOLD,bull,atr_high,2.75,93,46,47,49.5,51.2,-0.33,N,-2.0,-0.132,0.74,7.5
CDLBELTHOLD,bull,atr_high,3.0,93,47,46,50.5,53.5,-0.57,N,-1.08,-0.089,0.85,4.3
CDLHANGINGMAN,bear,atr_low,0.5,16,6,10,37.5,31.2,0.54,N,0.36,0.065,1.08,62.5
CDLHANGINGMAN,bear,atr_low,0.75,16,8,8,50.0,46.4,0.29,N,0.81,0.085,1.18,43.8
CDLHANGINGMAN,bear,atr_low,1.0,16,8,8,50.0,46.4,0.29,N,0.04,0.021,1.01,37.5
CDLHANGINGMAN,bear,atr_low,1.25,16,8,8,50.0,48.4,0.13,N,0.46,0.048,1.09,18.8
CDLHANGINGMAN,bear,atr_low,1.5,16,8,8,50.0,47.9,0.17,N,0.05,0.016,1.01,12.5
CDLHANGINGMAN,bear,atr_low,1.75,16,8,8,50.0,43.8,0.5,N,-0.34,-0.015,0.94,12.5
CDLHANGINGMAN,bear,atr_low,2.0,16,8,8,50.0,52.6,-0.21,N,-0.3,-0.012,0.95,6.2
CDLHANGINGMAN,bear,atr_low,2.25,16,8,8,50.0,47.4,0.21,N,-0.5,-0.028,0.91,6.2
CDLHANGINGMAN,bear,atr_low,2.5,16,8,8,50.0,50.5,-0.04,N,-0.69,-0.044,0.88,6.2
CDLHANGINGMAN,bear,atr_low,2.75,16,8,8,50.0,50.0,0.0,N,-0.89,-0.059,0.86,6.2
CDLHANGINGMAN,bear,atr_low,3.0,16,8,8,50.0,46.4,0.29,N,-1.08,-0.075,0.83,6.2
CDLLONGLINE,bear,rsi_oversold,0.5,26,9,17,34.6,31.7,0.32,N,-0.25,-0.022,0.95,57.7
CDLLONGLINE,bear,rsi_oversold,0.75,26,9,17,34.6,37.8,-0.34,N,-1.45,-0.102,0.76,46.2
CDLLONGLINE,bear,rsi_oversold,1.0,26,11,15,42.3,38.8,0.37,N,-1.04,-0.084,0.84,34.6
CDLLONGLINE,bear,rsi_oversold,1.25,26,13,13,50.0,44.9,0.53,N,1.32,0.092,1.21,23.1
CDLLONGLINE,bear,rsi_oversold,1.5,26,13,13,50.0,45.5,0.46,N,1.18,0.086,1.19,19.2
CDLLONGLINE,bear,rsi_oversold,1.75,26,13,13,50.0,49.0,0.1,N,1.43,0.101,1.23,15.4
CDLLONGLINE,bear,rsi_oversold,2.0,26,13,13,50.0,49.7,0.03,N,1.13,0.086,1.18,7.7
CDLLONGLINE,bear,rsi_oversold,2.25,26,13,13,50.0,47.8,0.23,N,1.04,0.083,1.16,3.8
CDLLONGLINE,bear,rsi_oversold,2.5,26,13,13,50.0,51.6,-0.16,N,0.83,0.073,1.12,3.8
CDLLONGLINE,bear,rsi_oversold,2.75,26,13,13,50.0,49.7,0.03,N,0.62,0.064,1.09,3.8
CDLLONGLINE,bear,rsi_oversold,3.0,26,13,13,50.0,51.3,-0.13,N,0.79,0.072,1.12,0.0
CDLSPINNINGTOP,bull,rsi_overbought,0.5,20,10,10,50.0,45.8,0.37,N,4.72,0.278,2.26,45.0
CDLSPINNINGTOP,bull,rsi_overbought,0.75,20,10,10,50.0,46.2,0.34,N,2.99,0.173,1.55,40.0
CDLSPINNINGTOP,bull,rsi_overbought,1.0,20,10,10,50.0,53.3,-0.3,N,2.41,0.133,1.4,30.0
CDLSPINNINGTOP,bull,rsi_overbought,1.25,20,10,10,50.0,47.9,0.19,N,2.47,0.138,1.41,20.0
CDLSPINNINGTOP,bull,rsi_overbought,1.5,20,10,10,50.0,49.6,0.04,N,1.65,0.088,1.24,20.0
CDLSPINNINGTOP,bull,rsi_overbought,1.75,20,10,10,50.0,50.4,-0.04,N,1.71,0.1,1.25,10.0
CDLSPINNINGTOP,bull,rsi_overbought,2.0,20,10,10,50.0,54.2,-0.37,N,1.31,0.08,1.18,5.0
CDLSPINNINGTOP,bull,rsi_overbought,2.25,20,10,10,50.0,53.3,-0.3,N,1.95,0.108,1.3,0.0
CDLSPINNINGTOP,bull,rsi_overbought,2.5,20,10,10,50.0,44.6,0.49,N,1.95,0.108,1.3,0.0
CDLSPINNINGTOP,bull,rsi_overbought,2.75,20,10,10,50.0,48.3,0.15,N,1.95,0.108,1.3,0.0
CDLSPINNINGTOP,bull,rsi_overbought,3.0,20,10,10,50.0,51.7,-0.15,N,1.95,0.108,1.3,0.0
CDLXSIDEGAP3METHODS,bull,atr_low,0.5,12,4,8,33.3,32.6,0.05,N,0.03,0.034,1.01,66.7
CDLXSIDEGAP3METHODS,bull,atr_low,0.75,12,5,7,41.7,45.1,-0.24,N,-0.27,-0.02,0.95,58.3
CDLXSIDEGAP3METHODS,bull,atr_low,1.0,12,6,6,50.0,43.1,0.49,N,-0.37,-0.042,0.94,41.7
CDLXSIDEGAP3METHODS,bull,atr_low,1.25,12,6,6,50.0,50.7,-0.05,N,-1.43,-0.132,0.79,33.3
CDLXSIDEGAP3METHODS,bull,atr_low,1.5,12,6,6,50.0,45.1,0.34,N,-2.4,-0.215,0.7,33.3
CDLXSIDEGAP3METHODS,bull,atr_low,1.75,12,6,6,50.0,49.3,0.05,N,-1.68,-0.14,0.77,8.3
CDLXSIDEGAP3METHODS,bull,atr_low,2.0,12,6,6,50.0,50.7,-0.05,N,-1.94,-0.161,0.74,8.3
CDLXSIDEGAP3METHODS,bull,atr_low,2.25,12,6,6,50.0,46.5,0.24,N,-2.2,-0.182,0.71,8.3
CDLXSIDEGAP3METHODS,bull,atr_low,2.5,12,6,6,50.0,50.7,-0.05,N,-2.45,-0.202,0.69,8.3
CDLXSIDEGAP3METHODS,bull,atr_low,2.75,12,6,6,50.0,52.8,-0.19,N,-2.71,-0.223,0.67,8.3
CDLXSIDEGAP3METHODS,bull,atr_low,3.0,12,6,6,50.0,52.8,-0.19,N,-2.79,-0.23,0.66,0.0
CDLDRAGONFLYDOJI,bull,trend_down,0.5,25,11,14,44.0,39.3,0.48,N,2.06,0.141,1.44,56.0
CDLDRAGONFLYDOJI,bull,trend_down,0.75,25,12,13,48.0,47.7,0.03,N,2.19,0.136,1.42,40.0
CDLDRAGONFLYDOJI,bull,trend_down,1.0,25,12,13,48.0,45.3,0.27,N,1.47,0.092,1.25,28.0
CDLDRAGONFLYDOJI,bull,trend_down,1.25,25,13,12,52.0,51.7,0.03,N,1.67,0.121,1.28,20.0
CDLDRAGONFLYDOJI,bull,trend_down,1.5,25,13,12,52.0,54.3,-0.23,N,1.5,0.107,1.24,8.0
CDLDRAGONFLYDOJI,bull,trend_down,1.75,25,13,12,52.0,50.7,0.13,N,1.21,0.087,1.19,8.0
CDLDRAGONFLYDOJI,bull,trend_down,2.0,25,13,12,52.0,48.7,0.33,N,1.29,0.093,1.2,4.0
CDLDRAGONFLYDOJI,bull,trend_down,2.25,25,13,12,52.0,54.3,-0.23,N,2.26,0.16,1.41,0.0
CDLDRAGONFLYDOJI,bull,trend_down,2.5,25,13,12,52.0,50.0,0.2,N,2.26,0.16,1.41,0.0
CDLDRAGONFLYDOJI,bull,trend_down,2.75,25,13,12,52.0,48.7,0.33,N,2.26,0.16,1.41,0.0
CDLDRAGONFLYDOJI,bull,trend_down,3.0,25,13,12,52.0,49.7,0.23,N,2.26,0.16,1.41,0.0
CDLHARAMI,bear,trend_up,0.5,57,22,35,38.6,40.6,-0.31,N,0.9,0.068,1.22,59.6
CDLHARAMI,bear,trend_up,0.75,57,27,30,47.4,45.5,0.29,N,0.99,0.078,1.22,38.6
CDLHARAMI,bear,trend_up,1.0,57,27,30,47.4,48.8,-0.22,N,0.57,0.041,1.11,28.1
CDLHARAMI,bear,trend_up,1.25,57,27,30,47.4,50.4,-0.46,N,-0.06,-0.009,0.99,22.8
CDLHARAMI,bear,trend_up,1.5,57,28,29,49.1,49.9,-0.11,N,0.13,0.006,1.02,12.3
CDLHARAMI,bear,trend_up,1.75,57,28,29,49.1,46.6,0.38,N,-0.02,-0.005,1.0,8.8
CDLHARAMI,bear,trend_up,2.0,57,28,29,49.1,48.8,0.04,N,-0.28,-0.026,0.95,7.0
CDLHARAMI,bear,trend_up,2.25,57,28,29,49.1,49.4,-0.04,N,-0.5,-0.043,0.92,7.0
CDLHARAMI,bear,trend_up,2.5,57,28,29,49.1,52.3,-0.49,N,-0.72,-0.061,0.89,7.0
CDLHARAMI,bear,trend_up,2.75,57,28,29,49.1,46.1,0.47,N,-0.92,-0.077,0.86,5.3
CDLHARAMI,bear,trend_up,3.0,57,28,29,49.1,50.7,-0.24,N,-1.1,-0.09,0.84,5.3
CDL3INSIDE,bull,atr_low,0.5,13,4,9,30.8,34.6,-0.29,N,0.57,0.012,1.14,69.2
CDL3INSIDE,bull,atr_low,0.75,13,6,7,46.2,44.9,0.09,N,2.34,0.191,1.56,38.5
CDL3INSIDE,bull,atr_low,1.0,13,7,6,53.8,47.4,0.46,N,2.37,0.208,1.57,23.1
CDL3INSIDE,bull,atr_low,1.25,13,7,6,53.8,53.8,0.0,N,1.61,0.15,1.33,23.1
CDL3INSIDE,bull,atr_low,1.5,13,7,6,53.8,55.1,-0.09,N,0.85,0.093,1.15,23.1
CDL3INSIDE,bull,atr_low,1.75,13,7,6,53.8,55.1,-0.09,N,1.02,0.098,1.19,7.7
CDL3INSIDE,bull,atr_low,2.0,13,7,6,53.8,50.0,0.28,N,0.82,0.079,1.14,7.7
CDL3INSIDE,bull,atr_low,2.25,13,7,6,53.8,52.6,0.09,N,0.62,0.06,1.11,7.7
CDL3INSIDE,bull,atr_low,2.5,13,7,6,53.8,51.9,0.14,N,0.42,0.041,1.07,7.7
CDL3INSIDE,bull,atr_low,2.75,13,7,6,53.8,50.0,0.28,N,0.21,0.021,1.03,7.7
CDL3INSIDE,bull,atr_low,3.0,13,7,6,53.8,48.7,0.37,N,0.01,0.002,1.0,7.7
CDLGRAVESTONEDOJI,bear,trend_down,0.5,21,8,13,38.1,35.7,0.23,N,1.72,0.105,1.42,52.4
CDLGRAVESTONEDOJI,bear,trend_down,0.75,21,9,12,42.9,42.5,0.04,N,1.08,0.081,1.23,28.6
CDLGRAVESTONEDOJI,bear,trend_down,1.0,21,10,11,47.6,45.6,0.18,N,1.23,0.084,1.24,23.8
CDLGRAVESTONEDOJI,bear,trend_down,1.25,21,10,11,47.6,45.6,0.18,N,1.29,0.104,1.25,14.3
CDLGRAVESTONEDOJI,bear,trend_down,1.5,21,10,11,47.6,42.9,0.44,N,1.1,0.093,1.21,9.5
CDLGRAVESTONEDOJI,bear,trend_down,1.75,21,10,11,47.6,48.8,-0.11,N,0.67,0.069,1.12,9.5
CDLGRAVESTONEDOJI,bear,trend_down,2.0,21,10,11,47.6,49.2,-0.15,N,0.23,0.045,1.04,9.5
CDLGRAVESTONEDOJI,bear,trend_down,2.25,21,10,11,47.6,51.6,-0.36,N,0.04,0.035,1.01,4.8
CDLGRAVESTONEDOJI,bear,trend_down,2.5,21,10,11,47.6,50.4,-0.25,N,-0.19,0.023,0.97,4.8
CDLGRAVESTONEDOJI,bear,trend_down,2.75,21,10,11,47.6,51.2,-0.33,N,-0.42,0.011,0.94,4.8
CDLGRAVESTONEDOJI,bear,trend_down,3.0,21,10,11,47.6,50.0,-0.22,N,-0.65,-0.001,0.91,4.8
CDLTAKURI,bull,trend_down,0.5,25,11,14,44.0,40.7,0.34,N,2.06,0.141,1.44,56.0
CDLTAKURI,bull,trend_down,0.75,25,12,13,48.0,54.3,-0.64,N,2.19,0.136,1.42,40.0
CDLTAKURI,bull,trend_down,1.0,25,12,13,48.0,48.0,0.0,N,1.47,0.092,1.25,28.0
CDLTAKURI,bull,trend_down,1.25,25,13,12,52.0,55.0,-0.3,N,1.67,0.121,1.28,20.0
CDLTAKURI,bull,trend_down,1.5,25,13,12,52.0,53.3,-0.13,N,1.5,0.107,1.24,8.0
CDLTAKURI,bull,trend_down,1.75,25,13,12,52.0,52.3,-0.03,N,1.21,0.087,1.19,8.0
CDLTAKURI,bull,trend_down,2.0,25,13,12,52.0,52.0,0.0,N,1.29,0.093,1.2,4.0
CDLTAKURI,bull,trend_down,2.25,25,13,12,52.0,48.3,0.37,N,2.26,0.16,1.41,0.0
CDLTAKURI,bull,trend_down,2.5,25,13,12,52.0,49.0,0.3,N,2.26,0.16,1.41,0.0
CDLTAKURI,bull,trend_down,2.75,25,13,12,52.0,47.7,0.43,N,2.26,0.16,1.41,0.0
CDLTAKURI,bull,trend_down,3.0,25,13,12,52.0,51.7,0.03,N,2.26,0.16,1.41,0.0
CDLSPINNINGTOP,bear,rsi_mid_overbought,0.5,66,20,46,30.3,34.6,-0.73,N,-2.05,-0.158,0.54,63.6
CDLSPINNINGTOP,bear,rsi_mid_overbought,0.75,66,29,37,43.9,43.4,0.08,N,-1.62,-0.128,0.64,39.4
CDLSPINNINGTOP,bear,rsi_mid_overbought,1.0,66,32,34,48.5,50.4,-0.31,N,-0.33,-0.013,0.92,22.7
CDLSPINNINGTOP,bear,rsi_mid_overbought,1.25,66,32,34,48.5,47.0,0.25,N,-0.64,-0.041,0.86,18.2
CDLSPINNINGTOP,bear,rsi_mid_overbought,1.5,66,32,34,48.5,50.5,-0.33,N,-0.83,-0.057,0.83,13.6
CDLSPINNINGTOP,bear,rsi_mid_overbought,1.75,66,32,34,48.5,48.2,0.04,N,-1.01,-0.068,0.8,12.1
CDLSPINNINGTOP,bear,rsi_mid_overbought,2.0,66,33,33,50.0,47.9,0.35,N,-0.68,-0.035,0.86,6.1
CDLSPINNINGTOP,bear,rsi_mid_overbought,2.25,66,33,33,50.0,51.0,-0.16,N,-0.68,-0.038,0.85,4.5
CDLSPINNINGTOP,bear,rsi_mid_overbought,2.5,66,33,33,50.0,47.5,0.41,N,-0.65,-0.034,0.86,3.0
CDLSPINNINGTOP,bear,rsi_mid_overbought,2.75,66,33,33,50.0,50.8,-0.12,N,-0.76,-0.042,0.84,3.0
CDLSPINNINGTOP,bear,rsi_mid_overbought,3.0,66,33,33,50.0,54.4,-0.72,N,-0.86,-0.049,0.82,3.0
CDLRICKSHAWMAN,bull,rsi_overbought,0.5,14,6,8,42.9,50.0,-0.53,N,5.39,0.315,2.17,50.0
CDLRICKSHAWMAN,bull,rsi_overbought,0.75,14,6,8,42.9,51.2,-0.62,N,3.22,0.19,1.48,50.0
CDLRICKSHAWMAN,bull,rsi_overbought,1.0,14,6,8,42.9,42.9,0.0,N,3.37,0.196,1.51,28.6
CDLRICKSHAWMAN,bull,rsi_overbought,1.25,14,7,7,50.0,53.0,-0.22,N,5.38,0.336,2.14,7.1
CDLRICKSHAWMAN,bull,rsi_overbought,1.5,14,7,7,50.0,51.2,-0.09,N,4.97,0.318,1.97,7.1
CDLRICKSHAWMAN,bull,rsi_overbought,1.75,14,7,7,50.0,48.2,0.13,N,4.56,0.301,1.82,7.1
CDLRICKSHAWMAN,bull,rsi_overbought,2.0,14,7,7,50.0,51.2,-0.09,N,4.15,0.283,1.7,7.1
CDLRICKSHAWMAN,bull,rsi_overbought,2.25,14,7,7,50.0,45.2,0.36,N,5.06,0.323,2.01,0.0
CDLRICKSHAWMAN,bull,rsi_overbought,2.5,14,7,7,50.0,44.6,0.4,N,5.06,0.323,2.01,0.0
CDLRICKSHAWMAN,bull,rsi_overbought,2.75,14,7,7,50.0,48.8,0.09,N,5.06,0.323,2.01,0.0
CDLRICKSHAWMAN,bull,rsi_overbought,3.0,14,7,7,50.0,52.4,-0.18,N,5.06,0.323,2.01,0.0
CDLHARAMI,bear,atr_low,0.5,88,28,60,31.8,37.7,-1.14,N,0.52,0.033,1.12,68.2
CDLHARAMI,bear,atr_low,0.75,88,38,50,43.2,44.9,-0.32,N,0.98,0.057,1.21,46.6
CDLHARAMI,bear,atr_low,1.0,88,40,48,45.5,45.4,0.02,N,0.96,0.053,1.2,30.7
CDLHARAMI,bear,atr_low,1.25,88,40,48,45.5,46.0,-0.11,N,0.3,-0.004,1.05,26.1
CDLHARAMI,bear,atr_low,1.5,88,41,47,46.6,48.7,-0.39,N,0.58,0.019,1.11,15.9
CDLHARAMI,bear,atr_low,1.75,88,41,47,46.6,49.3,-0.52,N,0.41,0.006,1.08,13.6
CDLHARAMI,bear,atr_low,2.0,88,41,47,46.6,45.7,0.16,N,0.07,-0.025,1.01,12.5
CDLHARAMI,bear,atr_low,2.25,88,42,46,47.7,49.9,-0.41,N,0.22,-0.014,1.04,10.2
CDLHARAMI,bear,atr_low,2.5,88,42,46,47.7,45.8,0.36,N,0.05,-0.029,1.01,8.0
CDLHARAMI,bear,atr_low,2.75,88,42,46,47.7,49.0,-0.23,N,-0.15,-0.047,0.98,5.7
CDLHARAMI,bear,atr_low,3.0,88,42,46,47.7,48.4,-0.12,N,-0.31,-0.061,0.95,5.7
CDLSHOOTINGSTAR,bear,atr_low,0.5,12,4,8,33.3,38.2,-0.35,N,-0.41,-0.004,0.91,66.7
CDLSHOOTINGSTAR,bear,atr_low,0.75,12,5,7,41.7,47.2,-0.39,N,-0.47,-0.017,0.9,33.3
CDLSHOOTINGSTAR,bear,atr_low,1.0,12,5,7,41.7,45.1,-0.24,N,-0.84,-0.056,0.83,16.7
CDLSHOOTINGSTAR,bear,atr_low,1.25,12,6,6,50.0,50.0,0.0,N,-0.06,0.054,0.99,8.3
CDLSHOOTINGSTAR,bear,atr_low,1.5,12,6,6,50.0,50.0,0.0,N,-0.32,0.033,0.93,8.3
CDLSHOOTINGSTAR,bear,atr_low,1.75,12,6,6,50.0,52.8,-0.19,N,-0.58,0.012,0.89,8.3
CDLSHOOTINGSTAR,bear,atr_low,2.0,12,6,6,50.0,50.0,0.0,N,0.24,0.078,1.06,0.0
CDLSHOOTINGSTAR,bear,atr_low,2.25,12,6,6,50.0,50.0,0.0,N,0.24,0.078,1.06,0.0
CDLSHOOTINGSTAR,bear,atr_low,2.5,12,6,6,50.0,45.1,0.34,N,0.24,0.078,1.06,0.0
CDLSHOOTINGSTAR,bear,atr_low,2.75,12,6,6,50.0,50.0,0.0,N,0.24,0.078,1.06,0.0
CDLSHOOTINGSTAR,bear,atr_low,3.0,12,6,6,50.0,53.5,-0.24,N,0.24,0.078,1.06,0.0
CDLLONGLINE,bear,trend_down,0.5,199,59,140,29.6,32.3,-0.81,N,-0.93,-0.075,0.8,64.8
CDLLONGLINE,bear,trend_down,0.75,199,75,124,37.7,39.3,-0.46,N,-0.66,-0.058,0.87,45.2
CDLLONGLINE,bear,trend_down,1.0,199,84,115,42.2,43.0,-0.21,N,-0.34,-0.032,0.94,33.2
CDLLONGLINE,bear,trend_down,1.25,199,94,105,47.2,48.2,-0.28,N,0.35,0.018,1.06,23.1
CDLLONGLINE,bear,trend_down,1.5,199,99,100,49.7,48.6,0.33,N,0.63,0.044,1.11,16.1
CDLLONGLINE,bear,trend_down,1.75,199,99,100,49.7,50.4,-0.18,N,0.91,0.064,1.17,8.5
CDLLONGLINE,bear,trend_down,2.0,199,99,100,49.7,50.8,-0.28,N,0.96,0.072,1.18,4.0
CDLLONGLINE,bear,trend_down,2.25,199,99,100,49.7,50.7,-0.27,N,0.9,0.069,1.17,3.0
CDLLONGLINE,bear,trend_down,2.5,199,99,100,49.7,49.4,0.11,N,0.79,0.061,1.15,3.0
CDLLONGLINE,bear,trend_down,2.75,199,99,100,49.7,50.5,-0.21,N,0.67,0.054,1.12,3.0
CDLLONGLINE,bear,trend_down,3.0,199,99,100,49.7,49.1,0.18,N,0.69,0.054,1.13,2.0
CDLBELTHOLD,bull,rsi_mid_oversold,0.5,49,19,30,38.8,36.6,0.32,N,-0.63,-0.018,0.86,59.2
CDLBELTHOLD,bull,rsi_mid_oversold,0.75,49,21,28,42.9,43.7,-0.12,N,-1.06,-0.057,0.8,40.8
CDLBELTHOLD,bull,rsi_mid_oversold,1.0,49,21,28,42.9,47.3,-0.62,N,-1.58,-0.099,0.73,28.6
CDLBELTHOLD,bull,rsi_mid_oversold,1.25,49,21,28,42.9,48.5,-0.79,N,-2.25,-0.149,0.65,24.5
CDLBELTHOLD,bull,rsi_mid_oversold,1.5,49,21,28,42.9,49.0,-0.86,N,-2.36,-0.153,0.64,16.3
CDLBELTHOLD,bull,rsi_mid_oversold,1.75,49,21,28,42.9,49.3,-0.9,N,-2.65,-0.172,0.61,12.2
CDLBELTHOLD,bull,rsi_mid_oversold,2.0,49,21,28,42.9,50.2,-1.02,N,-2.74,-0.171,0.6,8.2
CDLBELTHOLD,bull,rsi_mid_oversold,2.25,49,21,28,42.9,54.4,-1.63,N,-3.05,-0.191,0.58,8.2
CDLBELTHOLD,bull,rsi_mid_oversold,2.5,49,21,28,42.9,45.9,-0.43,N,-3.04,-0.195,0.58,6.1
CDLBELTHOLD,bull,rsi_mid_oversold,2.75,49,21,28,42.9,48.1,-0.74,N,-3.25,-0.21,0.56,6.1
CDLBELTHOLD,bull,rsi_mid_oversold,3.0,49,21,28,42.9,51.2,-1.17,N,-3.14,-0.205,0.57,4.1
CDLINVERTEDHAMMER,bull,none,0.5,14,5,9,35.7,38.1,-0.18,N,-1.74,-0.074,0.63,57.1
CDLINVERTEDHAMMER,bull,none,0.75,14,7,7,50.0,54.2,-0.31,N,-0.87,-0.029,0.82,35.7
CDLINVERTEDHAMMER,bull,none,1.0,14,7,7,50.0,49.4,0.04,N,-2.14,-0.119,0.64,35.7
CDLINVERTEDHAMMER,bull,none,1.25,14,7,7,50.0,50.0,0.0,N,-1.7,-0.117,0.69,21.4
CDLINVERTEDHAMMER,bull,none,1.5,14,7,7,50.0,57.1,-0.54,N,-2.09,-0.147,0.65,14.3
CDLINVERTEDHAMMER,bull,none,1.75,14,7,7,50.0,57.7,-0.59,N,-1.19,-0.074,0.76,7.1
CDLINVERTEDHAMMER,bull,none,2.0,14,7,7,50.0,51.8,-0.13,N,-1.42,-0.092,0.73,7.1
CDLINVERTEDHAMMER,bull,none,2.25,14,7,7,50.0,48.8,0.09,N,-1.64,-0.109,0.7,7.1
CDLINVERTEDHAMMER,bull,none,2.5,14,7,7,50.0,55.4,-0.4,N,-1.87,-0.127,0.67,7.1
CDLINVERTEDHAMMER,bull,none,2.75,14,7,7,50.0,47.6,0.18,N,-2.1,-0.145,0.65,7.1
CDLINVERTEDHAMMER,bull,none,3.0,14,7,7,50.0,45.8,0.31,N,-2.33,-0.163,0.62,7.1
CDLSHORTLINE,bull,trend_up,0.5,150,63,87,42.0,40.9,0.28,N,0.22,0.007,1.06,49.3
CDLSHORTLINE,bull,trend_up,0.75,150,70,80,46.7,45.4,0.3,N,0.46,0.024,1.11,32.7
CDLSHORTLINE,bull,trend_up,1.0,150,71,79,47.3,48.1,-0.18,N,0.09,-0.003,1.02,22.7
CDLSHORTLINE,bull,trend_up,1.25,150,72,78,48.0,47.2,0.19,N,0.05,-0.008,1.01,14.7
CDLSHORTLINE,bull,trend_up,1.5,150,73,77,48.7,48.8,-0.03,N,0.28,0.004,1.06,8.7
CDLSHORTLINE,bull,trend_up,1.75,150,73,77,48.7,49.4,-0.18,N,0.5,0.021,1.11,4.7
CDLSHORTLINE,bull,trend_up,2.0,150,73,77,48.7,49.0,-0.08,N,0.51,0.022,1.12,2.0
CDLSHORTLINE,bull,trend_up,2.25,150,73,77,48.7,50.5,-0.45,N,0.46,0.017,1.1,2.0
CDLSHORTLINE,bull,trend_up,2.5,150,73,77,48.7,52.0,-0.82,N,0.44,0.015,1.1,1.3
CDLSHORTLINE,bull,trend_up,2.75,150,73,77,48.7,49.7,-0.26,N,0.46,0.017,1.1,0.7
CDLSHORTLINE,bull,trend_up,3.0,150,73,77,48.7,49.6,-0.23,N,0.44,0.015,1.1,0.7
CDLDOJI,bull,atr_high,0.5,95,32,63,33.7,39.1,-1.09,N,-1.2,-0.079,0.78,64.2
CDLDOJI,bull,atr_high,0.75,95,37,58,38.9,43.6,-0.91,N,-1.51,-0.094,0.77,45.3
CDLDOJI,bull,atr_high,1.0,95,41,54,43.2,46.6,-0.67,N,-1.35,-0.078,0.8,30.5
CDLDOJI,bull,atr_high,1.25,95,44,51,46.3,47.6,-0.26,N,-0.6,-0.034,0.91,18.9
CDLDOJI,bull,atr_high,1.5,95,45,50,47.4,50.4,-0.6,N,-0.61,-0.031,0.91,13.7
CDLDOJI,bull,atr_high,1.75,95,45,50,47.4,49.2,-0.36,N,-0.6,-0.031,0.91,8.4
CDLDOJI,bull,atr_high,2.0,95,45,50,47.4,45.9,0.29,N,-0.48,-0.02,0.93,5.3
CDLDOJI,bull,atr_high,2.25,95,45,50,47.4,48.9,-0.31,N,-0.53,-0.025,0.92,4.2
CDLDOJI,bull,atr_high,2.5,95,45,50,47.4,49.6,-0.43,N,-0.09,-0.001,0.99,1.1
CDLDOJI,bull,atr_high,2.75,95,45,50,47.4,50.3,-0.56,N,-0.12,-0.003,0.98,1.1
CDLDOJI,bull,atr_high,3.0,95,45,50,47.4,47.4,-0.0,N,-0.16,-0.006,0.97,1.1
CDLHIKKAKE,bull,rsi_oversold,0.5,12,3,9,25.0,34.7,-0.71,N,-4.21,-0.2,0.37,75.0
CDLHIKKAKE,bull,rsi_oversold,0.75,12,4,8,33.3,36.1,-0.2,N,-5.84,-0.281,0.36,66.7
CDLHIKKAKE,bull,rsi_oversold,1.0,12,4,8,33.3,45.1,-0.82,N,-8.86,-0.448,0.27,66.7
CDLHIKKAKE,bull,rsi_oversold,1.25,12,6,6,50.0,45.8,0.29,N,-5.78,-0.295,0.48,50.0
CDLHIKKAKE,bull,rsi_oversold,1.5,12,6,6,50.0,48.6,0.1,N,-6.36,-0.334,0.46,41.7
CDLHIKKAKE,bull,rsi_oversold,1.75,12,6,6,50.0,53.5,-0.24,N,-6.76,-0.354,0.44,33.3
CDLHIKKAKE,bull,rsi_oversold,2.0,12,6,6,50.0,50.0,0.0,N,-8.23,-0.437,0.39,33.3
CDLHIKKAKE,bull,rsi_oversold,2.25,12,6,6,50.0,45.8,0.29,N,-8.76,-0.472,0.38,25.0
CDLHIKKAKE,bull,rsi_oversold,2.5,12,6,6,50.0,47.9,0.14,N,-7.53,-0.414,0.41,8.3
CDLHIKKAKE,bull,rsi_oversold,2.75,12,6,6,50.0,53.5,-0.24,N,-7.8,-0.435,0.41,8.3
CDLHIKKAKE,bull,rsi_oversold,3.0,12,6,6,50.0,52.1,-0.14,N,-8.07,-0.456,0.4,8.3
CDLHARAMI,bull,none,0.5,140,48,92,34.3,36.1,-0.44,N,0.24,nan,1.05,63.6
CDLHARAMI,bull,none,0.75,140,62,78,44.3,43.6,0.17,N,0.43,nan,1.09,44.3
CDLHARAMI,bull,none,1.0,140,65,75,46.4,46.1,0.08,N,0.44,nan,1.09,30.0
CDLHARAMI,bull,none,1.25,140,67,73,47.9,46.9,0.23,N,0.26,nan,1.05,24.3
CDLHARAMI,bull,none,1.5,140,68,72,48.6,48.2,0.1,N,0.18,nan,1.03,16.4
CDLHARAMI,bull,none,1.75,140,68,72,48.6,48.6,-0.01,N,-0.12,nan,0.98,14.3
CDLHARAMI,bull,none,2.0,140,68,72,48.6,50.8,-0.54,N,-0.32,nan,0.95,11.4
CDLHARAMI,bull,none,2.25,140,69,71,49.3,48.6,0.17,N,-0.01,nan,1.0,8.6
CDLHARAMI,bull,none,2.5,140,69,71,49.3,50.7,-0.34,N,-0.2,nan,0.97,7.1
CDLHARAMI,bull,none,2.75,140,69,71,49.3,48.8,0.13,N,-0.23,nan,0.96,5.0
CDLHARAMI,bull,none,3.0,140,69,71,49.3,52.0,-0.63,N,-0.39,nan,0.94,5.0
CDLHARAMI,bull,trend_down,0.5,81,25,56,30.9,35.4,-0.85,N,-0.21,-0.006,0.95,66.7
CDLHARAMI,bull,trend_down,0.75,81,34,47,42.0,42.9,-0.17,N,0.09,0.004,1.02,48.1
CDLHARAMI,bull,trend_down,1.0,81,37,44,45.7,49.5,-0.69,N,0.45,0.023,1.08,30.9
CDLHARAMI,bull,trend_down,1.25,81,39,42,48.1,47.2,0.17,N,0.61,0.016,1.11,24.7
CDLHARAMI,bull,trend_down,1.5,81,39,42,48.1,49.1,-0.17,N,0.36,0.002,1.06,19.8
CDLHARAMI,bull,trend_down,1.75,81,39,42,48.1,49.4,-0.22,N,-0.07,-0.027,0.99,18.5
CDLHARAMI,bull,trend_down,2.0,81,39,42,48.1,47.6,0.09,N,-0.24,-0.043,0.96,14.8
CDLHARAMI,bull,trend_down,2.25,81,40,41,49.4,49.5,-0.02,N,0.46,0.001,1.08,9.9
CDLHARAMI,bull,trend_down,2.5,81,40,41,49.4,48.1,0.22,N,0.29,-0.012,1.05,7.4
CDLHARAMI,bull,trend_down,2.75,81,40,41,49.4,49.9,-0.09,N,0.38,-0.011,1.06,4.9
CDLHARAMI,bull,trend_down,3.0,81,40,41,49.4,50.4,-0.19,N,0.23,-0.024,1.04,4.9
CDLHARAMI,bull,atr_high,0.5,45,15,30,33.3,32.2,0.16,N,-0.88,-0.038,0.83,60.0
CDLHARAMI,bull,atr_high,0.75,45,19,26,42.2,42.2,0.0,N,-1.05,-0.048,0.83,42.2
CDLHARAMI,bull,atr_high,1.0,45,20,25,44.4,44.1,0.05,N,-0.96,-0.059,0.85,31.1
CDLHARAMI,bull,atr_high,1.25,45,22,23,48.9,49.6,-0.1,N,-0.17,-0.025,0.97,22.2
CDLHARAMI,bull,atr_high,1.5,45,22,23,48.9,49.1,-0.02,N,-0.93,-0.075,0.86,20.0
CDLHARAMI,bull,atr_high,1.75,45,22,23,48.9,51.5,-0.35,N,-1.55,-0.115,0.79,17.8
CDLHARAMI,bull,atr_high,2.0,45,22,23,48.9,51.1,-0.3,N,-1.52,-0.11,0.8,11.1
CDLHARAMI,bull,atr_high,2.25,45,22,23,48.9,51.5,-0.35,N,-0.83,-0.075,0.88,6.7
CDLHARAMI,bull,atr_high,2.5,45,22,23,48.9,48.9,0.0,N,-1.1,-0.091,0.84,6.7
CDLHARAMI,bull,atr_high,2.75,45,22,23,48.9,50.9,-0.27,N,-0.8,-0.075,0.88,4.4
CDLHARAMI,bull,atr_high,3.0,45,22,23,48.9,53.0,-0.55,N,-0.97,-0.087,0.86,4.4
CDLHIKKAKE,bear,atr_low,0.5,172,57,115,33.1,33.3,-0.04,N,0.07,0.0,1.02,63.4
CDLHIKKAKE,bear,atr_low,0.75,172,66,106,38.4,43.3,-1.3,N,-0.64,-0.055,0.88,50.0
CDLHIKKAKE,bear,atr_low,1.0,172,76,96,44.2,46.7,-0.65,N,0.12,0.0,1.02,32.0
CDLHIKKAKE,bear,atr_low,1.25,172,79,93,45.9,45.4,0.14,N,-0.14,-0.022,0.98,24.4
CDLHIKKAKE,bear,atr_low,1.5,172,82,90,47.7,50.5,-0.74,N,-0.04,-0.013,0.99,18.0
CDLHIKKAKE,bear,atr_low,1.75,172,83,89,48.3,49.3,-0.28,N,0.12,0.002,1.02,11.0
CDLHIKKAKE,bear,atr_low,2.0,172,83,89,48.3,50.3,-0.55,N,0.14,0.0,1.03,7.6
CDLHIKKAKE,bear,atr_low,2.25,172,83,89,48.3,50.5,-0.58,N,-0.06,-0.016,0.99,7.0
CDLHIKKAKE,bear,atr_low,2.5,172,83,89,48.3,49.6,-0.36,N,-0.25,-0.032,0.96,6.4
CDLHIKKAKE,bear,atr_low,2.75,172,83,89,48.3,48.1,0.04,N,-0.15,-0.028,0.97,5.2
CDLHIKKAKE,bear,atr_low,3.0,172,83,89,48.3,48.9,-0.18,N,-0.3,-0.041,0.95,5.2
CDLHIGHWAVE,bull,atr_low,0.5,167,53,114,31.7,33.5,-0.49,N,0.09,0.007,1.02,62.3
CDLHIGHWAVE,bull,atr_low,0.75,167,65,102,38.9,41.3,-0.63,N,-0.24,-0.023,0.95,49.7
CDLHIGHWAVE,bull,atr_low,1.0,167,73,94,43.7,44.3,-0.14,N,0.11,0.016,1.02,34.7
CDLHIGHWAVE,bull,atr_low,1.25,167,77,90,46.1,49.2,-0.8,N,0.29,0.031,1.05,24.6
CDLHIGHWAVE,bull,atr_low,1.5,167,78,89,46.7,46.2,0.13,N,-0.08,0.004,0.99,20.4
CDLHIGHWAVE,bull,atr_low,1.75,167,79,88,47.3,49.8,-0.64,N,-0.21,-0.005,0.97,16.2
CDLHIGHWAVE,bull,atr_low,2.0,167,80,87,47.9,49.0,-0.28,N,-0.13,-0.005,0.98,12.0
CDLHIGHWAVE,bull,atr_low,2.25,167,80,87,47.9,51.6,-0.97,N,-0.34,-0.021,0.95,10.2
CDLHIGHWAVE,bull,atr_low,2.5,167,80,87,47.9,49.0,-0.27,N,-0.49,-0.033,0.92,7.8
CDLHIGHWAVE,bull,atr_low,2.75,167,80,87,47.9,50.0,-0.55,N,-0.64,-0.047,0.9,5.4
CDLHIGHWAVE,bull,atr_low,3.0,167,80,87,47.9,48.7,-0.19,N,-0.79,-0.06,0.88,5.4
CDLSHORTLINE,bull,rsi_overbought,0.5,17,6,11,35.3,37.3,-0.17,N,-1.35,-0.112,0.74,58.8
CDLSHORTLINE,bull,rsi_overbought,0.75,17,7,10,41.2,43.1,-0.16,N,-1.31,-0.09,0.78,35.3
CDLSHORTLINE,bull,rsi_overbought,1.0,17,7,10,41.2,51.0,-0.81,N,-1.09,-0.078,0.81,23.5
CDLSHORTLINE,bull,rsi_overbought,1.25,17,7,10,41.2,39.7,0.12,N,-2.14,-0.137,0.68,23.5
CDLSHORTLINE,bull,rsi_overbought,1.5,17,7,10,41.2,49.5,-0.69,N,-1.39,-0.117,0.77,17.6
CDLSHORTLINE,bull,rsi_overbought,1.75,17,7,10,41.2,41.2,-0.0,N,-1.16,-0.09,0.8,11.8
CDLSHORTLINE,bull,rsi_overbought,2.0,17,7,10,41.2,44.1,-0.24,N,-1.21,-0.099,0.79,5.9
CDLSHORTLINE,bull,rsi_overbought,2.25,17,7,10,41.2,47.1,-0.49,N,-1.4,-0.113,0.77,5.9
CDLSHORTLINE,bull,rsi_overbought,2.5,17,7,10,41.2,45.1,-0.32,N,-1.58,-0.128,0.74,5.9
CDLSHORTLINE,bull,rsi_overbought,2.75,17,7,10,41.2,52.0,-0.89,N,-1.21,-0.098,0.79,0.0
CDLSHORTLINE,bull,rsi_overbought,3.0,17,7,10,41.2,48.0,-0.57,N,-1.21,-0.098,0.79,0.0
CDLSHORTLINE,bear,atr_low,0.5,206,79,127,38.3,38.0,0.11,N,0.03,-0.012,1.01,52.4
CDLSHORTLINE,bear,atr_low,0.75,206,92,114,44.7,45.3,-0.19,N,0.2,0.005,1.05,37.4
CDLSHORTLINE,bear,atr_low,1.0,206,97,109,47.1,48.3,-0.34,N,-0.12,-0.016,0.98,27.2
CDLSHORTLINE,bear,atr_low,1.25,206,99,107,48.1,50.4,-0.67,N,-0.05,-0.013,0.99,18.4
CDLSHORTLINE,bear,atr_low,1.5,206,100,106,48.5,51.5,-0.86,N,-0.01,-0.011,1.0,11.7
CDLSHORTLINE,bear,atr_low,1.75,206,100,106,48.5,49.6,-0.3,N,0.17,0.002,1.04,6.3
CDLSHORTLINE,bear,atr_low,2.0,206,100,106,48.5,50.8,-0.65,N,0.27,0.01,1.06,3.4
CDLSHORTLINE,bear,atr_low,2.25,206,100,106,48.5,48.7,-0.03,N,0.21,0.005,1.05,2.9
CDLSHORTLINE,bear,atr_low,2.5,206,100,106,48.5,48.9,-0.1,N,0.16,0.001,1.03,1.9
CDLSHORTLINE,bear,atr_low,2.75,206,100,106,48.5,50.1,-0.45,N,0.17,0.002,1.04,1.0
CDLSHORTLINE,bear,atr_low,3.0,206,100,106,48.5,49.2,-0.19,N,0.14,-0.0,1.03,1.0
CDLXSIDEGAP3METHODS,bear,trend_down,0.5,12,4,8,33.3,31.9,0.1,N,-0.79,-0.005,0.81,58.3
CDLXSIDEGAP3METHODS,bear,trend_down,0.75,12,4,8,33.3,38.9,-0.39,N,-2.18,-0.119,0.61,50.0
CDLXSIDEGAP3METHODS,bear,trend_down,1.0,12,5,7,41.7,46.5,-0.34,N,-2.34,-0.145,0.61,41.7
CDLXSIDEGAP3METHODS,bear,trend_down,1.25,12,5,7,41.7,48.6,-0.48,N,-3.63,-0.249,0.5,41.7
CDLXSIDEGAP3METHODS,bear,trend_down,1.5,12,5,7,41.7,47.2,-0.39,N,-3.95,-0.29,0.48,33.3
CDLXSIDEGAP3METHODS,bear,trend_down,1.75,12,5,7,41.7,49.3,-0.53,N,-3.23,-0.215,0.53,8.3
CDLXSIDEGAP3METHODS,bear,trend_down,2.0,12,5,7,41.7,49.3,-0.53,N,-3.49,-0.236,0.51,8.3
CDLXSIDEGAP3METHODS,bear,trend_down,2.25,12,5,7,41.7,52.8,-0.77,N,-3.75,-0.257,0.49,8.3
CDLXSIDEGAP3METHODS,bear,trend_down,2.5,12,5,7,41.7,57.6,-1.12,N,-4.0,-0.278,0.47,8.3
CDLXSIDEGAP3METHODS,bear,trend_down,2.75,12,5,7,41.7,48.6,-0.48,N,-4.26,-0.298,0.46,8.3
CDLXSIDEGAP3METHODS,bear,trend_down,3.0,12,5,7,41.7,52.8,-0.77,N,-4.34,-0.305,0.45,0.0
CDLSHOOTINGSTAR,bear,none,0.5,20,7,13,35.0,43.3,-0.75,N,-0.23,-0.016,0.95,60.0
CDLSHOOTINGSTAR,bear,none,0.75,20,8,12,40.0,44.2,-0.38,N,-1.12,-0.074,0.79,40.0
CDLSHOOTINGSTAR,bear,none,1.0,20,8,12,40.0,39.6,0.04,N,-2.2,-0.147,0.66,30.0
CDLSHOOTINGSTAR,bear,none,1.25,20,9,11,45.0,45.8,-0.07,N,-1.41,-0.061,0.76,15.0
CDLSHOOTINGSTAR,bear,none,1.5,20,9,11,45.0,50.8,-0.52,N,-1.99,-0.099,0.69,15.0
CDLSHOOTINGSTAR,bear,none,1.75,20,9,11,45.0,47.5,-0.22,N,-2.57,-0.136,0.64,15.0
CDLSHOOTINGSTAR,bear,none,2.0,20,9,11,45.0,45.8,-0.07,N,-2.32,-0.113,0.66,5.0
CDLSHOOTINGSTAR,bear,none,2.25,20,9,11,45.0,49.6,-0.41,N,-2.51,-0.125,0.64,5.0
CDLSHOOTINGSTAR,bear,none,2.5,20,9,11,45.0,50.4,-0.48,N,-2.69,-0.138,0.63,5.0
CDLSHOOTINGSTAR,bear,none,2.75,20,9,11,45.0,44.2,0.08,N,-2.88,-0.15,0.61,5.0
CDLSHOOTINGSTAR,bear,none,3.0,20,9,11,45.0,46.7,-0.15,N,-2.6,-0.132,0.63,0.0
CDLGRAVESTONEDOJI,bear,none,0.5,39,14,25,35.9,35.5,0.06,N,0.09,-0.011,1.02,53.8
CDLGRAVESTONEDOJI,bear,none,0.75,39,16,23,41.0,41.9,-0.11,N,0.19,0.006,1.05,23.1
CDLGRAVESTONEDOJI,bear,none,1.0,39,17,22,43.6,46.2,-0.32,N,0.1,-0.006,1.02,17.9
CDLGRAVESTONEDOJI,bear,none,1.25,39,17,22,43.6,45.5,-0.24,N,-0.02,-0.008,1.0,12.8
CDLGRAVESTONEDOJI,bear,none,1.5,39,17,22,43.6,45.9,-0.29,N,-0.28,-0.027,0.94,10.3
CDLGRAVESTONEDOJI,bear,none,1.75,39,17,22,43.6,47.0,-0.43,N,-0.59,-0.047,0.88,7.7
CDLGRAVESTONEDOJI,bear,none,2.0,39,17,22,43.6,52.8,-1.15,N,-0.62,-0.043,0.88,5.1
CDLGRAVESTONEDOJI,bear,none,2.25,39,17,22,43.6,49.8,-0.77,N,-0.73,-0.048,0.86,2.6
CDLGRAVESTONEDOJI,bear,none,2.5,39,17,22,43.6,50.9,-0.91,N,-0.85,-0.055,0.84,2.6
CDLGRAVESTONEDOJI,bear,none,2.75,39,17,22,43.6,45.3,-0.21,N,-0.97,-0.061,0.82,2.6
CDLGRAVESTONEDOJI,bear,none,3.0,39,17,22,43.6,51.9,-1.04,N,-1.09,-0.068,0.8,2.6
CDL3OUTSIDE,bear,atr_high,0.5,33,10,23,30.3,33.1,-0.34,N,-0.85,-0.051,0.85,63.6
CDL3OUTSIDE,bear,atr_high,0.75,33,13,20,39.4,39.6,-0.03,N,-1.38,-0.098,0.8,51.5
CDL3OUTSIDE,bear,atr_high,1.0,33,13,20,39.4,46.7,-0.84,N,-2.74,-0.191,0.66,45.5
CDL3OUTSIDE,bear,atr_high,1.25,33,14,19,42.4,44.9,-0.29,N,-1.42,-0.096,0.83,24.2
CDL3OUTSIDE,bear,atr_high,1.5,33,14,19,42.4,49.0,-0.75,N,-1.21,-0.086,0.85,15.2
CDL3OUTSIDE,bear,atr_high,1.75,33,14,19,42.4,49.5,-0.81,N,-0.63,-0.052,0.91,3.0
CDL3OUTSIDE,bear,atr_high,2.0,33,14,19,42.4,53.0,-1.22,N,-0.72,-0.06,0.9,3.0
CDL3OUTSIDE,bear,atr_high,2.25,33,14,19,42.4,50.3,-0.9,N,-0.81,-0.067,0.89,3.0
CDL3OUTSIDE,bear,atr_high,2.5,33,14,19,42.4,57.1,-1.7,N,-0.57,-0.047,0.92,0.0
CDL3OUTSIDE,bear,atr_high,2.75,33,14,19,42.4,49.7,-0.84,N,-0.57,-0.047,0.92,0.0
CDL3OUTSIDE,bear,atr_high,3.0,33,14,19,42.4,47.2,-0.55,N,-0.57,-0.047,0.92,0.0
CDLENGULFING,bear,rsi_oversold,0.5,10,2,8,20.0,36.7,-1.09,N,-2.85,-0.206,0.55,80.0
CDLENGULFING,bear,rsi_oversold,0.75,10,3,7,30.0,44.2,-0.9,N,-2.54,-0.129,0.69,60.0
CDLENGULFING,bear,rsi_oversold,1.0,10,4,6,40.0,52.5,-0.79,N,-1.7,-0.072,0.81,50.0
CDLENGULFING,bear,rsi_oversold,1.25,10,4,6,40.0,45.8,-0.37,N,-3.33,-0.171,0.69,40.0
CDLENGULFING,bear,rsi_oversold,1.5,10,4,6,40.0,52.5,-0.79,N,-4.98,-0.271,0.6,40.0
CDLENGULFING,bear,rsi_oversold,1.75,10,4,6,40.0,49.2,-0.58,N,-6.62,-0.371,0.53,40.0
CDLENGULFING,bear,rsi_oversold,2.0,10,4,6,40.0,50.8,-0.69,N,-5.82,-0.343,0.56,30.0
CDLENGULFING,bear,rsi_oversold,2.25,10,4,6,40.0,45.8,-0.37,N,-5.31,-0.293,0.58,10.0
CDLENGULFING,bear,rsi_oversold,2.5,10,4,6,40.0,52.5,-0.79,N,-5.21,-0.287,0.59,0.0
CDLENGULFING,bear,rsi_oversold,2.75,10,4,6,40.0,40.8,-0.05,N,-5.21,-0.287,0.59,0.0
CDLENGULFING,bear,rsi_oversold,3.0,10,4,6,40.0,52.5,-0.79,N,-5.21,-0.287,0.59,0.0
CDLHIGHWAVE,bull,none,0.5,241,77,164,32.0,32.8,-0.3,N,-0.11,nan,0.97,61.4
CDLHIGHWAVE,bull,none,0.75,241,95,146,39.4,40.3,-0.27,N,-0.3,nan,0.94,47.7
CDLHIGHWAVE,bull,none,1.0,241,106,135,44.0,48.1,-1.29,N,-0.15,nan,0.97,34.0
CDLHIGHWAVE,bull,none,1.25,241,111,130,46.1,48.4,-0.73,N,-0.08,nan,0.99,24.5
CDLHIGHWAVE,bull,none,1.5,241,112,129,46.5,47.0,-0.15,N,-0.58,nan,0.91,20.7
CDLHIGHWAVE,bull,none,1.75,241,113,128,46.9,48.5,-0.5,N,-0.7,nan,0.89,14.9
CDLHIGHWAVE,bull,none,2.0,241,114,127,47.3,48.0,-0.21,N,-0.73,nan,0.89,11.2
CDLHIGHWAVE,bull,none,2.25,241,114,127,47.3,48.8,-0.45,N,-0.77,nan,0.88,8.7
CDLHIGHWAVE,bull,none,2.5,241,115,126,47.7,48.8,-0.32,N,-0.65,nan,0.9,6.2
CDLHIGHWAVE,bull,none,2.75,241,115,126,47.7,47.9,-0.06,N,-0.78,nan,0.88,4.6
CDLHIGHWAVE,bull,none,3.0,241,115,126,47.7,50.3,-0.79,N,-0.92,nan,0.87,4.6
CDLENGULFING,bull,rsi_mid_oversold,0.5,48,17,31,35.4,36.6,-0.17,N,0.39,0.019,1.09,58.3
CDLENGULFING,bull,rsi_mid_oversold,0.75,48,19,29,39.6,44.8,-0.73,N,-0.47,-0.037,0.92,47.9
CDLENGULFING,bull,rsi_mid_oversold,1.0,48,20,28,41.7,45.8,-0.58,N,-1.41,-0.098,0.78,39.6
CDLENGULFING,bull,rsi_mid_oversold,1.25,48,21,27,43.8,48.6,-0.67,N,-2.02,-0.134,0.72,31.2
CDLENGULFING,bull,rsi_mid_oversold,1.5,48,22,26,45.8,54.9,-1.26,N,-2.16,-0.134,0.71,22.9
CDLENGULFING,bull,rsi_mid_oversold,1.75,48,22,26,45.8,52.3,-0.89,N,-1.37,-0.091,0.8,14.6
CDLENGULFING,bull,rsi_mid_oversold,2.0,48,22,26,45.8,50.9,-0.7,N,-0.81,-0.044,0.87,6.2
CDLENGULFING,bull,rsi_mid_oversold,2.25,48,22,26,45.8,50.3,-0.63,N,-1.05,-0.06,0.84,6.2
CDLENGULFING,bull,rsi_mid_oversold,2.5,48,22,26,45.8,52.3,-0.89,N,-1.29,-0.076,0.81,6.2
CDLENGULFING,bull,rsi_mid_oversold,2.75,48,22,26,45.8,49.0,-0.43,N,-1.52,-0.091,0.78,6.2
CDLENGULFING,bull,rsi_mid_oversold,3.0,48,22,26,45.8,51.2,-0.75,N,-1.42,-0.086,0.79,4.2
CDLLONGLEGGEDDOJI,bull,trend_up,0.5,118,40,78,33.9,36.7,-0.64,N,-0.74,-0.067,0.83,57.6
CDLLONGLEGGEDDOJI,bull,trend_up,0.75,118,48,70,40.7,41.5,-0.17,N,-0.64,-0.061,0.87,38.1
CDLLONGLEGGEDDOJI,bull,trend_up,1.0,118,50,68,42.4,47.0,-1.01,N,-0.81,-0.078,0.84,28.8
CDLLONGLEGGEDDOJI,bull,trend_up,1.25,118,53,65,44.9,47.1,-0.48,N,-0.36,-0.048,0.93,16.1
CDLLONGLEGGEDDOJI,bull,trend_up,1.5,118,53,65,44.9,48.6,-0.8,N,-0.76,-0.074,0.86,14.4
CDLLONGLEGGEDDOJI,bull,trend_up,1.75,118,53,65,44.9,47.2,-0.51,N,-0.78,-0.078,0.85,10.2
CDLLONGLEGGEDDOJI,bull,trend_up,2.0,118,53,65,44.9,50.9,-1.3,N,-0.64,-0.068,0.88,6.8
CDLLONGLEGGEDDOJI,bull,trend_up,2.25,118,53,65,44.9,49.2,-0.92,N,-0.5,-0.059,0.9,5.1
CDLLONGLEGGEDDOJI,bull,trend_up,2.5,118,53,65,44.9,51.4,-1.41,N,-0.59,-0.066,0.89,4.2
CDLLONGLEGGEDDOJI,bull,trend_up,2.75,118,53,65,44.9,49.7,-1.04,N,-0.68,-0.074,0.87,3.4
CDLLONGLEGGEDDOJI,bull,trend_up,3.0,118,53,65,44.9,52.9,-1.74,N,-0.78,-0.082,0.85,3.4
CDLLONGLINE,bull,rsi_mid_oversold,0.5,62,19,43,30.6,32.4,-0.29,N,-0.99,-0.06,0.79,64.5
CDLLONGLINE,bull,rsi_mid_oversold,0.75,62,24,38,38.7,44.4,-0.89,N,-0.92,-0.062,0.82,45.2
CDLLONGLINE,bull,rsi_mid_oversold,1.0,62,26,36,41.9,45.3,-0.53,N,-1.17,-0.071,0.8,32.3
CDLLONGLINE,bull,rsi_mid_oversold,1.25,62,27,35,43.5,47.8,-0.68,N,-1.97,-0.123,0.7,30.6
CDLLONGLINE,bull,rsi_mid_oversold,1.5,62,27,35,43.5,44.6,-0.17,N,-2.48,-0.157,0.65,24.2
CDLLONGLINE,bull,rsi_mid_oversold,1.75,62,27,35,43.5,47.2,-0.57,N,-2.22,-0.143,0.68,14.5
CDLLONGLINE,bull,rsi_mid_oversold,2.0,62,27,35,43.5,50.0,-1.02,N,-2.05,-0.125,0.69,6.5
CDLLONGLINE,bull,rsi_mid_oversold,2.25,62,27,35,43.5,48.4,-0.76,N,-2.11,-0.127,0.69,4.8
CDLLONGLINE,bull,rsi_mid_oversold,2.5,62,27,35,43.5,53.1,-1.51,N,-2.3,-0.139,0.67,4.8
CDLLONGLINE,bull,rsi_mid_oversold,2.75,62,27,35,43.5,51.6,-1.27,N,-2.49,-0.151,0.65,4.8
CDLLONGLINE,bull,rsi_mid_oversold,3.0,62,27,35,43.5,51.9,-1.31,N,-2.42,-0.147,0.66,3.2
CDLRICKSHAWMAN,bull,atr_high,0.5,67,22,45,32.8,39.7,-1.14,N,-0.54,-0.049,0.9,64.2
CDLRICKSHAWMAN,bull,atr_high,0.75,67,25,42,37.3,44.7,-1.21,N,-1.29,-0.091,0.82,49.3
CDLRICKSHAWMAN,bull,atr_high,1.0,67,29,38,43.3,49.1,-0.96,N,-0.61,-0.042,0.91,31.3
CDLRICKSHAWMAN,bull,atr_high,1.25,67,31,36,46.3,49.0,-0.45,N,0.06,0.003,1.01,19.4
CDLRICKSHAWMAN,bull,atr_high,1.5,67,31,36,46.3,47.4,-0.18,N,-0.31,-0.013,0.95,13.4
CDLRICKSHAWMAN,bull,atr_high,1.75,67,31,36,46.3,49.5,-0.53,N,-0.05,0.003,0.99,6.0
CDLRICKSHAWMAN,bull,atr_high,2.0,67,31,36,46.3,50.7,-0.73,N,0.24,0.023,1.04,3.0
CDLRICKSHAWMAN,bull,atr_high,2.25,67,31,36,46.3,48.9,-0.43,N,0.38,0.028,1.06,1.5
CDLRICKSHAWMAN,bull,atr_high,2.5,67,31,36,46.3,53.9,-1.25,N,0.33,0.024,1.05,1.5
CDLRICKSHAWMAN,bull,atr_high,2.75,67,31,36,46.3,49.5,-0.53,N,0.28,0.021,1.04,1.5
CDLRICKSHAWMAN,bull,atr_high,3.0,67,31,36,46.3,49.6,-0.55,N,0.22,0.017,1.04,1.5
CDLSHOOTINGSTAR,bear,trend_up,0.5,12,4,8,33.3,43.8,-0.73,N,-2.67,-0.194,0.45,66.7
CDLSHOOTINGSTAR,bear,trend_up,0.75,12,4,8,33.3,43.1,-0.68,N,-4.0,-0.293,0.35,50.0
CDLSHOOTINGSTAR,bear,trend_up,1.0,12,4,8,33.3,41.7,-0.59,N,-5.07,-0.374,0.3,33.3
CDLSHOOTINGSTAR,bear,trend_up,1.25,12,5,7,41.7,47.2,-0.39,N,-5.0,-0.306,0.34,25.0
CDLSHOOTINGSTAR,bear,trend_up,1.5,12,5,7,41.7,51.4,-0.67,N,-5.97,-0.368,0.3,25.0
CDLSHOOTINGSTAR,bear,trend_up,1.75,12,5,7,41.7,45.1,-0.24,N,-6.94,-0.431,0.27,25.0
CDLSHOOTINGSTAR,bear,trend_up,2.0,12,5,7,41.7,44.4,-0.19,N,-6.53,-0.391,0.28,8.3
CDLSHOOTINGSTAR,bear,trend_up,2.25,12,5,7,41.7,45.8,-0.29,N,-6.84,-0.412,0.27,8.3
CDLSHOOTINGSTAR,bear,trend_up,2.5,12,5,7,41.7,50.0,-0.58,N,-7.15,-0.433,0.26,8.3
CDLSHOOTINGSTAR,bear,trend_up,2.75,12,5,7,41.7,46.5,-0.34,N,-7.46,-0.454,0.25,8.3
CDLSHOOTINGSTAR,bear,trend_up,3.0,12,5,7,41.7,51.4,-0.67,N,-7.0,-0.423,0.27,0.0
CDLGRAVESTONEDOJI,bear,trend_up,0.5,18,6,12,33.3,35.6,-0.21,N,-1.82,-0.145,0.53,55.6
CDLGRAVESTONEDOJI,bear,trend_up,0.75,18,7,11,38.9,44.0,-0.44,N,-0.85,-0.082,0.72,16.7
CDLGRAVESTONEDOJI,bear,trend_up,1.0,18,7,11,38.9,50.5,-0.98,N,-1.21,-0.112,0.65,11.1
CDLGRAVESTONEDOJI,bear,trend_up,1.25,18,7,11,38.9,57.9,-1.63,N,-1.55,-0.14,0.59,11.1
CDLGRAVESTONEDOJI,bear,trend_up,1.5,18,7,11,38.9,42.1,-0.28,N,-1.88,-0.168,0.54,11.1
CDLGRAVESTONEDOJI,bear,trend_up,1.75,18,7,11,38.9,44.4,-0.47,N,-2.05,-0.182,0.52,5.6
CDLGRAVESTONEDOJI,bear,trend_up,2.0,18,7,11,38.9,49.1,-0.86,N,-1.62,-0.146,0.58,0.0
CDLGRAVESTONEDOJI,bear,trend_up,2.25,18,7,11,38.9,49.1,-0.86,N,-1.62,-0.146,0.58,0.0
CDLGRAVESTONEDOJI,bear,trend_up,2.5,18,7,11,38.9,47.7,-0.75,N,-1.62,-0.146,0.58,0.0
CDLGRAVESTONEDOJI,bear,trend_up,2.75,18,7,11,38.9,44.0,-0.44,N,-1.62,-0.146,0.58,0.0
CDLGRAVESTONEDOJI,bear,trend_up,3.0,18,7,11,38.9,44.9,-0.51,N,-1.62,-0.146,0.58,0.0
CDLHARAMICROSS,bull,rsi_mid_oversold,0.5,14,3,11,21.4,39.9,-1.41,N,-2.44,-0.132,0.57,78.6
CDLHARAMICROSS,bull,rsi_mid_oversold,0.75,14,5,9,35.7,44.0,-0.63,N,0.25,-0.005,1.05,42.9
CDLHARAMICROSS,bull,rsi_mid_oversold,1.0,14,6,8,42.9,50.6,-0.58,N,1.09,0.063,1.24,21.4
CDLHARAMICROSS,bull,rsi_mid_oversold,1.25,14,6,8,42.9,45.8,-0.22,N,0.39,0.01,1.07,21.4
CDLHARAMICROSS,bull,rsi_mid_oversold,1.5,14,6,8,42.9,53.6,-0.8,N,-0.31,-0.044,0.95,21.4
CDLHARAMICROSS,bull,rsi_mid_oversold,1.75,14,6,8,42.9,53.6,-0.8,N,-1.01,-0.098,0.85,21.4
CDLHARAMICROSS,bull,rsi_mid_oversold,2.0,14,6,8,42.9,50.6,-0.58,N,-0.13,-0.047,0.98,14.3
CDLHARAMICROSS,bull,rsi_mid_oversold,2.25,14,6,8,42.9,48.8,-0.45,N,-0.13,-0.052,0.98,7.1
CDLHARAMICROSS,bull,rsi_mid_oversold,2.5,14,6,8,42.9,48.2,-0.4,N,-0.11,-0.05,0.98,0.0
CDLHARAMICROSS,bull,rsi_mid_oversold,2.75,14,6,8,42.9,56.0,-0.99,N,-0.11,-0.05,0.98,0.0
CDLHARAMICROSS,bull,rsi_mid_oversold,3.0,14,6,8,42.9,53.0,-0.76,N,-0.11,-0.05,0.98,0.0
CDLHIGHWAVE,bull,atr_high,0.5,66,20,46,30.3,34.3,-0.69,N,-0.75,-0.063,0.86,62.1
CDLHIGHWAVE,bull,atr_high,0.75,66,26,40,39.4,40.9,-0.25,N,-0.51,-0.038,0.92,43.9
CDLHIGHWAVE,bull,atr_high,1.0,66,28,38,42.4,44.9,-0.41,N,-0.92,-0.066,0.86,33.3
CDLHIGHWAVE,bull,atr_high,1.25,66,29,37,43.9,47.9,-0.64,N,-1.02,-0.069,0.85,24.2
CDLHIGHWAVE,bull,atr_high,1.5,66,29,37,43.9,50.4,-1.05,N,-1.85,-0.121,0.76,21.2
CDLHIGHWAVE,bull,atr_high,1.75,66,29,37,43.9,47.7,-0.62,N,-1.98,-0.129,0.75,12.1
CDLHIGHWAVE,bull,atr_high,2.0,66,29,37,43.9,45.5,-0.25,N,-2.44,-0.157,0.71,10.6
CDLHIGHWAVE,bull,atr_high,2.25,66,29,37,43.9,47.2,-0.53,N,-2.08,-0.135,0.74,6.1
CDLHIGHWAVE,bull,atr_high,2.5,66,30,36,45.5,49.6,-0.68,N,-1.25,-0.089,0.83,3.0
CDLHIGHWAVE,bull,atr_high,2.75,66,30,36,45.5,48.7,-0.53,N,-1.35,-0.096,0.82,3.0
CDLHIGHWAVE,bull,atr_high,3.0,66,30,36,45.5,50.8,-0.86,N,-1.45,-0.104,0.81,3.0
CDLDRAGONFLYDOJI,bull,none,0.5,43,15,28,34.9,41.1,-0.83,N,-0.31,-0.033,0.93,60.5
CDLDRAGONFLYDOJI,bull,none,0.75,43,18,25,41.9,43.8,-0.26,N,0.05,-0.016,1.01,34.9
CDLDRAGONFLYDOJI,bull,none,1.0,43,18,25,41.9,45.5,-0.48,N,-0.67,-0.065,0.88,25.6
CDLDRAGONFLYDOJI,bull,none,1.25,43,19,24,44.2,49.2,-0.66,N,-0.59,-0.054,0.9,16.3
CDLDRAGONFLYDOJI,bull,none,1.5,43,19,24,44.2,47.3,-0.41,N,-0.82,-0.073,0.86,9.3
CDLDRAGONFLYDOJI,bull,none,1.75,43,19,24,44.2,51.2,-0.92,N,-0.75,-0.067,0.87,7.0
CDLDRAGONFLYDOJI,bull,none,2.0,43,19,24,44.2,47.5,-0.43,N,-0.76,-0.069,0.87,4.7
CDLDRAGONFLYDOJI,bull,none,2.25,43,19,24,44.2,47.3,-0.41,N,-0.25,-0.036,0.95,2.3
CDLDRAGONFLYDOJI,bull,none,2.5,43,19,24,44.2,49.0,-0.64,N,-0.31,-0.042,0.94,2.3
CDLDRAGONFLYDOJI,bull,none,2.75,43,19,24,44.2,49.4,-0.69,N,-0.37,-0.048,0.93,2.3
CDLDRAGONFLYDOJI,bull,none,3.0,43,19,24,44.2,48.6,-0.58,N,-0.43,-0.054,0.92,2.3
CDLGRAVESTONEDOJI,bear,atr_low,0.5,25,8,17,32.0,35.7,-0.38,N,-1.04,-0.062,0.73,56.0
CDLGRAVESTONEDOJI,bear,atr_low,0.75,25,10,15,40.0,42.7,-0.27,N,-0.65,-0.025,0.82,20.0
CDLGRAVESTONEDOJI,bear,atr_low,1.0,25,10,15,40.0,47.7,-0.77,N,-1.2,-0.067,0.71,16.0
CDLGRAVESTONEDOJI,bear,atr_low,1.25,25,10,15,40.0,49.3,-0.93,N,-1.41,-0.075,0.68,12.0
CDLGRAVESTONEDOJI,bear,atr_low,1.5,25,10,15,40.0,48.3,-0.83,N,-1.84,-0.105,0.62,12.0
CDLGRAVESTONEDOJI,bear,atr_low,1.75,25,10,15,40.0,51.3,-1.13,N,-2.15,-0.125,0.58,8.0
CDLGRAVESTONEDOJI,bear,atr_low,2.0,25,10,15,40.0,56.3,-1.65,N,-2.03,-0.109,0.59,4.0
CDLGRAVESTONEDOJI,bear,atr_low,2.25,25,10,15,40.0,53.7,-1.37,N,-2.23,-0.119,0.57,4.0
CDLGRAVESTONEDOJI,bear,atr_low,2.5,25,10,15,40.0,51.0,-1.1,N,-2.42,-0.129,0.55,4.0
CDLGRAVESTONEDOJI,bear,atr_low,2.75,25,10,15,40.0,49.3,-0.93,N,-2.61,-0.139,0.53,4.0
CDLGRAVESTONEDOJI,bear,atr_low,3.0,25,10,15,40.0,45.0,-0.5,N,-2.8,-0.149,0.51,4.0
CDLTAKURI,bull,none,0.5,43,15,28,34.9,41.7,-0.9,N,-0.32,-0.033,0.93,60.5
CDLTAKURI,bull,none,0.75,43,18,25,41.9,50.2,-1.09,N,0.03,-0.015,1.01,34.9
CDLTAKURI,bull,none,1.0,43,18,25,41.9,50.2,-1.09,N,-0.69,-0.064,0.88,25.6
CDLTAKURI,bull,none,1.25,43,19,24,44.2,52.9,-1.15,N,-0.61,-0.053,0.89,16.3
CDLTAKURI,bull,none,1.5,43,19,24,44.2,47.3,-0.41,N,-0.84,-0.072,0.86,9.3
CDLTAKURI,bull,none,1.75,43,19,24,44.2,46.3,-0.28,N,-0.76,-0.066,0.87,7.0
CDLTAKURI,bull,none,2.0,43,19,24,44.2,50.0,-0.76,N,-0.78,-0.068,0.87,4.7
CDLTAKURI,bull,none,2.25,43,19,24,44.2,52.9,-1.15,N,-0.27,-0.035,0.95,2.3
CDLTAKURI,bull,none,2.5,43,19,24,44.2,50.8,-0.86,N,-0.33,-0.041,0.94,2.3
CDLTAKURI,bull,none,2.75,43,19,24,44.2,50.8,-0.86,N,-0.39,-0.047,0.93,2.3
CDLTAKURI,bull,none,3.0,43,19,24,44.2,51.6,-0.97,N,-0.45,-0.053,0.92,2.3
CDLHARAMICROSS,bull,atr_high,0.5,14,2,12,14.3,29.8,-1.27,N,-5.11,-0.321,0.19,78.6
CDLHARAMICROSS,bull,atr_high,0.75,14,4,10,28.6,42.9,-1.08,N,-3.87,-0.242,0.37,42.9
CDLHARAMICROSS,bull,atr_high,1.0,14,4,10,28.6,42.9,-1.08,N,-4.68,-0.294,0.32,35.7
CDLHARAMICROSS,bull,atr_high,1.25,14,5,9,35.7,44.6,-0.67,N,-2.8,-0.223,0.57,28.6
CDLHARAMICROSS,bull,atr_high,1.5,14,5,9,35.7,52.4,-1.25,N,-3.83,-0.294,0.49,28.6
CDLHARAMICROSS,bull,atr_high,1.75,14,5,9,35.7,53.0,-1.29,N,-4.4,-0.334,0.46,21.4
CDLHARAMICROSS,bull,atr_high,2.0,14,5,9,35.7,47.6,-0.89,N,-2.85,-0.229,0.56,0.0
CDLHARAMICROSS,bull,atr_high,2.25,14,5,9,35.7,50.6,-1.11,N,-2.85,-0.229,0.56,0.0
CDLHARAMICROSS,bull,atr_high,2.5,14,5,9,35.7,52.4,-1.25,N,-2.85,-0.229,0.56,0.0
CDLHARAMICROSS,bull,atr_high,2.75,14,5,9,35.7,53.6,-1.34,N,-2.85,-0.229,0.56,0.0
CDLHARAMICROSS,bull,atr_high,3.0,14,5,9,35.7,39.9,-0.32,N,-2.85,-0.229,0.56,0.0
CDLLONGLEGGEDDOJI,bull,atr_high,0.5,95,32,63,33.7,38.6,-0.98,N,-1.2,-0.079,0.78,64.2
CDLLONGLEGGEDDOJI,bull,atr_high,0.75,95,37,58,38.9,43.1,-0.81,N,-1.51,-0.094,0.77,45.3
CDLLONGLEGGEDDOJI,bull,atr_high,1.0,95,41,54,43.2,44.9,-0.34,N,-1.35,-0.078,0.8,30.5
CDLLONGLEGGEDDOJI,bull,atr_high,1.25,95,44,51,46.3,48.6,-0.44,N,-0.6,-0.034,0.91,18.9
CDLLONGLEGGEDDOJI,bull,atr_high,1.5,95,45,50,47.4,49.7,-0.46,N,-0.61,-0.031,0.91,13.7
CDLLONGLEGGEDDOJI,bull,atr_high,1.75,95,45,50,47.4,49.8,-0.48,N,-0.6,-0.031,0.91,8.4
CDLLONGLEGGEDDOJI,bull,atr_high,2.0,95,45,50,47.4,52.6,-1.03,N,-0.48,-0.02,0.93,5.3
CDLLONGLEGGEDDOJI,bull,atr_high,2.25,95,45,50,47.4,51.3,-0.77,N,-0.53,-0.025,0.92,4.2
CDLLONGLEGGEDDOJI,bull,atr_high,2.5,95,45,50,47.4,50.8,-0.67,N,-0.09,-0.001,0.99,1.1
CDLLONGLEGGEDDOJI,bull,atr_high,2.75,95,45,50,47.4,49.3,-0.38,N,-0.12,-0.003,0.98,1.1
CDLLONGLEGGEDDOJI,bull,atr_high,3.0,95,45,50,47.4,49.2,-0.36,N,-0.16,-0.006,0.97,1.1
CDLRICKSHAWMAN,bull,trend_up,0.5,81,27,54,33.3,35.4,-0.39,N,-0.17,-0.027,0.96,56.8
CDLRICKSHAWMAN,bull,trend_up,0.75,81,31,50,38.3,40.8,-0.47,N,-0.33,-0.04,0.94,43.2
CDLRICKSHAWMAN,bull,trend_up,1.0,81,32,49,39.5,46.3,-1.23,N,-0.47,-0.057,0.92,33.3
CDLRICKSHAWMAN,bull,trend_up,1.25,81,35,46,43.2,50.4,-1.3,N,0.22,-0.006,1.04,18.5
CDLRICKSHAWMAN,bull,trend_up,1.5,81,35,46,43.2,51.9,-1.56,N,-0.35,-0.044,0.94,17.3
CDLRICKSHAWMAN,bull,trend_up,1.75,81,35,46,43.2,49.3,-1.09,N,-0.47,-0.056,0.92,12.3
CDLRICKSHAWMAN,bull,trend_up,2.0,81,35,46,43.2,50.1,-1.24,N,-0.37,-0.052,0.94,8.6
CDLRICKSHAWMAN,bull,trend_up,2.25,81,35,46,43.2,48.0,-0.87,N,-0.13,-0.037,0.98,6.2
CDLRICKSHAWMAN,bull,trend_up,2.5,81,35,46,43.2,51.4,-1.48,N,-0.23,-0.044,0.96,4.9
CDLRICKSHAWMAN,bull,trend_up,2.75,81,35,46,43.2,49.2,-1.07,N,-0.33,-0.052,0.94,3.7
CDLRICKSHAWMAN,bull,trend_up,3.0,81,35,46,43.2,51.3,-1.46,N,-0.45,-0.061,0.92,3.7
CDLDOJI,bull,trend_up,0.5,118,40,78,33.9,35.8,-0.43,N,-0.74,-0.067,0.83,57.6
CDLDOJI,bull,trend_up,0.75,118,48,70,40.7,45.5,-1.05,N,-0.64,-0.061,0.87,38.1
CDLDOJI,bull,trend_up,1.0,118,50,68,42.4,47.5,-1.11,N,-0.81,-0.078,0.84,28.8
CDLDOJI,bull,trend_up,1.25,118,53,65,44.9,47.5,-0.57,N,-0.36,-0.048,0.93,16.1
CDLDOJI,bull,trend_up,1.5,118,53,65,44.9,47.7,-0.6,N,-0.76,-0.074,0.86,14.4
CDLDOJI,bull,trend_up,1.75,118,53,65,44.9,51.9,-1.52,N,-0.78,-0.078,0.85,10.2
CDLDOJI,bull,trend_up,2.0,118,53,65,44.9,48.8,-0.84,N,-0.64,-0.068,0.88,6.8
CDLDOJI,bull,trend_up,2.25,118,53,65,44.9,51.3,-1.38,N,-0.5,-0.059,0.9,5.1
CDLDOJI,bull,trend_up,2.5,118,53,65,44.9,50.1,-1.12,N,-0.59,-0.066,0.89,4.2
CDLDOJI,bull,trend_up,2.75,118,53,65,44.9,47.7,-0.61,N,-0.68,-0.074,0.87,3.4
CDLDOJI,bull,trend_up,3.0,118,53,65,44.9,51.9,-1.52,N,-0.78,-0.082,0.85,3.4
CDLSPINNINGTOP,bull,trend_up,0.5,170,53,117,31.2,33.4,-0.62,N,-0.97,-0.093,0.78,62.4
CDLSPINNINGTOP,bull,trend_up,0.75,170,69,101,40.6,42.3,-0.44,N,-0.89,-0.087,0.82,41.8
CDLSPINNINGTOP,bull,trend_up,1.0,170,72,98,42.4,46.7,-1.14,N,-0.99,-0.086,0.82,31.2
CDLSPINNINGTOP,bull,trend_up,1.25,170,75,95,44.1,50.6,-1.69,N,-0.86,-0.079,0.84,19.4
CDLSPINNINGTOP,bull,trend_up,1.5,170,75,95,44.1,48.2,-1.06,N,-1.34,-0.112,0.78,17.1
CDLSPINNINGTOP,bull,trend_up,1.75,170,75,95,44.1,48.5,-1.15,N,-1.54,-0.127,0.75,12.9
CDLSPINNINGTOP,bull,trend_up,2.0,170,76,94,44.7,50.6,-1.53,N,-1.32,-0.107,0.78,7.6
CDLSPINNINGTOP,bull,trend_up,2.25,170,76,94,44.7,50.7,-1.56,N,-1.31,-0.109,0.78,5.9
CDLSPINNINGTOP,bull,trend_up,2.5,170,76,94,44.7,49.7,-1.3,N,-1.39,-0.114,0.77,4.7
CDLSPINNINGTOP,bull,trend_up,2.75,170,76,94,44.7,52.5,-2.04,N,-1.47,-0.12,0.76,2.9
CDLSPINNINGTOP,bull,trend_up,3.0,170,76,94,44.7,49.2,-1.18,N,-1.57,-0.128,0.75,2.9
CDLHIGHWAVE,bear,rsi_mid_overbought,0.5,43,9,34,20.9,30.8,-1.4,N,-3.62,-0.263,0.26,69.8
CDLHIGHWAVE,bear,rsi_mid_overbought,0.75,43,16,27,37.2,45.0,-1.02,N,-2.95,-0.219,0.41,44.2
CDLHIGHWAVE,bear,rsi_mid_overbought,1.0,43,18,25,41.9,47.5,-0.74,N,-1.56,-0.085,0.7,27.9
CDLHIGHWAVE,bear,rsi_mid_overbought,1.25,43,18,25,41.9,50.8,-1.17,N,-1.8,-0.11,0.66,20.9
CDLHIGHWAVE,bear,rsi_mid_overbought,1.5,43,18,25,41.9,45.5,-0.48,N,-1.85,-0.117,0.66,14.0
CDLHIGHWAVE,bear,rsi_mid_overbought,1.75,43,18,25,41.9,46.3,-0.59,N,-1.89,-0.117,0.65,11.6
CDLHIGHWAVE,bear,rsi_mid_overbought,2.0,43,19,24,44.2,54.5,-1.35,N,-1.65,-0.09,0.69,7.0
CDLHIGHWAVE,bear,rsi_mid_overbought,2.25,43,19,24,44.2,48.8,-0.61,N,-1.57,-0.089,0.7,4.7
CDLHIGHWAVE,bear,rsi_mid_overbought,2.5,43,19,24,44.2,48.1,-0.51,N,-1.43,-0.077,0.72,2.3
CDLHIGHWAVE,bear,rsi_mid_overbought,2.75,43,19,24,44.2,50.4,-0.81,N,-1.49,-0.083,0.71,2.3
CDLHIGHWAVE,bear,rsi_mid_overbought,3.0,43,19,24,44.2,51.4,-0.94,N,-1.56,-0.089,0.7,2.3
CDLHIGHWAVE,bull,rsi_overbought,0.5,15,5,10,33.3,41.7,-0.65,N,2.3,0.082,1.46,60.0
CDLHIGHWAVE,bull,rsi_overbought,0.75,15,5,10,33.3,42.2,-0.7,N,0.01,-0.057,1.0,53.3
CDLHIGHWAVE,bull,rsi_overbought,1.0,15,5,10,33.3,43.3,-0.78,N,-0.77,-0.111,0.9,40.0
CDLHIGHWAVE,bull,rsi_overbought,1.25,15,5,10,33.3,57.2,-1.87,N,-0.69,-0.104,0.91,26.7
CDLHIGHWAVE,bull,rsi_overbought,1.5,15,5,10,33.3,47.2,-1.08,N,-1.79,-0.171,0.8,26.7
CDLHIGHWAVE,bull,rsi_overbought,1.75,15,5,10,33.3,53.9,-1.6,N,-1.71,-0.155,0.81,13.3
CDLHIGHWAVE,bull,rsi_overbought,2.0,15,5,10,33.3,49.4,-1.25,N,-2.24,-0.182,0.77,6.7
CDLHIGHWAVE,bull,rsi_overbought,2.25,15,5,10,33.3,55.6,-1.73,N,-1.38,-0.144,0.84,0.0
CDLHIGHWAVE,bull,rsi_overbought,2.5,15,5,10,33.3,51.7,-1.42,N,-1.38,-0.144,0.84,0.0
CDLHIGHWAVE,bull,rsi_overbought,2.75,15,5,10,33.3,51.7,-1.42,N,-1.38,-0.144,0.84,0.0
CDLHIGHWAVE,bull,rsi_overbought,3.0,15,5,10,33.3,46.7,-1.04,N,-1.38,-0.144,0.84,0.0
CDLHIGHWAVE,bull,trend_up,0.5,104,29,75,27.9,31.1,-0.71,N,-1.36,-0.112,0.71,64.4
CDLHIGHWAVE,bull,trend_up,0.75,104,39,65,37.5,44.6,-1.46,N,-1.16,-0.1,0.78,46.2
CDLHIGHWAVE,bull,trend_up,1.0,104,41,63,39.4,44.4,-1.02,N,-1.3,-0.096,0.79,36.5
CDLHIGHWAVE,bull,trend_up,1.25,104,43,61,41.3,49.4,-1.65,N,-1.28,-0.096,0.8,25.0
CDLHIGHWAVE,bull,trend_up,1.5,104,43,61,41.3,49.0,-1.55,N,-1.87,-0.135,0.73,22.1
CDLHIGHWAVE,bull,trend_up,1.75,104,43,61,41.3,45.3,-0.8,N,-2.02,-0.145,0.71,15.4
CDLHIGHWAVE,bull,trend_up,2.0,104,44,60,42.3,49.2,-1.41,N,-1.85,-0.129,0.73,10.6
CDLHIGHWAVE,bull,trend_up,2.25,104,44,60,42.3,49.4,-1.45,N,-1.91,-0.14,0.72,8.7
CDLHIGHWAVE,bull,trend_up,2.5,104,44,60,42.3,50.4,-1.65,N,-2.0,-0.145,0.71,6.7
CDLHIGHWAVE,bull,trend_up,2.75,104,44,60,42.3,46.7,-0.9,N,-2.1,-0.154,0.7,3.8
CDLHIGHWAVE,bull,trend_up,3.0,104,44,60,42.3,50.1,-1.59,N,-2.23,-0.163,0.69,3.8
CDLHIKKAKE,bull,trend_down,0.5,163,49,114,30.1,32.9,-0.76,N,-1.21,-0.082,0.75,65.6
CDLHIKKAKE,bull,trend_down,0.75,163,57,106,35.0,40.5,-1.44,N,-2.2,-0.145,0.65,52.8
CDLHIKKAKE,bull,trend_down,1.0,163,63,100,38.7,45.9,-1.85,N,-2.27,-0.14,0.66,36.2
CDLHIKKAKE,bull,trend_down,1.25,163,69,94,42.3,48.7,-1.63,N,-1.8,-0.11,0.73,22.7
CDLHIKKAKE,bull,trend_down,1.5,163,70,93,42.9,49.8,-1.76,N,-1.84,-0.108,0.72,17.2
CDLHIKKAKE,bull,trend_down,1.75,163,71,92,43.6,49.8,-1.61,N,-1.69,-0.091,0.74,11.0
CDLHIKKAKE,bull,trend_down,2.0,163,71,92,43.6,50.6,-1.79,N,-1.96,-0.108,0.71,9.8
CDLHIKKAKE,bull,trend_down,2.25,163,71,92,43.6,50.4,-1.75,N,-2.13,-0.121,0.7,8.0
CDLHIKKAKE,bull,trend_down,2.5,163,71,92,43.6,48.3,-1.21,N,-2.24,-0.13,0.68,6.1
CDLHIKKAKE,bull,trend_down,2.75,163,71,92,43.6,51.0,-1.91,N,-1.94,-0.12,0.71,4.9
CDLHIKKAKE,bull,trend_down,3.0,163,71,92,43.6,49.9,-1.63,N,-1.76,-0.118,0.73,4.3
CDLHARAMI,bull,rsi_mid_oversold,0.5,52,14,38,26.9,33.8,-1.05,N,-1.91,-0.13,0.61,69.2
CDLHARAMI,bull,rsi_mid_oversold,0.75,52,19,33,36.5,42.0,-0.8,N,-1.47,-0.128,0.73,51.9
CDLHARAMI,bull,rsi_mid_oversold,1.0,52,20,32,38.5,45.4,-1.0,N,-1.55,-0.139,0.73,34.6
CDLHARAMI,bull,rsi_mid_oversold,1.25,52,20,32,38.5,49.7,-1.62,N,-2.3,-0.198,0.64,28.8
CDLHARAMI,bull,rsi_mid_oversold,1.5,52,20,32,38.5,49.4,-1.57,N,-2.39,-0.196,0.63,21.2
CDLHARAMI,bull,rsi_mid_oversold,1.75,52,20,32,38.5,44.9,-0.93,N,-2.74,-0.216,0.6,19.2
CDLHARAMI,bull,rsi_mid_oversold,2.0,52,20,32,38.5,49.2,-1.55,N,-2.96,-0.236,0.58,17.3
CDLHARAMI,bull,rsi_mid_oversold,2.25,52,21,31,40.4,51.8,-1.64,N,-1.89,-0.169,0.7,11.5
CDLHARAMI,bull,rsi_mid_oversold,2.5,52,21,31,40.4,49.5,-1.32,N,-2.07,-0.18,0.68,7.7
CDLHARAMI,bull,rsi_mid_oversold,2.75,52,21,31,40.4,45.7,-0.77,N,-1.82,-0.169,0.71,3.8
CDLHARAMI,bull,rsi_mid_oversold,3.0,52,21,31,40.4,49.8,-1.36,N,-1.95,-0.178,0.69,3.8
CDLHIKKAKE,bull,none,0.5,273,90,183,33.0,35.6,-0.92,N,-1.01,nan,0.78,61.5
CDLHIKKAKE,bull,none,0.75,273,104,169,38.1,40.8,-0.9,N,-1.86,nan,0.69,48.0
CDLHIKKAKE,bull,none,1.0,273,117,156,42.9,47.2,-1.43,N,-1.45,nan,0.76,31.9
CDLHIKKAKE,bull,none,1.25,273,123,150,45.1,48.1,-1.02,N,-1.28,nan,0.79,22.3
CDLHIKKAKE,bull,none,1.5,273,127,146,46.5,49.2,-0.88,N,-1.16,nan,0.81,16.1
CDLHIKKAKE,bull,none,1.75,273,128,145,46.9,49.2,-0.78,N,-1.16,nan,0.81,10.6
CDLHIKKAKE,bull,none,2.0,273,128,145,46.9,49.5,-0.88,N,-1.32,nan,0.79,8.4
CDLHIKKAKE,bull,none,2.25,273,128,145,46.9,51.3,-1.45,N,-1.42,nan,0.78,7.0
CDLHIKKAKE,bull,none,2.5,273,128,145,46.9,50.5,-1.18,N,-1.54,nan,0.76,5.5
CDLHIKKAKE,bull,none,2.75,273,128,145,46.9,50.5,-1.18,N,-1.33,nan,0.79,4.4
CDLHIKKAKE,bull,none,3.0,273,128,145,46.9,49.7,-0.93,N,-1.23,nan,0.8,3.7
CDLTAKURI,bull,atr_low,0.5,20,5,15,25.0,36.2,-1.05,N,-1.08,-0.099,0.74,65.0
CDLTAKURI,bull,atr_low,0.75,20,6,14,30.0,45.0,-1.35,N,-1.93,-0.165,0.64,45.0
CDLTAKURI,bull,atr_low,1.0,20,6,14,30.0,52.9,-2.05,N,-2.8,-0.231,0.55,35.0
CDLTAKURI,bull,atr_low,1.25,20,7,13,35.0,52.5,-1.57,N,-2.17,-0.183,0.64,20.0
CDLTAKURI,bull,atr_low,1.5,20,7,13,35.0,47.5,-1.12,N,-2.62,-0.22,0.6,15.0
CDLTAKURI,bull,atr_low,1.75,20,7,13,35.0,52.9,-1.61,N,-2.28,-0.194,0.63,10.0
CDLTAKURI,bull,atr_low,2.0,20,7,13,35.0,47.9,-1.16,N,-2.59,-0.219,0.6,10.0
CDLTAKURI,bull,atr_low,2.25,20,7,13,35.0,53.3,-1.64,N,-1.51,-0.148,0.72,5.0
CDLTAKURI,bull,atr_low,2.5,20,7,13,35.0,44.6,-0.86,N,-1.63,-0.161,0.71,5.0
CDLTAKURI,bull,atr_low,2.75,20,7,13,35.0,45.0,-0.9,N,-1.76,-0.173,0.69,5.0
CDLTAKURI,bull,atr_low,3.0,20,7,13,35.0,49.6,-1.3,N,-1.88,-0.186,0.67,5.0
CDLDRAGONFLYDOJI,bull,atr_low,0.5,19,4,15,21.1,30.3,-0.87,N,-1.28,-0.114,0.71,68.4
CDLDRAGONFLYDOJI,bull,atr_low,0.75,19,5,14,26.3,48.7,-1.95,N,-2.18,-0.184,0.62,47.4
CDLDRAGONFLYDOJI,bull,atr_low,1.0,19,5,14,26.3,52.2,-2.26,N,-3.1,-0.254,0.53,36.8
CDLDRAGONFLYDOJI,bull,atr_low,1.25,19,6,13,31.6,55.3,-2.08,N,-2.43,-0.203,0.62,21.1
CDLDRAGONFLYDOJI,bull,atr_low,1.5,19,6,13,31.6,55.3,-2.08,N,-2.9,-0.242,0.58,15.8
CDLDRAGONFLYDOJI,bull,atr_low,1.75,19,6,13,31.6,53.1,-1.88,N,-2.55,-0.214,0.61,10.5
CDLDRAGONFLYDOJI,bull,atr_low,2.0,19,6,13,31.6,55.3,-2.08,N,-2.88,-0.24,0.58,10.5
CDLDRAGONFLYDOJI,bull,atr_low,2.25,19,6,13,31.6,49.6,-1.57,N,-1.73,-0.166,0.7,5.3
CDLDRAGONFLYDOJI,bull,atr_low,2.5,19,6,13,31.6,46.5,-1.3,N,-1.87,-0.179,0.68,5.3
CDLDRAGONFLYDOJI,bull,atr_low,2.75,19,6,13,31.6,50.4,-1.64,N,-2.0,-0.192,0.67,5.3
CDLDRAGONFLYDOJI,bull,atr_low,3.0,19,6,13,31.6,52.2,-1.8,N,-2.13,-0.206,0.65,5.3
CDLRICKSHAWMAN,bull,rsi_oversold,0.5,11,2,9,18.2,40.2,-1.49,N,-2.78,-0.178,0.57,81.8
CDLRICKSHAWMAN,bull,rsi_oversold,0.75,11,2,9,18.2,44.7,-1.77,N,-5.27,-0.342,0.41,72.7
CDLRICKSHAWMAN,bull,rsi_oversold,1.0,11,3,8,27.3,51.5,-1.61,N,-4.8,-0.279,0.44,45.5
CDLRICKSHAWMAN,bull,rsi_oversold,1.25,11,3,8,27.3,51.5,-1.61,N,-6.68,-0.392,0.36,45.5
CDLRICKSHAWMAN,bull,rsi_oversold,1.5,11,3,8,27.3,53.8,-1.76,N,-6.34,-0.336,0.38,27.3
CDLRICKSHAWMAN,bull,rsi_oversold,1.75,11,3,8,27.3,40.2,-0.87,N,-5.72,-0.3,0.4,9.1
CDLRICKSHAWMAN,bull,rsi_oversold,2.0,11,3,8,27.3,46.2,-1.26,N,-6.14,-0.323,0.38,9.1
CDLRICKSHAWMAN,bull,rsi_oversold,2.25,11,3,8,27.3,50.0,-1.51,N,-6.56,-0.345,0.37,9.1
CDLRICKSHAWMAN,bull,rsi_oversold,2.5,11,3,8,27.3,45.5,-1.21,N,-6.51,-0.343,0.37,0.0
CDLRICKSHAWMAN,bull,rsi_oversold,2.75,11,3,8,27.3,56.1,-1.92,N,-6.51,-0.343,0.37,0.0
CDLRICKSHAWMAN,bull,rsi_oversold,3.0,11,3,8,27.3,50.8,-1.56,N,-6.51,-0.343,0.37,0.0
CDLHIKKAKE,bear,atr_high,0.5,92,29,63,31.5,39.3,-1.53,N,-2.78,-0.169,0.5,63.0
CDLHIKKAKE,bear,atr_high,0.75,92,34,58,37.0,43.0,-1.18,N,-3.92,-0.228,0.44,47.8
CDLHIKKAKE,bear,atr_high,1.0,92,36,56,39.1,46.2,-1.36,N,-4.3,-0.25,0.45,34.8
CDLHIKKAKE,bear,atr_high,1.25,92,39,53,42.4,48.3,-1.13,N,-3.3,-0.186,0.54,20.7
CDLHIKKAKE,bear,atr_high,1.5,92,40,52,43.5,50.2,-1.29,N,-3.12,-0.168,0.56,14.1
CDLHIKKAKE,bear,atr_high,1.75,92,40,52,43.5,49.1,-1.08,N,-3.42,-0.181,0.54,10.9
CDLHIKKAKE,bear,atr_high,2.0,92,40,52,43.5,51.6,-1.56,N,-3.95,-0.208,0.5,10.9
CDLHIKKAKE,bear,atr_high,2.25,92,40,52,43.5,50.4,-1.32,N,-3.87,-0.2,0.5,7.6
CDLHIKKAKE,bear,atr_high,2.5,92,40,52,43.5,48.6,-0.99,N,-3.87,-0.2,0.51,4.3
CDLHIKKAKE,bear,atr_high,2.75,92,40,52,43.5,48.2,-0.9,N,-3.43,-0.185,0.53,3.3
CDLHIKKAKE,bear,atr_high,3.0,92,40,52,43.5,52.0,-1.63,N,-2.85,-0.161,0.58,1.1
CDLLONGLEGGEDDOJI,bull,rsi_oversold,0.5,18,3,15,16.7,38.4,-1.9,N,-2.75,-0.166,0.6,83.3
CDLLONGLEGGEDDOJI,bull,rsi_oversold,0.75,18,4,14,22.2,49.1,-2.28,N,-3.49,-0.219,0.59,66.7
CDLLONGLEGGEDDOJI,bull,rsi_oversold,1.0,18,5,13,27.8,50.0,-1.89,N,-4.19,-0.236,0.55,50.0
CDLLONGLEGGEDDOJI,bull,rsi_oversold,1.25,18,6,12,33.3,49.1,-1.34,N,-3.79,-0.236,0.62,44.4
CDLLONGLEGGEDDOJI,bull,rsi_oversold,1.5,18,6,12,33.3,51.4,-1.53,N,-4.28,-0.243,0.59,33.3
CDLLONGLEGGEDDOJI,bull,rsi_oversold,1.75,18,6,12,33.3,54.6,-1.81,N,-4.61,-0.263,0.58,22.2
CDLLONGLEGGEDDOJI,bull,rsi_oversold,2.0,18,6,12,33.3,44.4,-0.95,N,-5.06,-0.282,0.55,16.7
CDLLONGLEGGEDDOJI,bull,rsi_oversold,2.25,18,6,12,33.3,52.8,-1.65,N,-5.83,-0.324,0.52,16.7
CDLLONGLEGGEDDOJI,bull,rsi_oversold,2.5,18,6,12,33.3,53.2,-1.69,N,-4.94,-0.275,0.56,0.0
CDLLONGLEGGEDDOJI,bull,rsi_oversold,2.75,18,6,12,33.3,50.0,-1.41,N,-4.94,-0.275,0.56,0.0
CDLLONGLEGGEDDOJI,bull,rsi_oversold,3.0,18,6,12,33.3,46.8,-1.14,N,-4.94,-0.275,0.56,0.0
CDLTAKURI,bull,trend_up,0.5,18,4,14,22.2,34.3,-1.08,N,-3.63,-0.274,0.19,66.7
CDLTAKURI,bull,trend_up,0.75,18,6,12,33.3,45.4,-1.03,N,-2.96,-0.224,0.34,27.8
CDLTAKURI,bull,trend_up,1.0,18,6,12,33.3,56.9,-2.02,N,-3.68,-0.281,0.3,22.2
CDLTAKURI,bull,trend_up,1.25,18,6,12,33.3,44.9,-0.99,N,-3.77,-0.294,0.29,11.1
CDLTAKURI,bull,trend_up,1.5,18,6,12,33.3,49.5,-1.37,N,-4.08,-0.321,0.27,11.1
CDLTAKURI,bull,trend_up,1.75,18,6,12,33.3,55.6,-1.9,N,-3.51,-0.278,0.31,5.6
CDLTAKURI,bull,trend_up,2.0,18,6,12,33.3,52.3,-1.61,N,-3.65,-0.292,0.3,5.6
CDLTAKURI,bull,trend_up,2.25,18,6,12,33.3,49.1,-1.34,N,-3.79,-0.306,0.29,5.6
CDLTAKURI,bull,trend_up,2.5,18,6,12,33.3,46.3,-1.1,N,-3.93,-0.32,0.28,5.6
CDLTAKURI,bull,trend_up,2.75,18,6,12,33.3,50.9,-1.49,N,-4.07,-0.334,0.28,5.6
CDLTAKURI,bull,trend_up,3.0,18,6,12,33.3,50.5,-1.45,N,-4.21,-0.348,0.27,5.6
CDLDOJI,bull,rsi_oversold,0.5,18,3,15,16.7,41.7,-2.15,N,-2.75,-0.166,0.6,83.3
CDLDOJI,bull,rsi_oversold,0.75,18,4,14,22.2,41.2,-1.64,N,-3.49,-0.219,0.59,66.7
CDLDOJI,bull,rsi_oversold,1.0,18,5,13,27.8,47.7,-1.69,N,-4.19,-0.236,0.55,50.0
CDLDOJI,bull,rsi_oversold,1.25,18,6,12,33.3,45.4,-1.03,N,-3.79,-0.236,0.62,44.4
CDLDOJI,bull,rsi_oversold,1.5,18,6,12,33.3,46.3,-1.1,N,-4.28,-0.243,0.59,33.3
CDLDOJI,bull,rsi_oversold,1.75,18,6,12,33.3,49.1,-1.34,N,-4.61,-0.263,0.58,22.2
CDLDOJI,bull,rsi_oversold,2.0,18,6,12,33.3,49.1,-1.34,N,-5.06,-0.282,0.55,16.7
CDLDOJI,bull,rsi_oversold,2.25,18,6,12,33.3,51.4,-1.53,N,-5.83,-0.324,0.52,16.7
CDLDOJI,bull,rsi_oversold,2.5,18,6,12,33.3,50.0,-1.41,N,-4.94,-0.275,0.56,0.0
CDLDOJI,bull,rsi_oversold,2.75,18,6,12,33.3,48.6,-1.3,N,-4.94,-0.275,0.56,0.0
CDLDOJI,bull,rsi_oversold,3.0,18,6,12,33.3,52.8,-1.65,N,-4.94,-0.275,0.56,0.0
CDLDRAGONFLYDOJI,bull,trend_up,0.5,18,4,14,22.2,35.2,-1.15,N,-3.6,-0.276,0.2,66.7
CDLDRAGONFLYDOJI,bull,trend_up,0.75,18,6,12,33.3,51.9,-1.57,N,-2.92,-0.226,0.35,27.8
CDLDRAGONFLYDOJI,bull,trend_up,1.0,18,6,12,33.3,50.0,-1.41,N,-3.64,-0.283,0.3,22.2
CDLDRAGONFLYDOJI,bull,trend_up,1.25,18,6,12,33.3,50.5,-1.45,N,-3.73,-0.296,0.3,11.1
CDLDRAGONFLYDOJI,bull,trend_up,1.5,18,6,12,33.3,45.8,-1.06,N,-4.04,-0.323,0.28,11.1
CDLDRAGONFLYDOJI,bull,trend_up,1.75,18,6,12,33.3,46.3,-1.1,N,-3.47,-0.28,0.31,5.6
CDLDRAGONFLYDOJI,bull,trend_up,2.0,18,6,12,33.3,52.8,-1.65,N,-3.61,-0.294,0.31,5.6
CDLDRAGONFLYDOJI,bull,trend_up,2.25,18,6,12,33.3,47.7,-1.22,N,-3.75,-0.308,0.3,5.6
CDLDRAGONFLYDOJI,bull,trend_up,2.5,18,6,12,33.3,50.0,-1.41,N,-3.89,-0.322,0.29,5.6
CDLDRAGONFLYDOJI,bull,trend_up,2.75,18,6,12,33.3,50.5,-1.45,N,-4.03,-0.336,0.28,5.6
CDLDRAGONFLYDOJI,bull,trend_up,3.0,18,6,12,33.3,50.5,-1.45,N,-4.17,-0.35,0.28,5.6
CDL3OUTSIDE,bear,rsi_mid_overbought,0.5,14,2,12,14.3,31.5,-1.39,N,-5.45,-0.372,0.11,85.7
CDL3OUTSIDE,bear,rsi_mid_overbought,0.75,14,4,10,28.6,57.1,-2.16,N,-5.12,-0.357,0.16,50.0
CDL3OUTSIDE,bear,rsi_mid_overbought,1.0,14,4,10,28.6,44.6,-1.21,N,-5.95,-0.443,0.14,42.9
CDL3OUTSIDE,bear,rsi_mid_overbought,1.25,14,4,10,28.6,49.4,-1.56,N,-6.61,-0.504,0.13,35.7
CDL3OUTSIDE,bear,rsi_mid_overbought,1.5,14,4,10,28.6,52.4,-1.78,N,-7.69,-0.593,0.11,35.7
CDL3OUTSIDE,bear,rsi_mid_overbought,1.75,14,4,10,28.6,52.4,-1.78,N,-8.77,-0.682,0.1,35.7
CDL3OUTSIDE,bear,rsi_mid_overbought,2.0,14,4,10,28.6,51.2,-1.69,N,-8.41,-0.649,0.1,21.4
CDL3OUTSIDE,bear,rsi_mid_overbought,2.25,14,4,10,28.6,43.5,-1.12,N,-9.07,-0.703,0.1,21.4
CDL3OUTSIDE,bear,rsi_mid_overbought,2.5,14,4,10,28.6,57.1,-2.16,N,-9.73,-0.756,0.09,21.4
CDL3OUTSIDE,bear,rsi_mid_overbought,2.75,14,4,10,28.6,48.8,-1.51,N,-10.27,-0.8,0.09,14.3
CDL3OUTSIDE,bear,rsi_mid_overbought,3.0,14,4,10,28.6,58.9,-2.31,N,-9.3,-0.706,0.09,7.1
CDLGRAVESTONEDOJI,bear,rsi_mid_overbought,0.5,13,2,11,15.4,35.9,-1.54,N,-3.33,-0.256,0.25,61.5
CDLGRAVESTONEDOJI,bear,rsi_mid_overbought,0.75,13,3,10,23.1,46.8,-1.71,N,-2.33,-0.185,0.36,15.4
CDLGRAVESTONEDOJI,bear,rsi_mid_overbought,1.0,13,3,10,23.1,47.4,-1.76,N,-2.59,-0.207,0.34,7.7
CDLGRAVESTONEDOJI,bear,rsi_mid_overbought,1.25,13,3,10,23.1,40.4,-1.27,N,-2.82,-0.227,0.32,7.7
CDLGRAVESTONEDOJI,bear,rsi_mid_overbought,1.5,13,3,10,23.1,51.9,-2.08,N,-3.05,-0.246,0.3,7.7
CDLGRAVESTONEDOJI,bear,rsi_mid_overbought,1.75,13,3,10,23.1,54.5,-2.27,N,-3.28,-0.265,0.28,7.7
CDLGRAVESTONEDOJI,bear,rsi_mid_overbought,2.0,13,3,10,23.1,44.2,-1.54,N,-2.68,-0.215,0.33,0.0
CDLGRAVESTONEDOJI,bear,rsi_mid_overbought,2.25,13,3,10,23.1,48.1,-1.8,N,-2.68,-0.215,0.33,0.0
CDLGRAVESTONEDOJI,bear,rsi_mid_overbought,2.5,13,3,10,23.1,44.2,-1.54,N,-2.68,-0.215,0.33,0.0
CDLGRAVESTONEDOJI,bear,rsi_mid_overbought,2.75,13,3,10,23.1,54.5,-2.27,N,-2.68,-0.215,0.33,0.0
CDLGRAVESTONEDOJI,bear,rsi_mid_overbought,3.0,13,3,10,23.1,55.8,-2.37,N,-2.68,-0.215,0.33,0.0
