形态,方向,过滤器,SL,交易数,胜,负,胜率%,随机WR%,Z值,显著,平均盈亏,盈亏/ATR,盈亏比,止损率%
CDLHARAMICROSS,bull,rsi_mid_oversold,0.5,20,9,11,45.0,30.0,1.46,N,0.77,0.101,1.3,55.0
CDLHARAMICROSS,bull,rsi_mid_oversold,0.75,20,10,10,50.0,37.5,1.15,N,0.53,0.078,1.16,45.0
CDLHARAMICROSS,bull,rsi_mid_oversold,1.0,20,11,9,55.0,43.3,1.05,N,0.47,0.085,1.13,35.0
CDLHARAMICROSS,bull,rsi_mid_oversold,1.25,20,13,7,65.0,42.5,2.04,Y,1.3,0.215,1.37,25.0
CDLHARAMICROSS,bull,rsi_mid_oversold,1.5,20,13,7,65.0,40.4,2.24,Y,0.78,0.165,1.19,20.0
CDLHARAMICROSS,bull,rsi_mid_oversold,1.75,20,14,6,70.0,40.8,2.65,Y,1.47,0.252,1.39,15.0
CDLHARAMICROSS,bull,rsi_mid_oversold,2.0,20,14,6,70.0,49.2,1.86,Y,1.06,0.215,1.25,15.0
CDLHARAMICROSS,bull,rsi_mid_oversold,2.25,20,14,6,70.0,56.2,1.24,N,0.65,0.177,1.14,15.0
CDLHARAMICROSS,bull,rsi_mid_oversold,2.5,20,14,6,70.0,52.1,1.6,N,0.24,0.14,1.05,15.0
CDLHARAMICROSS,bull,rsi_mid_oversold,2.75,20,14,6,70.0,42.9,2.45,Y,-0.17,0.102,0.97,15.0
CDLHARAMICROSS,bull,rsi_mid_oversold,3.0,20,14,6,70.0,52.9,1.53,N,-0.58,0.065,0.9,15.0
CDLADVANCEBLOCK,bear,atr_high,0.5,14,8,6,57.1,41.7,1.17,N,5.2,0.484,3.17,42.9
CDLADVANCEBLOCK,bear,atr_high,0.75,14,8,6,57.1,38.7,1.42,N,4.21,0.394,2.24,35.7
CDLADVANCEBLOCK,bear,atr_high,1.0,14,9,5,64.3,45.8,1.39,N,4.47,0.385,2.37,28.6
CDLADVANCEBLOCK,bear,atr_high,1.25,14,10,4,71.4,50.0,1.6,N,5.2,0.456,2.7,21.4
CDLADVANCEBLOCK,bear,atr_high,1.5,14,10,4,71.4,52.4,1.43,N,4.67,0.402,2.3,21.4
CDLADVANCEBLOCK,bear,atr_high,1.75,14,10,4,71.4,52.4,1.43,N,4.6,0.394,2.25,14.3
CDLADVANCEBLOCK,bear,atr_high,2.0,14,10,4,71.4,47.0,1.83,Y,5.67,0.485,3.18,7.1
CDLADVANCEBLOCK,bear,atr_high,2.25,14,10,4,71.4,49.4,1.65,Y,5.52,0.467,3.01,7.1
CDLADVANCEBLOCK,bear,atr_high,2.5,14,10,4,71.4,47.6,1.78,Y,5.37,0.45,2.85,7.1
CDLADVANCEBLOCK,bear,atr_high,2.75,14,10,4,71.4,39.3,2.46,Y,5.22,0.432,2.71,7.1
CDLADVANCEBLOCK,bear,atr_high,3.0,14,10,4,71.4,48.8,1.69,Y,5.07,0.414,2.58,7.1
CDLLONGLINE,bull,rsi_overbought,0.5,28,11,17,39.3,36.3,0.33,N,1.39,0.137,1.49,53.6
CDLLONGLINE,bull,rsi_overbought,0.75,28,14,14,50.0,41.4,0.93,N,1.32,0.139,1.38,42.9
CDLLONGLINE,bull,rsi_overbought,1.0,28,16,12,57.1,47.9,0.98,N,1.78,0.193,1.54,21.4
CDLLONGLINE,bull,rsi_overbought,1.25,28,17,11,60.7,47.9,1.36,N,2.77,0.296,1.93,10.7
CDLLONGLINE,bull,rsi_overbought,1.5,28,18,10,64.3,44.9,2.06,Y,3.01,0.329,2.08,7.1
CDLLONGLINE,bull,rsi_overbought,1.75,28,18,10,64.3,49.7,1.54,N,2.82,0.311,1.94,7.1
CDLLONGLINE,bull,rsi_overbought,2.0,28,18,10,64.3,50.3,1.48,N,2.62,0.293,1.82,7.1
CDLLONGLINE,bull,rsi_overbought,2.25,28,18,10,64.3,49.1,1.61,N,2.68,0.297,1.86,3.6
CDLLONGLINE,bull,rsi_overbought,2.5,28,18,10,64.3,47.3,1.8,Y,2.59,0.288,1.81,3.6
CDLLONGLINE,bull,rsi_overbought,2.75,28,18,10,64.3,49.1,1.61,N,2.5,0.279,1.76,3.6
CDLLONGLINE,bull,rsi_overbought,3.0,28,18,10,64.3,48.5,1.67,Y,2.41,0.27,1.71,3.6
CDLSHORTLINE,bull,rsi_overbought,0.5,21,12,9,57.1,35.7,2.05,Y,4.09,0.371,2.73,38.1
CDLSHORTLINE,bull,rsi_overbought,0.75,21,13,8,61.9,46.4,1.42,N,4.51,0.408,2.79,19.0
CDLSHORTLINE,bull,rsi_overbought,1.0,21,13,8,61.9,48.8,1.2,N,4.48,0.393,2.76,14.3
CDLSHORTLINE,bull,rsi_overbought,1.25,21,13,8,61.9,53.2,0.8,N,4.91,0.429,3.31,4.8
CDLSHORTLINE,bull,rsi_overbought,1.5,21,13,8,61.9,46.4,1.42,N,4.8,0.417,3.16,4.8
CDLSHORTLINE,bull,rsi_overbought,1.75,21,13,8,61.9,45.6,1.5,N,4.7,0.405,3.02,4.8
CDLSHORTLINE,bull,rsi_overbought,2.0,21,13,8,61.9,44.8,1.57,N,4.59,0.393,2.89,4.8
CDLSHORTLINE,bull,rsi_overbought,2.25,21,13,8,61.9,52.4,0.87,N,4.49,0.381,2.77,4.8
CDLSHORTLINE,bull,rsi_overbought,2.5,21,13,8,61.9,51.2,0.98,N,4.39,0.37,2.66,4.8
CDLSHORTLINE,bull,rsi_overbought,2.75,21,13,8,61.9,47.6,1.31,N,4.28,0.358,2.56,4.8
CDLSHORTLINE,bull,rsi_overbought,3.0,21,13,8,61.9,49.6,1.13,N,4.18,0.346,2.47,4.8
CDL3OUTSIDE,bear,rsi_mid_overbought,0.5,18,9,9,50.0,32.4,1.59,N,1.99,0.178,1.79,50.0
CDL3OUTSIDE,bear,rsi_mid_overbought,0.75,18,11,7,61.1,38.4,1.98,Y,2.99,0.255,2.63,22.2
CDL3OUTSIDE,bear,rsi_mid_overbought,1.0,18,12,6,66.7,46.3,1.73,Y,3.82,0.361,3.28,5.6
CDL3OUTSIDE,bear,rsi_mid_overbought,1.25,18,12,6,66.7,45.8,1.77,Y,3.7,0.347,3.06,5.6
CDL3OUTSIDE,bear,rsi_mid_overbought,1.5,18,12,6,66.7,54.6,1.03,N,3.59,0.333,2.88,5.6
CDL3OUTSIDE,bear,rsi_mid_overbought,1.75,18,12,6,66.7,53.2,1.14,N,3.47,0.319,2.72,5.6
CDL3OUTSIDE,bear,rsi_mid_overbought,2.0,18,12,6,66.7,49.1,1.49,N,3.54,0.328,2.82,0.0
CDL3OUTSIDE,bear,rsi_mid_overbought,2.25,18,12,6,66.7,45.4,1.81,Y,3.54,0.328,2.82,0.0
CDL3OUTSIDE,bear,rsi_mid_overbought,2.5,18,12,6,66.7,44.9,1.86,Y,3.54,0.328,2.82,0.0
CDL3OUTSIDE,bear,rsi_mid_overbought,2.75,18,12,6,66.7,53.7,1.1,N,3.54,0.328,2.82,0.0
CDL3OUTSIDE,bear,rsi_mid_overbought,3.0,18,12,6,66.7,43.1,2.02,Y,3.54,0.328,2.82,0.0
CDLSHORTLINE,bear,rsi_mid_overbought,0.5,121,48,73,39.7,33.4,1.46,N,1.15,0.113,1.43,50.4
CDLSHORTLINE,bear,rsi_mid_overbought,0.75,121,61,60,50.4,41.4,2.01,Y,1.42,0.143,1.51,32.2
CDLSHORTLINE,bear,rsi_mid_overbought,1.0,121,66,55,54.5,48.3,1.38,N,1.93,0.195,1.73,17.4
CDLSHORTLINE,bear,rsi_mid_overbought,1.25,121,67,54,55.4,49.8,1.23,N,2.15,0.212,1.87,10.7
CDLSHORTLINE,bear,rsi_mid_overbought,1.5,121,67,54,55.4,46.8,1.9,Y,2.13,0.203,1.86,8.3
CDLSHORTLINE,bear,rsi_mid_overbought,1.75,121,68,53,56.2,48.3,1.73,Y,2.22,0.213,1.92,5.0
CDLSHORTLINE,bear,rsi_mid_overbought,2.0,121,68,53,56.2,51.4,1.05,N,2.39,0.237,2.08,0.8
CDLSHORTLINE,bear,rsi_mid_overbought,2.25,121,68,53,56.2,49.8,1.41,N,2.38,0.235,2.06,0.8
CDLSHORTLINE,bear,rsi_mid_overbought,2.5,121,68,53,56.2,49.0,1.59,N,2.4,0.238,2.09,0.0
CDLSHORTLINE,bear,rsi_mid_overbought,2.75,121,68,53,56.2,47.9,1.84,Y,2.4,0.238,2.09,0.0
CDLSHORTLINE,bear,rsi_mid_overbought,3.0,121,68,53,56.2,51.2,1.11,N,2.4,0.238,2.09,0.0
CDLHIKKAKE,bear,rsi_mid_overbought,0.5,120,42,78,35.0,31.4,0.85,N,0.25,0.016,1.08,62.5
CDLHIKKAKE,bear,rsi_mid_overbought,0.75,120,55,65,45.8,42.3,0.79,N,0.77,0.072,1.24,40.0
CDLHIKKAKE,bear,rsi_mid_overbought,1.0,120,64,56,53.3,50.1,0.7,N,1.37,0.153,1.43,24.2
CDLHIKKAKE,bear,rsi_mid_overbought,1.25,120,66,54,55.0,46.2,1.92,Y,1.75,0.189,1.58,15.0
CDLHIKKAKE,bear,rsi_mid_overbought,1.5,120,67,53,55.8,49.5,1.38,N,1.77,0.185,1.59,11.7
CDLHIKKAKE,bear,rsi_mid_overbought,1.75,120,67,53,55.8,49.9,1.31,N,1.69,0.174,1.54,9.2
CDLHIKKAKE,bear,rsi_mid_overbought,2.0,120,67,53,55.8,47.0,1.94,Y,1.69,0.175,1.55,7.5
CDLHIKKAKE,bear,rsi_mid_overbought,2.25,120,67,53,55.8,49.3,1.43,N,1.58,0.164,1.49,6.7
CDLHIKKAKE,bear,rsi_mid_overbought,2.5,120,67,53,55.8,49.7,1.34,N,1.59,0.165,1.5,5.0
CDLHIKKAKE,bear,rsi_mid_overbought,2.75,120,67,53,55.8,47.6,1.8,Y,1.53,0.158,1.47,4.2
CDLHIKKAKE,bear,rsi_mid_overbought,3.0,120,67,53,55.8,50.3,1.2,N,1.49,0.153,1.45,3.3
CDLLONGLEGGEDDOJI,bull,rsi_overbought,0.5,18,12,6,66.7,44.0,1.94,Y,5.78,0.567,4.68,27.8
CDLLONGLEGGEDDOJI,bull,rsi_overbought,0.75,18,12,6,66.7,47.2,1.65,Y,5.5,0.524,3.97,22.2
CDLLONGLEGGEDDOJI,bull,rsi_overbought,1.0,18,12,6,66.7,50.5,1.37,N,5.02,0.468,3.14,22.2
CDLLONGLEGGEDDOJI,bull,rsi_overbought,1.25,18,12,6,66.7,51.9,1.26,N,4.72,0.435,2.79,16.7
CDLLONGLEGGEDDOJI,bull,rsi_overbought,1.5,18,12,6,66.7,45.4,1.81,Y,4.34,0.393,2.44,16.7
CDLLONGLEGGEDDOJI,bull,rsi_overbought,1.75,18,12,6,66.7,47.2,1.65,Y,4.64,0.416,2.71,11.1
CDLLONGLEGGEDDOJI,bull,rsi_overbought,2.0,18,12,6,66.7,50.9,1.34,N,4.41,0.388,2.5,11.1
CDLLONGLEGGEDDOJI,bull,rsi_overbought,2.25,18,12,6,66.7,48.6,1.53,N,4.19,0.361,2.32,11.1
CDLLONGLEGGEDDOJI,bull,rsi_overbought,2.5,18,12,6,66.7,60.6,0.52,N,4.14,0.355,2.29,5.6
CDLLONGLEGGEDDOJI,bull,rsi_overbought,2.75,18,12,6,66.7,52.8,1.18,N,4.36,0.381,2.45,0.0
CDLLONGLEGGEDDOJI,bull,rsi_overbought,3.0,18,12,6,66.7,55.1,0.99,N,4.36,0.381,2.45,0.0
CDLHIKKAKE,bear,atr_high,0.5,165,61,104,37.0,35.7,0.34,N,0.73,0.056,1.2,58.8
CDLHIKKAKE,bear,atr_high,0.75,165,72,93,43.6,40.3,0.87,N,0.41,0.039,1.09,46.1
CDLHIKKAKE,bear,atr_high,1.0,165,85,80,51.5,46.8,1.22,N,0.81,0.08,1.18,27.9
CDLHIKKAKE,bear,atr_high,1.25,165,88,77,53.3,46.1,1.87,Y,0.78,0.072,1.17,19.4
CDLHIKKAKE,bear,atr_high,1.5,165,89,76,53.9,48.0,1.52,N,0.58,0.057,1.12,14.5
CDLHIKKAKE,bear,atr_high,1.75,165,89,76,53.9,48.5,1.39,N,0.37,0.039,1.07,12.1
CDLHIKKAKE,bear,atr_high,2.0,165,89,76,53.9,48.6,1.36,N,0.41,0.042,1.08,7.9
CDLHIKKAKE,bear,atr_high,2.25,165,90,75,54.5,47.3,1.87,Y,0.35,0.039,1.07,7.3
CDLHIKKAKE,bear,atr_high,2.5,165,90,75,54.5,47.7,1.77,Y,0.18,0.023,1.03,6.7
CDLHIKKAKE,bear,atr_high,2.75,165,90,75,54.5,47.5,1.82,Y,-0.01,0.006,1.0,6.7
CDLHIKKAKE,bear,atr_high,3.0,165,90,75,54.5,49.3,1.34,N,0.07,0.014,1.01,4.8
CDLDOJI,bull,rsi_overbought,0.5,18,12,6,66.7,48.1,1.57,N,5.78,0.567,4.68,27.8
CDLDOJI,bull,rsi_overbought,0.75,18,12,6,66.7,44.9,1.86,Y,5.5,0.524,3.97,22.2
CDLDOJI,bull,rsi_overbought,1.0,18,12,6,66.7,51.9,1.26,N,5.02,0.468,3.14,22.2
CDLDOJI,bull,rsi_overbought,1.25,18,12,6,66.7,53.7,1.1,N,4.72,0.435,2.79,16.7
CDLDOJI,bull,rsi_overbought,1.5,18,12,6,66.7,51.9,1.26,N,4.34,0.393,2.44,16.7
CDLDOJI,bull,rsi_overbought,1.75,18,12,6,66.7,46.3,1.73,Y,4.64,0.416,2.71,11.1
CDLDOJI,bull,rsi_overbought,2.0,18,12,6,66.7,50.5,1.37,N,4.41,0.388,2.5,11.1
CDLDOJI,bull,rsi_overbought,2.25,18,12,6,66.7,50.0,1.41,N,4.19,0.361,2.32,11.1
CDLDOJI,bull,rsi_overbought,2.5,18,12,6,66.7,51.4,1.3,N,4.14,0.355,2.29,5.6
CDLDOJI,bull,rsi_overbought,2.75,18,12,6,66.7,50.0,1.41,N,4.36,0.381,2.45,0.0
CDLDOJI,bull,rsi_overbought,3.0,18,12,6,66.7,52.3,1.22,N,4.36,0.381,2.45,0.0
CDLLONGLEGGEDDOJI,bull,atr_low,0.5,386,145,241,37.6,33.1,1.86,Y,-0.06,-0.001,0.98,57.8
CDLLONGLEGGEDDOJI,bull,atr_low,0.75,386,176,210,45.6,41.8,1.5,N,0.03,0.006,1.01,41.7
CDLLONGLEGGEDDOJI,bull,atr_low,1.0,386,190,196,49.2,45.5,1.47,N,0.07,0.013,1.02,28.8
CDLLONGLEGGEDDOJI,bull,atr_low,1.25,386,198,188,51.3,48.6,1.08,N,0.19,0.027,1.06,18.7
CDLLONGLEGGEDDOJI,bull,atr_low,1.5,386,198,188,51.3,48.6,1.08,N,-0.01,0.003,1.0,13.5
CDLLONGLEGGEDDOJI,bull,atr_low,1.75,386,202,184,52.3,50.6,0.66,N,0.06,0.012,1.02,9.1
CDLLONGLEGGEDDOJI,bull,atr_low,2.0,386,202,184,52.3,48.9,1.36,N,0.1,0.014,1.03,6.7
CDLLONGLEGGEDDOJI,bull,atr_low,2.25,386,202,184,52.3,49.2,1.23,N,0.05,0.009,1.02,4.9
CDLLONGLEGGEDDOJI,bull,atr_low,2.5,386,202,184,52.3,49.3,1.18,N,0.05,0.009,1.02,3.1
CDLLONGLEGGEDDOJI,bull,atr_low,2.75,386,202,184,52.3,50.5,0.7,N,0.05,0.009,1.01,2.1
CDLLONGLEGGEDDOJI,bull,atr_low,3.0,386,202,184,52.3,48.9,1.36,N,0.07,0.009,1.02,1.8
CDLDOJI,bull,atr_low,0.5,386,145,241,37.6,33.5,1.67,Y,-0.06,-0.001,0.98,57.8
CDLDOJI,bull,atr_low,0.75,386,176,210,45.6,41.7,1.54,N,0.03,0.006,1.01,41.7
CDLDOJI,bull,atr_low,1.0,386,190,196,49.2,46.8,0.94,N,0.07,0.013,1.02,28.8
CDLDOJI,bull,atr_low,1.25,386,198,188,51.3,48.6,1.06,N,0.19,0.027,1.06,18.7
CDLDOJI,bull,atr_low,1.5,386,198,188,51.3,48.6,1.04,N,-0.01,0.003,1.0,13.5
CDLDOJI,bull,atr_low,1.75,386,202,184,52.3,49.0,1.31,N,0.06,0.012,1.02,9.1
CDLDOJI,bull,atr_low,2.0,386,202,184,52.3,48.2,1.64,N,0.1,0.014,1.03,6.7
CDLDOJI,bull,atr_low,2.25,386,202,184,52.3,49.6,1.09,N,0.05,0.009,1.02,4.9
CDLDOJI,bull,atr_low,2.5,386,202,184,52.3,49.6,1.09,N,0.05,0.009,1.02,3.1
CDLDOJI,bull,atr_low,2.75,386,202,184,52.3,49.8,1.01,N,0.05,0.009,1.01,2.1
CDLDOJI,bull,atr_low,3.0,386,202,184,52.3,47.6,1.85,Y,0.07,0.009,1.02,1.8
CDLADVANCEBLOCK,bear,rsi_mid_overbought,0.5,32,15,17,46.9,36.2,1.26,N,1.92,0.263,1.78,46.9
CDLADVANCEBLOCK,bear,rsi_mid_overbought,0.75,32,16,16,50.0,36.5,1.59,N,1.51,0.198,1.49,40.6
CDLADVANCEBLOCK,bear,rsi_mid_overbought,1.0,32,18,14,56.2,40.6,1.8,Y,1.53,0.208,1.49,28.1
CDLADVANCEBLOCK,bear,rsi_mid_overbought,1.25,32,19,13,59.4,44.8,1.66,Y,1.8,0.231,1.58,15.6
CDLADVANCEBLOCK,bear,rsi_mid_overbought,1.5,32,19,13,59.4,49.2,1.15,N,1.66,0.217,1.51,12.5
CDLADVANCEBLOCK,bear,rsi_mid_overbought,1.75,32,19,13,59.4,50.5,1.0,N,1.67,0.217,1.51,6.2
CDLADVANCEBLOCK,bear,rsi_mid_overbought,2.0,32,19,13,59.4,50.0,1.06,N,1.75,0.223,1.56,3.1
CDLADVANCEBLOCK,bear,rsi_mid_overbought,2.25,32,19,13,59.4,49.0,1.18,N,1.69,0.215,1.53,3.1
CDLADVANCEBLOCK,bear,rsi_mid_overbought,2.5,32,19,13,59.4,52.1,0.83,N,1.63,0.207,1.5,3.1
CDLADVANCEBLOCK,bear,rsi_mid_overbought,2.75,32,19,13,59.4,57.0,0.27,N,1.57,0.199,1.47,3.1
CDLADVANCEBLOCK,bear,rsi_mid_overbought,3.0,32,19,13,59.4,48.7,1.21,N,1.51,0.191,1.45,3.1
CDLMATCHINGLOW,bull,rsi_mid_oversold,0.5,34,10,24,29.4,28.7,0.09,N,-2.14,-0.2,0.41,70.6
CDLMATCHINGLOW,bull,rsi_mid_oversold,0.75,34,15,19,44.1,37.3,0.83,N,-2.06,-0.166,0.51,50.0
CDLMATCHINGLOW,bull,rsi_mid_oversold,1.0,34,17,17,50.0,39.2,1.29,N,-1.91,-0.185,0.56,38.2
CDLMATCHINGLOW,bull,rsi_mid_oversold,1.25,34,19,15,55.9,40.7,1.8,Y,-1.23,-0.109,0.69,20.6
CDLMATCHINGLOW,bull,rsi_mid_oversold,1.5,34,19,15,55.9,44.9,1.29,N,-1.31,-0.118,0.68,14.7
CDLMATCHINGLOW,bull,rsi_mid_oversold,1.75,34,19,15,55.9,44.1,1.38,N,-1.23,-0.111,0.69,11.8
CDLMATCHINGLOW,bull,rsi_mid_oversold,2.0,34,19,15,55.9,50.5,0.63,N,-1.5,-0.14,0.65,11.8
CDLMATCHINGLOW,bull,rsi_mid_oversold,2.25,34,19,15,55.9,52.2,0.43,N,-1.61,-0.15,0.63,8.8
CDLMATCHINGLOW,bull,rsi_mid_oversold,2.5,34,19,15,55.9,51.7,0.49,N,-1.64,-0.157,0.63,5.9
CDLMATCHINGLOW,bull,rsi_mid_oversold,2.75,34,19,15,55.9,48.5,0.86,N,-1.76,-0.172,0.61,5.9
CDLMATCHINGLOW,bull,rsi_mid_oversold,3.0,34,19,15,55.9,51.7,0.49,N,-1.76,-0.165,0.61,2.9
CDL3OUTSIDE,bear,rsi_oversold,0.5,12,1,11,8.3,10.4,-0.24,N,-3.2,-0.35,0.33,91.7
CDL3OUTSIDE,bear,rsi_oversold,0.75,12,4,8,33.3,27.8,0.43,N,0.6,-0.038,1.13,66.7
CDL3OUTSIDE,bear,rsi_oversold,1.0,12,7,5,58.3,43.1,1.07,N,3.31,0.276,1.81,41.7
CDL3OUTSIDE,bear,rsi_oversold,1.25,12,8,4,66.7,41.7,1.76,Y,4.48,0.414,2.38,25.0
CDL3OUTSIDE,bear,rsi_oversold,1.5,12,8,4,66.7,47.2,1.35,N,3.83,0.352,1.99,25.0
CDL3OUTSIDE,bear,rsi_oversold,1.75,12,8,4,66.7,51.4,1.06,N,3.4,0.313,1.79,16.7
CDL3OUTSIDE,bear,rsi_oversold,2.0,12,8,4,66.7,50.7,1.11,N,2.95,0.272,1.62,16.7
CDL3OUTSIDE,bear,rsi_oversold,2.25,12,8,4,66.7,52.1,1.01,N,3.06,0.28,1.66,8.3
CDL3OUTSIDE,bear,rsi_oversold,2.5,12,8,4,66.7,46.5,1.4,N,3.28,0.3,1.74,0.0
CDL3OUTSIDE,bear,rsi_oversold,2.75,12,8,4,66.7,45.1,1.5,N,3.28,0.3,1.74,0.0
CDL3OUTSIDE,bear,rsi_oversold,3.0,12,8,4,66.7,50.7,1.11,N,3.28,0.3,1.74,0.0
CDLHANGINGMAN,bear,atr_low,0.5,19,9,10,47.4,38.2,0.83,N,1.23,0.122,1.61,47.4
CDLHANGINGMAN,bear,atr_low,0.75,19,10,9,52.6,34.2,1.69,Y,0.98,0.086,1.42,36.8
CDLHANGINGMAN,bear,atr_low,1.0,19,10,9,52.6,36.4,1.47,N,0.51,0.033,1.18,31.6
CDLHANGINGMAN,bear,atr_low,1.25,19,11,8,57.9,47.8,0.88,N,0.59,0.041,1.21,21.1
CDLHANGINGMAN,bear,atr_low,1.5,19,12,7,63.2,46.5,1.46,N,1.61,0.164,1.83,5.3
CDLHANGINGMAN,bear,atr_low,1.75,19,12,7,63.2,50.9,1.07,N,1.51,0.151,1.74,5.3
CDLHANGINGMAN,bear,atr_low,2.0,19,12,7,63.2,49.6,1.19,N,1.42,0.138,1.66,5.3
CDLHANGINGMAN,bear,atr_low,2.25,19,12,7,63.2,49.6,1.19,N,1.32,0.125,1.59,5.3
CDLHANGINGMAN,bear,atr_low,2.5,19,12,7,63.2,48.7,1.26,N,1.23,0.111,1.53,5.3
CDLHANGINGMAN,bear,atr_low,2.75,19,12,7,63.2,54.8,0.73,N,1.13,0.098,1.47,5.3
CDLHANGINGMAN,bear,atr_low,3.0,19,12,7,63.2,51.8,0.99,N,1.03,0.085,1.41,5.3
CDLHIKKAKE,bull,rsi_oversold,0.5,23,8,15,34.8,32.6,0.22,N,0.43,0.021,1.12,65.2
CDLHIKKAKE,bull,rsi_oversold,0.75,23,10,13,43.5,41.7,0.18,N,-0.5,-0.068,0.89,56.5
CDLHIKKAKE,bull,rsi_oversold,1.0,23,10,13,43.5,44.6,-0.1,N,-1.51,-0.138,0.73,47.8
CDLHIKKAKE,bull,rsi_oversold,1.25,23,11,12,47.8,44.2,0.35,N,-1.29,-0.131,0.78,39.1
CDLHIKKAKE,bull,rsi_oversold,1.5,23,14,9,60.9,52.9,0.77,N,0.7,0.061,1.16,17.4
CDLHIKKAKE,bull,rsi_oversold,1.75,23,14,9,60.9,52.5,0.8,N,0.15,0.018,1.03,17.4
CDLHIKKAKE,bull,rsi_oversold,2.0,23,14,9,60.9,44.2,1.61,N,-0.4,-0.026,0.93,17.4
CDLHIKKAKE,bull,rsi_oversold,2.25,23,14,9,60.9,47.8,1.25,N,-0.94,-0.069,0.84,17.4
CDLHIKKAKE,bull,rsi_oversold,2.5,23,14,9,60.9,46.0,1.43,N,-1.23,-0.097,0.8,13.0
CDLHIKKAKE,bull,rsi_oversold,2.75,23,14,9,60.9,46.7,1.36,N,-1.6,-0.13,0.76,13.0
CDLHIKKAKE,bull,rsi_oversold,3.0,23,14,9,60.9,56.2,0.46,N,-0.75,-0.05,0.87,4.3
CDLHIGHWAVE,bull,rsi_mid_oversold,0.5,126,48,78,38.1,31.7,1.53,N,0.16,0.023,1.06,57.1
CDLHIGHWAVE,bull,rsi_mid_oversold,0.75,126,58,68,46.0,39.3,1.55,N,0.05,0.002,1.01,45.2
CDLHIGHWAVE,bull,rsi_mid_oversold,1.0,126,60,66,47.6,45.0,0.58,N,-0.37,-0.036,0.91,36.5
CDLHIGHWAVE,bull,rsi_mid_oversold,1.25,126,63,63,50.0,44.5,1.24,N,-0.44,-0.047,0.9,28.6
CDLHIGHWAVE,bull,rsi_mid_oversold,1.5,126,64,62,50.8,49.7,0.25,N,-0.75,-0.082,0.84,23.0
CDLHIGHWAVE,bull,rsi_mid_oversold,1.75,126,68,58,54.0,50.5,0.77,N,-0.51,-0.056,0.89,17.5
CDLHIGHWAVE,bull,rsi_mid_oversold,2.0,126,68,58,54.0,49.3,1.04,N,-0.63,-0.074,0.86,15.1
CDLHIGHWAVE,bull,rsi_mid_oversold,2.25,126,69,57,54.8,48.3,1.46,N,-0.43,-0.05,0.91,8.7
CDLHIGHWAVE,bull,rsi_mid_oversold,2.5,126,69,57,54.8,49.5,1.19,N,-0.62,-0.07,0.87,7.9
CDLHIGHWAVE,bull,rsi_mid_oversold,2.75,126,69,57,54.8,50.9,0.86,N,-0.78,-0.086,0.84,7.1
CDLHIGHWAVE,bull,rsi_mid_oversold,3.0,126,69,57,54.8,50.7,0.91,N,-0.38,-0.056,0.92,4.8
CDLEVENINGSTAR,bear,trend_down,0.5,11,4,7,36.4,22.0,1.15,N,0.84,0.015,1.37,54.5
CDLEVENINGSTAR,bear,trend_down,0.75,11,5,6,45.5,28.8,1.22,N,1.7,0.167,1.6,45.5
CDLEVENINGSTAR,bear,trend_down,1.0,11,5,6,45.5,34.1,0.8,N,1.34,0.138,1.42,36.4
CDLEVENINGSTAR,bear,trend_down,1.25,11,6,5,54.5,40.9,0.92,N,1.63,0.19,1.52,27.3
CDLEVENINGSTAR,bear,trend_down,1.5,11,7,4,63.6,43.2,1.37,N,3.35,0.383,3.17,9.1
CDLEVENINGSTAR,bear,trend_down,1.75,11,7,4,63.6,41.7,1.48,N,3.18,0.361,2.86,9.1
CDLEVENINGSTAR,bear,trend_down,2.0,11,7,4,63.6,48.5,1.01,N,3.02,0.338,2.61,9.1
CDLEVENINGSTAR,bear,trend_down,2.25,11,7,4,63.6,56.8,0.46,N,2.85,0.315,2.4,9.1
CDLEVENINGSTAR,bear,trend_down,2.5,11,7,4,63.6,51.5,0.8,N,2.68,0.293,2.22,9.1
CDLEVENINGSTAR,bear,trend_down,2.75,11,7,4,63.6,55.3,0.56,N,2.78,0.306,2.32,0.0
CDLEVENINGSTAR,bear,trend_down,3.0,11,7,4,63.6,40.9,1.53,N,2.78,0.306,2.32,0.0
CDLEVENINGSTAR,bear,none,0.5,19,7,12,36.8,29.8,0.67,N,1.03,0.04,1.44,52.6
CDLEVENINGSTAR,bear,none,0.75,19,8,11,42.1,27.2,1.46,N,1.28,0.102,1.44,36.8
CDLEVENINGSTAR,bear,none,1.0,19,8,11,42.1,35.1,0.64,N,0.81,0.059,1.24,31.6
CDLEVENINGSTAR,bear,none,1.25,19,9,10,47.4,41.2,0.54,N,1.25,0.115,1.41,21.1
CDLEVENINGSTAR,bear,none,1.5,19,10,9,52.6,36.4,1.47,N,2.12,0.214,1.93,10.5
CDLEVENINGSTAR,bear,none,1.75,19,11,8,57.9,50.4,0.65,N,3.02,0.304,2.87,5.3
CDLEVENINGSTAR,bear,none,2.0,19,11,8,57.9,52.2,0.5,N,2.92,0.291,2.71,5.3
CDLEVENINGSTAR,bear,none,2.25,19,11,8,57.9,43.9,1.23,N,2.82,0.278,2.56,5.3
CDLEVENINGSTAR,bear,none,2.5,19,11,8,57.9,50.0,0.69,N,2.73,0.265,2.43,5.3
CDLEVENINGSTAR,bear,none,2.75,19,11,8,57.9,53.1,0.42,N,2.78,0.273,2.51,0.0
CDLEVENINGSTAR,bear,none,3.0,19,11,8,57.9,48.2,0.84,N,2.78,0.273,2.51,0.0
CDLADVANCEBLOCK,bear,none,0.5,48,19,29,39.6,30.0,1.44,N,1.7,0.2,1.59,56.2
CDLADVANCEBLOCK,bear,none,0.75,48,20,28,41.7,37.0,0.67,N,0.87,0.101,1.23,47.9
CDLADVANCEBLOCK,bear,none,1.0,48,23,25,47.9,42.5,0.75,N,0.86,0.09,1.22,33.3
CDLADVANCEBLOCK,bear,none,1.25,48,26,22,54.2,46.5,1.06,N,1.2,0.128,1.31,20.8
CDLADVANCEBLOCK,bear,none,1.5,48,26,22,54.2,53.0,0.17,N,0.87,0.092,1.21,18.8
CDLADVANCEBLOCK,bear,none,1.75,48,26,22,54.2,49.1,0.7,N,0.64,0.066,1.15,14.6
CDLADVANCEBLOCK,bear,none,2.0,48,26,22,54.2,54.0,0.02,N,0.88,0.081,1.21,10.4
CDLADVANCEBLOCK,bear,none,2.25,48,26,22,54.2,53.3,0.12,N,0.66,0.055,1.15,10.4
CDLADVANCEBLOCK,bear,none,2.5,48,26,22,54.2,47.2,0.96,N,0.44,0.029,1.1,10.4
CDLADVANCEBLOCK,bear,none,2.75,48,26,22,54.2,50.9,0.46,N,0.31,0.015,1.07,8.3
CDLADVANCEBLOCK,bear,none,3.0,48,26,22,54.2,50.0,0.58,N,0.13,-0.006,1.03,8.3
CDLADVANCEBLOCK,bear,trend_up,0.5,43,17,26,39.5,33.5,0.83,N,1.47,0.206,1.51,55.8
CDLADVANCEBLOCK,bear,trend_up,0.75,43,18,25,41.9,34.5,1.02,N,0.71,0.113,1.19,46.5
CDLADVANCEBLOCK,bear,trend_up,1.0,43,21,22,48.8,40.9,1.06,N,0.74,0.106,1.19,34.9
CDLADVANCEBLOCK,bear,trend_up,1.25,43,24,19,55.8,47.3,1.12,N,1.17,0.154,1.32,20.9
CDLADVANCEBLOCK,bear,trend_up,1.5,43,24,19,55.8,47.9,1.04,N,0.85,0.12,1.21,18.6
CDLADVANCEBLOCK,bear,trend_up,1.75,43,24,19,55.8,49.4,0.84,N,0.65,0.097,1.15,14.0
CDLADVANCEBLOCK,bear,trend_up,2.0,43,24,19,55.8,52.9,0.38,N,0.96,0.119,1.25,9.3
CDLADVANCEBLOCK,bear,trend_up,2.25,43,24,19,55.8,50.8,0.66,N,0.77,0.096,1.19,9.3
CDLADVANCEBLOCK,bear,trend_up,2.5,43,24,19,55.8,53.7,0.28,N,0.58,0.073,1.14,9.3
CDLADVANCEBLOCK,bear,trend_up,2.75,43,24,19,55.8,45.2,1.4,N,0.49,0.063,1.11,7.0
CDLADVANCEBLOCK,bear,trend_up,3.0,43,24,19,55.8,48.4,0.97,N,0.34,0.046,1.08,7.0
CDLSHOOTINGSTAR,bear,trend_down,0.5,14,7,7,50.0,38.7,0.87,N,2.42,0.19,2.47,35.7
CDLSHOOTINGSTAR,bear,trend_down,0.75,14,7,7,50.0,32.7,1.38,N,1.68,0.101,1.7,35.7
CDLSHOOTINGSTAR,bear,trend_down,1.0,14,8,6,57.1,44.6,0.94,N,1.91,0.132,1.88,21.4
CDLSHOOTINGSTAR,bear,trend_down,1.25,14,8,6,57.1,48.8,0.62,N,1.45,0.078,1.55,21.4
CDLSHOOTINGSTAR,bear,trend_down,1.5,14,8,6,57.1,45.8,0.85,N,1.83,0.116,1.81,7.1
CDLSHOOTINGSTAR,bear,trend_down,1.75,14,8,6,57.1,52.4,0.36,N,1.69,0.098,1.71,7.1
CDLSHOOTINGSTAR,bear,trend_down,2.0,14,8,6,57.1,50.6,0.49,N,1.56,0.08,1.62,7.1
CDLSHOOTINGSTAR,bear,trend_down,2.25,14,8,6,57.1,50.0,0.53,N,1.63,0.09,1.66,0.0
CDLSHOOTINGSTAR,bear,trend_down,2.5,14,8,6,57.1,49.4,0.58,N,1.63,0.09,1.66,0.0
CDLSHOOTINGSTAR,bear,trend_down,2.75,14,8,6,57.1,54.8,0.18,N,1.63,0.09,1.66,0.0
CDLSHOOTINGSTAR,bear,trend_down,3.0,14,8,6,57.1,45.2,0.89,N,1.63,0.09,1.66,0.0
CDLENGULFING,bear,rsi_overbought,0.5,20,8,12,40.0,34.6,0.51,N,0.73,0.062,1.25,55.0
CDLENGULFING,bear,rsi_overbought,0.75,20,11,9,55.0,51.7,0.3,N,1.13,0.11,1.36,35.0
CDLENGULFING,bear,rsi_overbought,1.0,20,11,9,55.0,50.8,0.37,N,1.1,0.093,1.35,20.0
CDLENGULFING,bear,rsi_overbought,1.25,20,11,9,55.0,47.9,0.63,N,1.24,0.106,1.41,10.0
CDLENGULFING,bear,rsi_overbought,1.5,20,12,8,60.0,50.8,0.82,N,1.71,0.165,1.65,5.0
CDLENGULFING,bear,rsi_overbought,1.75,20,12,8,60.0,45.4,1.31,N,1.58,0.153,1.57,5.0
CDLENGULFING,bear,rsi_overbought,2.0,20,12,8,60.0,51.7,0.75,N,1.45,0.14,1.5,5.0
CDLENGULFING,bear,rsi_overbought,2.25,20,12,8,60.0,45.0,1.35,N,1.32,0.128,1.44,5.0
CDLENGULFING,bear,rsi_overbought,2.5,20,12,8,60.0,49.6,0.93,N,1.26,0.122,1.41,0.0
CDLENGULFING,bear,rsi_overbought,2.75,20,12,8,60.0,52.1,0.71,N,1.26,0.122,1.41,0.0
CDLENGULFING,bear,rsi_overbought,3.0,20,12,8,60.0,46.2,1.23,N,1.26,0.122,1.41,0.0
CDLDRAGONFLYDOJI,bull,rsi_mid_oversold,0.5,26,7,19,26.9,32.7,-0.63,N,-0.46,-0.02,0.88,73.1
CDLDRAGONFLYDOJI,bull,rsi_mid_oversold,0.75,26,12,14,46.2,41.7,0.46,N,0.19,0.037,1.05,46.2
CDLDRAGONFLYDOJI,bull,rsi_mid_oversold,1.0,26,13,13,50.0,47.1,0.29,N,-0.04,0.013,0.99,34.6
CDLDRAGONFLYDOJI,bull,rsi_mid_oversold,1.25,26,15,11,57.7,52.2,0.56,N,1.07,0.09,1.31,19.2
CDLDRAGONFLYDOJI,bull,rsi_mid_oversold,1.5,26,15,11,57.7,52.6,0.52,N,1.07,0.085,1.31,11.5
CDLDRAGONFLYDOJI,bull,rsi_mid_oversold,1.75,26,15,11,57.7,51.9,0.59,N,0.86,0.057,1.24,11.5
CDLDRAGONFLYDOJI,bull,rsi_mid_oversold,2.0,26,15,11,57.7,53.5,0.43,N,0.92,0.062,1.26,7.7
CDLDRAGONFLYDOJI,bull,rsi_mid_oversold,2.25,26,15,11,57.7,54.5,0.33,N,0.79,0.043,1.21,7.7
CDLDRAGONFLYDOJI,bull,rsi_mid_oversold,2.5,26,15,11,57.7,45.2,1.28,N,1.28,0.115,1.4,0.0
CDLDRAGONFLYDOJI,bull,rsi_mid_oversold,2.75,26,15,11,57.7,51.0,0.69,N,1.28,0.115,1.4,0.0
CDLDRAGONFLYDOJI,bull,rsi_mid_oversold,3.0,26,15,11,57.7,49.4,0.85,N,1.28,0.115,1.4,0.0
CDLTAKURI,bull,rsi_mid_oversold,0.5,25,7,18,28.0,28.3,-0.04,N,-0.27,-0.001,0.92,72.0
CDLTAKURI,bull,rsi_mid_oversold,0.75,25,12,13,48.0,39.3,0.89,N,0.51,0.068,1.14,44.0
CDLTAKURI,bull,rsi_mid_oversold,1.0,25,13,12,52.0,51.3,0.07,N,0.37,0.054,1.1,32.0
CDLTAKURI,bull,rsi_mid_oversold,1.25,25,15,10,60.0,52.0,0.8,N,1.62,0.144,1.53,16.0
CDLTAKURI,bull,rsi_mid_oversold,1.5,25,15,10,60.0,49.7,1.03,N,1.61,0.137,1.52,12.0
CDLTAKURI,bull,rsi_mid_oversold,1.75,25,15,10,60.0,49.7,1.03,N,1.4,0.107,1.43,12.0
CDLTAKURI,bull,rsi_mid_oversold,2.0,25,15,10,60.0,47.3,1.27,N,1.45,0.113,1.45,8.0
CDLTAKURI,bull,rsi_mid_oversold,2.25,25,15,10,60.0,49.3,1.07,N,1.31,0.093,1.39,8.0
CDLTAKURI,bull,rsi_mid_oversold,2.5,25,15,10,60.0,48.7,1.13,N,1.83,0.168,1.64,0.0
CDLTAKURI,bull,rsi_mid_oversold,2.75,25,15,10,60.0,50.3,0.97,N,1.83,0.168,1.64,0.0
CDLTAKURI,bull,rsi_mid_oversold,3.0,25,15,10,60.0,49.7,1.03,N,1.83,0.168,1.64,0.0
CDLSHORTLINE,bear,atr_low,0.5,398,145,253,36.4,34.2,0.95,N,-0.0,0.01,1.0,57.3
CDLSHORTLINE,bear,atr_low,0.75,398,174,224,43.7,42.7,0.41,N,-0.18,-0.011,0.94,41.7
CDLSHORTLINE,bear,atr_low,1.0,398,190,208,47.7,46.3,0.57,N,-0.28,-0.016,0.92,29.4
CDLSHORTLINE,bear,atr_low,1.25,398,197,201,49.5,48.3,0.48,N,-0.27,-0.016,0.92,20.1
CDLSHORTLINE,bear,atr_low,1.5,398,199,199,50.0,47.9,0.85,N,-0.23,-0.009,0.93,13.8
CDLSHORTLINE,bear,atr_low,1.75,398,201,197,50.5,47.4,1.25,N,-0.38,-0.024,0.9,10.6
CDLSHORTLINE,bear,atr_low,2.0,398,203,195,51.0,49.7,0.52,N,-0.33,-0.014,0.91,6.5
CDLSHORTLINE,bear,atr_low,2.25,398,203,195,51.0,49.6,0.54,N,-0.42,-0.022,0.89,5.5
CDLSHORTLINE,bear,atr_low,2.5,398,203,195,51.0,49.5,0.59,N,-0.51,-0.03,0.87,4.5
CDLSHORTLINE,bear,atr_low,2.75,398,203,195,51.0,48.5,0.99,N,-0.54,-0.032,0.86,3.3
CDLSHORTLINE,bear,atr_low,3.0,398,203,195,51.0,49.4,0.65,N,-0.63,-0.04,0.84,3.3
CDLENGULFING,bear,rsi_mid_overbought,0.5,82,33,49,40.2,38.9,0.25,N,1.57,0.123,1.6,53.7
CDLENGULFING,bear,rsi_mid_overbought,0.75,82,38,44,46.3,43.0,0.61,N,1.24,0.096,1.38,42.7
CDLENGULFING,bear,rsi_mid_overbought,1.0,82,39,43,47.6,43.5,0.74,N,0.81,0.051,1.21,36.6
CDLENGULFING,bear,rsi_mid_overbought,1.25,82,40,42,48.8,47.2,0.29,N,0.93,0.066,1.25,23.2
CDLENGULFING,bear,rsi_mid_overbought,1.5,82,43,39,52.4,47.0,1.0,N,1.87,0.163,1.62,11.0
CDLENGULFING,bear,rsi_mid_overbought,1.75,82,44,38,53.7,49.2,0.81,N,2.01,0.187,1.69,6.1
CDLENGULFING,bear,rsi_mid_overbought,2.0,82,44,38,53.7,48.4,0.96,N,2.01,0.187,1.68,4.9
CDLENGULFING,bear,rsi_mid_overbought,2.25,82,44,38,53.7,50.1,0.64,N,1.89,0.175,1.62,4.9
CDLENGULFING,bear,rsi_mid_overbought,2.5,82,44,38,53.7,51.4,0.41,N,1.77,0.163,1.56,4.9
CDLENGULFING,bear,rsi_mid_overbought,2.75,82,44,38,53.7,50.8,0.52,N,1.74,0.163,1.55,2.4
CDLENGULFING,bear,rsi_mid_overbought,3.0,82,44,38,53.7,46.8,1.24,N,1.68,0.157,1.51,2.4
CDLDOJI,bull,rsi_mid_oversold,0.5,283,99,184,35.0,33.5,0.51,N,-0.36,-0.029,0.89,60.8
CDLDOJI,bull,rsi_mid_oversold,0.75,283,125,158,44.2,41.2,1.01,N,-0.43,-0.033,0.88,45.2
CDLDOJI,bull,rsi_mid_oversold,1.0,283,134,149,47.3,44.1,1.12,N,-0.55,-0.048,0.86,33.2
CDLDOJI,bull,rsi_mid_oversold,1.25,283,143,140,50.5,48.3,0.75,N,-0.38,-0.032,0.91,22.6
CDLDOJI,bull,rsi_mid_oversold,1.5,283,144,139,50.9,48.0,0.96,N,-0.48,-0.05,0.88,15.5
CDLDOJI,bull,rsi_mid_oversold,1.75,283,147,136,51.9,49.9,0.68,N,-0.39,-0.04,0.9,11.3
CDLDOJI,bull,rsi_mid_oversold,2.0,283,147,136,51.9,49.1,0.96,N,-0.36,-0.042,0.91,8.8
CDLDOJI,bull,rsi_mid_oversold,2.25,283,148,135,52.3,48.7,1.22,N,-0.33,-0.039,0.92,6.4
CDLDOJI,bull,rsi_mid_oversold,2.5,283,148,135,52.3,51.5,0.27,N,-0.31,-0.035,0.92,4.2
CDLDOJI,bull,rsi_mid_oversold,2.75,283,148,135,52.3,49.6,0.89,N,-0.39,-0.044,0.9,3.9
CDLDOJI,bull,rsi_mid_oversold,3.0,283,148,135,52.3,49.2,1.03,N,-0.34,-0.041,0.92,3.2
CDLLONGLEGGEDDOJI,bull,rsi_mid_oversold,0.5,283,99,184,35.0,32.5,0.89,N,-0.36,-0.029,0.89,60.8
CDLLONGLEGGEDDOJI,bull,rsi_mid_oversold,0.75,283,125,158,44.2,40.6,1.22,N,-0.43,-0.033,0.88,45.2
CDLLONGLEGGEDDOJI,bull,rsi_mid_oversold,1.0,283,134,149,47.3,45.1,0.76,N,-0.55,-0.048,0.86,33.2
CDLLONGLEGGEDDOJI,bull,rsi_mid_oversold,1.25,283,143,140,50.5,47.8,0.92,N,-0.38,-0.032,0.91,22.6
CDLLONGLEGGEDDOJI,bull,rsi_mid_oversold,1.5,283,144,139,50.9,48.9,0.68,N,-0.48,-0.05,0.88,15.5
CDLLONGLEGGEDDOJI,bull,rsi_mid_oversold,1.75,283,147,136,51.9,50.2,0.59,N,-0.39,-0.04,0.9,11.3
CDLLONGLEGGEDDOJI,bull,rsi_mid_oversold,2.0,283,147,136,51.9,48.7,1.09,N,-0.36,-0.042,0.91,8.8
CDLLONGLEGGEDDOJI,bull,rsi_mid_oversold,2.25,283,148,135,52.3,50.4,0.64,N,-0.33,-0.039,0.92,6.4
CDLLONGLEGGEDDOJI,bull,rsi_mid_oversold,2.5,283,148,135,52.3,49.3,1.02,N,-0.31,-0.035,0.92,4.2
CDLLONGLEGGEDDOJI,bull,rsi_mid_oversold,2.75,283,148,135,52.3,49.0,1.1,N,-0.39,-0.044,0.9,3.9
CDLLONGLEGGEDDOJI,bull,rsi_mid_oversold,3.0,283,148,135,52.3,51.4,0.29,N,-0.34,-0.041,0.92,3.2
CDLLONGLEGGEDDOJI,bull,none,0.5,544,196,348,36.0,34.5,0.75,N,-0.34,-0.027,0.89,59.0
CDLLONGLEGGEDDOJI,bull,none,0.75,544,238,306,43.8,41.2,1.2,N,-0.34,-0.024,0.9,42.6
CDLLONGLEGGEDDOJI,bull,none,1.0,544,257,287,47.2,44.8,1.13,N,-0.28,-0.017,0.93,28.9
CDLLONGLEGGEDDOJI,bull,none,1.25,544,269,275,49.4,48.5,0.46,N,-0.21,-0.008,0.94,18.9
CDLLONGLEGGEDDOJI,bull,none,1.5,544,271,273,49.8,48.0,0.84,N,-0.31,-0.023,0.92,13.4
CDLLONGLEGGEDDOJI,bull,none,1.75,544,275,269,50.6,50.0,0.26,N,-0.27,-0.017,0.93,9.0
CDLLONGLEGGEDDOJI,bull,none,2.0,544,275,269,50.6,48.8,0.84,N,-0.23,-0.015,0.94,6.6
CDLLONGLEGGEDDOJI,bull,none,2.25,544,276,268,50.7,48.9,0.88,N,-0.23,-0.015,0.94,4.8
CDLLONGLEGGEDDOJI,bull,none,2.5,544,276,268,50.7,50.4,0.16,N,-0.24,-0.015,0.94,3.3
CDLLONGLEGGEDDOJI,bull,none,2.75,544,276,268,50.7,49.5,0.59,N,-0.28,-0.018,0.93,2.6
CDLLONGLEGGEDDOJI,bull,none,3.0,544,276,268,50.7,49.5,0.59,N,-0.25,-0.016,0.94,2.0
CDLHIGHWAVE,bull,none,0.5,465,154,311,33.1,33.0,0.05,N,-0.1,-0.013,0.97,61.5
CDLHIGHWAVE,bull,none,0.75,465,195,270,41.9,41.0,0.41,N,0.01,-0.001,1.0,43.2
CDLHIGHWAVE,bull,none,1.0,465,211,254,45.4,45.7,-0.16,N,0.12,0.01,1.03,29.7
CDLHIGHWAVE,bull,none,1.25,465,222,243,47.7,46.8,0.4,N,0.17,0.018,1.05,20.9
CDLHIGHWAVE,bull,none,1.5,465,227,238,48.8,48.7,0.07,N,0.16,0.014,1.04,15.9
CDLHIGHWAVE,bull,none,1.75,465,232,233,49.9,47.1,1.19,N,0.19,0.019,1.05,11.2
CDLHIGHWAVE,bull,none,2.0,465,232,233,49.9,48.4,0.65,N,0.1,0.007,1.03,9.0
CDLHIGHWAVE,bull,none,2.25,465,233,232,50.1,49.3,0.34,N,0.12,0.009,1.03,6.2
CDLHIGHWAVE,bull,none,2.5,465,234,231,50.3,48.2,0.94,N,0.08,0.008,1.02,5.2
CDLHIGHWAVE,bull,none,2.75,465,235,230,50.5,49.6,0.4,N,0.08,0.008,1.02,4.3
CDLHIGHWAVE,bull,none,3.0,465,235,230,50.5,49.5,0.46,N,0.18,0.014,1.05,3.2
CDLSPINNINGTOP,bull,rsi_mid_oversold,0.5,212,79,133,37.3,33.5,1.18,N,0.16,0.035,1.06,57.5
CDLSPINNINGTOP,bull,rsi_mid_oversold,0.75,212,93,119,43.9,41.0,0.85,N,0.02,0.017,1.0,44.8
CDLSPINNINGTOP,bull,rsi_mid_oversold,1.0,212,97,115,45.8,44.0,0.51,N,-0.26,-0.011,0.93,34.9
CDLSPINNINGTOP,bull,rsi_mid_oversold,1.25,212,102,110,48.1,48.4,-0.08,N,-0.21,-0.01,0.95,25.5
CDLSPINNINGTOP,bull,rsi_mid_oversold,1.5,212,103,109,48.6,47.9,0.19,N,-0.4,-0.037,0.9,19.8
CDLSPINNINGTOP,bull,rsi_mid_oversold,1.75,212,107,105,50.5,49.6,0.25,N,-0.29,-0.027,0.93,14.2
CDLSPINNINGTOP,bull,rsi_mid_oversold,2.0,212,107,105,50.5,50.2,0.09,N,-0.37,-0.037,0.91,11.8
CDLSPINNINGTOP,bull,rsi_mid_oversold,2.25,212,108,104,50.9,50.8,0.05,N,-0.3,-0.029,0.93,7.5
CDLSPINNINGTOP,bull,rsi_mid_oversold,2.5,212,108,104,50.9,49.5,0.42,N,-0.43,-0.043,0.9,6.1
CDLSPINNINGTOP,bull,rsi_mid_oversold,2.75,212,108,104,50.9,49.8,0.33,N,-0.55,-0.056,0.88,5.7
CDLSPINNINGTOP,bull,rsi_mid_oversold,3.0,212,108,104,50.9,50.1,0.24,N,-0.33,-0.041,0.92,4.2
CDLHIGHWAVE,bear,atr_low,0.5,341,114,227,33.4,31.7,0.7,N,0.06,0.008,1.02,61.6
CDLHIGHWAVE,bear,atr_low,0.75,341,145,196,42.5,39.4,1.17,N,0.29,0.029,1.09,42.8
CDLHIGHWAVE,bear,atr_low,1.0,341,160,181,46.9,45.1,0.69,N,0.5,0.053,1.16,29.3
CDLHIGHWAVE,bear,atr_low,1.25,341,167,174,49.0,47.1,0.71,N,0.53,0.059,1.16,20.2
CDLHIGHWAVE,bear,atr_low,1.5,341,168,173,49.3,48.3,0.37,N,0.35,0.039,1.1,16.1
CDLHIGHWAVE,bear,atr_low,1.75,341,173,168,50.7,50.2,0.2,N,0.4,0.046,1.12,11.7
CDLHIGHWAVE,bear,atr_low,2.0,341,173,168,50.7,48.2,0.95,N,0.31,0.033,1.09,9.7
CDLHIGHWAVE,bear,atr_low,2.25,341,173,168,50.7,48.5,0.81,N,0.3,0.031,1.09,6.5
CDLHIGHWAVE,bear,atr_low,2.5,341,174,167,51.0,48.7,0.87,N,0.29,0.032,1.08,5.3
CDLHIGHWAVE,bear,atr_low,2.75,341,175,166,51.3,48.3,1.1,N,0.34,0.037,1.09,4.1
CDLHIGHWAVE,bear,atr_low,3.0,341,175,166,51.3,49.8,0.58,N,0.38,0.038,1.11,3.5
CDLRICKSHAWMAN,bull,rsi_mid_oversold,0.5,207,78,129,37.7,36.1,0.48,N,-0.07,-0.007,0.98,58.5
CDLRICKSHAWMAN,bull,rsi_mid_oversold,0.75,207,93,114,44.9,42.2,0.79,N,-0.41,-0.035,0.89,45.9
CDLRICKSHAWMAN,bull,rsi_mid_oversold,1.0,207,100,107,48.3,45.9,0.7,N,-0.4,-0.036,0.9,31.9
CDLRICKSHAWMAN,bull,rsi_mid_oversold,1.25,207,104,103,50.2,47.4,0.81,N,-0.39,-0.04,0.9,23.2
CDLRICKSHAWMAN,bull,rsi_mid_oversold,1.5,207,105,102,50.7,49.1,0.48,N,-0.4,-0.049,0.9,14.5
CDLRICKSHAWMAN,bull,rsi_mid_oversold,1.75,207,107,100,51.7,49.6,0.59,N,-0.3,-0.039,0.93,10.6
CDLRICKSHAWMAN,bull,rsi_mid_oversold,2.0,207,107,100,51.7,49.6,0.61,N,-0.2,-0.035,0.95,7.7
CDLRICKSHAWMAN,bull,rsi_mid_oversold,2.25,207,108,99,52.2,49.8,0.68,N,-0.09,-0.024,0.98,5.3
CDLRICKSHAWMAN,bull,rsi_mid_oversold,2.5,207,108,99,52.2,48.1,1.17,N,-0.07,-0.023,0.98,3.9
CDLRICKSHAWMAN,bull,rsi_mid_oversold,2.75,207,108,99,52.2,50.8,0.39,N,-0.13,-0.03,0.97,3.4
CDLRICKSHAWMAN,bull,rsi_mid_oversold,3.0,207,108,99,52.2,52.2,0.0,N,-0.14,-0.031,0.97,2.9
CDLRICKSHAWMAN,bull,rsi_overbought,0.5,13,8,5,61.5,46.8,1.07,N,2.65,0.267,2.43,30.8
CDLRICKSHAWMAN,bull,rsi_overbought,0.75,13,8,5,61.5,49.4,0.88,N,2.43,0.226,2.16,23.1
CDLRICKSHAWMAN,bull,rsi_overbought,1.0,13,8,5,61.5,48.7,0.92,N,1.91,0.169,1.73,23.1
CDLRICKSHAWMAN,bull,rsi_overbought,1.25,13,8,5,61.5,55.1,0.46,N,1.65,0.142,1.58,15.4
CDLRICKSHAWMAN,bull,rsi_overbought,1.5,13,8,5,61.5,51.3,0.74,N,1.29,0.103,1.4,15.4
CDLRICKSHAWMAN,bull,rsi_overbought,1.75,13,8,5,61.5,45.5,1.16,N,1.86,0.154,1.7,7.7
CDLRICKSHAWMAN,bull,rsi_overbought,2.0,13,8,5,61.5,53.8,0.56,N,1.71,0.135,1.61,7.7
CDLRICKSHAWMAN,bull,rsi_overbought,2.25,13,8,5,61.5,57.1,0.33,N,1.55,0.116,1.52,7.7
CDLRICKSHAWMAN,bull,rsi_overbought,2.5,13,8,5,61.5,53.2,0.6,N,1.39,0.097,1.45,7.7
CDLRICKSHAWMAN,bull,rsi_overbought,2.75,13,8,5,61.5,51.9,0.69,N,1.69,0.133,1.6,0.0
CDLRICKSHAWMAN,bull,rsi_overbought,3.0,13,8,5,61.5,51.3,0.74,N,1.69,0.133,1.6,0.0
CDLHIKKAKE,bear,trend_up,0.5,251,85,166,33.9,32.6,0.44,N,-0.03,-0.005,0.99,62.5
CDLHIKKAKE,bear,trend_up,0.75,251,109,142,43.4,42.0,0.45,N,0.27,0.03,1.07,42.6
CDLHIKKAKE,bear,trend_up,1.0,251,123,128,49.0,48.1,0.29,N,0.52,0.063,1.14,28.7
CDLHIKKAKE,bear,trend_up,1.25,251,128,123,51.0,48.6,0.77,N,0.66,0.074,1.18,19.5
CDLHIKKAKE,bear,trend_up,1.5,251,130,121,51.8,48.2,1.15,N,0.68,0.07,1.19,13.9
CDLHIKKAKE,bear,trend_up,1.75,251,130,121,51.8,48.9,0.9,N,0.66,0.064,1.18,10.4
CDLHIKKAKE,bear,trend_up,2.0,251,130,121,51.8,50.3,0.48,N,0.6,0.06,1.16,7.6
CDLHIKKAKE,bear,trend_up,2.25,251,130,121,51.8,49.0,0.87,N,0.46,0.046,1.12,6.8
CDLHIKKAKE,bear,trend_up,2.5,251,130,121,51.8,49.7,0.67,N,0.43,0.044,1.11,5.2
CDLHIKKAKE,bear,trend_up,2.75,251,130,121,51.8,49.0,0.87,N,0.36,0.038,1.09,4.4
CDLHIKKAKE,bear,trend_up,3.0,251,130,121,51.8,48.7,0.97,N,0.33,0.034,1.08,3.6
CDLHIGHWAVE,bear,trend_down,0.5,263,95,168,36.1,33.0,1.07,N,0.67,0.063,1.23,57.8
CDLHIGHWAVE,bear,trend_down,0.75,263,117,146,44.5,41.4,1.0,N,0.7,0.078,1.21,41.1
CDLHIGHWAVE,bear,trend_down,1.0,263,120,143,45.6,42.8,0.91,N,0.43,0.046,1.12,31.2
CDLHIGHWAVE,bear,trend_down,1.25,263,126,137,47.9,47.7,0.06,N,0.45,0.05,1.12,22.8
CDLHIGHWAVE,bear,trend_down,1.5,263,130,133,49.4,47.6,0.61,N,0.42,0.043,1.11,17.9
CDLHIGHWAVE,bear,trend_down,1.75,263,134,129,51.0,49.1,0.59,N,0.5,0.051,1.13,12.9
CDLHIGHWAVE,bear,trend_down,2.0,263,134,129,51.0,48.3,0.85,N,0.42,0.04,1.1,10.3
CDLHIGHWAVE,bear,trend_down,2.25,263,135,128,51.3,47.8,1.14,N,0.52,0.051,1.13,6.8
CDLHIGHWAVE,bear,trend_down,2.5,263,136,127,51.7,49.4,0.74,N,0.52,0.055,1.13,6.1
CDLHIGHWAVE,bear,trend_down,2.75,263,137,126,52.1,49.4,0.86,N,0.56,0.059,1.14,4.9
CDLHIGHWAVE,bear,trend_down,3.0,263,137,126,52.1,49.7,0.77,N,0.79,0.077,1.21,3.4
CDLHIKKAKE,bull,rsi_mid_oversold,0.5,128,45,83,35.2,32.5,0.64,N,0.03,-0.008,1.01,56.2
CDLHIKKAKE,bull,rsi_mid_oversold,0.75,128,56,72,43.8,41.0,0.63,N,-0.08,-0.016,0.98,43.0
CDLHIKKAKE,bull,rsi_mid_oversold,1.0,128,62,66,48.4,44.1,0.98,N,0.18,0.012,1.05,28.9
CDLHIKKAKE,bull,rsi_mid_oversold,1.25,128,66,62,51.6,50.3,0.28,N,0.48,0.046,1.14,18.0
CDLHIKKAKE,bull,rsi_mid_oversold,1.5,128,66,62,51.6,48.0,0.8,N,0.49,0.049,1.15,12.5
CDLHIKKAKE,bull,rsi_mid_oversold,1.75,128,66,62,51.6,49.1,0.56,N,0.31,0.029,1.09,9.4
CDLHIKKAKE,bull,rsi_mid_oversold,2.0,128,66,62,51.6,48.4,0.71,N,0.27,0.025,1.07,7.0
CDLHIKKAKE,bull,rsi_mid_oversold,2.25,128,67,61,52.3,49.6,0.62,N,0.35,0.032,1.1,5.5
CDLHIKKAKE,bull,rsi_mid_oversold,2.5,128,67,61,52.3,47.3,1.14,N,0.25,0.023,1.07,4.7
CDLHIKKAKE,bull,rsi_mid_oversold,2.75,128,67,61,52.3,51.9,0.1,N,0.14,0.011,1.04,4.7
CDLHIKKAKE,bull,rsi_mid_oversold,3.0,128,67,61,52.3,50.0,0.53,N,0.21,0.017,1.06,3.1
CDLHIGHWAVE,bull,rsi_overbought,0.5,14,6,8,42.9,42.3,0.05,N,3.36,0.429,2.11,57.1
CDLHIGHWAVE,bull,rsi_overbought,0.75,14,6,8,42.9,40.5,0.18,N,2.42,0.32,1.61,50.0
CDLHIGHWAVE,bull,rsi_overbought,1.0,14,8,6,57.1,49.4,0.58,N,4.19,0.543,2.06,35.7
CDLHIGHWAVE,bull,rsi_overbought,1.25,14,8,6,57.1,42.3,1.13,N,3.53,0.482,1.77,28.6
CDLHIGHWAVE,bull,rsi_overbought,1.5,14,8,6,57.1,58.3,-0.09,N,3.69,0.472,1.83,21.4
CDLHIGHWAVE,bull,rsi_overbought,1.75,14,8,6,57.1,47.0,0.76,N,4.07,0.501,2.0,14.3
CDLHIGHWAVE,bull,rsi_overbought,2.0,14,8,6,57.1,54.8,0.18,N,3.77,0.465,1.86,14.3
CDLHIGHWAVE,bull,rsi_overbought,2.25,14,8,6,57.1,52.4,0.36,N,3.47,0.43,1.74,14.3
CDLHIGHWAVE,bull,rsi_overbought,2.5,14,8,6,57.1,51.8,0.4,N,3.17,0.394,1.64,14.3
CDLHIGHWAVE,bull,rsi_overbought,2.75,14,8,6,57.1,47.6,0.71,N,3.29,0.41,1.68,7.1
CDLHIGHWAVE,bull,rsi_overbought,3.0,14,8,6,57.1,47.6,0.71,N,3.14,0.392,1.63,7.1
CDLHANGINGMAN,bear,rsi_mid_overbought,0.5,13,6,7,46.2,40.4,0.42,N,0.59,0.055,1.25,53.8
CDLHANGINGMAN,bear,rsi_mid_overbought,0.75,13,7,6,53.8,47.4,0.46,N,-0.04,-0.007,0.99,46.2
CDLHANGINGMAN,bear,rsi_mid_overbought,1.0,13,7,6,53.8,49.4,0.32,N,-0.16,-0.027,0.95,30.8
CDLHANGINGMAN,bear,rsi_mid_overbought,1.25,13,7,6,53.8,51.3,0.18,N,-0.66,-0.09,0.82,23.1
CDLHANGINGMAN,bear,rsi_mid_overbought,1.5,13,8,5,61.5,56.4,0.37,N,0.96,0.11,1.42,0.0
CDLHANGINGMAN,bear,rsi_mid_overbought,1.75,13,8,5,61.5,46.8,1.07,N,0.96,0.11,1.42,0.0
CDLHANGINGMAN,bear,rsi_mid_overbought,2.0,13,8,5,61.5,46.8,1.07,N,0.96,0.11,1.42,0.0
CDLHANGINGMAN,bear,rsi_mid_overbought,2.25,13,8,5,61.5,50.0,0.83,N,0.96,0.11,1.42,0.0
CDLHANGINGMAN,bear,rsi_mid_overbought,2.5,13,8,5,61.5,51.9,0.69,N,0.96,0.11,1.42,0.0
CDLHANGINGMAN,bear,rsi_mid_overbought,2.75,13,8,5,61.5,51.9,0.69,N,0.96,0.11,1.42,0.0
CDLHANGINGMAN,bear,rsi_mid_overbought,3.0,13,8,5,61.5,57.1,0.33,N,0.96,0.11,1.42,0.0
CDLRICKSHAWMAN,bull,trend_down,0.5,216,81,135,37.5,34.4,0.95,N,-0.08,-0.006,0.97,58.8
CDLRICKSHAWMAN,bull,trend_down,0.75,216,96,120,44.4,40.9,1.07,N,-0.45,-0.036,0.88,47.2
CDLRICKSHAWMAN,bull,trend_down,1.0,216,102,114,47.2,45.5,0.5,N,-0.45,-0.037,0.89,31.9
CDLRICKSHAWMAN,bull,trend_down,1.25,216,105,111,48.6,48.6,-0.01,N,-0.56,-0.048,0.87,23.6
CDLRICKSHAWMAN,bull,trend_down,1.5,216,107,109,49.5,49.8,-0.09,N,-0.52,-0.053,0.88,14.8
CDLRICKSHAWMAN,bull,trend_down,1.75,216,109,107,50.5,51.6,-0.33,N,-0.46,-0.047,0.89,11.1
CDLRICKSHAWMAN,bull,trend_down,2.0,216,109,107,50.5,50.2,0.09,N,-0.39,-0.046,0.91,8.3
CDLRICKSHAWMAN,bull,trend_down,2.25,216,110,106,50.9,49.1,0.54,N,-0.32,-0.038,0.92,6.0
CDLRICKSHAWMAN,bull,trend_down,2.5,216,110,106,50.9,51.0,-0.01,N,-0.33,-0.039,0.92,4.6
CDLRICKSHAWMAN,bull,trend_down,2.75,216,110,106,50.9,48.0,0.87,N,-0.38,-0.044,0.91,3.7
CDLRICKSHAWMAN,bull,trend_down,3.0,216,110,106,50.9,48.6,0.67,N,-0.4,-0.046,0.91,3.2
CDLMATCHINGLOW,bull,trend_down,0.5,36,12,24,33.3,33.1,0.03,N,-1.89,-0.176,0.45,66.7
CDLMATCHINGLOW,bull,trend_down,0.75,36,17,19,47.2,41.2,0.73,N,-1.81,-0.144,0.55,47.2
CDLMATCHINGLOW,bull,trend_down,1.0,36,19,17,52.8,44.2,1.03,N,-1.68,-0.162,0.59,36.1
CDLMATCHINGLOW,bull,trend_down,1.25,36,20,16,55.6,50.0,0.67,N,-1.93,-0.168,0.56,25.0
CDLMATCHINGLOW,bull,trend_down,1.5,36,20,16,55.6,51.4,0.5,N,-2.18,-0.19,0.53,19.4
CDLMATCHINGLOW,bull,trend_down,1.75,36,20,16,55.6,48.4,0.86,N,-2.28,-0.198,0.52,16.7
CDLMATCHINGLOW,bull,trend_down,2.0,36,20,16,55.6,47.0,1.03,N,-2.71,-0.239,0.48,16.7
CDLMATCHINGLOW,bull,trend_down,2.25,36,20,16,55.6,50.2,0.64,N,-2.99,-0.262,0.46,13.9
CDLMATCHINGLOW,bull,trend_down,2.5,36,20,16,55.6,47.9,0.92,N,-3.2,-0.283,0.44,11.1
CDLMATCHINGLOW,bull,trend_down,2.75,36,20,16,55.6,50.7,0.58,N,-3.23,-0.285,0.44,8.3
CDLMATCHINGLOW,bull,trend_down,3.0,36,20,16,55.6,48.1,0.89,N,-3.34,-0.286,0.43,5.6
CDLDOJI,bull,trend_down,0.5,293,103,190,35.2,33.7,0.51,N,-0.34,-0.026,0.89,60.8
CDLDOJI,bull,trend_down,0.75,293,128,165,43.7,41.8,0.65,N,-0.51,-0.037,0.87,46.4
CDLDOJI,bull,trend_down,1.0,293,137,156,46.8,44.8,0.68,N,-0.61,-0.046,0.85,32.8
CDLDOJI,bull,trend_down,1.25,293,144,149,49.1,46.2,1.02,N,-0.59,-0.042,0.86,23.5
CDLDOJI,bull,trend_down,1.5,293,146,147,49.8,47.6,0.77,N,-0.68,-0.058,0.84,16.4
CDLDOJI,bull,trend_down,1.75,293,149,144,50.9,48.0,0.96,N,-0.62,-0.052,0.86,11.9
CDLDOJI,bull,trend_down,2.0,293,149,144,50.9,48.7,0.72,N,-0.59,-0.053,0.86,9.2
CDLDOJI,bull,trend_down,2.25,293,150,143,51.2,48.9,0.78,N,-0.58,-0.052,0.87,6.8
CDLDOJI,bull,trend_down,2.5,293,150,143,51.2,48.5,0.91,N,-0.58,-0.05,0.87,4.8
CDLDOJI,bull,trend_down,2.75,293,150,143,51.2,50.4,0.27,N,-0.65,-0.057,0.85,4.1
CDLDOJI,bull,trend_down,3.0,293,150,143,51.2,48.7,0.87,N,-0.62,-0.056,0.86,3.4
CDLHIKKAKE,bear,none,0.5,520,178,342,34.2,33.2,0.51,N,0.1,nan,1.03,60.4
CDLHIKKAKE,bear,none,0.75,520,225,295,43.3,41.4,0.86,N,0.16,nan,1.04,44.4
CDLHIKKAKE,bear,none,1.0,520,250,270,48.1,46.7,0.61,N,0.32,nan,1.08,29.8
CDLHIKKAKE,bear,none,1.25,520,260,260,50.0,48.4,0.71,N,0.39,nan,1.1,20.4
CDLHIKKAKE,bear,none,1.5,520,265,255,51.0,50.3,0.31,N,0.48,nan,1.13,13.8
CDLHIKKAKE,bear,none,1.75,520,265,255,51.0,49.8,0.53,N,0.36,nan,1.09,10.8
CDLHIKKAKE,bear,none,2.0,520,265,255,51.0,49.4,0.72,N,0.37,nan,1.1,7.3
CDLHIKKAKE,bear,none,2.25,520,266,254,51.2,49.4,0.81,N,0.28,nan,1.07,6.3
CDLHIKKAKE,bear,none,2.5,520,266,254,51.2,48.9,1.02,N,0.21,nan,1.05,5.2
CDLHIKKAKE,bear,none,2.75,520,266,254,51.2,49.2,0.88,N,0.12,nan,1.03,4.8
CDLHIKKAKE,bear,none,3.0,520,266,254,51.2,49.9,0.58,N,0.19,nan,1.05,3.3
CDLMATCHINGLOW,bull,none,0.5,57,19,38,33.3,30.0,0.55,N,-1.46,-0.107,0.57,61.4
CDLMATCHINGLOW,bull,none,0.75,57,25,32,43.9,43.3,0.09,N,-1.14,-0.044,0.71,40.4
CDLMATCHINGLOW,bull,none,1.0,57,27,30,47.4,47.7,-0.04,N,-1.24,-0.071,0.7,31.6
CDLMATCHINGLOW,bull,none,1.25,57,29,28,50.9,48.2,0.4,N,-0.83,-0.023,0.79,15.8
CDLMATCHINGLOW,bull,none,1.5,57,29,28,50.9,49.1,0.26,N,-0.99,-0.037,0.76,12.3
CDLMATCHINGLOW,bull,none,1.75,57,29,28,50.9,50.9,0.0,N,-1.06,-0.041,0.75,10.5
CDLMATCHINGLOW,bull,none,2.0,57,29,28,50.9,46.3,0.69,N,-1.33,-0.068,0.7,10.5
CDLMATCHINGLOW,bull,none,2.25,57,29,28,50.9,48.0,0.44,N,-1.51,-0.082,0.67,8.8
CDLMATCHINGLOW,bull,none,2.5,57,29,28,50.9,44.7,0.93,N,-1.64,-0.095,0.66,7.0
CDLMATCHINGLOW,bull,none,2.75,57,29,28,50.9,52.3,-0.22,N,-1.66,-0.097,0.65,5.3
CDLMATCHINGLOW,bull,none,3.0,57,29,28,50.9,44.2,1.02,N,-1.73,-0.097,0.64,3.5
CDL3OUTSIDE,bear,atr_low,0.5,122,44,78,36.1,32.0,0.97,N,0.04,0.001,1.02,60.7
CDL3OUTSIDE,bear,atr_low,0.75,122,55,67,45.1,44.1,0.23,N,0.15,0.015,1.05,45.1
CDL3OUTSIDE,bear,atr_low,1.0,122,60,62,49.2,44.7,1.0,N,0.13,0.014,1.04,32.0
CDL3OUTSIDE,bear,atr_low,1.25,122,62,60,50.8,48.5,0.51,N,-0.0,-0.001,1.0,23.0
CDL3OUTSIDE,bear,atr_low,1.5,122,62,60,50.8,50.3,0.12,N,-0.13,-0.011,0.97,18.0
CDL3OUTSIDE,bear,atr_low,1.75,122,62,60,50.8,49.0,0.39,N,-0.4,-0.042,0.91,13.9
CDL3OUTSIDE,bear,atr_low,2.0,122,62,60,50.8,51.1,-0.06,N,-0.46,-0.051,0.89,9.8
CDL3OUTSIDE,bear,atr_low,2.25,122,62,60,50.8,47.5,0.74,N,-0.29,-0.042,0.93,6.6
CDL3OUTSIDE,bear,atr_low,2.5,122,62,60,50.8,51.4,-0.12,N,-0.33,-0.049,0.92,5.7
CDL3OUTSIDE,bear,atr_low,2.75,122,62,60,50.8,50.8,0.0,N,-0.35,-0.051,0.92,4.1
CDL3OUTSIDE,bear,atr_low,3.0,122,62,60,50.8,48.9,0.42,N,-0.33,-0.049,0.92,2.5
CDLDOJI,bull,none,0.5,544,196,348,36.0,34.3,0.83,N,-0.34,-0.027,0.89,59.0
CDLDOJI,bull,none,0.75,544,238,306,43.8,42.0,0.82,N,-0.34,-0.024,0.9,42.6
CDLDOJI,bull,none,1.0,544,257,287,47.2,47.0,0.13,N,-0.28,-0.017,0.93,28.9
CDLDOJI,bull,none,1.25,544,269,275,49.4,48.6,0.41,N,-0.21,-0.008,0.94,18.9
CDLDOJI,bull,none,1.5,544,271,273,49.8,48.8,0.49,N,-0.31,-0.023,0.92,13.4
CDLDOJI,bull,none,1.75,544,275,269,50.6,49.3,0.59,N,-0.27,-0.017,0.93,9.0
CDLDOJI,bull,none,2.0,544,275,269,50.6,49.5,0.48,N,-0.23,-0.015,0.94,6.6
CDLDOJI,bull,none,2.25,544,276,268,50.7,49.7,0.46,N,-0.23,-0.015,0.94,4.8
CDLDOJI,bull,none,2.5,544,276,268,50.7,49.8,0.43,N,-0.24,-0.015,0.94,3.3
CDLDOJI,bull,none,2.75,544,276,268,50.7,49.4,0.62,N,-0.28,-0.018,0.93,2.6
CDLDOJI,bull,none,3.0,544,276,268,50.7,48.6,1.0,N,-0.25,-0.016,0.94,2.0
CDLLONGLINE,bear,atr_high,0.5,191,68,123,35.6,33.4,0.65,N,0.39,0.021,1.11,62.3
CDLLONGLINE,bear,atr_high,0.75,191,84,107,44.0,41.8,0.61,N,0.68,0.045,1.16,43.5
CDLLONGLINE,bear,atr_high,1.0,191,93,98,48.7,45.5,0.9,N,0.78,0.051,1.18,29.3
CDLLONGLINE,bear,atr_high,1.25,191,97,94,50.8,48.0,0.76,N,0.85,0.065,1.19,23.0
CDLLONGLINE,bear,atr_high,1.5,191,99,92,51.8,49.0,0.77,N,1.0,0.075,1.23,16.2
CDLLONGLINE,bear,atr_high,1.75,191,99,92,51.8,49.6,0.63,N,0.95,0.066,1.22,13.1
CDLLONGLINE,bear,atr_high,2.0,191,99,92,51.8,48.4,0.95,N,0.83,0.056,1.18,10.5
CDLLONGLINE,bear,atr_high,2.25,191,99,92,51.8,49.3,0.71,N,0.95,0.07,1.22,5.8
CDLLONGLINE,bear,atr_high,2.5,191,99,92,51.8,50.2,0.46,N,1.04,0.075,1.24,4.2
CDLLONGLINE,bear,atr_high,2.75,191,99,92,51.8,48.8,0.83,N,1.1,0.084,1.26,2.6
CDLLONGLINE,bear,atr_high,3.0,191,99,92,51.8,49.1,0.76,N,1.07,0.08,1.25,2.1
CDLRICKSHAWMAN,bull,atr_low,0.5,264,94,170,35.6,34.4,0.42,N,-0.23,-0.021,0.91,59.5
CDLRICKSHAWMAN,bull,atr_low,0.75,264,114,150,43.2,41.4,0.57,N,-0.2,-0.022,0.94,44.3
CDLRICKSHAWMAN,bull,atr_low,1.0,264,125,139,47.3,44.4,0.95,N,-0.08,-0.006,0.98,29.9
CDLRICKSHAWMAN,bull,atr_low,1.25,264,127,137,48.1,49.7,-0.52,N,-0.07,-0.006,0.98,19.3
CDLRICKSHAWMAN,bull,atr_low,1.5,264,127,137,48.1,49.6,-0.49,N,-0.2,-0.023,0.94,12.9
CDLRICKSHAWMAN,bull,atr_low,1.75,264,130,134,49.2,48.7,0.16,N,-0.08,-0.009,0.98,8.3
CDLRICKSHAWMAN,bull,atr_low,2.0,264,130,134,49.2,49.0,0.07,N,-0.02,-0.007,1.0,6.1
CDLRICKSHAWMAN,bull,atr_low,2.25,264,130,134,49.2,47.7,0.49,N,-0.03,-0.008,0.99,4.2
CDLRICKSHAWMAN,bull,atr_low,2.5,264,130,134,49.2,49.4,-0.04,N,-0.04,-0.011,0.99,3.0
CDLRICKSHAWMAN,bull,atr_low,2.75,264,130,134,49.2,49.0,0.08,N,-0.01,-0.008,1.0,1.5
CDLRICKSHAWMAN,bull,atr_low,3.0,264,130,134,49.2,48.8,0.14,N,-0.03,-0.012,0.99,1.5
CDLHAMMER,bull,rsi_mid_oversold,0.5,57,18,39,31.6,32.2,-0.09,N,1.75,0.073,1.58,64.9
CDLHAMMER,bull,rsi_mid_oversold,0.75,57,24,33,42.1,47.8,-0.86,N,1.56,0.054,1.45,45.6
CDLHAMMER,bull,rsi_mid_oversold,1.0,57,27,30,47.4,43.0,0.67,N,1.68,0.063,1.46,31.6
CDLHAMMER,bull,rsi_mid_oversold,1.25,57,28,29,49.1,45.9,0.49,N,1.51,0.046,1.39,22.8
CDLHAMMER,bull,rsi_mid_oversold,1.5,57,28,29,49.1,46.3,0.42,N,1.42,0.032,1.36,17.5
CDLHAMMER,bull,rsi_mid_oversold,1.75,57,28,29,49.1,50.0,-0.13,N,1.34,0.021,1.33,14.0
CDLHAMMER,bull,rsi_mid_oversold,2.0,57,29,28,50.9,47.5,0.51,N,1.71,0.053,1.44,8.8
CDLHAMMER,bull,rsi_mid_oversold,2.25,57,30,27,52.6,50.7,0.29,N,2.35,0.127,1.7,3.5
CDLHAMMER,bull,rsi_mid_oversold,2.5,57,30,27,52.6,51.3,0.2,N,2.35,0.129,1.7,1.8
CDLHAMMER,bull,rsi_mid_oversold,2.75,57,30,27,52.6,46.5,0.93,N,2.39,0.134,1.73,0.0
CDLHAMMER,bull,rsi_mid_oversold,3.0,57,30,27,52.6,50.1,0.38,N,2.39,0.134,1.73,0.0
CDLLONGLINE,bear,rsi_mid_overbought,0.5,83,34,49,41.0,36.1,0.91,N,1.44,0.11,1.57,54.2
CDLLONGLINE,bear,rsi_mid_overbought,0.75,83,39,44,47.0,45.7,0.24,N,1.39,0.115,1.46,37.3
CDLLONGLINE,bear,rsi_mid_overbought,1.0,83,41,42,49.4,49.6,-0.04,N,1.01,0.079,1.3,30.1
CDLLONGLINE,bear,rsi_mid_overbought,1.25,83,42,41,50.6,46.4,0.77,N,1.0,0.083,1.28,21.7
CDLLONGLINE,bear,rsi_mid_overbought,1.5,83,43,40,51.8,49.4,0.44,N,1.41,0.122,1.45,12.0
CDLLONGLINE,bear,rsi_mid_overbought,1.75,83,43,40,51.8,48.7,0.57,N,1.17,0.096,1.35,9.6
CDLLONGLINE,bear,rsi_mid_overbought,2.0,83,43,40,51.8,50.1,0.31,N,1.3,0.103,1.41,7.2
CDLLONGLINE,bear,rsi_mid_overbought,2.25,83,43,40,51.8,48.8,0.55,N,1.46,0.135,1.48,3.6
CDLLONGLINE,bear,rsi_mid_overbought,2.5,83,43,40,51.8,48.3,0.64,N,1.62,0.143,1.56,2.4
CDLLONGLINE,bear,rsi_mid_overbought,2.75,83,43,40,51.8,48.4,0.62,N,1.67,0.149,1.59,0.0
CDLLONGLINE,bear,rsi_mid_overbought,3.0,83,43,40,51.8,50.3,0.27,N,1.67,0.149,1.59,0.0
CDLLONGLINE,bear,trend_down,0.5,364,123,241,33.8,31.7,0.85,N,-0.28,-0.043,0.91,61.8
CDLLONGLINE,bear,trend_down,0.75,364,152,212,41.8,41.9,-0.07,N,-0.15,-0.027,0.96,44.2
CDLLONGLINE,bear,trend_down,1.0,364,162,202,44.5,44.3,0.1,N,-0.3,-0.046,0.92,31.3
CDLLONGLINE,bear,trend_down,1.25,364,170,194,46.7,46.6,0.03,N,-0.32,-0.044,0.92,24.2
CDLLONGLINE,bear,trend_down,1.5,364,173,191,47.5,48.9,-0.52,N,-0.44,-0.058,0.9,17.9
CDLLONGLINE,bear,trend_down,1.75,364,174,190,47.8,48.4,-0.23,N,-0.38,-0.058,0.91,12.9
CDLLONGLINE,bear,trend_down,2.0,364,175,189,48.1,48.4,-0.12,N,-0.43,-0.064,0.9,9.6
CDLLONGLINE,bear,trend_down,2.25,364,176,188,48.4,48.9,-0.22,N,-0.38,-0.06,0.91,6.9
CDLLONGLINE,bear,trend_down,2.5,364,177,187,48.6,49.1,-0.17,N,-0.23,-0.047,0.95,5.5
CDLLONGLINE,bear,trend_down,2.75,364,177,187,48.6,49.7,-0.41,N,-0.24,-0.049,0.94,4.1
CDLLONGLINE,bear,trend_down,3.0,364,177,187,48.6,47.7,0.36,N,-0.24,-0.05,0.94,3.0
CDLHANGINGMAN,bear,trend_up,0.5,18,7,11,38.9,37.0,0.16,N,-0.78,-0.062,0.74,61.1
CDLHANGINGMAN,bear,trend_up,0.75,18,8,10,44.4,41.7,0.24,N,-1.31,-0.113,0.64,44.4
CDLHANGINGMAN,bear,trend_up,1.0,18,8,10,44.4,44.9,-0.04,N,-1.7,-0.155,0.57,33.3
CDLHANGINGMAN,bear,trend_up,1.25,18,9,9,50.0,50.5,-0.04,N,-1.7,-0.147,0.58,22.2
CDLHANGINGMAN,bear,trend_up,1.5,18,10,8,55.6,50.9,0.39,N,-0.72,-0.017,0.78,5.6
CDLHANGINGMAN,bear,trend_up,1.75,18,10,8,55.6,49.5,0.51,N,-0.91,-0.031,0.74,5.6
CDLHANGINGMAN,bear,trend_up,2.0,18,10,8,55.6,50.0,0.47,N,-1.08,-0.043,0.7,0.0
CDLHANGINGMAN,bear,trend_up,2.25,18,10,8,55.6,45.8,0.83,N,-1.08,-0.043,0.7,0.0
CDLHANGINGMAN,bear,trend_up,2.5,18,10,8,55.6,46.8,0.75,N,-1.08,-0.043,0.7,0.0
CDLHANGINGMAN,bear,trend_up,2.75,18,10,8,55.6,47.7,0.67,N,-1.08,-0.043,0.7,0.0
CDLHANGINGMAN,bear,trend_up,3.0,18,10,8,55.6,47.2,0.71,N,-1.08,-0.043,0.7,0.0
CDLHARAMICROSS,bear,none,0.5,81,28,53,34.6,30.3,0.83,N,-0.06,-0.015,0.98,60.5
CDLHARAMICROSS,bear,none,0.75,81,31,50,38.3,36.3,0.37,N,-0.77,-0.084,0.8,49.4
CDLHARAMICROSS,bear,none,1.0,81,35,46,43.2,45.8,-0.46,N,-0.37,-0.038,0.9,30.9
CDLHARAMICROSS,bear,none,1.25,81,38,43,46.9,46.7,0.04,N,-0.28,-0.011,0.93,22.2
CDLHARAMICROSS,bear,none,1.5,81,39,42,48.1,48.6,-0.07,N,-0.18,-0.002,0.95,14.8
CDLHARAMICROSS,bear,none,1.75,81,40,41,49.4,51.7,-0.43,N,-0.15,0.005,0.96,12.3
CDLHARAMICROSS,bear,none,2.0,81,40,41,49.4,51.5,-0.39,N,-0.1,0.013,0.98,7.4
CDLHARAMICROSS,bear,none,2.25,81,40,41,49.4,51.6,-0.41,N,-0.29,-0.006,0.93,7.4
CDLHARAMICROSS,bear,none,2.5,81,40,41,49.4,49.0,0.07,N,-0.48,-0.024,0.89,7.4
CDLHARAMICROSS,bear,none,2.75,81,40,41,49.4,49.2,0.04,N,-0.63,-0.04,0.86,6.2
CDLHARAMICROSS,bear,none,3.0,81,40,41,49.4,51.7,-0.43,N,-0.78,-0.055,0.83,6.2
CDLLONGLEGGEDDOJI,bull,trend_down,0.5,293,103,190,35.2,33.2,0.69,N,-0.34,-0.026,0.89,60.8
CDLLONGLEGGEDDOJI,bull,trend_down,0.75,293,128,165,43.7,41.4,0.79,N,-0.51,-0.037,0.87,46.4
CDLLONGLEGGEDDOJI,bull,trend_down,1.0,293,137,156,46.8,45.1,0.59,N,-0.61,-0.046,0.85,32.8
CDLLONGLEGGEDDOJI,bull,trend_down,1.25,293,144,149,49.1,48.6,0.19,N,-0.59,-0.042,0.86,23.5
CDLLONGLEGGEDDOJI,bull,trend_down,1.5,293,146,147,49.8,49.8,0.02,N,-0.68,-0.058,0.84,16.4
CDLLONGLEGGEDDOJI,bull,trend_down,1.75,293,149,144,50.9,49.5,0.45,N,-0.62,-0.052,0.86,11.9
CDLLONGLEGGEDDOJI,bull,trend_down,2.0,293,149,144,50.9,49.1,0.59,N,-0.59,-0.053,0.86,9.2
CDLLONGLEGGEDDOJI,bull,trend_down,2.25,293,150,143,51.2,48.8,0.83,N,-0.58,-0.052,0.87,6.8
CDLLONGLEGGEDDOJI,bull,trend_down,2.5,293,150,143,51.2,49.0,0.75,N,-0.58,-0.05,0.87,4.8
CDLLONGLEGGEDDOJI,bull,trend_down,2.75,293,150,143,51.2,48.9,0.77,N,-0.65,-0.057,0.85,4.1
CDLLONGLEGGEDDOJI,bull,trend_down,3.0,293,150,143,51.2,49.5,0.58,N,-0.62,-0.056,0.86,3.4
CDLTAKURI,bull,trend_down,0.5,22,6,16,27.3,31.4,-0.42,N,0.04,0.022,1.01,72.7
CDLTAKURI,bull,trend_down,0.75,22,10,12,45.5,42.8,0.25,N,0.29,0.061,1.08,45.5
CDLTAKURI,bull,trend_down,1.0,22,11,11,50.0,49.2,0.07,N,0.24,0.056,1.06,31.8
CDLTAKURI,bull,trend_down,1.25,22,12,10,54.5,48.5,0.57,N,1.14,0.108,1.33,18.2
CDLTAKURI,bull,trend_down,1.5,22,12,10,54.5,51.5,0.28,N,1.13,0.1,1.32,13.6
CDLTAKURI,bull,trend_down,1.75,22,12,10,54.5,48.5,0.57,N,0.89,0.066,1.24,13.6
CDLTAKURI,bull,trend_down,2.0,22,12,10,54.5,49.2,0.5,N,0.95,0.072,1.26,9.1
CDLTAKURI,bull,trend_down,2.25,22,12,10,54.5,45.8,0.82,N,0.79,0.05,1.21,9.1
CDLTAKURI,bull,trend_down,2.5,22,12,10,54.5,54.5,-0.0,N,1.38,0.135,1.43,0.0
CDLTAKURI,bull,trend_down,2.75,22,12,10,54.5,48.5,0.57,N,1.38,0.135,1.43,0.0
CDLTAKURI,bull,trend_down,3.0,22,12,10,54.5,47.7,0.64,N,1.38,0.135,1.43,0.0
CDLDOJI,bull,trend_up,0.5,249,93,156,37.3,35.4,0.63,N,-0.31,-0.024,0.89,56.6
CDLDOJI,bull,trend_up,0.75,249,109,140,43.8,42.9,0.27,N,-0.14,-0.01,0.96,38.2
CDLDOJI,bull,trend_up,1.0,249,119,130,47.8,45.4,0.76,N,0.08,0.015,1.02,24.5
CDLDOJI,bull,trend_up,1.25,249,124,125,49.8,49.2,0.2,N,0.21,0.028,1.07,13.7
CDLDOJI,bull,trend_up,1.5,249,124,125,49.8,49.0,0.24,N,0.09,0.015,1.03,10.0
CDLDOJI,bull,trend_up,1.75,249,125,124,50.2,47.7,0.8,N,0.1,0.021,1.03,5.6
CDLDOJI,bull,trend_up,2.0,249,125,124,50.2,50.1,0.04,N,0.16,0.026,1.05,3.6
CDLDOJI,bull,trend_up,2.25,249,125,124,50.2,49.5,0.23,N,0.15,0.025,1.05,2.4
CDLDOJI,bull,trend_up,2.5,249,125,124,50.2,48.7,0.49,N,0.13,0.023,1.04,1.6
CDLDOJI,bull,trend_up,2.75,249,125,124,50.2,48.9,0.4,N,0.13,0.024,1.04,0.8
CDLDOJI,bull,trend_up,3.0,249,125,124,50.2,49.0,0.39,N,0.16,0.027,1.05,0.4
CDLSHORTLINE,bull,trend_up,0.5,282,100,182,35.5,35.7,-0.08,N,0.01,0.002,1.0,55.3
CDLSHORTLINE,bull,trend_up,0.75,282,125,157,44.3,43.6,0.26,N,0.3,0.022,1.09,36.9
CDLSHORTLINE,bull,trend_up,1.0,282,135,147,47.9,45.5,0.8,N,0.42,0.035,1.12,23.0
CDLSHORTLINE,bull,trend_up,1.25,282,137,145,48.6,49.6,-0.36,N,0.41,0.033,1.12,16.3
CDLSHORTLINE,bull,trend_up,1.5,282,138,144,48.9,47.0,0.65,N,0.42,0.033,1.12,11.7
CDLSHORTLINE,bull,trend_up,1.75,282,140,142,49.6,49.4,0.07,N,0.36,0.029,1.1,7.8
CDLSHORTLINE,bull,trend_up,2.0,282,141,141,50.0,49.1,0.3,N,0.51,0.048,1.15,3.5
CDLSHORTLINE,bull,trend_up,2.25,282,141,141,50.0,49.8,0.08,N,0.5,0.045,1.15,2.5
CDLSHORTLINE,bull,trend_up,2.5,282,141,141,50.0,49.0,0.34,N,0.48,0.043,1.14,1.4
CDLSHORTLINE,bull,trend_up,2.75,282,141,141,50.0,49.1,0.3,N,0.44,0.04,1.13,1.4
CDLSHORTLINE,bull,trend_up,3.0,282,141,141,50.0,50.4,-0.12,N,0.41,0.036,1.12,1.4
CDLMATCHINGLOW,bull,atr_high,0.5,19,7,12,36.8,36.8,0.0,N,-2.59,-0.193,0.38,63.2
CDLMATCHINGLOW,bull,atr_high,0.75,19,8,11,42.1,39.5,0.23,N,-3.59,-0.251,0.34,47.4
CDLMATCHINGLOW,bull,atr_high,1.0,19,10,9,52.6,46.5,0.54,N,-2.5,-0.18,0.47,26.3
CDLMATCHINGLOW,bull,atr_high,1.25,19,10,9,52.6,49.6,0.27,N,-2.85,-0.208,0.44,10.5
CDLMATCHINGLOW,bull,atr_high,1.5,19,10,9,52.6,54.8,-0.19,N,-3.18,-0.234,0.41,10.5
CDLMATCHINGLOW,bull,atr_high,1.75,19,10,9,52.6,51.3,0.11,N,-2.75,-0.183,0.45,5.3
CDLMATCHINGLOW,bull,atr_high,2.0,19,10,9,52.6,48.7,0.34,N,-2.95,-0.196,0.43,5.3
CDLMATCHINGLOW,bull,atr_high,2.25,19,10,9,52.6,46.5,0.54,N,-3.15,-0.209,0.42,5.3
CDLMATCHINGLOW,bull,atr_high,2.5,19,10,9,52.6,55.3,-0.23,N,-3.36,-0.223,0.4,5.3
CDLMATCHINGLOW,bull,atr_high,2.75,19,10,9,52.6,46.9,0.5,N,-3.56,-0.236,0.39,5.3
CDLMATCHINGLOW,bull,atr_high,3.0,19,10,9,52.6,43.9,0.77,N,-3.76,-0.249,0.37,5.3
CDLHARAMI,bull,rsi_mid_oversold,0.5,74,24,50,32.4,29.8,0.49,N,-0.01,0.034,1.0,62.2
CDLHARAMI,bull,rsi_mid_oversold,0.75,74,27,47,36.5,38.3,-0.32,N,-0.01,0.012,1.0,45.9
CDLHARAMI,bull,rsi_mid_oversold,1.0,74,30,44,40.5,40.7,-0.02,N,-0.12,0.003,0.97,37.8
CDLHARAMI,bull,rsi_mid_oversold,1.25,74,34,40,45.9,44.8,0.19,N,0.7,0.083,1.18,21.6
CDLHARAMI,bull,rsi_mid_oversold,1.5,74,35,39,47.3,43.0,0.74,N,0.58,0.072,1.14,18.9
CDLHARAMI,bull,rsi_mid_oversold,1.75,74,36,38,48.6,50.5,-0.31,N,0.55,0.075,1.13,13.5
CDLHARAMI,bull,rsi_mid_oversold,2.0,74,37,37,50.0,49.7,0.06,N,0.77,0.093,1.18,10.8
CDLHARAMI,bull,rsi_mid_oversold,2.25,74,37,37,50.0,50.9,-0.16,N,0.55,0.073,1.12,9.5
CDLHARAMI,bull,rsi_mid_oversold,2.5,74,37,37,50.0,51.8,-0.31,N,0.3,0.05,1.06,9.5
CDLHARAMI,bull,rsi_mid_oversold,2.75,74,37,37,50.0,49.3,0.12,N,0.12,0.033,1.02,8.1
CDLHARAMI,bull,rsi_mid_oversold,3.0,74,37,37,50.0,53.0,-0.52,N,-0.09,0.012,0.98,8.1
CDLLONGLEGGEDDOJI,bull,trend_up,0.5,249,93,156,37.3,35.5,0.62,N,-0.31,-0.024,0.89,56.6
CDLLONGLEGGEDDOJI,bull,trend_up,0.75,249,109,140,43.8,43.2,0.19,N,-0.14,-0.01,0.96,38.2
CDLLONGLEGGEDDOJI,bull,trend_up,1.0,249,119,130,47.8,47.1,0.23,N,0.08,0.015,1.02,24.5
CDLLONGLEGGEDDOJI,bull,trend_up,1.25,249,124,125,49.8,49.5,0.11,N,0.21,0.028,1.07,13.7
CDLLONGLEGGEDDOJI,bull,trend_up,1.5,249,124,125,49.8,48.5,0.42,N,0.09,0.015,1.03,10.0
CDLLONGLEGGEDDOJI,bull,trend_up,1.75,249,125,124,50.2,47.9,0.74,N,0.1,0.021,1.03,5.6
CDLLONGLEGGEDDOJI,bull,trend_up,2.0,249,125,124,50.2,50.0,0.06,N,0.16,0.026,1.05,3.6
CDLLONGLEGGEDDOJI,bull,trend_up,2.25,249,125,124,50.2,50.2,0.0,N,0.15,0.025,1.05,2.4
CDLLONGLEGGEDDOJI,bull,trend_up,2.5,249,125,124,50.2,48.4,0.57,N,0.13,0.023,1.04,1.6
CDLLONGLEGGEDDOJI,bull,trend_up,2.75,249,125,124,50.2,50.7,-0.16,N,0.13,0.024,1.04,0.8
CDLLONGLEGGEDDOJI,bull,trend_up,3.0,249,125,124,50.2,50.0,0.06,N,0.16,0.027,1.05,0.4
CDLTAKURI,bull,atr_low,0.5,37,14,23,37.8,36.7,0.14,N,-0.01,-0.004,0.99,59.5
CDLTAKURI,bull,atr_low,0.75,37,18,19,48.6,47.5,0.14,N,0.31,0.025,1.13,35.1
CDLTAKURI,bull,atr_low,1.0,37,19,18,51.4,47.5,0.47,N,0.67,0.067,1.26,21.6
CDLTAKURI,bull,atr_low,1.25,37,20,17,54.1,49.8,0.52,N,0.78,0.07,1.32,13.5
CDLTAKURI,bull,atr_low,1.5,37,20,17,54.1,56.1,-0.25,N,0.73,0.059,1.29,8.1
CDLTAKURI,bull,atr_low,1.75,37,20,17,54.1,48.0,0.74,N,0.58,0.039,1.22,8.1
CDLTAKURI,bull,atr_low,2.0,37,20,17,54.1,49.3,0.58,N,0.62,0.043,1.24,5.4
CDLTAKURI,bull,atr_low,2.25,37,20,17,54.1,50.7,0.41,N,0.53,0.03,1.19,5.4
CDLTAKURI,bull,atr_low,2.5,37,20,17,54.1,48.4,0.69,N,0.88,0.08,1.37,0.0
CDLTAKURI,bull,atr_low,2.75,37,20,17,54.1,52.7,0.16,N,0.88,0.08,1.37,0.0
CDLTAKURI,bull,atr_low,3.0,37,20,17,54.1,48.4,0.69,N,0.88,0.08,1.37,0.0
CDLDRAGONFLYDOJI,bull,none,0.5,51,16,35,31.4,35.3,-0.59,N,-1.01,-0.081,0.68,64.7
CDLDRAGONFLYDOJI,bull,none,0.75,51,22,29,43.1,40.4,0.4,N,-0.69,-0.054,0.79,39.2
CDLDRAGONFLYDOJI,bull,none,1.0,51,24,27,47.1,46.2,0.12,N,-0.44,-0.022,0.87,23.5
CDLDRAGONFLYDOJI,bull,none,1.25,51,26,25,51.0,49.8,0.16,N,0.12,0.017,1.04,11.8
CDLDRAGONFLYDOJI,bull,none,1.5,51,26,25,51.0,48.7,0.33,N,0.09,0.01,1.03,5.9
CDLDRAGONFLYDOJI,bull,none,1.75,51,26,25,51.0,47.5,0.49,N,-0.01,-0.004,1.0,5.9
CDLDRAGONFLYDOJI,bull,none,2.0,51,26,25,51.0,53.1,-0.3,N,0.01,-0.002,1.0,3.9
CDLDRAGONFLYDOJI,bull,none,2.25,51,26,25,51.0,51.8,-0.12,N,-0.05,-0.011,0.98,3.9
CDLDRAGONFLYDOJI,bull,none,2.5,51,26,25,51.0,48.2,0.4,N,0.2,0.025,1.07,0.0
CDLDRAGONFLYDOJI,bull,none,2.75,51,26,25,51.0,45.9,0.73,N,0.2,0.025,1.07,0.0
CDLDRAGONFLYDOJI,bull,none,3.0,51,26,25,51.0,47.7,0.47,N,0.2,0.025,1.07,0.0
CDLHAMMER,bull,atr_high,0.5,29,11,18,37.9,37.1,0.1,N,0.53,-0.007,1.15,62.1
CDLHAMMER,bull,atr_high,0.75,29,11,18,37.9,38.2,-0.03,N,-1.14,-0.153,0.78,58.6
CDLHAMMER,bull,atr_high,1.0,29,12,17,41.4,44.8,-0.37,N,-1.32,-0.18,0.77,48.3
CDLHAMMER,bull,atr_high,1.25,29,14,15,48.3,43.7,0.5,N,-1.03,-0.14,0.82,31.0
CDLHAMMER,bull,atr_high,1.5,29,14,15,48.3,46.6,0.19,N,-1.29,-0.163,0.78,24.1
CDLHAMMER,bull,atr_high,1.75,29,14,15,48.3,48.3,0.0,N,-1.52,-0.182,0.75,20.7
CDLHAMMER,bull,atr_high,2.0,29,15,14,51.7,47.4,0.46,N,-0.75,-0.104,0.87,13.8
CDLHAMMER,bull,atr_high,2.25,29,15,14,51.7,48.0,0.4,N,-0.92,-0.116,0.84,10.3
CDLHAMMER,bull,atr_high,2.5,29,15,14,51.7,47.4,0.46,N,-0.82,-0.116,0.86,6.9
CDLHAMMER,bull,atr_high,2.75,29,15,14,51.7,50.6,0.12,N,-0.84,-0.116,0.86,3.4
CDLHAMMER,bull,atr_high,3.0,29,15,14,51.7,45.1,0.72,N,-0.93,-0.125,0.84,3.4
CDLDRAGONFLYDOJI,bull,atr_low,0.5,38,14,24,36.8,36.2,0.08,N,-0.15,-0.017,0.94,60.5
CDLDRAGONFLYDOJI,bull,atr_low,0.75,38,18,20,47.4,48.7,-0.16,N,0.1,0.004,1.04,36.8
CDLDRAGONFLYDOJI,bull,atr_low,1.0,38,19,19,50.0,48.9,0.14,N,0.38,0.039,1.14,23.7
CDLDRAGONFLYDOJI,bull,atr_low,1.25,38,20,18,52.6,50.4,0.27,N,0.42,0.035,1.15,15.8
CDLDRAGONFLYDOJI,bull,atr_low,1.5,38,20,18,52.6,49.8,0.35,N,0.38,0.026,1.14,7.9
CDLDRAGONFLYDOJI,bull,atr_low,1.75,38,20,18,52.6,53.1,-0.05,N,0.24,0.006,1.08,7.9
CDLDRAGONFLYDOJI,bull,atr_low,2.0,38,20,18,52.6,51.1,0.19,N,0.28,0.01,1.1,5.3
CDLDRAGONFLYDOJI,bull,atr_low,2.25,38,20,18,52.6,51.8,0.11,N,0.19,-0.003,1.06,5.3
CDLDRAGONFLYDOJI,bull,atr_low,2.5,38,20,18,52.6,47.4,0.65,N,0.53,0.046,1.2,0.0
CDLDRAGONFLYDOJI,bull,atr_low,2.75,38,20,18,52.6,50.4,0.27,N,0.53,0.046,1.2,0.0
CDLDRAGONFLYDOJI,bull,atr_low,3.0,38,20,18,52.6,50.7,0.24,N,0.53,0.046,1.2,0.0
CDLSHORTLINE,bull,trend_down,0.5,347,128,219,36.9,36.3,0.22,N,-0.09,0.004,0.97,57.1
CDLSHORTLINE,bull,trend_down,0.75,347,153,194,44.1,44.1,0.01,N,-0.14,-0.007,0.96,41.8
CDLSHORTLINE,bull,trend_down,1.0,347,164,183,47.3,48.5,-0.45,N,-0.23,-0.008,0.94,29.1
CDLSHORTLINE,bull,trend_down,1.25,347,169,178,48.7,48.7,0.0,N,-0.2,-0.006,0.95,18.2
CDLSHORTLINE,bull,trend_down,1.5,347,170,177,49.0,48.3,0.25,N,-0.18,0.002,0.95,11.5
CDLSHORTLINE,bull,trend_down,1.75,347,170,177,49.0,48.9,0.04,N,-0.27,-0.009,0.93,8.6
CDLSHORTLINE,bull,trend_down,2.0,347,171,176,49.3,48.1,0.44,N,-0.37,-0.016,0.91,6.6
CDLSHORTLINE,bull,trend_down,2.25,347,171,176,49.3,49.3,-0.02,N,-0.51,-0.027,0.88,6.1
CDLSHORTLINE,bull,trend_down,2.5,347,171,176,49.3,47.5,0.65,N,-0.65,-0.039,0.85,5.8
CDLSHORTLINE,bull,trend_down,2.75,347,171,176,49.3,50.0,-0.29,N,-0.67,-0.037,0.85,3.7
CDLSHORTLINE,bull,trend_down,3.0,347,171,176,49.3,47.7,0.59,N,-0.78,-0.046,0.82,3.7
CDLHIKKAKE,bull,trend_down,0.5,266,91,175,34.2,33.1,0.4,N,0.21,0.005,1.07,58.6
CDLHIKKAKE,bull,trend_down,0.75,266,114,152,42.9,42.0,0.27,N,0.05,-0.009,1.01,46.2
CDLHIKKAKE,bull,trend_down,1.0,266,125,141,47.0,45.1,0.61,N,0.09,-0.0,1.02,31.2
CDLHIKKAKE,bull,trend_down,1.25,266,130,136,48.9,47.3,0.52,N,0.1,0.001,1.02,21.4
CDLHIKKAKE,bull,trend_down,1.5,266,133,133,50.0,48.4,0.51,N,0.26,0.015,1.07,13.9
CDLHIKKAKE,bull,trend_down,1.75,266,133,133,50.0,49.1,0.31,N,0.04,-0.005,1.01,11.3
CDLHIKKAKE,bull,trend_down,2.0,266,133,133,50.0,49.3,0.21,N,0.12,0.001,1.03,7.1
CDLHIKKAKE,bull,trend_down,2.25,266,134,132,50.4,50.1,0.09,N,0.08,-0.003,1.02,6.0
CDLHIKKAKE,bull,trend_down,2.5,266,134,132,50.4,49.7,0.24,N,-0.03,-0.015,0.99,5.3
CDLHIKKAKE,bull,trend_down,2.75,266,134,132,50.4,50.6,-0.06,N,-0.15,-0.028,0.97,5.3
CDLHIKKAKE,bull,trend_down,3.0,266,134,132,50.4,50.6,-0.06,N,0.02,-0.01,1.01,3.0
CDLTAKURI,bull,none,0.5,50,16,34,32.0,34.7,-0.4,N,-0.93,-0.072,0.71,64.0
CDLTAKURI,bull,none,0.75,50,22,28,44.0,45.3,-0.19,N,-0.55,-0.041,0.83,38.0
CDLTAKURI,bull,none,1.0,50,24,26,48.0,49.7,-0.24,N,-0.25,-0.002,0.92,22.0
CDLTAKURI,bull,none,1.25,50,26,24,52.0,49.7,0.33,N,0.38,0.043,1.13,10.0
CDLTAKURI,bull,none,1.5,50,26,24,52.0,48.5,0.5,N,0.34,0.035,1.12,6.0
CDLTAKURI,bull,none,1.75,50,26,24,52.0,47.7,0.61,N,0.24,0.02,1.08,6.0
CDLTAKURI,bull,none,2.0,50,26,24,52.0,50.3,0.24,N,0.26,0.023,1.09,4.0
CDLTAKURI,bull,none,2.25,50,26,24,52.0,53.3,-0.19,N,0.19,0.013,1.06,4.0
CDLTAKURI,bull,none,2.5,50,26,24,52.0,50.8,0.17,N,0.45,0.05,1.16,0.0
CDLTAKURI,bull,none,2.75,50,26,24,52.0,54.0,-0.28,N,0.45,0.05,1.16,0.0
CDLTAKURI,bull,none,3.0,50,26,24,52.0,50.8,0.17,N,0.45,0.05,1.16,0.0
CDLBELTHOLD,bull,rsi_mid_oversold,0.5,90,35,55,38.9,35.9,0.59,N,-0.07,0.013,0.98,57.8
CDLBELTHOLD,bull,rsi_mid_oversold,0.75,90,39,51,43.3,43.4,-0.02,N,-0.56,-0.034,0.85,44.4
CDLBELTHOLD,bull,rsi_mid_oversold,1.0,90,40,50,44.4,44.7,-0.05,N,-1.29,-0.101,0.72,37.8
CDLBELTHOLD,bull,rsi_mid_oversold,1.25,90,42,48,46.7,47.6,-0.18,N,-1.63,-0.139,0.68,31.1
CDLBELTHOLD,bull,rsi_mid_oversold,1.5,90,42,48,46.7,46.9,-0.04,N,-1.93,-0.165,0.64,23.3
CDLBELTHOLD,bull,rsi_mid_oversold,1.75,90,42,48,46.7,50.3,-0.69,N,-1.77,-0.16,0.66,15.6
CDLBELTHOLD,bull,rsi_mid_oversold,2.0,90,43,47,47.8,49.8,-0.39,N,-1.79,-0.155,0.66,12.2
CDLBELTHOLD,bull,rsi_mid_oversold,2.25,90,44,46,48.9,52.4,-0.67,N,-1.58,-0.129,0.7,8.9
CDLBELTHOLD,bull,rsi_mid_oversold,2.5,90,44,46,48.9,47.9,0.19,N,-1.45,-0.124,0.72,6.7
CDLBELTHOLD,bull,rsi_mid_oversold,2.75,90,44,46,48.9,48.6,0.05,N,-1.48,-0.125,0.71,5.6
CDLBELTHOLD,bull,rsi_mid_oversold,3.0,90,44,46,48.9,48.1,0.14,N,-1.17,-0.107,0.76,4.4
CDLHANGINGMAN,bear,none,0.5,29,12,17,41.4,36.2,0.58,N,0.07,0.04,1.02,51.7
CDLHANGINGMAN,bear,none,0.75,29,13,16,44.8,39.9,0.54,N,-0.59,-0.021,0.83,37.9
CDLHANGINGMAN,bear,none,1.0,29,13,16,44.8,40.5,0.47,N,-1.11,-0.073,0.73,31.0
CDLHANGINGMAN,bear,none,1.25,29,14,15,48.3,47.4,0.09,N,-1.25,-0.082,0.71,20.7
CDLHANGINGMAN,bear,none,1.5,29,15,14,51.7,52.6,-0.09,N,-0.81,-0.019,0.79,10.3
CDLHANGINGMAN,bear,none,1.75,29,15,14,51.7,50.9,0.09,N,-1.09,-0.044,0.74,10.3
CDLHANGINGMAN,bear,none,2.0,29,15,14,51.7,47.4,0.46,N,-1.0,-0.039,0.76,3.4
CDLHANGINGMAN,bear,none,2.25,29,15,14,51.7,50.9,0.09,N,-1.06,-0.048,0.75,3.4
CDLHANGINGMAN,bear,none,2.5,29,15,14,51.7,52.6,-0.09,N,-1.12,-0.057,0.73,3.4
CDLHANGINGMAN,bear,none,2.75,29,15,14,51.7,48.0,0.4,N,-1.18,-0.065,0.72,3.4
CDLHANGINGMAN,bear,none,3.0,29,15,14,51.7,50.9,0.09,N,-1.25,-0.074,0.71,3.4
CDL3LINESTRIKE,bull,none,0.5,21,7,14,33.3,27.8,0.57,N,0.14,0.004,1.05,57.1
CDL3LINESTRIKE,bull,none,0.75,21,7,14,33.3,49.2,-1.45,N,-1.14,-0.139,0.71,57.1
CDL3LINESTRIKE,bull,none,1.0,21,8,13,38.1,42.5,-0.4,N,-0.69,-0.092,0.83,38.1
CDL3LINESTRIKE,bull,none,1.25,21,8,13,38.1,44.4,-0.59,N,-0.47,-0.061,0.87,23.8
CDL3LINESTRIKE,bull,none,1.5,21,8,13,38.1,46.4,-0.77,N,-0.86,-0.106,0.79,14.3
CDL3LINESTRIKE,bull,none,1.75,21,9,12,42.9,46.8,-0.36,N,-0.23,-0.034,0.94,4.8
CDL3LINESTRIKE,bull,none,2.0,21,9,12,42.9,51.6,-0.8,N,-0.33,-0.046,0.91,4.8
CDL3LINESTRIKE,bull,none,2.25,21,9,12,42.9,51.6,-0.8,N,-0.43,-0.057,0.89,4.8
CDL3LINESTRIKE,bull,none,2.5,21,9,12,42.9,47.2,-0.4,N,-0.53,-0.069,0.87,4.8
CDL3LINESTRIKE,bull,none,2.75,21,9,12,42.9,46.4,-0.33,N,-0.64,-0.081,0.84,4.8
CDL3LINESTRIKE,bull,none,3.0,21,9,12,42.9,49.6,-0.62,N,-0.74,-0.093,0.82,4.8
CDLHAMMER,bull,none,0.5,98,29,69,29.6,35.4,-1.2,N,0.08,-0.044,1.02,65.3
CDLHAMMER,bull,none,0.75,98,38,60,38.8,44.7,-1.19,N,-0.51,-0.098,0.87,51.0
CDLHAMMER,bull,none,1.0,98,42,56,42.9,46.1,-0.64,N,-0.57,-0.112,0.87,36.7
CDLHAMMER,bull,none,1.25,98,45,53,45.9,46.7,-0.15,N,-0.56,-0.113,0.87,26.5
CDLHAMMER,bull,none,1.5,98,46,52,46.9,48.6,-0.34,N,-0.83,-0.133,0.82,22.4
CDLHAMMER,bull,none,1.75,98,46,52,46.9,48.0,-0.2,N,-0.9,-0.146,0.81,18.4
CDLHAMMER,bull,none,2.0,98,47,51,48.0,49.3,-0.27,N,-0.68,-0.126,0.85,12.2
CDLHAMMER,bull,none,2.25,98,48,50,49.0,51.4,-0.49,N,-0.45,-0.095,0.9,8.2
CDLHAMMER,bull,none,2.5,98,48,50,49.0,49.1,-0.02,N,-0.44,-0.094,0.9,5.1
CDLHAMMER,bull,none,2.75,98,48,50,49.0,46.2,0.56,N,-0.52,-0.102,0.89,4.1
CDLHAMMER,bull,none,3.0,98,48,50,49.0,48.5,0.1,N,-0.2,-0.075,0.95,2.0
CDLHIGHWAVE,bear,rsi_mid_overbought,0.5,85,24,61,28.2,33.0,-0.94,N,-1.37,-0.126,0.6,68.2
CDLHIGHWAVE,bear,rsi_mid_overbought,0.75,85,34,51,40.0,41.5,-0.28,N,-0.65,-0.085,0.8,42.4
CDLHIGHWAVE,bear,rsi_mid_overbought,1.0,85,39,46,45.9,45.3,0.11,N,-0.2,-0.044,0.93,25.9
CDLHIGHWAVE,bear,rsi_mid_overbought,1.25,85,42,43,49.4,47.8,0.29,N,0.24,-0.007,1.09,16.5
CDLHIGHWAVE,bear,rsi_mid_overbought,1.5,85,42,43,49.4,46.7,0.51,N,0.18,-0.017,1.06,12.9
CDLHIGHWAVE,bear,rsi_mid_overbought,1.75,85,42,43,49.4,47.7,0.31,N,0.08,-0.032,1.03,9.4
CDLHIGHWAVE,bear,rsi_mid_overbought,2.0,85,42,43,49.4,46.6,0.53,N,-0.06,-0.051,0.98,8.2
CDLHIGHWAVE,bear,rsi_mid_overbought,2.25,85,42,43,49.4,48.9,0.09,N,-0.16,-0.063,0.95,5.9
CDLHIGHWAVE,bear,rsi_mid_overbought,2.5,85,42,43,49.4,47.6,0.33,N,-0.23,-0.073,0.93,3.5
CDLHIGHWAVE,bear,rsi_mid_overbought,2.75,85,42,43,49.4,50.3,-0.16,N,-0.3,-0.082,0.91,3.5
CDLHIGHWAVE,bear,rsi_mid_overbought,3.0,85,42,43,49.4,46.7,0.51,N,-0.36,-0.091,0.89,3.5
CDL3OUTSIDE,bear,trend_up,0.5,89,30,59,33.7,32.6,0.23,N,-0.05,-0.009,0.99,62.9
CDL3OUTSIDE,bear,trend_up,0.75,89,37,52,41.6,39.0,0.51,N,-0.01,0.01,1.0,48.3
CDL3OUTSIDE,bear,trend_up,1.0,89,42,47,47.2,46.2,0.19,N,0.38,0.049,1.1,30.3
CDL3OUTSIDE,bear,trend_up,1.25,89,42,47,47.2,45.7,0.28,N,0.04,0.014,1.01,22.5
CDL3OUTSIDE,bear,trend_up,1.5,89,43,46,48.3,46.4,0.35,N,-0.17,0.002,0.96,19.1
CDL3OUTSIDE,bear,trend_up,1.75,89,43,46,48.3,51.7,-0.64,N,-0.55,-0.034,0.89,14.6
CDL3OUTSIDE,bear,trend_up,2.0,89,43,46,48.3,46.5,0.34,N,-0.37,-0.027,0.92,10.1
CDL3OUTSIDE,bear,trend_up,2.25,89,43,46,48.3,49.3,-0.18,N,-0.42,-0.033,0.91,7.9
CDL3OUTSIDE,bear,trend_up,2.5,89,43,46,48.3,49.5,-0.23,N,-0.61,-0.052,0.88,7.9
CDL3OUTSIDE,bear,trend_up,2.75,89,43,46,48.3,48.4,-0.02,N,-0.77,-0.068,0.85,6.7
CDL3OUTSIDE,bear,trend_up,3.0,89,43,46,48.3,50.8,-0.48,N,-0.75,-0.067,0.85,3.4
CDLRICKSHAWMAN,bull,none,0.5,392,140,252,35.7,34.9,0.34,N,-0.37,-0.033,0.88,59.2
CDLRICKSHAWMAN,bull,none,0.75,392,165,227,42.1,40.8,0.51,N,-0.52,-0.046,0.86,44.6
CDLRICKSHAWMAN,bull,none,1.0,392,180,212,45.9,46.3,-0.14,N,-0.36,-0.028,0.91,29.3
CDLRICKSHAWMAN,bull,none,1.25,392,185,207,47.2,46.9,0.11,N,-0.39,-0.031,0.9,19.6
CDLRICKSHAWMAN,bull,none,1.5,392,187,205,47.7,48.1,-0.16,N,-0.4,-0.038,0.9,13.0
CDLRICKSHAWMAN,bull,none,1.75,392,190,202,48.5,48.6,-0.03,N,-0.35,-0.03,0.91,8.9
CDLRICKSHAWMAN,bull,none,2.0,392,190,202,48.5,48.9,-0.18,N,-0.31,-0.03,0.92,6.6
CDLRICKSHAWMAN,bull,none,2.25,392,191,201,48.7,50.3,-0.61,N,-0.27,-0.025,0.93,4.6
CDLRICKSHAWMAN,bull,none,2.5,392,191,201,48.7,49.4,-0.29,N,-0.29,-0.028,0.92,3.6
CDLRICKSHAWMAN,bull,none,2.75,392,191,201,48.7,49.8,-0.43,N,-0.31,-0.03,0.92,2.6
CDLRICKSHAWMAN,bull,none,3.0,392,191,201,48.7,49.5,-0.31,N,-0.31,-0.029,0.92,2.0
CDLBELTHOLD,bear,rsi_oversold,0.5,40,9,31,22.5,29.8,-1.01,N,-1.4,-0.119,0.67,75.0
CDLBELTHOLD,bear,rsi_oversold,0.75,40,12,28,30.0,40.8,-1.39,N,-2.18,-0.198,0.57,57.5
CDLBELTHOLD,bear,rsi_oversold,1.0,40,15,25,37.5,38.8,-0.16,N,-1.57,-0.149,0.71,45.0
CDLBELTHOLD,bear,rsi_oversold,1.25,40,18,22,45.0,42.1,0.37,N,-0.38,-0.006,0.93,30.0
CDLBELTHOLD,bear,rsi_oversold,1.5,40,19,21,47.5,43.8,0.48,N,-0.4,-0.01,0.93,22.5
CDLBELTHOLD,bear,rsi_oversold,1.75,40,19,21,47.5,48.3,-0.11,N,-1.02,-0.066,0.83,22.5
CDLBELTHOLD,bear,rsi_oversold,2.0,40,20,20,50.0,51.5,-0.18,N,-0.24,0.002,0.96,15.0
CDLBELTHOLD,bear,rsi_oversold,2.25,40,20,20,50.0,51.0,-0.13,N,0.19,0.047,1.04,7.5
CDLBELTHOLD,bear,rsi_oversold,2.5,40,20,20,50.0,51.0,-0.13,N,0.25,0.05,1.05,2.5
CDLBELTHOLD,bear,rsi_oversold,2.75,40,20,20,50.0,51.0,-0.13,N,0.2,0.044,1.04,2.5
CDLBELTHOLD,bear,rsi_oversold,3.0,40,20,20,50.0,47.3,0.34,N,0.15,0.037,1.03,2.5
CDLHARAMICROSS,bear,trend_up,0.5,39,14,25,35.9,34.6,0.17,N,0.41,0.002,1.15,56.4
CDLHARAMICROSS,bear,trend_up,0.75,39,15,24,38.5,46.2,-0.96,N,-0.24,-0.067,0.93,43.6
CDLHARAMICROSS,bear,trend_up,1.0,39,18,21,46.2,42.7,0.43,N,1.23,0.085,1.49,17.9
CDLHARAMICROSS,bear,trend_up,1.25,39,19,20,48.7,49.1,-0.05,N,1.5,0.119,1.65,7.7
CDLHARAMICROSS,bear,trend_up,1.5,39,19,20,48.7,44.9,0.48,N,1.47,0.114,1.62,5.1
CDLHARAMICROSS,bear,trend_up,1.75,39,19,20,48.7,51.1,-0.29,N,1.37,0.101,1.56,5.1
CDLHARAMICROSS,bear,trend_up,2.0,39,19,20,48.7,51.7,-0.37,N,1.53,0.124,1.67,2.6
CDLHARAMICROSS,bear,trend_up,2.25,39,19,20,48.7,51.1,-0.29,N,1.48,0.118,1.63,2.6
CDLHARAMICROSS,bear,trend_up,2.5,39,19,20,48.7,51.3,-0.32,N,1.43,0.111,1.6,2.6
CDLHARAMICROSS,bear,trend_up,2.75,39,19,20,48.7,48.7,0.0,N,1.38,0.105,1.57,2.6
CDLHARAMICROSS,bear,trend_up,3.0,39,19,20,48.7,49.4,-0.08,N,1.33,0.098,1.54,2.6
CDLTHRUSTING,bull,none,0.5,10,2,8,20.0,16.7,0.28,N,-1.49,-0.153,0.62,80.0
CDLTHRUSTING,bull,none,0.75,10,2,8,20.0,36.7,-1.09,N,-2.48,-0.274,0.49,60.0
CDLTHRUSTING,bull,none,1.0,10,3,7,30.0,36.7,-0.44,N,-0.87,-0.144,0.77,30.0
CDLTHRUSTING,bull,none,1.25,10,3,7,30.0,34.2,-0.28,N,-1.18,-0.184,0.71,20.0
CDLTHRUSTING,bull,none,1.5,10,4,6,40.0,38.3,0.11,N,-0.19,-0.04,0.94,10.0
CDLTHRUSTING,bull,none,1.75,10,5,5,50.0,50.0,0.0,N,1.06,0.112,1.48,0.0
CDLTHRUSTING,bull,none,2.0,10,5,5,50.0,48.3,0.11,N,1.06,0.112,1.48,0.0
CDLTHRUSTING,bull,none,2.25,10,5,5,50.0,42.5,0.48,N,1.06,0.112,1.48,0.0
CDLTHRUSTING,bull,none,2.5,10,5,5,50.0,48.3,0.11,N,1.06,0.112,1.48,0.0
CDLTHRUSTING,bull,none,2.75,10,5,5,50.0,46.7,0.21,N,1.06,0.112,1.48,0.0
CDLTHRUSTING,bull,none,3.0,10,5,5,50.0,48.3,0.11,N,1.06,0.112,1.48,0.0
CDLHANGINGMAN,bear,trend_down,0.5,11,5,6,45.5,39.4,0.41,N,1.46,0.206,1.57,36.4
CDLHANGINGMAN,bear,trend_down,0.75,11,5,6,45.5,38.6,0.46,N,0.59,0.13,1.17,27.3
CDLHANGINGMAN,bear,trend_down,1.0,11,5,6,45.5,39.4,0.41,N,-0.15,0.062,0.96,27.3
CDLHANGINGMAN,bear,trend_down,1.25,11,5,6,45.5,50.8,-0.35,N,-0.5,0.024,0.89,18.2
CDLHANGINGMAN,bear,trend_down,1.5,11,5,6,45.5,49.2,-0.25,N,-0.95,-0.022,0.81,18.2
CDLHANGINGMAN,bear,trend_down,1.75,11,5,6,45.5,44.7,0.05,N,-1.39,-0.067,0.74,18.2
CDLHANGINGMAN,bear,trend_down,2.0,11,5,6,45.5,45.5,0.0,N,-0.86,-0.033,0.82,9.1
CDLHANGINGMAN,bear,trend_down,2.25,11,5,6,45.5,55.3,-0.66,N,-1.03,-0.056,0.8,9.1
CDLHANGINGMAN,bear,trend_down,2.5,11,5,6,45.5,55.3,-0.66,N,-1.19,-0.079,0.77,9.1
CDLHANGINGMAN,bear,trend_down,2.75,11,5,6,45.5,47.0,-0.1,N,-1.36,-0.102,0.75,9.1
CDLHANGINGMAN,bear,trend_down,3.0,11,5,6,45.5,50.8,-0.35,N,-1.52,-0.124,0.72,9.1
CDLSHORTLINE,bull,none,0.5,629,228,401,36.2,35.4,0.44,N,-0.04,0.003,0.99,56.3
CDLSHORTLINE,bull,none,0.75,629,278,351,44.2,43.8,0.18,N,0.06,0.006,1.02,39.6
CDLSHORTLINE,bull,none,1.0,629,299,330,47.5,47.0,0.29,N,0.06,0.011,1.02,26.4
CDLSHORTLINE,bull,none,1.25,629,306,323,48.6,48.8,-0.05,N,0.07,0.012,1.02,17.3
CDLSHORTLINE,bull,none,1.5,629,308,321,49.0,48.6,0.16,N,0.09,0.016,1.02,11.6
CDLSHORTLINE,bull,none,1.75,629,310,319,49.3,48.7,0.31,N,0.01,0.008,1.0,8.3
CDLSHORTLINE,bull,none,2.0,629,312,317,49.6,50.0,-0.18,N,0.02,0.013,1.01,5.2
CDLSHORTLINE,bull,none,2.25,629,312,317,49.6,49.5,0.05,N,-0.06,0.005,0.98,4.5
CDLSHORTLINE,bull,none,2.5,629,312,317,49.6,49.4,0.08,N,-0.14,-0.002,0.96,3.8
CDLSHORTLINE,bull,none,2.75,629,312,317,49.6,48.8,0.41,N,-0.17,-0.003,0.96,2.7
CDLSHORTLINE,bull,none,3.0,629,312,317,49.6,50.1,-0.25,N,-0.25,-0.009,0.94,2.7
CDLDRAGONFLYDOJI,bull,trend_down,0.5,23,6,17,26.1,31.2,-0.53,N,-0.18,-0.001,0.95,73.9
CDLDRAGONFLYDOJI,bull,trend_down,0.75,23,10,13,43.5,40.9,0.25,N,-0.06,0.026,0.98,47.8
CDLDRAGONFLYDOJI,bull,trend_down,1.0,23,11,12,47.8,44.6,0.31,N,-0.22,0.01,0.95,34.8
CDLDRAGONFLYDOJI,bull,trend_down,1.25,23,12,11,52.2,47.8,0.42,N,0.54,0.049,1.14,21.7
CDLDRAGONFLYDOJI,bull,trend_down,1.5,23,12,11,52.2,50.0,0.21,N,0.54,0.043,1.14,13.0
CDLDRAGONFLYDOJI,bull,trend_down,1.75,23,12,11,52.2,49.3,0.28,N,0.31,0.01,1.08,13.0
CDLDRAGONFLYDOJI,bull,trend_down,2.0,23,12,11,52.2,51.1,0.1,N,0.37,0.017,1.09,8.7
CDLDRAGONFLYDOJI,bull,trend_down,2.25,23,12,11,52.2,50.0,0.21,N,0.22,-0.005,1.05,8.7
CDLDRAGONFLYDOJI,bull,trend_down,2.5,23,12,11,52.2,54.3,-0.21,N,0.78,0.076,1.21,0.0
CDLDRAGONFLYDOJI,bull,trend_down,2.75,23,12,11,52.2,49.6,0.24,N,0.78,0.076,1.21,0.0
CDLDRAGONFLYDOJI,bull,trend_down,3.0,23,12,11,52.2,48.9,0.31,N,0.78,0.076,1.21,0.0
CDLSHORTLINE,bull,rsi_mid_oversold,0.5,161,63,98,39.1,38.3,0.23,N,-0.11,-0.013,0.96,55.9
CDLSHORTLINE,bull,rsi_mid_oversold,0.75,161,73,88,45.3,44.8,0.15,N,-0.09,-0.024,0.97,41.6
CDLSHORTLINE,bull,rsi_mid_oversold,1.0,161,77,84,47.8,50.4,-0.64,N,-0.18,-0.026,0.95,29.8
CDLSHORTLINE,bull,rsi_mid_oversold,1.25,161,79,82,49.1,48.7,0.11,N,-0.11,-0.023,0.97,19.3
CDLSHORTLINE,bull,rsi_mid_oversold,1.5,161,79,82,49.1,47.5,0.41,N,-0.06,-0.017,0.98,13.0
CDLSHORTLINE,bull,rsi_mid_oversold,1.75,161,80,81,49.7,50.4,-0.18,N,-0.05,-0.018,0.99,8.7
CDLSHORTLINE,bull,rsi_mid_oversold,2.0,161,80,81,49.7,49.4,0.07,N,-0.14,-0.026,0.96,6.2
CDLSHORTLINE,bull,rsi_mid_oversold,2.25,161,80,81,49.7,52.8,-0.8,N,-0.21,-0.034,0.95,5.0
CDLSHORTLINE,bull,rsi_mid_oversold,2.5,161,80,81,49.7,49.5,0.04,N,-0.26,-0.039,0.93,4.3
CDLSHORTLINE,bull,rsi_mid_oversold,2.75,161,80,81,49.7,48.0,0.42,N,-0.26,-0.038,0.93,2.5
CDLSHORTLINE,bull,rsi_mid_oversold,3.0,161,80,81,49.7,50.9,-0.32,N,-0.32,-0.044,0.92,2.5
CDLDRAGONFLYDOJI,bull,trend_up,0.5,28,10,18,35.7,35.1,0.07,N,-1.69,-0.146,0.41,57.1
CDLDRAGONFLYDOJI,bull,trend_up,0.75,28,12,16,42.9,47.3,-0.47,N,-1.21,-0.12,0.56,32.1
CDLDRAGONFLYDOJI,bull,trend_up,1.0,28,13,15,46.4,49.4,-0.31,N,-0.63,-0.048,0.77,14.3
CDLDRAGONFLYDOJI,bull,trend_up,1.25,28,14,14,50.0,50.3,-0.03,N,-0.22,-0.009,0.91,3.6
CDLDRAGONFLYDOJI,bull,trend_up,1.5,28,14,14,50.0,50.0,0.0,N,-0.27,-0.016,0.89,0.0
CDLDRAGONFLYDOJI,bull,trend_up,1.75,28,14,14,50.0,50.0,0.0,N,-0.27,-0.016,0.89,0.0
CDLDRAGONFLYDOJI,bull,trend_up,2.0,28,14,14,50.0,55.7,-0.6,N,-0.27,-0.016,0.89,0.0
CDLDRAGONFLYDOJI,bull,trend_up,2.25,28,14,14,50.0,53.3,-0.35,N,-0.27,-0.016,0.89,0.0
CDLDRAGONFLYDOJI,bull,trend_up,2.5,28,14,14,50.0,50.0,-0.0,N,-0.27,-0.016,0.89,0.0
CDLDRAGONFLYDOJI,bull,trend_up,2.75,28,14,14,50.0,46.1,0.41,N,-0.27,-0.016,0.89,0.0
CDLDRAGONFLYDOJI,bull,trend_up,3.0,28,14,14,50.0,53.3,-0.35,N,-0.27,-0.016,0.89,0.0
CDLGRAVESTONEDOJI,bear,atr_high,0.5,17,8,9,47.1,42.2,0.41,N,1.54,0.144,1.51,47.1
CDLGRAVESTONEDOJI,bear,atr_high,0.75,17,8,9,47.1,43.1,0.33,N,1.28,0.104,1.39,29.4
CDLGRAVESTONEDOJI,bear,atr_high,1.0,17,8,9,47.1,48.0,-0.08,N,0.8,0.062,1.21,17.6
CDLGRAVESTONEDOJI,bear,atr_high,1.25,17,8,9,47.1,54.4,-0.61,N,0.28,0.018,1.07,17.6
CDLGRAVESTONEDOJI,bear,atr_high,1.5,17,8,9,47.1,50.0,-0.24,N,-0.13,-0.016,0.97,11.8
CDLGRAVESTONEDOJI,bear,atr_high,1.75,17,8,9,47.1,52.5,-0.45,N,-0.23,-0.028,0.95,5.9
CDLGRAVESTONEDOJI,bear,atr_high,2.0,17,8,9,47.1,49.5,-0.2,N,-0.37,-0.043,0.93,5.9
CDLGRAVESTONEDOJI,bear,atr_high,2.25,17,8,9,47.1,52.0,-0.4,N,-0.51,-0.058,0.9,5.9
CDLGRAVESTONEDOJI,bear,atr_high,2.5,17,8,9,47.1,46.1,0.08,N,-0.65,-0.072,0.88,5.9
CDLGRAVESTONEDOJI,bear,atr_high,2.75,17,8,9,47.1,48.0,-0.08,N,-0.79,-0.087,0.85,5.9
CDLGRAVESTONEDOJI,bear,atr_high,3.0,17,8,9,47.1,48.5,-0.12,N,-0.93,-0.102,0.83,5.9
CDLMATCHINGLOW,bull,atr_low,0.5,37,11,26,29.7,29.3,0.06,N,-1.15,-0.092,0.63,62.2
CDLMATCHINGLOW,bull,atr_low,0.75,37,16,21,43.2,44.6,-0.17,N,-0.15,0.034,0.95,37.8
CDLMATCHINGLOW,bull,atr_low,1.0,37,16,21,43.2,48.2,-0.6,N,-0.86,-0.043,0.78,35.1
CDLMATCHINGLOW,bull,atr_low,1.25,37,18,19,48.6,48.6,0.0,N,-0.06,0.045,0.98,18.9
CDLMATCHINGLOW,bull,atr_low,1.5,37,18,19,48.6,49.1,-0.05,N,-0.13,0.038,0.96,13.5
CDLMATCHINGLOW,bull,atr_low,1.75,37,18,19,48.6,45.5,0.39,N,-0.45,0.004,0.88,13.5
CDLMATCHINGLOW,bull,atr_low,2.0,37,18,19,48.6,45.3,0.41,N,-0.77,-0.03,0.82,13.5
CDLMATCHINGLOW,bull,atr_low,2.25,37,18,19,48.6,48.9,-0.03,N,-0.94,-0.045,0.78,10.8
CDLMATCHINGLOW,bull,atr_low,2.5,37,18,19,48.6,50.5,-0.22,N,-1.03,-0.059,0.77,8.1
CDLMATCHINGLOW,bull,atr_low,2.75,37,18,19,48.6,48.0,0.08,N,-0.96,-0.054,0.78,5.4
CDLMATCHINGLOW,bull,atr_low,3.0,37,18,19,48.6,50.2,-0.19,N,-0.96,-0.049,0.78,2.7
CDLMATCHINGLOW,bull,trend_up,0.5,21,7,14,33.3,33.7,-0.04,N,-0.72,0.011,0.78,52.4
CDLMATCHINGLOW,bull,trend_up,0.75,21,8,13,38.1,44.4,-0.59,N,0.01,0.126,1.0,28.6
CDLMATCHINGLOW,bull,trend_up,1.0,21,8,13,38.1,41.7,-0.33,N,-0.49,0.086,0.88,23.8
CDLMATCHINGLOW,bull,trend_up,1.25,21,9,12,42.9,48.4,-0.51,N,1.04,0.227,1.33,0.0
CDLMATCHINGLOW,bull,trend_up,1.5,21,9,12,42.9,44.8,-0.18,N,1.04,0.227,1.33,0.0
CDLMATCHINGLOW,bull,trend_up,1.75,21,9,12,42.9,54.8,-1.1,N,1.04,0.227,1.33,0.0
CDLMATCHINGLOW,bull,trend_up,2.0,21,9,12,42.9,48.4,-0.51,N,1.04,0.227,1.33,0.0
CDLMATCHINGLOW,bull,trend_up,2.25,21,9,12,42.9,50.8,-0.73,N,1.04,0.227,1.33,0.0
CDLMATCHINGLOW,bull,trend_up,2.5,21,9,12,42.9,48.4,-0.51,N,1.04,0.227,1.33,0.0
CDLMATCHINGLOW,bull,trend_up,2.75,21,9,12,42.9,44.8,-0.18,N,1.04,0.227,1.33,0.0
CDLMATCHINGLOW,bull,trend_up,3.0,21,9,12,42.9,38.5,0.41,N,1.04,0.227,1.33,0.0
CDLHIGHWAVE,bear,atr_high,0.5,116,38,78,32.8,31.9,0.2,N,-0.51,-0.063,0.87,60.3
CDLHIGHWAVE,bear,atr_high,0.75,116,47,69,40.5,42.8,-0.5,N,-0.71,-0.079,0.84,43.1
CDLHIGHWAVE,bear,atr_high,1.0,116,48,68,41.4,43.4,-0.44,N,-0.85,-0.098,0.82,29.3
CDLHIGHWAVE,bear,atr_high,1.25,116,52,64,44.8,45.0,-0.05,N,-0.64,-0.077,0.87,20.7
CDLHIGHWAVE,bear,atr_high,1.5,116,55,61,47.4,49.9,-0.54,N,-0.32,-0.052,0.93,14.7
CDLHIGHWAVE,bear,atr_high,1.75,116,55,61,47.4,48.3,-0.2,N,-0.38,-0.055,0.92,10.3
CDLHIGHWAVE,bear,atr_high,2.0,116,55,61,47.4,49.6,-0.46,N,-0.49,-0.064,0.9,7.8
CDLHIGHWAVE,bear,atr_high,2.25,116,56,60,48.3,46.4,0.4,N,-0.38,-0.05,0.92,6.0
CDLHIGHWAVE,bear,atr_high,2.5,116,56,60,48.3,50.9,-0.57,N,-0.5,-0.062,0.9,5.2
CDLHIGHWAVE,bear,atr_high,2.75,116,56,60,48.3,51.5,-0.7,N,-0.64,-0.074,0.87,5.2
CDLHIGHWAVE,bear,atr_high,3.0,116,56,60,48.3,49.9,-0.36,N,-0.35,-0.051,0.92,2.6
CDLHARAMICROSS,bull,trend_down,0.5,42,14,28,33.3,32.7,0.08,N,-0.5,-0.031,0.85,64.3
CDLHARAMICROSS,bull,trend_down,0.75,42,16,26,38.1,35.3,0.38,N,-1.26,-0.099,0.71,54.8
CDLHARAMICROSS,bull,trend_down,1.0,42,17,25,40.5,39.1,0.18,N,-1.85,-0.152,0.64,42.9
CDLHARAMICROSS,bull,trend_down,1.25,42,19,23,45.2,45.4,-0.03,N,-1.93,-0.132,0.65,35.7
CDLHARAMICROSS,bull,trend_down,1.5,42,20,22,47.6,45.0,0.34,N,-1.71,-0.109,0.68,23.8
CDLHARAMICROSS,bull,trend_down,1.75,42,21,21,50.0,52.0,-0.26,N,-1.57,-0.085,0.71,19.0
CDLHARAMICROSS,bull,trend_down,2.0,42,21,21,50.0,51.6,-0.21,N,-1.6,-0.091,0.71,11.9
CDLHARAMICROSS,bull,trend_down,2.25,42,21,21,50.0,53.4,-0.44,N,-1.93,-0.121,0.67,11.9
CDLHARAMICROSS,bull,trend_down,2.5,42,21,21,50.0,47.2,0.36,N,-2.26,-0.15,0.63,11.9
CDLHARAMICROSS,bull,trend_down,2.75,42,21,21,50.0,47.8,0.28,N,-2.49,-0.174,0.61,9.5
CDLHARAMICROSS,bull,trend_down,3.0,42,21,21,50.0,55.0,-0.65,N,-2.73,-0.198,0.59,9.5
CDL3OUTSIDE,bear,none,0.5,202,64,138,31.7,31.8,-0.05,N,-0.41,-0.039,0.88,64.9
CDL3OUTSIDE,bear,none,0.75,202,81,121,40.1,42.1,-0.57,N,-0.44,-0.039,0.89,50.0
CDL3OUTSIDE,bear,none,1.0,202,92,110,45.5,46.1,-0.15,N,-0.25,-0.022,0.94,33.2
CDL3OUTSIDE,bear,none,1.25,202,95,107,47.0,45.8,0.36,N,-0.33,-0.027,0.92,23.8
CDL3OUTSIDE,bear,none,1.5,202,96,106,47.5,48.2,-0.19,N,-0.41,-0.034,0.91,18.8
CDL3OUTSIDE,bear,none,1.75,202,96,106,47.5,48.1,-0.15,N,-0.67,-0.061,0.86,14.4
CDL3OUTSIDE,bear,none,2.0,202,96,106,47.5,49.1,-0.45,N,-0.59,-0.059,0.88,9.4
CDL3OUTSIDE,bear,none,2.25,202,96,106,47.5,49.1,-0.45,N,-0.55,-0.06,0.88,6.9
CDL3OUTSIDE,bear,none,2.5,202,96,106,47.5,49.9,-0.67,N,-0.57,-0.063,0.88,5.4
CDL3OUTSIDE,bear,none,2.75,202,96,106,47.5,49.1,-0.45,N,-0.63,-0.07,0.87,4.5
CDL3OUTSIDE,bear,none,3.0,202,96,106,47.5,49.4,-0.54,N,-0.61,-0.067,0.87,2.5
CDLTAKURI,bull,trend_up,0.5,28,10,18,35.7,36.3,-0.07,N,-1.69,-0.146,0.41,57.1
CDLTAKURI,bull,trend_up,0.75,28,12,16,42.9,48.5,-0.6,N,-1.21,-0.12,0.56,32.1
CDLTAKURI,bull,trend_up,1.0,28,13,15,46.4,47.3,-0.09,N,-0.63,-0.048,0.77,14.3
CDLTAKURI,bull,trend_up,1.25,28,14,14,50.0,50.9,-0.09,N,-0.22,-0.009,0.91,3.6
CDLTAKURI,bull,trend_up,1.5,28,14,14,50.0,52.4,-0.25,N,-0.27,-0.016,0.89,0.0
CDLTAKURI,bull,trend_up,1.75,28,14,14,50.0,46.7,0.35,N,-0.27,-0.016,0.89,0.0
CDLTAKURI,bull,trend_up,2.0,28,14,14,50.0,48.8,0.13,N,-0.27,-0.016,0.89,0.0
CDLTAKURI,bull,trend_up,2.25,28,14,14,50.0,49.4,0.06,N,-0.27,-0.016,0.89,0.0
CDLTAKURI,bull,trend_up,2.5,28,14,14,50.0,52.1,-0.22,N,-0.27,-0.016,0.89,0.0
CDLTAKURI,bull,trend_up,2.75,28,14,14,50.0,49.4,0.06,N,-0.27,-0.016,0.89,0.0
CDLTAKURI,bull,trend_up,3.0,28,14,14,50.0,56.8,-0.73,N,-0.27,-0.016,0.89,0.0
CDL3OUTSIDE,bull,rsi_overbought,0.5,12,2,10,16.7,25.0,-0.67,N,-3.03,-0.227,0.37,83.3
CDL3OUTSIDE,bull,rsi_overbought,0.75,12,4,8,33.3,35.4,-0.15,N,-3.74,-0.243,0.4,66.7
CDL3OUTSIDE,bull,rsi_overbought,1.0,12,5,7,41.7,41.7,0.0,N,-3.51,-0.248,0.45,41.7
CDL3OUTSIDE,bull,rsi_overbought,1.25,12,5,7,41.7,45.1,-0.24,N,-3.89,-0.284,0.43,33.3
CDL3OUTSIDE,bull,rsi_overbought,1.5,12,6,6,50.0,52.1,-0.14,N,-2.68,-0.113,0.55,16.7
CDL3OUTSIDE,bull,rsi_overbought,1.75,12,6,6,50.0,53.5,-0.24,N,-3.29,-0.155,0.5,16.7
CDL3OUTSIDE,bull,rsi_overbought,2.0,12,6,6,50.0,48.6,0.1,N,-1.92,-0.093,0.63,8.3
CDL3OUTSIDE,bull,rsi_overbought,2.25,12,6,6,50.0,45.1,0.34,N,-2.14,-0.114,0.61,8.3
CDL3OUTSIDE,bull,rsi_overbought,2.5,12,6,6,50.0,49.3,0.05,N,-2.35,-0.135,0.59,8.3
CDL3OUTSIDE,bull,rsi_overbought,2.75,12,6,6,50.0,50.0,0.0,N,-2.56,-0.156,0.57,8.3
CDL3OUTSIDE,bull,rsi_overbought,3.0,12,6,6,50.0,47.9,0.14,N,-2.77,-0.176,0.55,8.3
CDLHARAMICROSS,bull,atr_low,0.5,60,20,40,33.3,31.4,0.32,N,-0.4,-0.045,0.85,60.0
CDLHARAMICROSS,bull,atr_low,0.75,60,22,38,36.7,36.0,0.11,N,-1.02,-0.114,0.71,50.0
CDLHARAMICROSS,bull,atr_low,1.0,60,26,34,43.3,43.1,0.04,N,-0.44,-0.049,0.87,31.7
CDLHARAMICROSS,bull,atr_low,1.25,60,29,31,48.3,46.9,0.22,N,-0.14,0.001,0.96,21.7
CDLHARAMICROSS,bull,atr_low,1.5,60,29,31,48.3,46.2,0.32,N,-0.17,0.005,0.95,13.3
CDLHARAMICROSS,bull,atr_low,1.75,60,30,30,50.0,51.4,-0.22,N,-0.08,0.017,0.98,11.7
CDLHARAMICROSS,bull,atr_low,2.0,60,30,30,50.0,52.9,-0.45,N,-0.13,0.018,0.96,8.3
CDLHARAMICROSS,bull,atr_low,2.25,60,30,30,50.0,49.9,0.02,N,-0.35,-0.002,0.91,8.3
CDLHARAMICROSS,bull,atr_low,2.5,60,30,30,50.0,49.9,0.02,N,-0.56,-0.023,0.86,8.3
CDLHARAMICROSS,bull,atr_low,2.75,60,30,30,50.0,48.2,0.28,N,-0.7,-0.04,0.83,6.7
CDLHARAMICROSS,bull,atr_low,3.0,60,30,30,50.0,50.6,-0.09,N,-0.85,-0.056,0.8,6.7
CDLADVANCEBLOCK,bear,atr_low,0.5,34,11,23,32.4,29.9,0.31,N,0.26,0.083,1.08,61.8
CDLADVANCEBLOCK,bear,atr_low,0.75,34,12,22,35.3,34.8,0.06,N,-0.5,-0.02,0.88,52.9
CDLADVANCEBLOCK,bear,atr_low,1.0,34,14,20,41.2,43.4,-0.26,N,-0.62,-0.032,0.85,35.3
CDLADVANCEBLOCK,bear,atr_low,1.25,34,16,18,47.1,46.6,0.06,N,-0.44,-0.008,0.89,20.6
CDLADVANCEBLOCK,bear,atr_low,1.5,34,16,18,47.1,46.1,0.11,N,-0.69,-0.035,0.84,17.6
CDLADVANCEBLOCK,bear,atr_low,1.75,34,16,18,47.1,49.3,-0.26,N,-0.99,-0.069,0.79,14.7
CDLADVANCEBLOCK,bear,atr_low,2.0,34,16,18,47.1,51.2,-0.49,N,-1.1,-0.085,0.77,11.8
CDLADVANCEBLOCK,bear,atr_low,2.25,34,16,18,47.1,49.3,-0.26,N,-1.34,-0.115,0.73,11.8
CDLADVANCEBLOCK,bear,atr_low,2.5,34,16,18,47.1,50.0,-0.34,N,-1.59,-0.144,0.7,11.8
CDLADVANCEBLOCK,bear,atr_low,2.75,34,16,18,47.1,50.5,-0.4,N,-1.71,-0.157,0.68,8.8
CDLADVANCEBLOCK,bear,atr_low,3.0,34,16,18,47.1,47.5,-0.06,N,-1.9,-0.179,0.66,8.8
CDLBELTHOLD,bull,rsi_overbought,0.5,32,5,27,15.6,27.6,-1.52,N,-1.17,-0.087,0.73,81.2
CDLBELTHOLD,bull,rsi_overbought,0.75,32,10,22,31.2,37.0,-0.67,N,-1.65,-0.099,0.69,65.6
CDLBELTHOLD,bull,rsi_overbought,1.0,32,13,19,40.6,46.6,-0.68,N,-1.65,-0.084,0.71,43.8
CDLBELTHOLD,bull,rsi_overbought,1.25,32,15,17,46.9,49.0,-0.24,N,-1.3,-0.011,0.78,31.2
CDLBELTHOLD,bull,rsi_overbought,1.5,32,15,17,46.9,51.6,-0.53,N,-1.92,-0.057,0.71,28.1
CDLBELTHOLD,bull,rsi_overbought,1.75,32,16,16,50.0,50.5,-0.06,N,-2.14,-0.046,0.69,21.9
CDLBELTHOLD,bull,rsi_overbought,2.0,32,16,16,50.0,47.4,0.3,N,-1.69,-0.022,0.74,12.5
CDLBELTHOLD,bull,rsi_overbought,2.25,32,16,16,50.0,52.9,-0.32,N,-1.29,0.019,0.79,3.1
CDLBELTHOLD,bull,rsi_overbought,2.5,32,16,16,50.0,49.2,0.09,N,-0.87,0.047,0.84,0.0
CDLBELTHOLD,bull,rsi_overbought,2.75,32,16,16,50.0,51.8,-0.21,N,-0.87,0.047,0.84,0.0
CDLBELTHOLD,bull,rsi_overbought,3.0,32,16,16,50.0,50.3,-0.03,N,-0.87,0.047,0.84,0.0
CDLHIKKAKE,bull,atr_low,0.5,345,111,234,32.2,31.4,0.29,N,-0.31,-0.039,0.89,62.0
CDLHIKKAKE,bull,atr_low,0.75,345,146,199,42.3,43.0,-0.27,N,-0.1,-0.02,0.97,44.3
CDLHIKKAKE,bull,atr_low,1.0,345,158,187,45.8,46.4,-0.24,N,-0.07,-0.008,0.98,31.3
CDLHIKKAKE,bull,atr_low,1.25,345,165,180,47.8,48.0,-0.07,N,0.03,0.003,1.01,21.4
CDLHIKKAKE,bull,atr_low,1.5,345,169,176,49.0,49.4,-0.16,N,0.27,0.019,1.08,13.9
CDLHIKKAKE,bull,atr_low,1.75,345,169,176,49.0,48.9,0.03,N,0.18,0.007,1.05,10.4
CDLHIKKAKE,bull,atr_low,2.0,345,169,176,49.0,51.1,-0.79,N,0.18,0.008,1.05,7.2
CDLHIKKAKE,bull,atr_low,2.25,345,169,176,49.0,49.2,-0.09,N,0.07,-0.005,1.02,6.1
CDLHIKKAKE,bull,atr_low,2.5,345,169,176,49.0,50.3,-0.49,N,0.05,-0.008,1.01,4.6
CDLHIKKAKE,bull,atr_low,2.75,345,169,176,49.0,51.4,-0.88,N,-0.0,-0.014,1.0,4.1
CDLHIKKAKE,bull,atr_low,3.0,345,169,176,49.0,50.6,-0.61,N,0.07,-0.006,1.02,2.6
CDLHIGHWAVE,bear,trend_up,0.5,200,59,141,29.5,32.7,-0.95,N,-1.08,-0.108,0.67,66.0
CDLHIGHWAVE,bear,trend_up,0.75,200,77,123,38.5,41.5,-0.87,N,-0.9,-0.106,0.75,46.0
CDLHIGHWAVE,bear,trend_up,1.0,200,90,110,45.0,46.2,-0.35,N,-0.29,-0.036,0.92,27.5
CDLHIGHWAVE,bear,trend_up,1.25,200,95,105,47.5,46.5,0.28,N,-0.18,-0.023,0.95,18.0
CDLHIGHWAVE,bear,trend_up,1.5,200,95,105,47.5,48.8,-0.38,N,-0.25,-0.032,0.93,13.5
CDLHIGHWAVE,bear,trend_up,1.75,200,96,104,48.0,48.2,-0.05,N,-0.28,-0.031,0.92,9.0
CDLHIGHWAVE,bear,trend_up,2.0,200,96,104,48.0,49.5,-0.42,N,-0.38,-0.044,0.89,7.5
CDLHIGHWAVE,bear,trend_up,2.25,200,96,104,48.0,47.6,0.12,N,-0.47,-0.052,0.87,5.5
CDLHIGHWAVE,bear,trend_up,2.5,200,96,104,48.0,47.1,0.26,N,-0.55,-0.062,0.86,4.0
CDLHIGHWAVE,bear,trend_up,2.75,200,96,104,48.0,48.3,-0.08,N,-0.61,-0.069,0.84,3.5
CDLHIGHWAVE,bear,trend_up,3.0,200,96,104,48.0,48.6,-0.18,N,-0.68,-0.077,0.83,3.0
CDLTAKURI,bull,atr_high,0.5,13,2,11,15.4,22.4,-0.61,N,-3.52,-0.267,0.3,76.9
CDLTAKURI,bull,atr_high,0.75,13,4,9,30.8,45.5,-1.07,N,-3.01,-0.227,0.43,46.2
CDLTAKURI,bull,atr_high,1.0,13,5,8,38.5,47.4,-0.65,N,-2.85,-0.2,0.46,23.1
CDLTAKURI,bull,atr_high,1.25,13,6,7,46.2,49.4,-0.23,N,-0.75,-0.036,0.81,0.0
CDLTAKURI,bull,atr_high,1.5,13,6,7,46.2,46.2,-0.0,N,-0.75,-0.036,0.81,0.0
CDLTAKURI,bull,atr_high,1.75,13,6,7,46.2,53.2,-0.51,N,-0.75,-0.036,0.81,0.0
CDLTAKURI,bull,atr_high,2.0,13,6,7,46.2,50.0,-0.28,N,-0.75,-0.036,0.81,0.0
CDLTAKURI,bull,atr_high,2.25,13,6,7,46.2,46.2,0.0,N,-0.75,-0.036,0.81,0.0
CDLTAKURI,bull,atr_high,2.5,13,6,7,46.2,45.5,0.05,N,-0.75,-0.036,0.81,0.0
CDLTAKURI,bull,atr_high,2.75,13,6,7,46.2,47.4,-0.09,N,-0.75,-0.036,0.81,0.0
CDLTAKURI,bull,atr_high,3.0,13,6,7,46.2,42.3,0.28,N,-0.75,-0.036,0.81,0.0
CDLINVERTEDHAMMER,bull,trend_down,0.5,11,4,7,36.4,32.6,0.27,N,-0.13,-0.125,0.96,63.6
CDLINVERTEDHAMMER,bull,trend_down,0.75,11,4,7,36.4,39.4,-0.21,N,-1.6,-0.284,0.64,63.6
CDLINVERTEDHAMMER,bull,trend_down,1.0,11,4,7,36.4,54.5,-1.21,N,-2.35,-0.349,0.55,45.5
CDLINVERTEDHAMMER,bull,trend_down,1.25,11,4,7,36.4,52.3,-1.06,N,-2.98,-0.426,0.49,36.4
CDLINVERTEDHAMMER,bull,trend_down,1.5,11,4,7,36.4,53.0,-1.11,N,-3.57,-0.492,0.44,27.3
CDLINVERTEDHAMMER,bull,trend_down,1.75,11,4,7,36.4,49.2,-0.85,N,-4.18,-0.56,0.4,27.3
CDLINVERTEDHAMMER,bull,trend_down,2.0,11,4,7,36.4,50.0,-0.9,N,-4.48,-0.592,0.39,18.2
CDLINVERTEDHAMMER,bull,trend_down,2.25,11,4,7,36.4,47.7,-0.75,N,-4.9,-0.638,0.37,18.2
CDLINVERTEDHAMMER,bull,trend_down,2.5,11,4,7,36.4,50.0,-0.9,N,-4.14,-0.573,0.41,9.1
CDLINVERTEDHAMMER,bull,trend_down,2.75,11,4,7,36.4,49.2,-0.85,N,-3.39,-0.475,0.45,0.0
CDLINVERTEDHAMMER,bull,trend_down,3.0,11,4,7,36.4,52.3,-1.06,N,-3.39,-0.475,0.45,0.0
CDLXSIDEGAP3METHODS,bear,trend_up,0.5,17,5,12,29.4,26.5,0.27,N,-1.58,-0.148,0.56,64.7
CDLXSIDEGAP3METHODS,bear,trend_up,0.75,17,5,12,29.4,41.2,-0.99,N,-2.37,-0.225,0.46,47.1
CDLXSIDEGAP3METHODS,bear,trend_up,1.0,17,7,10,41.2,41.7,-0.04,N,-1.07,-0.093,0.7,23.5
CDLXSIDEGAP3METHODS,bear,trend_up,1.25,17,7,10,41.2,49.0,-0.65,N,-1.66,-0.152,0.6,23.5
CDLXSIDEGAP3METHODS,bear,trend_up,1.5,17,7,10,41.2,52.9,-0.97,N,-2.24,-0.211,0.52,23.5
CDLXSIDEGAP3METHODS,bear,trend_up,1.75,17,7,10,41.2,55.4,-1.18,N,-2.44,-0.236,0.5,17.6
CDLXSIDEGAP3METHODS,bear,trend_up,2.0,17,7,10,41.2,45.6,-0.37,N,-2.76,-0.271,0.47,11.8
CDLXSIDEGAP3METHODS,bear,trend_up,2.25,17,7,10,41.2,52.9,-0.97,N,-3.01,-0.3,0.45,11.8
CDLXSIDEGAP3METHODS,bear,trend_up,2.5,17,7,10,41.2,52.5,-0.93,N,-2.71,-0.262,0.48,5.9
CDLXSIDEGAP3METHODS,bear,trend_up,2.75,17,7,10,41.2,45.6,-0.37,N,-2.84,-0.277,0.46,5.9
CDLXSIDEGAP3METHODS,bear,trend_up,3.0,17,7,10,41.2,46.1,-0.41,N,-2.97,-0.292,0.45,5.9
CDL3LINESTRIKE,bear,trend_up,0.5,12,4,8,33.3,29.9,0.26,N,0.1,0.019,1.04,58.3
CDL3LINESTRIKE,bear,trend_up,0.75,12,4,8,33.3,43.8,-0.73,N,-1.24,-0.127,0.7,58.3
CDL3LINESTRIKE,bear,trend_up,1.0,12,4,8,33.3,50.0,-1.15,N,-1.75,-0.192,0.62,41.7
CDL3LINESTRIKE,bear,trend_up,1.25,12,4,8,33.3,41.7,-0.59,N,-0.86,-0.076,0.77,16.7
CDL3LINESTRIKE,bear,trend_up,1.5,12,4,8,33.3,46.5,-0.92,N,-1.02,-0.091,0.74,0.0
CDL3LINESTRIKE,bear,trend_up,1.75,12,4,8,33.3,46.5,-0.92,N,-1.02,-0.091,0.74,0.0
CDL3LINESTRIKE,bear,trend_up,2.0,12,4,8,33.3,49.3,-1.11,N,-1.02,-0.091,0.74,0.0
CDL3LINESTRIKE,bear,trend_up,2.25,12,4,8,33.3,46.5,-0.92,N,-1.02,-0.091,0.74,0.0
CDL3LINESTRIKE,bear,trend_up,2.5,12,4,8,33.3,52.8,-1.35,N,-1.02,-0.091,0.74,0.0
CDL3LINESTRIKE,bear,trend_up,2.75,12,4,8,33.3,42.4,-0.63,N,-1.02,-0.091,0.74,0.0
CDL3LINESTRIKE,bear,trend_up,3.0,12,4,8,33.3,47.2,-0.96,N,-1.02,-0.091,0.74,0.0
CDLHAMMER,bull,atr_low,0.5,69,18,51,26.1,31.6,-0.99,N,-0.11,-0.06,0.96,66.7
CDLHAMMER,bull,atr_low,0.75,69,27,42,39.1,45.0,-0.99,N,-0.25,-0.074,0.93,47.8
CDLHAMMER,bull,atr_low,1.0,69,30,39,43.5,46.7,-0.54,N,-0.26,-0.084,0.93,31.9
CDLHAMMER,bull,atr_low,1.25,69,31,38,44.9,44.3,0.1,N,-0.37,-0.101,0.91,24.6
CDLHAMMER,bull,atr_low,1.5,69,32,37,46.4,49.3,-0.48,N,-0.64,-0.12,0.85,21.7
CDLHAMMER,bull,atr_low,1.75,69,32,37,46.4,49.9,-0.58,N,-0.64,-0.132,0.85,17.4
CDLHAMMER,bull,atr_low,2.0,69,32,37,46.4,50.4,-0.66,N,-0.66,-0.135,0.84,11.6
CDLHAMMER,bull,atr_low,2.25,69,33,36,47.8,46.4,0.24,N,-0.25,-0.086,0.93,7.2
CDLHAMMER,bull,atr_low,2.5,69,33,36,47.8,50.0,-0.36,N,-0.28,-0.085,0.93,4.3
CDLHAMMER,bull,atr_low,2.75,69,33,36,47.8,49.8,-0.32,N,-0.39,-0.096,0.9,4.3
CDLHAMMER,bull,atr_low,3.0,69,33,36,47.8,47.0,0.14,N,0.1,-0.054,1.03,1.4
CDLEVENINGSTAR,bear,atr_low,0.5,11,2,9,18.2,26.5,-0.63,N,-1.18,-0.164,0.57,63.6
CDLEVENINGSTAR,bear,atr_low,0.75,11,3,8,27.3,24.2,0.23,N,-0.17,0.002,0.95,45.5
CDLEVENINGSTAR,bear,atr_low,1.0,11,3,8,27.3,31.8,-0.32,N,-0.52,-0.027,0.85,36.4
CDLEVENINGSTAR,bear,atr_low,1.25,11,4,7,36.4,48.5,-0.8,N,0.7,0.115,1.28,18.2
CDLEVENINGSTAR,bear,atr_low,1.5,11,5,6,45.5,47.7,-0.15,N,1.5,0.224,1.82,9.1
CDLEVENINGSTAR,bear,atr_low,1.75,11,5,6,45.5,50.8,-0.35,N,1.34,0.201,1.67,9.1
CDLEVENINGSTAR,bear,atr_low,2.0,11,5,6,45.5,51.5,-0.4,N,1.17,0.178,1.54,9.1
CDLEVENINGSTAR,bear,atr_low,2.25,11,5,6,45.5,44.7,0.05,N,1.0,0.155,1.43,9.1
CDLEVENINGSTAR,bear,atr_low,2.5,11,5,6,45.5,47.0,-0.1,N,0.84,0.133,1.34,9.1
CDLEVENINGSTAR,bear,atr_low,2.75,11,5,6,45.5,50.8,-0.35,N,0.94,0.146,1.39,0.0
CDLEVENINGSTAR,bear,atr_low,3.0,11,5,6,45.5,50.0,-0.3,N,0.94,0.146,1.39,0.0
CDLHIGHWAVE,bull,rsi_oversold,0.5,21,5,16,23.8,27.0,-0.33,N,0.09,-0.059,1.02,76.2
CDLHIGHWAVE,bull,rsi_oversold,0.75,21,8,13,38.1,38.5,-0.04,N,-0.22,-0.061,0.96,57.1
CDLHIGHWAVE,bull,rsi_oversold,1.0,21,8,13,38.1,44.8,-0.62,N,-0.5,-0.091,0.9,33.3
CDLHIGHWAVE,bull,rsi_oversold,1.25,21,8,13,38.1,46.8,-0.8,N,-0.55,-0.082,0.89,23.8
CDLHIGHWAVE,bull,rsi_oversold,1.5,21,10,11,47.6,49.2,-0.15,N,0.8,0.045,1.19,14.3
CDLHIGHWAVE,bull,rsi_oversold,1.75,21,10,11,47.6,46.0,0.15,N,1.04,0.063,1.26,4.8
CDLHIGHWAVE,bull,rsi_oversold,2.0,21,10,11,47.6,48.0,-0.04,N,0.92,0.051,1.22,4.8
CDLHIGHWAVE,bull,rsi_oversold,2.25,21,10,11,47.6,47.2,0.04,N,0.81,0.039,1.19,4.8
CDLHIGHWAVE,bull,rsi_oversold,2.5,21,10,11,47.6,45.2,0.22,N,0.69,0.027,1.16,4.8
CDLHIGHWAVE,bull,rsi_oversold,2.75,21,10,11,47.6,53.2,-0.51,N,0.57,0.015,1.13,4.8
CDLHIGHWAVE,bull,rsi_oversold,3.0,21,10,11,47.6,49.6,-0.18,N,0.45,0.003,1.1,4.8
CDLMARUBOZU,bear,rsi_mid_overbought,0.5,13,6,7,46.2,43.6,0.19,N,4.05,0.27,2.64,53.8
CDLMARUBOZU,bear,rsi_mid_overbought,0.75,13,6,7,46.2,56.4,-0.75,N,3.89,0.257,2.49,30.8
CDLMARUBOZU,bear,rsi_mid_overbought,1.0,13,6,7,46.2,54.5,-0.6,N,3.47,0.209,2.14,23.1
CDLMARUBOZU,bear,rsi_mid_overbought,1.25,13,6,7,46.2,56.4,-0.75,N,2.96,0.151,1.83,23.1
CDLMARUBOZU,bear,rsi_mid_overbought,1.5,13,6,7,46.2,50.6,-0.32,N,2.7,0.124,1.71,15.4
CDLMARUBOZU,bear,rsi_mid_overbought,1.75,13,6,7,46.2,50.6,-0.32,N,2.55,0.107,1.64,7.7
CDLMARUBOZU,bear,rsi_mid_overbought,2.0,13,6,7,46.2,53.2,-0.51,N,2.98,0.155,1.84,0.0
CDLMARUBOZU,bear,rsi_mid_overbought,2.25,13,6,7,46.2,47.4,-0.09,N,2.98,0.155,1.84,0.0
CDLMARUBOZU,bear,rsi_mid_overbought,2.5,13,6,7,46.2,52.6,-0.46,N,2.98,0.155,1.84,0.0
CDLMARUBOZU,bear,rsi_mid_overbought,2.75,13,6,7,46.2,48.7,-0.18,N,2.98,0.155,1.84,0.0
CDLMARUBOZU,bear,rsi_mid_overbought,3.0,13,6,7,46.2,48.1,-0.14,N,2.98,0.155,1.84,0.0
CDLHARAMI,bear,rsi_mid_overbought,0.5,67,23,44,34.3,33.3,0.17,N,-0.22,-0.058,0.92,55.2
CDLHARAMI,bear,rsi_mid_overbought,0.75,67,27,40,40.3,42.5,-0.37,N,-0.19,-0.048,0.94,38.8
CDLHARAMI,bear,rsi_mid_overbought,1.0,67,30,37,44.8,43.8,0.16,N,0.21,-0.013,1.08,22.4
CDLHARAMI,bear,rsi_mid_overbought,1.25,67,30,37,44.8,44.8,0.0,N,-0.11,-0.052,0.97,19.4
CDLHARAMI,bear,rsi_mid_overbought,1.5,67,30,37,44.8,46.9,-0.35,N,-0.27,-0.071,0.92,13.4
CDLHARAMI,bear,rsi_mid_overbought,1.75,67,31,36,46.3,47.5,-0.2,N,-0.01,-0.041,1.0,7.5
CDLHARAMI,bear,rsi_mid_overbought,2.0,67,31,36,46.3,50.2,-0.65,N,0.14,-0.02,1.05,3.0
CDLHARAMI,bear,rsi_mid_overbought,2.25,67,31,36,46.3,49.4,-0.51,N,0.08,-0.028,1.03,3.0
CDLHARAMI,bear,rsi_mid_overbought,2.5,67,31,36,46.3,47.3,-0.16,N,0.01,-0.035,1.0,3.0
CDLHARAMI,bear,rsi_mid_overbought,2.75,67,31,36,46.3,50.6,-0.71,N,-0.05,-0.043,0.98,3.0
CDLHARAMI,bear,rsi_mid_overbought,3.0,67,31,36,46.3,49.0,-0.45,N,-0.11,-0.05,0.97,3.0
CDLHAMMER,bull,trend_down,0.5,64,19,45,29.7,34.0,-0.73,N,1.19,0.032,1.37,65.6
CDLHAMMER,bull,trend_down,0.75,64,25,39,39.1,42.8,-0.61,N,0.73,-0.005,1.19,48.4
CDLHAMMER,bull,trend_down,1.0,64,29,35,45.3,48.2,-0.46,N,1.05,0.017,1.27,32.8
CDLHAMMER,bull,trend_down,1.25,64,30,34,46.9,47.8,-0.15,N,0.87,-0.002,1.21,23.4
CDLHAMMER,bull,trend_down,1.5,64,30,34,46.9,46.1,0.13,N,0.7,-0.023,1.16,18.8
CDLHAMMER,bull,trend_down,1.75,64,30,34,46.9,47.1,-0.04,N,0.54,-0.04,1.12,15.6
CDLHAMMER,bull,trend_down,2.0,64,31,33,48.4,48.7,-0.04,N,0.92,-0.006,1.22,9.4
CDLHAMMER,bull,trend_down,2.25,64,32,32,50.0,49.7,0.04,N,1.44,0.056,1.37,4.7
CDLHAMMER,bull,trend_down,2.5,64,32,32,50.0,51.0,-0.17,N,1.4,0.053,1.36,3.1
CDLHAMMER,bull,trend_down,2.75,64,32,32,50.0,49.1,0.15,N,1.38,0.053,1.35,1.6
CDLHAMMER,bull,trend_down,3.0,64,32,32,50.0,52.9,-0.46,N,1.78,0.086,1.51,0.0
CDLHARAMICROSS,bull,atr_high,0.5,20,7,13,35.0,34.6,0.04,N,0.29,0.002,1.07,65.0
CDLHARAMICROSS,bull,atr_high,0.75,20,8,12,40.0,42.1,-0.19,N,-0.72,-0.068,0.86,50.0
CDLHARAMICROSS,bull,atr_high,1.0,20,8,12,40.0,40.8,-0.08,N,-0.83,-0.079,0.84,30.0
CDLHARAMICROSS,bull,atr_high,1.25,20,8,12,40.0,47.1,-0.63,N,-1.39,-0.121,0.76,25.0
CDLHARAMICROSS,bull,atr_high,1.5,20,9,11,45.0,50.4,-0.48,N,-0.9,-0.095,0.84,20.0
CDLHARAMICROSS,bull,atr_high,1.75,20,9,11,45.0,43.3,0.15,N,-1.04,-0.106,0.82,15.0
CDLHARAMICROSS,bull,atr_high,2.0,20,9,11,45.0,47.5,-0.22,N,-0.66,-0.077,0.88,5.0
CDLHARAMICROSS,bull,atr_high,2.25,20,9,11,45.0,47.5,-0.22,N,-0.81,-0.089,0.85,5.0
CDLHARAMICROSS,bull,atr_high,2.5,20,9,11,45.0,50.0,-0.45,N,-0.95,-0.102,0.83,5.0
CDLHARAMICROSS,bull,atr_high,2.75,20,9,11,45.0,54.2,-0.82,N,-1.1,-0.114,0.81,5.0
CDLHARAMICROSS,bull,atr_high,3.0,20,9,11,45.0,51.2,-0.56,N,-1.25,-0.127,0.79,5.0
CDLBELTHOLD,bear,atr_high,0.5,173,55,118,31.8,33.9,-0.58,N,0.02,0.011,1.01,65.3
CDLBELTHOLD,bear,atr_high,0.75,173,65,108,37.6,38.7,-0.31,N,-0.61,-0.041,0.87,49.7
CDLBELTHOLD,bear,atr_high,1.0,173,74,99,42.8,45.1,-0.62,N,-0.57,-0.033,0.89,35.8
CDLBELTHOLD,bear,atr_high,1.25,173,80,93,46.2,47.8,-0.41,N,-0.38,-0.005,0.93,26.0
CDLBELTHOLD,bear,atr_high,1.5,173,82,91,47.4,47.1,0.08,N,-0.27,0.011,0.95,16.8
CDLBELTHOLD,bear,atr_high,1.75,173,82,91,47.4,49.5,-0.54,N,-0.58,-0.016,0.9,14.5
CDLBELTHOLD,bear,atr_high,2.0,173,82,91,47.4,48.7,-0.33,N,-0.64,-0.021,0.89,10.4
CDLBELTHOLD,bear,atr_high,2.25,173,82,91,47.4,50.9,-0.91,N,-0.59,-0.012,0.89,6.4
CDLBELTHOLD,bear,atr_high,2.5,173,82,91,47.4,46.9,0.13,N,-0.17,0.017,0.97,1.7
CDLBELTHOLD,bear,atr_high,2.75,173,82,91,47.4,50.6,-0.84,N,-0.15,0.021,0.97,1.2
CDLBELTHOLD,bear,atr_high,3.0,173,82,91,47.4,50.1,-0.71,N,-0.18,0.018,0.97,1.2
CDLHARAMI,bear,trend_down,0.5,138,45,93,32.6,32.1,0.12,N,-0.13,0.012,0.96,61.6
CDLHARAMI,bear,trend_down,0.75,138,51,87,37.0,37.6,-0.16,N,-0.38,-0.028,0.9,47.1
CDLHARAMI,bear,trend_down,1.0,138,54,84,39.1,43.2,-0.96,N,-0.84,-0.068,0.82,37.7
CDLHARAMI,bear,trend_down,1.25,138,58,80,42.0,45.7,-0.87,N,-0.6,-0.044,0.87,26.1
CDLHARAMI,bear,trend_down,1.5,138,61,77,44.2,47.1,-0.68,N,-0.48,-0.028,0.9,19.6
CDLHARAMI,bear,trend_down,1.75,138,62,76,44.9,49.2,-1.01,N,-0.59,-0.035,0.88,14.5
CDLHARAMI,bear,trend_down,2.0,138,63,75,45.7,48.8,-0.74,N,-0.23,-0.006,0.95,9.4
CDLHARAMI,bear,trend_down,2.25,138,63,75,45.7,47.0,-0.31,N,-0.4,-0.019,0.92,8.0
CDLHARAMI,bear,trend_down,2.5,138,63,75,45.7,49.1,-0.81,N,-0.62,-0.039,0.88,8.0
CDLHARAMI,bear,trend_down,2.75,138,63,75,45.7,50.5,-1.14,N,-0.6,-0.038,0.88,5.1
CDLHARAMI,bear,trend_down,3.0,138,63,75,45.7,50.7,-1.18,N,-0.73,-0.05,0.86,5.1
CDLSHORTLINE,bear,atr_high,0.5,225,80,145,35.6,38.2,-0.82,N,-0.15,-0.013,0.96,54.7
CDLSHORTLINE,bear,atr_high,0.75,225,101,124,44.9,44.5,0.12,N,0.48,0.036,1.13,35.6
CDLSHORTLINE,bear,atr_high,1.0,225,106,119,47.1,47.6,-0.13,N,0.66,0.057,1.17,21.3
CDLSHORTLINE,bear,atr_high,1.25,225,106,119,47.1,49.6,-0.73,N,0.63,0.055,1.16,12.9
CDLSHORTLINE,bear,atr_high,1.5,225,106,119,47.1,48.4,-0.38,N,0.6,0.054,1.15,8.0
CDLSHORTLINE,bear,atr_high,1.75,225,106,119,47.1,49.0,-0.56,N,0.66,0.058,1.17,4.4
CDLSHORTLINE,bear,atr_high,2.0,225,106,119,47.1,48.1,-0.29,N,0.6,0.054,1.15,3.1
CDLSHORTLINE,bear,atr_high,2.25,225,106,119,47.1,49.3,-0.67,N,0.53,0.048,1.13,2.7
CDLSHORTLINE,bear,atr_high,2.5,225,106,119,47.1,48.0,-0.28,N,0.44,0.042,1.11,2.7
CDLSHORTLINE,bear,atr_high,2.75,225,106,119,47.1,51.3,-1.24,N,0.44,0.044,1.11,1.8
CDLSHORTLINE,bear,atr_high,3.0,225,106,119,47.1,50.8,-1.11,N,0.38,0.039,1.09,1.8
CDLSPINNINGTOP,bear,trend_down,0.5,461,152,309,33.0,32.7,0.12,N,-0.0,0.009,1.0,61.6
CDLSPINNINGTOP,bear,trend_down,0.75,461,188,273,40.8,41.1,-0.13,N,0.02,0.021,1.01,45.1
CDLSPINNINGTOP,bear,trend_down,1.0,461,197,264,42.7,46.6,-1.67,N,-0.25,-0.007,0.94,33.8
CDLSPINNINGTOP,bear,trend_down,1.25,461,205,256,44.5,45.6,-0.5,N,-0.27,-0.007,0.94,24.1
CDLSPINNINGTOP,bear,trend_down,1.5,461,211,250,45.8,48.0,-0.95,N,-0.25,-0.011,0.94,17.6
CDLSPINNINGTOP,bear,trend_down,1.75,461,215,246,46.6,50.3,-1.58,N,-0.28,-0.013,0.94,12.4
CDLSPINNINGTOP,bear,trend_down,2.0,461,215,246,46.6,49.0,-1.02,N,-0.26,-0.015,0.94,8.9
CDLSPINNINGTOP,bear,trend_down,2.25,461,216,245,46.9,48.5,-0.72,N,-0.25,-0.015,0.94,6.3
CDLSPINNINGTOP,bear,trend_down,2.5,461,217,244,47.1,50.0,-1.27,N,-0.27,-0.013,0.94,5.2
CDLSPINNINGTOP,bear,trend_down,2.75,461,218,243,47.3,49.9,-1.13,N,-0.29,-0.015,0.94,4.6
CDLSPINNINGTOP,bear,trend_down,3.0,461,218,243,47.3,49.7,-1.06,N,-0.19,-0.008,0.96,3.5
CDL3OUTSIDE,bear,trend_down,0.5,113,34,79,30.1,31.3,-0.27,N,-0.69,-0.064,0.8,66.4
CDL3OUTSIDE,bear,trend_down,0.75,113,44,69,38.9,41.2,-0.49,N,-0.79,-0.077,0.81,51.3
CDL3OUTSIDE,bear,trend_down,1.0,113,50,63,44.2,43.7,0.11,N,-0.75,-0.077,0.83,35.4
CDL3OUTSIDE,bear,trend_down,1.25,113,53,60,46.9,48.4,-0.31,N,-0.63,-0.059,0.86,24.8
CDL3OUTSIDE,bear,trend_down,1.5,113,53,60,46.9,51.8,-1.05,N,-0.6,-0.062,0.87,18.6
CDL3OUTSIDE,bear,trend_down,1.75,113,53,60,46.9,49.7,-0.6,N,-0.76,-0.083,0.84,14.2
CDL3OUTSIDE,bear,trend_down,2.0,113,53,60,46.9,51.0,-0.86,N,-0.76,-0.085,0.84,8.8
CDL3OUTSIDE,bear,trend_down,2.25,113,53,60,46.9,47.1,-0.05,N,-0.66,-0.081,0.86,6.2
CDL3OUTSIDE,bear,trend_down,2.5,113,53,60,46.9,50.7,-0.8,N,-0.53,-0.072,0.88,3.5
CDL3OUTSIDE,bear,trend_down,2.75,113,53,60,46.9,48.7,-0.38,N,-0.52,-0.072,0.88,2.7
CDL3OUTSIDE,bear,trend_down,3.0,113,53,60,46.9,51.0,-0.86,N,-0.49,-0.068,0.89,1.8
CDLMARUBOZU,bull,atr_high,0.5,45,18,27,40.0,39.8,0.03,N,1.98,0.117,1.58,57.8
CDLMARUBOZU,bull,atr_high,0.75,45,20,25,44.4,44.3,0.03,N,1.53,0.072,1.39,40.0
CDLMARUBOZU,bull,atr_high,1.0,45,21,24,46.7,47.8,-0.15,N,0.92,0.022,1.2,28.9
CDLMARUBOZU,bull,atr_high,1.25,45,21,24,46.7,45.9,0.1,N,0.5,-0.007,1.1,24.4
CDLMARUBOZU,bull,atr_high,1.5,45,21,24,46.7,48.5,-0.25,N,0.32,-0.023,1.06,15.6
CDLMARUBOZU,bull,atr_high,1.75,45,21,24,46.7,47.8,-0.15,N,0.39,-0.028,1.08,13.3
CDLMARUBOZU,bull,atr_high,2.0,45,21,24,46.7,52.0,-0.72,N,0.37,-0.026,1.07,8.9
CDLMARUBOZU,bull,atr_high,2.25,45,21,24,46.7,50.6,-0.52,N,0.49,-0.009,1.1,4.4
CDLMARUBOZU,bull,atr_high,2.5,45,21,24,46.7,50.9,-0.57,N,0.38,-0.02,1.07,4.4
CDLMARUBOZU,bull,atr_high,2.75,45,21,24,46.7,48.3,-0.22,N,0.26,-0.032,1.05,4.4
CDLMARUBOZU,bull,atr_high,3.0,45,21,24,46.7,50.9,-0.57,N,0.14,-0.043,1.03,4.4
CDLGRAVESTONEDOJI,bear,trend_down,0.5,29,10,19,34.5,34.2,0.03,N,0.05,-0.046,1.02,51.7
CDLGRAVESTONEDOJI,bear,trend_down,0.75,29,12,17,41.4,40.5,0.09,N,-0.09,-0.057,0.97,34.5
CDLGRAVESTONEDOJI,bear,trend_down,1.0,29,13,16,44.8,47.1,-0.25,N,-0.02,-0.044,0.99,17.2
CDLGRAVESTONEDOJI,bear,trend_down,1.25,29,13,16,44.8,47.7,-0.31,N,-0.43,-0.087,0.87,17.2
CDLGRAVESTONEDOJI,bear,trend_down,1.5,29,13,16,44.8,50.0,-0.56,N,-0.39,-0.082,0.88,6.9
CDLGRAVESTONEDOJI,bear,trend_down,1.75,29,13,16,44.8,45.7,-0.09,N,-0.55,-0.099,0.84,6.9
CDLGRAVESTONEDOJI,bear,trend_down,2.0,29,13,16,44.8,45.4,-0.06,N,-0.57,-0.103,0.83,3.4
CDLGRAVESTONEDOJI,bear,trend_down,2.25,29,13,16,44.8,52.9,-0.87,N,-0.63,-0.112,0.82,3.4
CDLGRAVESTONEDOJI,bear,trend_down,2.5,29,13,16,44.8,51.7,-0.74,N,-0.7,-0.12,0.8,3.4
CDLGRAVESTONEDOJI,bear,trend_down,2.75,29,13,16,44.8,55.2,-1.12,N,-0.77,-0.129,0.79,3.4
CDLGRAVESTONEDOJI,bear,trend_down,3.0,29,13,16,44.8,47.7,-0.31,N,-0.53,-0.098,0.84,0.0
CDLSEPARATINGLINES,bull,trend_up,0.5,14,2,12,14.3,26.8,-1.06,N,-2.2,-0.229,0.38,78.6
CDLSEPARATINGLINES,bull,trend_up,0.75,14,4,10,28.6,38.7,-0.78,N,-0.98,-0.1,0.7,42.9
CDLSEPARATINGLINES,bull,trend_up,1.0,14,6,8,42.9,41.7,0.09,N,0.82,0.118,1.39,14.3
CDLSEPARATINGLINES,bull,trend_up,1.25,14,6,8,42.9,44.0,-0.09,N,0.81,0.112,1.39,7.1
CDLSEPARATINGLINES,bull,trend_up,1.5,14,6,8,42.9,56.0,-0.99,N,0.68,0.094,1.3,7.1
CDLSEPARATINGLINES,bull,trend_up,1.75,14,6,8,42.9,50.0,-0.53,N,0.55,0.077,1.23,7.1
CDLSEPARATINGLINES,bull,trend_up,2.0,14,6,8,42.9,54.2,-0.85,N,0.42,0.059,1.17,7.1
CDLSEPARATINGLINES,bull,trend_up,2.25,14,6,8,42.9,50.6,-0.58,N,0.28,0.041,1.11,7.1
CDLSEPARATINGLINES,bull,trend_up,2.5,14,6,8,42.9,43.5,-0.04,N,0.15,0.023,1.06,7.1
CDLSEPARATINGLINES,bull,trend_up,2.75,14,6,8,42.9,44.6,-0.13,N,0.02,0.005,1.01,7.1
CDLSEPARATINGLINES,bull,trend_up,3.0,14,6,8,42.9,45.8,-0.22,N,0.09,0.015,1.03,0.0
CDLSHOOTINGSTAR,bear,none,0.5,35,13,22,37.1,39.8,-0.32,N,-0.53,-0.036,0.82,57.1
CDLSHOOTINGSTAR,bear,none,0.75,35,13,22,37.1,45.2,-0.96,N,-1.36,-0.122,0.65,42.9
CDLSHOOTINGSTAR,bear,none,1.0,35,14,21,40.0,44.8,-0.57,N,-1.57,-0.139,0.61,28.6
CDLSHOOTINGSTAR,bear,none,1.25,35,15,20,42.9,45.7,-0.34,N,-1.74,-0.144,0.61,25.7
CDLSHOOTINGSTAR,bear,none,1.5,35,15,20,42.9,42.4,0.06,N,-1.85,-0.149,0.6,17.1
CDLSHOOTINGSTAR,bear,none,1.75,35,15,20,42.9,49.3,-0.76,N,-2.14,-0.18,0.56,11.4
CDLSHOOTINGSTAR,bear,none,2.0,35,15,20,42.9,45.7,-0.34,N,-2.35,-0.2,0.54,8.6
CDLSHOOTINGSTAR,bear,none,2.25,35,15,20,42.9,53.3,-1.24,N,-2.48,-0.211,0.52,5.7
CDLSHOOTINGSTAR,bear,none,2.5,35,15,20,42.9,52.9,-1.19,N,-2.65,-0.225,0.51,5.7
CDLSHOOTINGSTAR,bear,none,2.75,35,15,20,42.9,48.6,-0.68,N,-2.81,-0.239,0.49,5.7
CDLSHOOTINGSTAR,bear,none,3.0,35,15,20,42.9,47.6,-0.56,N,-2.98,-0.253,0.48,5.7
CDLRICKSHAWMAN,bull,atr_high,0.5,123,43,80,35.0,36.0,-0.25,N,-0.8,-0.075,0.79,59.3
CDLRICKSHAWMAN,bull,atr_high,0.75,123,48,75,39.0,41.5,-0.55,N,-1.33,-0.108,0.72,45.5
CDLRICKSHAWMAN,bull,atr_high,1.0,123,52,71,42.3,45.7,-0.75,N,-1.09,-0.091,0.77,28.5
CDLRICKSHAWMAN,bull,atr_high,1.25,123,55,68,44.7,50.5,-1.29,N,-1.22,-0.101,0.76,21.1
CDLRICKSHAWMAN,bull,atr_high,1.5,123,57,66,46.3,46.1,0.05,N,-0.97,-0.086,0.8,13.8
CDLRICKSHAWMAN,bull,atr_high,1.75,123,57,66,46.3,49.5,-0.69,N,-1.06,-0.09,0.79,10.6
CDLRICKSHAWMAN,bull,atr_high,2.0,123,57,66,46.3,49.7,-0.74,N,-1.06,-0.095,0.79,8.1
CDLRICKSHAWMAN,bull,atr_high,2.25,123,58,65,47.2,49.4,-0.5,N,-0.91,-0.078,0.82,5.7
CDLRICKSHAWMAN,bull,atr_high,2.5,123,58,65,47.2,50.6,-0.77,N,-0.97,-0.08,0.81,4.9
CDLRICKSHAWMAN,bull,atr_high,2.75,123,58,65,47.2,49.8,-0.59,N,-1.11,-0.092,0.78,4.9
CDLRICKSHAWMAN,bull,atr_high,3.0,123,58,65,47.2,50.7,-0.8,N,-1.03,-0.083,0.8,3.3
CDLHAMMER,bull,trend_up,0.5,34,10,24,29.4,35.8,-0.78,N,-2.02,-0.188,0.38,64.7
CDLHAMMER,bull,trend_up,0.75,34,13,21,38.2,44.9,-0.78,N,-2.85,-0.271,0.32,55.9
CDLHAMMER,bull,trend_up,1.0,34,13,21,38.2,44.1,-0.69,N,-3.63,-0.354,0.27,44.1
CDLHAMMER,bull,trend_up,1.25,34,15,19,44.1,43.9,0.03,N,-3.27,-0.321,0.33,32.4
CDLHAMMER,bull,trend_up,1.5,34,16,18,47.1,49.0,-0.23,N,-3.72,-0.341,0.32,29.4
CDLHAMMER,bull,trend_up,1.75,34,16,18,47.1,48.0,-0.11,N,-3.62,-0.347,0.32,23.5
CDLHAMMER,bull,trend_up,2.0,34,16,18,47.1,48.3,-0.14,N,-3.71,-0.35,0.32,17.6
CDLHAMMER,bull,trend_up,2.25,34,16,18,47.1,46.8,0.03,N,-4.01,-0.378,0.3,14.7
CDLHAMMER,bull,trend_up,2.5,34,16,18,47.1,48.8,-0.2,N,-3.9,-0.372,0.31,8.8
CDLHAMMER,bull,trend_up,2.75,34,16,18,47.1,47.5,-0.06,N,-4.11,-0.394,0.3,8.8
CDLHAMMER,bull,trend_up,3.0,34,16,18,47.1,50.2,-0.37,N,-3.93,-0.378,0.31,5.9
CDL3LINESTRIKE,bull,atr_low,0.5,16,5,11,31.2,31.2,0.0,N,0.23,0.019,1.08,62.5
CDL3LINESTRIKE,bull,atr_low,0.75,16,5,11,31.2,43.2,-0.97,N,-1.11,-0.137,0.73,62.5
CDL3LINESTRIKE,bull,atr_low,1.0,16,6,10,37.5,49.5,-0.96,N,-0.71,-0.095,0.84,43.8
CDL3LINESTRIKE,bull,atr_low,1.25,16,6,10,37.5,45.8,-0.67,N,-0.24,-0.039,0.94,25.0
CDL3LINESTRIKE,bull,atr_low,1.5,16,6,10,37.5,46.4,-0.71,N,-0.64,-0.089,0.85,18.8
CDL3LINESTRIKE,bull,atr_low,1.75,16,7,9,43.8,49.0,-0.42,N,0.18,0.005,1.05,6.2
CDL3LINESTRIKE,bull,atr_low,2.0,16,7,9,43.8,50.0,-0.5,N,0.05,-0.01,1.01,6.2
CDL3LINESTRIKE,bull,atr_low,2.25,16,7,9,43.8,47.4,-0.29,N,-0.08,-0.026,0.98,6.2
CDL3LINESTRIKE,bull,atr_low,2.5,16,7,9,43.8,48.4,-0.38,N,-0.22,-0.041,0.95,6.2
CDL3LINESTRIKE,bull,atr_low,2.75,16,7,9,43.8,55.7,-0.96,N,-0.35,-0.057,0.92,6.2
CDL3LINESTRIKE,bull,atr_low,3.0,16,7,9,43.8,51.0,-0.58,N,-0.49,-0.073,0.89,6.2
CDLDRAGONFLYDOJI,bull,atr_high,0.5,13,2,11,15.4,24.4,-0.75,N,-3.52,-0.267,0.3,76.9
CDLDRAGONFLYDOJI,bull,atr_high,0.75,13,4,9,30.8,34.0,-0.24,N,-3.01,-0.227,0.43,46.2
CDLDRAGONFLYDOJI,bull,atr_high,1.0,13,5,8,38.5,46.2,-0.56,N,-2.85,-0.2,0.46,23.1
CDLDRAGONFLYDOJI,bull,atr_high,1.25,13,6,7,46.2,50.6,-0.32,N,-0.75,-0.036,0.81,0.0
CDLDRAGONFLYDOJI,bull,atr_high,1.5,13,6,7,46.2,53.2,-0.51,N,-0.75,-0.036,0.81,0.0
CDLDRAGONFLYDOJI,bull,atr_high,1.75,13,6,7,46.2,54.5,-0.6,N,-0.75,-0.036,0.81,0.0
CDLDRAGONFLYDOJI,bull,atr_high,2.0,13,6,7,46.2,50.6,-0.32,N,-0.75,-0.036,0.81,0.0
CDLDRAGONFLYDOJI,bull,atr_high,2.25,13,6,7,46.2,46.2,-0.0,N,-0.75,-0.036,0.81,0.0
CDLDRAGONFLYDOJI,bull,atr_high,2.5,13,6,7,46.2,50.0,-0.28,N,-0.75,-0.036,0.81,0.0
CDLDRAGONFLYDOJI,bull,atr_high,2.75,13,6,7,46.2,55.8,-0.7,N,-0.75,-0.036,0.81,0.0
CDLDRAGONFLYDOJI,bull,atr_high,3.0,13,6,7,46.2,54.5,-0.6,N,-0.75,-0.036,0.81,0.0
CDLHIKKAKE,bull,rsi_overbought,0.5,22,6,16,27.3,36.4,-0.89,N,-0.3,0.012,0.92,63.6
CDLHIKKAKE,bull,rsi_overbought,0.75,22,7,15,31.8,39.4,-0.73,N,-1.58,-0.096,0.69,54.5
CDLHIKKAKE,bull,rsi_overbought,1.0,22,9,13,40.9,49.6,-0.82,N,-0.65,-0.047,0.86,31.8
CDLHIKKAKE,bull,rsi_overbought,1.25,22,9,13,40.9,50.4,-0.89,N,-0.93,-0.085,0.81,22.7
CDLHIKKAKE,bull,rsi_overbought,1.5,22,10,12,45.5,49.6,-0.39,N,0.84,0.041,1.23,9.1
CDLHIKKAKE,bull,rsi_overbought,1.75,22,10,12,45.5,47.0,-0.14,N,0.67,0.018,1.18,9.1
CDLHIKKAKE,bull,rsi_overbought,2.0,22,10,12,45.5,48.5,-0.28,N,0.76,0.031,1.21,4.5
CDLHIKKAKE,bull,rsi_overbought,2.25,22,10,12,45.5,49.2,-0.36,N,0.68,0.02,1.18,4.5
CDLHIKKAKE,bull,rsi_overbought,2.5,22,10,12,45.5,51.5,-0.57,N,0.79,0.035,1.22,0.0
CDLHIKKAKE,bull,rsi_overbought,2.75,22,10,12,45.5,54.2,-0.82,N,0.79,0.035,1.22,0.0
CDLHIKKAKE,bull,rsi_overbought,3.0,22,10,12,45.5,45.5,-0.0,N,0.79,0.035,1.22,0.0
CDLSHOOTINGSTAR,bear,atr_high,0.5,11,5,6,45.5,51.5,-0.4,N,-0.01,0.062,1.0,45.5
CDLSHOOTINGSTAR,bear,atr_high,0.75,11,5,6,45.5,46.2,-0.05,N,-0.48,0.035,0.86,27.3
CDLSHOOTINGSTAR,bear,atr_high,1.0,11,5,6,45.5,45.5,-0.0,N,-0.33,0.061,0.9,9.1
CDLSHOOTINGSTAR,bear,atr_high,1.25,11,5,6,45.5,50.0,-0.3,N,-0.67,0.038,0.82,9.1
CDLSHOOTINGSTAR,bear,atr_high,1.5,11,5,6,45.5,63.6,-1.25,N,-1.0,0.015,0.75,9.1
CDLSHOOTINGSTAR,bear,atr_high,1.75,11,5,6,45.5,50.8,-0.35,N,-0.95,0.019,0.76,0.0
CDLSHOOTINGSTAR,bear,atr_high,2.0,11,5,6,45.5,50.8,-0.35,N,-0.95,0.019,0.76,0.0
CDLSHOOTINGSTAR,bear,atr_high,2.25,11,5,6,45.5,56.1,-0.71,N,-0.95,0.019,0.76,0.0
CDLSHOOTINGSTAR,bear,atr_high,2.5,11,5,6,45.5,54.5,-0.61,N,-0.95,0.019,0.76,0.0
CDLSHOOTINGSTAR,bear,atr_high,2.75,11,5,6,45.5,48.5,-0.2,N,-0.95,0.019,0.76,0.0
CDLSHOOTINGSTAR,bear,atr_high,3.0,11,5,6,45.5,48.5,-0.2,N,-0.95,0.019,0.76,0.0
CDLLONGLINE,bear,rsi_oversold,0.5,37,10,27,27.0,28.2,-0.15,N,-1.3,-0.116,0.68,70.3
CDLLONGLINE,bear,rsi_oversold,0.75,37,13,24,35.1,39.2,-0.51,N,-1.26,-0.118,0.73,48.6
CDLLONGLINE,bear,rsi_oversold,1.0,37,15,22,40.5,40.8,-0.03,N,-1.06,-0.111,0.79,35.1
CDLLONGLINE,bear,rsi_oversold,1.25,37,15,22,40.5,43.2,-0.33,N,-1.52,-0.15,0.72,24.3
CDLLONGLINE,bear,rsi_oversold,1.5,37,16,21,43.2,48.9,-0.69,N,-1.24,-0.134,0.77,18.9
CDLLONGLINE,bear,rsi_oversold,1.75,37,16,21,43.2,52.3,-1.1,N,-1.2,-0.136,0.77,16.2
CDLLONGLINE,bear,rsi_oversold,2.0,37,16,21,43.2,45.7,-0.3,N,-1.49,-0.161,0.73,13.5
CDLLONGLINE,bear,rsi_oversold,2.25,37,16,21,43.2,47.5,-0.52,N,-1.24,-0.13,0.77,5.4
CDLLONGLINE,bear,rsi_oversold,2.5,37,16,21,43.2,49.3,-0.74,N,-1.4,-0.144,0.74,5.4
CDLLONGLINE,bear,rsi_oversold,2.75,37,16,21,43.2,49.8,-0.79,N,-1.55,-0.157,0.72,5.4
CDLLONGLINE,bear,rsi_oversold,3.0,37,16,21,43.2,47.7,-0.55,N,-1.49,-0.156,0.73,2.7
CDLSPINNINGTOP,bear,rsi_mid_overbought,0.5,153,47,106,30.7,33.4,-0.7,N,-0.75,-0.067,0.77,65.4
CDLSPINNINGTOP,bear,rsi_mid_overbought,0.75,153,62,91,40.5,41.1,-0.15,N,-0.31,-0.035,0.91,43.8
CDLSPINNINGTOP,bear,rsi_mid_overbought,1.0,153,69,84,45.1,47.9,-0.7,N,-0.11,-0.023,0.97,28.1
CDLSPINNINGTOP,bear,rsi_mid_overbought,1.25,153,72,81,47.1,49.2,-0.54,N,0.01,-0.017,1.0,19.6
CDLSPINNINGTOP,bear,rsi_mid_overbought,1.5,153,72,81,47.1,51.6,-1.12,N,-0.1,-0.032,0.97,15.7
CDLSPINNINGTOP,bear,rsi_mid_overbought,1.75,153,73,80,47.7,49.5,-0.44,N,-0.05,-0.026,0.99,9.2
CDLSPINNINGTOP,bear,rsi_mid_overbought,2.0,153,73,80,47.7,48.0,-0.07,N,-0.2,-0.044,0.95,7.8
CDLSPINNINGTOP,bear,rsi_mid_overbought,2.25,153,73,80,47.7,49.9,-0.54,N,-0.33,-0.059,0.91,6.5
CDLSPINNINGTOP,bear,rsi_mid_overbought,2.5,153,73,80,47.7,48.9,-0.28,N,-0.4,-0.068,0.9,4.6
CDLSPINNINGTOP,bear,rsi_mid_overbought,2.75,153,73,80,47.7,49.7,-0.49,N,-0.44,-0.073,0.89,3.3
CDLSPINNINGTOP,bear,rsi_mid_overbought,3.0,153,73,80,47.7,49.7,-0.49,N,-0.51,-0.081,0.87,3.3
CDLBELTHOLD,bear,trend_down,0.5,307,97,210,31.6,31.9,-0.11,N,-0.31,-0.045,0.9,63.5
CDLBELTHOLD,bear,trend_down,0.75,307,116,191,37.8,39.1,-0.49,N,-0.81,-0.094,0.79,48.9
CDLBELTHOLD,bear,trend_down,1.0,307,125,182,40.7,43.3,-0.93,N,-0.89,-0.102,0.79,36.5
CDLBELTHOLD,bear,trend_down,1.25,307,137,170,44.6,46.2,-0.56,N,-0.61,-0.071,0.86,26.4
CDLBELTHOLD,bear,trend_down,1.5,307,138,169,45.0,48.1,-1.11,N,-0.69,-0.08,0.84,18.9
CDLBELTHOLD,bear,trend_down,1.75,307,138,169,45.0,48.3,-1.18,N,-0.79,-0.094,0.82,14.3
CDLBELTHOLD,bear,trend_down,2.0,307,141,166,45.9,48.6,-0.92,N,-0.65,-0.081,0.85,10.4
CDLBELTHOLD,bear,trend_down,2.25,307,143,164,46.6,48.0,-0.51,N,-0.55,-0.069,0.88,7.5
CDLBELTHOLD,bear,trend_down,2.5,307,143,164,46.6,49.0,-0.86,N,-0.5,-0.071,0.88,5.5
CDLBELTHOLD,bear,trend_down,2.75,307,143,164,46.6,48.9,-0.83,N,-0.57,-0.079,0.87,4.9
CDLBELTHOLD,bear,trend_down,3.0,307,143,164,46.6,49.6,-1.07,N,-0.46,-0.071,0.89,3.3
CDLHARAMI,bull,atr_low,0.5,167,53,114,31.7,32.2,-0.12,N,-0.61,-0.052,0.78,61.1
CDLHARAMI,bull,atr_low,0.75,167,63,104,37.7,41.1,-0.89,N,-0.71,-0.069,0.79,44.9
CDLHARAMI,bull,atr_low,1.0,167,69,98,41.3,43.1,-0.46,N,-0.64,-0.062,0.82,32.9
CDLHARAMI,bull,atr_low,1.25,167,73,94,43.7,45.0,-0.32,N,-0.56,-0.046,0.84,21.0
CDLHARAMI,bull,atr_low,1.5,167,74,93,44.3,45.7,-0.35,N,-0.44,-0.031,0.88,13.2
CDLHARAMI,bull,atr_low,1.75,167,76,91,45.5,50.7,-1.34,N,-0.41,-0.026,0.89,9.6
CDLHARAMI,bull,atr_low,2.0,167,76,91,45.5,48.4,-0.75,N,-0.35,-0.018,0.9,6.0
CDLHARAMI,bull,atr_low,2.25,167,76,91,45.5,51.4,-1.54,N,-0.39,-0.022,0.89,4.2
CDLHARAMI,bull,atr_low,2.5,167,76,91,45.5,48.4,-0.74,N,-0.49,-0.033,0.87,4.2
CDLHARAMI,bull,atr_low,2.75,167,76,91,45.5,48.2,-0.68,N,-0.57,-0.042,0.85,3.6
CDLHARAMI,bull,atr_low,3.0,167,76,91,45.5,49.0,-0.9,N,-0.64,-0.051,0.83,3.6
CDLENGULFING,bull,rsi_mid_oversold,0.5,115,39,76,33.9,37.7,-0.83,N,-0.2,-0.031,0.93,62.6
CDLENGULFING,bull,rsi_mid_oversold,0.75,115,42,73,36.5,39.8,-0.71,N,-0.94,-0.106,0.76,49.6
CDLENGULFING,bull,rsi_mid_oversold,1.0,115,47,68,40.9,47.6,-1.45,N,-0.85,-0.097,0.8,37.4
CDLENGULFING,bull,rsi_mid_oversold,1.25,115,52,63,45.2,47.9,-0.58,N,-0.42,-0.062,0.9,24.3
CDLENGULFING,bull,rsi_mid_oversold,1.5,115,52,63,45.2,49.0,-0.81,N,-0.35,-0.068,0.91,18.3
CDLENGULFING,bull,rsi_mid_oversold,1.75,115,53,62,46.1,46.8,-0.16,N,-0.19,-0.053,0.95,10.4
CDLENGULFING,bull,rsi_mid_oversold,2.0,115,53,62,46.1,51.7,-1.2,N,-0.09,-0.042,0.98,7.0
CDLENGULFING,bull,rsi_mid_oversold,2.25,115,53,62,46.1,50.4,-0.92,N,-0.1,-0.045,0.97,5.2
CDLENGULFING,bull,rsi_mid_oversold,2.5,115,53,62,46.1,51.4,-1.13,N,-0.18,-0.054,0.95,4.3
CDLENGULFING,bull,rsi_mid_oversold,2.75,115,53,62,46.1,51.0,-1.06,N,-0.06,-0.043,0.98,1.7
CDLENGULFING,bull,rsi_mid_oversold,3.0,115,53,62,46.1,48.4,-0.5,N,-0.09,-0.047,0.98,1.7
CDLRICKSHAWMAN,bull,trend_up,0.5,175,59,116,33.7,34.8,-0.29,N,-0.7,-0.063,0.77,59.4
CDLRICKSHAWMAN,bull,trend_up,0.75,175,69,106,39.4,42.4,-0.8,N,-0.58,-0.053,0.84,41.1
CDLRICKSHAWMAN,bull,trend_up,1.0,175,78,97,44.6,46.2,-0.44,N,-0.24,-0.017,0.93,26.3
CDLRICKSHAWMAN,bull,trend_up,1.25,175,80,95,45.7,46.9,-0.32,N,-0.18,-0.011,0.95,14.9
CDLRICKSHAWMAN,bull,trend_up,1.5,175,80,95,45.7,50.6,-1.29,N,-0.26,-0.02,0.93,10.9
CDLRICKSHAWMAN,bull,trend_up,1.75,175,81,94,46.3,48.0,-0.47,N,-0.2,-0.009,0.94,6.3
CDLRICKSHAWMAN,bull,trend_up,2.0,175,81,94,46.3,48.5,-0.59,N,-0.2,-0.01,0.94,4.6
CDLRICKSHAWMAN,bull,trend_up,2.25,175,81,94,46.3,50.2,-1.03,N,-0.2,-0.01,0.94,2.9
CDLRICKSHAWMAN,bull,trend_up,2.5,175,81,94,46.3,46.9,-0.16,N,-0.25,-0.014,0.93,2.3
CDLRICKSHAWMAN,bull,trend_up,2.75,175,81,94,46.3,47.1,-0.21,N,-0.24,-0.012,0.93,1.1
CDLRICKSHAWMAN,bull,trend_up,3.0,175,81,94,46.3,47.4,-0.29,N,-0.2,-0.008,0.94,0.6
CDLSHORTLINE,bear,rsi_oversold,0.5,18,5,13,27.8,40.3,-1.08,N,-0.6,-0.109,0.85,66.7
CDLSHORTLINE,bear,rsi_oversold,0.75,18,6,12,33.3,43.5,-0.87,N,-0.93,-0.172,0.81,55.6
CDLSHORTLINE,bear,rsi_oversold,1.0,18,7,11,38.9,45.8,-0.59,N,-1.41,-0.189,0.74,44.4
CDLSHORTLINE,bear,rsi_oversold,1.25,18,7,11,38.9,42.1,-0.28,N,-2.13,-0.269,0.65,33.3
CDLSHORTLINE,bear,rsi_oversold,1.5,18,8,10,44.4,53.7,-0.79,N,-1.04,-0.118,0.8,11.1
CDLSHORTLINE,bear,rsi_oversold,1.75,18,8,10,44.4,49.1,-0.39,N,-0.06,-0.047,0.99,0.0
CDLSHORTLINE,bear,rsi_oversold,2.0,18,8,10,44.4,46.3,-0.16,N,-0.06,-0.047,0.99,0.0
CDLSHORTLINE,bear,rsi_oversold,2.25,18,8,10,44.4,50.0,-0.47,N,-0.06,-0.047,0.99,0.0
CDLSHORTLINE,bear,rsi_oversold,2.5,18,8,10,44.4,46.8,-0.2,N,-0.06,-0.047,0.99,0.0
CDLSHORTLINE,bear,rsi_oversold,2.75,18,8,10,44.4,51.4,-0.59,N,-0.06,-0.047,0.99,0.0
CDLSHORTLINE,bear,rsi_oversold,3.0,18,8,10,44.4,48.1,-0.31,N,-0.06,-0.047,0.99,0.0
CDLENGULFING,bear,atr_high,0.5,184,64,120,34.8,35.4,-0.17,N,0.22,0.007,1.06,60.9
CDLENGULFING,bear,atr_high,0.75,184,75,109,40.8,43.8,-0.84,N,-0.01,-0.017,1.0,45.7
CDLENGULFING,bear,atr_high,1.0,184,81,103,44.0,46.6,-0.7,N,-0.03,-0.019,0.99,34.8
CDLENGULFING,bear,atr_high,1.25,184,83,101,45.1,48.6,-0.93,N,-0.14,-0.03,0.97,25.0
CDLENGULFING,bear,atr_high,1.5,184,86,98,46.7,49.0,-0.6,N,0.3,0.008,1.06,14.7
CDLENGULFING,bear,atr_high,1.75,184,86,98,46.7,49.8,-0.82,N,0.02,-0.017,1.0,13.0
CDLENGULFING,bear,atr_high,2.0,184,86,98,46.7,49.9,-0.86,N,0.01,-0.013,1.0,9.2
CDLENGULFING,bear,atr_high,2.25,184,86,98,46.7,50.7,-1.08,N,-0.02,-0.012,1.0,6.0
CDLENGULFING,bear,atr_high,2.5,184,86,98,46.7,48.5,-0.48,N,-0.11,-0.02,0.98,4.9
CDLENGULFING,bear,atr_high,2.75,184,86,98,46.7,49.9,-0.85,N,-0.13,-0.019,0.98,3.3
CDLENGULFING,bear,atr_high,3.0,184,86,98,46.7,50.0,-0.9,N,-0.09,-0.015,0.98,2.2
CDLHARAMICROSS,bear,rsi_mid_overbought,0.5,24,9,15,37.5,39.2,-0.17,N,1.11,0.04,1.39,58.3
CDLHARAMICROSS,bear,rsi_mid_overbought,0.75,24,9,15,37.5,47.2,-0.95,N,0.24,-0.048,1.07,45.8
CDLHARAMICROSS,bear,rsi_mid_overbought,1.0,24,11,13,45.8,50.7,-0.48,N,1.67,0.08,1.7,16.7
CDLHARAMICROSS,bear,rsi_mid_overbought,1.25,24,11,13,45.8,49.7,-0.37,N,1.5,0.054,1.58,12.5
CDLHARAMICROSS,bear,rsi_mid_overbought,1.5,24,11,13,45.8,49.0,-0.31,N,1.45,0.047,1.55,8.3
CDLHARAMICROSS,bear,rsi_mid_overbought,1.75,24,11,13,45.8,47.9,-0.2,N,1.3,0.026,1.47,8.3
CDLHARAMICROSS,bear,rsi_mid_overbought,2.0,24,11,13,45.8,55.9,-0.99,N,1.55,0.063,1.61,4.2
CDLHARAMICROSS,bear,rsi_mid_overbought,2.25,24,11,13,45.8,53.1,-0.72,N,1.47,0.053,1.56,4.2
CDLHARAMICROSS,bear,rsi_mid_overbought,2.5,24,11,13,45.8,52.1,-0.61,N,1.39,0.042,1.52,4.2
CDLHARAMICROSS,bear,rsi_mid_overbought,2.75,24,11,13,45.8,49.0,-0.31,N,1.31,0.032,1.47,4.2
CDLHARAMICROSS,bear,rsi_mid_overbought,3.0,24,11,13,45.8,49.7,-0.37,N,1.23,0.021,1.43,4.2
CDLSPINNINGTOP,bear,atr_low,0.5,580,187,393,32.2,33.4,-0.6,N,-0.17,-0.017,0.94,63.1
CDLSPINNINGTOP,bear,atr_low,0.75,580,236,344,40.7,42.3,-0.78,N,0.02,0.002,1.01,44.5
CDLSPINNINGTOP,bear,atr_low,1.0,580,259,321,44.7,45.6,-0.44,N,0.17,0.019,1.05,31.2
CDLSPINNINGTOP,bear,atr_low,1.25,580,267,313,46.0,48.2,-1.05,N,0.14,0.02,1.04,22.1
CDLSPINNINGTOP,bear,atr_low,1.5,580,270,310,46.6,49.6,-1.48,N,-0.01,0.003,1.0,17.1
CDLSPINNINGTOP,bear,atr_low,1.75,580,276,304,47.6,48.0,-0.2,N,0.0,0.005,1.0,11.7
CDLSPINNINGTOP,bear,atr_low,2.0,580,276,304,47.6,48.2,-0.28,N,-0.1,-0.008,0.97,9.5
CDLSPINNINGTOP,bear,atr_low,2.25,580,276,304,47.6,49.4,-0.87,N,-0.15,-0.014,0.96,6.7
CDLSPINNINGTOP,bear,atr_low,2.5,580,277,303,47.8,48.5,-0.37,N,-0.18,-0.015,0.96,5.2
CDLSPINNINGTOP,bear,atr_low,2.75,580,278,302,47.9,49.9,-0.95,N,-0.18,-0.016,0.96,4.1
CDLSPINNINGTOP,bear,atr_low,3.0,580,278,302,47.9,49.5,-0.74,N,-0.18,-0.019,0.95,3.6
CDLDOJI,bull,rsi_oversold,0.5,23,4,19,17.4,29.7,-1.29,N,-4.03,-0.374,0.09,82.6
CDLDOJI,bull,rsi_oversold,0.75,23,7,16,30.4,37.0,-0.65,N,-4.27,-0.369,0.26,69.6
CDLDOJI,bull,rsi_oversold,1.0,23,8,15,34.8,41.7,-0.67,N,-4.37,-0.345,0.27,43.5
CDLDOJI,bull,rsi_oversold,1.25,23,9,14,39.1,54.0,-1.43,N,-4.31,-0.278,0.31,30.4
CDLDOJI,bull,rsi_oversold,1.5,23,10,13,43.5,53.3,-0.94,N,-4.08,-0.266,0.34,21.7
CDLDOJI,bull,rsi_oversold,1.75,23,10,13,43.5,54.7,-1.08,N,-4.37,-0.288,0.32,13.0
CDLDOJI,bull,rsi_oversold,2.0,23,10,13,43.5,53.6,-0.98,N,-4.28,-0.284,0.33,8.7
CDLDOJI,bull,rsi_oversold,2.25,23,10,13,43.5,46.0,-0.24,N,-4.56,-0.306,0.31,8.7
CDLDOJI,bull,rsi_oversold,2.5,23,10,13,43.5,50.4,-0.66,N,-4.84,-0.328,0.3,8.7
CDLDOJI,bull,rsi_oversold,2.75,23,10,13,43.5,49.6,-0.59,N,-4.71,-0.31,0.31,4.3
CDLDOJI,bull,rsi_oversold,3.0,23,10,13,43.5,50.4,-0.66,N,-4.88,-0.321,0.3,4.3
CDLLONGLEGGEDDOJI,bull,rsi_oversold,0.5,23,4,19,17.4,22.5,-0.58,N,-4.03,-0.374,0.09,82.6
CDLLONGLEGGEDDOJI,bull,rsi_oversold,0.75,23,7,16,30.4,35.5,-0.51,N,-4.27,-0.369,0.26,69.6
CDLLONGLEGGEDDOJI,bull,rsi_oversold,1.0,23,8,15,34.8,44.2,-0.91,N,-4.37,-0.345,0.27,43.5
CDLLONGLEGGEDDOJI,bull,rsi_oversold,1.25,23,9,14,39.1,44.6,-0.52,N,-4.31,-0.278,0.31,30.4
CDLLONGLEGGEDDOJI,bull,rsi_oversold,1.5,23,10,13,43.5,48.2,-0.45,N,-4.08,-0.266,0.34,21.7
CDLLONGLEGGEDDOJI,bull,rsi_oversold,1.75,23,10,13,43.5,51.1,-0.73,N,-4.37,-0.288,0.32,13.0
CDLLONGLEGGEDDOJI,bull,rsi_oversold,2.0,23,10,13,43.5,49.3,-0.56,N,-4.28,-0.284,0.33,8.7
CDLLONGLEGGEDDOJI,bull,rsi_oversold,2.25,23,10,13,43.5,47.1,-0.35,N,-4.56,-0.306,0.31,8.7
CDLLONGLEGGEDDOJI,bull,rsi_oversold,2.5,23,10,13,43.5,46.0,-0.24,N,-4.84,-0.328,0.3,8.7
CDLLONGLEGGEDDOJI,bull,rsi_oversold,2.75,23,10,13,43.5,51.1,-0.73,N,-4.71,-0.31,0.31,4.3
CDLLONGLEGGEDDOJI,bull,rsi_oversold,3.0,23,10,13,43.5,55.8,-1.19,N,-4.88,-0.321,0.3,4.3
CDLMARUBOZU,bear,trend_down,0.5,79,27,52,34.2,35.7,-0.27,N,-0.0,-0.052,1.0,59.5
CDLMARUBOZU,bear,trend_down,0.75,79,32,47,40.5,42.4,-0.34,N,-0.35,-0.091,0.9,43.0
CDLMARUBOZU,bear,trend_down,1.0,79,33,46,41.8,47.7,-1.05,N,-0.69,-0.119,0.82,29.1
CDLMARUBOZU,bear,trend_down,1.25,79,34,45,43.0,50.3,-1.29,N,-1.03,-0.156,0.76,26.6
CDLMARUBOZU,bear,trend_down,1.5,79,34,45,43.0,47.5,-0.79,N,-1.17,-0.17,0.74,17.7
CDLMARUBOZU,bear,trend_down,1.75,79,34,45,43.0,45.1,-0.38,N,-0.93,-0.159,0.78,12.7
CDLMARUBOZU,bear,trend_down,2.0,79,35,44,44.3,49.2,-0.86,N,-0.9,-0.156,0.79,10.1
CDLMARUBOZU,bear,trend_down,2.25,79,36,43,45.6,49.3,-0.66,N,-0.55,-0.118,0.86,6.3
CDLMARUBOZU,bear,trend_down,2.5,79,36,43,45.6,50.3,-0.84,N,-0.68,-0.134,0.83,6.3
CDLMARUBOZU,bear,trend_down,2.75,79,36,43,45.6,52.7,-1.28,N,-0.81,-0.15,0.81,6.3
CDLMARUBOZU,bear,trend_down,3.0,79,36,43,45.6,49.1,-0.62,N,-0.74,-0.139,0.82,3.8
CDLSHOOTINGSTAR,bear,atr_low,0.5,23,7,16,30.4,38.0,-0.75,N,-0.92,-0.099,0.71,65.2
CDLSHOOTINGSTAR,bear,atr_low,0.75,23,7,16,30.4,39.9,-0.92,N,-1.96,-0.215,0.53,52.2
CDLSHOOTINGSTAR,bear,atr_low,1.0,23,8,15,34.8,47.5,-1.22,N,-2.35,-0.254,0.49,39.1
CDLSHOOTINGSTAR,bear,atr_low,1.25,23,9,14,39.1,43.1,-0.39,N,-2.45,-0.251,0.51,34.8
CDLSHOOTINGSTAR,bear,atr_low,1.5,23,9,14,39.1,53.3,-1.36,N,-2.45,-0.247,0.51,21.7
CDLSHOOTINGSTAR,bear,atr_low,1.75,23,9,14,39.1,47.1,-0.77,N,-2.92,-0.297,0.47,17.4
CDLSHOOTINGSTAR,bear,atr_low,2.0,23,9,14,39.1,44.9,-0.56,N,-3.24,-0.327,0.44,13.0
CDLSHOOTINGSTAR,bear,atr_low,2.25,23,9,14,39.1,42.4,-0.32,N,-3.45,-0.343,0.43,8.7
CDLSHOOTINGSTAR,bear,atr_low,2.5,23,9,14,39.1,47.1,-0.77,N,-3.7,-0.365,0.41,8.7
CDLSHOOTINGSTAR,bear,atr_low,2.75,23,9,14,39.1,52.9,-1.32,N,-3.95,-0.387,0.4,8.7
CDLSHOOTINGSTAR,bear,atr_low,3.0,23,9,14,39.1,45.7,-0.63,N,-4.2,-0.409,0.38,8.7
CDLMARUBOZU,bull,rsi_mid_oversold,0.5,29,11,18,37.9,41.1,-0.35,N,-0.04,-0.001,0.99,58.6
CDLMARUBOZU,bull,rsi_mid_oversold,0.75,29,12,17,41.4,44.8,-0.37,N,-0.41,-0.039,0.89,41.4
CDLMARUBOZU,bull,rsi_mid_oversold,1.0,29,12,17,41.4,48.0,-0.71,N,-1.33,-0.121,0.71,34.5
CDLMARUBOZU,bull,rsi_mid_oversold,1.25,29,12,17,41.4,46.0,-0.5,N,-2.24,-0.208,0.59,34.5
CDLMARUBOZU,bull,rsi_mid_oversold,1.5,29,12,17,41.4,50.0,-0.93,N,-2.55,-0.231,0.56,24.1
CDLMARUBOZU,bull,rsi_mid_oversold,1.75,29,12,17,41.4,51.1,-1.05,N,-1.77,-0.179,0.65,13.8
CDLMARUBOZU,bull,rsi_mid_oversold,2.0,29,12,17,41.4,54.3,-1.4,N,-2.0,-0.201,0.62,10.3
CDLMARUBOZU,bull,rsi_mid_oversold,2.25,29,12,17,41.4,53.2,-1.27,N,-1.82,-0.181,0.64,6.9
CDLMARUBOZU,bull,rsi_mid_oversold,2.5,29,12,17,41.4,48.6,-0.77,N,-1.54,-0.158,0.68,3.4
CDLMARUBOZU,bull,rsi_mid_oversold,2.75,29,12,17,41.4,52.9,-1.24,N,-1.63,-0.166,0.67,3.4
CDLMARUBOZU,bull,rsi_mid_oversold,3.0,29,12,17,41.4,48.6,-0.77,N,-1.73,-0.175,0.65,3.4
CDL3OUTSIDE,bull,rsi_mid_oversold,0.5,34,11,23,32.4,37.0,-0.56,N,-0.31,-0.026,0.91,67.6
CDL3OUTSIDE,bull,rsi_mid_oversold,0.75,34,13,21,38.2,43.6,-0.63,N,-1.02,-0.091,0.78,58.8
CDL3OUTSIDE,bull,rsi_mid_oversold,1.0,34,14,20,41.2,46.8,-0.66,N,-1.35,-0.138,0.75,44.1
CDL3OUTSIDE,bull,rsi_mid_oversold,1.25,34,14,20,41.2,44.4,-0.37,N,-2.15,-0.219,0.65,35.3
CDL3OUTSIDE,bull,rsi_mid_oversold,1.5,34,14,20,41.2,48.8,-0.89,N,-1.67,-0.189,0.71,23.5
CDL3OUTSIDE,bull,rsi_mid_oversold,1.75,34,14,20,41.2,48.5,-0.86,N,-1.88,-0.222,0.68,20.6
CDL3OUTSIDE,bull,rsi_mid_oversold,2.0,34,14,20,41.2,47.3,-0.72,N,-1.63,-0.207,0.71,8.8
CDL3OUTSIDE,bull,rsi_mid_oversold,2.25,34,14,20,41.2,47.3,-0.72,N,-1.27,-0.169,0.76,2.9
CDL3OUTSIDE,bull,rsi_mid_oversold,2.5,34,14,20,41.2,47.3,-0.72,N,-1.33,-0.176,0.75,2.9
CDL3OUTSIDE,bull,rsi_mid_oversold,2.75,34,14,20,41.2,52.2,-1.29,N,-1.14,-0.153,0.78,0.0
CDL3OUTSIDE,bull,rsi_mid_oversold,3.0,34,14,20,41.2,51.0,-1.14,N,-1.14,-0.153,0.78,0.0
CDLBELTHOLD,bear,rsi_mid_overbought,0.5,62,22,40,35.5,37.8,-0.37,N,0.82,0.058,1.27,61.3
CDLBELTHOLD,bear,rsi_mid_overbought,0.75,62,26,36,41.9,47.3,-0.85,N,0.68,0.032,1.2,38.7
CDLBELTHOLD,bear,rsi_mid_overbought,1.0,62,26,36,41.9,45.7,-0.59,N,0.24,-0.018,1.06,30.6
CDLBELTHOLD,bear,rsi_mid_overbought,1.25,62,26,36,41.9,48.8,-1.08,N,0.31,-0.011,1.08,19.4
CDLBELTHOLD,bear,rsi_mid_overbought,1.5,62,27,35,43.5,48.0,-0.7,N,0.6,0.016,1.17,12.9
CDLBELTHOLD,bear,rsi_mid_overbought,1.75,62,28,34,45.2,52.0,-1.08,N,0.87,0.056,1.26,4.8
CDLBELTHOLD,bear,rsi_mid_overbought,2.0,62,28,34,45.2,49.5,-0.68,N,0.87,0.058,1.26,3.2
CDLBELTHOLD,bear,rsi_mid_overbought,2.25,62,28,34,45.2,49.1,-0.61,N,0.78,0.05,1.23,3.2
CDLBELTHOLD,bear,rsi_mid_overbought,2.5,62,28,34,45.2,49.6,-0.7,N,1.05,0.065,1.34,1.6
CDLBELTHOLD,bear,rsi_mid_overbought,2.75,62,28,34,45.2,50.3,-0.8,N,1.02,0.061,1.33,1.6
CDLBELTHOLD,bear,rsi_mid_overbought,3.0,62,28,34,45.2,49.7,-0.72,N,1.0,0.057,1.31,1.6
CDLLONGLINE,bear,none,0.5,666,225,441,33.8,34.7,-0.52,N,-0.12,-0.022,0.96,61.7
CDLLONGLINE,bear,none,0.75,666,274,392,41.1,43.6,-1.3,N,-0.17,-0.028,0.95,45.0
CDLLONGLINE,bear,none,1.0,666,295,371,44.3,45.0,-0.38,N,-0.3,-0.043,0.92,31.8
CDLLONGLINE,bear,none,1.25,666,307,359,46.1,47.8,-0.9,N,-0.34,-0.047,0.91,24.0
CDLLONGLINE,bear,none,1.5,666,313,353,47.0,48.7,-0.89,N,-0.35,-0.047,0.91,17.1
CDLLONGLINE,bear,none,1.75,666,315,351,47.3,49.3,-1.01,N,-0.34,-0.049,0.92,12.0
CDLLONGLINE,bear,none,2.0,666,316,350,47.4,48.6,-0.62,N,-0.38,-0.055,0.91,9.0
CDLLONGLINE,bear,none,2.25,666,317,349,47.6,48.6,-0.52,N,-0.32,-0.048,0.92,6.3
CDLLONGLINE,bear,none,2.5,666,318,348,47.7,49.5,-0.92,N,-0.23,-0.042,0.94,5.1
CDLLONGLINE,bear,none,2.75,666,318,348,47.7,49.5,-0.91,N,-0.26,-0.046,0.94,3.9
CDLLONGLINE,bear,none,3.0,666,318,348,47.7,50.0,-1.16,N,-0.29,-0.051,0.93,3.2
CDLGRAVESTONEDOJI,bear,rsi_mid_overbought,0.5,33,12,21,36.4,39.6,-0.39,N,0.01,-0.008,1.0,60.6
CDLGRAVESTONEDOJI,bear,rsi_mid_overbought,0.75,33,13,20,39.4,46.5,-0.81,N,-0.06,-0.022,0.98,30.3
CDLGRAVESTONEDOJI,bear,rsi_mid_overbought,1.0,33,13,20,39.4,46.5,-0.81,N,-0.07,-0.024,0.98,12.1
CDLGRAVESTONEDOJI,bear,rsi_mid_overbought,1.25,33,13,20,39.4,48.5,-1.04,N,-0.27,-0.046,0.92,9.1
CDLGRAVESTONEDOJI,bear,rsi_mid_overbought,1.5,33,13,20,39.4,50.8,-1.31,N,-0.47,-0.069,0.86,9.1
CDLGRAVESTONEDOJI,bear,rsi_mid_overbought,1.75,33,13,20,39.4,50.0,-1.22,N,-0.62,-0.087,0.83,6.1
CDLGRAVESTONEDOJI,bear,rsi_mid_overbought,2.0,33,13,20,39.4,47.5,-0.93,N,-0.35,-0.05,0.9,3.0
CDLGRAVESTONEDOJI,bear,rsi_mid_overbought,2.25,33,13,20,39.4,46.7,-0.84,N,-0.42,-0.057,0.88,3.0
CDLGRAVESTONEDOJI,bear,rsi_mid_overbought,2.5,33,13,20,39.4,49.5,-1.16,N,-0.49,-0.065,0.86,3.0
CDLGRAVESTONEDOJI,bear,rsi_mid_overbought,2.75,33,13,20,39.4,52.3,-1.48,N,-0.56,-0.073,0.84,3.0
CDLGRAVESTONEDOJI,bear,rsi_mid_overbought,3.0,33,13,20,39.4,49.7,-1.19,N,-0.63,-0.08,0.82,3.0
CDLSPINNINGTOP,bull,rsi_overbought,0.5,33,10,23,30.3,38.4,-0.95,N,0.63,0.108,1.18,63.6
CDLSPINNINGTOP,bull,rsi_overbought,0.75,33,11,22,33.3,47.0,-1.57,N,0.21,0.059,1.05,48.5
CDLSPINNINGTOP,bull,rsi_overbought,1.0,33,13,20,39.4,46.2,-0.79,N,0.62,0.126,1.14,36.4
CDLSPINNINGTOP,bull,rsi_overbought,1.25,33,13,20,39.4,53.5,-1.63,N,0.56,0.125,1.12,21.2
CDLSPINNINGTOP,bull,rsi_overbought,1.5,33,13,20,39.4,43.2,-0.44,N,0.34,0.098,1.07,18.2
CDLSPINNINGTOP,bull,rsi_overbought,1.75,33,13,20,39.4,49.2,-1.13,N,0.22,0.088,1.05,15.2
CDLSPINNINGTOP,bull,rsi_overbought,2.0,33,13,20,39.4,55.8,-1.9,N,-0.19,0.05,0.96,15.2
CDLSPINNINGTOP,bull,rsi_overbought,2.25,33,13,20,39.4,53.3,-1.6,N,-0.43,0.027,0.92,12.1
CDLSPINNINGTOP,bull,rsi_overbought,2.5,33,13,20,39.4,55.1,-1.81,N,-0.36,0.029,0.93,6.1
CDLSPINNINGTOP,bull,rsi_overbought,2.75,33,13,20,39.4,51.0,-1.33,N,-0.31,0.036,0.94,3.0
CDLSPINNINGTOP,bull,rsi_overbought,3.0,33,13,20,39.4,48.7,-1.07,N,-0.38,0.028,0.93,3.0
CDLHANGINGMAN,bear,atr_high,0.5,10,3,7,30.0,37.5,-0.49,N,-2.13,-0.116,0.51,60.0
CDLHANGINGMAN,bear,atr_high,0.75,10,3,7,30.0,48.3,-1.16,N,-3.57,-0.224,0.38,40.0
CDLHANGINGMAN,bear,atr_high,1.0,10,3,7,30.0,41.7,-0.75,N,-4.2,-0.274,0.35,30.0
CDLHANGINGMAN,bear,atr_high,1.25,10,3,7,30.0,54.2,-1.53,N,-4.74,-0.316,0.32,20.0
CDLHANGINGMAN,bear,atr_high,1.5,10,3,7,30.0,46.7,-1.06,N,-5.39,-0.366,0.29,20.0
CDLHANGINGMAN,bear,atr_high,1.75,10,3,7,30.0,50.0,-1.26,N,-6.04,-0.416,0.27,20.0
CDLHANGINGMAN,bear,atr_high,2.0,10,3,7,30.0,55.8,-1.65,N,-5.58,-0.376,0.28,0.0
CDLHANGINGMAN,bear,atr_high,2.25,10,3,7,30.0,43.3,-0.85,N,-5.58,-0.376,0.28,0.0
CDLHANGINGMAN,bear,atr_high,2.5,10,3,7,30.0,50.8,-1.32,N,-5.58,-0.376,0.28,0.0
CDLHANGINGMAN,bear,atr_high,2.75,10,3,7,30.0,44.2,-0.9,N,-5.58,-0.376,0.28,0.0
CDLHANGINGMAN,bear,atr_high,3.0,10,3,7,30.0,52.5,-1.42,N,-5.58,-0.376,0.28,0.0
CDLENGULFING,bear,trend_up,0.5,239,83,156,34.7,36.3,-0.52,N,0.71,0.058,1.24,59.0
CDLENGULFING,bear,trend_up,0.75,239,98,141,41.0,43.0,-0.63,N,0.31,0.019,1.08,44.8
CDLENGULFING,bear,trend_up,1.0,239,108,131,45.2,47.8,-0.82,N,0.51,0.041,1.13,30.1
CDLENGULFING,bear,trend_up,1.25,239,109,130,45.6,48.6,-0.93,N,0.23,0.015,1.06,22.2
CDLENGULFING,bear,trend_up,1.5,239,113,126,47.3,49.7,-0.75,N,0.4,0.03,1.1,15.1
CDLENGULFING,bear,trend_up,1.75,239,114,125,47.7,49.4,-0.53,N,0.34,0.027,1.08,10.9
CDLENGULFING,bear,trend_up,2.0,239,114,125,47.7,50.5,-0.85,N,0.35,0.027,1.08,7.1
CDLENGULFING,bear,trend_up,2.25,239,114,125,47.7,50.7,-0.92,N,0.27,0.019,1.06,5.9
CDLENGULFING,bear,trend_up,2.5,239,114,125,47.7,49.3,-0.5,N,0.16,0.006,1.04,5.0
CDLENGULFING,bear,trend_up,2.75,239,114,125,47.7,49.5,-0.57,N,0.09,-0.001,1.02,3.8
CDLENGULFING,bear,trend_up,3.0,239,114,125,47.7,49.6,-0.59,N,0.02,-0.008,1.01,3.3
CDLLONGLINE,bull,rsi_mid_oversold,0.5,118,41,77,34.7,37.0,-0.51,N,-0.72,-0.088,0.77,61.0
CDLLONGLINE,bull,rsi_mid_oversold,0.75,118,46,72,39.0,44.4,-1.19,N,-1.09,-0.124,0.71,45.8
CDLLONGLINE,bull,rsi_mid_oversold,1.0,118,48,70,40.7,49.2,-1.86,N,-1.5,-0.169,0.65,34.7
CDLLONGLINE,bull,rsi_mid_oversold,1.25,118,51,67,43.2,50.4,-1.55,N,-1.65,-0.181,0.64,28.0
CDLLONGLINE,bull,rsi_mid_oversold,1.5,118,51,67,43.2,48.9,-1.23,N,-1.95,-0.207,0.6,20.3
CDLLONGLINE,bull,rsi_mid_oversold,1.75,118,51,67,43.2,49.4,-1.33,N,-1.63,-0.187,0.64,12.7
CDLLONGLINE,bull,rsi_mid_oversold,2.0,118,51,67,43.2,48.7,-1.2,N,-1.73,-0.196,0.63,8.5
CDLLONGLINE,bull,rsi_mid_oversold,2.25,118,51,67,43.2,49.9,-1.44,N,-1.48,-0.172,0.66,4.2
CDLLONGLINE,bull,rsi_mid_oversold,2.5,118,51,67,43.2,51.0,-1.69,N,-1.46,-0.172,0.66,3.4
CDLLONGLINE,bull,rsi_mid_oversold,2.75,118,51,67,43.2,51.4,-1.78,N,-1.31,-0.154,0.69,1.7
CDLLONGLINE,bull,rsi_mid_oversold,3.0,118,51,67,43.2,50.3,-1.53,N,-1.34,-0.158,0.68,1.7
CDLLONGLEGGEDDOJI,bull,atr_high,0.5,150,47,103,31.3,36.9,-1.41,N,-1.18,-0.105,0.71,62.7
CDLLONGLEGGEDDOJI,bull,atr_high,0.75,150,57,93,38.0,41.0,-0.75,N,-1.43,-0.115,0.7,45.3
CDLLONGLEGGEDDOJI,bull,atr_high,1.0,150,62,88,41.3,46.6,-1.28,N,-1.32,-0.109,0.73,29.3
CDLLONGLEGGEDDOJI,bull,atr_high,1.25,150,66,84,44.0,47.3,-0.82,N,-1.36,-0.112,0.73,20.0
CDLLONGLEGGEDDOJI,bull,atr_high,1.5,150,68,82,45.3,49.6,-1.03,N,-1.19,-0.103,0.76,13.3
CDLLONGLEGGEDDOJI,bull,atr_high,1.75,150,68,82,45.3,48.6,-0.8,N,-1.25,-0.104,0.75,9.3
CDLLONGLEGGEDDOJI,bull,atr_high,2.0,150,68,82,45.3,51.4,-1.48,N,-1.19,-0.104,0.76,6.7
CDLLONGLEGGEDDOJI,bull,atr_high,2.25,150,69,81,46.0,48.3,-0.57,N,-1.07,-0.09,0.78,4.7
CDLLONGLEGGEDDOJI,bull,atr_high,2.5,150,69,81,46.0,48.9,-0.72,N,-1.12,-0.092,0.78,4.0
CDLLONGLEGGEDDOJI,bull,atr_high,2.75,150,69,81,46.0,48.1,-0.52,N,-1.23,-0.102,0.76,4.0
CDLLONGLEGGEDDOJI,bull,atr_high,3.0,150,69,81,46.0,49.3,-0.82,N,-1.17,-0.094,0.77,2.7
CDLMARUBOZU,bear,atr_low,0.5,94,28,66,29.8,32.4,-0.53,N,-0.82,-0.097,0.71,59.6
CDLMARUBOZU,bear,atr_low,0.75,94,33,61,35.1,45.1,-1.95,N,-1.33,-0.155,0.62,45.7
CDLMARUBOZU,bear,atr_low,1.0,94,34,60,36.2,48.5,-2.39,N,-1.38,-0.161,0.62,28.7
CDLMARUBOZU,bear,atr_low,1.25,94,34,60,36.2,48.0,-2.29,N,-1.91,-0.22,0.54,25.5
CDLMARUBOZU,bear,atr_low,1.5,94,35,59,37.2,48.1,-2.12,N,-1.7,-0.194,0.61,19.1
CDLMARUBOZU,bear,atr_low,1.75,94,35,59,37.2,47.6,-2.01,N,-1.66,-0.199,0.62,13.8
CDLMARUBOZU,bear,atr_low,2.0,94,36,58,38.3,50.2,-2.3,N,-1.65,-0.2,0.62,10.6
CDLMARUBOZU,bear,atr_low,2.25,94,37,57,39.4,48.0,-1.69,N,-1.43,-0.179,0.66,8.5
CDLMARUBOZU,bear,atr_low,2.5,94,37,57,39.4,50.8,-2.22,N,-1.46,-0.187,0.66,7.4
CDLMARUBOZU,bear,atr_low,2.75,94,37,57,39.4,49.7,-2.01,N,-1.58,-0.202,0.64,6.4
CDLMARUBOZU,bear,atr_low,3.0,94,37,57,39.4,48.1,-1.7,N,-1.51,-0.193,0.65,3.2
CDLDOJI,bull,atr_high,0.5,150,47,103,31.3,36.3,-1.27,N,-1.18,-0.105,0.71,62.7
CDLDOJI,bull,atr_high,0.75,150,57,93,38.0,42.0,-0.99,N,-1.43,-0.115,0.7,45.3
CDLDOJI,bull,atr_high,1.0,150,62,88,41.3,46.9,-1.36,N,-1.32,-0.109,0.73,29.3
CDLDOJI,bull,atr_high,1.25,150,66,84,44.0,48.8,-1.18,N,-1.36,-0.112,0.73,20.0
CDLDOJI,bull,atr_high,1.5,150,68,82,45.3,50.2,-1.2,N,-1.19,-0.103,0.76,13.3
CDLDOJI,bull,atr_high,1.75,150,68,82,45.3,50.6,-1.29,N,-1.25,-0.104,0.75,9.3
CDLDOJI,bull,atr_high,2.0,150,68,82,45.3,48.0,-0.65,N,-1.19,-0.104,0.76,6.7
CDLDOJI,bull,atr_high,2.25,150,69,81,46.0,48.3,-0.56,N,-1.07,-0.09,0.78,4.7
CDLDOJI,bull,atr_high,2.5,150,69,81,46.0,49.6,-0.88,N,-1.12,-0.092,0.78,4.0
CDLDOJI,bull,atr_high,2.75,150,69,81,46.0,50.3,-1.05,N,-1.23,-0.102,0.76,4.0
CDLDOJI,bull,atr_high,3.0,150,69,81,46.0,51.7,-1.39,N,-1.17,-0.094,0.77,2.7
CDLRICKSHAWMAN,bull,rsi_oversold,0.5,16,3,13,18.8,31.8,-1.12,N,-4.12,-0.373,0.08,81.2
CDLRICKSHAWMAN,bull,rsi_oversold,0.75,16,4,12,25.0,34.9,-0.83,N,-4.85,-0.432,0.22,75.0
CDLRICKSHAWMAN,bull,rsi_oversold,1.0,16,4,12,25.0,42.7,-1.43,N,-4.89,-0.418,0.22,43.8
CDLRICKSHAWMAN,bull,rsi_oversold,1.25,16,4,12,25.0,46.4,-1.71,N,-5.33,-0.41,0.21,31.2
CDLRICKSHAWMAN,bull,rsi_oversold,1.5,16,5,11,31.2,53.6,-1.8,N,-4.55,-0.361,0.26,18.8
CDLRICKSHAWMAN,bull,rsi_oversold,1.75,16,5,11,31.2,43.8,-1.01,N,-4.91,-0.39,0.25,12.5
CDLRICKSHAWMAN,bull,rsi_oversold,2.0,16,5,11,31.2,47.9,-1.33,N,-5.31,-0.421,0.23,12.5
CDLRICKSHAWMAN,bull,rsi_oversold,2.25,16,5,11,31.2,38.0,-0.56,N,-5.71,-0.452,0.22,12.5
CDLRICKSHAWMAN,bull,rsi_oversold,2.5,16,5,11,31.2,43.8,-1.01,N,-6.11,-0.483,0.21,12.5
CDLRICKSHAWMAN,bull,rsi_oversold,2.75,16,5,11,31.2,53.6,-1.8,N,-5.93,-0.457,0.21,6.2
CDLRICKSHAWMAN,bull,rsi_oversold,3.0,16,5,11,31.2,51.0,-1.58,N,-6.17,-0.473,0.21,6.2
CDL3INSIDE,bear,atr_low,0.5,21,6,15,28.6,35.3,-0.65,N,-1.37,-0.142,0.55,71.4
CDL3INSIDE,bear,atr_low,0.75,21,6,15,28.6,40.9,-1.15,N,-2.68,-0.3,0.39,66.7
CDL3INSIDE,bear,atr_low,1.0,21,7,14,33.3,46.4,-1.2,N,-3.44,-0.391,0.36,61.9
CDL3INSIDE,bear,atr_low,1.25,21,7,14,33.3,46.4,-1.2,N,-4.52,-0.514,0.3,52.4
CDL3INSIDE,bear,atr_low,1.5,21,7,14,33.3,39.7,-0.59,N,-5.38,-0.612,0.27,47.6
CDL3INSIDE,bear,atr_low,1.75,21,7,14,33.3,40.9,-0.7,N,-5.7,-0.648,0.25,33.3
CDL3INSIDE,bear,atr_low,2.0,21,7,14,33.3,48.0,-1.35,N,-5.05,-0.57,0.28,9.5
CDL3INSIDE,bear,atr_low,2.25,21,8,13,38.1,54.4,-1.5,N,-4.39,-0.479,0.31,4.8
CDL3INSIDE,bear,atr_low,2.5,21,8,13,38.1,54.8,-1.53,N,-4.5,-0.491,0.31,4.8
CDL3INSIDE,bear,atr_low,2.75,21,8,13,38.1,51.6,-1.24,N,-4.16,-0.454,0.33,0.0
CDL3INSIDE,bear,atr_low,3.0,21,8,13,38.1,49.2,-1.02,N,-4.16,-0.454,0.33,0.0
CDLSHOOTINGSTAR,bear,rsi_mid_overbought,0.5,18,6,12,33.3,42.6,-0.79,N,-1.44,-0.135,0.53,66.7
CDLSHOOTINGSTAR,bear,rsi_mid_overbought,0.75,18,6,12,33.3,42.1,-0.76,N,-1.95,-0.203,0.46,44.4
CDLSHOOTINGSTAR,bear,rsi_mid_overbought,1.0,18,6,12,33.3,57.4,-2.07,N,-2.25,-0.249,0.42,33.3
CDLSHOOTINGSTAR,bear,rsi_mid_overbought,1.25,18,7,11,38.9,51.9,-1.1,N,-1.92,-0.204,0.52,27.8
CDLSHOOTINGSTAR,bear,rsi_mid_overbought,1.5,18,7,11,38.9,50.0,-0.94,N,-1.82,-0.192,0.54,16.7
CDLSHOOTINGSTAR,bear,rsi_mid_overbought,1.75,18,7,11,38.9,50.0,-0.94,N,-2.1,-0.227,0.5,11.1
CDLSHOOTINGSTAR,bear,rsi_mid_overbought,2.0,18,7,11,38.9,45.8,-0.59,N,-2.19,-0.239,0.49,5.6
CDLSHOOTINGSTAR,bear,rsi_mid_overbought,2.25,18,7,11,38.9,47.7,-0.75,N,-2.3,-0.253,0.48,5.6
CDLSHOOTINGSTAR,bear,rsi_mid_overbought,2.5,18,7,11,38.9,50.9,-1.02,N,-2.4,-0.267,0.47,5.6
CDLSHOOTINGSTAR,bear,rsi_mid_overbought,2.75,18,7,11,38.9,50.5,-0.98,N,-2.51,-0.281,0.46,5.6
CDLSHOOTINGSTAR,bear,rsi_mid_overbought,3.0,18,7,11,38.9,47.7,-0.75,N,-2.62,-0.294,0.45,5.6
CDLBELTHOLD,bull,none,0.5,560,171,389,30.5,32.7,-1.11,N,-0.39,-0.04,0.88,64.6
CDLBELTHOLD,bull,none,0.75,560,209,351,37.3,41.2,-1.86,N,-0.8,-0.08,0.8,49.1
CDLBELTHOLD,bull,none,1.0,560,229,331,40.9,45.8,-2.35,N,-0.88,-0.088,0.8,36.4
CDLBELTHOLD,bull,none,1.25,560,245,315,43.8,46.2,-1.19,N,-0.8,-0.076,0.82,26.2
CDLBELTHOLD,bull,none,1.5,560,250,310,44.6,47.1,-1.16,N,-0.72,-0.067,0.84,17.7
CDLBELTHOLD,bull,none,1.75,560,252,308,45.0,48.9,-1.84,N,-0.78,-0.074,0.83,12.7
CDLBELTHOLD,bull,none,2.0,560,255,305,45.5,49.6,-1.94,N,-0.72,-0.07,0.84,9.1
CDLBELTHOLD,bull,none,2.25,560,257,303,45.9,49.9,-1.87,N,-0.66,-0.063,0.86,6.4
CDLBELTHOLD,bull,none,2.5,560,257,303,45.9,49.1,-1.51,N,-0.59,-0.063,0.87,4.8
CDLBELTHOLD,bull,none,2.75,560,257,303,45.9,47.2,-0.62,N,-0.66,-0.071,0.85,4.3
CDLBELTHOLD,bull,none,3.0,560,257,303,45.9,47.9,-0.97,N,-0.61,-0.068,0.86,2.9
CDLSPINNINGTOP,bear,trend_up,0.5,362,106,256,29.3,32.2,-1.2,N,-0.87,-0.092,0.73,66.3
CDLSPINNINGTOP,bear,trend_up,0.75,362,136,226,37.6,41.6,-1.55,N,-0.59,-0.074,0.84,47.0
CDLSPINNINGTOP,bear,trend_up,1.0,362,155,207,42.8,47.1,-1.63,N,-0.26,-0.033,0.93,30.7
CDLSPINNINGTOP,bear,trend_up,1.25,362,161,201,44.5,48.3,-1.45,N,-0.18,-0.025,0.95,20.2
CDLSPINNINGTOP,bear,trend_up,1.5,362,164,198,45.3,49.8,-1.7,N,-0.13,-0.021,0.96,14.6
CDLSPINNINGTOP,bear,trend_up,1.75,362,166,196,45.9,48.8,-1.12,N,-0.18,-0.023,0.95,9.9
CDLSPINNINGTOP,bear,trend_up,2.0,362,166,196,45.9,49.1,-1.24,N,-0.33,-0.039,0.92,8.6
CDLSPINNINGTOP,bear,trend_up,2.25,362,166,196,45.9,47.6,-0.65,N,-0.43,-0.049,0.89,6.6
CDLSPINNINGTOP,bear,trend_up,2.5,362,166,196,45.9,49.3,-1.31,N,-0.5,-0.057,0.88,4.7
CDLSPINNINGTOP,bear,trend_up,2.75,362,166,196,45.9,48.2,-0.88,N,-0.56,-0.064,0.86,3.9
CDLSPINNINGTOP,bear,trend_up,3.0,362,166,196,45.9,50.3,-1.71,N,-0.6,-0.068,0.86,3.0
CDLXSIDEGAP3METHODS,bull,atr_low,0.5,26,6,20,23.1,33.0,-1.08,N,-1.42,-0.161,0.61,73.1
CDLXSIDEGAP3METHODS,bull,atr_low,0.75,26,7,19,26.9,41.3,-1.49,N,-2.08,-0.253,0.54,57.7
CDLXSIDEGAP3METHODS,bull,atr_low,1.0,26,10,16,38.5,46.8,-0.85,N,-1.13,-0.14,0.74,34.6
CDLXSIDEGAP3METHODS,bull,atr_low,1.25,26,10,16,38.5,44.9,-0.66,N,-1.51,-0.18,0.68,23.1
CDLXSIDEGAP3METHODS,bull,atr_low,1.5,26,10,16,38.5,51.9,-1.37,N,-1.78,-0.198,0.64,19.2
CDLXSIDEGAP3METHODS,bull,atr_low,1.75,26,10,16,38.5,51.3,-1.31,N,-2.18,-0.235,0.6,15.4
CDLXSIDEGAP3METHODS,bull,atr_low,2.0,26,10,16,38.5,55.4,-1.74,N,-2.42,-0.256,0.57,11.5
CDLXSIDEGAP3METHODS,bull,atr_low,2.25,26,10,16,38.5,52.2,-1.41,N,-2.74,-0.285,0.54,11.5
CDLXSIDEGAP3METHODS,bull,atr_low,2.5,26,10,16,38.5,52.2,-1.41,N,-2.69,-0.27,0.54,7.7
CDLXSIDEGAP3METHODS,bull,atr_low,2.75,26,10,16,38.5,49.4,-1.11,N,-2.93,-0.289,0.52,7.7
CDLXSIDEGAP3METHODS,bull,atr_low,3.0,26,10,16,38.5,50.3,-1.21,N,-3.17,-0.308,0.5,7.7
CDLENGULFING,bull,trend_down,0.5,299,86,213,28.8,33.3,-1.67,N,-1.03,-0.108,0.7,67.2
CDLENGULFING,bull,trend_down,0.75,299,112,187,37.5,40.8,-1.17,N,-1.05,-0.11,0.74,51.2
CDLENGULFING,bull,trend_down,1.0,299,123,176,41.1,43.2,-0.71,N,-1.12,-0.121,0.75,38.1
CDLENGULFING,bull,trend_down,1.25,299,131,168,43.8,47.4,-1.23,N,-1.03,-0.113,0.77,27.4
CDLENGULFING,bull,trend_down,1.5,299,136,163,45.5,49.0,-1.21,N,-0.89,-0.097,0.8,19.4
CDLENGULFING,bull,trend_down,1.75,299,137,162,45.8,49.9,-1.42,N,-0.98,-0.105,0.79,14.0
CDLENGULFING,bull,trend_down,2.0,299,137,162,45.8,49.6,-1.3,N,-1.02,-0.108,0.78,11.4
CDLENGULFING,bull,trend_down,2.25,299,138,161,46.2,50.7,-1.56,N,-1.0,-0.105,0.78,7.4
CDLENGULFING,bull,trend_down,2.5,299,138,161,46.2,49.9,-1.28,N,-1.12,-0.118,0.76,6.4
CDLENGULFING,bull,trend_down,2.75,299,138,161,46.2,48.7,-0.88,N,-1.09,-0.112,0.77,4.0
CDLENGULFING,bull,trend_down,3.0,299,138,161,46.2,48.2,-0.71,N,-1.1,-0.115,0.77,3.3
CDLENGULFING,bear,atr_low,0.5,347,101,246,29.1,32.6,-1.37,N,-0.56,-0.063,0.81,65.4
CDLENGULFING,bear,atr_low,0.75,347,131,216,37.8,40.9,-1.19,N,-0.72,-0.076,0.8,49.9
CDLENGULFING,bear,atr_low,1.0,347,145,202,41.8,45.0,-1.2,N,-0.66,-0.073,0.83,34.9
CDLENGULFING,bear,atr_low,1.25,347,152,195,43.8,46.5,-1.01,N,-0.73,-0.079,0.82,25.6
CDLENGULFING,bear,atr_low,1.5,347,158,189,45.5,47.5,-0.74,N,-0.73,-0.075,0.82,19.3
CDLENGULFING,bear,atr_low,1.75,347,160,187,46.1,50.2,-1.53,N,-0.69,-0.07,0.83,12.7
CDLENGULFING,bear,atr_low,2.0,347,160,187,46.1,49.7,-1.33,N,-0.72,-0.076,0.82,9.8
CDLENGULFING,bear,atr_low,2.25,347,161,186,46.4,48.4,-0.73,N,-0.73,-0.079,0.82,7.2
CDLENGULFING,bear,atr_low,2.5,347,161,186,46.4,50.0,-1.34,N,-0.86,-0.094,0.8,6.3
CDLENGULFING,bear,atr_low,2.75,347,161,186,46.4,48.6,-0.83,N,-0.88,-0.095,0.8,4.3
CDLENGULFING,bear,atr_low,3.0,347,161,186,46.4,49.4,-1.14,N,-0.95,-0.104,0.78,4.0
CDLINVERTEDHAMMER,bull,none,0.5,20,5,15,25.0,33.8,-0.83,N,-1.32,-0.219,0.61,75.0
CDLINVERTEDHAMMER,bull,none,0.75,20,7,13,35.0,43.8,-0.79,N,-1.6,-0.242,0.61,55.0
CDLINVERTEDHAMMER,bull,none,1.0,20,7,13,35.0,48.3,-1.19,N,-1.94,-0.271,0.57,30.0
CDLINVERTEDHAMMER,bull,none,1.25,20,7,13,35.0,47.9,-1.16,N,-2.4,-0.326,0.51,25.0
CDLINVERTEDHAMMER,bull,none,1.5,20,7,13,35.0,52.9,-1.61,N,-2.83,-0.375,0.47,20.0
CDLINVERTEDHAMMER,bull,none,1.75,20,7,13,35.0,50.0,-1.34,N,-3.28,-0.425,0.44,20.0
CDLINVERTEDHAMMER,bull,none,2.0,20,7,13,35.0,49.2,-1.27,N,-3.56,-0.455,0.42,15.0
CDLINVERTEDHAMMER,bull,none,2.25,20,7,13,35.0,52.5,-1.57,N,-3.91,-0.492,0.39,15.0
CDLINVERTEDHAMMER,bull,none,2.5,20,7,13,35.0,52.9,-1.61,N,-3.42,-0.449,0.43,5.0
CDLINVERTEDHAMMER,bull,none,2.75,20,7,13,35.0,51.7,-1.49,N,-3.0,-0.395,0.46,0.0
CDLINVERTEDHAMMER,bull,none,3.0,20,7,13,35.0,47.5,-1.12,N,-3.0,-0.395,0.46,0.0
CDLENGULFING,bear,none,0.5,540,170,370,31.5,35.0,-1.73,N,-0.26,nan,0.92,63.5
CDLENGULFING,bear,none,0.75,540,211,329,39.1,41.1,-0.97,N,-0.46,nan,0.88,48.3
CDLENGULFING,bear,none,1.0,540,232,308,43.0,44.7,-0.81,N,-0.41,nan,0.9,34.6
CDLENGULFING,bear,none,1.25,540,241,299,44.6,47.2,-1.19,N,-0.48,nan,0.89,25.2
CDLENGULFING,bear,none,1.5,540,251,289,46.5,49.6,-1.44,N,-0.31,nan,0.93,17.4
CDLENGULFING,bear,none,1.75,540,253,287,46.9,49.2,-1.11,N,-0.38,nan,0.91,12.6
CDLENGULFING,bear,none,2.0,540,253,287,46.9,50.1,-1.5,N,-0.4,nan,0.91,9.4
CDLENGULFING,bear,none,2.25,540,254,286,47.0,49.5,-1.13,N,-0.42,nan,0.9,6.7
CDLENGULFING,bear,none,2.5,540,254,286,47.0,50.2,-1.45,N,-0.53,nan,0.88,5.7
CDLENGULFING,bear,none,2.75,540,254,286,47.0,49.8,-1.3,N,-0.55,nan,0.88,3.9
CDLENGULFING,bear,none,3.0,540,254,286,47.0,49.4,-1.1,N,-0.59,nan,0.87,3.3
CDLGRAVESTONEDOJI,bear,none,0.5,66,21,45,31.8,37.9,-1.02,N,-0.56,-0.067,0.82,59.1
CDLGRAVESTONEDOJI,bear,none,0.75,66,24,42,36.4,46.5,-1.65,N,-0.68,-0.082,0.79,34.8
CDLGRAVESTONEDOJI,bear,none,1.0,66,25,41,37.9,42.8,-0.81,N,-0.74,-0.085,0.78,16.7
CDLGRAVESTONEDOJI,bear,none,1.25,66,25,41,37.9,46.0,-1.32,N,-1.11,-0.123,0.7,15.2
CDLGRAVESTONEDOJI,bear,none,1.5,66,25,41,37.9,52.9,-2.45,N,-1.29,-0.139,0.67,10.6
CDLGRAVESTONEDOJI,bear,none,1.75,66,25,41,37.9,50.0,-1.97,N,-1.23,-0.136,0.68,6.1
CDLGRAVESTONEDOJI,bear,none,2.0,66,25,41,37.9,52.0,-2.3,N,-1.1,-0.119,0.7,3.0
CDLGRAVESTONEDOJI,bear,none,2.25,66,25,41,37.9,50.0,-1.97,N,-1.17,-0.127,0.69,3.0
CDLGRAVESTONEDOJI,bear,none,2.5,66,25,41,37.9,48.5,-1.72,N,-1.23,-0.134,0.68,3.0
CDLGRAVESTONEDOJI,bear,none,2.75,66,25,41,37.9,51.8,-2.26,N,-1.3,-0.142,0.67,3.0
CDLGRAVESTONEDOJI,bear,none,3.0,66,25,41,37.9,53.0,-2.47,N,-1.23,-0.132,0.68,1.5
CDLLONGLINE,bull,atr_low,0.5,464,153,311,33.0,36.3,-1.5,N,-0.34,-0.041,0.88,61.4
CDLLONGLINE,bull,atr_low,0.75,464,186,278,40.1,42.0,-0.84,N,-0.51,-0.057,0.85,45.7
CDLLONGLINE,bull,atr_low,1.0,464,198,266,42.7,45.7,-1.29,N,-0.74,-0.083,0.8,33.0
CDLLONGLINE,bull,atr_low,1.25,464,205,259,44.2,48.1,-1.68,N,-0.85,-0.095,0.78,24.6
CDLLONGLINE,bull,atr_low,1.5,464,209,255,45.0,47.9,-1.22,N,-0.93,-0.101,0.77,17.7
CDLLONGLINE,bull,atr_low,1.75,464,211,253,45.5,48.9,-1.48,N,-0.9,-0.1,0.78,11.9
CDLLONGLINE,bull,atr_low,2.0,464,212,252,45.7,49.3,-1.54,N,-0.91,-0.105,0.77,8.6
CDLLONGLINE,bull,atr_low,2.25,464,213,251,45.9,48.6,-1.17,N,-0.86,-0.1,0.78,6.7
CDLLONGLINE,bull,atr_low,2.5,464,214,250,46.1,50.4,-1.83,N,-0.77,-0.094,0.81,5.6
CDLLONGLINE,bull,atr_low,2.75,464,214,250,46.1,48.4,-0.98,N,-0.84,-0.104,0.79,4.5
CDLLONGLINE,bull,atr_low,3.0,464,214,250,46.1,49.0,-1.22,N,-0.87,-0.108,0.79,3.7
CDLSEPARATINGLINES,bear,atr_low,0.5,21,2,19,9.5,28.6,-1.93,N,-2.75,-0.31,0.24,76.2
CDLSEPARATINGLINES,bear,atr_low,0.75,21,4,17,19.0,41.3,-2.07,N,-2.42,-0.284,0.38,52.4
CDLSEPARATINGLINES,bear,atr_low,1.0,21,6,15,28.6,37.7,-0.86,N,-1.51,-0.177,0.56,28.6
CDLSEPARATINGLINES,bear,atr_low,1.25,21,6,15,28.6,52.4,-2.18,N,-1.4,-0.168,0.58,14.3
CDLSEPARATINGLINES,bear,atr_low,1.5,21,6,15,28.6,47.6,-1.75,N,-1.59,-0.191,0.55,9.5
CDLSEPARATINGLINES,bear,atr_low,1.75,21,6,15,28.6,52.4,-2.18,N,-1.63,-0.198,0.54,4.8
CDLSEPARATINGLINES,bear,atr_low,2.0,21,6,15,28.6,55.2,-2.45,N,-1.72,-0.21,0.53,4.8
CDLSEPARATINGLINES,bear,atr_low,2.25,21,6,15,28.6,48.4,-1.82,N,-1.81,-0.222,0.52,4.8
CDLSEPARATINGLINES,bear,atr_low,2.5,21,6,15,28.6,47.6,-1.75,N,-1.89,-0.233,0.51,4.8
CDLSEPARATINGLINES,bear,atr_low,2.75,21,6,15,28.6,52.4,-2.18,N,-1.98,-0.245,0.5,4.8
CDLSEPARATINGLINES,bear,atr_low,3.0,21,6,15,28.6,44.4,-1.46,N,-1.93,-0.239,0.5,0.0
CDLBELTHOLD,bull,trend_up,0.5,253,74,179,29.2,32.7,-1.17,N,-0.48,-0.034,0.86,66.0
CDLBELTHOLD,bull,trend_up,0.75,253,93,160,36.8,43.1,-2.04,N,-0.79,-0.062,0.8,49.4
CDLBELTHOLD,bull,trend_up,1.0,253,104,149,41.1,45.9,-1.55,N,-0.86,-0.07,0.8,36.4
CDLBELTHOLD,bull,trend_up,1.25,253,108,145,42.7,46.1,-1.09,N,-1.04,-0.082,0.78,26.1
CDLBELTHOLD,bull,trend_up,1.5,253,112,141,44.3,49.9,-1.78,N,-0.75,-0.05,0.84,16.2
CDLBELTHOLD,bull,trend_up,1.75,253,114,139,45.1,48.9,-1.24,N,-0.78,-0.049,0.83,10.7
CDLBELTHOLD,bull,trend_up,2.0,253,114,139,45.1,47.9,-0.9,N,-0.81,-0.057,0.83,7.5
CDLBELTHOLD,bull,trend_up,2.25,253,114,139,45.1,48.7,-1.16,N,-0.79,-0.056,0.83,5.1
CDLBELTHOLD,bull,trend_up,2.5,253,114,139,45.1,49.3,-1.36,N,-0.7,-0.054,0.85,4.0
CDLBELTHOLD,bull,trend_up,2.75,253,114,139,45.1,50.7,-1.8,N,-0.77,-0.062,0.84,3.6
CDLBELTHOLD,bull,trend_up,3.0,253,114,139,45.1,47.8,-0.88,N,-0.78,-0.064,0.83,2.4
CDLHARAMI,bull,atr_high,0.5,85,25,60,29.4,33.9,-0.88,N,-0.76,-0.074,0.81,64.7
CDLHARAMI,bull,atr_high,0.75,85,29,56,34.1,41.7,-1.41,N,-1.11,-0.118,0.77,50.6
CDLHARAMI,bull,atr_high,1.0,85,30,55,35.3,43.4,-1.51,N,-1.54,-0.154,0.71,36.5
CDLHARAMI,bull,atr_high,1.25,85,32,53,37.6,49.3,-2.15,N,-1.32,-0.144,0.76,27.1
CDLHARAMI,bull,atr_high,1.5,85,34,51,40.0,52.2,-2.24,N,-1.39,-0.153,0.76,22.4
CDLHARAMI,bull,atr_high,1.75,85,34,51,40.0,48.5,-1.57,N,-1.58,-0.166,0.73,16.5
CDLHARAMI,bull,atr_high,2.0,85,35,50,41.2,48.6,-1.37,N,-1.03,-0.121,0.81,10.6
CDLHARAMI,bull,atr_high,2.25,85,35,50,41.2,49.5,-1.54,N,-1.29,-0.142,0.78,9.4
CDLHARAMI,bull,atr_high,2.5,85,35,50,41.2,52.4,-2.06,N,-1.44,-0.157,0.76,8.2
CDLHARAMI,bull,atr_high,2.75,85,35,50,41.2,53.5,-2.28,N,-1.33,-0.147,0.77,4.7
CDLHARAMI,bull,atr_high,3.0,85,35,50,41.2,51.8,-1.95,N,-1.46,-0.158,0.76,4.7
CDLLONGLINE,bull,trend_up,0.5,302,102,200,33.8,37.3,-1.25,N,0.07,0.003,1.02,61.6
CDLLONGLINE,bull,trend_up,0.75,302,122,180,40.4,45.4,-1.76,N,-0.19,-0.029,0.95,46.0
CDLLONGLINE,bull,trend_up,1.0,302,133,169,44.0,47.7,-1.29,N,-0.3,-0.04,0.92,32.5
CDLLONGLINE,bull,trend_up,1.25,302,137,165,45.4,49.9,-1.59,N,-0.38,-0.049,0.91,23.8
CDLLONGLINE,bull,trend_up,1.5,302,140,162,46.4,50.4,-1.41,N,-0.25,-0.035,0.94,16.2
CDLLONGLINE,bull,trend_up,1.75,302,141,161,46.7,49.9,-1.1,N,-0.29,-0.038,0.93,10.9
CDLLONGLINE,bull,trend_up,2.0,302,141,161,46.7,50.2,-1.23,N,-0.33,-0.045,0.92,8.3
CDLLONGLINE,bull,trend_up,2.25,302,141,161,46.7,49.3,-0.91,N,-0.24,-0.034,0.94,5.6
CDLLONGLINE,bull,trend_up,2.5,302,141,161,46.7,50.6,-1.34,N,-0.22,-0.036,0.94,4.6
CDLLONGLINE,bull,trend_up,2.75,302,141,161,46.7,49.8,-1.07,N,-0.28,-0.043,0.93,3.6
CDLLONGLINE,bull,trend_up,3.0,302,141,161,46.7,49.5,-0.97,N,-0.35,-0.051,0.92,3.3
CDLENGULFING,bear,rsi_oversold,0.5,29,3,26,10.3,29.3,-2.24,N,-3.99,-0.376,0.16,86.2
CDLENGULFING,bear,rsi_oversold,0.75,29,7,22,24.1,44.5,-2.21,N,-3.22,-0.348,0.42,65.5
CDLENGULFING,bear,rsi_oversold,1.0,29,8,21,27.6,43.1,-1.69,N,-3.3,-0.382,0.46,51.7
CDLENGULFING,bear,rsi_oversold,1.25,29,8,21,27.6,40.8,-1.45,N,-4.21,-0.478,0.4,44.8
CDLENGULFING,bear,rsi_oversold,1.5,29,11,18,37.9,46.6,-0.93,N,-2.38,-0.259,0.59,17.2
CDLENGULFING,bear,rsi_oversold,1.75,29,11,18,37.9,52.9,-1.61,N,-2.85,-0.302,0.54,17.2
CDLENGULFING,bear,rsi_oversold,2.0,29,11,18,37.9,49.4,-1.24,N,-3.04,-0.309,0.53,13.8
CDLENGULFING,bear,rsi_oversold,2.25,29,11,18,37.9,50.6,-1.36,N,-2.86,-0.282,0.54,6.9
CDLENGULFING,bear,rsi_oversold,2.5,29,11,18,37.9,51.1,-1.42,N,-3.05,-0.299,0.52,6.9
CDLENGULFING,bear,rsi_oversold,2.75,29,11,18,37.9,48.0,-1.08,N,-3.24,-0.317,0.51,6.9
CDLENGULFING,bear,rsi_oversold,3.0,29,11,18,37.9,53.4,-1.68,N,-3.17,-0.316,0.51,3.4
CDLMARUBOZU,bull,trend_up,0.5,61,19,42,31.1,37.0,-0.95,N,0.12,-0.005,1.04,59.0
CDLMARUBOZU,bull,trend_up,0.75,61,21,40,34.4,45.4,-1.71,N,-0.59,-0.081,0.85,45.9
CDLMARUBOZU,bull,trend_up,1.0,61,22,39,36.1,48.2,-1.9,N,-0.73,-0.094,0.82,29.5
CDLMARUBOZU,bull,trend_up,1.25,61,22,39,36.1,48.4,-1.92,N,-1.16,-0.134,0.74,23.0
CDLMARUBOZU,bull,trend_up,1.5,61,23,38,37.7,50.8,-2.05,N,-0.78,-0.086,0.84,18.0
CDLMARUBOZU,bull,trend_up,1.75,61,23,38,37.7,47.3,-1.5,N,-0.98,-0.112,0.8,14.8
CDLMARUBOZU,bull,trend_up,2.0,61,23,38,37.7,47.0,-1.45,N,-1.02,-0.117,0.8,9.8
CDLMARUBOZU,bull,trend_up,2.25,61,23,38,37.7,49.6,-1.86,N,-1.04,-0.12,0.79,8.2
CDLMARUBOZU,bull,trend_up,2.5,61,23,38,37.7,51.1,-2.09,N,-1.01,-0.121,0.8,6.6
CDLMARUBOZU,bull,trend_up,2.75,61,23,38,37.7,46.6,-1.39,N,-1.11,-0.132,0.78,4.9
CDLMARUBOZU,bull,trend_up,3.0,61,23,38,37.7,52.7,-2.35,N,-1.18,-0.139,0.77,3.3
CDLGRAVESTONEDOJI,bear,trend_up,0.5,37,11,26,29.7,37.4,-0.96,N,-1.04,-0.083,0.7,64.9
CDLGRAVESTONEDOJI,bear,trend_up,0.75,37,12,25,32.4,45.7,-1.62,N,-1.13,-0.102,0.68,35.1
CDLGRAVESTONEDOJI,bear,trend_up,1.0,37,12,25,32.4,47.3,-1.81,N,-1.3,-0.117,0.65,16.2
CDLGRAVESTONEDOJI,bear,trend_up,1.25,37,12,25,32.4,45.3,-1.57,N,-1.65,-0.15,0.6,13.5
CDLGRAVESTONEDOJI,bear,trend_up,1.5,37,12,25,32.4,46.6,-1.73,N,-1.99,-0.184,0.55,13.5
CDLGRAVESTONEDOJI,bear,trend_up,1.75,37,12,25,32.4,49.3,-2.06,N,-1.76,-0.165,0.58,5.4
CDLGRAVESTONEDOJI,bear,trend_up,2.0,37,12,25,32.4,52.3,-2.41,N,-1.52,-0.132,0.62,2.7
CDLGRAVESTONEDOJI,bear,trend_up,2.25,37,12,25,32.4,50.2,-2.16,N,-1.58,-0.139,0.61,2.7
CDLGRAVESTONEDOJI,bear,trend_up,2.5,37,12,25,32.4,53.2,-2.53,N,-1.65,-0.146,0.6,2.7
CDLGRAVESTONEDOJI,bear,trend_up,2.75,37,12,25,32.4,50.0,-2.14,N,-1.71,-0.152,0.59,2.7
CDLGRAVESTONEDOJI,bear,trend_up,3.0,37,12,25,32.4,49.8,-2.11,N,-1.78,-0.159,0.58,2.7
CDLHARAMI,bear,trend_up,0.5,119,34,85,28.6,32.8,-0.98,N,-1.3,-0.144,0.59,63.9
CDLHARAMI,bear,trend_up,0.75,119,42,77,35.3,45.2,-2.18,N,-1.47,-0.163,0.61,47.9
CDLHARAMI,bear,trend_up,1.0,119,46,73,38.7,45.1,-1.41,N,-1.19,-0.135,0.68,31.1
CDLHARAMI,bear,trend_up,1.25,119,48,71,40.3,49.6,-2.03,N,-1.11,-0.126,0.7,19.3
CDLHARAMI,bear,trend_up,1.5,119,48,71,40.3,47.7,-1.61,N,-1.08,-0.124,0.71,11.8
CDLHARAMI,bear,trend_up,1.75,119,49,70,41.2,48.5,-1.59,N,-1.05,-0.118,0.71,8.4
CDLHARAMI,bear,trend_up,2.0,119,49,70,41.2,48.3,-1.56,N,-0.98,-0.108,0.73,5.0
CDLHARAMI,bear,trend_up,2.25,119,49,70,41.2,48.1,-1.51,N,-1.04,-0.114,0.72,3.4
CDLHARAMI,bear,trend_up,2.5,119,49,70,41.2,49.7,-1.86,N,-1.03,-0.116,0.72,2.5
CDLHARAMI,bear,trend_up,2.75,119,49,70,41.2,49.2,-1.76,N,-1.08,-0.122,0.71,2.5
CDLHARAMI,bear,trend_up,3.0,119,49,70,41.2,52.5,-2.48,N,-1.13,-0.129,0.7,2.5
CDLSPINNINGTOP,bull,none,0.5,828,258,570,31.2,32.7,-0.98,N,-0.41,nan,0.87,63.8
CDLSPINNINGTOP,bull,none,0.75,828,325,503,39.3,42.4,-1.84,N,-0.27,nan,0.93,46.0
CDLSPINNINGTOP,bull,none,1.0,828,353,475,42.6,45.5,-1.66,N,-0.27,nan,0.93,32.5
CDLSPINNINGTOP,bull,none,1.25,828,367,461,44.3,47.6,-1.86,N,-0.25,nan,0.94,22.5
CDLSPINNINGTOP,bull,none,1.5,828,377,451,45.5,48.2,-1.56,N,-0.2,nan,0.95,16.3
CDLSPINNINGTOP,bull,none,1.75,828,383,445,46.3,49.4,-1.79,N,-0.24,nan,0.94,11.4
CDLSPINNINGTOP,bull,none,2.0,828,383,445,46.3,49.4,-1.83,N,-0.3,nan,0.93,8.8
CDLSPINNINGTOP,bull,none,2.25,828,384,444,46.4,49.8,-1.98,N,-0.34,nan,0.92,6.5
CDLSPINNINGTOP,bull,none,2.5,828,385,443,46.5,50.2,-2.14,N,-0.38,nan,0.91,5.0
CDLSPINNINGTOP,bull,none,2.75,828,386,442,46.6,49.9,-1.89,N,-0.41,nan,0.9,4.2
CDLSPINNINGTOP,bull,none,3.0,828,386,442,46.6,49.6,-1.73,N,-0.37,nan,0.91,3.3
CDLSHOOTINGSTAR,bear,trend_up,0.5,21,6,15,28.6,41.7,-1.22,N,-2.49,-0.187,0.36,71.4
CDLSHOOTINGSTAR,bear,trend_up,0.75,21,6,15,28.6,49.6,-1.93,N,-3.39,-0.27,0.29,47.6
CDLSHOOTINGSTAR,bear,trend_up,1.0,21,6,15,28.6,52.0,-2.15,N,-3.89,-0.319,0.27,33.3
CDLSHOOTINGSTAR,bear,trend_up,1.25,21,7,14,33.3,46.8,-1.24,N,-3.87,-0.292,0.32,28.6
CDLSHOOTINGSTAR,bear,trend_up,1.5,21,7,14,33.3,46.8,-1.24,N,-4.3,-0.325,0.3,23.8
CDLSHOOTINGSTAR,bear,trend_up,1.75,21,7,14,33.3,49.6,-1.49,N,-4.69,-0.365,0.28,14.3
CDLSHOOTINGSTAR,bear,trend_up,2.0,21,7,14,33.3,47.2,-1.27,N,-4.95,-0.387,0.27,9.5
CDLSHOOTINGSTAR,bear,trend_up,2.25,21,7,14,33.3,50.0,-1.53,N,-5.23,-0.411,0.26,9.5
CDLSHOOTINGSTAR,bear,trend_up,2.5,21,7,14,33.3,44.0,-0.99,N,-5.5,-0.435,0.25,9.5
CDLSHOOTINGSTAR,bear,trend_up,2.75,21,7,14,33.3,47.2,-1.27,N,-5.78,-0.459,0.24,9.5
CDLSHOOTINGSTAR,bear,trend_up,3.0,21,7,14,33.3,45.2,-1.1,N,-6.05,-0.482,0.23,9.5
CDLBELTHOLD,bear,atr_low,0.5,379,112,267,29.6,34.0,-1.82,N,-0.65,-0.072,0.78,64.6
CDLBELTHOLD,bear,atr_low,0.75,379,140,239,36.9,41.0,-1.61,N,-0.96,-0.105,0.74,48.8
CDLBELTHOLD,bear,atr_low,1.0,379,151,228,39.8,45.0,-2.02,N,-1.08,-0.119,0.73,36.7
CDLBELTHOLD,bear,atr_low,1.25,379,160,219,42.2,46.6,-1.72,N,-1.1,-0.119,0.73,26.6
CDLBELTHOLD,bear,atr_low,1.5,379,163,216,43.0,47.7,-1.82,N,-1.02,-0.112,0.76,18.2
CDLBELTHOLD,bear,atr_low,1.75,379,165,214,43.5,48.4,-1.9,N,-0.97,-0.11,0.77,11.9
CDLBELTHOLD,bear,atr_low,2.0,379,168,211,44.3,46.9,-1.0,N,-0.84,-0.101,0.79,8.4
CDLBELTHOLD,bear,atr_low,2.25,379,170,209,44.9,49.1,-1.64,N,-0.76,-0.094,0.81,6.3
CDLBELTHOLD,bear,atr_low,2.5,379,170,209,44.9,49.8,-1.93,N,-0.85,-0.106,0.79,6.1
CDLBELTHOLD,bear,atr_low,2.75,379,170,209,44.9,49.0,-1.62,N,-0.96,-0.12,0.78,5.5
CDLBELTHOLD,bear,atr_low,3.0,379,170,209,44.9,48.2,-1.32,N,-0.86,-0.113,0.79,3.4
CDLHARAMI,bear,none,0.5,257,79,178,30.7,33.7,-1.0,N,-0.67,-0.06,0.79,62.6
CDLHARAMI,bear,none,0.75,257,93,164,36.2,40.0,-1.24,N,-0.89,-0.09,0.77,47.5
CDLHARAMI,bear,none,1.0,257,100,157,38.9,44.1,-1.68,N,-1.01,-0.099,0.76,34.6
CDLHARAMI,bear,none,1.25,257,106,151,41.2,46.5,-1.7,N,-0.84,-0.082,0.8,23.0
CDLHARAMI,bear,none,1.5,257,109,148,42.4,46.5,-1.31,N,-0.76,-0.072,0.82,16.0
CDLHARAMI,bear,none,1.75,257,111,146,43.2,49.5,-2.03,N,-0.8,-0.073,0.82,11.7
CDLHARAMI,bear,none,2.0,257,112,145,43.6,49.4,-1.87,N,-0.58,-0.053,0.86,7.4
CDLHARAMI,bear,none,2.25,257,112,145,43.6,50.4,-2.17,N,-0.7,-0.063,0.84,5.8
CDLHARAMI,bear,none,2.5,257,112,145,43.6,49.8,-2.01,N,-0.81,-0.075,0.82,5.4
CDLHARAMI,bear,none,2.75,257,112,145,43.6,49.3,-1.82,N,-0.82,-0.077,0.81,3.9
CDLHARAMI,bear,none,3.0,257,112,145,43.6,49.3,-1.83,N,-0.91,-0.087,0.8,3.9
CDL3OUTSIDE,bear,atr_high,0.5,77,18,59,23.4,29.1,-1.11,N,-1.5,-0.143,0.65,72.7
CDL3OUTSIDE,bear,atr_high,0.75,77,24,53,31.2,39.7,-1.53,N,-1.73,-0.159,0.67,58.4
CDL3OUTSIDE,bear,atr_high,1.0,77,30,47,39.0,46.4,-1.31,N,-1.23,-0.117,0.77,36.4
CDL3OUTSIDE,bear,atr_high,1.25,77,31,46,40.3,48.6,-1.46,N,-1.24,-0.107,0.77,26.0
CDL3OUTSIDE,bear,atr_high,1.5,77,32,45,41.6,48.3,-1.18,N,-1.23,-0.108,0.78,20.8
CDL3OUTSIDE,bear,atr_high,1.75,77,32,45,41.6,49.5,-1.39,N,-1.49,-0.133,0.74,15.6
CDL3OUTSIDE,bear,atr_high,2.0,77,32,45,41.6,47.4,-1.03,N,-1.19,-0.114,0.78,9.1
CDL3OUTSIDE,bear,atr_high,2.25,77,32,45,41.6,48.5,-1.22,N,-1.35,-0.129,0.76,7.8
CDL3OUTSIDE,bear,atr_high,2.5,77,32,45,41.6,49.5,-1.39,N,-1.33,-0.127,0.76,5.2
CDL3OUTSIDE,bear,atr_high,2.75,77,32,45,41.6,49.1,-1.33,N,-1.47,-0.14,0.75,5.2
CDL3OUTSIDE,bear,atr_high,3.0,77,32,45,41.6,52.5,-1.92,N,-1.44,-0.136,0.75,2.6
CDLSPINNINGTOP,bull,rsi_oversold,0.5,37,7,30,18.9,26.6,-1.05,N,-1.2,-0.14,0.72,75.7
CDLSPINNINGTOP,bull,rsi_oversold,0.75,37,10,27,27.0,41.0,-1.73,N,-2.29,-0.222,0.59,64.9
CDLSPINNINGTOP,bull,rsi_oversold,1.0,37,11,26,29.7,42.3,-1.55,N,-2.62,-0.228,0.56,40.5
CDLSPINNINGTOP,bull,rsi_oversold,1.25,37,11,26,29.7,49.3,-2.38,N,-2.7,-0.223,0.56,29.7
CDLSPINNINGTOP,bull,rsi_oversold,1.5,37,13,24,35.1,52.9,-2.17,N,-2.05,-0.165,0.64,18.9
CDLSPINNINGTOP,bull,rsi_oversold,1.75,37,13,24,35.1,50.2,-1.84,N,-2.16,-0.171,0.63,10.8
CDLSPINNINGTOP,bull,rsi_oversold,2.0,37,13,24,35.1,48.4,-1.62,N,-1.29,-0.113,0.74,2.7
CDLSPINNINGTOP,bull,rsi_oversold,2.25,37,13,24,35.1,48.9,-1.67,N,-1.35,-0.12,0.73,2.7
CDLSPINNINGTOP,bull,rsi_oversold,2.5,37,13,24,35.1,51.8,-2.03,N,-1.42,-0.127,0.72,2.7
CDLSPINNINGTOP,bull,rsi_oversold,2.75,37,13,24,35.1,54.1,-2.31,N,-1.49,-0.133,0.71,2.7
CDLSPINNINGTOP,bull,rsi_oversold,3.0,37,13,24,35.1,48.0,-1.56,N,-1.56,-0.14,0.7,2.7
CDLSPINNINGTOP,bear,atr_high,0.5,233,68,165,29.2,32.4,-1.06,N,-0.91,-0.081,0.78,65.2
CDLSPINNINGTOP,bear,atr_high,0.75,233,85,148,36.5,41.3,-1.5,N,-0.85,-0.072,0.82,48.9
CDLSPINNINGTOP,bear,atr_high,1.0,233,90,143,38.6,44.5,-1.81,N,-1.21,-0.103,0.77,35.2
CDLSPINNINGTOP,bear,atr_high,1.25,233,96,137,41.2,47.3,-1.87,N,-1.03,-0.088,0.8,22.7
CDLSPINNINGTOP,bear,atr_high,1.5,233,102,131,43.8,51.1,-2.25,N,-0.56,-0.048,0.88,14.2
CDLSPINNINGTOP,bear,atr_high,1.75,233,102,131,43.8,48.8,-1.53,N,-0.73,-0.061,0.86,10.7
CDLSPINNINGTOP,bear,atr_high,2.0,233,102,131,43.8,50.6,-2.09,N,-0.66,-0.057,0.87,7.3
CDLSPINNINGTOP,bear,atr_high,2.25,233,103,130,44.2,51.5,-2.23,N,-0.68,-0.057,0.86,6.0
CDLSPINNINGTOP,bear,atr_high,2.5,233,103,130,44.2,50.1,-1.79,N,-0.77,-0.065,0.85,4.7
CDLSPINNINGTOP,bear,atr_high,2.75,233,103,130,44.2,50.4,-1.89,N,-0.9,-0.077,0.83,4.7
CDLSPINNINGTOP,bear,atr_high,3.0,233,103,130,44.2,48.9,-1.43,N,-0.74,-0.063,0.85,2.6
CDLINVERTEDHAMMER,bull,atr_low,0.5,17,3,14,17.6,32.8,-1.33,N,-2.87,-0.338,0.21,82.4
CDLINVERTEDHAMMER,bull,atr_low,0.75,17,5,12,29.4,42.6,-1.1,N,-3.0,-0.352,0.3,58.8
CDLINVERTEDHAMMER,bull,atr_low,1.0,17,5,12,29.4,54.4,-2.07,N,-3.2,-0.371,0.29,29.4
CDLINVERTEDHAMMER,bull,atr_low,1.25,17,5,12,29.4,43.6,-1.18,N,-3.86,-0.444,0.25,29.4
CDLINVERTEDHAMMER,bull,atr_low,1.5,17,5,12,29.4,45.6,-1.34,N,-4.38,-0.501,0.23,23.5
CDLINVERTEDHAMMER,bull,atr_low,1.75,17,5,12,29.4,55.4,-2.15,N,-4.9,-0.56,0.21,23.5
CDLINVERTEDHAMMER,bull,atr_low,2.0,17,5,12,29.4,54.4,-2.07,N,-5.23,-0.596,0.2,17.6
CDLINVERTEDHAMMER,bull,atr_low,2.25,17,5,12,29.4,51.5,-1.82,N,-5.64,-0.64,0.19,17.6
CDLINVERTEDHAMMER,bull,atr_low,2.5,17,5,12,29.4,50.0,-1.7,N,-5.06,-0.589,0.2,5.9
CDLINVERTEDHAMMER,bull,atr_low,2.75,17,5,12,29.4,44.6,-1.26,N,-4.58,-0.525,0.22,0.0
CDLINVERTEDHAMMER,bull,atr_low,3.0,17,5,12,29.4,47.5,-1.5,N,-4.58,-0.525,0.22,0.0
CDLMARUBOZU,bear,none,0.5,140,46,94,32.9,37.4,-1.12,N,0.05,-0.031,1.02,59.3
CDLMARUBOZU,bear,none,0.75,140,53,87,37.9,44.6,-1.6,N,-0.46,-0.086,0.88,44.3
CDLMARUBOZU,bear,none,1.0,140,55,85,39.3,47.7,-2.0,N,-0.7,-0.108,0.82,29.3
CDLMARUBOZU,bear,none,1.25,140,56,84,40.0,46.5,-1.54,N,-1.09,-0.146,0.75,25.0
CDLMARUBOZU,bear,none,1.5,140,57,83,40.7,48.4,-1.82,N,-1.0,-0.134,0.78,17.9
CDLMARUBOZU,bear,none,1.75,140,57,83,40.7,49.3,-2.04,N,-0.95,-0.139,0.79,13.6
CDLMARUBOZU,bear,none,2.0,140,58,82,41.4,49.9,-2.0,N,-0.95,-0.139,0.79,10.0
CDLMARUBOZU,bear,none,2.25,140,59,81,42.1,49.9,-1.85,N,-0.76,-0.119,0.83,7.1
CDLMARUBOZU,bear,none,2.5,140,59,81,42.1,48.2,-1.44,N,-0.82,-0.129,0.82,6.4
CDLMARUBOZU,bear,none,2.75,140,59,81,42.1,49.0,-1.62,N,-0.94,-0.142,0.8,5.7
CDLMARUBOZU,bear,none,3.0,140,59,81,42.1,50.6,-2.0,N,-0.93,-0.139,0.8,3.6
CDL3INSIDE,bear,trend_up,0.5,16,3,13,18.8,33.3,-1.24,N,-3.27,-0.352,0.11,81.2
CDL3INSIDE,bear,trend_up,0.75,16,3,13,18.8,32.3,-1.16,N,-4.8,-0.527,0.08,75.0
CDL3INSIDE,bear,trend_up,1.0,16,4,12,25.0,47.9,-1.83,N,-5.62,-0.615,0.11,68.8
CDL3INSIDE,bear,trend_up,1.25,16,4,12,25.0,46.9,-1.75,N,-6.66,-0.731,0.1,50.0
CDL3INSIDE,bear,trend_up,1.5,16,4,12,25.0,52.1,-2.17,N,-7.72,-0.856,0.09,50.0
CDL3INSIDE,bear,trend_up,1.75,16,4,12,25.0,43.8,-1.51,N,-7.64,-0.863,0.09,31.2
CDL3INSIDE,bear,trend_up,2.0,16,4,12,25.0,46.4,-1.71,N,-7.6,-0.844,0.09,18.8
CDL3INSIDE,bear,trend_up,2.25,16,5,11,31.2,53.6,-1.8,N,-6.87,-0.74,0.1,12.5
CDL3INSIDE,bear,trend_up,2.5,16,5,11,31.2,51.0,-1.58,N,-7.15,-0.771,0.1,12.5
CDL3INSIDE,bear,trend_up,2.75,16,5,11,31.2,56.8,-2.06,N,-6.84,-0.739,0.1,6.2
CDL3INSIDE,bear,trend_up,3.0,16,5,11,31.2,52.1,-1.67,N,-6.87,-0.742,0.1,0.0
CDLHARAMI,bull,rsi_oversold,0.5,12,2,10,16.7,32.6,-1.18,N,-4.11,-0.343,0.16,83.3
CDLHARAMI,bull,rsi_oversold,0.75,12,2,10,16.7,40.3,-1.67,N,-6.44,-0.541,0.11,75.0
CDLHARAMI,bull,rsi_oversold,1.0,12,2,10,16.7,47.2,-2.12,N,-7.37,-0.629,0.1,50.0
CDLHARAMI,bull,rsi_oversold,1.25,12,2,10,16.7,52.8,-2.51,N,-8.3,-0.691,0.09,41.7
CDLHARAMI,bull,rsi_oversold,1.5,12,2,10,16.7,41.7,-1.76,N,-9.59,-0.795,0.08,41.7
CDLHARAMI,bull,rsi_oversold,1.75,12,2,10,16.7,47.2,-2.12,N,-9.63,-0.788,0.08,25.0
CDLHARAMI,bull,rsi_oversold,2.0,12,2,10,16.7,55.6,-2.71,N,-6.73,-0.588,0.11,0.0
CDLHARAMI,bull,rsi_oversold,2.25,12,2,10,16.7,37.5,-1.49,N,-6.73,-0.588,0.11,0.0
CDLHARAMI,bull,rsi_oversold,2.5,12,2,10,16.7,50.7,-2.36,N,-6.73,-0.588,0.11,0.0
CDLHARAMI,bull,rsi_oversold,2.75,12,2,10,16.7,52.1,-2.46,N,-6.73,-0.588,0.11,0.0
CDLHARAMI,bull,rsi_oversold,3.0,12,2,10,16.7,53.5,-2.56,N,-6.73,-0.588,0.11,0.0
CDLHARAMI,bear,rsi_overbought,0.5,12,2,10,16.7,34.0,-1.27,N,-2.99,-0.292,0.22,75.0
CDLHARAMI,bear,rsi_overbought,0.75,12,2,10,16.7,48.6,-2.21,N,-4.47,-0.439,0.16,66.7
CDLHARAMI,bear,rsi_overbought,1.0,12,3,9,25.0,55.6,-2.13,N,-4.02,-0.347,0.36,58.3
CDLHARAMI,bear,rsi_overbought,1.25,12,3,9,25.0,54.2,-2.03,N,-2.87,-0.214,0.45,16.7
CDLHARAMI,bear,rsi_overbought,1.5,12,3,9,25.0,47.2,-1.54,N,-2.32,-0.185,0.5,8.3
CDLHARAMI,bear,rsi_overbought,1.75,12,3,9,25.0,53.5,-1.98,N,-2.51,-0.205,0.48,8.3
CDLHARAMI,bear,rsi_overbought,2.0,12,3,9,25.0,43.8,-1.31,N,-2.71,-0.226,0.46,8.3
CDLHARAMI,bear,rsi_overbought,2.25,12,3,9,25.0,50.7,-1.78,N,-2.54,-0.208,0.48,0.0
CDLHARAMI,bear,rsi_overbought,2.5,12,3,9,25.0,48.6,-1.64,N,-2.54,-0.208,0.48,0.0
CDLHARAMI,bear,rsi_overbought,2.75,12,3,9,25.0,50.7,-1.78,N,-2.54,-0.208,0.48,0.0
CDLHARAMI,bear,rsi_overbought,3.0,12,3,9,25.0,53.5,-1.98,N,-2.54,-0.208,0.48,0.0
CDL3INSIDE,bull,trend_down,0.5,16,3,13,18.8,33.9,-1.28,N,-2.63,-0.179,0.41,81.2
CDL3INSIDE,bull,trend_down,0.75,16,4,12,25.0,49.0,-1.92,N,-2.97,-0.248,0.51,75.0
CDL3INSIDE,bull,trend_down,1.0,16,4,12,25.0,47.4,-1.79,N,-4.78,-0.412,0.39,68.8
CDL3INSIDE,bull,trend_down,1.25,16,4,12,25.0,47.4,-1.79,N,-5.42,-0.477,0.36,56.2
CDL3INSIDE,bull,trend_down,1.5,16,4,12,25.0,51.0,-2.08,N,-5.7,-0.497,0.35,43.8
CDL3INSIDE,bull,trend_down,1.75,16,4,12,25.0,53.1,-2.25,N,-6.72,-0.583,0.31,37.5
CDL3INSIDE,bull,trend_down,2.0,16,4,12,25.0,50.0,-2.0,N,-6.65,-0.562,0.32,18.8
CDL3INSIDE,bull,trend_down,2.25,16,4,12,25.0,48.4,-1.88,N,-5.74,-0.478,0.35,12.5
CDL3INSIDE,bull,trend_down,2.5,16,4,12,25.0,48.4,-1.88,N,-6.16,-0.509,0.33,12.5
CDL3INSIDE,bull,trend_down,2.75,16,4,12,25.0,47.4,-1.79,N,-6.59,-0.54,0.32,12.5
CDL3INSIDE,bull,trend_down,3.0,16,4,12,25.0,49.5,-1.96,N,-6.71,-0.55,0.31,6.2
CDLGRAVESTONEDOJI,bear,atr_low,0.5,49,13,36,26.5,36.7,-1.48,N,-1.29,-0.14,0.58,63.3
CDLGRAVESTONEDOJI,bear,atr_low,0.75,49,16,33,32.7,43.9,-1.58,N,-1.35,-0.147,0.59,36.7
CDLGRAVESTONEDOJI,bear,atr_low,1.0,49,17,32,34.7,44.4,-1.37,N,-1.27,-0.136,0.6,16.3
CDLGRAVESTONEDOJI,bear,atr_low,1.25,49,17,32,34.7,50.9,-2.26,N,-1.6,-0.171,0.55,14.3
CDLGRAVESTONEDOJI,bear,atr_low,1.5,49,17,32,34.7,48.3,-1.91,N,-1.69,-0.182,0.53,10.2
CDLGRAVESTONEDOJI,bear,atr_low,1.75,49,17,32,34.7,48.6,-1.95,N,-1.58,-0.174,0.55,6.1
CDLGRAVESTONEDOJI,bear,atr_low,2.0,49,17,32,34.7,53.6,-2.65,N,-1.35,-0.146,0.59,2.0
CDLGRAVESTONEDOJI,bear,atr_low,2.25,49,17,32,34.7,48.1,-1.88,N,-1.39,-0.151,0.58,2.0
CDLGRAVESTONEDOJI,bear,atr_low,2.5,49,17,32,34.7,50.9,-2.26,N,-1.43,-0.156,0.57,2.0
CDLGRAVESTONEDOJI,bear,atr_low,2.75,49,17,32,34.7,46.8,-1.69,N,-1.47,-0.161,0.57,2.0
CDLGRAVESTONEDOJI,bear,atr_low,3.0,49,17,32,34.7,49.0,-2.0,N,-1.33,-0.143,0.59,0.0
CDLSEPARATINGLINES,bear,none,0.5,23,2,21,8.7,29.0,-2.14,N,-2.75,-0.308,0.23,73.9
CDLSEPARATINGLINES,bear,none,0.75,23,4,19,17.4,39.5,-2.17,N,-2.55,-0.295,0.35,52.2
CDLSEPARATINGLINES,bear,none,1.0,23,6,17,26.1,47.1,-2.02,N,-1.83,-0.208,0.49,30.4
CDLSEPARATINGLINES,bear,none,1.25,23,7,16,30.4,50.4,-1.91,N,-1.11,-0.135,0.64,13.0
CDLSEPARATINGLINES,bear,none,1.5,23,7,16,30.4,52.9,-2.16,N,-1.28,-0.156,0.61,8.7
CDLSEPARATINGLINES,bear,none,1.75,23,7,16,30.4,51.1,-1.98,N,-1.32,-0.162,0.6,4.3
CDLSEPARATINGLINES,bear,none,2.0,23,7,16,30.4,49.6,-1.84,N,-1.4,-0.173,0.59,4.3
CDLSEPARATINGLINES,bear,none,2.25,23,7,16,30.4,53.6,-2.23,N,-1.48,-0.184,0.57,4.3
CDLSEPARATINGLINES,bear,none,2.5,23,7,16,30.4,52.2,-2.09,N,-1.56,-0.195,0.56,4.3
CDLSEPARATINGLINES,bear,none,2.75,23,7,16,30.4,46.7,-1.57,N,-1.64,-0.205,0.55,4.3
CDLSEPARATINGLINES,bear,none,3.0,23,7,16,30.4,46.0,-1.5,N,-1.6,-0.2,0.55,0.0
CDLXSIDEGAP3METHODS,bull,none,0.5,44,8,36,18.2,32.0,-1.97,N,-2.43,-0.233,0.41,75.0
CDLXSIDEGAP3METHODS,bull,none,0.75,44,10,34,22.7,40.2,-2.36,N,-2.78,-0.29,0.42,52.3
CDLXSIDEGAP3METHODS,bull,none,1.0,44,14,30,31.8,43.6,-1.57,N,-2.16,-0.209,0.55,31.8
CDLXSIDEGAP3METHODS,bull,none,1.25,44,14,30,31.8,48.5,-2.21,N,-2.41,-0.234,0.52,22.7
CDLXSIDEGAP3METHODS,bull,none,1.5,44,14,30,31.8,50.0,-2.41,N,-2.68,-0.255,0.49,18.2
CDLXSIDEGAP3METHODS,bull,none,1.75,44,14,30,31.8,53.4,-2.87,N,-2.97,-0.281,0.47,13.6
CDLXSIDEGAP3METHODS,bull,none,2.0,44,14,30,31.8,49.4,-2.34,N,-3.21,-0.301,0.45,9.1
CDLXSIDEGAP3METHODS,bull,none,2.25,44,14,30,31.8,47.5,-2.09,N,-3.47,-0.324,0.43,9.1
CDLXSIDEGAP3METHODS,bull,none,2.5,44,14,30,31.8,53.8,-2.92,N,-3.52,-0.321,0.42,6.8
CDLXSIDEGAP3METHODS,bull,none,2.75,44,14,30,31.8,49.6,-2.36,N,-3.74,-0.338,0.41,6.8
CDLXSIDEGAP3METHODS,bull,none,3.0,44,14,30,31.8,47.7,-2.11,N,-3.95,-0.355,0.4,6.8
CDL3INSIDE,bull,none,0.5,32,6,26,18.8,32.3,-1.64,N,-2.95,-0.265,0.28,81.2
CDL3INSIDE,bull,none,0.75,32,7,25,21.9,39.3,-2.02,N,-3.89,-0.387,0.31,75.0
CDL3INSIDE,bull,none,1.0,32,8,24,25.0,43.5,-2.11,N,-5.2,-0.514,0.27,68.8
CDL3INSIDE,bull,none,1.25,32,8,24,25.0,48.4,-2.65,N,-6.04,-0.604,0.24,53.1
CDL3INSIDE,bull,none,1.5,32,8,24,25.0,48.4,-2.65,N,-6.71,-0.677,0.22,46.9
CDL3INSIDE,bull,none,1.75,32,8,24,25.0,45.1,-2.28,N,-7.18,-0.723,0.21,34.4
CDL3INSIDE,bull,none,2.0,32,8,24,25.0,45.1,-2.28,N,-7.13,-0.703,0.21,18.8
CDL3INSIDE,bull,none,2.25,32,9,23,28.1,45.1,-1.92,N,-6.3,-0.609,0.23,12.5
CDL3INSIDE,bull,none,2.5,32,9,23,28.1,46.6,-2.1,N,-6.66,-0.64,0.22,12.5
CDL3INSIDE,bull,none,2.75,32,9,23,28.1,52.3,-2.74,N,-6.71,-0.639,0.22,9.4
CDL3INSIDE,bull,none,3.0,32,9,23,28.1,47.7,-2.21,N,-6.79,-0.646,0.22,3.1
CDLXSIDEGAP3METHODS,bull,rsi_mid_oversold,0.5,10,0,10,0.0,30.0,-2.07,N,-4.68,-0.5,0.0,100.0
CDLXSIDEGAP3METHODS,bull,rsi_mid_oversold,0.75,10,0,10,0.0,33.3,-2.24,N,-5.95,-0.642,0.0,80.0
CDLXSIDEGAP3METHODS,bull,rsi_mid_oversold,1.0,10,2,8,20.0,51.7,-2.0,N,-4.09,-0.435,0.18,30.0
CDLXSIDEGAP3METHODS,bull,rsi_mid_oversold,1.25,10,2,8,20.0,50.0,-1.9,N,-4.76,-0.51,0.16,30.0
CDLXSIDEGAP3METHODS,bull,rsi_mid_oversold,1.5,10,2,8,20.0,53.3,-2.11,N,-4.71,-0.483,0.16,20.0
CDLXSIDEGAP3METHODS,bull,rsi_mid_oversold,1.75,10,2,8,20.0,45.8,-1.64,N,-5.02,-0.504,0.15,10.0
CDLXSIDEGAP3METHODS,bull,rsi_mid_oversold,2.0,10,2,8,20.0,45.8,-1.64,N,-5.35,-0.529,0.14,10.0
CDLXSIDEGAP3METHODS,bull,rsi_mid_oversold,2.25,10,2,8,20.0,49.2,-1.84,N,-5.68,-0.554,0.14,10.0
CDLXSIDEGAP3METHODS,bull,rsi_mid_oversold,2.5,10,2,8,20.0,59.2,-2.52,N,-6.01,-0.579,0.13,10.0
CDLXSIDEGAP3METHODS,bull,rsi_mid_oversold,2.75,10,2,8,20.0,50.8,-1.95,N,-6.34,-0.604,0.12,10.0
CDLXSIDEGAP3METHODS,bull,rsi_mid_oversold,3.0,10,2,8,20.0,50.0,-1.9,N,-6.67,-0.629,0.12,10.0
CDLXSIDEGAP3METHODS,bear,atr_high,0.5,18,2,16,11.1,35.2,-2.14,N,-3.89,-0.338,0.2,77.8
CDLXSIDEGAP3METHODS,bear,atr_high,0.75,18,3,15,16.7,39.4,-1.97,N,-3.79,-0.344,0.27,44.4
CDLXSIDEGAP3METHODS,bear,atr_high,1.0,18,4,14,22.2,43.1,-1.79,N,-3.64,-0.308,0.32,27.8
CDLXSIDEGAP3METHODS,bear,atr_high,1.25,18,4,14,22.2,45.4,-1.97,N,-3.7,-0.312,0.31,22.2
CDLXSIDEGAP3METHODS,bear,atr_high,1.5,18,4,14,22.2,53.2,-2.64,N,-3.98,-0.337,0.3,16.7
CDLXSIDEGAP3METHODS,bear,atr_high,1.75,18,4,14,22.2,53.2,-2.64,N,-4.11,-0.348,0.29,11.1
CDLXSIDEGAP3METHODS,bear,atr_high,2.0,18,4,14,22.2,48.6,-2.24,N,-4.35,-0.367,0.28,5.6
CDLXSIDEGAP3METHODS,bear,atr_high,2.25,18,4,14,22.2,55.1,-2.8,N,-4.54,-0.38,0.27,5.6
CDLXSIDEGAP3METHODS,bear,atr_high,2.5,18,4,14,22.2,49.5,-2.32,N,-4.72,-0.394,0.26,5.6
CDLXSIDEGAP3METHODS,bear,atr_high,2.75,18,4,14,22.2,52.8,-2.6,N,-4.9,-0.408,0.26,5.6
CDLXSIDEGAP3METHODS,bear,atr_high,3.0,18,4,14,22.2,56.5,-2.93,N,-5.09,-0.422,0.25,5.6
CDLXSIDEGAP3METHODS,bull,trend_down,0.5,27,3,24,11.1,34.9,-2.59,N,-2.96,-0.287,0.34,81.5
CDLXSIDEGAP3METHODS,bull,trend_down,0.75,27,5,22,18.5,42.6,-2.53,N,-3.04,-0.331,0.4,55.6
CDLXSIDEGAP3METHODS,bull,trend_down,1.0,27,7,20,25.9,48.1,-2.31,N,-2.84,-0.281,0.48,37.0
CDLXSIDEGAP3METHODS,bull,trend_down,1.25,27,7,20,25.9,44.4,-1.94,N,-2.88,-0.286,0.48,22.2
CDLXSIDEGAP3METHODS,bull,trend_down,1.5,27,7,20,25.9,53.1,-2.83,N,-2.95,-0.283,0.48,14.8
CDLXSIDEGAP3METHODS,bull,trend_down,1.75,27,7,20,25.9,52.8,-2.79,N,-3.3,-0.31,0.45,11.1
CDLXSIDEGAP3METHODS,bull,trend_down,2.0,27,7,20,25.9,51.2,-2.63,N,-3.5,-0.32,0.43,7.4
CDLXSIDEGAP3METHODS,bull,trend_down,2.25,27,7,20,25.9,57.7,-3.34,N,-3.77,-0.339,0.42,7.4
CDLXSIDEGAP3METHODS,bull,trend_down,2.5,27,7,20,25.9,50.9,-2.6,N,-4.03,-0.357,0.4,7.4
CDLXSIDEGAP3METHODS,bull,trend_down,2.75,27,7,20,25.9,49.7,-2.47,N,-4.3,-0.376,0.38,7.4
CDLXSIDEGAP3METHODS,bull,trend_down,3.0,27,7,20,25.9,51.5,-2.66,N,-4.57,-0.394,0.37,7.4
CDL3INSIDE,bull,atr_high,0.5,11,0,11,0.0,31.8,-2.27,N,-5.97,-0.5,0.0,100.0
CDL3INSIDE,bull,atr_high,0.75,11,1,10,9.1,42.4,-2.24,N,-6.19,-0.555,0.22,90.9
CDL3INSIDE,bull,atr_high,1.0,11,1,10,9.1,42.4,-2.24,N,-8.55,-0.748,0.17,81.8
CDL3INSIDE,bull,atr_high,1.25,11,1,10,9.1,54.5,-3.03,N,-8.94,-0.777,0.17,54.5
CDL3INSIDE,bull,atr_high,1.5,11,1,10,9.1,50.8,-2.76,N,-9.25,-0.8,0.16,45.5
CDL3INSIDE,bull,atr_high,1.75,11,1,10,9.1,49.2,-2.66,N,-10.02,-0.867,0.15,36.4
CDL3INSIDE,bull,atr_high,2.0,11,1,10,9.1,51.5,-2.82,N,-11.09,-0.958,0.14,36.4
CDL3INSIDE,bull,atr_high,2.25,11,1,10,9.1,47.7,-2.57,N,-9.96,-0.857,0.15,27.3
CDL3INSIDE,bull,atr_high,2.5,11,1,10,9.1,52.3,-2.87,N,-10.77,-0.926,0.14,27.3
CDL3INSIDE,bull,atr_high,2.75,11,1,10,9.1,54.5,-3.03,N,-11.59,-0.994,0.13,27.3
CDL3INSIDE,bull,atr_high,3.0,11,1,10,9.1,50.8,-2.76,N,-11.81,-1.013,0.13,9.1
