timestamp,open,high,low,close,volume
2026-04-23 23:45:00,4691.22,4693.11,4688.32,4692.74,1370.0
2026-04-24 01:00:00,4701.17,4705.15,4694.83,4697.21,1546.0
2026-04-24 01:15:00,4697.18,4697.21,4692.13,4692.71,1052.0
2026-04-24 01:30:00,4692.7,4696.68,4690.77,4693.56,1304.0
2026-04-24 01:45:00,4693.51,4694.45,4690.02,4693.15,1057.0
2026-04-24 02:00:00,4693.07,4695.41,4689.61,4689.62,1316.0
2026-04-24 02:15:00,4689.59,4694.49,4686.79,4694.25,1546.0
2026-04-24 02:30:00,4694.69,4700.62,4693.45,4697.28,1497.0
2026-04-24 02:45:00,4697.3,4699.41,4692.13,4695.28,1612.0
2026-04-24 03:00:00,4695.26,4700.03,4690.86,4697.96,3141.0
2026-04-24 03:15:00,4698.09,4705.55,4696.35,4705.41,2792.0
2026-04-24 03:30:00,4705.45,4707.79,4701.16,4701.47,2741.0
2026-04-24 03:45:00,4701.48,4705.81,4697.18,4704.45,3048.0
2026-04-24 04:00:00,4704.41,4709.92,4695.78,4709.29,3930.0
2026-04-24 04:15:00,4709.21,4710.93,4698.23,4698.33,3175.0
2026-04-24 04:30:00,4698.32,4702.27,4690.36,4690.85,3780.0
2026-04-24 04:45:00,4690.82,4700.64,4690.28,4699.43,3071.0
2026-04-24 05:00:00,4699.35,4700.54,4690.12,4693.06,3037.0
2026-04-24 05:15:00,4693.26,4695.95,4681.89,4683.61,2911.0
2026-04-24 05:30:00,4683.59,4690.78,4680.02,4683.28,3489.0
2026-04-24 05:45:00,4683.26,4683.96,4673.12,4676.66,3148.0
2026-04-24 06:00:00,4676.65,4678.23,4668.53,4670.28,3092.0
2026-04-24 06:15:00,4670.46,4677.93,4670.14,4674.31,2754.0
2026-04-24 06:30:00,4674.33,4678.04,4672.81,4675.18,2259.0
2026-04-24 06:45:00,4675.28,4676.73,4671.36,4672.04,1621.0
2026-04-24 07:00:00,4672.03,4674.51,4667.41,4669.9,2137.0
2026-04-24 07:15:00,4669.92,4670.67,4658.32,4659.4,2482.0
2026-04-24 07:30:00,4659.65,4668.36,4657.6,4667.94,2289.0
2026-04-24 07:45:00,4667.92,4676.71,4667.92,4674.36,2001.0
2026-04-24 08:00:00,4674.5,4676.75,4669.62,4673.3,1811.0
2026-04-24 08:15:00,4673.58,4678.43,4671.95,4676.39,1838.0
2026-04-24 08:30:00,4676.42,4687.18,4676.42,4682.53,2835.0
2026-04-24 08:45:00,4682.54,4686.63,4680.32,4686.3,2783.0
2026-04-24 09:00:00,4686.66,4687.89,4680.64,4681.86,2925.0
2026-04-24 09:15:00,4681.81,4681.92,4669.93,4671.28,3224.0
2026-04-24 09:30:00,4671.54,4675.97,4669.8,4673.55,3305.0
2026-04-24 09:45:00,4673.54,4676.24,4666.68,4671.84,3496.0
2026-04-24 10:00:00,4671.67,4681.24,4670.86,4680.51,2591.0
2026-04-24 10:15:00,4680.5,4684.66,4678.14,4684.26,2363.0
2026-04-24 10:30:00,4684.13,4685.7,4682.15,4685.39,2238.0
2026-04-24 10:45:00,4685.3,4695.13,4685.13,4694.37,2406.0
2026-04-24 11:00:00,4694.36,4694.47,4686.36,4687.33,2952.0
2026-04-24 11:15:00,4687.5,4697.27,4686.64,4687.75,3103.0
2026-04-24 11:30:00,4687.82,4690.02,4684.95,4688.02,2555.0
2026-04-24 11:45:00,4687.99,4692.99,4687.6,4690.66,2328.0
2026-04-24 12:00:00,4690.7,4695.21,4689.55,4695.15,2537.0
2026-04-24 12:15:00,4695.01,4696.58,4682.26,4683.23,2825.0
2026-04-24 12:30:00,4683.13,4688.43,4679.31,4685.86,2626.0
2026-04-24 12:45:00,4685.92,4686.62,4679.28,4681.96,2196.0
2026-04-24 13:00:00,4681.94,4684.51,4680.77,4682.19,2180.0
2026-04-24 13:15:00,4682.17,4686.12,4680.15,4682.17,2193.0
2026-04-24 13:30:00,4682.21,4682.3,4674.59,4678.86,2431.0
2026-04-24 13:45:00,4678.87,4680.59,4676.55,4677.74,1885.0
2026-04-24 14:00:00,4677.7,4703.27,4677.7,4697.1,4180.0
2026-04-24 14:15:00,4697.08,4716.95,4692.48,4715.39,4490.0
2026-04-24 14:30:00,4715.55,4717.21,4705.03,4705.34,3684.0
2026-04-24 14:45:00,4705.26,4708.22,4702.77,4706.76,2918.0
2026-04-24 15:00:00,4706.83,4710.13,4703.37,4708.59,3414.0
2026-04-24 15:15:00,4708.58,4711.72,4701.39,4710.47,3516.0
2026-04-24 15:30:00,4710.32,4711.51,4698.65,4698.76,3374.0
2026-04-24 15:45:00,4698.88,4701.0,4690.3,4700.65,3565.0
2026-04-24 16:00:00,4700.98,4705.54,4696.12,4702.86,3997.0
2026-04-24 16:15:00,4702.85,4705.05,4693.46,4696.94,3857.0
2026-04-24 16:30:00,4696.98,4709.59,4689.71,4708.09,4878.0
2026-04-24 16:45:00,4708.1,4717.31,4704.66,4712.06,4802.0
2026-04-24 17:00:00,4711.79,4740.26,4706.82,4731.43,5180.0
2026-04-24 17:15:00,4731.09,4733.91,4721.41,4725.44,4727.0
2026-04-24 17:30:00,4725.45,4732.74,4723.62,4730.25,4594.0
2026-04-24 17:45:00,4730.3,4731.15,4723.97,4726.28,3864.0
2026-04-24 18:00:00,4726.33,4727.13,4718.83,4721.86,3945.0
2026-04-24 18:15:00,4721.84,4726.29,4718.66,4721.92,3775.0
2026-04-24 18:30:00,4721.84,4729.47,4715.12,4727.9,3857.0
2026-04-24 18:45:00,4728.04,4733.34,4723.94,4727.2,4885.0
2026-04-24 19:00:00,4727.14,4729.56,4720.15,4720.44,3712.0
2026-04-24 19:15:00,4720.36,4725.74,4719.06,4723.24,3308.0
2026-04-24 19:30:00,4723.34,4727.11,4719.28,4722.46,3203.0
2026-04-24 19:45:00,4722.47,4727.66,4720.26,4726.76,3246.0
2026-04-24 20:00:00,4726.79,4729.94,4725.67,4727.83,3288.0
2026-04-24 20:15:00,4727.56,4729.23,4722.31,4722.84,2880.0
2026-04-24 20:30:00,4722.57,4725.47,4719.03,4722.54,2899.0
2026-04-24 20:45:00,4722.59,4727.7,4720.53,4723.34,2541.0
2026-04-24 21:00:00,4723.36,4724.76,4719.88,4723.72,2653.0
2026-04-24 21:15:00,4723.61,4724.22,4716.93,4717.1,2712.0
2026-04-24 21:30:00,4717.09,4720.43,4716.82,4718.82,2226.0
2026-04-24 21:45:00,4718.71,4723.18,4717.72,4722.62,2197.0
2026-04-24 22:00:00,4722.68,4725.97,4720.96,4722.36,2294.0
2026-04-24 22:15:00,4722.34,4723.22,4717.36,4718.95,2106.0
2026-04-24 22:30:00,4718.9,4720.59,4715.93,4716.66,2253.0
2026-04-24 22:45:00,4716.47,4718.55,4713.61,4716.9,3069.0
2026-04-24 23:00:00,4716.13,4717.38,4705.47,4706.68,1809.0
2026-04-24 23:15:00,4706.7,4709.66,4705.35,4708.09,1333.0
2026-04-24 23:30:00,4708.08,4708.62,4705.22,4707.75,1264.0
2026-04-24 23:45:00,4707.7,4709.77,4706.16,4708.07,876.0
2026-04-27 01:00:00,4697.79,4706.96,4679.99,4685.25,2879.0
2026-04-27 01:15:00,4685.58,4688.47,4682.95,4686.81,1605.0
2026-04-27 01:30:00,4686.46,4686.78,4682.12,4684.41,1368.0
2026-04-27 01:45:00,4684.4,4685.87,4681.87,4684.48,1022.0
2026-04-27 02:00:00,4684.46,4684.77,4677.53,4683.56,1395.0
2026-04-27 02:15:00,4683.55,4684.4,4677.14,4677.27,971.0
2026-04-27 02:30:00,4676.83,4679.88,4675.01,4676.79,1271.0
2026-04-27 02:45:00,4676.95,4681.99,4676.95,4679.91,1309.0
2026-04-27 03:00:00,4680.05,4681.02,4672.11,4679.8,2230.0
2026-04-27 03:15:00,4679.87,4682.2,4677.6,4680.75,1830.0
2026-04-27 03:30:00,4680.94,4681.45,4676.72,4680.6,1538.0
2026-04-27 03:45:00,4680.63,4698.07,4680.63,4697.76,1878.0
2026-04-27 04:00:00,4697.62,4709.56,4692.0,4692.59,3408.0
2026-04-27 04:15:00,4692.58,4698.52,4690.77,4697.96,2823.0
2026-04-27 04:30:00,4698.04,4700.83,4695.61,4697.82,2579.0
2026-04-27 04:45:00,4697.82,4706.42,4697.66,4702.52,2274.0
2026-04-27 05:00:00,4702.55,4706.61,4696.09,4699.55,2255.0
2026-04-27 05:15:00,4699.47,4708.09,4698.82,4705.63,1691.0
2026-04-27 05:30:00,4705.61,4714.36,4704.27,4713.37,2315.0
2026-04-27 05:45:00,4713.51,4723.31,4712.02,4718.1,2205.0
2026-04-27 06:00:00,4717.99,4722.12,4716.39,4717.77,2064.0
2026-04-27 06:15:00,4717.76,4718.42,4714.37,4715.56,1714.0
2026-04-27 06:30:00,4715.67,4729.26,4715.32,4728.2,1757.0
2026-04-27 06:45:00,4728.21,4728.57,4722.34,4724.1,1638.0
2026-04-27 07:00:00,4724.0,4727.81,4723.47,4727.43,1306.0
2026-04-27 07:15:00,4727.41,4727.87,4724.92,4726.82,1097.0
2026-04-27 07:30:00,4726.84,4729.94,4725.32,4726.16,1277.0
2026-04-27 07:45:00,4726.14,4726.52,4722.65,4724.95,1350.0
2026-04-27 08:00:00,4725.04,4725.38,4718.17,4718.35,1536.0
2026-04-27 08:15:00,4718.28,4719.79,4715.96,4718.07,1493.0
2026-04-27 08:30:00,4718.1,4718.24,4709.05,4711.59,2263.0
2026-04-27 08:45:00,4711.42,4713.55,4708.58,4709.97,1851.0
2026-04-27 09:00:00,4709.86,4715.49,4709.16,4714.37,2124.0
2026-04-27 09:15:00,4714.35,4715.6,4711.3,4714.31,2076.0
2026-04-27 09:30:00,4714.37,4714.37,4709.29,4710.56,2150.0
2026-04-27 09:45:00,4710.54,4715.37,4709.86,4712.72,1840.0
2026-04-27 10:00:00,4712.56,4718.15,4710.78,4717.0,2328.0
2026-04-27 10:15:00,4716.99,4718.2,4712.27,4715.98,2040.0
2026-04-27 10:30:00,4715.99,4717.23,4713.36,4714.75,2009.0
2026-04-27 10:45:00,4714.7,4716.77,4709.88,4713.23,1975.0
2026-04-27 11:00:00,4713.29,4714.14,4710.05,4710.78,2369.0
2026-04-27 11:15:00,4710.89,4713.93,4709.42,4710.55,2055.0
2026-04-27 11:30:00,4710.66,4711.74,4705.27,4711.74,1986.0
2026-04-27 11:45:00,4711.75,4714.59,4705.48,4706.65,1836.0
2026-04-27 12:00:00,4706.77,4708.15,4702.42,4705.03,1801.0
2026-04-27 12:15:00,4704.94,4706.6,4701.57,4702.33,1598.0
2026-04-27 12:30:00,4702.35,4705.31,4699.34,4704.54,1746.0
2026-04-27 12:45:00,4704.45,4704.47,4699.44,4703.5,1513.0
2026-04-27 13:00:00,4703.62,4706.72,4701.51,4701.83,1459.0
2026-04-27 13:15:00,4701.87,4705.73,4699.46,4705.03,1349.0
2026-04-27 13:30:00,4705.04,4710.45,4704.57,4708.91,1630.0
2026-04-27 13:45:00,4709.1,4710.82,4707.02,4708.72,1741.0
2026-04-27 14:00:00,4708.71,4708.99,4703.87,4703.97,1741.0
2026-04-27 14:15:00,4703.99,4706.77,4700.25,4705.13,1896.0
2026-04-27 14:30:00,4705.15,4708.43,4699.98,4702.51,1856.0
2026-04-27 14:45:00,4702.66,4705.18,4700.8,4704.72,1577.0
2026-04-27 15:00:00,4704.75,4709.0,4702.46,4708.73,2219.0
2026-04-27 15:15:00,4708.75,4712.48,4701.66,4706.95,2584.0
2026-04-27 15:30:00,4706.87,4707.73,4696.99,4698.88,2521.0
2026-04-27 15:45:00,4698.76,4704.38,4696.94,4699.12,2429.0
2026-04-27 16:00:00,4699.13,4700.46,4693.18,4695.88,3135.0
2026-04-27 16:15:00,4695.82,4703.34,4695.4,4699.83,2537.0
2026-04-27 16:30:00,4699.84,4702.47,4689.04,4693.2,3626.0
2026-04-27 16:45:00,4693.22,4697.27,4689.27,4696.08,3446.0
2026-04-27 17:00:00,4695.94,4696.19,4687.68,4692.48,3386.0
2026-04-27 17:15:00,4692.43,4696.61,4686.21,4688.85,3131.0
2026-04-27 17:30:00,4688.93,4696.62,4683.43,4693.35,3227.0
2026-04-27 17:45:00,4693.4,4693.95,4676.48,4678.07,2952.0
2026-04-27 18:00:00,4678.05,4679.28,4667.07,4674.4,3401.0
2026-04-27 18:15:00,4674.3,4681.0,4671.81,4680.99,2974.0
2026-04-27 18:30:00,4681.1,4682.48,4676.91,4677.54,2543.0
2026-04-27 18:45:00,4677.42,4677.96,4667.67,4669.93,2672.0
2026-04-27 19:00:00,4669.91,4674.78,4667.22,4674.44,2415.0
2026-04-27 19:15:00,4674.29,4677.63,4673.66,4676.24,2098.0
2026-04-27 19:30:00,4676.25,4679.4,4674.2,4674.7,2023.0
2026-04-27 19:45:00,4674.68,4677.9,4674.65,4676.55,1820.0
2026-04-27 20:00:00,4676.56,4678.39,4671.57,4673.59,2124.0
2026-04-27 20:15:00,4673.58,4679.9,4668.19,4679.65,2527.0
2026-04-27 20:30:00,4679.78,4686.03,4679.39,4682.99,2300.0
2026-04-27 20:45:00,4683.0,4684.31,4680.98,4682.07,1891.0
2026-04-27 21:00:00,4682.05,4682.65,4678.86,4681.41,1733.0
2026-04-27 21:15:00,4681.31,4685.39,4680.57,4684.0,1818.0
2026-04-27 21:30:00,4683.98,4685.21,4682.45,4682.72,1390.0
2026-04-27 21:45:00,4682.64,4684.89,4680.52,4680.6,1524.0
2026-04-27 22:00:00,4680.59,4681.17,4678.5,4680.21,1450.0
2026-04-27 22:15:00,4680.19,4682.54,4679.73,4682.11,1360.0
2026-04-27 22:30:00,4682.24,4682.29,4676.62,4679.85,1486.0
2026-04-27 22:45:00,4679.88,4681.35,4678.41,4680.61,2010.0
2026-04-27 23:00:00,4680.7,4681.34,4677.5,4679.05,919.0
2026-04-27 23:15:00,4679.04,4680.71,4678.55,4679.65,671.0
2026-04-27 23:30:00,4679.64,4680.41,4678.72,4680.05,649.0
2026-04-27 23:45:00,4680.04,4680.35,4678.33,4679.84,682.0
2026-04-28 01:00:00,4675.11,4691.03,4675.11,4689.14,1544.0
2026-04-28 01:15:00,4688.98,4689.76,4686.87,4688.95,815.0
2026-04-28 01:30:00,4689.06,4689.56,4686.51,4687.27,739.0
2026-04-28 01:45:00,4687.28,4688.04,4686.06,4687.8,616.0
2026-04-28 02:00:00,4687.78,4689.96,4687.22,4689.75,656.0
2026-04-28 02:15:00,4689.64,4691.51,4689.45,4690.63,726.0
2026-04-28 02:30:00,4690.55,4694.34,4690.48,4694.26,889.0
2026-04-28 02:45:00,4694.36,4694.93,4691.85,4691.91,870.0
2026-04-28 03:00:00,4692.11,4701.24,4691.78,4697.8,1629.0
2026-04-28 03:15:00,4697.71,4699.38,4692.12,4694.84,1670.0
2026-04-28 03:30:00,4694.88,4695.12,4691.66,4693.56,1519.0
2026-04-28 03:45:00,4693.73,4694.56,4690.45,4690.48,1298.0
2026-04-28 04:00:00,4690.21,4690.85,4684.42,4687.93,2542.0
2026-04-28 04:15:00,4687.92,4690.54,4685.54,4687.49,2052.0
2026-04-28 04:30:00,4687.47,4691.31,4683.77,4687.15,2141.0
2026-04-28 04:45:00,4687.16,4687.57,4669.37,4670.54,2597.0
2026-04-28 05:00:00,4670.52,4677.74,4666.36,4677.28,2413.0
2026-04-28 05:15:00,4677.26,4679.62,4674.42,4675.41,1670.0
2026-04-28 05:30:00,4675.43,4675.43,4670.37,4670.81,2208.0
2026-04-28 05:45:00,4670.78,4671.08,4666.45,4669.0,2105.0
2026-04-28 06:00:00,4668.99,4674.12,4668.39,4672.79,1887.0
2026-04-28 06:15:00,4672.77,4675.71,4671.19,4674.78,1592.0
2026-04-28 06:30:00,4674.8,4675.24,4671.65,4671.86,1288.0
2026-04-28 06:45:00,4671.83,4672.58,4669.25,4670.84,1057.0
2026-04-28 07:00:00,4670.77,4671.16,4666.83,4669.67,1230.0
2026-04-28 07:15:00,4669.63,4669.66,4666.65,4667.31,964.0
2026-04-28 07:30:00,4667.32,4669.76,4666.55,4669.71,991.0
2026-04-28 07:45:00,4669.61,4669.79,4667.24,4667.56,928.0
2026-04-28 08:00:00,4667.7,4667.87,4648.85,4652.28,2324.0
2026-04-28 08:15:00,4652.24,4659.34,4651.05,4658.18,1727.0
2026-04-28 08:30:00,4658.17,4658.36,4624.33,4624.74,3635.0
2026-04-28 08:45:00,4624.7,4634.17,4623.8,4632.03,3025.0
2026-04-28 09:00:00,4631.97,4642.75,4625.75,4640.51,2901.0
2026-04-28 09:15:00,4640.48,4640.96,4623.45,4631.48,2844.0
2026-04-28 09:30:00,4631.45,4634.55,4625.4,4629.65,2724.0
2026-04-28 09:45:00,4629.62,4631.57,4623.23,4628.89,2731.0
2026-04-28 10:00:00,4628.79,4639.24,4627.28,4634.11,2718.0
2026-04-28 10:15:00,4634.02,4634.76,4627.2,4629.54,2487.0
2026-04-28 10:30:00,4629.58,4635.13,4625.98,4629.26,2497.0
2026-04-28 10:45:00,4629.16,4633.49,4620.54,4633.07,2590.0
2026-04-28 11:00:00,4633.0,4633.45,4614.57,4620.18,3313.0
2026-04-28 11:15:00,4620.19,4627.03,4619.08,4626.79,2644.0
2026-04-28 11:30:00,4627.0,4635.32,4626.68,4628.06,2612.0
2026-04-28 11:45:00,4627.9,4630.49,4625.02,4629.56,2154.0
2026-04-28 12:00:00,4629.57,4629.92,4621.54,4625.25,2379.0
2026-04-28 12:15:00,4625.08,4625.79,4613.02,4618.19,2550.0
2026-04-28 12:30:00,4618.01,4619.0,4608.0,4613.27,2671.0
2026-04-28 12:45:00,4613.51,4614.97,4604.55,4604.7,2528.0
2026-04-28 13:00:00,4604.67,4613.42,4604.43,4612.55,2180.0
2026-04-28 13:15:00,4612.54,4616.33,4610.71,4611.5,2074.0
2026-04-28 13:30:00,4611.39,4615.7,4610.87,4613.08,2039.0
2026-04-28 13:45:00,4613.15,4615.46,4603.15,4603.17,2246.0
2026-04-28 14:00:00,4603.08,4608.68,4597.77,4598.46,2861.0
2026-04-28 14:15:00,4598.35,4603.96,4593.98,4599.32,2769.0
2026-04-28 14:30:00,4599.19,4599.72,4568.07,4571.93,3562.0
2026-04-28 14:45:00,4571.81,4573.78,4555.47,4562.5,3758.0
2026-04-28 15:00:00,4562.4,4581.57,4554.64,4581.48,3567.0
2026-04-28 15:15:00,4581.58,4597.89,4573.8,4580.08,3655.0
2026-04-28 15:30:00,4580.17,4588.64,4570.56,4586.81,3324.0
2026-04-28 15:45:00,4586.84,4599.97,4584.34,4593.65,3427.0
2026-04-28 16:00:00,4593.48,4594.49,4571.21,4576.06,3796.0
2026-04-28 16:15:00,4576.09,4584.35,4572.12,4581.54,3416.0
2026-04-28 16:30:00,4581.41,4591.42,4570.82,4581.67,4388.0
2026-04-28 16:45:00,4581.7,4592.52,4574.7,4580.3,3888.0
2026-04-28 17:00:00,4580.19,4580.58,4565.04,4568.21,3991.0
2026-04-28 17:15:00,4568.2,4577.7,4564.49,4571.47,3848.0
2026-04-28 17:30:00,4571.43,4577.96,4557.22,4564.03,3816.0
2026-04-28 17:45:00,4563.88,4574.69,4557.22,4574.37,3885.0
2026-04-28 18:00:00,4574.48,4581.61,4570.34,4572.51,3734.0
2026-04-28 18:15:00,4572.53,4577.19,4566.9,4576.88,3366.0
2026-04-28 18:30:00,4576.77,4581.3,4571.04,4577.74,3231.0
2026-04-28 18:45:00,4577.72,4586.5,4576.58,4586.5,3058.0
2026-04-28 19:00:00,4586.38,4586.78,4582.26,4585.13,2781.0
2026-04-28 19:15:00,4585.26,4585.62,4577.79,4582.87,2588.0
2026-04-28 19:30:00,4582.79,4586.67,4580.56,4584.93,2537.0
2026-04-28 19:45:00,4584.92,4594.82,4583.79,4592.17,2688.0
2026-04-28 20:00:00,4592.25,4594.72,4588.51,4593.67,2560.0
2026-04-28 20:15:00,4593.63,4597.18,4587.1,4593.48,2600.0
2026-04-28 20:30:00,4593.57,4601.37,4593.57,4599.01,2366.0
2026-04-28 20:45:00,4599.0,4600.48,4594.03,4594.64,2190.0
2026-04-28 21:00:00,4594.72,4598.44,4592.07,4595.99,2085.0
2026-04-28 21:15:00,4596.03,4600.44,4596.01,4598.88,2311.0
2026-04-28 21:30:00,4598.9,4599.5,4593.59,4597.74,1942.0
2026-04-28 21:45:00,4597.73,4598.89,4593.03,4594.2,1784.0
2026-04-28 22:00:00,4594.25,4598.69,4593.84,4595.57,1682.0
2026-04-28 22:15:00,4595.68,4597.14,4593.61,4596.21,1724.0
2026-04-28 22:30:00,4596.28,4599.99,4594.64,4598.45,1842.0
2026-04-28 22:45:00,4598.39,4599.22,4592.5,4595.57,2204.0
2026-04-28 23:00:00,4595.54,4598.6,4594.83,4597.28,1389.0
2026-04-28 23:15:00,4597.32,4598.08,4591.13,4592.82,1192.0
2026-04-28 23:30:00,4592.86,4595.34,4592.27,4593.3,953.0
2026-04-28 23:45:00,4593.39,4596.51,4592.74,4596.39,735.0
2026-04-29 01:00:00,4595.77,4600.71,4593.43,4596.16,1226.0
2026-04-29 01:15:00,4596.14,4597.03,4594.99,4595.72,472.0
2026-04-29 01:30:00,4595.77,4597.15,4592.9,4593.56,466.0
2026-04-29 01:45:00,4593.52,4595.31,4592.35,4594.04,590.0
2026-04-29 02:00:00,4594.07,4594.42,4589.22,4590.86,707.0
2026-04-29 02:15:00,4590.83,4592.64,4590.18,4592.11,629.0
2026-04-29 02:30:00,4591.75,4593.31,4587.77,4589.82,816.0
2026-04-29 02:45:00,4589.83,4596.06,4588.78,4595.56,918.0
2026-04-29 03:00:00,4595.2,4610.18,4594.64,4607.28,2227.0
2026-04-29 03:15:00,4607.41,4607.67,4598.58,4599.92,1583.0
2026-04-29 03:30:00,4600.06,4604.81,4599.4,4603.66,1310.0
2026-04-29 03:45:00,4603.67,4604.03,4596.26,4600.17,1579.0
2026-04-29 04:00:00,4600.35,4600.35,4575.65,4582.5,3498.0
2026-04-29 04:15:00,4582.34,4586.32,4579.07,4580.29,2406.0
2026-04-29 04:30:00,4580.3,4591.38,4578.71,4590.27,2751.0
2026-04-29 04:45:00,4590.42,4591.59,4580.33,4584.74,2308.0
2026-04-29 05:00:00,4585.05,4602.25,4585.05,4600.8,2519.0
2026-04-29 05:15:00,4600.91,4604.04,4598.09,4599.13,1889.0
2026-04-29 05:30:00,4599.19,4601.79,4595.39,4596.75,2129.0
2026-04-29 05:45:00,4596.79,4601.07,4592.15,4593.53,2051.0
2026-04-29 06:00:00,4593.59,4602.92,4592.63,4601.79,1898.0
2026-04-29 06:15:00,4601.81,4603.17,4597.08,4598.6,1720.0
2026-04-29 06:30:00,4598.55,4598.55,4592.34,4593.67,1320.0
2026-04-29 06:45:00,4593.65,4596.46,4592.07,4595.28,1101.0
2026-04-29 07:00:00,4595.46,4603.33,4595.2,4600.56,956.0
2026-04-29 07:15:00,4600.6,4601.84,4597.24,4601.62,1140.0
2026-04-29 07:30:00,4601.69,4605.45,4601.61,4602.08,1210.0
2026-04-29 07:45:00,4602.15,4605.48,4602.15,4604.71,864.0
2026-04-29 08:00:00,4604.66,4607.52,4600.27,4600.86,1415.0
2026-04-29 08:15:00,4600.87,4602.58,4598.53,4600.6,1149.0
2026-04-29 08:30:00,4600.7,4601.39,4594.11,4598.89,1880.0
2026-04-29 08:45:00,4598.94,4603.1,4590.63,4590.72,2057.0
2026-04-29 09:00:00,4590.85,4598.53,4587.06,4588.35,2492.0
2026-04-29 09:15:00,4588.33,4589.22,4581.22,4584.93,2411.0
2026-04-29 09:30:00,4584.95,4587.36,4580.76,4584.74,2288.0
2026-04-29 09:45:00,4584.77,4586.7,4581.16,4584.42,2239.0
2026-04-29 10:00:00,4584.43,4588.73,4576.61,4578.55,2709.0
2026-04-29 10:15:00,4578.57,4581.24,4569.54,4575.08,2534.0
2026-04-29 10:30:00,4575.05,4578.66,4569.22,4570.27,2623.0
2026-04-29 10:45:00,4570.33,4572.3,4567.21,4567.71,2495.0
2026-04-29 11:00:00,4567.7,4573.21,4564.4,4565.12,3003.0
2026-04-29 11:15:00,4565.21,4571.28,4565.21,4566.37,2546.0
2026-04-29 11:30:00,4566.04,4568.76,4557.21,4568.22,2748.0
2026-04-29 11:45:00,4568.18,4576.63,4568.15,4573.09,2272.0
2026-04-29 12:00:00,4573.11,4575.58,4570.2,4573.95,2227.0
2026-04-29 12:15:00,4573.77,4580.71,4565.76,4565.76,2302.0
2026-04-29 12:30:00,4565.55,4569.47,4558.7,4558.8,2663.0
2026-04-29 12:45:00,4558.9,4561.92,4551.44,4555.62,2813.0
2026-04-29 13:00:00,4555.5,4568.06,4554.88,4567.9,2271.0
2026-04-29 13:15:00,4567.96,4573.14,4567.96,4571.63,2302.0
2026-04-29 13:30:00,4571.71,4576.47,4565.93,4566.26,2145.0
2026-04-29 13:45:00,4566.27,4570.53,4563.89,4569.81,2076.0
2026-04-29 14:00:00,4570.19,4571.88,4565.26,4567.88,2452.0
2026-04-29 14:15:00,4568.01,4570.16,4564.11,4564.6,2208.0
2026-04-29 14:30:00,4564.48,4571.7,4563.52,4566.81,2296.0
2026-04-29 14:45:00,4566.71,4566.78,4559.07,4561.6,2268.0
2026-04-29 15:00:00,4561.54,4568.17,4560.52,4564.41,2341.0
2026-04-29 15:15:00,4564.52,4568.91,4559.27,4559.39,2467.0
2026-04-29 15:30:00,4559.24,4559.65,4551.17,4557.62,3007.0
2026-04-29 15:45:00,4557.57,4559.87,4542.07,4544.77,3028.0
2026-04-29 16:00:00,4544.79,4553.17,4544.79,4549.77,3188.0
2026-04-29 16:15:00,4549.75,4551.5,4534.44,4537.79,3342.0
2026-04-29 16:30:00,4537.64,4539.21,4513.48,4514.66,4011.0
2026-04-29 16:45:00,4514.61,4529.87,4510.17,4521.71,3872.0
2026-04-29 17:00:00,4521.68,4528.15,4517.79,4526.09,3736.0
2026-04-29 17:15:00,4526.08,4537.64,4524.22,4533.06,3470.0
2026-04-29 17:30:00,4533.14,4542.49,4530.83,4538.71,3281.0
2026-04-29 17:45:00,4538.78,4540.44,4532.07,4539.31,2991.0
2026-04-29 18:00:00,4539.26,4546.76,4536.17,4537.55,3125.0
2026-04-29 18:15:00,4542.45,4546.39,4540.89,4543.46,1534.0
2026-04-29 18:30:00,4543.31,4556.14,4540.35,4553.12,3285.0
2026-04-29 18:45:00,4553.04,4558.74,4542.11,4547.63,3607.0
2026-04-29 19:00:00,4547.58,4564.83,4546.91,4558.94,3250.0
2026-04-29 19:15:00,4559.04,4564.14,4557.03,4560.13,2803.0
2026-04-29 19:30:00,4560.0,4560.0,4545.7,4550.22,3107.0
2026-04-29 19:45:00,4550.36,4551.37,4543.32,4545.33,2609.0
2026-04-29 20:00:00,4545.35,4552.15,4542.78,4550.58,2487.0
2026-04-29 20:15:00,4550.59,4554.47,4545.89,4547.1,2778.0
2026-04-29 20:30:00,4547.22,4548.5,4542.69,4544.64,2440.0
2026-04-29 20:45:00,4544.73,4547.51,4541.52,4547.51,2469.0
2026-04-29 21:00:00,4547.39,4552.88,4525.23,4525.49,3899.0
2026-04-29 21:15:00,4525.39,4539.22,4525.08,4532.89,3431.0
2026-04-29 21:30:00,4533.01,4540.62,4520.39,4520.43,4095.0
2026-04-29 21:45:00,4520.38,4541.19,4518.15,4538.0,3779.0
2026-04-29 22:00:00,4538.01,4548.74,4533.19,4547.68,3369.0
2026-04-29 22:15:00,4547.55,4550.58,4541.1,4542.68,3013.0
2026-04-29 22:30:00,4542.73,4544.9,4537.57,4539.45,2846.0
2026-04-29 22:45:00,4539.51,4549.72,4539.29,4546.86,2689.0
2026-04-29 23:00:00,4546.99,4553.42,4542.61,4546.33,3202.0
2026-04-29 23:15:00,4546.32,4547.89,4541.25,4543.21,2728.0
2026-04-29 23:30:00,4543.11,4546.54,4542.38,4543.78,1896.0
2026-04-29 23:45:00,4543.8,4544.64,4541.46,4543.09,1483.0
2026-04-30 01:00:00,4547.25,4548.68,4539.26,4546.21,1361.0
2026-04-30 01:15:00,4546.47,4550.75,4546.31,4549.04,1175.0
2026-04-30 01:30:00,4548.99,4552.06,4547.4,4548.36,882.0
2026-04-30 01:45:00,4548.25,4552.65,4547.69,4552.01,994.0
2026-04-30 02:00:00,4552.02,4553.97,4550.45,4553.22,772.0
2026-04-30 02:15:00,4553.17,4555.04,4549.6,4551.55,916.0
2026-04-30 02:30:00,4551.62,4554.78,4551.29,4554.38,731.0
2026-04-30 02:45:00,4554.45,4561.9,4553.91,4561.65,1276.0
2026-04-30 03:00:00,4561.86,4568.43,4557.71,4558.0,2670.0
2026-04-30 03:15:00,4558.01,4564.46,4556.42,4563.52,2379.0
2026-04-30 03:30:00,4563.56,4566.88,4562.18,4566.88,1872.0
2026-04-30 03:45:00,4566.91,4573.96,4566.44,4569.88,2025.0
2026-04-30 04:00:00,4569.74,4571.18,4564.65,4568.35,2610.0
2026-04-30 04:15:00,4568.57,4580.91,4565.79,4579.79,2444.0
2026-04-30 04:30:00,4579.82,4581.3,4570.82,4576.19,2732.0
2026-04-30 04:45:00,4576.08,4582.35,4573.93,4579.01,2365.0
2026-04-30 05:00:00,4579.02,4581.73,4574.75,4579.55,1990.0
2026-04-30 05:15:00,4579.54,4580.53,4571.81,4572.98,1701.0
2026-04-30 05:30:00,4573.01,4573.94,4560.13,4562.25,2816.0
2026-04-30 05:45:00,4562.12,4565.16,4559.72,4564.8,2071.0
2026-04-30 06:00:00,4564.46,4568.91,4562.4,4564.9,1855.0
2026-04-30 06:15:00,4565.09,4566.79,4562.71,4563.16,1616.0
2026-04-30 06:30:00,4563.32,4563.77,4557.53,4561.45,1711.0
2026-04-30 06:45:00,4561.3,4561.46,4555.65,4555.82,1563.0
2026-04-30 07:00:00,4555.97,4556.45,4550.85,4555.19,1922.0
2026-04-30 07:15:00,4555.27,4556.83,4545.8,4547.2,1937.0
2026-04-30 07:30:00,4547.08,4547.55,4540.8,4544.58,2078.0
2026-04-30 07:45:00,4544.54,4549.4,4541.92,4541.97,1801.0
2026-04-30 08:00:00,4541.86,4553.46,4541.86,4553.14,2094.0
2026-04-30 08:15:00,4553.21,4558.76,4551.77,4555.6,1825.0
2026-04-30 08:30:00,4555.63,4566.6,4553.74,4563.87,2381.0
2026-04-30 08:45:00,4563.84,4569.56,4562.14,4562.48,2032.0
2026-04-30 09:00:00,4562.5,4567.98,4560.09,4566.02,2770.0
2026-04-30 09:15:00,4566.17,4570.95,4563.49,4569.38,2470.0
2026-04-30 09:30:00,4569.49,4578.34,4569.49,4575.06,2797.0
2026-04-30 09:45:00,4574.96,4591.43,4574.64,4589.48,2609.0
2026-04-30 10:00:00,4589.66,4595.55,4586.17,4591.59,2890.0
2026-04-30 10:15:00,4591.58,4593.55,4584.89,4591.47,2454.0
2026-04-30 10:30:00,4591.31,4597.95,4587.87,4596.69,2215.0
2026-04-30 10:45:00,4596.54,4605.41,4593.52,4598.39,2400.0
2026-04-30 11:00:00,4598.4,4629.76,4597.29,4618.72,3388.0
2026-04-30 11:15:00,4618.74,4620.43,4612.03,4617.39,2604.0
2026-04-30 11:30:00,4617.48,4620.58,4613.68,4614.88,2658.0
2026-04-30 11:45:00,4614.99,4619.26,4614.23,4616.26,2288.0
2026-04-30 12:00:00,4616.36,4620.04,4614.13,4618.78,2472.0
2026-04-30 12:15:00,4618.75,4626.62,4615.41,4625.42,2565.0
2026-04-30 12:30:00,4625.48,4631.66,4618.38,4619.13,2997.0
2026-04-30 12:45:00,4619.16,4627.17,4618.06,4625.09,2238.0
2026-04-30 13:00:00,4625.13,4629.1,4623.63,4626.65,2268.0
2026-04-30 13:15:00,4626.96,4643.94,4626.08,4643.48,2486.0
2026-04-30 13:30:00,4643.53,4646.71,4634.17,4636.45,3081.0
2026-04-30 13:45:00,4636.55,4639.72,4633.73,4639.68,2546.0
2026-04-30 14:00:00,4640.55,4644.98,4635.81,4635.83,2900.0
2026-04-30 14:15:00,4635.85,4643.39,4630.26,4637.54,2990.0
2026-04-30 14:30:00,4637.55,4637.73,4626.69,4629.63,2881.0
2026-04-30 14:45:00,4629.59,4635.29,4628.03,4630.09,2418.0
2026-04-30 15:00:00,4630.26,4637.39,4629.42,4635.76,2353.0
2026-04-30 15:15:00,4635.86,4637.4,4628.39,4629.12,2791.0
2026-04-30 15:30:00,4629.24,4636.44,4625.22,4625.73,2894.0
2026-04-30 15:45:00,4625.63,4640.02,4624.59,4639.48,2757.0
2026-04-30 16:00:00,4639.6,4643.97,4634.6,4641.0,3162.0
2026-04-30 16:15:00,4641.17,4645.7,4632.96,4633.51,2898.0
2026-04-30 16:30:00,4633.32,4634.54,4620.27,4625.44,3674.0
2026-04-30 16:45:00,4625.43,4625.43,4610.61,4610.95,3717.0
2026-04-30 17:00:00,4610.91,4625.61,4609.51,4620.26,3755.0
2026-04-30 17:15:00,4620.29,4625.81,4616.07,4622.89,3701.0
2026-04-30 17:30:00,4622.72,4622.72,4610.76,4617.64,3633.0
2026-04-30 17:45:00,4617.39,4623.78,4617.13,4619.69,3350.0
2026-04-30 18:00:00,4619.62,4624.03,4614.84,4619.98,3352.0
2026-04-30 18:15:00,4619.92,4624.35,4615.62,4622.85,3066.0
2026-04-30 18:30:00,4622.84,4625.25,4613.4,4615.56,2867.0
2026-04-30 18:45:00,4615.48,4617.18,4611.33,4615.29,2489.0
2026-04-30 19:00:00,4615.25,4617.36,4610.02,4611.63,2393.0
2026-04-30 19:15:00,4611.64,4611.82,4605.54,4607.95,2408.0
2026-04-30 19:30:00,4607.76,4613.7,4606.99,4608.98,2197.0
2026-04-30 19:45:00,4608.97,4617.67,4605.36,4607.52,2556.0
2026-04-30 20:00:00,4607.56,4619.81,4607.56,4615.83,2676.0
2026-04-30 20:15:00,4615.77,4620.66,4612.81,4617.78,2359.0
2026-04-30 20:30:00,4617.69,4621.51,4615.03,4617.78,2526.0
2026-04-30 20:45:00,4617.8,4619.85,4615.11,4616.73,1972.0
2026-04-30 21:00:00,4616.86,4624.42,4616.68,4620.56,2379.0
2026-04-30 21:15:00,4620.58,4625.14,4619.87,4620.7,2122.0
2026-04-30 21:30:00,4621.02,4622.83,4619.07,4620.54,1867.0
2026-04-30 21:45:00,4620.55,4624.95,4620.0,4622.37,1987.0
2026-04-30 22:00:00,4622.24,4627.21,4622.08,4624.08,2093.0
2026-04-30 22:15:00,4624.13,4625.26,4617.01,4617.62,2076.0
2026-04-30 22:30:00,4617.67,4622.87,4615.25,4622.5,1964.0
2026-04-30 22:45:00,4622.4,4623.12,4614.46,4617.0,2495.0
2026-04-30 23:00:00,4617.02,4620.36,4615.84,4616.03,1993.0
2026-04-30 23:15:00,4616.1,4619.25,4615.69,4616.59,1222.0
2026-04-30 23:30:00,4616.43,4618.51,4615.44,4617.3,1369.0
2026-04-30 23:45:00,4617.33,4622.03,4616.75,4620.48,1047.0
2026-05-01 01:00:00,4614.78,4635.67,4614.78,4631.24,1243.0
2026-05-01 01:15:00,4631.3,4631.41,4628.71,4631.2,813.0
2026-05-01 01:30:00,4631.33,4632.2,4626.76,4632.2,1153.0
2026-05-01 01:45:00,4632.25,4632.25,4628.3,4630.29,1180.0
2026-05-01 02:00:00,4630.28,4631.6,4628.1,4630.07,1004.0
2026-05-01 02:15:00,4630.06,4632.1,4628.96,4630.68,817.0
2026-05-01 02:30:00,4630.69,4633.96,4630.56,4631.21,940.0
2026-05-01 02:45:00,4631.08,4633.12,4626.32,4626.42,1179.0
2026-05-01 03:00:00,4626.6,4630.94,4620.7,4622.37,2088.0
2026-05-01 03:15:00,4622.38,4628.36,4620.89,4623.74,1906.0
2026-05-01 03:30:00,4623.36,4624.84,4618.46,4620.71,1731.0
2026-05-01 03:45:00,4620.84,4624.94,4619.48,4619.63,1668.0
2026-05-01 04:00:00,4619.62,4620.72,4615.43,4618.34,1686.0
2026-05-01 04:15:00,4618.29,4618.91,4613.72,4616.27,1286.0
2026-05-01 04:30:00,4616.17,4621.82,4616.04,4620.03,1543.0
2026-05-01 04:45:00,4619.91,4622.12,4618.54,4620.82,1299.0
2026-05-01 05:00:00,4620.54,4634.36,4619.62,4630.84,1478.0
2026-05-01 05:15:00,4630.87,4635.93,4628.47,4629.39,1474.0
2026-05-01 05:30:00,4629.4,4631.06,4623.85,4624.18,1371.0
2026-05-01 05:45:00,4623.97,4624.33,4616.41,4619.0,1606.0
2026-05-01 06:00:00,4618.85,4621.15,4617.67,4620.52,1201.0
2026-05-01 06:15:00,4620.69,4626.57,4620.45,4626.13,1048.0
2026-05-01 06:30:00,4626.19,4631.95,4625.34,4626.08,1641.0
2026-05-01 06:45:00,4626.1,4627.92,4625.44,4626.6,1160.0
2026-05-01 07:00:00,4626.72,4628.69,4619.91,4621.61,1430.0
2026-05-01 07:15:00,4621.51,4623.25,4617.1,4617.45,1045.0
2026-05-01 07:30:00,4617.53,4618.06,4612.1,4613.4,1492.0
2026-05-01 07:45:00,4613.35,4614.48,4609.11,4609.11,1328.0
2026-05-01 08:00:00,4609.12,4614.69,4607.51,4614.22,1447.0
2026-05-01 08:15:00,4614.25,4616.09,4611.59,4614.65,1090.0
2026-05-01 08:30:00,4614.64,4615.35,4609.44,4609.8,1356.0
2026-05-01 08:45:00,4609.73,4613.42,4602.89,4604.82,1572.0
2026-05-01 09:00:00,4604.95,4607.86,4600.92,4601.38,1946.0
2026-05-01 09:15:00,4601.46,4601.95,4593.09,4593.35,1852.0
2026-05-01 09:30:00,4593.4,4597.47,4590.72,4593.32,1910.0
2026-05-01 09:45:00,4593.38,4595.91,4591.14,4594.69,2491.0
2026-05-01 10:00:00,4594.61,4596.3,4590.22,4595.89,2427.0
2026-05-01 10:15:00,4595.87,4597.98,4585.18,4592.25,2183.0
2026-05-01 10:30:00,4592.31,4592.46,4583.61,4585.3,2072.0
2026-05-01 10:45:00,4585.27,4585.9,4575.83,4578.11,1967.0
2026-05-01 11:00:00,4577.97,4582.47,4573.4,4573.8,2269.0
2026-05-01 11:15:00,4573.85,4576.84,4566.4,4567.27,2168.0
2026-05-01 11:30:00,4567.09,4572.02,4566.04,4570.93,1943.0
2026-05-01 11:45:00,4570.82,4572.49,4565.07,4568.58,1734.0
2026-05-01 12:00:00,4568.9,4569.08,4564.26,4565.71,1745.0
2026-05-01 12:15:00,4565.65,4571.29,4564.66,4569.15,1729.0
2026-05-01 12:30:00,4568.96,4572.88,4567.54,4570.26,1591.0
2026-05-01 12:45:00,4570.3,4570.63,4560.26,4562.61,1835.0
2026-05-01 13:00:00,4562.41,4567.92,4561.29,4566.54,1524.0
2026-05-01 13:15:00,4566.57,4572.55,4566.56,4572.04,1335.0
2026-05-01 13:30:00,4572.02,4575.93,4567.35,4570.26,1549.0
2026-05-01 13:45:00,4570.1,4572.02,4565.98,4566.72,1512.0
2026-05-01 14:00:00,4566.74,4568.8,4562.38,4565.7,1881.0
2026-05-01 14:15:00,4565.59,4576.26,4564.47,4571.77,1941.0
2026-05-01 14:30:00,4571.62,4577.65,4570.21,4575.55,1869.0
2026-05-01 14:45:00,4575.56,4579.46,4572.71,4578.6,1819.0
2026-05-01 15:00:00,4578.49,4590.41,4574.83,4584.75,2301.0
2026-05-01 15:15:00,4584.66,4607.68,4582.67,4602.79,3394.0
2026-05-01 15:30:00,4602.76,4603.09,4588.87,4591.81,2745.0
2026-05-01 15:45:00,4591.85,4595.31,4589.63,4591.04,2363.0
2026-05-01 16:00:00,4590.91,4597.16,4589.66,4591.19,2339.0
2026-05-01 16:15:00,4591.31,4593.0,4586.74,4589.01,2361.0
2026-05-01 16:30:00,4589.12,4608.82,4586.41,4607.79,3730.0
2026-05-01 16:45:00,4607.88,4628.77,4598.76,4625.62,3705.0
2026-05-01 17:00:00,4625.46,4659.65,4625.46,4656.02,4104.0
2026-05-01 17:15:00,4656.18,4660.09,4643.79,4644.52,3786.0
2026-05-01 17:30:00,4644.62,4646.11,4630.4,4633.21,3685.0
2026-05-01 17:45:00,4633.16,4635.25,4627.28,4631.96,3348.0
2026-05-01 18:00:00,4632.07,4636.26,4619.02,4636.26,3398.0
2026-05-01 18:15:00,4636.23,4640.44,4633.98,4636.37,2847.0
2026-05-01 18:30:00,4636.56,4644.53,4635.36,4643.43,2711.0
2026-05-01 18:45:00,4643.54,4647.91,4633.2,4643.12,2816.0
2026-05-01 19:00:00,4643.07,4645.35,4638.09,4642.68,2448.0
2026-05-01 19:15:00,4642.63,4649.91,4637.73,4637.86,2758.0
2026-05-01 19:30:00,4637.9,4641.26,4633.91,4638.89,2730.0
2026-05-01 19:45:00,4638.92,4642.78,4636.69,4638.76,2192.0
2026-05-01 20:00:00,4638.85,4642.65,4637.54,4639.79,1940.0
2026-05-01 20:15:00,4639.92,4640.06,4630.92,4631.64,2068.0
2026-05-01 20:30:00,4631.67,4632.09,4626.74,4627.88,2050.0
2026-05-01 20:45:00,4627.96,4634.8,4627.18,4629.44,2021.0
2026-05-01 21:00:00,4629.48,4630.57,4615.61,4615.72,2300.0
2026-05-01 21:15:00,4615.75,4623.57,4613.71,4623.21,2237.0
2026-05-01 21:30:00,4623.44,4624.4,4616.07,4622.08,2284.0
2026-05-01 21:45:00,4622.11,4625.69,4619.86,4624.16,1976.0
2026-05-01 22:00:00,4624.25,4626.47,4620.36,4626.12,1789.0
2026-05-01 22:15:00,4626.13,4627.58,4624.23,4624.24,1618.0
2026-05-01 22:30:00,4624.33,4624.43,4611.25,4611.76,2242.0
2026-05-01 22:45:00,4611.67,4615.22,4608.76,4610.87,2389.0
2026-05-01 23:00:00,4610.76,4612.52,4606.89,4611.06,1408.0
2026-05-01 23:15:00,4611.28,4616.04,4609.72,4613.19,1117.0
2026-05-01 23:30:00,4613.34,4615.06,4610.07,4613.71,1037.0
2026-05-01 23:45:00,4613.68,4617.22,4612.28,4616.25,723.0
2026-05-04 01:00:00,4632.74,4637.2,4616.88,4623.02,2182.0
2026-05-04 01:15:00,4622.99,4623.1,4612.46,4620.74,1548.0
2026-05-04 01:30:00,4620.7,4629.24,4619.7,4628.04,1207.0
2026-05-04 01:45:00,4628.02,4629.03,4618.24,4618.76,1320.0
2026-05-04 02:00:00,4618.59,4620.74,4611.33,4615.04,1568.0
2026-05-04 02:15:00,4614.97,4617.55,4613.05,4617.0,1169.0
2026-05-04 02:30:00,4616.79,4618.31,4612.78,4613.5,1227.0
2026-05-04 02:45:00,4613.43,4616.86,4611.48,4613.81,1356.0
2026-05-04 03:00:00,4613.77,4616.37,4604.47,4612.05,2395.0
2026-05-04 03:15:00,4611.96,4614.56,4601.53,4605.89,2312.0
2026-05-04 03:30:00,4606.02,4609.87,4604.92,4605.62,1686.0
2026-05-04 03:45:00,4605.88,4613.35,4604.82,4612.94,1663.0
2026-05-04 04:00:00,4612.78,4613.9,4595.84,4600.44,2319.0
2026-05-04 04:15:00,4600.58,4604.28,4594.05,4594.51,1901.0
2026-05-04 04:30:00,4594.49,4601.54,4592.59,4601.4,1751.0
2026-05-04 04:45:00,4601.39,4613.59,4600.89,4612.93,1482.0
2026-05-04 05:00:00,4612.84,4618.38,4603.43,4608.25,1984.0
2026-05-04 05:15:00,4608.24,4608.24,4591.45,4592.98,2026.0
2026-05-04 05:30:00,4592.85,4603.9,4590.9,4603.9,1752.0
2026-05-04 05:45:00,4603.83,4610.93,4601.13,4605.68,1630.0
2026-05-04 06:00:00,4605.71,4611.53,4604.3,4609.89,1480.0
2026-05-04 06:15:00,4609.91,4610.83,4608.12,4609.75,1255.0
2026-05-04 06:30:00,4609.56,4611.08,4598.42,4604.83,1681.0
2026-05-04 06:45:00,4604.81,4616.96,4604.81,4614.94,2588.0
2026-05-04 07:00:00,4614.9,4615.28,4607.65,4611.08,1718.0
2026-05-04 07:15:00,4611.06,4613.06,4606.99,4607.87,1398.0
2026-05-04 07:30:00,4607.86,4612.77,4607.1,4609.1,1500.0
2026-05-04 07:45:00,4609.41,4610.35,4604.96,4605.8,1200.0
2026-05-04 08:00:00,4605.83,4606.66,4601.87,4603.68,1592.0
2026-05-04 08:15:00,4603.69,4612.96,4595.57,4596.42,2451.0
2026-05-04 08:30:00,4596.43,4598.89,4592.22,4598.8,2261.0
2026-05-04 08:45:00,4598.81,4601.72,4594.29,4598.95,1838.0
2026-05-04 09:00:00,4598.72,4600.67,4587.78,4597.43,2588.0
2026-05-04 09:15:00,4597.52,4597.71,4589.05,4593.86,2198.0
2026-05-04 09:30:00,4594.04,4595.42,4584.28,4585.29,2461.0
2026-05-04 09:45:00,4585.31,4592.29,4583.57,4588.56,2126.0
2026-05-04 10:00:00,4588.47,4593.21,4585.48,4591.98,2306.0
2026-05-04 10:15:00,4591.85,4592.68,4583.17,4585.82,1920.0
2026-05-04 10:30:00,4585.84,4588.04,4582.64,4587.86,2119.0
2026-05-04 10:45:00,4587.85,4590.71,4577.95,4578.87,2008.0
2026-05-04 11:00:00,4578.98,4580.88,4574.13,4580.02,2420.0
2026-05-04 11:15:00,4580.01,4581.21,4574.11,4574.91,2246.0
2026-05-04 11:30:00,4574.89,4581.19,4573.63,4577.91,1937.0
2026-05-04 11:45:00,4577.98,4579.51,4575.78,4576.91,1777.0
2026-05-04 12:00:00,4576.74,4584.04,4576.05,4583.9,1780.0
2026-05-04 12:15:00,4583.87,4584.35,4580.32,4581.2,1501.0
2026-05-04 12:30:00,4581.25,4584.35,4580.34,4581.24,1311.0
2026-05-04 12:45:00,4581.27,4582.09,4572.42,4575.26,1600.0
2026-05-04 13:00:00,4575.19,4575.64,4537.58,4541.8,4182.0
2026-05-04 13:15:00,4541.77,4545.03,4525.91,4544.81,3789.0
2026-05-04 13:30:00,4544.84,4563.97,4542.96,4558.6,3481.0
2026-05-04 13:45:00,4558.4,4566.8,4558.25,4562.55,2507.0
2026-05-04 14:00:00,4563.45,4570.61,4561.12,4565.26,2874.0
2026-05-04 14:15:00,4565.35,4569.9,4561.62,4562.17,2325.0
2026-05-04 14:30:00,4562.07,4562.52,4551.4,4553.44,2772.0
2026-05-04 14:45:00,4553.35,4562.93,4553.03,4559.74,2526.0
2026-05-04 15:00:00,4559.8,4565.59,4559.24,4563.65,2470.0
2026-05-04 15:15:00,4563.61,4574.52,4563.25,4572.13,929.0
2026-05-04 15:30:00,4561.98,4571.44,4561.98,4569.93,1319.0
2026-05-04 15:45:00,4570.07,4575.81,4566.36,4568.29,2415.0
2026-05-04 16:00:00,4568.02,4575.47,4557.29,4565.81,3533.0
2026-05-04 16:15:00,4565.91,4567.45,4560.95,4560.95,2623.0
2026-05-04 16:30:00,4561.04,4570.59,4555.5,4565.36,3834.0
2026-05-04 16:45:00,4565.35,4566.69,4557.45,4563.95,3529.0
2026-05-04 17:00:00,4563.92,4565.69,4553.41,4560.08,3738.0
2026-05-04 17:15:00,4560.29,4582.14,4559.6,4571.11,3498.0
2026-05-04 17:30:00,4571.14,4583.15,4570.22,4574.31,3090.0
2026-05-04 17:45:00,4574.43,4576.86,4559.64,4561.37,3176.0
2026-05-04 18:00:00,4561.48,4565.92,4548.27,4548.45,3613.0
2026-05-04 18:15:00,4548.32,4555.32,4514.41,4537.79,4671.0
2026-05-04 18:30:00,4537.9,4542.79,4527.58,4534.88,4027.0
2026-05-04 18:45:00,4534.82,4535.05,4513.19,4521.51,3832.0
2026-05-04 19:00:00,4521.2,4525.28,4500.68,4509.55,4069.0
2026-05-04 19:15:00,4509.57,4526.84,4508.64,4514.75,3950.0
2026-05-04 19:30:00,4514.63,4518.67,4511.38,4512.41,3087.0
2026-05-04 19:45:00,4512.29,4515.85,4507.33,4510.5,3037.0
2026-05-04 20:00:00,4510.48,4525.94,4510.48,4522.23,3107.0
2026-05-04 20:15:00,4522.14,4531.45,4521.56,4524.3,3116.0
2026-05-04 20:30:00,4524.24,4527.35,4521.62,4525.9,2460.0
2026-05-04 20:45:00,4525.85,4526.63,4521.37,4522.14,2063.0
2026-05-04 21:00:00,4522.28,4525.17,4518.5,4519.82,2053.0
2026-05-04 21:15:00,4519.79,4520.05,4509.82,4511.85,2316.0
2026-05-04 21:30:00,4511.8,4514.87,4510.52,4511.75,2148.0
2026-05-04 21:45:00,4511.83,4516.25,4510.73,4516.14,2082.0
2026-05-04 22:00:00,4516.15,4523.2,4511.37,4518.75,2535.0
2026-05-04 22:15:00,4518.77,4525.84,4517.45,4522.28,2400.0
2026-05-04 22:30:00,4522.41,4527.04,4520.41,4521.11,2062.0
2026-05-04 22:45:00,4521.02,4523.28,4515.24,4517.62,2265.0
2026-05-04 23:00:00,4517.63,4517.95,4511.7,4514.67,1381.0
2026-05-04 23:15:00,4514.55,4515.53,4511.79,4515.11,915.0
2026-05-04 23:30:00,4515.06,4518.8,4514.54,4518.57,977.0
2026-05-04 23:45:00,4518.54,4523.25,4518.54,4523.25,865.0
2026-05-05 01:00:00,4515.76,4525.19,4515.76,4521.02,1026.0
2026-05-05 01:15:00,4521.01,4522.59,4519.26,4519.72,613.0
2026-05-05 01:30:00,4519.81,4522.11,4518.76,4519.0,627.0
2026-05-05 01:45:00,4519.01,4519.26,4515.52,4517.34,686.0
2026-05-05 02:00:00,4517.26,4520.87,4516.08,4520.34,812.0
2026-05-05 02:15:00,4520.29,4521.44,4519.06,4520.97,534.0
2026-05-05 02:30:00,4520.84,4521.26,4518.19,4518.36,517.0
2026-05-05 02:45:00,4518.42,4520.57,4517.24,4518.83,900.0
2026-05-05 03:00:00,4519.02,4528.43,4517.55,4527.77,1746.0
2026-05-05 03:15:00,4527.63,4527.63,4513.53,4517.0,1952.0
2026-05-05 03:30:00,4516.9,4524.07,4515.95,4523.73,1384.0
2026-05-05 03:45:00,4523.95,4530.27,4523.95,4529.98,1463.0
2026-05-05 04:00:00,4529.62,4539.35,4525.33,4538.63,2021.0
2026-05-05 04:15:00,4538.59,4539.92,4535.12,4537.68,1723.0
2026-05-05 04:30:00,4537.83,4542.21,4534.01,4536.82,1988.0
2026-05-05 04:45:00,4536.81,4541.19,4536.12,4540.85,1465.0
2026-05-05 05:00:00,4540.84,4542.46,4537.44,4538.47,1409.0
2026-05-05 05:15:00,4538.44,4541.62,4534.62,4541.42,1259.0
2026-05-05 05:30:00,4541.5,4545.77,4540.05,4544.29,1267.0
2026-05-05 05:45:00,4544.41,4546.57,4538.76,4538.97,1476.0
2026-05-05 06:00:00,4538.79,4542.17,4537.51,4541.98,1141.0
2026-05-05 06:15:00,4542.26,4542.62,4537.32,4537.96,984.0
2026-05-05 06:30:00,4537.93,4539.12,4535.53,4536.03,1069.0
2026-05-05 06:45:00,4536.08,4537.03,4532.4,4534.52,1073.0
2026-05-05 07:00:00,4534.44,4535.63,4532.54,4532.91,900.0
2026-05-05 07:15:00,4532.92,4533.89,4529.4,4529.5,999.0
2026-05-05 07:30:00,4529.49,4533.71,4527.89,4531.55,1122.0
2026-05-05 07:45:00,4531.56,4536.53,4531.18,4533.53,1074.0
2026-05-05 08:00:00,4533.49,4545.36,4531.36,4540.21,1699.0
2026-05-05 08:15:00,4540.22,4540.33,4535.61,4539.82,1345.0
2026-05-05 08:30:00,4539.9,4551.66,4539.62,4545.93,2146.0
2026-05-05 08:45:00,4545.88,4548.74,4543.56,4545.57,1555.0
2026-05-05 09:00:00,4545.72,4551.96,4541.56,4543.54,2228.0
2026-05-05 09:15:00,4543.5,4544.68,4533.8,4536.8,2021.0
2026-05-05 09:30:00,4536.68,4549.4,4536.2,4546.21,2221.0
2026-05-05 09:45:00,4546.19,4550.81,4545.42,4547.99,1939.0
2026-05-05 10:00:00,4547.96,4554.93,4547.42,4553.94,2258.0
2026-05-05 10:15:00,4553.9,4555.5,4548.28,4548.75,1830.0
2026-05-05 10:30:00,4548.91,4558.25,4548.78,4551.17,2315.0
2026-05-05 10:45:00,4551.16,4551.74,4543.23,4545.41,2118.0
2026-05-05 11:00:00,4545.43,4553.34,4545.43,4550.96,2130.0
2026-05-05 11:15:00,4551.02,4554.56,4548.97,4551.15,2200.0
2026-05-05 11:30:00,4550.97,4552.98,4547.79,4549.79,2045.0
2026-05-05 11:45:00,4549.73,4559.52,4548.09,4558.24,1987.0
2026-05-05 12:00:00,4558.36,4560.29,4553.55,4557.6,2183.0
2026-05-05 12:15:00,4557.59,4557.75,4552.22,4552.26,1913.0
2026-05-05 12:30:00,4552.27,4558.18,4551.03,4555.4,1878.0
2026-05-05 12:45:00,4555.41,4557.16,4552.72,4556.16,1559.0
2026-05-05 13:00:00,4556.39,4556.76,4550.64,4552.97,1633.0
2026-05-05 13:15:00,4552.99,4554.9,4546.87,4547.84,1645.0
2026-05-05 13:30:00,4547.8,4553.91,4544.18,4545.13,1952.0
2026-05-05 13:45:00,4544.99,4545.79,4540.17,4543.67,1803.0
2026-05-05 14:00:00,4543.68,4553.02,4539.78,4552.53,2204.0
2026-05-05 14:15:00,4552.64,4557.49,4549.83,4555.93,2208.0
2026-05-05 14:30:00,4555.96,4564.5,4554.97,4563.31,2221.0
2026-05-05 14:45:00,4563.29,4564.78,4559.1,4562.68,1952.0
2026-05-05 15:00:00,4562.69,4566.98,4554.16,4564.91,2938.0
2026-05-05 15:15:00,4565.11,4574.2,4561.11,4573.71,2715.0
2026-05-05 15:30:00,4573.74,4574.65,4566.66,4567.11,2210.0
2026-05-05 15:45:00,4567.25,4568.49,4561.69,4564.56,2006.0
2026-05-05 16:00:00,4564.45,4580.91,4564.22,4578.68,2762.0
2026-05-05 16:15:00,4579.0,4584.76,4576.18,4576.73,2606.0
2026-05-05 16:30:00,4576.77,4581.66,4571.68,4573.89,3132.0
2026-05-05 16:45:00,4573.78,4583.02,4572.82,4579.28,2791.0
2026-05-05 17:00:00,4579.85,4584.36,4570.81,4573.56,3072.0
2026-05-05 17:15:00,4573.6,4586.49,4565.87,4584.0,3408.0
2026-05-05 17:30:00,4584.22,4585.59,4577.5,4582.9,2821.0
2026-05-05 17:45:00,4582.91,4582.91,4575.38,4582.26,2532.0
2026-05-05 18:00:00,4582.31,4583.73,4577.68,4580.69,2424.0
2026-05-05 18:15:00,4580.77,4581.37,4575.37,4578.73,2300.0
2026-05-05 18:30:00,4578.79,4580.85,4572.52,4572.82,2429.0
2026-05-05 18:45:00,4572.86,4575.81,4568.36,4568.53,2213.0
2026-05-05 19:00:00,4568.5,4568.88,4562.27,4566.22,2185.0
2026-05-05 19:15:00,4566.2,4566.2,4556.08,4559.61,2139.0
2026-05-05 19:30:00,4559.7,4560.03,4553.63,4556.56,2245.0
2026-05-05 19:45:00,4556.53,4562.76,4555.63,4561.17,1908.0
2026-05-05 20:00:00,4561.16,4562.54,4553.22,4556.1,2011.0
2026-05-05 20:15:00,4556.24,4561.37,4556.01,4558.55,2032.0
2026-05-05 20:30:00,4558.57,4562.69,4556.03,4560.42,1862.0
2026-05-05 20:45:00,4560.33,4562.2,4558.22,4559.79,1426.0
2026-05-05 21:00:00,4559.82,4564.8,4558.61,4564.27,1336.0
2026-05-05 21:15:00,4564.26,4565.4,4561.13,4562.05,1403.0
2026-05-05 21:30:00,4562.16,4562.5,4557.57,4561.43,1485.0
2026-05-05 21:45:00,4561.48,4565.65,4559.56,4560.95,1557.0
2026-05-05 22:00:00,4561.03,4561.27,4556.82,4557.2,1420.0
2026-05-05 22:15:00,4557.12,4558.8,4554.85,4556.14,1301.0
2026-05-05 22:30:00,4556.13,4558.04,4555.51,4555.59,1099.0
2026-05-05 22:45:00,4555.53,4558.78,4551.48,4554.78,1745.0
2026-05-05 23:00:00,4554.96,4557.03,4553.93,4556.89,825.0
2026-05-05 23:15:00,4556.78,4559.73,4555.37,4559.16,991.0
2026-05-05 23:30:00,4559.09,4559.91,4554.78,4555.53,896.0
2026-05-05 23:45:00,4555.42,4556.87,4554.42,4556.15,726.0
2026-05-06 01:00:00,4560.19,4560.58,4549.04,4550.5,1241.0
2026-05-06 01:15:00,4550.39,4550.97,4546.43,4546.67,978.0
2026-05-06 01:30:00,4546.66,4550.74,4546.23,4548.68,801.0
2026-05-06 01:45:00,4548.48,4577.09,4546.95,4573.24,2002.0
2026-05-06 02:00:00,4573.31,4590.49,4569.31,4588.65,2498.0
2026-05-06 02:15:00,4588.88,4589.44,4581.98,4582.03,2076.0
2026-05-06 02:30:00,4582.0,4588.41,4579.4,4585.12,1573.0
2026-05-06 02:45:00,4585.31,4595.61,4584.56,4593.92,1647.0
2026-05-06 03:00:00,4593.61,4598.26,4589.24,4591.58,2568.0
2026-05-06 03:15:00,4591.45,4604.04,4588.16,4602.13,2431.0
2026-05-06 03:30:00,4602.14,4610.65,4602.01,4610.19,2026.0
2026-05-06 03:45:00,4610.09,4619.62,4609.45,4618.64,1955.0
2026-05-06 04:00:00,4618.65,4622.57,4609.36,4611.45,2881.0
2026-05-06 04:15:00,4611.18,4625.54,4609.66,4624.87,2432.0
2026-05-06 04:30:00,4624.86,4626.04,4620.3,4623.81,2405.0
2026-05-06 04:45:00,4623.65,4628.48,4623.39,4625.94,2142.0
2026-05-06 05:00:00,4625.83,4634.22,4625.19,4633.29,1875.0
2026-05-06 05:15:00,4633.31,4636.29,4629.73,4629.94,1719.0
2026-05-06 05:30:00,4629.93,4634.88,4626.69,4634.43,2077.0
2026-05-06 05:45:00,4634.42,4641.71,4633.75,4640.6,1801.0
2026-05-06 06:00:00,4640.65,4650.1,4638.37,4647.71,1867.0
2026-05-06 06:15:00,4647.69,4651.03,4644.42,4645.63,1665.0
2026-05-06 06:30:00,4645.46,4651.92,4642.51,4647.71,1657.0
2026-05-06 06:45:00,4647.7,4648.34,4642.79,4643.61,1244.0
2026-05-06 07:00:00,4643.63,4647.57,4643.34,4647.57,1266.0
2026-05-06 07:15:00,4647.72,4653.53,4645.55,4652.95,1506.0
2026-05-06 07:30:00,4652.74,4652.74,4645.96,4647.68,2057.0
2026-05-06 07:45:00,4647.67,4652.57,4647.13,4648.9,1798.0
2026-05-06 08:00:00,4648.92,4656.36,4648.81,4654.88,1697.0
2026-05-06 08:15:00,4654.75,4655.28,4649.56,4650.32,1551.0
2026-05-06 08:30:00,4650.22,4651.95,4644.57,4649.98,2102.0
2026-05-06 08:45:00,4649.94,4663.66,4649.19,4662.9,2149.0
2026-05-06 09:00:00,4662.88,4665.78,4656.96,4660.29,2570.0
2026-05-06 09:15:00,4660.28,4666.53,4657.95,4666.03,2156.0
2026-05-06 09:30:00,4666.06,4668.52,4659.98,4664.06,2348.0
2026-05-06 09:45:00,4664.14,4669.59,4662.77,4669.12,2051.0
2026-05-06 10:00:00,4669.16,4669.95,4658.36,4658.46,2119.0
2026-05-06 10:15:00,4658.41,4669.81,4657.34,4667.47,2066.0
2026-05-06 10:30:00,4667.48,4670.47,4663.0,4670.47,2040.0
2026-05-06 10:45:00,4670.43,4681.6,4670.25,4681.45,2531.0
2026-05-06 11:00:00,4681.3,4682.25,4675.2,4679.54,2524.0
2026-05-06 11:15:00,4679.45,4680.66,4676.73,4676.93,1967.0
2026-05-06 11:30:00,4676.94,4678.72,4671.53,4677.41,1877.0
2026-05-06 11:45:00,4677.44,4702.33,4677.27,4700.01,3443.0
2026-05-06 12:00:00,4700.14,4708.41,4689.04,4695.6,3374.0
2026-05-06 12:15:00,4695.45,4704.82,4691.34,4700.02,3060.0
2026-05-06 12:30:00,4699.92,4705.99,4695.82,4695.94,2792.0
2026-05-06 12:45:00,4695.95,4702.61,4694.28,4701.76,2434.0
2026-05-06 13:00:00,4701.85,4705.51,4695.94,4698.16,2585.0
2026-05-06 13:15:00,4698.14,4704.51,4695.56,4704.35,2386.0
2026-05-06 13:30:00,4704.38,4715.92,4704.38,4714.0,2935.0
2026-05-06 13:45:00,4714.01,4722.83,4707.57,4717.94,3327.0
2026-05-06 14:00:00,4717.91,4721.19,4709.33,4712.0,3184.0
2026-05-06 14:15:00,4711.91,4713.56,4705.6,4705.6,2794.0
2026-05-06 14:30:00,4705.83,4715.27,4698.88,4699.49,2915.0
2026-05-06 14:45:00,4699.59,4702.54,4690.71,4692.07,3150.0
2026-05-06 15:00:00,4691.97,4693.08,4671.12,4673.08,3581.0
2026-05-06 15:15:00,4672.91,4688.65,4660.5,4683.26,3839.0
2026-05-06 15:30:00,4683.27,4685.3,4678.08,4682.61,3170.0
2026-05-06 15:45:00,4682.68,4684.55,4676.76,4683.34,2796.0
2026-05-06 16:00:00,4683.29,4692.29,4668.86,4683.48,3816.0
2026-05-06 16:15:00,4683.43,4691.07,4679.56,4685.06,3169.0
2026-05-06 16:30:00,4685.07,4699.11,4680.21,4695.19,3998.0
2026-05-06 16:45:00,4695.21,4707.65,4692.45,4702.05,3625.0
2026-05-06 17:00:00,4701.88,4712.36,4697.55,4710.96,3712.0
2026-05-06 17:15:00,4710.97,4717.35,4704.72,4705.6,3384.0
2026-05-06 17:30:00,4705.67,4714.36,4704.61,4713.25,3316.0
2026-05-06 17:45:00,4713.22,4713.82,4700.63,4702.93,3212.0
2026-05-06 18:00:00,4702.91,4705.76,4693.39,4696.69,2970.0
2026-05-06 18:15:00,4696.66,4703.14,4694.23,4695.34,2702.0
2026-05-06 18:30:00,4695.48,4697.81,4689.26,4692.71,2651.0
2026-05-06 18:45:00,4692.64,4694.86,4687.74,4687.83,2637.0
2026-05-06 19:00:00,4687.72,4688.42,4681.26,4683.6,2651.0
2026-05-06 19:15:00,4683.65,4688.45,4682.59,4687.98,2315.0
2026-05-06 19:30:00,4688.1,4691.96,4685.37,4688.59,2234.0
2026-05-06 19:45:00,4688.64,4689.82,4679.45,4683.08,2532.0
2026-05-06 20:00:00,4683.06,4687.95,4679.56,4685.48,2343.0
2026-05-06 20:15:00,4685.46,4686.02,4680.01,4682.95,2217.0
2026-05-06 20:30:00,4682.87,4683.35,4678.83,4680.57,1987.0
2026-05-06 20:45:00,4680.53,4684.48,4680.32,4683.96,1801.0
2026-05-06 21:00:00,4684.1,4687.41,4681.81,4686.72,1746.0
2026-05-06 21:15:00,4686.73,4690.33,4686.39,4687.64,1671.0
2026-05-06 21:30:00,4687.79,4690.17,4685.09,4686.16,1717.0
2026-05-06 21:45:00,4686.13,4687.99,4684.83,4685.94,1660.0
2026-05-06 22:00:00,4685.99,4695.69,4685.99,4695.18,1821.0
2026-05-06 22:15:00,4695.27,4700.04,4694.96,4698.33,1814.0
2026-05-06 22:30:00,4698.32,4698.86,4693.81,4695.28,1721.0
2026-05-06 22:45:00,4695.31,4698.28,4692.37,4692.51,1987.0
2026-05-06 23:00:00,4692.39,4699.53,4692.39,4698.95,1488.0
2026-05-06 23:15:00,4698.97,4699.44,4691.89,4692.55,1122.0
2026-05-06 23:30:00,4692.58,4692.97,4688.64,4688.64,1090.0
2026-05-06 23:45:00,4688.58,4691.66,4685.1,4690.6,1169.0
2026-05-07 01:00:00,4694.03,4698.22,4689.32,4697.12,1276.0
2026-05-07 01:15:00,4696.86,4699.73,4693.34,4695.44,1087.0
2026-05-07 01:30:00,4695.4,4699.53,4694.34,4698.6,887.0
2026-05-07 01:45:00,4698.37,4698.46,4694.28,4694.8,980.0
2026-05-07 02:00:00,4694.77,4698.45,4693.88,4694.27,956.0
2026-05-07 02:15:00,4694.25,4697.67,4690.14,4693.27,1163.0
2026-05-07 02:30:00,4693.29,4694.16,4691.62,4693.48,687.0
2026-05-07 02:45:00,4693.5,4699.42,4693.5,4698.87,1271.0
2026-05-07 03:00:00,4698.79,4700.72,4689.87,4699.84,2455.0
2026-05-07 03:15:00,4699.81,4701.04,4692.13,4692.35,2197.0
2026-05-07 03:30:00,4692.22,4693.3,4685.92,4688.21,2092.0
2026-05-07 03:45:00,4688.18,4691.49,4685.41,4688.47,1925.0
2026-05-07 04:00:00,4688.54,4710.83,4685.1,4709.59,3004.0
2026-05-07 04:15:00,4709.63,4716.28,4703.44,4704.04,2727.0
2026-05-07 04:30:00,4704.03,4717.83,4702.09,4712.71,2622.0
2026-05-07 04:45:00,4712.67,4721.13,4712.59,4714.62,2307.0
2026-05-07 05:00:00,4714.61,4718.32,4703.45,4704.02,2316.0
2026-05-07 05:15:00,4704.4,4707.68,4701.72,4702.71,2015.0
2026-05-07 05:30:00,4702.55,4705.28,4699.85,4704.03,2083.0
2026-05-07 05:45:00,4704.15,4709.77,4704.15,4707.24,1550.0
2026-05-07 06:00:00,4707.11,4709.75,4704.12,4705.79,1589.0
2026-05-07 06:15:00,4705.78,4708.6,4704.23,4704.31,1482.0
2026-05-07 06:30:00,4704.44,4704.85,4702.18,4703.81,1182.0
2026-05-07 06:45:00,4703.8,4704.65,4698.89,4699.09,1170.0
2026-05-07 07:00:00,4699.03,4700.66,4696.56,4696.6,1631.0
2026-05-07 07:15:00,4696.73,4698.41,4694.98,4696.9,1339.0
2026-05-07 07:30:00,4696.82,4699.07,4692.25,4697.84,1160.0
2026-05-07 07:45:00,4698.06,4698.85,4693.99,4696.3,1280.0
2026-05-07 08:00:00,4696.2,4701.02,4696.2,4700.32,1330.0
2026-05-07 08:15:00,4700.31,4700.53,4694.59,4695.81,1411.0
2026-05-07 08:30:00,4695.78,4705.81,4694.77,4703.44,1997.0
2026-05-07 08:45:00,4703.39,4706.4,4700.63,4700.92,1863.0
2026-05-07 09:00:00,4700.91,4710.17,4700.91,4707.86,2070.0
2026-05-07 09:15:00,4707.93,4717.75,4707.09,4717.27,2320.0
2026-05-07 09:30:00,4717.1,4746.08,4715.99,4746.08,1150.0
2026-05-07 09:45:00,4745.92,4746.94,4735.8,4739.03,2347.0
2026-05-07 10:00:00,4738.68,4750.23,4731.62,4749.11,3252.0
2026-05-07 10:15:00,4749.21,4750.59,4737.71,4739.31,3011.0
2026-05-07 10:30:00,4739.32,4743.98,4738.11,4742.85,2430.0
2026-05-07 10:45:00,4742.88,4744.43,4737.04,4743.08,2365.0
2026-05-07 11:00:00,4743.19,4753.37,4742.46,4742.55,2899.0
2026-05-07 11:15:00,4742.54,4742.89,4733.64,4740.09,2562.0
2026-05-07 11:30:00,4740.04,4741.75,4733.91,4735.14,2172.0
2026-05-07 11:45:00,4735.13,4737.03,4730.84,4730.92,2155.0
2026-05-07 12:00:00,4731.08,4736.14,4721.69,4733.97,2458.0
2026-05-07 12:15:00,4734.04,4738.51,4731.47,4735.55,2121.0
2026-05-07 12:30:00,4735.52,4739.36,4733.02,4737.65,2127.0
2026-05-07 12:45:00,4737.8,4738.94,4725.78,4728.98,2269.0
2026-05-07 13:00:00,4728.84,4734.88,4726.47,4734.76,2184.0
2026-05-07 13:15:00,4734.77,4736.13,4728.45,4732.41,1938.0
2026-05-07 13:30:00,4732.03,4739.75,4728.01,4738.97,1922.0
2026-05-07 13:45:00,4738.98,4739.74,4735.3,4735.63,1761.0
2026-05-07 14:00:00,4735.84,4737.09,4728.3,4730.13,2001.0
2026-05-07 14:15:00,4730.05,4736.5,4727.22,4732.67,2221.0
2026-05-07 14:30:00,4732.7,4738.05,4731.82,4736.76,2184.0
2026-05-07 14:45:00,4736.77,4743.5,4733.93,4742.7,2354.0
2026-05-07 15:00:00,4742.69,4746.11,4739.38,4744.08,2635.0
2026-05-07 15:15:00,4743.99,4747.02,4732.98,4738.26,2781.0
2026-05-07 15:30:00,4738.1,4751.65,4737.19,4751.15,2725.0
2026-05-07 15:45:00,4751.26,4752.63,4744.95,4749.74,2527.0
2026-05-07 16:00:00,4749.79,4750.21,4731.24,4733.41,3194.0
2026-05-07 16:15:00,4733.4,4746.55,4731.33,4745.24,2690.0
2026-05-07 16:30:00,4745.14,4758.19,4743.21,4748.41,3613.0
2026-05-07 16:45:00,4748.49,4749.34,4737.33,4746.28,3572.0
2026-05-07 17:00:00,4746.09,4753.93,4742.45,4751.8,3210.0
2026-05-07 17:15:00,4751.85,4759.4,4741.07,4756.64,3152.0
2026-05-07 17:30:00,4756.55,4758.85,4747.59,4751.81,3058.0
2026-05-07 17:45:00,4751.79,4763.31,4751.12,4762.74,2863.0
2026-05-07 18:00:00,4762.69,4764.64,4754.54,4754.73,2845.0
2026-05-07 18:15:00,4754.65,4756.18,4736.36,4740.06,3359.0
2026-05-07 18:30:00,4740.24,4747.01,4738.89,4738.9,2962.0
2026-05-07 18:45:00,4738.81,4739.69,4726.34,4729.17,3357.0
2026-05-07 19:00:00,4729.15,4729.66,4713.34,4715.18,3651.0
2026-05-07 19:15:00,4715.1,4722.86,4704.41,4719.96,3573.0
2026-05-07 19:30:00,4719.89,4720.73,4710.42,4711.18,2951.0
2026-05-07 19:45:00,4711.05,4718.07,4710.51,4714.93,2920.0
2026-05-07 20:00:00,4715.06,4719.38,4711.67,4714.5,2869.0
2026-05-07 20:15:00,4714.6,4719.16,4687.69,4699.15,3786.0
2026-05-07 20:30:00,4699.07,4706.02,4693.42,4699.55,3839.0
2026-05-07 20:45:00,4699.59,4712.09,4697.86,4711.47,3329.0
2026-05-07 21:00:00,4711.46,4712.4,4705.19,4707.92,2923.0
2026-05-07 21:15:00,4707.95,4712.91,4705.4,4712.78,2642.0
2026-05-07 21:30:00,4712.68,4715.85,4703.03,4706.06,2850.0
2026-05-07 21:45:00,4705.91,4711.31,4695.44,4709.6,3474.0
2026-05-07 22:00:00,4709.74,4712.86,4705.04,4710.0,2771.0
2026-05-07 22:15:00,4710.01,4710.7,4697.72,4705.02,3125.0
2026-05-07 22:30:00,4705.11,4711.97,4703.67,4709.57,2401.0
2026-05-07 22:45:00,4709.59,4710.73,4702.69,4702.86,2863.0
2026-05-07 23:00:00,4702.95,4719.13,4702.95,4711.46,2406.0
2026-05-07 23:15:00,4711.54,4714.15,4709.21,4712.91,1668.0
2026-05-07 23:30:00,4712.88,4715.63,4696.59,4703.8,2308.0
2026-05-07 23:45:00,4703.74,4704.1,4686.19,4688.37,1999.0
2026-05-08 01:00:00,4688.8,4698.03,4677.45,4691.18,2172.0
2026-05-08 01:15:00,4691.17,4699.31,4689.12,4693.72,1890.0
2026-05-08 01:30:00,4693.8,4694.82,4685.99,4686.92,1610.0
2026-05-08 01:45:00,4686.95,4688.49,4681.69,4685.77,1368.0
2026-05-08 02:00:00,4685.79,4693.83,4684.49,4691.46,1300.0
2026-05-08 02:15:00,4691.47,4698.41,4691.47,4696.24,1109.0
2026-05-08 02:30:00,4696.32,4698.94,4694.93,4697.62,1159.0
2026-05-08 02:45:00,4697.7,4705.4,4697.7,4704.18,1400.0
2026-05-08 03:00:00,4704.37,4709.35,4701.36,4702.56,2200.0
2026-05-08 03:15:00,4702.65,4705.49,4693.91,4697.2,2301.0
2026-05-08 03:30:00,4697.14,4708.02,4696.11,4704.92,2078.0
2026-05-08 03:45:00,4704.91,4705.68,4696.9,4701.3,2065.0
2026-05-08 04:00:00,4701.16,4719.23,4700.14,4713.98,3028.0
2026-05-08 04:15:00,4713.88,4718.49,4711.49,4712.4,2362.0
2026-05-08 04:30:00,4712.33,4715.01,4704.99,4710.79,2626.0
2026-05-08 04:45:00,4711.07,4725.27,4710.99,4722.75,2454.0
2026-05-08 05:00:00,4722.8,4732.62,4721.47,4724.0,2406.0
2026-05-08 05:15:00,4723.94,4724.34,4718.14,4721.41,1833.0
2026-05-08 05:30:00,4721.42,4723.42,4706.9,4710.18,2764.0
2026-05-08 05:45:00,4710.17,4717.49,4708.46,4713.27,2481.0
2026-05-08 06:00:00,4713.25,4720.11,4710.91,4719.99,2000.0
2026-05-08 06:15:00,4719.97,4722.58,4717.0,4720.28,1572.0
2026-05-08 06:30:00,4720.27,4730.91,4719.92,4724.97,1867.0
2026-05-08 06:45:00,4724.91,4725.2,4717.94,4719.54,1506.0
2026-05-08 07:00:00,4719.64,4723.22,4714.78,4714.81,1621.0
2026-05-08 07:15:00,4714.9,4718.18,4713.24,4717.29,1253.0
2026-05-08 07:30:00,4717.31,4718.29,4708.95,4711.97,1602.0
2026-05-08 07:45:00,4711.98,4716.53,4709.71,4710.85,1448.0
2026-05-08 08:00:00,4710.88,4716.19,4709.6,4712.21,1484.0
2026-05-08 08:15:00,4712.24,4719.99,4710.42,4719.3,1346.0
2026-05-08 08:30:00,4719.24,4727.12,4719.24,4724.56,2402.0
2026-05-08 08:45:00,4724.55,4731.19,4723.27,4727.42,2235.0
2026-05-08 09:00:00,4727.43,4730.3,4712.61,4722.82,3138.0
2026-05-08 09:15:00,4722.71,4734.58,4721.49,4733.5,2576.0
2026-05-08 09:30:00,4733.54,4734.28,4725.51,4729.05,2422.0
2026-05-08 09:45:00,4728.94,4729.35,4721.07,4725.59,2355.0
2026-05-08 10:00:00,4725.44,4726.33,4715.14,4715.14,2433.0
2026-05-08 10:15:00,4715.11,4718.18,4696.96,4706.54,3203.0
2026-05-08 10:30:00,4706.43,4711.61,4701.17,4708.03,2479.0
2026-05-08 10:45:00,4708.12,4713.45,4706.95,4707.87,2343.0
2026-05-08 11:00:00,4707.86,4712.98,4706.65,4711.35,2305.0
2026-05-08 11:15:00,4711.36,4722.53,4711.22,4716.84,2347.0
2026-05-08 11:30:00,4716.83,4723.39,4716.34,4716.83,2056.0
2026-05-08 11:45:00,4716.65,4719.98,4714.92,4715.65,1932.0
2026-05-08 12:00:00,4715.96,4720.25,4713.38,4718.5,1926.0
2026-05-08 12:15:00,4718.54,4722.69,4717.74,4717.98,1796.0
2026-05-08 12:30:00,4717.86,4718.62,4709.31,4713.22,2033.0
2026-05-08 12:45:00,4713.17,4713.86,4707.42,4711.8,2032.0
2026-05-08 13:00:00,4711.58,4718.79,4710.94,4718.78,1668.0
2026-05-08 13:15:00,4718.79,4723.85,4717.43,4720.39,1592.0
2026-05-08 13:30:00,4720.36,4727.69,4720.23,4724.32,1781.0
2026-05-08 13:45:00,4724.36,4724.36,4715.17,4719.72,1994.0
2026-05-08 14:00:00,4720.04,4727.22,4718.73,4721.94,2244.0
2026-05-08 14:15:00,4721.75,4725.72,4720.04,4723.97,1920.0
2026-05-08 14:30:00,4723.96,4725.72,4721.0,4721.1,1770.0
2026-05-08 14:45:00,4721.0,4721.29,4713.56,4717.62,1922.0
2026-05-08 15:00:00,4717.7,4719.7,4703.75,4704.51,2592.0
2026-05-08 15:15:00,4704.57,4710.77,4702.79,4710.3,2371.0
2026-05-08 15:30:00,4710.25,4730.73,4702.56,4723.76,3682.0
2026-05-08 15:45:00,4723.78,4731.97,4719.22,4724.32,3281.0
2026-05-08 16:00:00,4724.33,4728.85,4716.59,4720.27,3385.0
2026-05-08 16:15:00,4720.31,4727.77,4719.37,4727.13,2809.0
2026-05-08 16:30:00,4727.26,4744.21,4726.77,4738.1,3738.0
2026-05-08 16:45:00,4738.22,4747.93,4734.96,4747.92,3281.0
2026-05-08 17:00:00,4747.82,4749.36,4718.87,4731.64,3787.0
2026-05-08 17:15:00,4731.53,4733.67,4718.06,4718.06,3427.0
2026-05-08 17:30:00,4718.0,4725.53,4714.28,4722.66,3474.0
2026-05-08 17:45:00,4722.68,4724.56,4713.23,4715.82,3096.0
2026-05-08 18:00:00,4715.81,4720.76,4706.04,4707.58,3130.0
2026-05-08 18:15:00,4707.62,4713.52,4704.34,4713.27,3260.0
2026-05-08 18:30:00,4713.37,4714.97,4704.23,4705.81,2992.0
2026-05-08 18:45:00,4705.82,4711.01,4701.97,4706.93,2687.0
2026-05-08 19:00:00,4707.09,4712.28,4705.32,4711.42,2354.0
2026-05-08 19:15:00,4711.43,4717.57,4711.37,4717.57,2143.0
2026-05-08 19:30:00,4717.55,4720.12,4713.31,4713.33,2100.0
2026-05-08 19:45:00,4713.5,4716.17,4711.22,4712.32,2149.0
2026-05-08 20:00:00,4712.22,4716.17,4712.01,4715.18,2084.0
2026-05-08 20:15:00,4715.24,4721.93,4715.16,4720.55,1824.0
2026-05-08 20:30:00,4720.39,4721.64,4719.41,4720.68,1519.0
2026-05-08 20:45:00,4720.67,4722.57,4719.31,4720.75,1382.0
2026-05-08 21:00:00,4720.86,4728.52,4720.47,4727.42,2149.0
2026-05-08 21:15:00,4727.5,4728.85,4723.89,4725.6,1467.0
2026-05-08 21:30:00,4725.47,4726.36,4723.93,4724.55,1371.0
2026-05-08 21:45:00,4724.26,4724.61,4719.84,4721.82,1744.0
2026-05-08 22:00:00,4721.69,4725.53,4720.92,4723.47,1519.0
2026-05-08 22:15:00,4723.48,4724.89,4723.24,4723.65,1159.0
2026-05-08 22:30:00,4723.55,4726.7,4721.64,4725.28,1624.0
2026-05-08 22:45:00,4725.18,4725.81,4722.81,4723.81,1784.0
2026-05-08 23:00:00,4723.94,4724.14,4717.01,4718.61,1280.0
2026-05-08 23:15:00,4718.65,4719.0,4715.12,4717.25,1121.0
2026-05-08 23:30:00,4717.21,4719.01,4715.83,4716.41,842.0
2026-05-08 23:45:00,4716.36,4716.84,4714.21,4715.31,629.0
2026-05-11 01:00:00,4681.8,4701.54,4674.65,4687.3,2767.0
2026-05-11 01:15:00,4687.31,4696.14,4681.83,4694.46,1840.0
2026-05-11 01:30:00,4693.95,4694.23,4686.93,4691.17,1538.0
2026-05-11 01:45:00,4691.18,4694.46,4689.9,4691.67,1398.0
2026-05-11 02:00:00,4691.54,4696.76,4688.74,4689.95,1406.0
2026-05-11 02:15:00,4690.05,4696.97,4688.92,4694.52,1218.0
2026-05-11 02:30:00,4694.63,4698.22,4694.58,4697.41,1116.0
2026-05-11 02:45:00,4697.42,4698.44,4689.97,4691.51,1278.0
2026-05-11 03:00:00,4691.08,4691.34,4680.17,4682.55,2391.0
2026-05-11 03:15:00,4682.65,4686.54,4675.91,4683.44,2188.0
2026-05-11 03:30:00,4683.45,4693.2,4683.45,4688.96,2080.0
2026-05-11 03:45:00,4688.98,4692.76,4669.98,4683.42,2875.0
2026-05-11 04:00:00,4683.31,4699.72,4674.57,4691.94,3887.0
2026-05-11 04:15:00,4691.99,4705.36,4689.54,4698.81,3183.0
2026-05-11 04:30:00,4698.93,4701.47,4690.8,4694.27,3054.0
2026-05-11 04:45:00,4694.58,4695.84,4680.15,4685.59,2763.0
2026-05-11 05:00:00,4685.55,4692.92,4678.43,4685.96,2842.0
2026-05-11 05:15:00,4685.9,4688.49,4682.72,4688.35,1840.0
2026-05-11 05:30:00,4688.3,4700.05,4687.82,4688.42,2469.0
2026-05-11 05:45:00,4688.23,4693.48,4676.42,4681.57,2684.0
2026-05-11 06:00:00,4681.42,4689.59,4674.88,4686.98,2227.0
2026-05-11 06:15:00,4686.99,4690.23,4683.75,4689.37,1951.0
2026-05-11 06:30:00,4689.55,4690.29,4682.03,4687.63,1842.0
2026-05-11 06:45:00,4687.57,4687.57,4676.83,4678.5,1649.0
2026-05-11 07:00:00,4678.95,4679.64,4673.26,4677.34,1878.0
2026-05-11 07:15:00,4677.39,4678.53,4670.19,4671.67,1631.0
2026-05-11 07:30:00,4671.37,4674.48,4668.39,4672.94,1669.0
2026-05-11 07:45:00,4672.82,4675.85,4671.69,4671.91,1175.0
2026-05-11 08:00:00,4671.9,4675.85,4670.65,4673.24,1499.0
2026-05-11 08:15:00,4673.2,4675.11,4670.7,4670.7,1451.0
2026-05-11 08:30:00,4670.59,4680.48,4662.01,4663.55,2672.0
2026-05-11 08:45:00,4663.72,4663.91,4648.02,4652.17,3074.0
2026-05-11 09:00:00,4652.12,4666.87,4649.21,4665.21,2885.0
2026-05-11 09:15:00,4665.29,4670.59,4664.62,4667.26,2517.0
2026-05-11 09:30:00,4667.27,4675.47,4667.26,4674.21,2334.0
2026-05-11 09:45:00,4674.22,4680.32,4671.26,4678.29,2387.0
2026-05-11 10:00:00,4678.41,4680.2,4674.37,4675.93,2334.0
2026-05-11 10:15:00,4675.96,4677.92,4672.12,4675.78,1915.0
2026-05-11 10:30:00,4675.7,4677.93,4671.66,4671.89,1811.0
2026-05-11 10:45:00,4672.02,4672.79,4664.27,4667.64,1805.0
2026-05-11 11:00:00,4667.72,4673.56,4664.15,4671.89,2325.0
2026-05-11 11:15:00,4671.88,4678.64,4671.63,4671.63,2118.0
2026-05-11 11:30:00,4671.41,4675.15,4669.12,4670.25,1947.0
2026-05-11 11:45:00,4670.32,4671.34,4666.72,4667.41,1700.0
2026-05-11 12:00:00,4667.49,4669.91,4665.11,4667.44,1647.0
2026-05-11 12:15:00,4667.3,4667.46,4656.83,4657.43,1804.0
2026-05-11 12:30:00,4657.37,4663.55,4650.47,4662.81,2149.0
2026-05-11 12:45:00,4662.77,4664.79,4656.12,4656.63,1767.0
2026-05-11 13:00:00,4656.46,4662.77,4656.28,4662.45,1807.0
2026-05-11 13:15:00,4662.44,4665.77,4660.37,4663.22,1562.0
2026-05-11 13:30:00,4663.26,4666.57,4660.22,4663.31,1776.0
2026-05-11 13:45:00,4663.35,4667.38,4661.28,4663.71,1776.0
2026-05-11 14:00:00,4663.85,4672.35,4663.85,4669.31,2082.0
2026-05-11 14:15:00,4669.23,4671.99,4667.48,4671.88,1625.0
2026-05-11 14:30:00,4671.87,4677.21,4670.15,4674.36,2079.0
2026-05-11 14:45:00,4674.35,4674.84,4670.25,4674.39,1904.0
2026-05-11 15:00:00,4674.48,4675.73,4667.44,4668.29,2141.0
2026-05-11 15:15:00,4668.28,4695.32,4667.42,4690.59,3069.0
2026-05-11 15:30:00,4690.62,4698.35,4689.07,4692.17,2977.0
2026-05-11 15:45:00,4692.11,4700.96,4686.34,4699.82,2933.0
2026-05-11 16:00:00,4699.91,4721.6,4698.72,4721.01,3486.0
2026-05-11 16:15:00,4720.93,4735.56,4720.62,4728.34,3372.0
2026-05-11 16:30:00,4728.5,4745.51,4728.27,4743.75,3674.0
2026-05-11 16:45:00,4743.67,4748.43,4734.66,4735.82,3282.0
2026-05-11 17:00:00,4735.92,4738.36,4718.38,4730.85,3369.0
2026-05-11 17:15:00,4730.87,4733.85,4724.5,4724.95,3110.0
2026-05-11 17:30:00,4724.96,4733.5,4715.19,4732.38,3337.0
2026-05-11 17:45:00,4732.46,4733.84,4723.62,4725.49,2832.0
2026-05-11 18:00:00,4725.45,4731.63,4722.8,4728.41,2653.0
2026-05-11 18:15:00,4728.52,4738.15,4727.22,4732.78,2488.0
2026-05-11 18:30:00,4732.82,4734.66,4726.67,4727.26,2360.0
2026-05-11 18:45:00,4727.27,4732.59,4725.13,4732.09,2361.0
2026-05-11 19:00:00,4732.13,4733.41,4726.97,4727.74,1901.0
2026-05-11 19:15:00,4727.79,4727.98,4722.35,4723.83,2117.0
2026-05-11 19:30:00,4723.79,4725.95,4707.95,4711.26,2584.0
2026-05-11 19:45:00,4711.11,4716.83,4708.88,4716.43,2592.0
2026-05-11 20:00:00,4716.36,4719.9,4715.81,4718.27,2237.0
2026-05-11 20:15:00,4718.39,4721.61,4717.09,4718.04,2238.0
2026-05-11 20:30:00,4717.85,4724.34,4717.69,4723.81,1705.0
2026-05-11 20:45:00,4723.78,4724.57,4721.8,4723.59,1510.0
2026-05-11 21:00:00,4723.77,4726.82,4722.06,4723.4,1725.0
2026-05-11 21:15:00,4723.29,4727.4,4720.97,4727.1,1866.0
2026-05-11 21:30:00,4727.19,4729.25,4725.63,4726.79,1448.0
2026-05-11 21:45:00,4726.76,4729.03,4724.8,4724.8,1588.0
2026-05-11 22:00:00,4724.91,4728.4,4723.62,4724.79,1902.0
2026-05-11 22:15:00,4724.81,4725.48,4723.18,4724.17,1580.0
2026-05-11 22:30:00,4724.21,4728.5,4722.35,4726.9,1570.0
2026-05-11 22:45:00,4726.99,4736.08,4726.99,4733.54,1897.0
2026-05-11 23:00:00,4733.57,4737.76,4730.0,4734.92,1364.0
2026-05-11 23:15:00,4735.06,4735.33,4733.4,4735.26,847.0
2026-05-11 23:30:00,4735.29,4738.39,4734.86,4737.46,727.0
2026-05-11 23:45:00,4737.47,4737.63,4732.48,4735.03,890.0
2026-05-12 01:00:00,4721.69,4743.75,4721.69,4738.99,1431.0
2026-05-12 01:15:00,4739.01,4741.8,4737.46,4739.71,678.0
2026-05-12 01:30:00,4739.62,4744.98,4738.88,4744.69,849.0
2026-05-12 01:45:00,4744.67,4755.51,4744.17,4750.8,1380.0
2026-05-12 02:00:00,4751.1,4754.44,4746.11,4751.1,1391.0
2026-05-12 02:15:00,4751.04,4754.64,4750.76,4752.82,1139.0
2026-05-12 02:30:00,4752.84,4759.24,4751.39,4755.88,1562.0
2026-05-12 02:45:00,4755.75,4769.36,4755.31,4767.33,1841.0
2026-05-12 03:00:00,4767.31,4769.31,4758.58,4766.86,2422.0
2026-05-12 03:15:00,4766.91,4773.34,4753.36,4762.23,2526.0
2026-05-12 03:30:00,4762.12,4763.7,4757.49,4757.8,1988.0
2026-05-12 03:45:00,4758.05,4761.76,4748.76,4749.25,2193.0
2026-05-12 04:00:00,4749.19,4755.38,4742.04,4746.19,3334.0
2026-05-12 04:15:00,4746.13,4751.53,4733.72,4735.06,2929.0
2026-05-12 04:30:00,4734.96,4738.78,4720.29,4729.36,3129.0
2026-05-12 04:45:00,4729.07,4731.44,4723.73,4727.14,2877.0
2026-05-12 05:00:00,4727.35,4733.81,4725.36,4731.4,2709.0
2026-05-12 05:15:00,4731.5,4731.5,4724.45,4727.09,1959.0
2026-05-12 05:30:00,4727.0,4731.86,4722.23,4731.74,2689.0
2026-05-12 05:45:00,4731.73,4733.38,4727.07,4729.92,2402.0
2026-05-12 06:00:00,4729.94,4733.08,4727.08,4731.07,2208.0
2026-05-12 06:15:00,4731.05,4731.18,4722.86,4723.76,1978.0
2026-05-12 06:30:00,4723.84,4727.81,4723.8,4724.05,1509.0
2026-05-12 06:45:00,4724.0,4724.4,4718.07,4720.08,1427.0
2026-05-12 07:00:00,4719.82,4723.19,4719.69,4721.83,1377.0
2026-05-12 07:15:00,4721.84,4730.26,4721.63,4722.42,1701.0
2026-05-12 07:30:00,4722.55,4726.32,4721.23,4724.61,1201.0
2026-05-12 07:45:00,4724.58,4724.96,4711.15,4714.04,1800.0
2026-05-12 08:00:00,4713.86,4718.55,4708.66,4712.24,2060.0
2026-05-12 08:15:00,4712.47,4716.77,4712.47,4715.2,1774.0
2026-05-12 08:30:00,4715.47,4722.21,4713.06,4715.25,2565.0
2026-05-12 08:45:00,4715.01,4719.84,4710.04,4714.2,2451.0
2026-05-12 09:00:00,4714.15,4714.23,4702.81,4705.16,3044.0
2026-05-12 09:15:00,4705.11,4706.92,4695.18,4695.97,2598.0
2026-05-12 09:30:00,4696.13,4704.66,4695.28,4702.37,2550.0
2026-05-12 09:45:00,4702.36,4704.27,4694.46,4697.09,2814.0
2026-05-12 10:00:00,4696.92,4698.18,4687.39,4695.83,2832.0
2026-05-12 10:15:00,4695.86,4699.48,4693.85,4697.76,2230.0
2026-05-12 10:30:00,4697.78,4702.26,4695.5,4700.26,2013.0
2026-05-12 10:45:00,4700.25,4703.75,4697.56,4699.73,2155.0
2026-05-12 11:00:00,4699.74,4706.61,4699.14,4699.41,2254.0
2026-05-12 11:15:00,4699.88,4703.96,4697.17,4702.83,2014.0
2026-05-12 11:30:00,4702.74,4704.28,4697.97,4699.94,1975.0
2026-05-12 11:45:00,4699.92,4706.58,4698.83,4703.21,1990.0
2026-05-12 12:00:00,4703.13,4703.19,4697.84,4697.88,1907.0
2026-05-12 12:15:00,4697.85,4702.16,4697.42,4699.63,1734.0
2026-05-12 12:30:00,4699.58,4705.09,4694.37,4695.26,2292.0
2026-05-12 12:45:00,4695.24,4701.46,4694.2,4699.39,1888.0
2026-05-12 13:00:00,4699.47,4708.34,4698.68,4704.91,1775.0
2026-05-12 13:15:00,4704.77,4705.28,4698.88,4700.04,1789.0
2026-05-12 13:30:00,4700.05,4700.15,4685.09,4690.56,2442.0
2026-05-12 13:45:00,4690.72,4694.26,4689.89,4694.26,1955.0
2026-05-12 14:00:00,4694.25,4697.96,4687.14,4691.59,2653.0
2026-05-12 14:15:00,4691.56,4700.06,4691.47,4699.94,2181.0
2026-05-12 14:30:00,4700.01,4705.89,4697.73,4704.17,2140.0
2026-05-12 14:45:00,4704.14,4709.06,4702.39,4706.49,2137.0
2026-05-12 15:00:00,4706.58,4708.0,4698.29,4705.59,2381.0
2026-05-12 15:15:00,4705.54,4708.16,4694.95,4697.15,2381.0
2026-05-12 15:30:00,4697.26,4708.48,4689.77,4702.73,3442.0
2026-05-12 15:45:00,4703.02,4711.44,4700.38,4705.64,2922.0
2026-05-12 16:00:00,4705.58,4708.76,4687.33,4688.76,3282.0
2026-05-12 16:15:00,4688.75,4695.32,4679.29,4690.75,3192.0
2026-05-12 16:30:00,4690.74,4701.45,4683.53,4699.09,3713.0
2026-05-12 16:45:00,4699.08,4701.3,4676.91,4679.12,3702.0
2026-05-12 17:00:00,4678.93,4695.07,4675.96,4692.75,3617.0
2026-05-12 17:15:00,4692.88,4694.03,4682.28,4683.1,3172.0
2026-05-12 17:30:00,4683.12,4687.86,4671.52,4685.7,3394.0
2026-05-12 17:45:00,4685.61,4685.61,4669.76,4672.74,3298.0
2026-05-12 18:00:00,4672.65,4676.06,4664.33,4664.45,3379.0
2026-05-12 18:15:00,4664.44,4665.96,4638.08,4655.79,3877.0
2026-05-12 18:30:00,4655.91,4667.81,4653.87,4665.5,3281.0
2026-05-12 18:45:00,4665.51,4669.99,4664.41,4665.96,2720.0
2026-05-12 19:00:00,4666.01,4673.0,4664.1,4671.83,2518.0
2026-05-12 19:15:00,4671.82,4675.04,4666.23,4668.2,2345.0
2026-05-12 19:30:00,4668.45,4671.53,4665.01,4669.74,2423.0
2026-05-12 19:45:00,4669.66,4674.21,4666.73,4671.08,2416.0
2026-05-12 20:00:00,4671.17,4679.6,4671.17,4677.13,2409.0
2026-05-12 20:15:00,4677.16,4682.34,4676.98,4679.28,2385.0
2026-05-12 20:30:00,4679.13,4680.6,4675.94,4679.61,2036.0
2026-05-12 20:45:00,4679.58,4680.49,4677.7,4678.68,1795.0
2026-05-12 21:00:00,4678.71,4683.5,4676.15,4681.19,2222.0
2026-05-12 21:15:00,4681.22,4687.44,4679.91,4685.16,2155.0
2026-05-12 21:30:00,4685.0,4697.43,4684.68,4695.1,2219.0
2026-05-12 21:45:00,4695.04,4697.97,4690.5,4695.86,2308.0
2026-05-12 22:00:00,4695.98,4702.27,4695.98,4699.79,1889.0
2026-05-12 22:15:00,4699.82,4704.34,4699.0,4703.35,1924.0
2026-05-12 22:30:00,4703.36,4710.29,4703.36,4709.22,1928.0
2026-05-12 22:45:00,4709.24,4715.57,4708.98,4715.57,2031.0
2026-05-12 23:00:00,4715.48,4719.16,4712.07,4713.36,1646.0
2026-05-12 23:15:00,4713.44,4716.09,4712.42,4713.12,1101.0
2026-05-12 23:30:00,4713.11,4715.4,4712.14,4714.69,965.0
2026-05-12 23:45:00,4714.85,4715.66,4713.02,4714.97,955.0
2026-05-13 01:00:00,4707.14,4721.69,4706.95,4714.54,1565.0
2026-05-13 01:15:00,4714.67,4719.24,4713.35,4717.0,1231.0
2026-05-13 01:30:00,4716.79,4720.14,4715.13,4716.23,1229.0
2026-05-13 01:45:00,4716.25,4722.37,4716.17,4716.92,1164.0
2026-05-13 02:00:00,4716.93,4722.99,4715.81,4717.5,1484.0
2026-05-13 02:15:00,4717.53,4723.76,4717.27,4720.08,1415.0
2026-05-13 02:30:00,4720.1,4721.73,4716.12,4721.08,1539.0
2026-05-13 02:45:00,4721.22,4723.26,4715.16,4716.85,1822.0
2026-05-13 03:00:00,4716.94,4726.61,4714.8,4720.16,2580.0
2026-05-13 03:15:00,4720.2,4726.21,4720.01,4722.46,2288.0
2026-05-13 03:30:00,4722.47,4724.84,4716.87,4720.37,2127.0
2026-05-13 03:45:00,4720.28,4720.33,4713.4,4714.38,2131.0
2026-05-13 04:00:00,4714.6,4716.74,4707.41,4709.53,3040.0
2026-05-13 04:15:00,4709.61,4710.58,4702.85,4704.41,2400.0
2026-05-13 04:30:00,4703.92,4710.41,4701.62,4708.83,2464.0
2026-05-13 04:45:00,4708.8,4710.62,4700.99,4702.45,2095.0
2026-05-13 05:00:00,4702.42,4707.5,4698.95,4701.38,1980.0
2026-05-13 05:15:00,4701.41,4703.94,4698.28,4700.31,1437.0
2026-05-13 05:30:00,4700.25,4700.31,4693.97,4694.37,2206.0
2026-05-13 05:45:00,4694.4,4696.98,4687.58,4691.93,2464.0
2026-05-13 06:00:00,4691.77,4694.34,4688.87,4692.26,2148.0
2026-05-13 06:15:00,4692.28,4700.57,4691.06,4700.5,1621.0
2026-05-13 06:30:00,4700.46,4705.85,4700.19,4703.81,1436.0
2026-05-13 06:45:00,4704.01,4704.77,4694.23,4695.93,1394.0
2026-05-13 07:00:00,4695.9,4698.79,4695.4,4698.24,1314.0
2026-05-13 07:15:00,4698.25,4703.26,4697.93,4701.25,1137.0
2026-05-13 07:30:00,4701.24,4703.22,4697.26,4698.57,1211.0
2026-05-13 07:45:00,4698.57,4701.68,4698.22,4699.51,1301.0
2026-05-13 08:00:00,4699.39,4707.2,4698.39,4705.28,1638.0
2026-05-13 08:15:00,4705.17,4705.56,4697.8,4697.97,1713.0
2026-05-13 08:30:00,4697.82,4702.62,4693.65,4696.64,2509.0
2026-05-13 08:45:00,4696.68,4705.21,4696.28,4703.9,2076.0
2026-05-13 09:00:00,4703.92,4712.73,4703.32,4710.66,2288.0
2026-05-13 09:15:00,4710.67,4715.33,4706.83,4708.64,2213.0
2026-05-13 09:30:00,4708.72,4713.58,4707.68,4711.32,2153.0
2026-05-13 09:45:00,4711.59,4712.37,4699.06,4701.33,2292.0
2026-05-13 10:00:00,4701.65,4705.39,4696.6,4702.19,2421.0
2026-05-13 10:15:00,4702.16,4708.67,4702.15,4707.49,1982.0
2026-05-13 10:30:00,4707.48,4707.71,4703.01,4703.59,1660.0
2026-05-13 10:45:00,4703.58,4704.67,4701.24,4702.78,1838.0
2026-05-13 11:00:00,4702.76,4704.18,4698.41,4700.13,2024.0
2026-05-13 11:15:00,4700.1,4701.01,4694.7,4697.02,1921.0
2026-05-13 11:30:00,4697.06,4699.73,4694.43,4695.87,1688.0
2026-05-13 11:45:00,4696.02,4702.77,4694.77,4700.56,1803.0
2026-05-13 12:00:00,4700.59,4701.71,4693.59,4694.44,1885.0
2026-05-13 12:15:00,4694.45,4695.11,4685.93,4688.78,2089.0
2026-05-13 12:30:00,4688.76,4694.32,4685.82,4694.01,2033.0
2026-05-13 12:45:00,4693.92,4700.92,4693.1,4700.81,1712.0
2026-05-13 13:00:00,4700.79,4710.34,4698.65,4702.18,2206.0
2026-05-13 13:15:00,4702.28,4705.71,4698.74,4699.53,1965.0
2026-05-13 13:30:00,4699.59,4699.82,4694.0,4695.65,1874.0
2026-05-13 13:45:00,4695.59,4696.6,4693.66,4694.02,1696.0
2026-05-13 14:00:00,4694.03,4699.19,4691.45,4698.97,2091.0
2026-05-13 14:15:00,4698.99,4700.43,4695.82,4698.4,1921.0
2026-05-13 14:30:00,4698.43,4705.19,4698.09,4703.3,2114.0
2026-05-13 14:45:00,4703.29,4705.31,4697.31,4697.31,1909.0
2026-05-13 15:00:00,4697.14,4701.53,4693.49,4693.88,2051.0
2026-05-13 15:15:00,4693.74,4694.08,4683.14,4684.61,2770.0
2026-05-13 15:30:00,4684.77,4687.2,4676.11,4682.79,3590.0
2026-05-13 15:45:00,4682.97,4685.41,4677.46,4683.72,2846.0
2026-05-13 16:00:00,4683.51,4690.93,4683.51,4689.78,2866.0
2026-05-13 16:15:00,4689.76,4694.52,4686.38,4688.65,2439.0
2026-05-13 16:30:00,4688.61,4690.71,4673.04,4678.62,3603.0
2026-05-13 16:45:00,4678.53,4683.14,4669.36,4679.27,3389.0
2026-05-13 17:00:00,4679.18,4683.23,4672.75,4681.15,3335.0
2026-05-13 17:15:00,4681.07,4685.38,4673.42,4684.13,2974.0
2026-05-13 17:30:00,4684.14,4690.97,4683.08,4683.71,2941.0
2026-05-13 17:45:00,4683.68,4684.82,4677.15,4679.69,3045.0
2026-05-13 18:00:00,4679.67,4690.67,4678.85,4687.47,2740.0
2026-05-13 18:15:00,4687.41,4691.61,4685.2,4691.07,2511.0
2026-05-13 18:30:00,4691.04,4699.72,4686.85,4699.15,2692.0
2026-05-13 18:45:00,4699.17,4699.42,4694.48,4695.38,2381.0
2026-05-13 19:00:00,4695.33,4702.8,4695.09,4702.0,2243.0
2026-05-13 19:15:00,4702.03,4709.7,4698.62,4706.78,2654.0
2026-05-13 19:30:00,4706.88,4707.57,4699.71,4699.93,2371.0
2026-05-13 19:45:00,4699.95,4701.5,4694.95,4695.59,2265.0
2026-05-13 20:00:00,4695.6,4700.94,4695.6,4699.68,2034.0
2026-05-13 20:15:00,4699.64,4701.14,4696.5,4698.29,2066.0
2026-05-13 20:30:00,4698.16,4698.38,4690.1,4691.05,2272.0
2026-05-13 20:45:00,4691.17,4694.25,4684.52,4685.5,2122.0
2026-05-13 21:00:00,4685.39,4692.58,4684.36,4692.34,1934.0
2026-05-13 21:15:00,4692.43,4693.93,4688.72,4691.89,1871.0
2026-05-13 21:30:00,4691.73,4692.66,4685.69,4686.02,1804.0
2026-05-13 21:45:00,4686.01,4687.49,4677.48,4684.84,2383.0
2026-05-13 22:00:00,4684.95,4689.02,4683.25,4689.02,1794.0
2026-05-13 22:15:00,4689.06,4690.41,4686.54,4687.08,1798.0
2026-05-13 22:30:00,4687.11,4688.99,4684.48,4688.39,1700.0
2026-05-13 22:45:00,4688.25,4689.33,4683.69,4688.19,2063.0
2026-05-13 23:00:00,4688.06,4690.93,4685.91,4690.8,1181.0
2026-05-13 23:15:00,4690.78,4693.34,4690.15,4691.22,866.0
2026-05-13 23:30:00,4691.2,4692.87,4689.14,4690.55,862.0
2026-05-13 23:45:00,4690.6,4690.96,4687.86,4688.56,751.0
2026-05-14 01:00:00,4692.13,4694.26,4688.94,4691.04,1093.0
2026-05-14 01:15:00,4691.11,4697.21,4690.85,4697.02,1086.0
2026-05-14 01:30:00,4696.87,4700.28,4695.52,4699.03,955.0
2026-05-14 01:45:00,4699.04,4700.46,4696.61,4700.02,814.0
2026-05-14 02:00:00,4699.79,4702.09,4699.08,4701.15,841.0
2026-05-14 02:15:00,4701.19,4701.27,4696.67,4697.25,781.0
2026-05-14 02:30:00,4697.05,4697.42,4694.27,4694.72,991.0
2026-05-14 02:45:00,4694.68,4696.72,4693.16,4696.5,1057.0
2026-05-14 03:00:00,4696.48,4699.27,4689.4,4697.46,1999.0
2026-05-14 03:15:00,4697.43,4705.27,4697.36,4701.0,1984.0
2026-05-14 03:30:00,4700.95,4703.16,4692.94,4700.14,1945.0
2026-05-14 03:45:00,4700.12,4706.72,4699.34,4704.95,1668.0
2026-05-14 04:00:00,4704.8,4706.94,4683.97,4688.88,3611.0
2026-05-14 04:15:00,4688.84,4695.35,4687.41,4692.65,2862.0
2026-05-14 04:30:00,4692.52,4694.55,4683.51,4688.7,2904.0
2026-05-14 04:45:00,4688.69,4694.86,4683.55,4688.69,2845.0
2026-05-14 05:00:00,4688.65,4693.99,4686.53,4688.25,2471.0
2026-05-14 05:15:00,4688.1,4694.08,4687.01,4693.47,1738.0
2026-05-14 05:30:00,4693.83,4699.59,4689.47,4691.81,2389.0
2026-05-14 05:45:00,4691.67,4693.23,4679.89,4686.22,2571.0
2026-05-14 06:00:00,4686.43,4690.08,4681.42,4682.88,2392.0
2026-05-14 06:15:00,4682.84,4693.25,4681.5,4691.33,2248.0
2026-05-14 06:30:00,4691.3,4691.46,4675.77,4676.28,2003.0
2026-05-14 06:45:00,4676.32,4677.87,4673.89,4674.92,1775.0
2026-05-14 07:00:00,4674.75,4682.48,4668.68,4682.06,2009.0
2026-05-14 07:15:00,4682.11,4707.34,4681.74,4702.32,2034.0
2026-05-14 07:30:00,4702.27,4712.57,4701.35,4704.79,2003.0
2026-05-14 07:45:00,4704.82,4706.62,4702.41,4702.41,1487.0
2026-05-14 08:00:00,4702.38,4704.08,4699.73,4699.93,1786.0
2026-05-14 08:15:00,4699.92,4700.23,4693.3,4693.57,1547.0
2026-05-14 08:30:00,4693.56,4701.35,4693.07,4697.3,2474.0
2026-05-14 08:45:00,4697.32,4703.14,4688.97,4689.56,2334.0
2026-05-14 09:00:00,4689.57,4694.66,4686.01,4687.74,2626.0
2026-05-14 09:15:00,4687.73,4692.99,4686.33,4691.23,2273.0
2026-05-14 09:30:00,4691.25,4699.6,4690.54,4698.9,2073.0
2026-05-14 09:45:00,4698.81,4702.32,4694.74,4700.09,2562.0
2026-05-14 10:00:00,4700.12,4702.19,4694.41,4695.21,2331.0
2026-05-14 10:15:00,4695.26,4706.79,4694.79,4705.42,2192.0
2026-05-14 10:30:00,4705.72,4718.49,4702.96,4709.1,2495.0
2026-05-14 10:45:00,4708.98,4709.53,4690.68,4692.99,2524.0
2026-05-14 11:00:00,4692.8,4700.79,4691.99,4698.53,2315.0
2026-05-14 11:15:00,4698.94,4704.56,4697.83,4702.93,2199.0
2026-05-14 11:30:00,4703.0,4706.56,4695.53,4696.82,2168.0
2026-05-14 11:45:00,4696.83,4697.41,4692.88,4693.2,1982.0
2026-05-14 12:00:00,4693.32,4698.01,4690.33,4694.45,1978.0
2026-05-14 12:15:00,4694.33,4696.58,4690.62,4690.62,1725.0
2026-05-14 12:30:00,4690.5,4697.19,4688.38,4695.43,2164.0
2026-05-14 12:45:00,4695.54,4702.39,4695.54,4699.47,2052.0
2026-05-14 13:00:00,4699.56,4705.38,4695.94,4697.09,1987.0
2026-05-14 13:15:00,4697.33,4698.28,4693.82,4697.47,2034.0
2026-05-14 13:30:00,4697.51,4697.94,4692.17,4693.43,1747.0
2026-05-14 13:45:00,4693.61,4697.66,4691.15,4696.92,2004.0
2026-05-14 14:00:00,4697.01,4698.73,4692.79,4697.28,1957.0
2026-05-14 14:15:00,4697.29,4697.57,4689.29,4691.82,1788.0
2026-05-14 14:30:00,4691.87,4697.27,4690.76,4695.31,1760.0
2026-05-14 14:45:00,4695.37,4704.71,4694.33,4694.33,2270.0
2026-05-14 15:00:00,4694.01,4703.74,4692.28,4703.74,2346.0
2026-05-14 15:15:00,4703.65,4707.36,4698.79,4703.01,2197.0
2026-05-14 15:30:00,4702.93,4709.97,4697.92,4698.04,2753.0
2026-05-14 15:45:00,4697.97,4706.25,4695.92,4704.86,2304.0
2026-05-14 16:00:00,4704.97,4707.68,4696.09,4703.99,2937.0
2026-05-14 16:15:00,4704.09,4704.3,4687.97,4688.18,3074.0
2026-05-14 16:30:00,4688.3,4689.38,4666.8,4676.71,3808.0
2026-05-14 16:45:00,4676.54,4690.98,4675.84,4679.25,3737.0
2026-05-14 17:00:00,4679.48,4690.09,4677.54,4687.49,3564.0
2026-05-14 17:15:00,4687.59,4700.71,4686.88,4691.39,3199.0
2026-05-14 17:30:00,4691.4,4692.25,4685.96,4686.78,2817.0
2026-05-14 17:45:00,4686.85,4690.33,4679.13,4679.4,3044.0
2026-05-14 18:00:00,4679.51,4686.58,4676.97,4684.77,2881.0
2026-05-14 18:15:00,4684.76,4689.29,4684.04,4685.69,2456.0
2026-05-14 18:30:00,4685.71,4688.83,4680.97,4682.58,2381.0
2026-05-14 18:45:00,4682.5,4686.52,4680.95,4685.79,2043.0
2026-05-14 19:00:00,4685.67,4686.83,4673.99,4678.48,2631.0
2026-05-14 19:15:00,4678.45,4681.14,4675.28,4677.13,2243.0
2026-05-14 19:30:00,4677.1,4678.27,4670.21,4675.31,2526.0
2026-05-14 19:45:00,4675.18,4678.89,4672.62,4678.44,2116.0
2026-05-14 20:00:00,4678.52,4682.39,4678.41,4678.61,2259.0
2026-05-14 20:15:00,4678.63,4682.95,4676.8,4677.23,2349.0
2026-05-14 20:30:00,4677.19,4681.42,4676.34,4681.28,2072.0
2026-05-14 20:45:00,4681.38,4681.64,4677.65,4678.04,1706.0
2026-05-14 21:00:00,4678.1,4678.3,4668.64,4674.57,2502.0
2026-05-14 21:15:00,4674.59,4676.31,4672.92,4673.41,1726.0
2026-05-14 21:30:00,4673.39,4674.84,4668.23,4668.42,1547.0
2026-05-14 21:45:00,4668.58,4671.74,4666.82,4671.52,1511.0
2026-05-14 22:00:00,4671.69,4671.71,4666.74,4667.39,1511.0
2026-05-14 22:15:00,4667.41,4668.98,4662.95,4663.26,1405.0
2026-05-14 22:30:00,4663.36,4665.12,4655.52,4656.44,2230.0
2026-05-14 22:45:00,4656.32,4658.83,4653.04,4654.08,2514.0
2026-05-14 23:00:00,4654.17,4657.05,4649.18,4649.63,1742.0
2026-05-14 23:15:00,4649.57,4650.82,4646.67,4647.96,1187.0
2026-05-14 23:30:00,4647.95,4652.64,4644.28,4650.66,1415.0
2026-05-14 23:45:00,4650.79,4652.26,4649.16,4651.13,1026.0
2026-05-15 01:00:00,4651.19,4659.32,4646.27,4655.51,1932.0
2026-05-15 01:15:00,4655.5,4659.27,4655.43,4658.76,1261.0
2026-05-15 01:30:00,4658.8,4662.39,4658.69,4661.63,1032.0
2026-05-15 01:45:00,4661.67,4662.66,4660.0,4662.28,775.0
2026-05-15 02:00:00,4662.04,4663.14,4658.58,4658.89,1043.0
2026-05-15 02:15:00,4658.91,4664.15,4655.55,4663.73,1327.0
2026-05-15 02:30:00,4663.9,4665.27,4646.82,4657.23,1871.0
2026-05-15 02:45:00,4657.34,4657.41,4648.1,4652.03,1867.0
2026-05-15 03:00:00,4651.81,4653.56,4642.54,4650.46,2747.0
2026-05-15 03:15:00,4650.51,4658.2,4629.72,4629.95,2977.0
2026-05-15 03:30:00,4629.96,4630.43,4613.64,4618.6,3098.0
2026-05-15 03:45:00,4618.79,4630.38,4617.28,4630.01,2946.0
2026-05-15 04:00:00,4630.47,4631.56,4607.57,4614.52,4112.0
2026-05-15 04:15:00,4614.54,4625.69,4608.27,4608.89,3732.0
2026-05-15 04:30:00,4608.74,4622.83,4607.64,4622.83,3358.0
2026-05-15 04:45:00,4622.73,4624.24,4607.12,4613.73,3347.0
2026-05-15 05:00:00,4613.86,4618.92,4609.6,4613.02,3073.0
2026-05-15 05:15:00,4612.99,4616.47,4609.23,4612.42,2484.0
2026-05-15 05:30:00,4612.39,4617.76,4609.53,4617.73,2767.0
2026-05-15 05:45:00,4617.77,4623.23,4611.57,4618.01,2617.0
2026-05-15 06:00:00,4617.91,4622.14,4614.57,4617.31,2481.0
2026-05-15 06:15:00,4617.32,4618.25,4609.77,4612.69,2498.0
2026-05-15 06:30:00,4612.68,4617.33,4607.31,4613.31,2098.0
2026-05-15 06:45:00,4613.45,4617.21,4610.44,4615.39,1736.0
2026-05-15 07:00:00,4615.36,4621.38,4612.8,4619.95,1847.0
2026-05-15 07:15:00,4620.05,4620.5,4607.27,4610.74,1914.0
2026-05-15 07:30:00,4610.82,4614.82,4604.27,4605.64,1849.0
2026-05-15 07:45:00,4605.88,4612.39,4604.81,4605.75,1937.0
2026-05-15 08:00:00,4605.86,4606.43,4588.41,4592.05,2837.0
2026-05-15 08:15:00,4592.02,4595.21,4580.73,4588.73,2927.0
2026-05-15 08:30:00,4588.6,4589.86,4563.67,4568.64,4114.0
2026-05-15 08:45:00,4568.38,4573.16,4558.86,4558.86,3658.0
2026-05-15 09:00:00,4558.75,4573.13,4556.27,4570.87,3776.0
2026-05-15 09:15:00,4570.89,4578.18,4570.21,4574.98,3522.0
2026-05-15 09:30:00,4575.07,4580.3,4566.86,4567.54,3087.0
2026-05-15 09:45:00,4567.57,4574.1,4564.32,4569.57,3133.0
2026-05-15 10:00:00,4569.84,4586.05,4565.89,4585.78,3379.0
2026-05-15 10:15:00,4585.77,4588.63,4579.11,4581.69,2890.0
2026-05-15 10:30:00,4581.6,4582.41,4574.74,4577.6,2460.0
2026-05-15 10:45:00,4577.54,4578.57,4568.32,4570.73,2346.0
2026-05-15 11:00:00,4570.87,4571.83,4557.25,4565.13,2943.0
2026-05-15 11:15:00,4565.14,4565.38,4552.76,4558.25,2972.0
2026-05-15 11:30:00,4558.14,4562.47,4549.96,4562.36,3172.0
2026-05-15 11:45:00,4562.26,4563.59,4552.63,4554.01,2478.0
2026-05-15 12:00:00,4554.27,4563.6,4545.66,4547.17,3063.0
2026-05-15 12:15:00,4547.1,4554.42,4539.19,4553.31,2960.0
2026-05-15 12:30:00,4553.15,4555.49,4542.59,4543.45,2775.0
2026-05-15 12:45:00,4543.27,4546.79,4531.79,4545.6,3183.0
2026-05-15 13:00:00,4545.79,4562.53,4543.99,4560.85,3150.0
2026-05-15 13:15:00,4560.94,4563.24,4551.63,4551.66,2729.0
2026-05-15 13:30:00,4551.65,4556.69,4549.7,4555.2,2473.0
2026-05-15 13:45:00,4555.15,4572.42,4554.13,4566.03,3506.0
2026-05-15 14:00:00,4565.88,4570.07,4560.85,4566.24,3014.0
2026-05-15 14:15:00,4566.26,4568.52,4558.94,4562.18,2467.0
2026-05-15 14:30:00,4562.19,4562.34,4550.91,4551.43,2395.0
2026-05-15 14:45:00,4551.44,4558.65,4549.77,4551.86,2513.0
2026-05-15 15:00:00,4551.87,4554.97,4545.24,4545.5,2749.0
2026-05-15 15:15:00,4545.46,4558.51,4544.81,4555.09,2882.0
2026-05-15 15:30:00,4555.19,4555.19,4543.57,4546.03,2957.0
2026-05-15 15:45:00,4545.57,4555.47,4543.72,4545.8,2776.0
2026-05-15 16:00:00,4545.78,4549.67,4536.43,4546.55,3543.0
2026-05-15 16:15:00,4546.26,4557.39,4540.58,4548.86,3227.0
2026-05-15 16:30:00,4548.65,4551.04,4519.96,4519.96,4123.0
2026-05-15 16:45:00,4519.91,4541.74,4511.68,4533.34,3930.0
2026-05-15 17:00:00,4533.31,4550.35,4525.26,4543.67,3895.0
2026-05-15 17:15:00,4543.54,4562.57,4540.53,4555.54,4031.0
2026-05-15 17:30:00,4555.45,4560.28,4550.71,4556.86,3719.0
2026-05-15 17:45:00,4556.83,4566.38,4546.04,4562.6,3506.0
2026-05-15 18:00:00,4562.68,4563.56,4550.76,4552.33,3423.0
2026-05-15 18:15:00,4552.24,4553.69,4542.85,4547.1,3104.0
2026-05-15 18:30:00,4547.31,4550.31,4539.88,4541.37,3227.0
2026-05-15 18:45:00,4541.33,4543.39,4533.76,4539.56,3085.0
2026-05-15 19:00:00,4539.8,4542.3,4529.29,4532.55,3024.0
2026-05-15 19:15:00,4532.52,4542.25,4531.28,4540.79,2820.0
2026-05-15 19:30:00,4540.84,4547.59,4540.03,4547.13,2775.0
2026-05-15 19:45:00,4547.15,4547.94,4541.86,4544.31,2572.0
2026-05-15 20:00:00,4544.22,4557.99,4543.09,4556.99,2659.0
2026-05-15 20:15:00,4557.14,4564.4,4554.46,4557.66,2696.0
2026-05-15 20:30:00,4557.82,4563.47,4557.67,4560.69,2478.0
2026-05-15 20:45:00,4560.83,4562.5,4557.18,4559.46,2041.0
2026-05-15 21:00:00,4559.54,4561.82,4555.93,4561.66,2105.0
2026-05-15 21:15:00,4561.63,4562.93,4552.97,4558.05,2520.0
2026-05-15 21:30:00,4558.18,4558.77,4552.25,4557.52,2338.0
2026-05-15 21:45:00,4557.49,4562.71,4556.56,4559.14,1964.0
2026-05-15 22:00:00,4559.34,4560.03,4549.42,4550.33,2233.0
2026-05-15 22:15:00,4550.34,4552.61,4548.46,4550.07,1970.0
2026-05-15 22:30:00,4550.17,4555.18,4549.58,4553.39,2125.0
2026-05-15 22:45:00,4553.37,4554.29,4544.88,4545.74,2345.0
2026-05-15 23:00:00,4545.84,4546.23,4536.13,4538.24,2164.0
2026-05-15 23:15:00,4538.17,4539.13,4533.05,4539.12,1719.0
2026-05-15 23:30:00,4539.01,4543.89,4538.82,4540.34,1481.0
2026-05-15 23:45:00,4540.39,4541.36,4536.63,4538.31,955.0
2026-05-18 01:00:00,4539.78,4555.06,4528.22,4548.39,2398.0
2026-05-18 01:15:00,4548.5,4550.02,4537.93,4540.99,1889.0
2026-05-18 01:30:00,4541.0,4553.73,4541.0,4549.91,2063.0
2026-05-18 01:45:00,4549.65,4554.5,4543.54,4546.04,1620.0
2026-05-18 02:00:00,4545.98,4547.9,4539.35,4541.57,1918.0
2026-05-18 02:15:00,4541.54,4544.25,4537.89,4537.92,1857.0
2026-05-18 02:30:00,4537.89,4541.32,4532.38,4539.13,2211.0
2026-05-18 02:45:00,4539.15,4543.98,4532.03,4537.04,2457.0
2026-05-18 03:00:00,4537.21,4542.53,4522.98,4526.2,3725.0
2026-05-18 03:15:00,4526.24,4533.47,4514.7,4515.76,3323.0
2026-05-18 03:30:00,4515.54,4518.81,4480.5,4481.52,3946.0
2026-05-18 03:45:00,4481.32,4516.48,4480.35,4515.94,3683.0
2026-05-18 04:00:00,4515.67,4515.77,4489.47,4495.95,4554.0
2026-05-18 04:15:00,4495.78,4509.9,4492.81,4503.89,4130.0
2026-05-18 04:30:00,4504.16,4513.56,4499.69,4512.48,3899.0
2026-05-18 04:45:00,4512.38,4535.49,4510.89,4525.3,3678.0
2026-05-18 05:00:00,4525.07,4538.44,4521.96,4536.53,3351.0
2026-05-18 05:15:00,4536.72,4540.53,4531.81,4533.46,2666.0
2026-05-18 05:30:00,4533.33,4540.95,4529.2,4536.12,2948.0
2026-05-18 05:45:00,4535.9,4542.65,4530.25,4533.55,2798.0
2026-05-18 06:00:00,4533.56,4535.53,4526.75,4529.31,2671.0
2026-05-18 06:15:00,4529.46,4538.11,4528.15,4535.85,2684.0
2026-05-18 06:30:00,4535.76,4547.81,4525.11,4545.54,2918.0
2026-05-18 06:45:00,4545.32,4547.64,4539.0,4540.97,2548.0
2026-05-18 07:00:00,4540.96,4549.59,4540.69,4544.26,2260.0
2026-05-18 07:15:00,4544.27,4547.02,4530.02,4532.56,2303.0
2026-05-18 07:30:00,4532.55,4544.25,4532.08,4541.63,2217.0
2026-05-18 07:45:00,4541.62,4545.61,4535.02,4540.6,2148.0
2026-05-18 08:00:00,4540.68,4542.68,4532.74,4538.14,2380.0
2026-05-18 08:15:00,4537.9,4550.48,4534.84,4548.65,2631.0
2026-05-18 08:30:00,4548.63,4551.88,4538.42,4539.6,3059.0
2026-05-18 08:45:00,4539.4,4542.78,4529.91,4530.91,2588.0
2026-05-18 09:00:00,4530.77,4540.45,4529.69,4537.31,2946.0
2026-05-18 09:15:00,4537.08,4547.97,4534.42,4537.39,2816.0
2026-05-18 09:30:00,4537.43,4546.88,4534.5,4540.61,2923.0
2026-05-18 09:45:00,4540.58,4547.6,4538.46,4546.69,2668.0
2026-05-18 10:00:00,4546.92,4549.26,4542.07,4543.53,2467.0
2026-05-18 10:15:00,4543.41,4551.17,4538.17,4550.47,2510.0
2026-05-18 10:30:00,4550.48,4559.9,4547.78,4548.93,2951.0
2026-05-18 10:45:00,4548.96,4551.6,4540.03,4546.13,2609.0
2026-05-18 11:00:00,4546.12,4548.73,4542.38,4546.56,2413.0
2026-05-18 11:15:00,4546.5,4551.33,4542.92,4547.85,2191.0
2026-05-18 11:30:00,4547.94,4553.01,4545.82,4547.99,2291.0
2026-05-18 11:45:00,4548.09,4556.82,4548.07,4549.91,2114.0
2026-05-18 12:00:00,4549.89,4551.82,4541.15,4546.15,2054.0
2026-05-18 12:15:00,4546.16,4548.78,4544.42,4544.92,1748.0
2026-05-18 12:30:00,4544.69,4546.38,4540.59,4542.85,2209.0
2026-05-18 12:45:00,4542.86,4544.52,4540.18,4542.83,1854.0
2026-05-18 13:00:00,4542.82,4544.94,4535.6,4539.04,2198.0
2026-05-18 13:15:00,4539.05,4542.36,4538.03,4539.53,1733.0
2026-05-18 13:30:00,4539.56,4543.94,4532.07,4543.69,2228.0
2026-05-18 13:45:00,4543.6,4547.5,4536.61,4540.12,1896.0
2026-05-18 14:00:00,4540.28,4541.7,4529.8,4539.41,2338.0
2026-05-18 14:15:00,4539.31,4539.98,4531.72,4536.17,2199.0
2026-05-18 14:30:00,4535.76,4566.78,4535.44,4562.03,3548.0
2026-05-18 14:45:00,4562.18,4564.42,4549.44,4550.54,3203.0
2026-05-18 15:00:00,4550.56,4556.53,4547.47,4553.43,2658.0
2026-05-18 15:15:00,4553.41,4554.9,4545.28,4550.58,2825.0
2026-05-18 15:30:00,4550.52,4569.46,4550.14,4569.34,3276.0
2026-05-18 15:45:00,4569.33,4574.74,4562.55,4571.36,3266.0
2026-05-18 16:00:00,4571.31,4576.68,4561.77,4567.56,3459.0
2026-05-18 16:15:00,4567.48,4576.18,4563.79,4571.93,2670.0
2026-05-18 16:30:00,4572.16,4579.58,4564.69,4566.13,3805.0
2026-05-18 16:45:00,4566.25,4584.08,4563.72,4575.6,3739.0
2026-05-18 17:00:00,4575.33,4575.33,4559.69,4564.19,3721.0
2026-05-18 17:15:00,4564.3,4568.85,4554.91,4561.56,3586.0
2026-05-18 17:30:00,4561.47,4562.95,4538.81,4547.64,3773.0
2026-05-18 17:45:00,4547.61,4548.31,4537.81,4546.48,3462.0
2026-05-18 18:00:00,4546.47,4547.83,4531.88,4540.48,3676.0
2026-05-18 18:15:00,4540.39,4542.48,4534.37,4534.57,3120.0
2026-05-18 18:30:00,4534.39,4544.23,4533.88,4538.46,3017.0
2026-05-18 18:45:00,4538.5,4546.73,4537.95,4543.4,2751.0
2026-05-18 19:00:00,4543.41,4548.84,4540.1,4548.47,2659.0
2026-05-18 19:15:00,4548.48,4550.62,4533.73,4536.88,2919.0
2026-05-18 19:30:00,4536.93,4544.88,4534.19,4543.2,2906.0
2026-05-18 19:45:00,4543.27,4554.44,4542.8,4550.08,2552.0
2026-05-18 20:00:00,4549.94,4558.19,4548.0,4553.12,2519.0
2026-05-18 20:15:00,4553.18,4555.54,4551.72,4553.83,2313.0
2026-05-18 20:30:00,4553.66,4554.04,4547.04,4548.11,2255.0
2026-05-18 20:45:00,4548.1,4549.52,4545.45,4546.88,1926.0
2026-05-18 21:00:00,4546.93,4547.65,4543.73,4545.13,2161.0
2026-05-18 21:15:00,4545.15,4545.33,4536.82,4541.83,2499.0
2026-05-18 21:30:00,4541.82,4543.86,4538.9,4541.37,2120.0
2026-05-18 21:45:00,4541.46,4543.17,4534.24,4535.68,2127.0
2026-05-18 22:00:00,4535.9,4564.85,4535.21,4554.32,3968.0
2026-05-18 22:15:00,4554.42,4555.55,4546.62,4551.59,2794.0
2026-05-18 22:30:00,4551.71,4561.36,4550.16,4558.09,2728.0
2026-05-18 22:45:00,4558.05,4562.85,4557.54,4558.42,2592.0
2026-05-18 23:00:00,4558.55,4562.81,4557.75,4562.16,1285.0
2026-05-18 23:15:00,4562.17,4566.55,4562.1,4563.2,1313.0
2026-05-18 23:30:00,4563.21,4564.92,4561.66,4564.44,1097.0
2026-05-18 23:45:00,4564.45,4566.55,4562.23,4566.25,864.0
2026-05-19 01:00:00,4563.57,4573.52,4561.65,4573.27,1184.0
2026-05-19 01:15:00,4573.26,4574.55,4571.18,4572.85,1118.0
2026-05-19 01:30:00,4572.92,4578.36,4571.6,4576.55,1007.0
2026-05-19 01:45:00,4576.6,4576.84,4572.42,4573.82,753.0
2026-05-19 02:00:00,4573.85,4586.77,4573.55,4585.53,1371.0
2026-05-19 02:15:00,4585.58,4588.83,4583.4,4585.66,1149.0
2026-05-19 02:30:00,4585.63,4587.7,4582.77,4585.38,1115.0
2026-05-19 02:45:00,4585.41,4586.55,4579.08,4581.69,1185.0
2026-05-19 03:00:00,4581.94,4589.21,4576.69,4578.72,2849.0
2026-05-19 03:15:00,4578.87,4585.63,4568.63,4573.46,2584.0
2026-05-19 03:30:00,4573.71,4575.96,4568.14,4570.67,2238.0
2026-05-19 03:45:00,4570.53,4572.38,4561.23,4563.22,1999.0
2026-05-19 04:00:00,4562.82,4569.24,4557.68,4565.72,3168.0
2026-05-19 04:15:00,4566.17,4568.3,4554.03,4559.01,2858.0
2026-05-19 04:30:00,4559.03,4572.17,4555.23,4570.61,2563.0
2026-05-19 04:45:00,4570.69,4571.68,4561.35,4563.84,2495.0
2026-05-19 05:00:00,4563.77,4563.77,4553.06,4554.52,2908.0
2026-05-19 05:15:00,4554.5,4562.06,4551.49,4559.57,2334.0
2026-05-19 05:30:00,4559.41,4559.7,4551.01,4556.03,2538.0
2026-05-19 05:45:00,4556.07,4558.05,4545.91,4547.0,2221.0
2026-05-19 06:00:00,4546.89,4552.6,4543.43,4551.73,2236.0
2026-05-19 06:15:00,4551.75,4552.88,4546.57,4549.02,1706.0
2026-05-19 06:30:00,4549.05,4555.02,4546.92,4547.67,1731.0
2026-05-19 06:45:00,4547.68,4549.25,4544.17,4544.93,1704.0
2026-05-19 07:00:00,4544.9,4545.63,4538.5,4540.08,1806.0
2026-05-19 07:15:00,4540.42,4543.03,4538.13,4540.17,1672.0
2026-05-19 07:30:00,4540.21,4542.23,4537.87,4539.66,1377.0
2026-05-19 07:45:00,4539.63,4543.61,4539.63,4542.28,1480.0
2026-05-19 08:00:00,4542.35,4546.47,4540.06,4544.7,1752.0
2026-05-19 08:15:00,4544.81,4545.2,4530.83,4538.49,2262.0
2026-05-19 08:30:00,4538.71,4544.2,4533.11,4538.43,2965.0
2026-05-19 08:45:00,4538.45,4543.31,4532.88,4540.67,2845.0
2026-05-19 09:00:00,4540.7,4545.79,4533.42,4541.89,2928.0
2026-05-19 09:15:00,4541.93,4553.85,4540.92,4547.52,2884.0
2026-05-19 09:30:00,4547.61,4552.7,4544.73,4552.07,2622.0
2026-05-19 09:45:00,4552.08,4552.36,4543.01,4547.99,2291.0
2026-05-19 10:00:00,4547.76,4555.16,4544.11,4548.52,2471.0
2026-05-19 10:15:00,4548.53,4549.91,4543.03,4548.13,2197.0
2026-05-19 10:30:00,4548.19,4549.17,4541.31,4542.07,2202.0
2026-05-19 10:45:00,4542.05,4559.2,4541.91,4557.1,2650.0
2026-05-19 11:00:00,4557.32,4558.96,4542.5,4546.25,2483.0
2026-05-19 11:15:00,4546.28,4548.0,4536.22,4538.23,2448.0
2026-05-19 11:30:00,4538.15,4544.9,4536.82,4543.1,2079.0
2026-05-19 11:45:00,4543.13,4548.49,4538.29,4542.64,1899.0
2026-05-19 12:00:00,4542.56,4542.56,4536.94,4539.54,1982.0
2026-05-19 12:15:00,4539.4,4546.61,4535.97,4540.5,2305.0
2026-05-19 12:30:00,4540.48,4543.05,4536.63,4539.41,2419.0
2026-05-19 12:45:00,4539.27,4544.58,4538.3,4541.7,1952.0
2026-05-19 13:00:00,4541.6,4542.22,4536.03,4541.34,1951.0
2026-05-19 13:15:00,4541.36,4541.73,4538.27,4539.68,1591.0
2026-05-19 13:30:00,4539.76,4542.84,4525.32,4529.04,2486.0
2026-05-19 13:45:00,4528.93,4544.53,4527.62,4544.53,2750.0
2026-05-19 14:00:00,4544.57,4547.77,4535.84,4536.65,2437.0
2026-05-19 14:15:00,4536.64,4542.03,4535.69,4539.25,2020.0
2026-05-19 14:30:00,4539.2,4543.07,4536.81,4541.87,2067.0
2026-05-19 14:45:00,4541.79,4542.1,4529.81,4530.68,2293.0
2026-05-19 15:00:00,4530.51,4546.48,4527.38,4542.15,2584.0
2026-05-19 15:15:00,4542.11,4544.12,4536.68,4543.33,2334.0
2026-05-19 15:30:00,4543.07,4546.98,4536.64,4537.32,2575.0
2026-05-19 15:45:00,4537.28,4541.41,4535.54,4537.15,2276.0
2026-05-19 16:00:00,4537.05,4537.25,4514.9,4524.24,3443.0
2026-05-19 16:15:00,4524.27,4526.01,4490.84,4492.0,3774.0
2026-05-19 16:30:00,4492.05,4495.52,4464.84,4476.01,4775.0
2026-05-19 16:45:00,4476.0,4510.79,4474.07,4504.0,4375.0
2026-05-19 17:00:00,4503.99,4513.94,4492.15,4492.56,4213.0
2026-05-19 17:15:00,4492.55,4500.7,4484.46,4489.98,4024.0
2026-05-19 17:30:00,4490.0,4498.61,4487.52,4494.5,3862.0
2026-05-19 17:45:00,4494.39,4496.63,4486.25,4494.04,3571.0
2026-05-19 18:00:00,4494.03,4499.87,4489.87,4498.9,3368.0
2026-05-19 18:15:00,4498.98,4504.92,4493.86,4498.87,3148.0
2026-05-19 18:30:00,4498.74,4507.43,4497.87,4502.03,3098.0
2026-05-19 18:45:00,4502.08,4509.19,4500.17,4508.31,2718.0
2026-05-19 19:00:00,4508.29,4510.19,4496.14,4500.8,2715.0
2026-05-19 19:15:00,4500.83,4511.8,4498.72,4508.67,2429.0
2026-05-19 19:30:00,4508.55,4512.39,4505.53,4505.88,2597.0
2026-05-19 19:45:00,4505.9,4509.13,4504.5,4507.6,2146.0
2026-05-19 20:00:00,4507.61,4510.7,4505.75,4510.24,2249.0
2026-05-19 20:15:00,4510.33,4510.95,4503.31,4506.91,2246.0
2026-05-19 20:30:00,4506.98,4508.27,4502.69,4504.38,2284.0
2026-05-19 20:45:00,4504.44,4504.78,4499.07,4500.77,2145.0
2026-05-19 21:00:00,4500.78,4503.59,4499.71,4500.95,2083.0
2026-05-19 21:15:00,4500.87,4501.75,4495.51,4495.95,2294.0
2026-05-19 21:30:00,4495.96,4500.69,4493.24,4499.0,2309.0
2026-05-19 21:45:00,4498.99,4499.86,4490.38,4493.51,2308.0
2026-05-19 22:00:00,4493.41,4497.47,4493.0,4496.89,2242.0
2026-05-19 22:15:00,4496.88,4497.18,4485.52,4486.93,2286.0
2026-05-19 22:30:00,4486.95,4489.81,4485.82,4488.2,2189.0
2026-05-19 22:45:00,4488.25,4488.72,4481.16,4483.3,2326.0
2026-05-19 23:00:00,4483.39,4487.05,4480.93,4485.52,1537.0
2026-05-19 23:15:00,4485.47,4488.13,4483.36,4486.2,1159.0
2026-05-19 23:30:00,4486.19,4486.28,4481.89,4483.3,992.0
2026-05-19 23:45:00,4483.45,4484.11,4481.78,4481.88,840.0
2026-05-20 01:00:00,4480.14,4485.7,4480.14,4482.85,1076.0
2026-05-20 01:15:00,4482.79,4482.8,4478.06,4479.38,996.0
2026-05-20 01:30:00,4479.41,4485.76,4477.46,4482.03,1414.0
2026-05-20 01:45:00,4481.98,4484.63,4479.38,4484.35,1241.0
2026-05-20 02:00:00,4484.34,4486.71,4479.84,4486.24,1109.0
2026-05-20 02:15:00,4486.07,4488.64,4483.27,4486.18,1199.0
2026-05-20 02:30:00,4486.21,4496.38,4485.6,4492.28,1564.0
2026-05-20 02:45:00,4492.0,4494.57,4488.19,4489.25,1416.0
2026-05-20 03:00:00,4489.24,4490.49,4479.66,4488.51,2825.0
2026-05-20 03:15:00,4488.57,4502.05,4481.26,4501.9,3172.0
2026-05-20 03:30:00,4501.81,4507.15,4499.74,4505.14,3059.0
2026-05-20 03:45:00,4505.18,4508.38,4498.02,4500.85,2514.0
2026-05-20 04:00:00,4500.65,4505.93,4487.95,4492.33,3469.0
2026-05-20 04:15:00,4492.34,4496.59,4472.75,4473.45,3013.0
2026-05-20 04:30:00,4473.54,4476.92,4455.94,4466.67,3726.0
2026-05-20 04:45:00,4466.83,4488.29,4463.09,4481.2,3552.0
2026-05-20 05:00:00,4481.41,4486.8,4475.95,4481.23,2805.0
2026-05-20 05:15:00,4481.28,4486.98,4476.35,4481.49,2529.0
2026-05-20 05:30:00,4481.38,4483.36,4460.65,4460.65,3290.0
2026-05-20 05:45:00,4460.61,4465.96,4458.49,4465.16,2810.0
2026-05-20 06:00:00,4465.17,4467.11,4453.42,4457.88,2932.0
2026-05-20 06:15:00,4457.85,4464.26,4457.17,4460.91,2340.0
2026-05-20 06:30:00,4460.69,4466.03,4457.48,4460.56,2399.0
2026-05-20 06:45:00,4460.48,4465.16,4458.17,4463.61,1844.0
2026-05-20 07:00:00,4463.6,4469.94,4463.27,4469.07,1959.0
2026-05-20 07:15:00,4469.1,4470.53,4462.27,4465.18,1788.0
2026-05-20 07:30:00,4465.15,4465.81,4460.41,4462.99,1802.0
2026-05-20 07:45:00,4462.83,4463.12,4456.69,4461.96,1810.0
2026-05-20 08:00:00,4461.85,4472.9,4461.66,4469.3,2124.0
2026-05-20 08:15:00,4469.27,4475.26,4466.96,4468.22,2101.0
2026-05-20 08:30:00,4468.33,4478.77,4468.05,4472.2,2791.0
2026-05-20 08:45:00,4472.32,4475.18,4463.25,4472.7,2463.0
2026-05-20 09:00:00,4472.74,4477.42,4467.36,4471.54,2764.0
2026-05-20 09:15:00,4471.75,4478.24,4467.62,4471.83,3047.0
2026-05-20 09:30:00,4472.04,4472.38,4461.33,4466.95,2729.0
2026-05-20 09:45:00,4466.94,4478.35,4465.21,4474.04,2744.0
2026-05-20 10:00:00,4473.64,4485.08,4471.87,4481.09,2653.0
2026-05-20 10:15:00,4481.11,4484.03,4476.31,4482.69,2320.0
2026-05-20 10:30:00,4482.64,4485.83,4475.98,4481.27,2338.0
2026-05-20 10:45:00,4481.31,4481.89,4475.01,4478.48,2112.0
2026-05-20 11:00:00,4478.49,4484.03,4476.65,4482.32,2460.0
2026-05-20 11:15:00,4481.97,4486.34,4478.28,4486.07,2468.0
2026-05-20 11:30:00,4486.78,4489.44,4476.81,4479.14,2426.0
2026-05-20 11:45:00,4479.2,4489.72,4479.11,4483.97,2388.0
2026-05-20 12:00:00,4483.83,4486.06,4479.73,4480.14,2078.0
2026-05-20 12:15:00,4480.04,4483.48,4472.8,4474.13,1979.0
2026-05-20 12:30:00,4474.02,4484.69,4472.73,4483.12,2068.0
2026-05-20 12:45:00,4483.24,4491.01,4481.75,4484.86,1813.0
2026-05-20 13:00:00,4484.74,4492.13,4484.62,4487.94,1728.0
2026-05-20 13:15:00,4487.89,4492.38,4487.16,4488.87,1626.0
2026-05-20 13:30:00,4488.99,4496.86,4488.51,4494.18,1968.0
2026-05-20 13:45:00,4494.27,4495.72,4489.95,4494.56,1835.0
2026-05-20 14:00:00,4494.54,4496.58,4492.64,4492.96,1866.0
2026-05-20 14:15:00,4492.93,4501.0,4491.05,4499.9,1760.0
2026-05-20 14:30:00,4499.86,4500.22,4493.34,4495.11,1953.0
2026-05-20 14:45:00,4494.99,4499.42,4490.76,4499.04,2197.0
2026-05-20 15:00:00,4498.96,4501.0,4495.75,4496.47,2097.0
2026-05-20 15:15:00,4496.48,4499.46,4492.86,4499.46,2295.0
2026-05-20 15:30:00,4499.59,4504.5,4499.24,4502.81,2368.0
2026-05-20 15:45:00,4502.94,4505.3,4493.84,4496.09,2064.0
2026-05-20 16:00:00,4496.05,4506.02,4493.93,4505.05,3017.0
2026-05-20 16:15:00,4505.09,4505.22,4489.27,4489.27,2747.0
2026-05-20 16:30:00,4489.45,4492.97,4483.03,4489.86,3513.0
2026-05-20 16:45:00,4489.76,4491.97,4481.99,4483.03,3280.0
2026-05-20 17:00:00,4483.34,4485.09,4467.02,4476.98,3395.0
2026-05-20 17:15:00,4477.0,4510.73,4476.38,4506.79,4630.0
2026-05-20 17:30:00,4506.88,4528.53,4506.88,4520.44,4152.0
2026-05-20 17:45:00,4520.53,4537.24,4516.59,4531.29,3616.0
2026-05-20 18:00:00,4531.34,4535.58,4523.07,4524.44,3207.0
2026-05-20 18:15:00,4524.45,4552.57,4524.42,4529.39,4197.0
2026-05-20 18:30:00,4529.06,4539.38,4527.67,4536.78,3089.0
2026-05-20 18:45:00,4536.87,4537.76,4527.3,4529.05,2874.0
2026-05-20 19:00:00,4529.1,4535.16,4528.4,4533.77,2508.0
2026-05-20 19:15:00,4533.78,4533.78,4524.09,4525.82,2764.0
2026-05-20 19:30:00,4525.94,4533.55,4524.11,4533.46,2566.0
2026-05-20 19:45:00,4533.66,4535.34,4530.13,4534.33,2510.0
2026-05-20 20:00:00,4534.45,4537.96,4531.31,4534.28,2364.0
2026-05-20 20:15:00,4534.23,4536.74,4530.88,4532.36,2465.0
2026-05-20 20:30:00,4532.52,4536.41,4529.93,4533.08,2278.0
2026-05-20 20:45:00,4533.04,4535.15,4530.21,4531.32,1851.0
2026-05-20 21:00:00,4531.28,4533.86,4529.24,4532.83,1972.0
2026-05-20 21:15:00,4532.79,4536.56,4531.9,4534.92,2074.0
2026-05-20 21:30:00,4534.93,4543.37,4534.93,4536.85,2023.0
2026-05-20 21:45:00,4536.99,4544.97,4536.8,4542.33,1978.0
2026-05-20 22:00:00,4542.3,4545.16,4541.74,4543.77,1741.0
2026-05-20 22:15:00,4543.76,4545.93,4543.25,4545.04,1720.0
2026-05-20 22:30:00,4545.15,4549.84,4545.08,4546.32,1906.0
2026-05-20 22:45:00,4546.34,4548.42,4545.32,4546.04,2085.0
2026-05-20 23:00:00,4546.85,4550.25,4545.3,4546.62,940.0
2026-05-20 23:15:00,4546.81,4548.2,4542.99,4545.57,1869.0
2026-05-20 23:30:00,4545.65,4546.21,4542.61,4543.37,1417.0
2026-05-20 23:45:00,4543.15,4544.55,4541.91,4543.71,1013.0
2026-05-21 01:00:00,4537.61,4548.51,4537.61,4539.96,1708.0
2026-05-21 01:15:00,4539.9,4540.4,4535.13,4538.81,1447.0
2026-05-21 01:30:00,4538.8,4543.25,4538.59,4542.09,990.0
2026-05-21 01:45:00,4541.98,4544.55,4537.06,4539.81,1407.0
2026-05-21 02:00:00,4539.87,4543.19,4537.89,4539.83,1109.0
2026-05-21 02:15:00,4539.84,4540.64,4534.51,4538.29,1156.0
2026-05-21 02:30:00,4538.55,4545.29,4537.87,4542.9,997.0
2026-05-21 02:45:00,4542.85,4547.18,4541.73,4546.48,1163.0
2026-05-21 03:00:00,4546.47,4548.48,4540.01,4544.81,2535.0
2026-05-21 03:15:00,4544.82,4553.15,4537.27,4543.58,2650.0
2026-05-21 03:30:00,4543.57,4545.06,4539.62,4543.62,1784.0
2026-05-21 03:45:00,4543.61,4548.62,4541.91,4545.15,1756.0
2026-05-21 04:00:00,4545.16,4559.96,4539.86,4559.78,3272.0
2026-05-21 04:15:00,4559.87,4567.72,4557.17,4567.03,2594.0
2026-05-21 04:30:00,4567.0,4570.57,4561.65,4567.72,2706.0
2026-05-21 04:45:00,4567.7,4568.24,4558.99,4560.98,2436.0
2026-05-21 05:00:00,4561.19,4564.82,4550.61,4551.7,2457.0
2026-05-21 05:15:00,4551.64,4553.15,4539.61,4540.28,2195.0
2026-05-21 05:30:00,4540.1,4542.3,4534.03,4536.26,2610.0
2026-05-21 05:45:00,4536.06,4537.17,4531.47,4533.17,2273.0
2026-05-21 06:00:00,4533.08,4538.89,4531.53,4537.91,2000.0
2026-05-21 06:15:00,4537.89,4540.18,4532.98,4535.75,1889.0
2026-05-21 06:30:00,4535.64,4537.26,4531.8,4533.89,1500.0
2026-05-21 06:45:00,4533.92,4534.32,4527.14,4528.2,1578.0
2026-05-21 07:00:00,4528.04,4536.36,4527.3,4535.99,1332.0
2026-05-21 07:15:00,4535.96,4540.04,4534.32,4539.65,1239.0
2026-05-21 07:30:00,4539.72,4540.41,4533.75,4537.1,1272.0
2026-05-21 07:45:00,4537.13,4539.18,4535.33,4538.34,1061.0
2026-05-21 08:00:00,4538.37,4540.38,4529.7,4530.67,1732.0
2026-05-21 08:15:00,4530.66,4530.99,4521.61,4522.75,1920.0
2026-05-21 08:30:00,4522.9,4527.11,4518.49,4525.88,2596.0
2026-05-21 08:45:00,4525.85,4529.84,4518.48,4527.83,2469.0
2026-05-21 09:00:00,4527.77,4535.36,4526.68,4531.44,2466.0
2026-05-21 09:15:00,4531.37,4539.77,4528.45,4532.94,2570.0
2026-05-21 09:30:00,4532.91,4534.91,4522.87,4524.79,2615.0
2026-05-21 09:45:00,4524.78,4526.19,4518.85,4521.46,2736.0
2026-05-21 10:00:00,4521.44,4524.25,4518.13,4520.45,2525.0
2026-05-21 10:15:00,4520.32,4523.36,4511.98,4512.75,2510.0
2026-05-21 10:30:00,4512.78,4517.3,4512.16,4516.29,1986.0
2026-05-21 10:45:00,4516.44,4523.2,4514.27,4519.6,1904.0
2026-05-21 11:00:00,4519.79,4535.56,4518.25,4534.15,2568.0
2026-05-21 11:15:00,4534.38,4536.65,4529.26,4535.43,2640.0
2026-05-21 11:30:00,4534.8,4535.49,4526.56,4529.01,2327.0
2026-05-21 11:45:00,4529.05,4534.47,4528.24,4532.47,2321.0
2026-05-21 12:00:00,4532.4,4540.34,4531.71,4537.74,2287.0
2026-05-21 12:15:00,4537.63,4542.35,4535.39,4536.86,2244.0
2026-05-21 12:30:00,4536.84,4542.78,4529.6,4529.76,2210.0
2026-05-21 12:45:00,4529.75,4532.98,4527.72,4530.55,1729.0
2026-05-21 13:00:00,4530.39,4535.18,4529.92,4532.54,2027.0
2026-05-21 13:15:00,4532.59,4534.62,4510.69,4517.99,2765.0
2026-05-21 13:30:00,4518.19,4518.19,4504.88,4516.92,3527.0
2026-05-21 13:45:00,4516.89,4517.73,4510.62,4511.42,2959.0
2026-05-21 14:00:00,4511.55,4519.9,4510.71,4516.21,2775.0
2026-05-21 14:15:00,4516.1,4521.13,4512.5,4514.0,2362.0
2026-05-21 14:30:00,4514.07,4515.81,4508.09,4512.12,2211.0
2026-05-21 14:45:00,4512.01,4517.25,4510.86,4514.03,2097.0
2026-05-21 15:00:00,4514.22,4519.17,4513.57,4514.59,2367.0
2026-05-21 15:15:00,4514.48,4514.62,4503.86,4507.22,2511.0
2026-05-21 15:30:00,4507.39,4517.65,4505.66,4514.95,3179.0
2026-05-21 15:45:00,4514.92,4518.08,4502.49,4504.03,2818.0
2026-05-21 16:00:00,4504.02,4512.68,4499.49,4502.23,3444.0
2026-05-21 16:15:00,4502.13,4505.36,4495.45,4500.09,3177.0
2026-05-21 16:30:00,4500.23,4502.45,4488.59,4497.88,3707.0
2026-05-21 16:45:00,4497.72,4520.75,4494.79,4513.03,4015.0
2026-05-21 17:00:00,4513.1,4515.26,4502.56,4508.17,3459.0
2026-05-21 17:15:00,4508.03,4509.2,4498.11,4507.34,3463.0
2026-05-21 17:30:00,4507.35,4511.13,4502.42,4504.72,3112.0
2026-05-21 17:45:00,4504.68,4510.27,4501.58,4508.76,3160.0
2026-05-21 18:00:00,4508.65,4515.14,4496.51,4509.93,3523.0
2026-05-21 18:15:00,4509.8,4511.45,4502.15,4503.29,3105.0
2026-05-21 18:30:00,4503.22,4509.73,4502.53,4506.88,2683.0
2026-05-21 18:45:00,4506.84,4512.55,4506.59,4511.81,2419.0
2026-05-21 19:00:00,4511.73,4520.55,4511.73,4517.08,3001.0
2026-05-21 19:15:00,4517.03,4518.76,4514.59,4516.42,2565.0
2026-05-21 19:30:00,4516.44,4519.22,4515.46,4517.98,2197.0
2026-05-21 19:45:00,4518.02,4520.14,4516.18,4519.36,2164.0
2026-05-21 20:00:00,4519.45,4531.54,4514.05,4526.16,3081.0
2026-05-21 20:15:00,4526.33,4546.2,4526.09,4541.58,4075.0
2026-05-21 20:30:00,4541.44,4548.85,4538.6,4548.15,3278.0
2026-05-21 20:45:00,4548.14,4559.17,4544.92,4551.37,3334.0
2026-05-21 21:00:00,4551.24,4555.98,4542.94,4545.91,3367.0
2026-05-21 21:15:00,4546.03,4550.52,4544.28,4548.34,2870.0
2026-05-21 21:30:00,4548.31,4549.37,4542.82,4545.22,2406.0
2026-05-21 21:45:00,4545.21,4545.92,4527.29,4531.84,3606.0
2026-05-21 22:00:00,4531.97,4537.76,4529.79,4537.76,2895.0
2026-05-21 22:15:00,4537.75,4542.0,4537.64,4538.78,2189.0
2026-05-21 22:30:00,4538.69,4543.27,4538.58,4539.26,1999.0
2026-05-21 22:45:00,4539.27,4543.66,4534.58,4542.91,2567.0
2026-05-21 23:00:00,4542.96,4544.69,4541.08,4542.46,1617.0
2026-05-21 23:15:00,4542.44,4542.57,4540.18,4541.25,984.0
2026-05-21 23:30:00,4541.26,4542.1,4540.26,4540.63,759.0
2026-05-21 23:45:00,4540.47,4542.62,4539.72,4542.53,766.0
2026-05-22 01:00:00,4538.45,4546.33,4537.5,4541.79,1112.0
2026-05-22 01:15:00,4541.78,4543.11,4539.89,4540.94,730.0
2026-05-22 01:30:00,4541.32,4543.52,4539.55,4542.52,632.0
2026-05-22 01:45:00,4542.37,4543.14,4540.68,4543.14,639.0
2026-05-22 02:00:00,4543.43,4544.85,4542.53,4543.62,718.0
2026-05-22 02:15:00,4543.72,4544.31,4538.05,4540.4,782.0
2026-05-22 02:30:00,4540.43,4540.43,4532.76,4533.23,1089.0
2026-05-22 02:45:00,4532.49,4536.45,4532.49,4535.37,1182.0
2026-05-22 03:00:00,4535.6,4536.78,4530.83,4531.24,2183.0
2026-05-22 03:15:00,4531.26,4537.21,4530.14,4536.18,1965.0
2026-05-22 03:30:00,4536.26,4540.98,4535.74,4537.87,1901.0
2026-05-22 03:45:00,4537.96,4538.82,4525.45,4526.56,2024.0
2026-05-22 04:00:00,4526.39,4535.99,4523.29,4529.61,2949.0
2026-05-22 04:15:00,4529.47,4533.38,4526.29,4528.96,2300.0
2026-05-22 04:30:00,4528.88,4529.71,4520.96,4525.06,2509.0
2026-05-22 04:45:00,4524.85,4531.78,4524.73,4526.25,2389.0
2026-05-22 05:00:00,4526.21,4529.28,4521.37,4527.47,2156.0
2026-05-22 05:15:00,4527.66,4528.9,4522.69,4524.55,1610.0
2026-05-22 05:30:00,4524.48,4524.48,4518.57,4522.71,2185.0
2026-05-22 05:45:00,4522.7,4527.0,4519.52,4523.09,1887.0
2026-05-22 06:00:00,4523.13,4525.16,4520.49,4521.03,1824.0
2026-05-22 06:15:00,4521.2,4522.84,4519.14,4521.76,1678.0
2026-05-22 06:30:00,4521.68,4527.64,4521.6,4526.86,1505.0
2026-05-22 06:45:00,4526.85,4529.88,4526.31,4529.34,1102.0
2026-05-22 07:00:00,4529.45,4529.93,4527.8,4529.06,1104.0
2026-05-22 07:15:00,4529.08,4532.87,4527.58,4532.18,1179.0
2026-05-22 07:30:00,4532.17,4532.68,4525.42,4528.95,1279.0
2026-05-22 07:45:00,4528.88,4530.09,4526.95,4527.08,961.0
2026-05-22 08:00:00,4527.04,4529.51,4523.52,4525.25,1298.0
2026-05-22 08:15:00,4525.33,4529.01,4523.35,4526.06,1335.0
2026-05-22 08:30:00,4526.07,4534.09,4525.33,4533.97,2242.0
2026-05-22 08:45:00,4534.04,4534.09,4507.35,4511.14,2462.0
2026-05-22 09:00:00,4511.32,4524.25,4510.11,4521.53,2971.0
2026-05-22 09:15:00,4521.47,4525.97,4516.23,4525.16,2593.0
2026-05-22 09:30:00,4525.08,4527.28,4521.56,4526.49,2257.0
2026-05-22 09:45:00,4526.53,4528.8,4523.79,4526.78,2097.0
2026-05-22 10:00:00,4526.57,4526.98,4521.35,4522.38,2192.0
2026-05-22 10:15:00,4522.36,4527.28,4522.02,4525.71,1756.0
2026-05-22 10:30:00,4525.74,4525.76,4516.12,4519.81,2158.0
2026-05-22 10:45:00,4519.8,4523.16,4517.54,4521.77,1799.0
2026-05-22 11:00:00,4522.13,4529.84,4521.5,4524.67,2034.0
2026-05-22 11:15:00,4524.66,4531.05,4523.65,4526.73,2393.0
2026-05-22 11:30:00,4526.85,4527.16,4516.96,4522.39,2374.0
2026-05-22 11:45:00,4522.4,4524.85,4521.5,4521.78,1764.0
2026-05-22 12:00:00,4521.75,4525.45,4517.1,4517.22,1919.0
2026-05-22 12:15:00,4517.1,4520.43,4515.15,4517.71,2067.0
2026-05-22 12:30:00,4517.59,4525.95,4514.69,4525.02,1928.0
2026-05-22 12:45:00,4525.11,4535.77,4524.61,4532.11,1731.0
2026-05-22 13:00:00,4532.22,4536.67,4529.5,4533.74,1882.0
2026-05-22 13:15:00,4533.93,4534.07,4524.47,4524.69,1777.0
2026-05-22 13:30:00,4524.66,4525.43,4512.1,4512.39,2396.0
2026-05-22 13:45:00,4512.3,4515.03,4510.05,4514.62,1870.0
2026-05-22 14:00:00,4514.54,4517.18,4513.77,4515.82,1747.0
2026-05-22 14:15:00,4515.72,4515.76,4511.82,4511.98,1712.0
2026-05-22 14:30:00,4511.93,4522.97,4511.5,4521.61,1827.0
2026-05-22 14:45:00,4521.63,4524.96,4520.1,4520.57,2046.0
2026-05-22 15:00:00,4520.44,4529.81,4518.91,4529.14,2483.0
2026-05-22 15:15:00,4529.17,4535.85,4521.04,4521.63,2920.0
2026-05-22 15:30:00,4521.54,4523.53,4515.03,4518.63,2520.0
2026-05-22 15:45:00,4518.62,4528.25,4517.36,4528.1,2177.0
2026-05-22 16:00:00,4528.22,4534.18,4520.78,4528.09,3136.0
2026-05-22 16:15:00,4528.33,4529.71,4521.66,4521.97,2545.0
2026-05-22 16:30:00,4522.02,4527.11,4511.36,4517.61,3478.0
2026-05-22 16:45:00,4517.62,4518.84,4510.3,4513.78,3100.0
2026-05-22 17:00:00,4513.86,4514.07,4490.49,4497.39,3682.0
2026-05-22 17:15:00,4497.45,4500.66,4491.81,4498.93,3882.0
2026-05-22 17:30:00,4499.13,4505.78,4497.16,4504.4,3087.0
2026-05-22 17:45:00,4504.26,4507.2,4500.29,4500.41,2688.0
2026-05-22 18:00:00,4500.49,4511.83,4500.18,4511.05,2773.0
2026-05-22 18:15:00,4511.03,4519.07,4510.95,4519.07,2519.0
2026-05-22 18:30:00,4519.17,4522.19,4517.21,4518.1,2472.0
2026-05-22 18:45:00,4518.15,4521.63,4514.56,4520.0,2330.0
2026-05-22 19:00:00,4519.93,4520.32,4516.8,4519.3,2253.0
2026-05-22 19:15:00,4519.01,4524.07,4516.81,4523.62,1958.0
2026-05-22 19:30:00,4523.61,4526.7,4513.49,4514.9,2232.0
2026-05-22 19:45:00,4514.84,4517.87,4512.31,4514.81,2198.0
2026-05-22 20:00:00,4514.91,4520.76,4514.7,4519.25,1859.0
2026-05-22 20:15:00,4519.24,4525.8,4513.06,4525.22,2587.0
2026-05-22 20:30:00,4525.31,4527.66,4519.38,4522.11,2804.0
2026-05-22 20:45:00,4522.22,4522.74,4518.56,4519.12,2047.0
2026-05-22 21:00:00,4519.14,4519.31,4512.02,4513.71,2216.0
2026-05-22 21:15:00,4513.7,4517.6,4512.32,4515.26,1818.0
2026-05-22 21:30:00,4515.27,4519.89,4513.79,4515.04,1747.0
2026-05-22 21:45:00,4515.06,4515.87,4512.84,4514.93,1764.0
2026-05-22 22:00:00,4515.02,4515.73,4506.89,4507.19,2348.0
2026-05-22 22:15:00,4507.2,4508.95,4506.32,4507.01,1717.0
2026-05-22 22:30:00,4507.02,4510.74,4504.19,4509.55,1832.0
2026-05-22 22:45:00,4509.57,4509.9,4506.59,4508.17,1875.0
2026-05-22 23:00:00,4508.21,4509.23,4504.86,4507.92,1074.0
2026-05-22 23:15:00,4508.05,4510.4,4506.81,4510.17,878.0
2026-05-22 23:30:00,4510.31,4510.37,4504.67,4504.88,1157.0
2026-05-22 23:45:00,4505.05,4508.17,4504.01,4507.01,634.0
2026-05-25 01:00:00,4536.35,4557.24,4521.88,4554.53,3283.0
2026-05-25 01:15:00,4554.58,4555.84,4548.44,4552.15,2098.0
2026-05-25 01:30:00,4551.8,4561.1,4551.66,4558.05,1664.0
2026-05-25 01:45:00,4558.16,4565.61,4557.83,4564.9,1535.0
2026-05-25 02:00:00,4564.87,4576.19,4564.87,4574.32,1525.0
2026-05-25 02:15:00,4574.35,4578.14,4573.17,4574.86,1266.0
2026-05-25 02:30:00,4574.9,4579.79,4574.85,4577.21,1485.0
2026-05-25 02:45:00,4577.12,4578.18,4565.51,4566.89,1710.0
2026-05-25 03:00:00,4566.91,4575.56,4566.07,4572.42,2162.0
2026-05-25 03:15:00,4572.46,4575.24,4569.72,4572.15,1834.0
2026-05-25 03:30:00,4572.37,4575.34,4570.56,4571.44,1627.0
2026-05-25 03:45:00,4571.48,4579.24,4566.08,4569.41,2157.0
2026-05-25 04:00:00,4569.43,4576.09,4560.44,4565.62,3267.0
2026-05-25 04:15:00,4565.61,4575.23,4562.19,4573.37,2485.0
2026-05-25 04:30:00,4573.27,4574.69,4563.15,4563.27,2330.0
2026-05-25 04:45:00,4563.3,4567.17,4560.19,4562.74,2094.0
2026-05-25 05:00:00,4562.78,4568.27,4561.14,4561.88,2005.0
2026-05-25 05:15:00,4561.91,4563.23,4558.72,4562.75,1599.0
2026-05-25 05:30:00,4563.0,4569.36,4561.52,4569.36,1956.0
2026-05-25 05:45:00,4569.5,4570.09,4559.23,4561.18,1854.0
2026-05-25 06:00:00,4561.2,4564.15,4560.26,4563.05,1840.0
2026-05-25 06:15:00,4563.07,4564.38,4560.04,4560.52,1669.0
2026-05-25 06:30:00,4560.7,4563.91,4558.11,4558.34,1513.0
2026-05-25 06:45:00,4558.27,4561.12,4556.41,4559.69,1440.0
2026-05-25 07:00:00,4559.67,4562.46,4559.34,4560.76,1274.0
2026-05-25 07:15:00,4560.64,4565.64,4559.9,4565.1,1180.0
2026-05-25 07:30:00,4565.12,4565.26,4559.48,4562.27,1222.0
2026-05-25 07:45:00,4562.3,4565.45,4562.18,4564.68,989.0
2026-05-25 08:00:00,4564.71,4565.61,4562.71,4563.36,1060.0
2026-05-25 08:15:00,4563.36,4563.49,4553.9,4554.05,1268.0
2026-05-25 08:30:00,4554.02,4560.71,4552.63,4556.88,1835.0
2026-05-25 08:45:00,4556.87,4557.83,4551.76,4553.22,1818.0
2026-05-25 09:00:00,4552.67,4555.77,4550.35,4553.73,2005.0
2026-05-25 09:15:00,4553.67,4557.24,4552.15,4554.1,1762.0
2026-05-25 09:30:00,4554.23,4557.28,4553.48,4556.34,1632.0
2026-05-25 09:45:00,4556.27,4563.1,4556.12,4562.33,1850.0
2026-05-25 10:00:00,4562.51,4564.65,4560.66,4560.67,1842.0
2026-05-25 10:15:00,4560.61,4561.03,4552.4,4554.27,2228.0
2026-05-25 10:30:00,4554.33,4561.46,4554.02,4559.76,1822.0
2026-05-25 10:45:00,4559.75,4565.01,4558.52,4564.71,1418.0
2026-05-25 11:00:00,4564.79,4564.89,4559.47,4560.97,1476.0
2026-05-25 11:15:00,4560.99,4561.23,4553.65,4554.96,1650.0
2026-05-25 11:30:00,4555.12,4558.0,4553.37,4554.56,1333.0
2026-05-25 11:45:00,4554.57,4556.5,4553.38,4556.04,1318.0
2026-05-25 12:00:00,4556.03,4558.58,4554.89,4555.46,1097.0
2026-05-25 12:15:00,4555.42,4558.87,4555.42,4558.77,1000.0
2026-05-25 12:30:00,4558.79,4565.93,4558.29,4565.72,1623.0
2026-05-25 12:45:00,4565.74,4568.88,4564.6,4567.45,1296.0
2026-05-25 13:00:00,4567.54,4572.36,4567.38,4571.75,1379.0
2026-05-25 13:15:00,4571.8,4573.57,4569.68,4570.75,1307.0
2026-05-25 13:30:00,4570.85,4573.1,4568.29,4570.15,1342.0
2026-05-25 13:45:00,4570.16,4572.28,4568.47,4568.53,994.0
2026-05-25 14:00:00,4568.58,4572.27,4567.42,4571.98,919.0
2026-05-25 14:15:00,4571.97,4575.06,4569.43,4571.57,1344.0
2026-05-25 14:30:00,4571.51,4576.11,4571.49,4574.42,1397.0
2026-05-25 14:45:00,4574.45,4576.94,4569.13,4569.31,1430.0
2026-05-25 15:00:00,4569.21,4569.32,4555.97,4556.22,2155.0
2026-05-25 15:15:00,4556.21,4560.76,4552.9,4560.55,1920.0
2026-05-25 15:30:00,4560.54,4570.05,4559.82,4566.38,1827.0
2026-05-25 15:45:00,4566.39,4568.6,4564.16,4567.52,1434.0
2026-05-25 16:00:00,4567.63,4571.3,4561.55,4564.37,2256.0
2026-05-25 16:15:00,4564.24,4564.46,4560.49,4561.75,1805.0
2026-05-25 16:30:00,4561.51,4565.5,4561.47,4565.04,1834.0
2026-05-25 16:45:00,4565.13,4565.25,4559.95,4562.98,1594.0
2026-05-25 17:00:00,4562.87,4569.92,4562.19,4567.65,1768.0
2026-05-25 17:15:00,4567.66,4570.55,4567.33,4567.86,1402.0
2026-05-25 17:30:00,4567.84,4568.39,4565.07,4566.92,1297.0
2026-05-25 17:45:00,4566.9,4568.85,4565.25,4566.69,1403.0
2026-05-25 18:00:00,4566.57,4573.43,4565.59,4570.02,1832.0
2026-05-25 18:15:00,4570.34,4574.48,4567.92,4573.25,1779.0
2026-05-25 18:30:00,4573.27,4573.32,4566.65,4568.89,1333.0
2026-05-25 18:45:00,4568.86,4572.62,4568.67,4570.77,917.0
2026-05-25 19:00:00,4570.82,4570.98,4568.5,4570.5,976.0
2026-05-25 19:15:00,4570.51,4570.53,4567.97,4568.11,673.0
2026-05-25 19:30:00,4568.1,4572.25,4567.88,4572.04,910.0
2026-05-25 19:45:00,4572.01,4574.49,4570.79,4573.48,912.0
2026-05-25 20:00:00,4573.33,4577.56,4573.33,4574.0,935.0
2026-05-25 20:15:00,4574.03,4574.42,4570.27,4571.3,555.0
2026-05-25 20:30:00,4571.23,4571.35,4566.22,4566.66,540.0
2026-05-25 20:45:00,4566.54,4566.54,4563.24,4565.02,719.0
2026-05-25 21:00:00,4565.15,4571.43,4564.31,4569.11,654.0
2026-05-26 01:00:00,4570.3,4573.93,4561.33,4573.3,1142.0
2026-05-26 01:15:00,4573.32,4575.36,4572.79,4573.05,771.0
2026-05-26 01:30:00,4573.04,4575.05,4569.56,4573.91,1087.0
2026-05-26 01:45:00,4573.94,4576.43,4573.47,4574.8,940.0
2026-05-26 02:00:00,4574.51,4579.02,4573.74,4578.87,1133.0
2026-05-26 02:15:00,4578.85,4580.15,4567.2,4568.25,1356.0
2026-05-26 02:30:00,4568.26,4568.49,4555.13,4556.6,2101.0
2026-05-26 02:45:00,4556.65,4562.82,4556.65,4559.58,1584.0
2026-05-26 03:00:00,4559.56,4559.79,4548.54,4552.17,2653.0
2026-05-26 03:15:00,4552.22,4553.34,4541.3,4549.22,2252.0
2026-05-26 03:30:00,4549.41,4552.86,4543.41,4548.03,1904.0
2026-05-26 03:45:00,4547.95,4551.43,4539.49,4549.48,2150.0
2026-05-26 04:00:00,4549.51,4550.21,4542.21,4548.6,2829.0
2026-05-26 04:15:00,4548.56,4548.91,4541.82,4543.66,2181.0
2026-05-26 04:30:00,4543.92,4544.09,4527.74,4532.07,2906.0
2026-05-26 04:45:00,4532.1,4537.18,4531.18,4536.91,2193.0
2026-05-26 05:00:00,4536.92,4539.42,4535.26,4538.34,1693.0
2026-05-26 05:15:00,4538.53,4538.79,4536.24,4536.69,1301.0
2026-05-26 05:30:00,4536.71,4538.39,4533.56,4533.95,1758.0
2026-05-26 05:45:00,4533.9,4534.58,4529.99,4532.16,1589.0
2026-05-26 06:00:00,4532.12,4538.29,4531.92,4536.92,1548.0
2026-05-26 06:15:00,4536.89,4543.46,4536.81,4542.11,1534.0
2026-05-26 06:30:00,4542.08,4545.23,4540.87,4541.25,1245.0
2026-05-26 06:45:00,4541.11,4543.59,4540.68,4542.2,916.0
2026-05-26 07:00:00,4542.14,4543.06,4536.05,4537.19,1147.0
2026-05-26 07:15:00,4537.32,4539.36,4532.42,4532.42,1005.0
2026-05-26 07:30:00,4532.5,4533.08,4525.12,4526.05,1434.0
2026-05-26 07:45:00,4526.09,4528.9,4523.53,4525.34,1378.0
2026-05-26 08:00:00,4525.21,4531.24,4522.89,4529.27,1679.0
2026-05-26 08:15:00,4529.15,4531.23,4528.63,4531.11,1152.0
2026-05-26 08:30:00,4530.96,4534.95,4527.83,4529.68,2253.0
2026-05-26 08:45:00,4529.69,4529.75,4523.46,4527.1,2130.0
2026-05-26 09:00:00,4527.08,4532.75,4526.99,4531.52,2008.0
2026-05-26 09:15:00,4531.57,4536.13,4528.24,4530.29,1968.0
2026-05-26 09:30:00,4530.32,4533.88,4528.61,4533.75,1947.0
2026-05-26 09:45:00,4533.76,4533.86,4528.41,4530.93,1850.0
2026-05-26 10:00:00,4531.08,4533.95,4525.85,4528.41,2458.0
2026-05-26 10:15:00,4528.38,4531.03,4521.96,4529.58,2010.0
2026-05-26 10:30:00,4529.57,4529.63,4521.6,4526.54,2290.0
2026-05-26 10:45:00,4526.55,4538.87,4525.12,4538.11,2214.0
2026-05-26 11:00:00,4538.16,4538.6,4526.98,4527.46,2083.0
2026-05-26 11:15:00,4527.68,4529.81,4520.52,4522.35,1920.0
2026-05-26 11:30:00,4522.21,4526.2,4520.14,4525.3,1992.0
2026-05-26 11:45:00,4525.26,4527.27,4520.18,4523.68,1726.0
2026-05-26 12:00:00,4523.79,4524.76,4519.27,4520.44,1561.0
2026-05-26 12:15:00,4520.42,4526.28,4518.14,4524.73,2069.0
2026-05-26 12:30:00,4524.75,4525.21,4512.06,4513.13,2310.0
2026-05-26 12:45:00,4512.98,4523.35,4512.96,4522.61,2068.0
2026-05-26 13:00:00,4522.88,4531.95,4519.21,4529.31,2241.0
2026-05-26 13:15:00,4529.45,4535.11,4527.38,4533.32,2035.0
2026-05-26 13:30:00,4533.35,4538.8,4531.36,4533.06,2274.0
2026-05-26 13:45:00,4533.13,4540.52,4533.07,4534.4,2032.0
2026-05-26 14:00:00,4534.34,4536.12,4531.62,4531.66,1596.0
2026-05-26 14:15:00,4531.64,4532.53,4522.71,4523.68,2017.0
2026-05-26 14:30:00,4523.58,4523.71,4504.68,4510.06,3306.0
2026-05-26 14:45:00,4510.04,4515.61,4503.72,4507.09,2558.0
2026-05-26 15:00:00,4506.7,4512.1,4504.28,4510.25,2696.0
2026-05-26 15:15:00,4510.26,4515.9,4503.35,4506.09,2389.0
2026-05-26 15:30:00,4506.1,4511.96,4500.53,4511.91,2642.0
2026-05-26 15:45:00,4511.9,4523.5,4510.5,4520.29,2793.0
2026-05-26 16:00:00,4520.07,4526.19,4515.97,4518.29,2610.0
2026-05-26 16:15:00,4518.41,4527.36,4518.11,4522.14,2426.0
2026-05-26 16:30:00,4522.15,4531.34,4521.14,4527.22,3221.0
2026-05-26 16:45:00,4527.38,4529.16,4512.2,4513.94,3310.0
2026-05-26 17:00:00,4514.06,4520.32,4507.87,4510.99,3201.0
2026-05-26 17:15:00,4510.91,4517.73,4508.49,4517.59,2627.0
2026-05-26 17:30:00,4517.39,4524.92,4516.8,4521.36,2623.0
2026-05-26 17:45:00,4521.23,4521.94,4512.71,4515.14,2463.0
2026-05-26 18:00:00,4515.18,4515.36,4508.12,4509.46,2764.0
2026-05-26 18:15:00,4509.42,4510.31,4504.9,4505.91,2550.0
2026-05-26 18:30:00,4506.09,4508.86,4503.62,4507.93,1931.0
2026-05-26 18:45:00,4507.92,4510.67,4505.97,4506.33,2252.0
2026-05-26 19:00:00,4506.43,4508.37,4500.93,4501.35,2224.0
2026-05-26 19:15:00,4501.36,4508.65,4499.96,4507.93,2138.0
2026-05-26 19:30:00,4507.96,4511.19,4506.1,4506.5,2069.0
2026-05-26 19:45:00,4506.49,4507.66,4503.01,4504.8,1853.0
2026-05-26 20:00:00,4504.83,4507.3,4503.12,4503.63,1767.0
2026-05-26 20:15:00,4503.57,4507.38,4500.41,4501.48,1928.0
2026-05-26 20:30:00,4501.39,4501.58,4496.98,4498.48,2201.0
2026-05-26 20:45:00,4498.49,4501.14,4489.77,4490.93,1963.0
2026-05-26 21:00:00,4490.84,4493.14,4482.57,4487.2,2400.0
2026-05-26 21:15:00,4487.18,4496.15,4486.41,4495.14,1966.0
2026-05-26 21:30:00,4495.05,4498.2,4494.06,4495.98,1804.0
2026-05-26 21:45:00,4495.97,4499.38,4495.95,4499.21,1588.0
2026-05-26 22:00:00,4499.19,4501.08,4497.58,4499.33,1553.0
2026-05-26 22:15:00,4499.34,4504.48,4499.29,4501.98,1592.0
2026-05-26 22:30:00,4501.97,4505.77,4500.75,4504.8,1505.0
2026-05-26 22:45:00,4504.78,4509.82,4504.06,4508.83,1855.0
2026-05-26 23:00:00,4508.86,4510.37,4506.27,4507.8,1147.0
2026-05-26 23:15:00,4507.81,4509.69,4506.26,4506.5,817.0
2026-05-26 23:30:00,4506.49,4509.66,4505.98,4508.73,612.0
2026-05-26 23:45:00,4508.86,4509.91,4504.04,4507.01,855.0
2026-05-27 01:00:00,4494.1,4537.48,4494.1,4504.68,2188.0
2026-05-27 01:15:00,4504.72,4509.99,4502.73,4504.41,1451.0
2026-05-27 01:30:00,4504.4,4505.77,4498.04,4500.54,1213.0
2026-05-27 01:45:00,4500.65,4512.43,4499.59,4510.9,1132.0
2026-05-27 02:00:00,4511.11,4513.63,4507.49,4508.78,1102.0
2026-05-27 02:15:00,4508.76,4512.12,4504.38,4512.12,1134.0
2026-05-27 02:30:00,4512.15,4526.85,4511.07,4526.85,1700.0
2026-05-27 02:45:00,4526.86,4527.55,4518.44,4519.52,1498.0
2026-05-27 03:00:00,4519.56,4525.74,4517.19,4521.95,1802.0
2026-05-27 03:15:00,4521.91,4522.39,4514.0,4517.83,1729.0
2026-05-27 03:30:00,4518.24,4520.7,4516.67,4518.6,1390.0
2026-05-27 03:45:00,4518.71,4522.06,4514.55,4514.98,1554.0
2026-05-27 04:00:00,4515.01,4520.85,4512.62,4519.3,2527.0
2026-05-27 04:15:00,4519.37,4520.97,4514.37,4516.11,1851.0
2026-05-27 04:30:00,4516.03,4517.03,4509.19,4509.87,1792.0
2026-05-27 04:45:00,4509.91,4510.33,4506.73,4507.79,1625.0
2026-05-27 05:00:00,4507.9,4509.44,4501.87,4504.1,1807.0
2026-05-27 05:15:00,4503.98,4505.65,4498.97,4505.4,1483.0
2026-05-27 05:30:00,4505.43,4505.98,4498.63,4499.91,1493.0
2026-05-27 05:45:00,4499.88,4506.88,4498.17,4505.73,1202.0
2026-05-27 06:00:00,4505.69,4510.33,4505.08,4509.14,1290.0
2026-05-27 06:15:00,4509.17,4511.91,4505.51,4507.01,1257.0
2026-05-27 06:30:00,4507.05,4507.29,4501.54,4504.34,1086.0
2026-05-27 06:45:00,4504.39,4505.52,4496.63,4497.03,1120.0
2026-05-27 07:00:00,4497.08,4503.16,4495.82,4502.97,1287.0
2026-05-27 07:15:00,4503.06,4503.31,4499.58,4499.64,1194.0
2026-05-27 07:30:00,4499.6,4508.48,4497.91,4508.45,1381.0
2026-05-27 07:45:00,4508.46,4517.16,4508.46,4510.07,1484.0
2026-05-27 08:00:00,4510.0,4513.72,4508.23,4508.86,1346.0
2026-05-27 08:15:00,4508.91,4508.96,4504.0,4507.22,1508.0
2026-05-27 08:30:00,4507.09,4508.64,4491.69,4493.24,3081.0
2026-05-27 08:45:00,4493.26,4502.13,4491.79,4497.49,2698.0
2026-05-27 09:00:00,4497.45,4499.09,4493.62,4493.91,2587.0
2026-05-27 09:15:00,4493.9,4495.73,4483.65,4486.18,2860.0
2026-05-27 09:30:00,4486.09,4487.85,4479.5,4487.57,2648.0
2026-05-27 09:45:00,4487.54,4490.03,4483.52,4485.09,2090.0
2026-05-27 10:00:00,4485.1,4488.4,4479.97,4480.13,2180.0
2026-05-27 10:15:00,4480.25,4489.04,4480.21,4486.08,1927.0
2026-05-27 10:30:00,4486.11,4488.51,4481.15,4482.68,1651.0
2026-05-27 10:45:00,4482.63,4483.99,4475.77,4482.04,1995.0
2026-05-27 11:00:00,4481.91,4489.2,4481.73,4486.21,2185.0
2026-05-27 11:15:00,4486.25,4492.82,4486.05,4489.04,1879.0
2026-05-27 11:30:00,4489.05,4496.5,4485.96,4496.12,1834.0
2026-05-27 11:45:00,4496.11,4498.57,4492.54,4497.74,1810.0
2026-05-27 12:00:00,4497.67,4497.67,4488.55,4491.66,1832.0
2026-05-27 12:15:00,4491.62,4495.28,4489.31,4490.02,1527.0
2026-05-27 12:30:00,4489.98,4492.15,4486.82,4488.53,1499.0
2026-05-27 12:45:00,4488.52,4493.11,4488.21,4490.09,1164.0
2026-05-27 13:00:00,4490.03,4490.45,4484.24,4485.42,1467.0
2026-05-27 13:15:00,4485.35,4486.26,4476.47,4476.93,1803.0
2026-05-27 13:30:00,4476.84,4477.2,4462.12,4465.59,2694.0
2026-05-27 13:45:00,4465.39,4466.79,4442.58,4445.67,3486.0
2026-05-27 14:00:00,4445.77,4452.98,4443.35,4451.08,2671.0
2026-05-27 14:15:00,4451.09,4452.08,4439.77,4440.79,2688.0
2026-05-27 14:30:00,4440.75,4444.16,4432.4,4443.1,2796.0
2026-05-27 14:45:00,4443.01,4444.68,4425.08,4428.62,2628.0
2026-05-27 15:00:00,4428.63,4437.43,4428.32,4430.28,2727.0
2026-05-27 15:15:00,4430.06,4466.26,4427.44,4454.67,4014.0
2026-05-27 15:30:00,4454.53,4460.09,4444.52,4446.88,3319.0
2026-05-27 15:45:00,4446.98,4448.08,4437.73,4438.77,2708.0
2026-05-27 16:00:00,4438.57,4438.8,4411.04,4416.59,3875.0
2026-05-27 16:15:00,4416.56,4421.25,4401.41,4404.8,3707.0
2026-05-27 16:30:00,4404.62,4425.55,4404.62,4419.28,3980.0
2026-05-27 16:45:00,4419.15,4433.87,4418.25,4427.22,3583.0
2026-05-27 17:00:00,4427.23,4455.31,4425.97,4447.9,3650.0
2026-05-27 17:15:00,4448.12,4455.16,4440.06,4445.42,3439.0
2026-05-27 17:30:00,4445.4,4449.02,4435.8,4443.11,3293.0
2026-05-27 17:45:00,4443.09,4445.94,4433.19,4433.88,2948.0
2026-05-27 18:00:00,4433.75,4438.34,4428.12,4432.02,2873.0
2026-05-27 18:15:00,4431.91,4435.81,4429.65,4435.73,2532.0
2026-05-27 18:30:00,4435.84,4441.44,4433.03,4434.06,2609.0
2026-05-27 18:45:00,4434.07,4438.61,4430.92,4436.42,2404.0
2026-05-27 19:00:00,4436.5,4441.8,4434.13,4440.1,2352.0
2026-05-27 19:15:00,4440.14,4447.49,4439.81,4446.72,1996.0
2026-05-27 19:30:00,4446.4,4453.11,4445.15,4450.63,2004.0
2026-05-27 19:45:00,4450.72,4453.16,4449.34,4450.71,1998.0
2026-05-27 20:00:00,4450.72,4451.49,4441.35,4444.04,2455.0
2026-05-27 20:15:00,4444.05,4451.1,4443.23,4449.8,2157.0
2026-05-27 20:30:00,4449.76,4454.21,4449.76,4450.52,1854.0
2026-05-27 20:45:00,4450.5,4453.97,4449.97,4450.32,1563.0
2026-05-27 21:00:00,4450.27,4452.13,4447.63,4450.02,1570.0
2026-05-27 21:15:00,4450.06,4458.17,4449.8,4455.44,1815.0
2026-05-27 21:30:00,4455.48,4456.32,4451.26,4453.28,1366.0
2026-05-27 21:45:00,4453.21,4454.91,4452.27,4454.31,1143.0
2026-05-27 22:00:00,4454.32,4454.65,4450.5,4451.66,1226.0
2026-05-27 22:15:00,4451.63,4453.92,4449.7,4450.96,1328.0
2026-05-27 22:30:00,4450.91,4454.69,4449.6,4453.57,1362.0
2026-05-27 22:45:00,4453.6,4453.63,4448.76,4450.82,1552.0
2026-05-27 23:00:00,4450.83,4455.16,4449.98,4455.16,974.0
2026-05-27 23:15:00,4455.21,4458.77,4454.64,4454.94,967.0
2026-05-27 23:30:00,4454.87,4455.66,4451.58,4453.59,624.0
2026-05-27 23:45:00,4453.6,4456.05,4452.59,4455.98,545.0
2026-05-28 01:00:00,4443.61,4467.39,4443.61,4457.83,974.0
2026-05-28 01:15:00,4457.81,4461.89,4456.57,4459.85,810.0
2026-05-28 01:30:00,4459.84,4462.25,4455.09,4458.49,983.0
2026-05-28 01:45:00,4458.45,4458.75,4455.46,4457.33,659.0
2026-05-28 02:00:00,4457.35,4457.67,4451.6,4453.42,990.0
2026-05-28 02:15:00,4453.45,4455.01,4449.31,4450.58,1416.0
2026-05-28 02:30:00,4450.65,4453.83,4449.28,4450.59,1190.0
2026-05-28 02:45:00,4450.6,4450.6,4443.64,4447.02,1623.0
2026-05-28 03:00:00,4446.83,4452.41,4444.07,4444.52,1990.0
2026-05-28 03:15:00,4444.54,4453.75,4443.86,4446.21,1942.0
2026-05-28 03:30:00,4446.22,4453.08,4443.74,4451.97,1904.0
2026-05-28 03:45:00,4452.23,4457.5,4450.59,4456.97,1768.0
2026-05-28 04:00:00,4456.96,4458.56,4437.78,4438.11,3007.0
2026-05-28 04:15:00,4438.04,4440.3,4417.23,4419.17,2941.0
2026-05-28 04:30:00,4419.06,4426.44,4415.9,4417.67,2850.0
2026-05-28 04:45:00,4417.59,4420.34,4406.92,4409.94,2860.0
2026-05-28 05:00:00,4409.91,4412.53,4396.46,4402.52,2903.0
2026-05-28 05:15:00,4402.59,4408.17,4399.86,4406.1,2149.0
2026-05-28 05:30:00,4406.07,4410.26,4400.62,4401.99,2266.0
2026-05-28 05:45:00,4401.93,4402.15,4392.59,4394.4,2438.0
2026-05-28 06:00:00,4394.29,4397.71,4390.21,4394.12,2375.0
2026-05-28 06:15:00,4394.0,4394.48,4382.15,4387.6,2679.0
2026-05-28 06:30:00,4387.51,4387.86,4370.91,4376.7,2872.0
2026-05-28 06:45:00,4376.63,4379.17,4368.46,4374.7,2424.0
2026-05-28 07:00:00,4374.69,4381.91,4369.5,4376.28,2407.0
2026-05-28 07:15:00,4376.29,4376.93,4366.54,4368.38,2306.0
2026-05-28 07:30:00,4368.36,4375.05,4368.35,4373.97,2026.0
2026-05-28 07:45:00,4373.73,4375.13,4368.17,4372.9,2119.0
2026-05-28 08:00:00,4373.03,4377.21,4367.23,4375.28,2157.0
2026-05-28 08:15:00,4375.24,4379.82,4371.7,4378.58,1942.0
2026-05-28 08:30:00,4378.83,4393.41,4375.21,4389.41,2819.0
2026-05-28 08:45:00,4389.6,4395.71,4387.59,4387.82,2435.0
2026-05-28 09:00:00,4387.87,4390.47,4374.66,4375.89,2584.0
2026-05-28 09:15:00,4375.99,4384.64,4374.1,4380.28,2229.0
2026-05-28 09:30:00,4380.14,4385.3,4376.86,4380.37,2121.0
2026-05-28 09:45:00,4380.27,4384.52,4379.16,4383.4,1887.0
2026-05-28 10:00:00,4383.54,4392.15,4383.54,4388.73,2223.0
2026-05-28 10:15:00,4388.81,4396.03,4386.3,4392.57,2074.0
2026-05-28 10:30:00,4392.62,4393.66,4385.37,4389.27,1964.0
2026-05-28 10:45:00,4389.31,4390.89,4382.8,4387.44,1974.0
2026-05-28 11:00:00,4387.43,4394.83,4386.44,4393.16,2161.0
2026-05-28 11:15:00,4393.14,4394.4,4387.53,4389.67,1848.0
2026-05-28 11:30:00,4389.62,4394.84,4386.19,4389.9,1797.0
2026-05-28 11:45:00,4389.89,4391.69,4385.85,4386.93,1666.0
2026-05-28 12:00:00,4386.86,4390.85,4386.39,4389.23,1898.0
2026-05-28 12:15:00,4389.18,4398.97,4388.53,4396.35,2000.0
2026-05-28 12:30:00,4396.13,4396.8,4390.12,4391.06,2067.0
2026-05-28 12:45:00,4391.19,4396.2,4389.64,4393.55,1813.0
2026-05-28 13:00:00,4393.7,4404.0,4391.52,4399.29,1880.0
2026-05-28 13:15:00,4399.46,4402.18,4393.75,4401.15,1728.0
2026-05-28 13:30:00,4401.12,4402.37,4388.01,4388.99,1931.0
2026-05-28 13:45:00,4388.85,4388.85,4375.27,4383.02,2859.0
2026-05-28 14:00:00,4382.96,4389.19,4381.47,4386.95,2217.0
2026-05-28 14:15:00,4386.69,4390.48,4384.4,4384.87,1792.0
2026-05-28 14:30:00,4384.98,4390.25,4381.14,4385.77,2091.0
2026-05-28 14:45:00,4385.74,4388.36,4381.0,4387.84,2157.0
2026-05-28 15:00:00,4388.04,4392.7,4388.0,4392.57,2116.0
2026-05-28 15:15:00,4392.56,4392.78,4379.62,4385.45,2226.0
2026-05-28 15:30:00,4385.47,4402.99,4384.15,4402.04,3126.0
2026-05-28 15:45:00,4402.28,4433.56,4401.65,4432.06,3191.0
2026-05-28 16:00:00,4432.1,4438.93,4425.06,4426.64,3512.0
2026-05-28 16:15:00,4426.91,4434.19,4425.74,4428.23,2681.0
2026-05-28 16:30:00,4428.32,4430.74,4418.23,4421.97,3424.0
2026-05-28 16:45:00,4422.0,4434.15,4421.62,4430.33,3244.0
2026-05-28 17:00:00,4429.97,4467.15,4420.84,4464.13,3709.0
2026-05-28 17:15:00,4464.16,4473.38,4451.7,4461.03,4395.0
2026-05-28 17:30:00,4461.06,4471.38,4452.93,4468.91,3748.0
2026-05-28 17:45:00,4468.81,4480.22,4461.92,4469.2,3781.0
2026-05-28 18:00:00,4469.72,4480.52,4468.68,4471.32,3254.0
2026-05-28 18:15:00,4471.53,4481.99,4469.17,4476.69,2830.0
2026-05-28 18:30:00,4476.78,4484.59,4476.78,4479.28,2766.0
2026-05-28 18:45:00,4479.31,4482.26,4478.54,4482.13,2194.0
2026-05-28 19:00:00,4482.16,4485.67,4477.68,4484.28,2424.0
2026-05-28 19:15:00,4484.36,4502.73,4483.91,4500.4,3134.0
2026-05-28 19:30:00,4500.55,4506.3,4497.6,4504.29,2478.0
2026-05-28 19:45:00,4504.21,4510.97,4504.21,4510.91,2489.0
2026-05-28 20:00:00,4511.09,4514.36,4503.52,4503.82,2494.0
2026-05-28 20:15:00,4503.85,4506.76,4501.14,4501.96,2468.0
2026-05-28 20:30:00,4502.0,4507.02,4502.0,4504.94,1782.0
2026-05-28 20:45:00,4504.95,4509.82,4504.63,4508.82,1861.0
2026-05-28 21:00:00,4508.89,4516.41,4506.21,4507.6,2262.0
2026-05-28 21:15:00,4507.63,4512.4,4505.34,4506.16,2157.0
2026-05-28 21:30:00,4506.24,4506.31,4500.88,4501.67,1980.0
2026-05-28 21:45:00,4501.64,4503.52,4498.44,4500.91,1769.0
2026-05-28 22:00:00,4501.12,4503.62,4498.55,4499.48,1593.0
2026-05-28 22:15:00,4499.46,4502.84,4499.46,4499.66,1323.0
2026-05-28 22:30:00,4499.74,4501.72,4498.85,4499.14,1430.0
2026-05-28 22:45:00,4499.17,4500.36,4497.15,4497.79,1748.0
2026-05-28 23:00:00,4497.66,4498.56,4494.86,4497.04,1277.0
2026-05-28 23:15:00,4496.93,4500.57,4496.28,4499.22,942.0
2026-05-28 23:30:00,4499.18,4500.57,4494.8,4495.43,868.0
2026-05-28 23:45:00,4495.49,4496.44,4494.64,4496.25,722.0
2026-05-29 01:00:00,4499.53,4499.61,4491.63,4493.67,1191.0
2026-05-29 01:15:00,4493.7,4496.43,4492.74,4495.72,686.0
2026-05-29 01:30:00,4495.74,4496.43,4492.94,4495.42,805.0
2026-05-29 01:45:00,4495.54,4496.06,4490.91,4491.18,703.0
2026-05-29 02:00:00,4491.17,4495.65,4491.08,4494.64,995.0
2026-05-29 02:15:00,4494.68,4496.94,4491.75,4492.23,756.0
2026-05-29 02:30:00,4492.07,4494.49,4489.07,4489.85,1122.0
2026-05-29 02:45:00,4489.92,4496.18,4488.99,4495.06,1258.0
2026-05-29 03:00:00,4495.18,4498.09,4492.05,4497.3,2234.0
2026-05-29 03:15:00,4497.31,4500.34,4495.49,4499.92,1775.0
2026-05-29 03:30:00,4499.81,4500.32,4493.2,4498.2,1669.0
2026-05-29 03:45:00,4497.86,4498.13,4493.13,4495.98,1504.0
2026-05-29 04:00:00,4496.15,4515.22,4492.48,4514.84,3073.0
2026-05-29 04:15:00,4514.8,4520.61,4505.18,4505.34,2538.0
2026-05-29 04:30:00,4505.27,4508.35,4502.38,4506.39,2333.0
2026-05-29 04:45:00,4506.33,4507.56,4500.98,4506.38,1930.0
2026-05-29 05:00:00,4506.27,4511.04,4504.01,4506.74,1967.0
2026-05-29 05:15:00,4506.85,4508.78,4501.79,4503.03,1372.0
2026-05-29 05:30:00,4503.09,4507.82,4498.34,4505.03,1797.0
2026-05-29 05:45:00,4505.08,4508.05,4501.22,4501.73,1760.0
2026-05-29 06:00:00,4501.69,4501.88,4494.91,4496.3,2170.0
2026-05-29 06:15:00,4496.32,4499.13,4495.1,4496.72,1845.0
2026-05-29 06:30:00,4496.75,4499.03,4494.81,4498.1,1411.0
2026-05-29 06:45:00,4498.06,4501.53,4496.35,4501.2,1424.0
2026-05-29 07:00:00,4501.08,4505.21,4500.97,4502.25,1313.0
2026-05-29 07:15:00,4502.1,4511.67,4501.88,4509.11,1574.0
2026-05-29 07:30:00,4509.06,4510.77,4508.41,4510.53,1275.0
2026-05-29 07:45:00,4510.57,4514.63,4508.2,4514.05,1271.0
2026-05-29 08:00:00,4514.02,4515.28,4508.86,4511.91,1209.0
2026-05-29 08:15:00,4511.76,4512.13,4509.34,4509.82,1125.0
2026-05-29 08:30:00,4509.69,4512.69,4502.6,4506.59,2146.0
2026-05-29 08:45:00,4506.58,4515.66,4503.9,4514.78,1939.0
2026-05-29 09:00:00,4514.84,4522.25,4511.02,4515.62,2402.0
2026-05-29 09:15:00,4515.5,4521.38,4509.99,4516.51,2199.0
2026-05-29 09:30:00,4516.55,4520.61,4511.3,4516.57,2145.0
2026-05-29 09:45:00,4516.58,4523.93,4515.22,4523.52,1954.0
2026-05-29 10:00:00,4523.31,4523.77,4515.89,4516.24,2041.0
2026-05-29 10:15:00,4516.16,4517.03,4510.7,4513.98,1850.0
2026-05-29 10:30:00,4514.05,4525.91,4512.79,4525.33,2297.0
2026-05-29 10:45:00,4525.18,4526.01,4522.13,4524.64,1583.0
2026-05-29 11:00:00,4524.54,4524.69,4514.07,4515.16,2023.0
2026-05-29 11:15:00,4514.96,4517.89,4512.56,4516.99,1884.0
2026-05-29 11:30:00,4516.97,4517.93,4513.85,4514.95,1468.0
2026-05-29 11:45:00,4514.85,4515.85,4509.92,4514.8,1626.0
2026-05-29 12:00:00,4514.88,4530.22,4513.3,4529.0,2028.0
2026-05-29 12:15:00,4529.01,4532.05,4522.1,4528.8,2009.0
2026-05-29 12:30:00,4528.68,4532.51,4524.72,4532.36,1819.0
2026-05-29 12:45:00,4532.38,4539.56,4529.63,4531.01,2023.0
2026-05-29 13:00:00,4530.92,4530.92,4525.46,4528.38,1650.0
2026-05-29 13:15:00,4528.27,4530.81,4525.67,4530.38,1507.0
2026-05-29 13:30:00,4530.39,4543.14,4530.31,4537.85,1949.0
2026-05-29 13:45:00,4537.87,4540.9,4535.34,4538.42,1748.0
2026-05-29 14:00:00,4538.41,4540.3,4530.78,4532.25,1742.0
2026-05-29 14:15:00,4532.32,4534.27,4526.8,4527.96,1825.0
2026-05-29 14:30:00,4527.97,4531.33,4525.8,4530.96,1625.0
2026-05-29 14:45:00,4531.05,4538.74,4527.32,4538.3,1951.0
2026-05-29 15:00:00,4538.44,4538.45,4526.91,4528.29,2152.0
2026-05-29 15:15:00,4528.21,4531.76,4520.01,4522.24,2189.0
2026-05-29 15:30:00,4522.34,4523.36,4512.8,4514.24,2592.0
2026-05-29 15:45:00,4514.15,4523.96,4512.68,4522.92,2351.0
2026-05-29 16:00:00,4523.01,4526.75,4517.13,4522.61,2766.0
2026-05-29 16:15:00,4522.7,4529.08,4521.19,4527.93,2369.0
2026-05-29 16:30:00,4528.09,4535.34,4522.27,4532.94,3111.0
2026-05-29 16:45:00,4532.8,4540.6,4529.43,4536.75,3015.0
2026-05-29 17:00:00,4536.88,4552.56,4535.09,4543.84,3334.0
2026-05-29 17:15:00,4543.87,4544.94,4526.2,4529.78,3314.0
2026-05-29 17:30:00,4529.65,4541.75,4525.42,4540.23,3243.0
2026-05-29 17:45:00,4540.24,4570.3,4536.92,4564.18,3774.0
2026-05-29 18:00:00,4564.05,4595.13,4564.05,4590.01,4079.0
2026-05-29 18:15:00,4589.93,4591.25,4578.06,4578.4,3369.0
2026-05-29 18:30:00,4578.5,4583.15,4561.43,4566.47,3390.0
2026-05-29 18:45:00,4566.45,4571.41,4557.72,4571.02,2968.0
2026-05-29 19:00:00,4571.05,4572.07,4560.06,4563.47,2422.0
2026-05-29 19:15:00,4563.5,4567.52,4560.34,4562.96,2253.0
2026-05-29 19:30:00,4562.88,4573.27,4561.87,4569.43,2480.0
2026-05-29 19:45:00,4569.28,4569.28,4560.82,4566.82,2186.0
2026-05-29 20:00:00,4566.91,4568.42,4563.31,4564.0,1882.0
2026-05-29 20:15:00,4564.04,4566.73,4560.84,4561.79,2221.0
2026-05-29 20:30:00,4562.01,4562.23,4553.23,4554.07,2193.0
2026-05-29 20:45:00,4554.08,4557.53,4551.59,4553.35,2026.0
2026-05-29 21:00:00,4553.22,4558.64,4552.48,4558.0,1961.0
2026-05-29 21:15:00,4557.96,4560.3,4555.6,4559.28,1717.0
2026-05-29 21:30:00,4559.29,4561.55,4557.51,4557.92,1354.0
2026-05-29 21:45:00,4557.69,4557.71,4551.11,4553.14,2178.0
2026-05-29 22:00:00,4553.24,4560.1,4552.3,4558.37,1600.0
2026-05-29 22:15:00,4558.35,4559.01,4554.56,4555.16,1373.0
2026-05-29 22:30:00,4555.05,4556.27,4551.22,4551.4,1552.0
2026-05-29 22:45:00,4551.41,4551.47,4542.87,4545.4,2155.0
2026-05-29 23:00:00,4545.47,4548.99,4542.77,4548.7,1551.0
2026-05-29 23:15:00,4548.69,4548.73,4542.4,4542.62,1047.0
2026-05-29 23:30:00,4542.45,4543.97,4541.21,4543.5,885.0
2026-05-29 23:45:00,4543.3,4543.35,4539.46,4539.64,540.0
2026-06-01 01:00:00,4542.41,4542.41,4517.61,4534.6,2280.0
2026-06-01 01:15:00,4534.59,4536.44,4531.29,4533.08,1616.0
2026-06-01 01:30:00,4532.75,4536.49,4530.84,4535.53,1203.0
2026-06-01 01:45:00,4535.56,4540.3,4534.7,4535.19,1153.0
2026-06-01 02:00:00,4535.41,4543.07,4534.99,4542.42,1001.0
2026-06-01 02:15:00,4542.51,4545.07,4540.03,4544.81,1065.0
2026-06-01 02:30:00,4544.85,4545.62,4538.48,4541.78,1222.0
2026-06-01 02:45:00,4541.81,4544.56,4538.44,4539.47,1404.0
2026-06-01 03:00:00,4539.01,4545.8,4537.31,4540.67,1798.0
2026-06-01 03:15:00,4540.56,4544.33,4537.76,4543.09,1520.0
2026-06-01 03:30:00,4543.04,4544.88,4535.26,4535.89,1650.0
2026-06-01 03:45:00,4535.9,4542.67,4535.9,4540.59,1632.0
2026-06-01 04:00:00,4540.73,4541.05,4525.86,4533.84,2749.0
2026-06-01 04:15:00,4533.85,4536.47,4527.84,4528.67,2165.0
2026-06-01 04:30:00,4528.7,4533.71,4526.94,4533.1,2256.0
2026-06-01 04:45:00,4533.05,4533.58,4523.68,4525.41,2125.0
2026-06-01 05:00:00,4525.37,4533.84,4524.24,4532.01,2013.0
2026-06-01 05:15:00,4532.03,4534.49,4529.22,4530.3,1314.0
2026-06-01 05:30:00,4530.28,4530.95,4522.25,4522.72,2089.0
2026-06-01 05:45:00,4522.81,4524.92,4521.04,4521.33,1870.0
2026-06-01 06:00:00,4521.16,4525.4,4515.51,4518.78,1905.0
2026-06-01 06:15:00,4518.73,4521.28,4513.79,4520.36,1620.0
2026-06-01 06:30:00,4520.4,4523.95,4509.78,4510.57,1433.0
2026-06-01 06:45:00,4510.58,4516.21,4509.77,4516.21,1233.0
2026-06-01 07:00:00,4516.22,4519.54,4512.42,4514.56,1172.0
2026-06-01 07:15:00,4514.58,4518.37,4514.58,4515.74,982.0
2026-06-01 07:30:00,4515.75,4517.21,4513.46,4514.51,1120.0
2026-06-01 07:45:00,4514.52,4514.96,4508.62,4514.26,1314.0
2026-06-01 08:00:00,4514.3,4519.19,4513.48,4518.05,1343.0
2026-06-01 08:15:00,4518.16,4523.4,4517.42,4520.36,1294.0
2026-06-01 08:30:00,4520.57,4521.89,4512.68,4519.72,2236.0
2026-06-01 08:45:00,4519.69,4524.91,4517.04,4518.12,1955.0
2026-06-01 09:00:00,4518.1,4518.59,4512.48,4513.99,2196.0
2026-06-01 09:15:00,4513.9,4515.81,4504.89,4513.9,2189.0
2026-06-01 09:30:00,4514.24,4514.65,4501.71,4504.49,2203.0
2026-06-01 09:45:00,4504.43,4504.65,4500.15,4501.56,2182.0
2026-06-01 10:00:00,4501.46,4509.82,4500.59,4507.11,2151.0
2026-06-01 10:15:00,4507.12,4508.19,4503.23,4503.8,1641.0
2026-06-01 10:30:00,4503.82,4507.63,4497.84,4498.05,1795.0
2026-06-01 10:45:00,4498.02,4503.01,4492.41,4502.98,2079.0
2026-06-01 11:00:00,4503.0,4504.42,4493.53,4495.58,1867.0
2026-06-01 11:15:00,4495.52,4496.67,4490.59,4495.88,1587.0
2026-06-01 11:30:00,4495.87,4500.38,4492.53,4500.06,1339.0
2026-06-01 11:45:00,4499.72,4502.53,4495.48,4497.95,1704.0
2026-06-01 12:00:00,4497.82,4500.67,4497.64,4499.46,1610.0
2026-06-01 12:15:00,4499.56,4506.25,4496.38,4496.38,1854.0
2026-06-01 12:30:00,4496.37,4499.15,4489.39,4498.26,2178.0
2026-06-01 12:45:00,4498.13,4498.41,4493.9,4495.91,1615.0
2026-06-01 13:00:00,4496.1,4502.04,4496.1,4501.41,1336.0
2026-06-01 13:15:00,4501.48,4503.42,4496.18,4500.8,1323.0
2026-06-01 13:30:00,4500.87,4507.32,4500.42,4505.7,1457.0
2026-06-01 13:45:00,4505.81,4510.82,4502.53,4503.86,1720.0
2026-06-01 14:00:00,4503.84,4506.55,4499.77,4504.84,1700.0
2026-06-01 14:15:00,4504.89,4512.78,4504.09,4510.59,1595.0
2026-06-01 14:30:00,4510.54,4512.2,4506.14,4507.08,1485.0
2026-06-01 14:45:00,4507.05,4509.6,4505.35,4505.79,1468.0
2026-06-01 15:00:00,4505.45,4509.45,4502.92,4503.16,1753.0
2026-06-01 15:15:00,4503.17,4507.53,4497.42,4505.41,2146.0
2026-06-01 15:30:00,4505.44,4508.13,4497.62,4507.37,2138.0
2026-06-01 15:45:00,4507.28,4510.28,4498.5,4501.82,2249.0
2026-06-01 16:00:00,4501.99,4503.74,4472.28,4484.01,3481.0
2026-06-01 16:15:00,4484.12,4489.49,4462.35,4464.97,4214.0
2026-06-01 16:30:00,4464.84,4478.61,4458.98,4467.2,4201.0
2026-06-01 16:45:00,4467.06,4469.41,4448.78,4450.2,3822.0
2026-06-01 17:00:00,4450.0,4462.0,4447.05,4461.08,3812.0
2026-06-01 17:15:00,4460.95,4464.47,4449.66,4456.15,3394.0
2026-06-01 17:30:00,4456.04,4461.37,4453.71,4459.78,2960.0
2026-06-01 17:45:00,4459.72,4461.12,4452.11,4458.54,2786.0
2026-06-01 18:00:00,4458.78,4465.23,4455.41,4464.08,2801.0
2026-06-01 18:15:00,4464.17,4470.2,4463.15,4468.27,2451.0
2026-06-01 18:30:00,4468.12,4479.56,4468.12,4472.1,3166.0
2026-06-01 18:45:00,4472.19,4475.13,4468.6,4474.04,2251.0
2026-06-01 19:00:00,4474.02,4478.31,4465.13,4467.13,2178.0
2026-06-01 19:15:00,4467.02,4469.21,4463.11,4467.89,1808.0
2026-06-01 19:30:00,4467.92,4471.63,4467.71,4467.97,1878.0
2026-06-01 19:45:00,4467.91,4482.0,4467.34,4480.0,2333.0
2026-06-01 20:00:00,4480.12,4480.84,4471.41,4474.91,2053.0
2026-06-01 20:15:00,4474.89,4482.71,4472.3,4482.69,1609.0
2026-06-01 20:30:00,4482.81,4491.46,4480.43,4491.46,2891.0
2026-06-01 20:45:00,4491.45,4495.31,4487.39,4487.43,2341.0
2026-06-01 21:00:00,4487.45,4490.08,4486.18,4488.51,1435.0
2026-06-01 21:15:00,4488.45,4489.97,4486.39,4486.56,1228.0
2026-06-01 21:30:00,4486.72,4488.0,4484.78,4487.79,1139.0
2026-06-01 21:45:00,4487.76,4488.49,4486.45,4486.6,1101.0
2026-06-01 22:00:00,4486.41,4488.09,4484.73,4485.26,1339.0
2026-06-01 22:15:00,4485.27,4486.37,4484.22,4484.55,1155.0
2026-06-01 22:30:00,4484.56,4485.54,4482.95,4483.33,1244.0
2026-06-01 22:45:00,4483.29,4484.15,4478.97,4480.98,1766.0
2026-06-01 23:00:00,4481.06,4484.18,4480.06,4483.37,1053.0
2026-06-01 23:15:00,4483.36,4484.2,4482.03,4483.05,659.0
2026-06-01 23:30:00,4483.08,4484.61,4482.02,4482.46,688.0
2026-06-01 23:45:00,4482.34,4485.64,4482.32,4483.94,437.0
2026-06-02 01:00:00,4477.45,4488.31,4477.45,4484.48,1049.0
2026-06-02 01:15:00,4484.1,4485.22,4481.07,4481.42,862.0
2026-06-02 01:30:00,4481.41,4483.59,4479.63,4481.51,785.0
2026-06-02 01:45:00,4481.49,4486.51,4481.38,4485.56,849.0
2026-06-02 02:00:00,4485.43,4487.65,4481.57,4486.09,845.0
2026-06-02 02:15:00,4486.08,4488.06,4485.32,4487.14,601.0
2026-06-02 02:30:00,4487.18,4487.34,4480.54,4483.39,898.0
2026-06-02 02:45:00,4483.3,4485.74,4479.27,4484.35,1125.0
2026-06-02 03:00:00,4484.65,4485.15,4476.63,4481.11,2124.0
2026-06-02 03:15:00,4480.98,4493.67,4480.94,4493.67,1978.0
2026-06-02 03:30:00,4493.6,4497.09,4484.88,4487.05,1911.0
2026-06-02 03:45:00,4486.99,4487.62,4480.71,4481.33,1654.0
2026-06-02 04:00:00,4480.87,4491.86,4473.7,4489.91,3147.0
2026-06-02 04:15:00,4489.86,4492.26,4480.96,4486.22,2820.0
2026-06-02 04:30:00,4486.07,4489.34,4479.45,4479.81,2483.0
2026-06-02 04:45:00,4479.63,4482.16,4462.68,4474.0,2872.0
2026-06-02 05:00:00,4473.89,4480.89,4472.07,4480.44,2504.0
2026-06-02 05:15:00,4480.46,4484.71,4478.63,4481.82,1741.0
2026-06-02 05:30:00,4481.95,4485.49,4474.39,4476.45,2171.0
2026-06-02 05:45:00,4476.6,4486.47,4473.53,4485.79,1625.0
2026-06-02 06:00:00,4485.82,4492.57,4485.6,4488.2,1807.0
2026-06-02 06:15:00,4488.08,4497.28,4485.56,4495.09,1750.0
2026-06-02 06:30:00,4495.0,4499.2,4493.04,4497.11,1826.0
2026-06-02 06:45:00,4496.78,4499.25,4495.26,4499.2,1135.0
2026-06-02 07:00:00,4499.21,4505.3,4497.66,4504.54,1405.0
2026-06-02 07:15:00,4504.5,4510.05,4504.1,4504.45,1539.0
2026-06-02 07:30:00,4504.42,4510.85,4503.42,4510.16,1393.0
2026-06-02 07:45:00,4510.05,4518.08,4509.7,4517.23,1332.0
2026-06-02 08:00:00,4517.19,4518.61,4515.08,4518.57,1313.0
2026-06-02 08:15:00,4518.59,4521.7,4516.62,4519.55,1690.0
2026-06-02 08:30:00,4519.68,4528.03,4519.56,4524.36,2651.0
2026-06-02 08:45:00,4524.79,4526.1,4516.1,4516.92,1789.0
2026-06-02 09:00:00,4516.94,4524.71,4516.84,4518.9,2065.0
2026-06-02 09:15:00,4518.91,4533.85,4517.97,4533.09,2315.0
2026-06-02 09:30:00,4533.08,4537.83,4531.73,4532.66,2069.0
2026-06-02 09:45:00,4532.65,4536.69,4531.85,4535.67,1585.0
2026-06-02 10:00:00,4535.44,4541.36,4533.17,4539.88,1916.0
2026-06-02 10:15:00,4539.74,4540.47,4533.24,4533.95,1689.0
2026-06-02 10:30:00,4533.91,4535.22,4531.04,4531.75,1490.0
2026-06-02 10:45:00,4531.74,4535.38,4527.78,4534.96,1783.0
2026-06-02 11:00:00,4535.17,4539.07,4533.05,4534.72,2054.0
2026-06-02 11:15:00,4534.85,4535.35,4529.81,4531.06,1904.0
2026-06-02 11:30:00,4530.95,4533.24,4528.13,4528.67,1650.0
2026-06-02 11:45:00,4528.52,4529.96,4525.87,4526.6,1415.0
2026-06-02 12:00:00,4526.68,4534.19,4525.2,4533.86,1650.0
2026-06-02 12:15:00,4533.83,4535.61,4525.18,4526.71,1790.0
2026-06-02 12:30:00,4526.69,4527.28,4521.37,4525.52,1934.0
2026-06-02 12:45:00,4525.43,4531.48,4525.0,4529.82,1404.0
2026-06-02 13:00:00,4529.87,4531.6,4527.68,4528.95,1385.0
2026-06-02 13:15:00,4528.91,4529.52,4524.54,4528.27,1275.0
2026-06-02 13:30:00,4528.28,4528.66,4525.34,4528.66,932.0
2026-06-02 13:45:00,4528.67,4533.84,4528.67,4533.04,1245.0
2026-06-02 14:00:00,4533.06,4534.5,4528.6,4528.72,1422.0
2026-06-02 14:15:00,4528.73,4529.52,4526.49,4529.43,1353.0
2026-06-02 14:30:00,4529.82,4530.6,4526.07,4526.75,1351.0
2026-06-02 14:45:00,4526.76,4530.41,4525.47,4527.33,1325.0
2026-06-02 15:00:00,4527.43,4528.58,4524.82,4526.22,1525.0
2026-06-02 15:15:00,4526.23,4534.03,4523.95,4529.21,1967.0
2026-06-02 15:30:00,4529.07,4533.5,4521.64,4524.76,2273.0
2026-06-02 15:45:00,4524.74,4525.83,4513.4,4514.4,2230.0
2026-06-02 16:00:00,4514.65,4524.69,4511.94,4513.9,2978.0
2026-06-02 16:15:00,4513.91,4517.03,4509.88,4510.71,2519.0
2026-06-02 16:30:00,4510.6,4514.29,4506.21,4508.3,3296.0
2026-06-02 16:45:00,4508.31,4513.71,4502.69,4502.69,2891.0
2026-06-02 17:00:00,4502.53,4506.9,4495.39,4504.17,3066.0
2026-06-02 17:15:00,4504.14,4505.0,4490.34,4495.47,3227.0
2026-06-02 17:30:00,4495.6,4505.24,4495.5,4504.33,2554.0
2026-06-02 17:45:00,4504.27,4506.21,4500.83,4503.96,2170.0
2026-06-02 18:00:00,4504.13,4507.99,4501.5,4503.31,2108.0
2026-06-02 18:15:00,4503.28,4506.1,4501.43,4505.29,1987.0
2026-06-02 18:30:00,4505.43,4508.39,4500.05,4502.28,2184.0
2026-06-02 18:45:00,4502.36,4506.91,4501.01,4501.98,1867.0
2026-06-02 19:00:00,4502.22,4502.74,4498.02,4498.11,1987.0
2026-06-02 19:15:00,4498.05,4498.31,4490.27,4490.27,2087.0
2026-06-02 19:30:00,4490.26,4491.31,4486.25,4489.69,2023.0
2026-06-02 19:45:00,4489.65,4491.79,4489.07,4491.79,1605.0
2026-06-02 20:00:00,4491.8,4492.97,4486.65,4489.48,1918.0
2026-06-02 20:15:00,4489.49,4491.59,4486.4,4491.1,1970.0
2026-06-02 20:30:00,4491.01,4491.55,4482.06,4484.43,1983.0
2026-06-02 20:45:00,4484.41,4486.41,4482.68,4484.5,1437.0
2026-06-02 21:00:00,4484.59,4488.48,4484.24,4485.07,1457.0
2026-06-02 21:15:00,4485.01,4490.79,4483.95,4488.31,1625.0
2026-06-02 21:30:00,4488.32,4489.21,4478.66,4480.43,1608.0
2026-06-02 21:45:00,4480.61,4490.43,4480.17,4487.28,1399.0
2026-06-02 22:00:00,4487.36,4489.04,4487.13,4487.27,1145.0
2026-06-02 22:15:00,4487.23,4489.47,4485.65,4489.46,1144.0
2026-06-02 22:30:00,4489.38,4490.19,4483.36,4487.26,1342.0
2026-06-02 22:45:00,4487.27,4488.5,4485.55,4488.02,1404.0
2026-06-02 23:00:00,4488.03,4489.83,4486.18,4489.79,836.0
2026-06-02 23:15:00,4489.75,4490.92,4488.53,4489.68,623.0
2026-06-02 23:30:00,4489.78,4490.93,4488.78,4488.91,605.0
2026-06-02 23:45:00,4488.81,4489.95,4486.79,4488.13,624.0
2026-06-03 01:00:00,4487.62,4493.13,4485.79,4489.5,1183.0
2026-06-03 01:15:00,4489.46,4491.41,4487.59,4490.13,1054.0
2026-06-03 01:30:00,4489.89,4491.11,4487.18,4488.86,869.0
2026-06-03 01:45:00,4488.9,4492.13,4484.23,4484.79,1455.0
2026-06-03 02:00:00,4484.88,4488.67,4474.41,4477.42,1752.0
2026-06-03 02:15:00,4477.39,4477.39,4461.94,4467.46,2316.0
2026-06-03 02:30:00,4467.48,4474.77,4462.5,4474.73,2345.0
2026-06-03 02:45:00,4474.79,4475.04,4469.01,4474.38,1629.0
2026-06-03 03:00:00,4474.27,4479.72,4473.79,4475.92,1844.0
2026-06-03 03:15:00,4475.91,4483.18,4474.36,4483.1,1378.0
2026-06-03 03:30:00,4483.27,4496.59,4481.24,4495.77,1789.0
2026-06-03 03:45:00,4495.8,4495.9,4485.93,4486.12,1529.0
2026-06-03 04:00:00,4485.92,4487.32,4467.24,4471.26,3255.0
2026-06-03 04:15:00,4471.29,4472.65,4463.62,4467.13,2568.0
2026-06-03 04:30:00,4467.27,4472.96,4464.82,4470.39,2324.0
2026-06-03 04:45:00,4470.37,4477.06,4470.1,4475.67,1826.0
2026-06-03 05:00:00,4475.97,4481.4,4472.76,4480.53,1759.0
2026-06-03 05:15:00,4480.5,4480.85,4474.05,4478.8,1392.0
2026-06-03 05:30:00,4478.82,4485.08,4474.82,4479.08,1726.0
2026-06-03 05:45:00,4478.92,4481.92,4472.95,4481.82,1759.0
2026-06-03 06:00:00,4481.85,4487.47,4481.7,4485.35,1483.0
2026-06-03 06:15:00,4485.47,4487.15,4483.03,4483.36,1221.0
2026-06-03 06:30:00,4483.33,4485.73,4483.02,4484.35,786.0
2026-06-03 06:45:00,4484.38,4486.18,4482.43,4484.32,911.0
2026-06-03 07:00:00,4484.47,4486.87,4483.92,4486.76,906.0
2026-06-03 07:15:00,4486.79,4488.05,4477.03,4477.03,888.0
2026-06-03 07:30:00,4476.95,4477.26,4470.79,4473.32,1010.0
2026-06-03 07:45:00,4473.21,4473.91,4468.27,4469.34,986.0
2026-06-03 08:00:00,4469.33,4473.5,4467.32,4473.21,1487.0
2026-06-03 08:15:00,4473.2,4474.1,4466.03,4468.16,1361.0
2026-06-03 08:30:00,4468.44,4468.8,4458.99,4461.89,2271.0
2026-06-03 08:45:00,4461.82,4468.1,4456.57,4456.97,2087.0
2026-06-03 09:00:00,4456.99,4467.59,4456.87,4466.04,2631.0
2026-06-03 09:15:00,4466.05,4470.8,4458.91,4462.52,2393.0
2026-06-03 09:30:00,4462.43,4464.92,4457.13,4460.47,2470.0
2026-06-03 09:45:00,4460.39,4463.02,4455.21,4462.91,2032.0
2026-06-03 10:00:00,4462.76,4472.07,4459.86,4469.47,2297.0
2026-06-03 10:15:00,4469.48,4469.83,4456.12,4456.12,1911.0
2026-06-03 10:30:00,4456.13,4463.2,4454.25,4458.59,2118.0
2026-06-03 10:45:00,4458.84,4463.79,4452.61,4453.17,1850.0
2026-06-03 11:00:00,4453.18,4459.35,4450.61,4455.33,1972.0
2026-06-03 11:15:00,4455.42,4457.43,4450.6,4457.26,2009.0
2026-06-03 11:30:00,4457.29,4458.76,4454.31,4456.33,1840.0
2026-06-03 11:45:00,4456.35,4457.81,4439.8,4443.87,2221.0
2026-06-03 12:00:00,4443.76,4458.87,4441.7,4451.28,2103.0
2026-06-03 12:15:00,4451.08,4451.79,4439.41,4439.74,2111.0
2026-06-03 12:30:00,4440.0,4448.4,4438.88,4446.73,1931.0
2026-06-03 12:45:00,4446.56,4447.85,4440.93,4443.0,1649.0
2026-06-03 13:00:00,4442.99,4467.12,4440.85,4462.91,3051.0
2026-06-03 13:15:00,4462.92,4464.17,4453.65,4459.96,2489.0
2026-06-03 13:30:00,4459.9,4462.26,4453.21,4454.04,1676.0
2026-06-03 13:45:00,4454.09,4460.99,4453.76,4458.9,1545.0
2026-06-03 14:00:00,4459.41,4468.03,4459.06,4461.93,2085.0
2026-06-03 14:15:00,4461.94,4465.68,4459.08,4464.45,1756.0
2026-06-03 14:30:00,4464.35,4466.95,4459.41,4460.19,1635.0
2026-06-03 14:45:00,4460.28,4464.79,4458.44,4462.31,1742.0
2026-06-03 15:00:00,4462.41,4464.36,4457.14,4458.94,1983.0
2026-06-03 15:15:00,4458.98,4462.27,4451.87,4452.66,2297.0
2026-06-03 15:30:00,4453.16,4460.46,4448.15,4458.92,2551.0
2026-06-03 15:45:00,4458.78,4467.07,4455.41,4460.32,2576.0
2026-06-03 16:00:00,4460.2,4465.64,4457.94,4462.21,2797.0
2026-06-03 16:15:00,4462.46,4463.14,4445.87,4448.5,2707.0
2026-06-03 16:30:00,4448.64,4453.08,4427.18,4427.18,3484.0
2026-06-03 16:45:00,4426.88,4450.02,4426.24,4444.84,3579.0
2026-06-03 17:00:00,4444.01,4456.55,4442.33,4454.38,3609.0
2026-06-03 17:15:00,4454.39,4458.48,4445.83,4451.89,3332.0
2026-06-03 17:30:00,4451.72,4453.2,4447.03,4448.1,3007.0
2026-06-03 17:45:00,4448.12,4459.41,4447.89,4457.08,2730.0
2026-06-03 18:00:00,4457.11,4458.23,4444.92,4445.74,2688.0
2026-06-03 18:15:00,4445.89,4450.87,4439.37,4444.83,3042.0
2026-06-03 18:30:00,4444.6,4445.31,4436.81,4439.99,2661.0
2026-06-03 18:45:00,4439.86,4443.64,4437.83,4442.11,2233.0
2026-06-03 19:00:00,4442.41,4443.8,4437.12,4439.1,2280.0
2026-06-03 19:15:00,4439.06,4441.21,4433.75,4437.5,2425.0
2026-06-03 19:30:00,4437.51,4440.63,4435.31,4438.91,2227.0
2026-06-03 19:45:00,4438.75,4442.65,4437.02,4441.74,2172.0
2026-06-03 20:00:00,4441.76,4448.14,4441.52,4441.79,2240.0
2026-06-03 20:15:00,4441.94,4443.36,4437.71,4438.93,2049.0
2026-06-03 20:30:00,4438.91,4442.14,4435.52,4440.45,1752.0
2026-06-03 20:45:00,4440.48,4440.72,4436.85,4438.91,1569.0
2026-06-03 21:00:00,4438.99,4440.46,4435.42,4436.82,1704.0
2026-06-03 21:15:00,4436.79,4440.52,4435.43,4440.1,1635.0
2026-06-03 21:30:00,4439.98,4442.46,4436.84,4439.88,1604.0
2026-06-03 21:45:00,4439.87,4442.77,4439.64,4441.98,1423.0
2026-06-03 22:00:00,4441.9,4449.82,4441.34,4449.67,1861.0
2026-06-03 22:15:00,4449.73,4452.14,4446.46,4447.93,1717.0
2026-06-03 22:30:00,4448.01,4449.55,4446.63,4446.78,1412.0
2026-06-03 22:45:00,4446.75,4447.22,4443.05,4443.81,1745.0
2026-06-03 23:00:00,4443.72,4445.24,4438.5,4439.84,1387.0
2026-06-03 23:15:00,4440.03,4440.19,4437.34,4438.97,1495.0
2026-06-03 23:30:00,4438.91,4439.54,4432.25,4433.38,1309.0
2026-06-03 23:45:00,4433.33,4434.79,4430.43,4433.87,1040.0
2026-06-04 01:00:00,4436.26,4442.07,4429.35,4431.8,1684.0
2026-06-04 01:15:00,4431.79,4435.52,4423.75,4433.99,1715.0
2026-06-04 01:30:00,4434.15,4440.19,4434.06,4436.65,1430.0
2026-06-04 01:45:00,4436.72,4452.87,4436.63,4448.84,1623.0
2026-06-04 02:00:00,4448.98,4450.28,4445.29,4447.75,1364.0
2026-06-04 02:15:00,4447.79,4451.46,4447.15,4450.75,1019.0
2026-06-04 02:30:00,4450.78,4453.74,4446.22,4453.44,1409.0
2026-06-04 02:45:00,4453.41,4464.69,4453.41,4457.19,1948.0
2026-06-04 03:00:00,4457.37,4465.05,4453.04,4453.4,2459.0
2026-06-04 03:15:00,4453.36,4456.53,4447.54,4450.68,2155.0
2026-06-04 03:30:00,4450.7,4452.76,4444.08,4448.33,2067.0
2026-06-04 03:45:00,4448.22,4452.8,4444.98,4448.33,2085.0
2026-06-04 04:00:00,4448.3,4467.15,4443.39,4464.37,2846.0
2026-06-04 04:15:00,4464.16,4473.47,4459.64,4465.92,2488.0
2026-06-04 04:30:00,4465.99,4470.0,4458.7,4459.08,2566.0
2026-06-04 04:45:00,4459.15,4467.23,4456.85,4465.76,2623.0
2026-06-04 05:00:00,4465.55,4467.2,4455.54,4462.91,2334.0
2026-06-04 05:15:00,4462.95,4463.54,4458.66,4460.53,1753.0
2026-06-04 05:30:00,4460.52,4464.72,4457.53,4462.36,1980.0
2026-06-04 05:45:00,4462.35,4476.48,4462.35,4475.01,2174.0
2026-06-04 06:00:00,4474.92,4477.14,4470.11,4471.73,1890.0
2026-06-04 06:15:00,4471.86,4472.28,4465.79,4469.2,1635.0
2026-06-04 06:30:00,4469.1,4470.65,4460.84,4460.84,1639.0
2026-06-04 06:45:00,4460.6,4464.7,4458.28,4463.55,1357.0
2026-06-04 07:00:00,4463.54,4471.12,4462.21,4471.1,1342.0
2026-06-04 07:15:00,4471.21,4476.12,4469.87,4474.53,1260.0
2026-06-04 07:30:00,4474.49,4483.87,4474.42,4482.66,1732.0
2026-06-04 07:45:00,4482.71,4483.4,4478.53,4480.9,1188.0
2026-06-04 08:00:00,4480.95,4482.24,4471.35,4477.04,1478.0
2026-06-04 08:15:00,4477.2,4477.62,4470.85,4473.14,1222.0
2026-06-04 08:30:00,4473.29,4475.7,4470.73,4474.48,1946.0
2026-06-04 08:45:00,4474.44,4474.61,4466.93,4469.16,1986.0
2026-06-04 09:00:00,4469.12,4477.09,4468.08,4473.85,2029.0
2026-06-04 09:15:00,4473.79,4474.12,4466.67,4472.03,1972.0
2026-06-04 09:30:00,4471.9,4476.64,4468.89,4469.18,2323.0
2026-06-04 09:45:00,4469.17,4469.85,4462.79,4467.62,1924.0
2026-06-04 10:00:00,4467.7,4470.62,4462.19,4463.96,2143.0
2026-06-04 10:15:00,4464.11,4470.31,4461.73,4465.04,1902.0
2026-06-04 10:30:00,4465.02,4467.78,4459.83,4461.26,1803.0
2026-06-04 10:45:00,4461.13,4462.21,4459.58,4461.49,1580.0
2026-06-04 11:00:00,4461.4,4467.77,4459.67,4460.48,2098.0
2026-06-04 11:15:00,4460.21,4465.41,4458.4,4463.31,2163.0
2026-06-04 11:30:00,4463.45,4469.21,4459.96,4463.17,2352.0
2026-06-04 11:45:00,4463.21,4465.88,4459.62,4463.15,1878.0
2026-06-04 12:00:00,4463.18,4469.2,4460.9,4463.37,2131.0
2026-06-04 12:15:00,4463.38,4467.4,4462.84,4464.57,2091.0
2026-06-04 12:30:00,4464.59,4469.13,4461.74,4467.9,2130.0
2026-06-04 12:45:00,4467.95,4475.45,4467.4,4470.2,2100.0
2026-06-04 13:00:00,4470.09,4471.86,4467.91,4471.12,1701.0
2026-06-04 13:15:00,4471.09,4471.5,4464.21,4467.4,1660.0
2026-06-04 13:30:00,4467.44,4472.67,4466.33,4471.17,1487.0
2026-06-04 13:45:00,4471.47,4473.69,4468.41,4473.56,1613.0
2026-06-04 14:00:00,4473.59,4478.67,4468.6,4473.48,1882.0
2026-06-04 14:15:00,4473.49,4491.35,4473.42,4489.46,2420.0
2026-06-04 14:30:00,4489.56,4492.46,4482.14,4491.38,2703.0
2026-06-04 14:45:00,4491.41,4514.49,4491.41,4511.42,3096.0
2026-06-04 15:00:00,4511.4,4513.64,4491.43,4493.48,3126.0
2026-06-04 15:15:00,4493.59,4499.77,4491.07,4498.36,2390.0
2026-06-04 15:30:00,4498.46,4501.96,4496.86,4501.96,2308.0
2026-06-04 15:45:00,4502.14,4510.84,4498.83,4503.99,2518.0
2026-06-04 16:00:00,4503.92,4509.94,4500.04,4503.14,2753.0
2026-06-04 16:15:00,4502.86,4509.28,4501.69,4504.56,2246.0
2026-06-04 16:30:00,4504.68,4514.85,4502.43,4514.37,3552.0
2026-06-04 16:45:00,4514.47,4515.31,4495.32,4495.72,3435.0
2026-06-04 17:00:00,4495.66,4499.77,4485.88,4487.65,3536.0
2026-06-04 17:15:00,4487.63,4493.68,4483.93,4486.0,2989.0
2026-06-04 17:30:00,4486.25,4486.62,4472.22,4474.48,3085.0
2026-06-04 17:45:00,4474.73,4475.35,4457.19,4465.73,3424.0
2026-06-04 18:00:00,4465.8,4474.64,4463.8,4471.82,2974.0
2026-06-04 18:15:00,4471.77,4473.87,4469.12,4470.85,2384.0
2026-06-04 18:30:00,4470.78,4477.25,4469.63,4472.54,2395.0
2026-06-04 18:45:00,4472.53,4479.02,4469.95,4477.32,2095.0
2026-06-04 19:00:00,4477.34,4483.97,4475.18,4479.06,2034.0
2026-06-04 19:15:00,4479.09,4485.02,4479.09,4483.43,1695.0
2026-06-04 19:30:00,4483.54,4483.93,4479.62,4481.39,2062.0
2026-06-04 19:45:00,4481.4,4483.85,4480.24,4482.69,1695.0
2026-06-04 20:00:00,4482.52,4482.52,4476.02,4476.04,1750.0
2026-06-04 20:15:00,4476.02,4479.24,4474.05,4476.75,1761.0
2026-06-04 20:30:00,4476.83,4481.41,4476.0,4476.65,1881.0
2026-06-04 20:45:00,4476.64,4480.26,4476.64,4478.03,1528.0
2026-06-04 21:00:00,4478.1,4480.19,4476.23,4478.79,1450.0
2026-06-04 21:15:00,4478.86,4480.87,4477.29,4478.04,1420.0
2026-06-04 21:30:00,4477.87,4477.87,4472.63,4474.2,1492.0
2026-06-04 21:45:00,4474.26,4479.31,4473.74,4478.04,1174.0
2026-06-04 22:00:00,4478.03,4483.31,4476.08,4478.02,1455.0
2026-06-04 22:15:00,4478.06,4480.12,4477.57,4480.05,1104.0
2026-06-04 22:30:00,4480.04,4480.27,4477.32,4477.95,1261.0
2026-06-04 22:45:00,4477.82,4482.16,4476.76,4480.47,1754.0
2026-06-04 23:00:00,4480.49,4481.37,4477.55,4477.55,1114.0
2026-06-04 23:15:00,4477.5,4478.96,4476.48,4477.6,838.0
2026-06-04 23:30:00,4477.53,4477.53,4475.02,4475.02,771.0
2026-06-04 23:45:00,4475.07,4475.73,4474.3,4475.44,612.0
2026-06-05 01:00:00,4483.37,4483.76,4471.48,4475.26,1043.0
2026-06-05 01:15:00,4475.32,4480.78,4474.49,4478.84,1018.0
2026-06-05 01:30:00,4478.85,4481.35,4475.15,4475.15,1108.0
2026-06-05 01:45:00,4475.13,4476.12,4468.8,4469.51,1099.0
2026-06-05 02:00:00,4469.56,4473.93,4464.18,4470.88,1552.0
2026-06-05 02:15:00,4470.9,4473.26,4466.44,4469.11,1134.0
2026-06-05 02:30:00,4469.15,4469.51,4461.96,4463.16,1086.0
2026-06-05 02:45:00,4463.19,4465.93,4460.46,4461.57,1314.0
2026-06-05 03:00:00,4461.39,4464.88,4454.56,4455.21,2494.0
2026-06-05 03:15:00,4455.24,4457.63,4450.62,4457.43,2443.0
2026-06-05 03:30:00,4457.56,4466.82,4456.19,4463.13,1932.0
2026-06-05 03:45:00,4463.31,4466.24,4458.35,4459.31,1823.0
2026-06-05 04:00:00,4459.25,4469.82,4452.92,4459.93,3433.0
2026-06-05 04:15:00,4459.86,4464.88,4449.25,4458.58,3039.0
2026-06-05 04:30:00,4458.77,4459.59,4445.2,4445.95,2627.0
2026-06-05 04:45:00,4446.14,4450.78,4444.05,4446.73,2312.0
2026-06-05 05:00:00,4446.67,4450.82,4442.31,4449.36,2571.0
2026-06-05 05:15:00,4449.35,4454.92,4445.63,4451.16,1715.0
2026-06-05 05:30:00,4451.16,4451.7,4438.39,4442.83,2854.0
2026-06-05 05:45:00,4442.82,4449.9,4439.99,4440.45,2384.0
2026-06-05 06:00:00,4440.49,4441.14,4436.37,4440.87,2414.0
2026-06-05 06:15:00,4440.85,4443.76,4435.17,4436.62,2107.0
2026-06-05 06:30:00,4436.68,4442.36,4436.27,4440.82,1671.0
2026-06-05 06:45:00,4440.87,4443.26,4439.14,4442.27,1264.0
2026-06-05 07:00:00,4442.3,4444.55,4438.31,4441.49,1521.0
2026-06-05 07:15:00,4441.5,4443.73,4438.86,4439.61,1579.0
2026-06-05 07:30:00,4439.69,4444.05,4437.56,4440.77,1326.0
2026-06-05 07:45:00,4440.71,4446.54,4439.56,4444.89,1404.0
2026-06-05 08:00:00,4444.96,4449.93,4443.17,4448.9,1822.0
2026-06-05 08:15:00,4449.18,4449.18,4442.16,4444.65,1449.0
2026-06-05 08:30:00,4444.48,4447.82,4439.31,4443.58,2366.0
2026-06-05 08:45:00,4443.79,4448.14,4438.68,4439.9,1889.0
2026-06-05 09:00:00,4439.89,4442.51,4435.23,4436.36,2568.0
2026-06-05 09:15:00,4436.11,4446.34,4428.57,4442.35,2848.0
2026-06-05 09:30:00,4442.37,4450.1,4442.22,4448.32,2244.0
2026-06-05 09:45:00,4448.48,4456.07,4446.86,4452.65,2276.0
2026-06-05 10:00:00,4452.61,4463.1,4451.8,4458.35,2328.0
2026-06-05 10:15:00,4458.3,4467.24,4458.3,4467.1,2208.0
2026-06-05 10:30:00,4466.87,4467.09,4459.39,4461.99,2083.0
2026-06-05 10:45:00,4462.33,4465.03,4460.59,4460.8,1502.0
2026-06-05 11:00:00,4460.55,4463.26,4458.49,4461.04,1830.0
2026-06-05 11:15:00,4461.01,4466.92,4459.81,4466.92,1730.0
2026-06-05 11:30:00,4466.69,4468.08,4460.87,4461.77,1596.0
2026-06-05 11:45:00,4461.8,4464.37,4461.5,4462.66,1090.0
2026-06-05 12:00:00,4462.47,4469.21,4458.77,4465.86,1665.0
2026-06-05 12:15:00,4466.14,4469.17,4461.79,4462.76,2248.0
2026-06-05 12:30:00,4462.8,4466.74,4459.18,4465.76,1822.0
2026-06-05 12:45:00,4465.75,4469.11,4462.52,4464.82,1137.0
2026-06-05 13:00:00,4464.8,4465.17,4463.03,4465.17,981.0
2026-06-05 13:15:00,4465.14,4468.0,4464.49,4465.96,1014.0
2026-06-05 13:30:00,4465.98,4466.86,4461.83,4464.49,1033.0
2026-06-05 13:45:00,4464.76,4467.77,4464.34,4466.81,1071.0
2026-06-05 14:00:00,4466.84,4466.98,4460.95,4461.28,1342.0
2026-06-05 14:15:00,4461.26,4466.03,4458.8,4466.03,1611.0
2026-06-05 14:30:00,4465.92,4467.1,4463.01,4464.69,1377.0
2026-06-05 14:45:00,4464.66,4475.27,4463.96,4470.12,1652.0
2026-06-05 15:00:00,4470.37,4470.94,4464.19,4469.18,1845.0
2026-06-05 15:15:00,4469.2,4475.76,4461.58,4464.46,2244.0
2026-06-05 15:30:00,4464.89,4465.68,4439.68,4445.81,3893.0
2026-06-05 15:45:00,4446.1,4449.02,4404.73,4405.89,3921.0
2026-06-05 16:00:00,4406.28,4420.41,4399.86,4418.32,4174.0
2026-06-05 16:15:00,4418.17,4420.85,4403.85,4404.57,3586.0
2026-06-05 16:30:00,4404.82,4409.36,4385.92,4389.29,4380.0
2026-06-05 16:45:00,4389.2,4390.89,4365.53,4365.65,4225.0
2026-06-05 17:00:00,4365.69,4379.09,4363.93,4366.13,4674.0
2026-06-05 17:15:00,4366.15,4370.1,4352.87,4360.94,4182.0
2026-06-05 17:30:00,4360.79,4363.75,4344.51,4349.06,4121.0
2026-06-05 17:45:00,4349.11,4369.98,4348.27,4369.45,3797.0
2026-06-05 18:00:00,4369.52,4372.41,4352.91,4352.91,3494.0
2026-06-05 18:15:00,4352.8,4357.45,4348.15,4351.96,3635.0
2026-06-05 18:30:00,4351.8,4354.78,4335.39,4338.67,3352.0
2026-06-05 18:45:00,4338.7,4341.79,4333.98,4335.47,3034.0
2026-06-05 19:00:00,4335.39,4338.8,4328.85,4333.51,3411.0
2026-06-05 19:15:00,4333.38,4333.73,4325.31,4329.59,3388.0
2026-06-05 19:30:00,4329.46,4332.12,4323.2,4327.68,3112.0
2026-06-05 19:45:00,4327.56,4344.82,4325.12,4344.45,3308.0
2026-06-05 20:00:00,4344.62,4346.76,4336.5,4339.51,3205.0
2026-06-05 20:15:00,4339.52,4342.89,4335.58,4342.37,3232.0
2026-06-05 20:30:00,4342.41,4347.28,4339.56,4341.11,2973.0
2026-06-05 20:45:00,4341.02,4343.58,4338.08,4341.67,2628.0
2026-06-05 21:00:00,4341.77,4342.02,4322.93,4322.93,2929.0
2026-06-05 21:15:00,4322.85,4330.42,4321.79,4325.77,3372.0
2026-06-05 21:30:00,4325.97,4326.89,4315.23,4318.0,3013.0
2026-06-05 21:45:00,4317.95,4326.33,4315.98,4322.27,3243.0
2026-06-05 22:00:00,4322.4,4323.7,4315.08,4315.25,3213.0
2026-06-05 22:15:00,4315.14,4324.16,4313.84,4323.77,3333.0
2026-06-05 22:30:00,4323.68,4325.02,4313.92,4318.68,3386.0
2026-06-05 22:45:00,4318.6,4323.6,4316.67,4318.43,3485.0
2026-06-05 23:00:00,4318.52,4318.86,4311.66,4315.56,2787.0
2026-06-05 23:15:00,4315.66,4326.27,4313.92,4322.86,2155.0
2026-06-05 23:30:00,4322.88,4325.22,4321.13,4323.67,1891.0
2026-06-05 23:45:00,4323.87,4329.87,4323.47,4327.55,1176.0
2026-06-08 01:00:00,4338.94,4351.1,4309.98,4329.91,3479.0
2026-06-08 01:15:00,4330.22,4330.56,4316.22,4316.6,2815.0
2026-06-08 01:30:00,4316.52,4328.95,4315.21,4325.95,2139.0
2026-06-08 01:45:00,4325.87,4326.6,4315.72,4317.21,2317.0
2026-06-08 02:00:00,4317.32,4334.16,4317.2,4330.72,2298.0
2026-06-08 02:15:00,4330.59,4334.37,4328.75,4333.91,1807.0
2026-06-08 02:30:00,4333.77,4340.51,4333.0,4338.94,1932.0
2026-06-08 02:45:00,4338.93,4346.83,4335.17,4343.92,2231.0
2026-06-08 03:00:00,4343.31,4346.7,4340.71,4343.6,2391.0
2026-06-08 03:15:00,4343.64,4353.26,4341.54,4351.41,2216.0
2026-06-08 03:30:00,4351.36,4352.32,4341.97,4345.24,2498.0
2026-06-08 03:45:00,4345.28,4345.88,4339.81,4342.06,2581.0
2026-06-08 04:00:00,4342.27,4345.71,4326.58,4326.96,3679.0
2026-06-08 04:15:00,4326.9,4327.38,4311.39,4314.46,4006.0
2026-06-08 04:30:00,4314.5,4327.3,4300.26,4326.19,4198.0
2026-06-08 04:45:00,4326.12,4329.65,4319.27,4325.52,3422.0
2026-06-08 05:00:00,4325.68,4330.58,4314.59,4316.68,3199.0
2026-06-08 05:15:00,4316.62,4319.49,4311.43,4314.71,2565.0
2026-06-08 05:30:00,4314.8,4317.52,4307.27,4315.77,3133.0
2026-06-08 05:45:00,4315.66,4320.65,4309.07,4310.4,2951.0
2026-06-08 06:00:00,4310.43,4313.94,4304.21,4304.68,2771.0
2026-06-08 06:15:00,4304.65,4311.81,4303.4,4307.1,2207.0
2026-06-08 06:30:00,4307.12,4309.84,4304.86,4309.79,2012.0
2026-06-08 06:45:00,4309.77,4317.07,4309.32,4316.78,1840.0
2026-06-08 07:00:00,4316.8,4320.22,4313.39,4318.69,2067.0
2026-06-08 07:15:00,4318.71,4321.69,4315.97,4319.9,1802.0
2026-06-08 07:30:00,4319.78,4320.17,4307.57,4307.62,2023.0
2026-06-08 07:45:00,4307.96,4313.81,4307.62,4312.57,1688.0
2026-06-08 08:00:00,4312.72,4315.98,4304.53,4304.53,2091.0
2026-06-08 08:15:00,4304.59,4314.42,4304.38,4311.69,2248.0
2026-06-08 08:30:00,4311.5,4312.33,4268.24,4287.87,4024.0
2026-06-08 08:45:00,4287.82,4295.71,4284.94,4291.97,3318.0
2026-06-08 09:00:00,4291.92,4307.95,4291.92,4303.45,3629.0
2026-06-08 09:15:00,4303.31,4311.13,4299.46,4305.72,3220.0
2026-06-08 09:30:00,4305.76,4306.4,4293.88,4298.24,3006.0
2026-06-08 09:45:00,4298.12,4300.74,4293.13,4299.88,2721.0
2026-06-08 10:00:00,4299.75,4308.36,4294.76,4305.07,3056.0
2026-06-08 10:15:00,4305.09,4316.75,4300.66,4306.07,2972.0
2026-06-08 10:30:00,4306.13,4311.58,4301.31,4301.58,2754.0
2026-06-08 10:45:00,4301.43,4302.47,4294.28,4294.37,2571.0
2026-06-08 11:00:00,4294.04,4296.97,4289.53,4291.68,2727.0
2026-06-08 11:15:00,4291.71,4293.47,4285.23,4288.09,2703.0
2026-06-08 11:30:00,4288.22,4291.89,4286.25,4290.62,2325.0
2026-06-08 11:45:00,4290.65,4293.63,4285.4,4288.69,2609.0
2026-06-08 12:00:00,4288.68,4291.99,4284.17,4288.85,1971.0
2026-06-08 12:15:00,4288.49,4290.73,4279.32,4279.68,1829.0
2026-06-08 12:30:00,4279.65,4296.42,4272.88,4293.76,3283.0
2026-06-08 12:45:00,4293.87,4301.88,4291.09,4294.27,2645.0
2026-06-08 13:00:00,4294.4,4297.54,4286.18,4294.51,2354.0
2026-06-08 13:15:00,4294.45,4295.86,4289.72,4293.73,1885.0
2026-06-08 13:30:00,4293.72,4305.7,4292.13,4304.74,2602.0
2026-06-08 13:45:00,4304.73,4304.97,4296.76,4301.93,2150.0
2026-06-08 14:00:00,4301.92,4318.57,4297.07,4318.57,2391.0
2026-06-08 14:15:00,4318.72,4330.89,4312.46,4325.16,3437.0
2026-06-08 14:30:00,4325.03,4333.13,4322.18,4323.9,2974.0
2026-06-08 14:45:00,4323.96,4332.64,4321.3,4331.22,2470.0
2026-06-08 15:00:00,4330.82,4334.74,4322.46,4322.84,2911.0
2026-06-08 15:15:00,4322.54,4331.39,4320.16,4329.89,2662.0
2026-06-08 15:30:00,4329.93,4339.39,4327.5,4335.65,2772.0
2026-06-08 15:45:00,4335.74,4337.87,4327.02,4332.96,2736.0
2026-06-08 16:00:00,4333.01,4334.84,4323.15,4323.79,3243.0
2026-06-08 16:15:00,4323.91,4335.88,4321.19,4331.16,2950.0
2026-06-08 16:30:00,4331.03,4346.5,4331.03,4336.13,4316.0
2026-06-08 16:45:00,4336.23,4339.05,4326.16,4326.93,3942.0
2026-06-08 17:00:00,4327.2,4330.7,4316.52,4319.38,3901.0
2026-06-08 17:15:00,4319.5,4324.19,4315.76,4319.99,3654.0
2026-06-08 17:30:00,4319.8,4324.1,4315.16,4322.52,3372.0
2026-06-08 17:45:00,4322.56,4331.34,4316.91,4330.88,3261.0
2026-06-08 18:00:00,4330.92,4336.34,4324.86,4325.29,2734.0
2026-06-08 18:15:00,4325.36,4335.97,4322.46,4330.56,3132.0
2026-06-08 18:30:00,4330.67,4339.48,4328.4,4339.48,3170.0
2026-06-08 18:45:00,4339.09,4345.64,4334.39,4341.68,2783.0
2026-06-08 19:00:00,4341.71,4343.79,4338.05,4340.9,2643.0
2026-06-08 19:15:00,4340.92,4343.93,4339.68,4340.83,2399.0
2026-06-08 19:30:00,4340.91,4346.22,4340.58,4343.93,2642.0
2026-06-08 19:45:00,4343.95,4346.02,4337.77,4340.54,2411.0
2026-06-08 20:00:00,4340.58,4342.28,4336.02,4338.7,2646.0
2026-06-08 20:15:00,4338.67,4340.38,4334.06,4339.0,2627.0
2026-06-08 20:30:00,4339.22,4339.5,4331.94,4334.01,2589.0
2026-06-08 20:45:00,4333.98,4339.27,4333.96,4338.98,2239.0
2026-06-08 21:00:00,4339.01,4345.24,4338.53,4341.28,2009.0
2026-06-08 21:15:00,4341.42,4345.81,4341.37,4342.43,1810.0
2026-06-08 21:30:00,4342.42,4344.54,4336.25,4336.6,1784.0
2026-06-08 21:45:00,4336.71,4336.94,4332.81,4334.53,1796.0
2026-06-08 22:00:00,4334.34,4338.04,4329.52,4329.79,2071.0
2026-06-08 22:15:00,4329.77,4331.49,4325.91,4327.66,2248.0
2026-06-08 22:30:00,4327.67,4330.32,4324.12,4325.01,2202.0
2026-06-08 22:45:00,4324.99,4329.99,4323.28,4326.57,2261.0
2026-06-08 23:00:00,4326.46,4329.84,4326.42,4328.13,1212.0
2026-06-08 23:15:00,4328.16,4328.17,4324.49,4326.43,943.0
2026-06-08 23:30:00,4326.52,4328.42,4325.42,4326.23,727.0
2026-06-08 23:45:00,4326.24,4329.94,4325.53,4329.77,567.0
2026-06-09 01:00:00,4330.71,4333.31,4324.45,4325.19,1072.0
2026-06-09 01:15:00,4325.18,4327.43,4322.66,4325.09,922.0
2026-06-09 01:30:00,4325.02,4327.46,4324.98,4327.36,635.0
2026-06-09 01:45:00,4327.49,4328.73,4326.06,4327.86,576.0
2026-06-09 02:00:00,4327.91,4328.79,4325.16,4327.58,668.0
2026-06-09 02:15:00,4327.57,4328.37,4320.51,4320.55,711.0
2026-06-09 02:30:00,4320.6,4322.26,4315.21,4319.6,1068.0
2026-06-09 02:45:00,4319.91,4319.95,4312.88,4317.65,1610.0
2026-06-09 03:00:00,4317.56,4323.59,4315.35,4322.5,2652.0
2026-06-09 03:15:00,4322.37,4323.38,4316.52,4316.67,2240.0
2026-06-09 03:30:00,4316.68,4322.92,4315.09,4318.11,2055.0
2026-06-09 03:45:00,4318.18,4321.09,4314.98,4319.78,1969.0
2026-06-09 04:00:00,4319.61,4327.72,4318.59,4323.87,2937.0
2026-06-09 04:15:00,4323.9,4337.87,4322.36,4335.38,2887.0
2026-06-09 04:30:00,4335.32,4338.74,4332.82,4335.56,2259.0
2026-06-09 04:45:00,4335.71,4338.4,4332.96,4336.51,2300.0
2026-06-09 05:00:00,4336.57,4336.8,4328.26,4332.94,2338.0
2026-06-09 05:15:00,4332.9,4336.11,4330.13,4335.49,2000.0
2026-06-09 05:30:00,4335.52,4339.73,4331.08,4338.84,2299.0
2026-06-09 05:45:00,4338.94,4340.98,4334.89,4335.99,1998.0
2026-06-09 06:00:00,4335.97,4341.49,4330.93,4338.72,2245.0
2026-06-09 06:15:00,4338.73,4341.99,4333.4,4336.61,1848.0
2026-06-09 06:30:00,4336.54,4337.98,4333.49,4337.56,1355.0
2026-06-09 06:45:00,4337.62,4341.78,4334.33,4336.53,1207.0
2026-06-09 07:00:00,4336.51,4339.26,4332.18,4332.21,1158.0
2026-06-09 07:15:00,4332.1,4332.85,4328.66,4330.41,1123.0
2026-06-09 07:30:00,4330.39,4330.53,4324.18,4328.13,1392.0
2026-06-09 07:45:00,4327.91,4332.88,4326.14,4332.28,1117.0
2026-06-09 08:00:00,4332.46,4337.05,4330.87,4331.34,1359.0
2026-06-09 08:15:00,4331.33,4335.44,4330.6,4332.44,1503.0
2026-06-09 08:30:00,4332.48,4351.31,4332.0,4348.46,2669.0
2026-06-09 08:45:00,4348.5,4348.94,4341.53,4343.4,1973.0
2026-06-09 09:00:00,4343.16,4348.84,4339.99,4341.25,2313.0
2026-06-09 09:15:00,4341.13,4345.73,4338.11,4338.96,1897.0
2026-06-09 09:30:00,4339.23,4339.36,4331.83,4336.56,2058.0
2026-06-09 09:45:00,4336.62,4340.13,4330.17,4330.54,1902.0
2026-06-09 10:00:00,4330.43,4334.73,4326.89,4326.89,2388.0
2026-06-09 10:15:00,4326.72,4332.13,4322.95,4330.98,2337.0
2026-06-09 10:30:00,4331.09,4331.36,4322.19,4328.35,1954.0
2026-06-09 10:45:00,4328.3,4330.15,4325.04,4326.49,1612.0
2026-06-09 11:00:00,4326.21,4336.37,4321.1,4331.54,2403.0
2026-06-09 11:15:00,4331.53,4335.46,4331.33,4334.27,2286.0
2026-06-09 11:30:00,4334.38,4336.69,4330.36,4334.92,1725.0
2026-06-09 11:45:00,4335.0,4335.29,4325.76,4326.49,1466.0
2026-06-09 12:00:00,4326.42,4330.67,4325.0,4328.25,1614.0
2026-06-09 12:15:00,4328.26,4335.92,4324.17,4326.76,1717.0
2026-06-09 12:30:00,4326.55,4330.94,4324.96,4327.03,1745.0
2026-06-09 12:45:00,4327.04,4333.44,4326.6,4332.07,1320.0
2026-06-09 13:00:00,4331.72,4335.68,4325.22,4335.31,1960.0
2026-06-09 13:15:00,4335.45,4336.69,4331.26,4333.73,1588.0
2026-06-09 13:30:00,4333.72,4334.9,4329.6,4332.41,1278.0
2026-06-09 13:45:00,4332.73,4340.68,4330.14,4339.09,1463.0
2026-06-09 14:00:00,4339.01,4340.29,4335.57,4337.75,1552.0
2026-06-09 14:15:00,4337.76,4340.54,4336.04,4338.57,1358.0
2026-06-09 14:30:00,4338.72,4339.94,4336.61,4338.81,1214.0
2026-06-09 14:45:00,4338.91,4343.7,4337.27,4339.73,1473.0
2026-06-09 15:00:00,4339.92,4343.87,4339.61,4340.99,1612.0
2026-06-09 15:15:00,4340.93,4342.84,4335.21,4335.76,1946.0
2026-06-09 15:30:00,4335.62,4341.83,4334.65,4340.73,2127.0
2026-06-09 15:45:00,4340.64,4343.98,4336.54,4341.23,1965.0
2026-06-09 16:00:00,4341.28,4345.36,4338.12,4340.91,2844.0
2026-06-09 16:15:00,4341.13,4341.94,4330.13,4330.81,2340.0
2026-06-09 16:30:00,4331.11,4334.34,4325.07,4330.23,3209.0
2026-06-09 16:45:00,4330.22,4363.45,4326.45,4328.79,3878.0
2026-06-09 17:00:00,4328.7,4336.21,4319.79,4321.16,3788.0
2026-06-09 17:15:00,4321.01,4323.65,4305.96,4318.36,4072.0
2026-06-09 17:30:00,4318.27,4321.16,4285.1,4285.13,4201.0
2026-06-09 17:45:00,4285.08,4300.73,4278.58,4300.48,4540.0
2026-06-09 18:00:00,4300.59,4302.02,4289.51,4294.78,3982.0
2026-06-09 18:15:00,4294.73,4296.81,4277.12,4278.62,3833.0
2026-06-09 18:30:00,4278.81,4281.72,4263.05,4279.67,4497.0
2026-06-09 18:45:00,4279.86,4285.7,4272.24,4272.24,3958.0
2026-06-09 19:00:00,4272.07,4280.88,4258.34,4259.64,4122.0
2026-06-09 19:15:00,4259.67,4266.21,4253.04,4263.35,4375.0
2026-06-09 19:30:00,4263.28,4267.53,4236.71,4245.07,4696.0
2026-06-09 19:45:00,4244.62,4253.91,4238.83,4252.27,4480.0
2026-06-09 20:00:00,4252.24,4264.29,4251.2,4261.14,4206.0
2026-06-09 20:15:00,4260.38,4267.74,4258.35,4262.97,3851.0
2026-06-09 20:30:00,4262.96,4267.94,4260.85,4264.61,3326.0
2026-06-09 20:45:00,4264.73,4266.57,4255.94,4263.0,3221.0
2026-06-09 21:00:00,4263.11,4266.63,4259.48,4265.17,3159.0
2026-06-09 21:15:00,4265.25,4274.21,4262.81,4270.77,3123.0
2026-06-09 21:30:00,4270.78,4273.86,4263.62,4264.2,2906.0
2026-06-09 21:45:00,4264.32,4271.46,4262.27,4269.81,2482.0
2026-06-09 22:00:00,4269.96,4271.58,4257.88,4258.57,2708.0
2026-06-09 22:15:00,4258.64,4258.64,4252.68,4257.3,3200.0
2026-06-09 22:30:00,4257.23,4260.04,4250.08,4250.86,3082.0
2026-06-09 22:45:00,4250.94,4259.6,4249.88,4258.5,3161.0
2026-06-09 23:00:00,4258.63,4260.94,4255.57,4258.36,1989.0
2026-06-09 23:15:00,4258.25,4260.3,4257.78,4259.01,1150.0
2026-06-09 23:30:00,4258.93,4261.86,4257.63,4261.28,941.0
2026-06-09 23:45:00,4261.41,4261.99,4259.57,4260.25,544.0
2026-06-10 01:00:00,4256.44,4257.64,4248.51,4255.33,1363.0
2026-06-10 01:15:00,4255.44,4256.56,4253.06,4256.49,1188.0
2026-06-10 01:30:00,4256.48,4257.35,4247.59,4249.15,1780.0
2026-06-10 01:45:00,4248.98,4249.95,4232.23,4237.17,2213.0
2026-06-10 02:00:00,4237.1,4247.12,4235.52,4235.96,1701.0
2026-06-10 02:15:00,4236.08,4236.38,4223.08,4224.1,1939.0
2026-06-10 02:30:00,4224.19,4229.78,4216.58,4218.46,1878.0
2026-06-10 02:45:00,4218.47,4224.32,4210.38,4221.86,2760.0
2026-06-10 03:00:00,4221.96,4226.46,4216.42,4225.01,3052.0
2026-06-10 03:15:00,4224.82,4228.25,4217.98,4217.98,2636.0
2026-06-10 03:30:00,4218.01,4218.97,4198.88,4204.09,3152.0
2026-06-10 03:45:00,4204.68,4220.79,4199.79,4218.18,3108.0
2026-06-10 04:00:00,4218.5,4218.78,4187.06,4203.29,3817.0
2026-06-10 04:15:00,4203.16,4216.32,4197.29,4201.71,3372.0
2026-06-10 04:30:00,4201.57,4206.83,4184.5,4187.1,3598.0
2026-06-10 04:45:00,4187.19,4195.48,4183.66,4188.66,3251.0
2026-06-10 05:00:00,4188.68,4191.67,4179.58,4182.67,2683.0
2026-06-10 05:15:00,4182.81,4188.39,4178.09,4187.97,2486.0
2026-06-10 05:30:00,4187.89,4192.46,4174.05,4184.27,3165.0
2026-06-10 05:45:00,4184.25,4190.56,4173.44,4173.92,2933.0
2026-06-10 06:00:00,4173.82,4180.59,4173.19,4178.09,2596.0
2026-06-10 06:15:00,4178.17,4181.12,4173.76,4177.1,2269.0
2026-06-10 06:30:00,4177.22,4182.92,4176.21,4179.72,2181.0
2026-06-10 06:45:00,4179.71,4186.4,4179.51,4184.73,2187.0
2026-06-10 07:00:00,4184.96,4187.18,4180.59,4181.13,1816.0
2026-06-10 07:15:00,4181.14,4182.93,4173.63,4174.42,2014.0
2026-06-10 07:30:00,4174.37,4175.19,4173.25,4173.51,1795.0
2026-06-10 07:45:00,4173.66,4175.7,4172.48,4174.69,1667.0
2026-06-10 08:00:00,4174.71,4180.31,4173.55,4179.65,2126.0
2026-06-10 08:15:00,4179.91,4187.17,4175.45,4187.01,2239.0
2026-06-10 08:30:00,4187.15,4198.92,4181.65,4198.06,3335.0
2026-06-10 08:45:00,4197.97,4208.93,4197.37,4205.1,2878.0
2026-06-10 09:00:00,4205.55,4221.83,4205.08,4212.78,3271.0
2026-06-10 09:15:00,4212.83,4216.64,4209.88,4210.66,1723.0
2026-06-10 09:30:00,4211.61,4213.37,4204.96,4207.35,2630.0
2026-06-10 09:45:00,4207.34,4209.65,4201.62,4203.75,2493.0
2026-06-10 10:00:00,4203.58,4207.65,4197.25,4200.13,2603.0
2026-06-10 10:15:00,4200.19,4202.83,4197.8,4200.28,1142.0
2026-06-10 10:30:00,4194.76,4196.74,4193.37,4196.74,218.0
2026-06-10 10:45:00,4189.61,4192.85,4189.12,4190.25,784.0
2026-06-10 11:00:00,4185.97,4187.29,4185.97,4186.78,42.0
2026-06-10 11:15:00,4166.52,4168.67,4165.98,4168.05,106.0
2026-06-10 11:30:00,4172.12,4172.12,4166.33,4167.89,320.0
2026-06-10 11:45:00,4170.29,4170.86,4166.3,4170.84,680.0
2026-06-10 12:00:00,4168.89,4169.54,4165.3,4168.05,780.0
2026-06-10 12:15:00,4164.81,4174.85,4164.43,4172.65,946.0
2026-06-10 12:30:00,4166.05,4169.97,4165.79,4169.12,216.0
2026-06-10 12:45:00,4171.35,4174.75,4169.12,4169.28,467.0
2026-06-10 13:00:00,4168.76,4170.99,4167.23,4168.41,632.0
2026-06-10 13:15:00,4160.78,4161.16,4160.65,4161.14,23.0
2026-06-10 13:30:00,4164.82,4168.6,4163.88,4166.98,446.0
2026-06-10 13:45:00,4171.26,4173.14,4169.66,4171.24,496.0
2026-06-10 14:00:00,4174.47,4175.93,4168.23,4169.36,671.0
2026-06-10 14:15:00,4168.5,4171.67,4166.13,4167.4,872.0
2026-06-10 14:30:00,4166.48,4167.87,4161.11,4163.84,1106.0
2026-06-10 14:45:00,4154.29,4154.53,4152.69,4154.53,71.0
2026-06-10 15:00:00,4147.29,4152.4,4145.47,4148.16,1145.0
2026-06-10 15:15:00,4136.05,4141.9,4135.74,4141.9,100.0
2026-06-10 15:30:00,4141.08,4173.8,4135.98,4155.01,730.0
2026-06-10 15:45:00,4160.39,4169.23,4157.41,4164.23,737.0
2026-06-10 16:00:00,4147.01,4155.91,4144.99,4154.02,853.0
2026-06-10 16:15:00,4151.28,4151.28,4133.06,4134.08,1348.0
2026-06-10 16:30:00,4149.21,4153.58,4145.56,4146.11,395.0
2026-06-10 16:45:00,4179.08,4185.08,4173.75,4183.42,1504.0
2026-06-10 17:00:00,4179.57,4180.62,4177.89,4178.0,97.0
2026-06-10 17:15:00,4174.25,4175.32,4167.76,4169.28,1078.0
2026-06-10 17:30:00,4161.02,4163.22,4155.52,4157.6,710.0
2026-06-10 17:45:00,4149.86,4151.55,4147.83,4149.22,280.0
2026-06-10 18:00:00,4124.81,4133.79,4123.05,4133.79,537.0
2026-06-10 18:15:00,4123.25,4123.91,4113.44,4115.56,1127.0
2026-06-10 18:30:00,4128.04,4130.32,4125.67,4127.56,525.0
2026-06-10 18:45:00,4128.52,4130.98,4108.61,4109.62,2175.0
2026-06-10 19:00:00,4128.73,4131.58,4122.97,4123.98,691.0
2026-06-10 19:15:00,4129.13,4133.9,4127.98,4130.3,684.0
2026-06-10 19:30:00,4127.43,4129.92,4121.08,4122.54,804.0
2026-06-10 19:45:00,4122.24,4122.66,4115.85,4118.1,872.0
2026-06-10 20:00:00,4121.76,4134.84,4121.32,4131.62,1080.0
2026-06-10 20:15:00,4117.89,4118.92,4117.48,4118.91,104.0
2026-06-10 20:30:00,4110.96,4110.96,4105.77,4105.96,209.0
2026-06-10 20:45:00,4102.23,4106.83,4100.91,4106.83,322.0
2026-06-10 21:00:00,4111.63,4117.94,4111.63,4117.69,640.0
2026-06-10 21:15:00,4115.77,4117.99,4110.29,4112.39,869.0
2026-06-10 21:30:00,4112.25,4112.55,4111.23,4111.23,77.0
2026-06-10 21:45:00,4104.95,4105.94,4104.4,4105.23,335.0
2026-06-10 22:00:00,4101.58,4101.94,4098.16,4100.51,699.0
2026-06-10 22:15:00,4088.84,4091.91,4087.36,4089.12,1002.0
2026-06-10 22:30:00,4084.75,4086.71,4083.78,4086.69,284.0
2026-06-10 22:45:00,4091.51,4092.46,4088.2,4088.5,524.0
2026-06-10 23:00:00,4082.53,4083.05,4075.07,4077.7,671.0
2026-06-10 23:15:00,4072.0,4074.62,4071.19,4073.67,657.0
2026-06-10 23:30:00,4078.29,4078.29,4076.32,4076.56,51.0
2026-06-10 23:45:00,4072.57,4072.62,4068.31,4068.5,229.0
2026-06-11 01:00:00,4072.05,4072.69,4059.78,4061.8,599.0
2026-06-11 01:15:00,4056.45,4057.13,4042.92,4045.74,754.0
2026-06-11 01:30:00,4044.65,4045.71,4044.65,4045.71,10.0
2026-06-11 01:45:00,4062.71,4063.39,4057.73,4060.6,305.0
2026-06-11 02:00:00,4046.52,4053.64,4044.6,4051.91,579.0
2026-06-11 02:15:00,4029.83,4032.69,4025.11,4028.88,831.0
2026-06-11 02:30:00,4061.37,4062.09,4059.58,4061.78,48.0
2026-06-11 02:45:00,4056.28,4056.28,4049.08,4049.31,263.0
2026-06-11 03:00:00,4047.32,4059.45,4046.4,4056.47,655.0
2026-06-11 03:15:00,4052.19,4072.56,4050.03,4063.9,1360.0
2026-06-11 03:30:00,4067.41,4067.98,4064.5,4065.09,90.0
2026-06-11 03:45:00,4063.22,4068.1,4063.22,4066.58,177.0
2026-06-11 04:00:00,4075.86,4089.87,4075.53,4075.53,453.0
2026-06-11 04:15:00,4086.43,4099.43,4085.48,4094.74,953.0
2026-06-11 04:30:00,4104.3,4112.14,4103.94,4112.12,1084.0
2026-06-11 04:45:00,4113.58,4113.99,4112.85,4113.63,40.0
2026-06-11 05:00:00,4101.92,4102.49,4095.16,4095.36,791.0
2026-06-11 05:15:00,4089.54,4090.7,4089.1,4089.43,122.0
2026-06-11 05:30:00,4082.26,4084.83,4071.13,4072.22,397.0
2026-06-11 05:45:00,4059.06,4061.81,4052.29,4059.63,1590.0
2026-06-11 06:00:00,4067.85,4073.98,4067.81,4073.01,536.0
2026-06-11 06:15:00,4065.36,4071.26,4065.35,4067.71,719.0
2026-06-11 06:30:00,4063.05,4067.84,4062.48,4066.73,836.0
2026-06-11 06:45:00,4067.52,4068.76,4067.52,4068.53,41.0
2026-06-11 07:00:00,4072.68,4075.06,4071.82,4072.17,207.0
2026-06-11 07:15:00,4082.65,4083.33,4079.09,4081.56,384.0
2026-06-11 07:30:00,4077.66,4083.78,4076.35,4076.35,686.0
2026-06-11 07:45:00,4082.13,4083.64,4081.98,4083.13,244.0
2026-06-11 08:00:00,4082.63,4083.2,4075.86,4077.46,456.0
2026-06-11 08:15:00,4077.07,4080.9,4075.2,4078.54,652.0
2026-06-11 08:30:00,4075.16,4095.83,4074.93,4094.68,1309.0
2026-06-11 08:45:00,4099.27,4099.52,4096.28,4097.54,143.0
2026-06-11 09:00:00,4094.18,4094.65,4088.22,4089.42,369.0
2026-06-11 09:15:00,4084.2,4087.7,4081.64,4087.07,509.0
2026-06-11 09:30:00,4086.79,4087.92,4085.04,4085.82,750.0
2026-06-11 09:45:00,4092.68,4094.1,4090.96,4091.85,801.0
2026-06-11 10:00:00,4094.27,4095.89,4093.62,4094.82,181.0
2026-06-11 10:15:00,4096.65,4102.43,4096.16,4099.93,512.0
2026-06-11 10:30:00,4107.53,4110.26,4106.75,4109.82,102.0
2026-06-11 10:45:00,4107.45,4107.46,4105.54,4106.45,186.0
2026-06-11 11:00:00,4104.59,4111.76,4104.1,4109.53,751.0
2026-06-11 11:15:00,4106.2,4108.26,4105.61,4107.9,210.0
2026-06-11 11:30:00,4097.03,4097.59,4093.9,4095.02,656.0
2026-06-11 11:45:00,4090.46,4090.99,4090.37,4090.79,22.0
2026-06-11 12:00:00,4084.32,4086.23,4083.2,4085.39,441.0
2026-06-11 12:15:00,4085.83,4085.9,4085.48,4085.53,13.0
2026-06-11 12:30:00,4079.32,4081.08,4077.38,4080.16,480.0
2026-06-11 12:45:00,4091.37,4096.29,4091.21,4094.69,697.0
2026-06-11 13:00:00,4091.46,4092.55,4090.99,4092.48,72.0
2026-06-11 13:15:00,4091.98,4092.98,4086.69,4087.41,537.0
2026-06-11 13:30:00,4087.68,4092.87,4086.49,4091.68,1501.0
2026-06-11 13:45:00,4090.31,4091.45,4089.6,4090.85,130.0
2026-06-11 14:00:00,4089.82,4090.69,4086.82,4090.65,606.0
2026-06-11 14:15:00,4086.06,4089.3,4084.03,4086.41,819.0
2026-06-11 14:30:00,4090.25,4093.75,4089.56,4093.75,99.0
2026-06-11 14:45:00,4084.73,4084.73,4082.39,4083.88,216.0
2026-06-11 15:00:00,4080.24,4081.02,4078.29,4080.68,203.0
2026-06-11 15:15:00,4076.13,4081.74,4075.49,4080.52,371.0
2026-06-11 15:30:00,4068.81,4073.91,4063.93,4072.38,386.0
2026-06-11 15:45:00,4072.88,4081.11,4069.73,4075.13,1513.0
2026-06-11 16:00:00,4081.67,4083.71,4077.82,4081.98,642.0
2026-06-11 16:15:00,4073.08,4077.22,4072.94,4073.58,1045.0
2026-06-11 16:30:00,4075.39,4081.48,4074.14,4080.42,736.0
2026-06-11 16:45:00,4076.37,4092.31,4073.44,4088.92,1928.0
2026-06-11 17:00:00,4083.29,4083.89,4081.22,4081.69,67.0
2026-06-11 17:15:00,4060.89,4066.54,4055.93,4061.34,794.0
2026-06-11 17:30:00,4074.72,4077.16,4070.44,4075.39,1522.0
2026-06-11 17:45:00,4076.14,4077.82,4075.14,4075.32,162.0
2026-06-11 18:00:00,4073.24,4075.32,4070.28,4072.27,622.0
2026-06-11 18:15:00,4080.47,4086.37,4079.62,4080.07,916.0
2026-06-11 18:30:00,4081.38,4082.64,4077.41,4078.72,985.0
2026-06-11 18:45:00,4088.17,4089.37,4087.21,4088.95,151.0
2026-06-11 19:00:00,4088.71,4093.17,4088.42,4092.87,260.0
2026-06-11 19:15:00,4102.64,4107.47,4098.44,4098.89,658.0
2026-06-11 19:30:00,4079.37,4085.73,4078.35,4085.41,965.0
2026-06-11 19:45:00,4081.69,4084.07,4080.21,4080.48,957.0
2026-06-11 20:00:00,4080.11,4080.47,4074.48,4074.99,714.0
2026-06-11 20:15:00,4075.7,4078.78,4074.3,4078.45,1008.0
2026-06-11 20:30:00,4101.46,4124.5,4101.46,4120.13,643.0
2026-06-11 20:45:00,4166.45,4166.45,4155.91,4161.03,1215.0
2026-06-11 21:00:00,4151.77,4155.46,4136.2,4137.66,1802.0
2026-06-11 21:15:00,4146.7,4152.62,4145.19,4151.4,358.0
2026-06-11 21:30:00,4152.67,4158.0,4148.99,4150.77,816.0
2026-06-11 21:45:00,4164.47,4171.47,4163.92,4169.39,914.0
2026-06-11 22:00:00,4161.77,4174.28,4161.77,4172.81,1304.0
2026-06-11 22:15:00,4188.22,4188.71,4186.1,4188.11,190.0
2026-06-11 22:30:00,4195.56,4211.57,4195.56,4209.89,471.0
2026-06-11 22:45:00,4210.11,4214.95,4209.86,4211.91,540.0
2026-06-11 23:00:00,4208.78,4215.88,4208.78,4213.08,555.0
2026-06-11 23:15:00,4213.72,4214.81,4212.2,4212.97,367.0
2026-06-11 23:30:00,4214.31,4216.31,4212.22,4212.9,505.0
2026-06-11 23:45:00,4209.6,4211.96,4209.12,4211.03,410.0
2026-06-12 01:00:00,4208.05,4220.09,4206.19,4210.56,488.0
2026-06-12 01:15:00,4209.63,4210.87,4207.21,4208.68,392.0
2026-06-12 01:30:00,4214.52,4215.95,4210.97,4212.59,625.0
2026-06-12 01:45:00,4225.79,4226.16,4225.26,4225.91,27.0
2026-06-12 02:00:00,4243.34,4245.76,4241.58,4244.58,157.0
2026-06-12 02:15:00,4223.67,4226.35,4223.03,4224.88,297.0
2026-06-12 02:30:00,4216.17,4223.46,4214.68,4216.13,514.0
2026-06-12 02:45:00,4219.36,4224.65,4217.27,4217.66,736.0
2026-06-12 03:00:00,4219.82,4222.43,4217.17,4218.18,69.0
2026-06-12 03:15:00,4216.75,4216.83,4207.23,4211.47,362.0
2026-06-12 03:30:00,4220.26,4228.5,4219.82,4227.55,295.0
2026-06-12 03:45:00,4203.97,4207.96,4201.45,4202.18,641.0
2026-06-12 04:00:00,4208.08,4210.23,4182.89,4186.62,1567.0
2026-06-12 04:15:00,4186.86,4193.71,4186.86,4191.63,462.0
2026-06-12 04:30:00,4181.04,4186.36,4176.77,4180.13,1142.0
2026-06-12 04:45:00,4179.33,4190.5,4179.33,4188.26,762.0
2026-06-12 05:00:00,4186.71,4194.24,4183.62,4191.71,1113.0
2026-06-12 05:15:00,4193.94,4194.35,4191.31,4192.16,368.0
2026-06-12 05:30:00,4188.34,4189.13,4182.64,4183.39,879.0
2026-06-12 05:45:00,4186.18,4188.51,4183.59,4183.67,494.0
2026-06-12 06:00:00,4191.41,4195.98,4189.46,4190.76,1003.0
2026-06-12 06:15:00,4193.75,4198.53,4193.53,4197.47,347.0
2026-06-12 06:30:00,4203.35,4204.46,4199.02,4201.95,744.0
2026-06-12 06:45:00,4198.84,4199.21,4196.34,4197.35,164.0
2026-06-12 07:00:00,4196.96,4197.24,4192.66,4196.77,332.0
2026-06-12 07:15:00,4194.1,4195.52,4190.3,4190.86,527.0
2026-06-12 07:30:00,4192.49,4194.48,4191.82,4194.46,193.0
2026-06-12 07:45:00,4193.26,4194.13,4189.86,4190.47,440.0
2026-06-12 08:00:00,4189.59,4192.73,4189.59,4192.14,83.0
2026-06-12 08:15:00,4188.85,4189.39,4185.24,4185.35,303.0
2026-06-12 08:30:00,4187.18,4187.62,4177.83,4180.3,1136.0
2026-06-12 08:45:00,4180.4,4180.91,4176.3,4177.66,320.0
2026-06-12 09:00:00,4173.29,4182.46,4173.18,4182.07,824.0
2026-06-12 09:15:00,4182.82,4183.09,4179.84,4179.84,86.0
2026-06-12 09:30:00,4181.98,4182.46,4175.44,4176.29,482.0
2026-06-12 09:45:00,4176.77,4177.45,4174.13,4175.57,718.0
2026-06-12 10:00:00,4184.08,4184.8,4181.59,4183.32,276.0
2026-06-12 10:15:00,4178.22,4179.01,4174.72,4175.42,716.0
2026-06-12 10:30:00,4173.92,4174.76,4173.57,4174.32,56.0
2026-06-12 10:45:00,4182.89,4183.45,4180.01,4180.64,393.0
2026-06-12 11:00:00,4194.32,4202.85,4191.89,4195.76,1378.0
2026-06-12 11:15:00,4203.74,4206.0,4199.44,4205.58,409.0
2026-06-12 11:30:00,4213.2,4219.93,4212.88,4216.29,1200.0
2026-06-12 11:45:00,4218.44,4219.88,4216.01,4219.1,405.0
2026-06-12 12:00:00,4219.52,4222.36,4217.3,4221.94,755.0
2026-06-12 12:15:00,4224.16,4224.66,4220.89,4221.28,210.0
2026-06-12 12:30:00,4221.04,4223.62,4219.1,4222.9,708.0
2026-06-12 12:45:00,4225.23,4225.36,4224.79,4225.02,28.0
2026-06-12 13:00:00,4221.53,4223.31,4219.02,4223.2,390.0
2026-06-12 13:15:00,4221.31,4222.08,4215.14,4215.9,729.0
2026-06-12 13:30:00,4206.96,4210.11,4206.54,4209.97,229.0
2026-06-12 13:45:00,4215.16,4218.58,4214.14,4215.53,598.0
2026-06-12 14:00:00,4211.35,4211.89,4206.1,4206.1,697.0
2026-06-12 14:15:00,4207.35,4207.91,4205.38,4205.38,168.0
2026-06-12 14:30:00,4202.55,4202.59,4197.46,4200.88,543.0
2026-06-12 14:45:00,4209.84,4210.58,4209.74,4210.47,19.0
2026-06-12 15:00:00,4206.92,4208.31,4202.59,4203.16,459.0
2026-06-12 15:15:00,4214.18,4215.15,4211.23,4212.58,789.0
2026-06-12 15:30:00,4200.89,4201.59,4197.37,4197.84,215.0
2026-06-12 15:45:00,4196.65,4196.83,4193.51,4195.44,624.0
2026-06-12 16:00:00,4191.46,4197.91,4186.45,4195.45,1287.0
2026-06-12 16:15:00,4198.27,4202.21,4197.22,4201.41,459.0
2026-06-12 16:30:00,4202.83,4205.26,4197.31,4198.63,1292.0
2026-06-12 16:45:00,4190.67,4193.34,4188.01,4190.05,407.0
2026-06-12 17:00:00,4185.96,4198.17,4185.05,4191.7,1021.0
2026-06-12 17:15:00,4192.87,4192.87,4191.94,4192.11,30.0
2026-06-12 17:30:00,4188.28,4189.43,4183.46,4183.78,543.0
2026-06-12 17:45:00,4184.29,4184.75,4176.97,4183.69,1236.0
2026-06-12 18:00:00,4203.89,4205.48,4202.07,4204.1,157.0
2026-06-12 18:15:00,4213.9,4216.11,4212.67,4215.88,654.0
2026-06-12 18:30:00,4225.59,4228.36,4218.46,4220.14,1290.0
2026-06-12 18:45:00,4210.97,4215.1,4210.77,4214.58,427.0
2026-06-12 19:00:00,4211.91,4213.72,4208.02,4211.37,996.0
2026-06-12 19:15:00,4221.71,4226.32,4220.86,4226.3,159.0
2026-06-12 19:30:00,4216.85,4218.56,4215.78,4217.09,581.0
2026-06-12 19:45:00,4213.22,4214.48,4211.17,4212.39,1126.0
2026-06-12 20:00:00,4215.84,4218.79,4215.84,4218.4,354.0
2026-06-12 20:15:00,4218.32,4218.55,4213.72,4216.18,697.0
2026-06-12 20:30:00,4218.96,4219.23,4217.38,4217.77,109.0
2026-06-12 20:45:00,4222.35,4223.31,4221.8,4223.11,421.0
2026-06-12 21:00:00,4221.26,4222.45,4219.44,4219.64,784.0
2026-06-12 21:15:00,4226.86,4229.02,4226.25,4227.92,260.0
2026-06-12 21:30:00,4226.45,4228.26,4224.21,4226.8,548.0
2026-06-12 21:45:00,4229.15,4229.15,4227.41,4227.41,57.0
2026-06-12 22:00:00,4215.21,4217.2,4214.23,4216.93,483.0
2026-06-12 22:15:00,4217.24,4217.24,4213.44,4214.74,671.0
2026-06-12 22:30:00,4208.48,4210.09,4207.35,4209.01,279.0
2026-06-12 22:45:00,4204.97,4205.37,4203.59,4205.02,565.0
2026-06-12 23:00:00,4210.46,4211.23,4210.05,4210.05,57.0
2026-06-12 23:15:00,4212.51,4213.35,4212.19,4212.8,134.0
2026-06-12 23:30:00,4214.36,4214.51,4212.56,4213.6,232.0
2026-06-12 23:45:00,4213.83,4214.08,4212.49,4213.23,39.0
2026-06-15 01:00:00,4260.95,4302.19,4251.29,4294.97,1668.0
2026-06-15 01:15:00,4299.72,4302.83,4299.32,4301.19,85.0
2026-06-15 01:30:00,4286.74,4287.01,4283.44,4285.43,171.0
2026-06-15 01:45:00,4285.16,4288.43,4284.83,4286.38,247.0
2026-06-15 02:00:00,4285.54,4287.26,4282.6,4283.09,575.0
2026-06-15 02:15:00,4282.87,4283.23,4281.12,4281.39,465.0
2026-06-15 02:30:00,4283.25,4285.26,4283.25,4284.42,72.0
2026-06-15 02:45:00,4285.03,4291.07,4284.1,4291.04,191.0
2026-06-15 03:00:00,4293.58,4295.56,4293.3,4294.59,414.0
2026-06-15 03:15:00,4299.94,4303.28,4299.69,4302.71,710.0
2026-06-15 03:30:00,4300.82,4305.54,4295.75,4303.11,945.0
2026-06-15 03:45:00,4297.56,4299.92,4296.69,4298.5,232.0
2026-06-15 04:00:00,4292.61,4296.29,4285.41,4295.85,691.0
2026-06-15 04:15:00,4296.15,4296.2,4289.3,4294.13,492.0
2026-06-15 04:30:00,4303.51,4311.22,4301.23,4310.82,767.0
2026-06-15 04:45:00,4317.7,4317.72,4316.81,4317.27,27.0
2026-06-15 05:00:00,4316.61,4321.36,4315.97,4320.8,275.0
2026-06-15 05:15:00,4326.47,4328.55,4325.93,4327.96,356.0
2026-06-15 05:30:00,4327.92,4332.0,4327.72,4330.06,736.0
2026-06-15 05:45:00,4330.0,4330.19,4329.41,4329.53,14.0
2026-06-15 06:00:00,4329.46,4330.94,4328.64,4328.77,318.0
2026-06-15 06:15:00,4325.19,4328.88,4324.28,4327.11,569.0
2026-06-15 06:30:00,4324.02,4327.04,4323.23,4326.26,579.0
2026-06-15 06:45:00,4322.83,4324.38,4322.83,4324.38,55.0
2026-06-15 07:00:00,4324.92,4327.53,4324.76,4326.05,176.0
2026-06-15 07:15:00,4326.32,4327.21,4323.57,4323.57,219.0
2026-06-15 07:30:00,4326.9,4327.24,4325.25,4326.8,221.0
2026-06-15 07:45:00,4327.76,4329.16,4327.59,4328.05,260.0
2026-06-15 08:00:00,4328.13,4329.33,4327.81,4328.96,57.0
2026-06-15 08:15:00,4328.7,4329.77,4327.04,4327.04,157.0
2026-06-15 08:30:00,4330.17,4332.55,4326.98,4327.55,451.0
2026-06-15 08:45:00,4312.42,4316.04,4309.42,4315.08,558.0
2026-06-15 09:00:00,4310.05,4312.82,4309.82,4311.61,774.0
2026-06-15 09:15:00,4308.77,4309.31,4308.39,4308.48,59.0
2026-06-15 09:30:00,4304.88,4305.68,4302.82,4304.42,257.0
2026-06-15 09:45:00,4306.37,4307.72,4304.48,4304.85,308.0
2026-06-15 10:00:00,4308.24,4308.55,4305.21,4306.67,514.0
2026-06-15 10:15:00,4313.64,4315.2,4313.12,4314.47,552.0
2026-06-15 10:30:00,4316.64,4316.82,4316.48,4316.64,15.0
2026-06-15 10:45:00,4316.42,4317.22,4315.48,4315.54,110.0
2026-06-15 11:00:00,4322.88,4324.27,4321.6,4322.18,335.0
2026-06-15 11:15:00,4328.74,4330.08,4327.57,4329.71,435.0
2026-06-15 11:30:00,4328.56,4340.27,4327.84,4339.83,703.0
2026-06-15 11:45:00,4340.99,4342.85,4339.89,4340.81,379.0
2026-06-15 12:00:00,4334.14,4339.77,4334.14,4339.32,618.0
2026-06-15 12:15:00,4340.01,4341.67,4337.52,4338.67,626.0
2026-06-15 12:30:00,4338.85,4338.88,4338.29,4338.29,11.0
2026-06-15 12:45:00,4335.5,4338.66,4335.01,4338.65,305.0
2026-06-15 13:00:00,4336.56,4337.41,4335.84,4336.76,413.0
2026-06-15 13:15:00,4337.76,4339.03,4337.61,4338.82,253.0
2026-06-15 13:30:00,4338.48,4340.05,4337.23,4339.52,381.0
2026-06-15 13:45:00,4337.68,4341.33,4337.52,4339.07,371.0
2026-06-15 14:00:00,4337.86,4338.81,4336.13,4338.03,538.0
2026-06-15 14:15:00,4337.84,4339.68,4336.72,4338.58,616.0
2026-06-15 14:30:00,4341.02,4346.52,4341.02,4345.81,125.0
2026-06-15 14:45:00,4338.4,4338.51,4331.68,4332.45,676.0
2026-06-15 15:00:00,4335.15,4338.53,4334.05,4338.04,626.0
2026-06-15 15:15:00,4330.96,4332.47,4330.94,4332.47,22.0
2026-06-15 15:30:00,4337.42,4341.14,4334.99,4340.2,251.0
2026-06-15 15:45:00,4345.11,4346.57,4343.29,4344.88,373.0
2026-06-15 16:00:00,4348.68,4348.68,4342.09,4342.87,682.0
2026-06-15 16:15:00,4349.49,4353.71,4349.32,4351.96,751.0
2026-06-15 16:30:00,4353.32,4355.68,4352.09,4355.55,209.0
2026-06-15 16:45:00,4363.13,4364.55,4359.38,4362.76,1122.0
2026-06-15 17:00:00,4355.21,4357.07,4354.58,4355.84,119.0
2026-06-15 17:15:00,4357.39,4360.93,4357.12,4360.07,327.0
2026-06-15 17:30:00,4363.61,4365.0,4362.59,4362.66,503.0
2026-06-15 17:45:00,4356.95,4361.78,4355.49,4358.28,614.0
2026-06-15 18:00:00,4356.7,4357.23,4351.5,4354.49,848.0
2026-06-15 18:15:00,4351.06,4355.99,4350.13,4351.81,956.0
2026-06-15 18:30:00,4353.96,4354.64,4352.97,4353.99,160.0
2026-06-15 18:45:00,4357.49,4360.68,4357.04,4357.79,340.0
2026-06-15 19:00:00,4356.16,4356.81,4354.66,4355.43,431.0
2026-06-15 19:15:00,4351.58,4352.42,4343.78,4343.91,615.0
2026-06-15 19:30:00,4342.74,4342.95,4338.37,4340.06,688.0
2026-06-15 19:45:00,4336.14,4337.02,4336.04,4336.97,62.0
2026-06-15 20:00:00,4339.13,4339.13,4334.06,4335.12,311.0
2026-06-15 20:15:00,4333.93,4334.74,4332.3,4332.44,359.0
2026-06-15 20:30:00,4329.63,4329.85,4327.54,4328.67,522.0
2026-06-15 20:45:00,4322.01,4325.24,4321.19,4322.61,681.0
2026-06-15 21:00:00,4324.71,4324.71,4324.01,4324.16,52.0
2026-06-15 21:15:00,4324.18,4324.59,4323.3,4323.43,155.0
2026-06-15 21:30:00,4324.77,4325.15,4322.03,4322.5,378.0
2026-06-15 21:45:00,4324.83,4325.29,4323.97,4324.01,335.0
2026-06-15 22:00:00,4325.56,4326.58,4321.83,4322.24,535.0
2026-06-15 22:15:00,4322.43,4322.66,4322.42,4322.56,13.0
2026-06-15 22:30:00,4321.31,4323.63,4321.31,4323.28,167.0
2026-06-15 22:45:00,4319.05,4319.9,4318.55,4319.88,243.0
2026-06-15 23:00:00,4320.57,4321.96,4319.9,4319.97,306.0
2026-06-15 23:15:00,4315.87,4318.02,4314.32,4317.94,228.0
2026-06-15 23:30:00,4312.66,4312.98,4310.59,4310.94,230.0
2026-06-15 23:45:00,4309.67,4309.69,4309.09,4309.65,32.0
2026-06-16 01:00:00,4315.66,4316.35,4308.94,4311.6,51.0
2026-06-16 01:15:00,4309.86,4310.07,4306.61,4307.41,170.0
2026-06-16 01:30:00,4308.37,4310.29,4306.71,4309.79,188.0
2026-06-16 01:45:00,4312.22,4312.45,4311.13,4311.19,169.0
2026-06-16 02:00:00,4311.88,4314.99,4311.88,4314.99,285.0
2026-06-16 02:15:00,4313.3,4314.75,4311.38,4313.22,366.0
2026-06-16 02:30:00,4315.12,4316.31,4315.07,4315.27,59.0
2026-06-16 02:45:00,4318.27,4318.46,4315.43,4315.74,170.0
2026-06-16 03:00:00,4315.5,4318.13,4313.71,4315.64,347.0
2026-06-16 03:15:00,4313.41,4315.63,4310.64,4311.05,459.0
2026-06-16 03:30:00,4308.25,4311.42,4307.8,4311.01,697.0
2026-06-16 03:45:00,4310.92,4311.87,4310.66,4311.86,54.0
2026-06-16 04:00:00,4319.19,4325.75,4315.46,4319.74,3023.0
2026-06-16 04:15:00,4319.63,4323.87,4316.28,4319.27,2577.0
2026-06-16 04:30:00,4319.33,4320.24,4313.23,4314.84,2448.0
2026-06-16 04:45:00,4314.69,4319.25,4312.07,4313.42,2117.0
2026-06-16 05:00:00,4313.43,4313.93,4307.49,4309.44,2152.0
2026-06-16 05:15:00,4309.48,4312.85,4308.19,4312.55,1227.0
2026-06-16 05:30:00,4312.66,4318.19,4309.57,4311.92,1963.0
2026-06-16 05:45:00,4311.93,4320.75,4311.13,4318.62,1849.0
2026-06-16 06:00:00,4318.47,4320.84,4317.13,4318.52,1711.0
2026-06-16 06:15:00,4318.53,4322.49,4315.37,4321.15,1740.0
2026-06-16 06:30:00,4321.14,4332.75,4319.8,4331.77,1839.0
2026-06-16 06:45:00,4331.69,4333.01,4328.93,4330.41,1543.0
2026-06-16 07:00:00,4330.32,4332.07,4325.58,4326.93,1453.0
2026-06-16 07:15:00,4326.92,4327.63,4322.02,4322.82,1326.0
2026-06-16 07:30:00,4322.83,4325.17,4321.71,4323.07,1542.0
2026-06-16 07:45:00,4323.16,4323.76,4321.16,4322.41,1403.0
2026-06-16 08:00:00,4322.42,4328.99,4322.07,4326.22,1459.0
2026-06-16 08:15:00,4326.21,4327.85,4324.52,4327.18,1258.0
2026-06-16 08:30:00,4327.07,4330.67,4315.94,4317.58,2632.0
2026-06-16 08:45:00,4317.59,4320.95,4314.28,4315.81,2171.0
2026-06-16 09:00:00,4315.75,4319.53,4313.46,4318.51,2086.0
2026-06-16 09:15:00,4318.5,4318.58,4314.29,4316.52,1870.0
2026-06-16 09:30:00,4316.51,4320.07,4313.98,4316.22,2031.0
2026-06-16 09:45:00,4316.21,4324.2,4316.03,4323.82,2004.0
2026-06-16 10:00:00,4323.8,4328.38,4322.52,4325.99,1855.0
2026-06-16 10:15:00,4325.98,4329.42,4324.14,4328.73,1707.0
2026-06-16 10:30:00,4328.82,4332.51,4326.11,4327.56,2035.0
2026-06-16 10:45:00,4327.52,4335.51,4326.52,4335.08,1999.0
2026-06-16 11:00:00,4335.06,4340.06,4332.74,4337.84,2007.0
2026-06-16 11:15:00,4337.87,4343.51,4337.62,4341.15,2026.0
2026-06-16 11:30:00,4341.16,4345.12,4339.16,4343.41,1891.0
2026-06-16 11:45:00,4343.27,4347.84,4340.78,4346.88,1788.0
2026-06-16 12:00:00,4346.91,4348.14,4343.98,4346.08,1795.0
2026-06-16 12:15:00,4346.12,4346.26,4338.33,4339.77,1665.0
2026-06-16 12:30:00,4339.81,4346.15,4339.32,4341.96,1731.0
2026-06-16 12:45:00,4342.06,4348.15,4340.24,4345.13,1548.0
2026-06-16 13:00:00,4345.21,4346.43,4343.04,4345.86,1303.0
2026-06-16 13:15:00,4345.85,4346.51,4343.59,4344.2,1293.0
2026-06-16 13:30:00,4344.22,4346.61,4342.08,4346.6,1327.0
2026-06-16 13:45:00,4346.58,4348.83,4346.41,4348.74,1365.0
2026-06-16 14:00:00,4348.64,4349.25,4339.45,4341.51,1839.0
2026-06-16 14:15:00,4341.41,4343.28,4338.53,4341.91,1570.0
2026-06-16 14:30:00,4341.89,4342.09,4335.17,4338.81,1996.0
2026-06-16 14:45:00,4338.72,4341.47,4336.75,4340.87,1721.0
2026-06-16 15:00:00,4340.79,4345.47,4338.08,4344.48,2026.0
2026-06-16 15:15:00,4344.49,4344.94,4337.27,4343.6,2157.0
2026-06-16 15:30:00,4343.63,4349.52,4341.54,4349.35,2284.0
2026-06-16 15:45:00,4349.36,4354.8,4348.49,4354.57,2183.0
2026-06-16 16:00:00,4354.44,4354.66,4342.09,4343.61,2814.0
2026-06-16 16:15:00,4343.78,4344.9,4333.13,4334.99,2722.0
2026-06-16 16:30:00,4334.89,4340.53,4333.63,4338.83,3158.0
2026-06-16 16:45:00,4338.78,4340.43,4331.57,4331.79,2992.0
2026-06-16 17:00:00,4331.76,4338.63,4331.45,4335.39,2878.0
2026-06-16 17:15:00,4335.31,4335.31,4317.57,4319.33,3360.0
2026-06-16 17:30:00,4319.44,4328.23,4313.19,4324.34,3239.0
2026-06-16 17:45:00,4324.27,4327.19,4321.45,4323.88,2847.0
2026-06-16 18:00:00,4324.03,4326.99,4322.26,4324.46,2647.0
2026-06-16 18:15:00,4324.34,4328.46,4320.97,4325.71,2485.0
2026-06-16 18:30:00,4325.83,4328.62,4322.89,4326.56,2542.0
2026-06-16 18:45:00,4326.45,4343.27,4321.99,4335.2,3070.0
2026-06-16 19:00:00,4335.13,4346.77,4334.81,4345.8,2791.0
2026-06-16 19:15:00,4345.9,4346.66,4341.7,4344.48,2385.0
2026-06-16 19:30:00,4344.45,4345.07,4340.04,4344.01,2205.0
2026-06-16 19:45:00,4343.88,4346.33,4339.98,4340.5,2079.0
2026-06-16 20:00:00,4340.4,4341.05,4334.14,4335.52,2114.0
2026-06-16 20:15:00,4335.5,4335.87,4325.32,4334.63,2621.0
2026-06-16 20:30:00,4334.64,4339.94,4334.13,4338.4,2257.0
2026-06-16 20:45:00,4338.36,4340.39,4335.92,4340.24,1806.0
2026-06-16 21:00:00,4340.21,4342.6,4339.06,4341.67,1866.0
2026-06-16 21:15:00,4341.68,4342.22,4338.94,4341.29,1798.0
2026-06-16 21:30:00,4341.28,4342.64,4338.26,4338.71,1704.0
2026-06-16 21:45:00,4338.77,4339.95,4336.1,4338.39,1463.0
2026-06-16 22:00:00,4338.42,4342.75,4337.74,4339.06,1840.0
2026-06-16 22:15:00,4339.07,4341.03,4336.49,4339.47,1785.0
2026-06-16 22:30:00,4339.5,4339.95,4336.82,4338.48,1684.0
2026-06-16 22:45:00,4338.5,4339.59,4330.53,4333.95,2162.0
2026-06-16 23:00:00,4333.82,4333.97,4330.99,4331.05,1226.0
2026-06-16 23:15:00,4330.99,4334.01,4330.77,4332.73,703.0
2026-06-16 23:30:00,4332.72,4334.88,4331.4,4333.38,646.0
2026-06-16 23:45:00,4333.43,4333.43,4329.5,4330.82,574.0
2026-06-17 01:00:00,4333.04,4335.8,4330.54,4332.22,602.0
2026-06-17 01:15:00,4332.33,4332.95,4328.92,4330.03,771.0
2026-06-17 01:30:00,4330.04,4333.08,4330.04,4332.56,739.0
2026-06-17 01:45:00,4332.58,4335.89,4332.14,4335.33,661.0
2026-06-17 02:00:00,4335.26,4338.2,4333.81,4336.46,692.0
2026-06-17 02:15:00,4336.44,4336.85,4335.57,4336.01,425.0
2026-06-17 02:30:00,4335.98,4336.39,4332.94,4334.48,711.0
2026-06-17 02:45:00,4334.4,4334.92,4329.54,4330.82,1062.0
2026-06-17 03:00:00,4331.0,4339.92,4328.42,4337.51,2036.0
2026-06-17 03:15:00,4337.6,4341.63,4336.59,4337.23,1721.0
2026-06-17 03:30:00,4337.25,4338.77,4334.64,4335.24,1288.0
2026-06-17 03:45:00,4335.23,4337.73,4332.13,4336.99,1631.0
2026-06-17 04:00:00,4336.98,4349.5,4334.37,4347.53,2785.0
2026-06-17 04:15:00,4347.64,4347.72,4339.18,4343.27,2223.0
2026-06-17 04:30:00,4343.16,4344.06,4337.82,4339.47,2021.0
2026-06-17 04:45:00,4339.45,4343.45,4336.84,4340.81,1946.0
2026-06-17 05:00:00,4340.8,4344.09,4339.8,4342.07,1873.0
2026-06-17 05:15:00,4342.09,4344.27,4339.57,4340.45,1312.0
2026-06-17 05:30:00,4340.51,4343.67,4337.66,4338.71,2010.0
2026-06-17 05:45:00,4338.59,4338.77,4329.67,4331.47,2158.0
2026-06-17 06:00:00,4331.41,4333.94,4329.33,4330.39,1667.0
2026-06-17 06:15:00,4330.25,4332.26,4328.55,4331.52,1785.0
2026-06-17 06:30:00,4331.54,4333.38,4330.14,4333.12,1299.0
2026-06-17 06:45:00,4333.11,4333.66,4330.5,4332.15,1143.0
2026-06-17 07:00:00,4332.1,4332.2,4328.52,4330.67,1079.0
2026-06-17 07:15:00,4330.63,4334.02,4324.03,4324.45,1259.0
2026-06-17 07:30:00,4324.32,4325.55,4317.58,4322.99,1458.0
2026-06-17 07:45:00,4323.01,4326.64,4322.29,4326.64,1112.0
2026-06-17 08:00:00,4326.5,4327.7,4321.28,4322.49,1319.0
2026-06-17 08:15:00,4322.43,4327.59,4321.1,4327.07,1495.0
2026-06-17 08:30:00,4327.16,4333.0,4326.75,4329.64,2109.0
2026-06-17 08:45:00,4329.63,4334.03,4324.33,4326.37,1959.0
2026-06-17 09:00:00,4326.55,4329.94,4324.36,4329.37,2087.0
2026-06-17 09:15:00,4329.15,4329.3,4320.39,4324.28,2045.0
2026-06-17 09:30:00,4324.23,4329.01,4322.44,4327.6,1999.0
2026-06-17 09:45:00,4327.56,4331.67,4326.59,4331.61,1617.0
2026-06-17 10:00:00,4331.48,4332.75,4326.92,4327.14,1974.0
2026-06-17 10:15:00,4327.22,4332.63,4326.56,4328.98,1924.0
2026-06-17 10:30:00,4328.93,4331.63,4325.32,4328.8,1718.0
2026-06-17 10:45:00,4328.79,4329.34,4324.58,4325.08,1629.0
2026-06-17 11:00:00,4324.98,4327.74,4322.08,4322.78,2095.0
2026-06-17 11:15:00,4322.77,4324.76,4319.62,4323.51,2207.0
2026-06-17 11:30:00,4323.49,4324.24,4319.17,4319.97,1916.0
2026-06-17 11:45:00,4319.87,4325.39,4317.49,4324.67,1838.0
2026-06-17 12:00:00,4324.64,4325.74,4321.25,4325.19,1642.0
2026-06-17 12:15:00,4325.22,4333.12,4325.2,4331.83,1910.0
2026-06-17 12:30:00,4331.86,4335.45,4328.26,4328.45,1703.0
2026-06-17 12:45:00,4328.44,4329.57,4325.57,4329.45,1450.0
2026-06-17 13:00:00,4329.46,4330.92,4327.61,4330.73,1603.0
2026-06-17 13:15:00,4330.75,4330.85,4326.62,4328.93,1516.0
2026-06-17 13:30:00,4328.96,4331.15,4327.14,4330.87,1416.0
2026-06-17 13:45:00,4330.85,4335.06,4330.71,4331.36,1699.0
2026-06-17 14:00:00,4331.42,4331.8,4327.79,4329.02,1921.0
2026-06-17 14:15:00,4328.9,4331.68,4327.96,4328.72,1596.0
2026-06-17 14:30:00,4328.83,4328.86,4324.31,4325.84,1697.0
2026-06-17 14:45:00,4325.79,4327.11,4320.79,4323.08,1760.0
2026-06-17 15:00:00,4323.22,4324.74,4319.78,4323.41,2003.0
2026-06-17 15:15:00,4323.39,4327.63,4321.73,4325.24,1730.0
2026-06-17 15:30:00,4325.23,4332.11,4322.92,4331.58,1903.0
2026-06-17 15:45:00,4331.33,4335.17,4331.11,4333.56,1781.0
2026-06-17 16:00:00,4333.55,4334.23,4324.01,4331.78,2560.0
2026-06-17 16:15:00,4331.8,4338.29,4330.89,4335.4,2222.0
2026-06-17 16:30:00,4335.44,4341.82,4332.56,4341.67,3039.0
2026-06-17 16:45:00,4341.69,4345.13,4339.24,4339.86,2805.0
2026-06-17 17:00:00,4339.7,4345.94,4335.64,4342.31,2953.0
2026-06-17 17:15:00,4342.23,4362.11,4341.01,4360.3,3103.0
2026-06-17 17:30:00,4360.06,4363.82,4347.34,4351.9,3099.0
2026-06-17 17:45:00,4351.93,4355.22,4330.98,4344.41,3528.0
2026-06-17 18:00:00,4344.25,4348.34,4343.83,4348.03,2940.0
2026-06-17 18:15:00,4347.87,4359.95,4346.91,4355.39,2885.0
2026-06-17 18:30:00,4355.3,4361.08,4354.63,4358.12,2224.0
2026-06-17 18:45:00,4358.16,4364.63,4357.35,4363.42,2104.0
2026-06-17 19:00:00,4363.44,4365.58,4360.6,4362.15,2070.0
2026-06-17 19:15:00,4362.21,4366.38,4360.61,4365.09,1839.0
2026-06-17 19:30:00,4365.11,4365.11,4355.11,4357.54,1855.0
2026-06-17 19:45:00,4357.62,4359.51,4356.13,4359.39,1616.0
2026-06-17 20:00:00,4359.43,4361.03,4355.35,4358.94,2086.0
2026-06-17 20:15:00,4358.93,4363.94,4357.88,4361.28,2193.0
2026-06-17 20:30:00,4361.23,4382.02,4360.79,4376.34,2926.0
2026-06-17 20:45:00,4376.37,4382.06,4374.14,4379.93,2330.0
2026-06-17 21:00:00,4378.14,4378.14,4277.32,4284.05,5329.0
2026-06-17 21:15:00,4284.13,4308.23,4283.08,4292.49,4819.0
2026-06-17 21:30:00,4292.31,4326.95,4270.04,4323.55,5453.0
2026-06-17 21:45:00,4323.75,4331.73,4278.54,4285.87,5100.0
2026-06-17 22:00:00,4285.78,4295.01,4260.76,4264.56,5326.0
2026-06-17 22:15:00,4264.47,4265.13,4226.46,4227.06,4808.0
2026-06-17 22:30:00,4226.98,4235.48,4218.88,4230.06,4909.0
2026-06-17 22:45:00,4230.34,4246.65,4229.67,4235.73,4448.0
2026-06-17 23:00:00,4235.65,4259.95,4235.0,4257.59,3455.0
2026-06-17 23:15:00,4257.54,4269.56,4254.02,4258.06,3032.0
2026-06-17 23:30:00,4258.08,4265.34,4258.08,4259.93,2197.0
2026-06-17 23:45:00,4260.12,4262.25,4256.04,4257.54,1195.0
2026-06-18 01:00:00,4251.07,4268.27,4249.58,4265.34,1857.0
2026-06-18 01:15:00,4265.63,4271.46,4264.73,4266.92,1633.0
2026-06-18 01:30:00,4266.81,4268.63,4263.49,4263.87,1251.0
2026-06-18 01:45:00,4263.94,4270.65,4260.56,4266.67,1322.0
2026-06-18 02:00:00,4266.7,4282.26,4264.14,4281.75,1492.0
2026-06-18 02:15:00,4281.77,4283.73,4275.47,4279.95,1746.0
2026-06-18 02:30:00,4279.98,4282.54,4267.99,4276.03,1821.0
2026-06-18 02:45:00,4276.01,4279.35,4272.29,4277.81,1780.0
2026-06-18 03:00:00,4277.88,4299.07,4276.44,4297.33,3010.0
2026-06-18 03:15:00,4297.36,4301.14,4294.57,4300.51,2620.0
2026-06-18 03:30:00,4300.38,4311.47,4299.7,4310.83,2421.0
2026-06-18 03:45:00,4310.74,4315.13,4308.17,4308.38,2412.0
2026-06-18 04:00:00,4308.56,4328.49,4307.05,4323.01,3331.0
2026-06-18 04:15:00,4322.77,4323.53,4315.2,4318.92,2643.0
2026-06-18 04:30:00,4319.04,4325.02,4316.91,4322.47,2617.0
2026-06-18 04:45:00,4322.39,4325.94,4317.21,4317.74,2389.0
2026-06-18 05:00:00,4317.72,4329.85,4316.27,4326.97,2273.0
2026-06-18 05:15:00,4326.74,4329.52,4323.33,4324.35,1783.0
2026-06-18 05:30:00,4324.31,4325.33,4316.18,4316.44,2438.0
2026-06-18 05:45:00,4316.46,4318.74,4310.41,4310.83,2378.0
2026-06-18 06:00:00,4310.86,4316.26,4309.05,4311.59,2135.0
2026-06-18 06:15:00,4311.75,4316.75,4310.71,4314.59,2060.0
2026-06-18 06:30:00,4314.64,4322.54,4313.71,4318.88,1756.0
2026-06-18 06:45:00,4318.91,4320.7,4316.71,4319.66,1336.0
2026-06-18 07:00:00,4319.77,4323.83,4314.68,4317.3,1452.0
2026-06-18 07:15:00,4317.31,4318.93,4311.6,4313.61,1525.0
2026-06-18 07:30:00,4313.58,4318.21,4309.91,4309.91,1672.0
2026-06-18 07:45:00,4309.97,4317.15,4309.73,4315.95,1704.0
2026-06-18 08:00:00,4315.74,4318.19,4312.22,4315.9,1768.0
2026-06-18 08:15:00,4315.92,4323.16,4315.59,4323.16,1774.0
2026-06-18 08:30:00,4323.08,4324.52,4309.55,4310.43,2557.0
2026-06-18 08:45:00,4310.46,4311.55,4301.2,4308.01,2848.0
2026-06-18 09:00:00,4308.02,4309.76,4296.17,4298.83,2968.0
2026-06-18 09:15:00,4298.82,4305.25,4296.38,4304.94,2700.0
2026-06-18 09:30:00,4304.81,4305.31,4299.04,4301.39,2374.0
2026-06-18 09:45:00,4301.3,4307.46,4301.1,4306.44,2381.0
2026-06-18 10:00:00,4306.25,4309.04,4300.21,4307.04,2344.0
2026-06-18 10:15:00,4307.03,4309.32,4303.9,4307.61,2018.0
2026-06-18 10:30:00,4307.62,4307.62,4293.15,4297.56,2337.0
2026-06-18 10:45:00,4297.57,4298.62,4287.36,4288.57,2257.0
2026-06-18 11:00:00,4288.67,4292.72,4284.01,4286.9,2537.0
2026-06-18 11:15:00,4286.93,4289.87,4283.96,4284.74,2059.0
2026-06-18 11:30:00,4284.53,4289.71,4281.01,4281.38,2254.0
2026-06-18 11:45:00,4281.59,4281.59,4265.51,4266.58,2616.0
2026-06-18 12:00:00,4266.76,4269.25,4259.53,4267.61,2644.0
2026-06-18 12:15:00,4267.48,4273.1,4265.3,4266.13,2254.0
2026-06-18 12:30:00,4266.18,4268.89,4263.35,4268.42,2240.0
2026-06-18 12:45:00,4268.41,4273.2,4267.22,4268.39,1997.0
2026-06-18 13:00:00,4268.49,4269.83,4261.77,4267.94,2413.0
2026-06-18 13:15:00,4268.04,4272.64,4263.44,4269.37,2167.0
2026-06-18 13:30:00,4269.39,4270.72,4263.36,4264.13,1955.0
2026-06-18 13:45:00,4264.24,4266.36,4254.71,4255.32,2183.0
2026-06-18 14:00:00,4255.37,4255.62,4240.59,4247.29,2853.0
2026-06-18 14:15:00,4247.19,4249.59,4243.6,4249.01,2414.0
2026-06-18 14:30:00,4249.02,4250.11,4241.86,4243.35,2552.0
2026-06-18 14:45:00,4243.37,4245.8,4239.99,4241.94,2461.0
2026-06-18 15:00:00,4241.96,4257.71,4240.33,4256.22,2828.0
2026-06-18 15:15:00,4256.2,4269.06,4254.06,4255.13,2963.0
2026-06-18 15:30:00,4254.93,4258.47,4241.14,4243.09,3112.0
2026-06-18 15:45:00,4243.06,4247.93,4241.02,4246.5,2874.0
2026-06-18 16:00:00,4246.37,4259.23,4244.92,4259.14,2892.0
2026-06-18 16:15:00,4259.17,4263.22,4252.73,4263.1,2742.0
2026-06-18 16:30:00,4263.09,4276.53,4262.96,4264.25,3843.0
2026-06-18 16:45:00,4264.44,4265.25,4250.57,4256.52,3582.0
2026-06-18 17:00:00,4256.42,4257.59,4239.09,4241.69,3680.0
2026-06-18 17:15:00,4241.63,4255.78,4236.72,4244.25,3561.0
2026-06-18 17:30:00,4244.3,4252.08,4241.2,4244.5,3415.0
2026-06-18 17:45:00,4244.38,4254.32,4240.23,4252.29,3088.0
2026-06-18 18:00:00,4252.25,4254.59,4246.31,4246.59,3094.0
2026-06-18 18:15:00,4246.8,4249.26,4234.35,4235.61,3231.0
2026-06-18 18:30:00,4235.6,4236.49,4223.89,4231.61,3458.0
2026-06-18 18:45:00,4231.49,4231.64,4222.98,4226.66,2892.0
2026-06-18 19:00:00,4226.48,4233.12,4225.73,4227.32,2857.0
2026-06-18 19:15:00,4227.47,4228.46,4221.83,4224.85,2760.0
2026-06-18 19:30:00,4224.94,4229.18,4215.25,4221.77,2942.0
2026-06-18 19:45:00,4221.74,4222.04,4213.95,4219.3,2659.0
2026-06-18 20:00:00,4219.29,4228.45,4218.46,4227.82,2423.0
2026-06-18 20:15:00,4227.77,4231.48,4225.58,4225.99,2644.0
2026-06-18 20:30:00,4226.0,4230.18,4222.3,4229.72,2407.0
2026-06-18 20:45:00,4229.7,4232.97,4227.27,4230.21,2007.0
2026-06-18 21:00:00,4230.19,4233.05,4227.31,4228.36,2162.0
2026-06-18 21:15:00,4228.28,4229.71,4225.43,4226.23,2094.0
2026-06-18 21:30:00,4226.12,4226.12,4220.44,4224.68,2115.0
2026-06-18 21:45:00,4224.7,4225.12,4218.13,4218.27,2046.0
2026-06-18 22:00:00,4218.36,4218.86,4203.9,4207.36,2620.0
2026-06-18 22:15:00,4207.37,4208.54,4201.88,4205.06,2403.0
2026-06-18 22:30:00,4204.87,4214.44,4201.44,4213.99,2398.0
2026-06-18 22:45:00,4213.85,4218.48,4213.21,4216.88,2295.0
2026-06-18 23:00:00,4216.98,4217.89,4214.82,4217.08,1267.0
2026-06-18 23:15:00,4217.03,4219.48,4214.96,4218.92,940.0
2026-06-18 23:30:00,4218.81,4218.81,4212.82,4212.86,1069.0
2026-06-18 23:45:00,4213.09,4213.37,4207.38,4208.1,837.0
2026-06-19 01:00:00,4211.73,4213.4,4203.09,4207.99,890.0
2026-06-19 01:15:00,4208.35,4210.02,4202.74,4204.08,905.0
2026-06-19 01:30:00,4203.83,4205.56,4203.04,4204.94,818.0
2026-06-19 01:45:00,4204.9,4210.44,4204.21,4207.27,1009.0
2026-06-19 02:00:00,4207.29,4208.17,4194.11,4195.71,1541.0
2026-06-19 02:15:00,4195.82,4199.42,4193.77,4197.21,1339.0
2026-06-19 02:30:00,4196.82,4199.07,4193.87,4194.14,1309.0
2026-06-19 02:45:00,4194.16,4194.48,4186.57,4188.28,1793.0
2026-06-19 03:00:00,4188.17,4197.86,4184.39,4185.43,2679.0
2026-06-19 03:15:00,4185.45,4188.62,4184.35,4185.02,2000.0
2026-06-19 03:30:00,4185.03,4191.22,4184.36,4188.46,1732.0
2026-06-19 03:45:00,4188.37,4192.14,4187.61,4190.21,1715.0
2026-06-19 04:00:00,4190.22,4194.42,4184.28,4186.32,2042.0
2026-06-19 04:15:00,4186.35,4191.36,4183.77,4190.65,1567.0
2026-06-19 04:30:00,4190.75,4190.77,4184.45,4185.54,1725.0
2026-06-19 04:45:00,4185.53,4187.18,4183.95,4184.78,1407.0
2026-06-19 05:00:00,4184.77,4185.99,4178.42,4179.68,2031.0
2026-06-19 05:15:00,4179.85,4180.01,4174.97,4179.32,1844.0
2026-06-19 05:30:00,4179.35,4183.5,4176.99,4179.81,1359.0
2026-06-19 05:45:00,4179.89,4180.64,4171.85,4176.15,1510.0
2026-06-19 06:00:00,4176.35,4177.11,4165.97,4165.99,1825.0
2026-06-19 06:15:00,4166.01,4170.58,4165.08,4167.3,1886.0
2026-06-19 06:30:00,4167.4,4167.6,4156.65,4162.13,2147.0
2026-06-19 06:45:00,4162.14,4162.22,4145.67,4153.31,2099.0
2026-06-19 07:00:00,4153.34,4154.91,4143.1,4145.39,2538.0
2026-06-19 07:15:00,4145.35,4149.68,4141.31,4146.52,2136.0
2026-06-19 07:30:00,4146.41,4147.24,4133.34,4135.28,2254.0
2026-06-19 07:45:00,4135.27,4136.6,4124.98,4125.62,2272.0
2026-06-19 08:00:00,4125.93,4131.36,4121.69,4130.3,2500.0
2026-06-19 08:15:00,4130.33,4134.41,4125.67,4133.54,2313.0
2026-06-19 08:30:00,4133.66,4139.12,4130.43,4134.86,2305.0
2026-06-19 08:45:00,4134.87,4141.39,4132.8,4139.57,2159.0
2026-06-19 09:00:00,4139.54,4147.85,4133.55,4146.98,2617.0
2026-06-19 09:15:00,4147.03,4147.13,4139.21,4141.68,2420.0
2026-06-19 09:30:00,4141.77,4145.21,4132.73,4135.92,2385.0
2026-06-19 09:45:00,4135.91,4150.27,4134.42,4147.49,2218.0
2026-06-19 10:00:00,4147.48,4159.45,4147.48,4156.92,2479.0
2026-06-19 10:15:00,4156.94,4159.88,4152.04,4152.37,2249.0
2026-06-19 10:30:00,4152.48,4157.29,4151.06,4153.93,2122.0
2026-06-19 10:45:00,4154.17,4163.04,4151.5,4157.9,2017.0
2026-06-19 11:00:00,4157.96,4167.11,4155.31,4165.67,2391.0
2026-06-19 11:15:00,4165.65,4177.65,4165.25,4175.8,2448.0
2026-06-19 11:30:00,4176.14,4178.43,4166.68,4168.86,2055.0
2026-06-19 11:45:00,4168.85,4169.39,4164.48,4168.97,1855.0
2026-06-19 12:00:00,4168.98,4170.8,4163.54,4164.06,2028.0
2026-06-19 12:15:00,4163.92,4168.14,4161.98,4162.56,1943.0
2026-06-19 12:30:00,4162.57,4165.96,4162.44,4162.5,1640.0
2026-06-19 12:45:00,4162.49,4167.21,4160.89,4162.78,1649.0
2026-06-19 13:00:00,4162.89,4162.99,4152.84,4155.3,1949.0
2026-06-19 13:15:00,4155.1,4158.13,4152.64,4153.76,1843.0
2026-06-19 13:30:00,4153.73,4155.05,4150.15,4151.16,1955.0
2026-06-19 13:45:00,4151.11,4154.51,4148.01,4149.62,1989.0
2026-06-19 14:00:00,4149.54,4150.07,4142.48,4146.64,2208.0
2026-06-19 14:15:00,4146.55,4148.74,4143.17,4144.12,1860.0
2026-06-19 14:30:00,4144.02,4150.39,4141.8,4149.89,1836.0
2026-06-19 14:45:00,4149.84,4154.82,4148.53,4152.46,1793.0
2026-06-19 15:00:00,4152.55,4160.22,4152.23,4155.58,2020.0
2026-06-19 15:15:00,4155.6,4156.02,4151.17,4151.66,1811.0
2026-06-19 15:30:00,4151.65,4154.6,4148.13,4152.19,2077.0
2026-06-19 15:45:00,4152.22,4179.9,4147.39,4178.88,3169.0
2026-06-19 16:00:00,4178.97,4182.77,4161.03,4169.78,3204.0
2026-06-19 16:15:00,4169.94,4172.09,4161.91,4163.91,2522.0
2026-06-19 16:30:00,4163.9,4167.9,4157.79,4158.53,2541.0
2026-06-19 16:45:00,4158.51,4160.86,4150.43,4151.39,2426.0
2026-06-19 17:00:00,4151.29,4154.31,4147.7,4149.2,2411.0
2026-06-19 17:15:00,4149.32,4149.87,4143.53,4149.13,2237.0
2026-06-19 17:30:00,4149.1,4150.4,4143.19,4144.26,2179.0
2026-06-19 17:45:00,4144.33,4151.03,4142.47,4149.15,1960.0
2026-06-19 18:00:00,4149.3,4153.21,4148.01,4151.2,1866.0
2026-06-19 18:15:00,4151.23,4153.83,4149.63,4151.18,1462.0
2026-06-19 18:30:00,4151.23,4152.81,4147.55,4147.94,1367.0
2026-06-19 18:45:00,4148.01,4153.38,4148.01,4150.9,1067.0
2026-06-19 19:00:00,4150.94,4150.94,4144.46,4145.11,1083.0
2026-06-19 19:15:00,4145.19,4148.71,4144.16,4146.94,853.0
2026-06-19 19:30:00,4146.97,4153.4,4146.97,4151.63,1064.0
2026-06-19 19:45:00,4151.68,4157.75,4151.22,4151.37,830.0
2026-06-22 01:00:00,4142.58,4159.62,4128.64,4151.46,2668.0
2026-06-22 01:15:00,4151.41,4154.66,4147.97,4152.08,1919.0
2026-06-22 01:30:00,4151.89,4154.84,4150.0,4153.75,1494.0
2026-06-22 01:45:00,4153.69,4156.68,4152.32,4156.19,1229.0
2026-06-22 02:00:00,4156.06,4164.44,4155.18,4158.44,1869.0
2026-06-22 02:15:00,4158.39,4158.99,4153.83,4156.75,1764.0
2026-06-22 02:30:00,4156.73,4156.76,4141.82,4145.51,2013.0
2026-06-22 02:45:00,4145.48,4146.82,4136.41,4140.18,2407.0
2026-06-22 03:00:00,4140.35,4162.36,4139.9,4160.92,3048.0
2026-06-22 03:15:00,4160.97,4170.26,4160.86,4167.03,2693.0
2026-06-22 03:30:00,4167.35,4176.17,4165.71,4175.57,2207.0
2026-06-22 03:45:00,4175.69,4200.75,4175.47,4200.7,2692.0
2026-06-22 04:00:00,4200.96,4220.71,4200.96,4211.56,4098.0
2026-06-22 04:15:00,4211.55,4214.67,4205.0,4207.26,3297.0
2026-06-22 04:30:00,4207.15,4207.18,4194.83,4200.73,3156.0
2026-06-22 04:45:00,4200.79,4201.85,4189.6,4190.77,2800.0
2026-06-22 05:00:00,4190.8,4194.82,4183.5,4184.06,2821.0
2026-06-22 05:15:00,4184.16,4190.1,4183.49,4188.8,2004.0
2026-06-22 05:30:00,4188.53,4200.13,4186.98,4191.7,2716.0
2026-06-22 05:45:00,4191.56,4192.23,4187.53,4188.48,2367.0
2026-06-22 06:00:00,4188.61,4189.94,4178.3,4178.3,2494.0
2026-06-22 06:15:00,4178.29,4180.95,4173.62,4179.98,2392.0
2026-06-22 06:30:00,4179.9,4180.58,4175.0,4175.51,1509.0
2026-06-22 06:45:00,4175.53,4178.62,4170.66,4171.36,1655.0
2026-06-22 07:00:00,4171.35,4178.18,4170.6,4176.21,1800.0
2026-06-22 07:15:00,4176.26,4178.74,4174.31,4176.29,1620.0
2026-06-22 07:30:00,4176.3,4178.71,4174.56,4176.65,1571.0
2026-06-22 07:45:00,4176.66,4182.05,4176.09,4181.65,1564.0
2026-06-22 08:00:00,4181.68,4186.32,4179.27,4185.3,1995.0
2026-06-22 08:15:00,4185.28,4193.97,4184.38,4193.9,1877.0
2026-06-22 08:30:00,4193.85,4198.41,4189.35,4192.76,2855.0
2026-06-22 08:45:00,4192.7,4196.82,4190.22,4193.71,2316.0
2026-06-22 09:00:00,4193.74,4198.28,4191.17,4194.45,2599.0
2026-06-22 09:15:00,4194.37,4200.7,4193.79,4196.57,2478.0
2026-06-22 09:30:00,4196.45,4202.45,4194.8,4202.11,2235.0
2026-06-22 09:45:00,4202.1,4207.21,4197.14,4197.54,2350.0
2026-06-22 10:00:00,4197.76,4201.18,4197.25,4199.42,2321.0
2026-06-22 10:15:00,4199.3,4201.7,4196.92,4197.59,2013.0
2026-06-22 10:30:00,4197.67,4199.67,4192.33,4194.34,1977.0
2026-06-22 10:45:00,4194.39,4195.94,4188.45,4190.31,1910.0
2026-06-22 11:00:00,4190.15,4194.56,4188.58,4189.89,2159.0
2026-06-22 11:15:00,4189.88,4195.2,4189.14,4191.59,2192.0
2026-06-22 11:30:00,4191.72,4194.19,4188.98,4193.51,1956.0
2026-06-22 11:45:00,4193.48,4197.55,4192.17,4197.35,1817.0
2026-06-22 12:00:00,4197.22,4209.34,4195.93,4205.21,2260.0
2026-06-22 12:15:00,4205.17,4209.07,4202.97,4203.94,1890.0
2026-06-22 12:30:00,4204.05,4209.84,4201.37,4206.71,2080.0
2026-06-22 12:45:00,4206.82,4209.85,4204.24,4208.08,1626.0
2026-06-22 13:00:00,4208.2,4214.04,4207.79,4212.81,1965.0
2026-06-22 13:15:00,4212.6,4214.02,4208.13,4209.94,1751.0
2026-06-22 13:30:00,4209.93,4211.53,4208.2,4208.46,1600.0
2026-06-22 13:45:00,4208.47,4209.28,4203.58,4204.58,1556.0
2026-06-22 14:00:00,4204.6,4214.93,4204.49,4207.93,2606.0
2026-06-22 14:15:00,4207.92,4209.56,4203.33,4204.0,1725.0
2026-06-22 14:30:00,4203.91,4207.99,4202.05,4206.49,1750.0
2026-06-22 14:45:00,4206.5,4207.52,4201.37,4207.34,1735.0
2026-06-22 15:00:00,4207.48,4210.97,4205.33,4207.28,2014.0
2026-06-22 15:15:00,4207.14,4211.64,4206.08,4208.42,2096.0
2026-06-22 15:30:00,4208.34,4208.7,4200.88,4203.69,2137.0
2026-06-22 15:45:00,4203.78,4204.76,4192.09,4193.27,2234.0
2026-06-22 16:00:00,4193.36,4196.87,4188.69,4194.19,3175.0
2026-06-22 16:15:00,4194.16,4196.73,4185.32,4186.78,2763.0
2026-06-22 16:30:00,4186.68,4194.42,4182.9,4190.88,3472.0
2026-06-22 16:45:00,4190.91,4205.58,4187.49,4199.76,3345.0
2026-06-22 17:00:00,4199.77,4210.58,4193.78,4205.22,3331.0
2026-06-22 17:15:00,4205.13,4206.02,4191.02,4191.85,3390.0
2026-06-22 17:30:00,4191.86,4197.4,4186.51,4192.81,3389.0
2026-06-22 17:45:00,4192.94,4205.79,4192.83,4198.16,3345.0
2026-06-22 18:00:00,4198.17,4201.15,4194.61,4197.65,3110.0
2026-06-22 18:15:00,4197.64,4197.73,4188.11,4188.91,3001.0
2026-06-22 18:30:00,4189.0,4190.25,4180.33,4180.84,2814.0
2026-06-22 18:45:00,4180.86,4184.94,4169.74,4182.78,2973.0
2026-06-22 19:00:00,4182.8,4184.79,4174.37,4177.53,2918.0
2026-06-22 19:15:00,4177.48,4182.75,4176.15,4182.64,2398.0
2026-06-22 19:30:00,4182.61,4186.11,4181.16,4181.78,2241.0
2026-06-22 19:45:00,4181.74,4192.55,4180.77,4189.68,2011.0
2026-06-22 20:00:00,4189.83,4191.07,4185.95,4186.63,2086.0
2026-06-22 20:15:00,4186.6,4191.52,4183.21,4184.2,2137.0
2026-06-22 20:30:00,4184.04,4184.62,4176.99,4181.55,2298.0
2026-06-22 20:45:00,4181.47,4183.58,4179.94,4182.94,1882.0
2026-06-22 21:00:00,4183.09,4186.1,4182.39,4183.82,1890.0
2026-06-22 21:15:00,4183.84,4189.63,4183.84,4187.95,1934.0
2026-06-22 21:30:00,4188.03,4189.86,4186.06,4189.71,1655.0
2026-06-22 21:45:00,4189.73,4192.71,4189.55,4191.15,1771.0
2026-06-22 22:00:00,4191.29,4193.26,4190.86,4191.23,1784.0
2026-06-22 22:15:00,4191.24,4191.86,4187.25,4187.3,1848.0
2026-06-22 22:30:00,4187.27,4190.16,4184.23,4184.38,1825.0
2026-06-22 22:45:00,4184.42,4191.41,4184.07,4190.54,2185.0
2026-06-22 23:00:00,4190.65,4193.66,4190.0,4190.74,1085.0
2026-06-22 23:15:00,4190.77,4191.47,4189.78,4190.28,268.0
2026-06-22 23:30:00,4190.2,4193.66,4189.46,4192.79,615.0
2026-06-22 23:45:00,4192.84,4193.23,4190.64,4192.26,505.0
2026-06-23 01:00:00,4189.99,4194.37,4189.99,4192.46,762.0
2026-06-23 01:15:00,4192.47,4193.29,4191.2,4192.85,454.0
2026-06-23 01:30:00,4192.76,4194.45,4189.41,4189.85,871.0
2026-06-23 01:45:00,4189.86,4190.6,4188.43,4189.81,693.0
2026-06-23 02:00:00,4189.84,4192.84,4189.43,4190.88,689.0
2026-06-23 02:15:00,4190.89,4191.72,4190.18,4190.94,431.0
2026-06-23 02:30:00,4190.78,4195.21,4190.67,4194.85,825.0
2026-06-23 02:45:00,4194.86,4194.86,4186.68,4187.47,1323.0
2026-06-23 03:00:00,4187.46,4192.08,4178.27,4178.73,2230.0
2026-06-23 03:15:00,4178.72,4185.61,4178.71,4183.7,2054.0
2026-06-23 03:30:00,4183.69,4193.3,4182.23,4192.54,2236.0
2026-06-23 03:45:00,4192.52,4194.52,4189.98,4193.18,2375.0
2026-06-23 04:00:00,4193.31,4198.12,4184.91,4185.24,3010.0
2026-06-23 04:15:00,4185.44,4185.67,4170.8,4178.11,3036.0
2026-06-23 04:30:00,4178.12,4178.52,4153.41,4154.28,3240.0
2026-06-23 04:45:00,4154.15,4162.84,4150.04,4161.14,3127.0
2026-06-23 05:00:00,4161.27,4163.0,4148.93,4153.62,2841.0
2026-06-23 05:15:00,4153.57,4163.36,4153.39,4161.8,2047.0
2026-06-23 05:30:00,4161.48,4162.18,4152.25,4154.89,2567.0
2026-06-23 05:45:00,4154.88,4156.67,4146.51,4146.79,2470.0
2026-06-23 06:00:00,4146.83,4149.5,4138.75,4141.98,2767.0
2026-06-23 06:15:00,4141.86,4143.97,4130.72,4140.64,2734.0
2026-06-23 06:30:00,4140.53,4140.96,4133.53,4138.77,2216.0
2026-06-23 06:45:00,4138.65,4144.85,4136.48,4143.9,1884.0
2026-06-23 07:00:00,4144.02,4146.81,4141.78,4143.17,1700.0
2026-06-23 07:15:00,4143.13,4143.13,4137.12,4139.79,1681.0
2026-06-23 07:30:00,4139.68,4140.11,4135.12,4138.37,1904.0
2026-06-23 07:45:00,4138.54,4140.07,4114.95,4118.07,1949.0
2026-06-23 08:00:00,4118.2,4137.24,4115.34,4129.71,2600.0
2026-06-23 08:15:00,4129.7,4130.69,4123.54,4125.06,2108.0
2026-06-23 08:30:00,4125.2,4133.6,4117.19,4127.61,3401.0
2026-06-23 08:45:00,4127.49,4127.66,4116.76,4121.06,2916.0
2026-06-23 09:00:00,4121.4,4126.84,4111.23,4122.56,3349.0
2026-06-23 09:15:00,4122.59,4126.65,4114.31,4116.35,2916.0
2026-06-23 09:30:00,4116.46,4120.96,4110.78,4113.33,2969.0
2026-06-23 09:45:00,4113.38,4120.19,4110.18,4114.3,2887.0
2026-06-23 10:00:00,4114.21,4124.62,4110.3,4115.53,2989.0
2026-06-23 10:15:00,4115.7,4122.66,4113.56,4118.04,2443.0
2026-06-23 10:30:00,4117.92,4119.27,4103.67,4104.83,2782.0
2026-06-23 10:45:00,4104.78,4107.99,4096.64,4098.64,2749.0
2026-06-23 11:00:00,4098.45,4099.92,4090.82,4093.9,3136.0
2026-06-23 11:15:00,4093.79,4099.83,4092.29,4098.15,2751.0
2026-06-23 11:30:00,4098.06,4110.78,4096.7,4109.4,2783.0
2026-06-23 11:45:00,4109.5,4109.54,4101.79,4105.18,2503.0
2026-06-23 12:00:00,4105.27,4113.55,4103.96,4111.04,2379.0
2026-06-23 12:15:00,4111.14,4116.86,4108.88,4112.62,2309.0
2026-06-23 12:30:00,4112.61,4119.85,4112.23,4117.1,2240.0
2026-06-23 12:45:00,4117.25,4122.2,4115.34,4122.2,1927.0
2026-06-23 13:00:00,4122.31,4133.3,4122.31,4129.39,2368.0
2026-06-23 13:15:00,4129.55,4132.93,4126.69,4130.25,2154.0
2026-06-23 13:30:00,4130.26,4132.02,4124.27,4126.43,2313.0
2026-06-23 13:45:00,4126.42,4126.7,4119.59,4119.71,2401.0
2026-06-23 14:00:00,4119.97,4129.56,4117.43,4129.03,2479.0
2026-06-23 14:15:00,4128.92,4131.8,4124.34,4127.14,2410.0
2026-06-23 14:30:00,4127.15,4128.69,4118.56,4121.05,2452.0
2026-06-23 14:45:00,4121.06,4126.09,4118.25,4123.21,2443.0
2026-06-23 15:00:00,4123.06,4127.23,4112.95,4113.97,2567.0
2026-06-23 15:15:00,4113.96,4119.88,4111.67,4114.96,2719.0
2026-06-23 15:30:00,4115.05,4122.48,4114.14,4117.77,2563.0
2026-06-23 15:45:00,4117.78,4121.66,4112.46,4113.18,2511.0
2026-06-23 16:00:00,4113.28,4119.27,4107.96,4113.44,3208.0
2026-06-23 16:15:00,4113.41,4119.22,4105.34,4115.9,3014.0
2026-06-23 16:30:00,4115.93,4128.64,4110.06,4126.4,3922.0
2026-06-23 16:45:00,4126.38,4140.33,4124.57,4135.52,3745.0
2026-06-23 17:00:00,4135.4,4144.85,4133.16,4137.54,3633.0
2026-06-23 17:15:00,4137.46,4142.77,4128.7,4132.57,3610.0
2026-06-23 17:30:00,4132.66,4132.92,4122.88,4126.16,3705.0
2026-06-23 17:45:00,4126.08,4130.22,4123.7,4130.04,3389.0
2026-06-23 18:00:00,4130.05,4135.4,4123.45,4128.11,3318.0
2026-06-23 18:15:00,4128.14,4130.54,4123.81,4127.17,2832.0
2026-06-23 18:30:00,4127.15,4141.46,4126.6,4138.62,3101.0
2026-06-23 18:45:00,4138.72,4139.63,4133.79,4138.52,2703.0
2026-06-23 19:00:00,4138.53,4139.71,4133.7,4135.23,2253.0
2026-06-23 19:15:00,4135.32,4138.17,4132.89,4136.32,2271.0
2026-06-23 19:30:00,4136.22,4143.61,4135.0,4143.23,2257.0
2026-06-23 19:45:00,4143.25,4143.74,4131.49,4134.17,2323.0
2026-06-23 20:00:00,4134.07,4139.63,4129.96,4138.4,2488.0
2026-06-23 20:15:00,4138.41,4138.49,4129.93,4130.99,2320.0
2026-06-23 20:30:00,4131.13,4132.22,4127.73,4132.07,2074.0
2026-06-23 20:45:00,4132.1,4133.01,4127.76,4127.92,2062.0
2026-06-23 21:00:00,4127.9,4130.95,4123.66,4124.28,2093.0
2026-06-23 21:15:00,4124.23,4125.49,4120.56,4120.96,1924.0
2026-06-23 21:30:00,4120.82,4122.62,4115.9,4115.95,1904.0
2026-06-23 21:45:00,4115.97,4118.0,4112.71,4117.62,2428.0
2026-06-23 22:00:00,4117.83,4125.94,4116.74,4121.2,2522.0
2026-06-23 22:15:00,4121.19,4122.26,4117.36,4121.67,2351.0
2026-06-23 22:30:00,4121.74,4124.18,4120.52,4120.86,2346.0
2026-06-23 22:45:00,4120.85,4121.16,4111.5,4111.5,2591.0
2026-06-23 23:00:00,4111.65,4112.82,4108.68,4110.01,1348.0
2026-06-23 23:15:00,4110.09,4111.17,4107.37,4110.75,1052.0
2026-06-23 23:30:00,4110.67,4111.68,4108.86,4110.56,733.0
2026-06-23 23:45:00,4110.34,4111.26,4108.63,4109.56,649.0
2026-06-24 01:00:00,4112.53,4117.23,4110.98,4113.9,1038.0
2026-06-24 01:15:00,4113.89,4115.03,4104.57,4105.92,1736.0
2026-06-24 01:30:00,4106.17,4108.28,4097.13,4104.13,2026.0
2026-06-24 01:45:00,4104.07,4108.98,4103.66,4104.27,1717.0
2026-06-24 02:00:00,4104.34,4104.34,4094.85,4099.64,1887.0
2026-06-24 02:15:00,4099.66,4100.74,4097.08,4097.43,1291.0
2026-06-24 02:30:00,4097.44,4098.1,4080.85,4086.2,2426.0
2026-06-24 02:45:00,4086.25,4100.28,4085.92,4098.93,2474.0
2026-06-24 03:00:00,4099.08,4111.91,4094.59,4107.21,3188.0
2026-06-24 03:15:00,4107.06,4109.31,4093.73,4099.66,2851.0
2026-06-24 03:30:00,4099.62,4100.31,4093.76,4095.1,2533.0
2026-06-24 03:45:00,4094.97,4099.83,4094.24,4097.28,2595.0
2026-06-24 04:00:00,4097.23,4097.7,4068.43,4089.62,4049.0
2026-06-24 04:15:00,4089.66,4100.52,4083.52,4098.4,3557.0
2026-06-24 04:30:00,4098.26,4102.11,4091.82,4092.69,3480.0
2026-06-24 04:45:00,4092.71,4092.92,4082.3,4088.93,3059.0
2026-06-24 05:00:00,4088.82,4095.75,4079.65,4079.96,2995.0
2026-06-24 05:15:00,4079.98,4080.97,4071.24,4073.5,2430.0
2026-06-24 05:30:00,4073.47,4076.48,4052.12,4057.17,3146.0
2026-06-24 05:45:00,4057.22,4069.39,4054.86,4061.03,2835.0
2026-06-24 06:00:00,4061.03,4065.32,4052.67,4057.58,2971.0
2026-06-24 06:15:00,4057.55,4058.82,4050.39,4056.52,2841.0
2026-06-24 06:30:00,4056.64,4069.57,4055.65,4068.36,2676.0
2026-06-24 06:45:00,4068.46,4070.53,4061.97,4062.67,2272.0
2026-06-24 07:00:00,4062.65,4063.68,4055.71,4058.74,2347.0
2026-06-24 07:15:00,4058.64,4067.03,4054.93,4063.07,2337.0
2026-06-24 07:30:00,4063.18,4066.54,4062.52,4063.57,2162.0
2026-06-24 07:45:00,4063.54,4066.73,4061.86,4064.4,1832.0
2026-06-24 08:00:00,4064.37,4069.88,4060.68,4067.58,2256.0
2026-06-24 08:15:00,4067.54,4074.37,4065.49,4073.37,2286.0
2026-06-24 08:30:00,4073.43,4086.11,4072.29,4077.16,2917.0
2026-06-24 08:45:00,4077.04,4079.98,4071.32,4075.77,2456.0
2026-06-24 09:00:00,4076.23,4096.97,4075.9,4095.86,3257.0
2026-06-24 09:15:00,4096.08,4097.44,4083.42,4087.48,2849.0
2026-06-24 09:30:00,4087.51,4093.83,4084.5,4091.77,2630.0
2026-06-24 09:45:00,4091.78,4094.47,4084.4,4087.02,2474.0
2026-06-24 10:00:00,4086.97,4090.67,4085.34,4086.05,2400.0
2026-06-24 10:15:00,4086.19,4087.64,4083.15,4084.33,2036.0
2026-06-24 10:30:00,4084.3,4085.2,4075.86,4082.33,2356.0
2026-06-24 10:45:00,4082.35,4085.95,4073.61,4073.96,2218.0
2026-06-24 11:00:00,4074.73,4078.07,4073.04,4073.89,2506.0
2026-06-24 11:15:00,4073.88,4080.55,4073.17,4080.43,2304.0
2026-06-24 11:30:00,4080.35,4087.44,4079.13,4082.99,2384.0
2026-06-24 11:45:00,4082.98,4083.3,4075.5,4076.18,1974.0
2026-06-24 12:00:00,4076.09,4078.23,4069.83,4076.15,2243.0
2026-06-24 12:15:00,4075.99,4078.96,4068.3,4069.25,1937.0
2026-06-24 12:30:00,4069.35,4072.04,4065.41,4068.25,2129.0
2026-06-24 12:45:00,4068.27,4070.89,4064.06,4064.47,1926.0
2026-06-24 13:00:00,4064.66,4066.08,4058.9,4060.95,2247.0
2026-06-24 13:15:00,4060.84,4060.88,4055.0,4060.7,2249.0
2026-06-24 13:30:00,4060.68,4066.77,4056.6,4064.77,2172.0
2026-06-24 13:45:00,4064.78,4065.59,4054.45,4055.53,2087.0
2026-06-24 14:00:00,4055.58,4058.38,4044.7,4045.89,2544.0
2026-06-24 14:15:00,4045.84,4046.81,4037.47,4044.16,2910.0
2026-06-24 14:30:00,4044.15,4051.27,4043.4,4045.9,2836.0
2026-06-24 14:45:00,4045.78,4056.12,4039.08,4046.51,3274.0
2026-06-24 15:00:00,4046.75,4048.68,4035.19,4038.09,3188.0
2026-06-24 15:15:00,4038.32,4041.85,4006.3,4015.13,3500.0
2026-06-24 15:30:00,4015.37,4020.68,4007.33,4013.33,3509.0
2026-06-24 15:45:00,4013.34,4017.42,3987.59,3987.69,3732.0
2026-06-24 16:00:00,3987.92,3995.39,3966.97,3971.64,4640.0
2026-06-24 16:15:00,3971.54,3977.05,3964.47,3975.33,4016.0
2026-06-24 16:30:00,3975.35,4017.97,3974.12,4015.31,4543.0
2026-06-24 16:45:00,4015.16,4041.85,4009.16,4038.3,4395.0
2026-06-24 17:00:00,4038.15,4040.94,4018.81,4019.86,4299.0
2026-06-24 17:15:00,4019.76,4027.86,4014.26,4023.61,4000.0
2026-06-24 17:30:00,4023.73,4034.2,4011.09,4015.62,3624.0
2026-06-24 17:45:00,4015.69,4015.69,4002.91,4007.91,3348.0
2026-06-24 18:00:00,4008.07,4009.86,3997.22,4001.86,3465.0
2026-06-24 18:15:00,4001.8,4014.67,3999.44,4014.67,3265.0
2026-06-24 18:30:00,4014.72,4015.16,4001.15,4006.25,3094.0
2026-06-24 18:45:00,4006.1,4016.65,3999.9,4002.35,3106.0
2026-06-24 19:00:00,4002.97,4006.36,3995.44,4002.57,3257.0
2026-06-24 19:15:00,4002.59,4016.85,4001.55,4015.99,2946.0
2026-06-24 19:30:00,4015.98,4022.1,4009.34,4011.45,3180.0
2026-06-24 19:45:00,4011.46,4012.07,4006.09,4006.56,2593.0
2026-06-24 20:00:00,4006.65,4011.13,4004.42,4005.7,2725.0
2026-06-24 20:15:00,4005.83,4007.13,3990.0,3990.43,3448.0
2026-06-24 20:30:00,3990.44,3990.83,3982.98,3984.28,3504.0
2026-06-24 20:45:00,3984.26,3986.88,3972.61,3972.61,3454.0
2026-06-24 21:00:00,3972.66,3992.24,3959.21,3988.78,4164.0
2026-06-24 21:15:00,3988.95,3992.22,3979.35,3990.02,3530.0
2026-06-24 21:30:00,3990.1,3994.12,3981.4,3983.42,2927.0
2026-06-24 21:45:00,3983.38,3984.14,3976.83,3981.27,2852.0
2026-06-24 22:00:00,3981.47,3984.91,3973.46,3976.23,2968.0
2026-06-24 22:15:00,3976.25,3984.22,3973.87,3983.95,2629.0
2026-06-24 22:30:00,3983.94,3988.52,3979.4,3982.63,2731.0
2026-06-24 22:45:00,3982.72,3990.59,3980.87,3987.98,2950.0
2026-06-24 23:00:00,3987.86,4002.67,3984.66,3995.18,2903.0
2026-06-24 23:15:00,3995.31,4000.88,3992.15,3999.97,2101.0
2026-06-24 23:30:00,3999.96,4001.21,3995.59,3998.82,1633.0
2026-06-24 23:45:00,3998.87,4001.13,3996.5,4000.93,1019.0
2026-06-25 01:00:00,4001.12,4008.78,4000.83,4001.64,1520.0
2026-06-25 01:15:00,4001.69,4002.96,4000.36,4002.0,951.0
2026-06-25 01:30:00,4002.4,4006.59,3999.52,4002.32,1664.0
2026-06-25 01:45:00,4002.45,4002.55,3992.9,3996.31,1529.0
2026-06-25 02:00:00,3996.32,3998.47,3990.85,3994.97,1999.0
2026-06-25 02:15:00,3995.01,4000.46,3994.9,3998.06,1318.0
2026-06-25 02:30:00,3998.08,4018.52,3997.99,4014.32,1933.0
2026-06-25 02:45:00,4014.17,4017.52,4009.45,4012.28,1963.0
2026-06-25 03:00:00,4012.45,4016.24,4003.86,4005.36,2880.0
2026-06-25 03:15:00,4005.48,4006.0,3995.31,3996.31,2839.0
2026-06-25 03:30:00,3996.33,3996.33,3981.4,3985.41,2728.0
2026-06-25 03:45:00,3985.32,4001.08,3978.51,3991.39,3047.0
2026-06-25 04:00:00,3991.28,4005.87,3982.33,3986.74,4014.0
2026-06-25 04:15:00,3986.69,3999.96,3983.85,3990.63,3482.0
2026-06-25 04:30:00,3990.58,3995.61,3977.07,3981.74,3394.0
2026-06-25 04:45:00,3981.72,3988.49,3972.51,3976.6,3287.0
2026-06-25 05:00:00,3976.67,3981.66,3963.36,3967.72,3490.0
2026-06-25 05:15:00,3967.73,3990.81,3967.4,3986.36,2940.0
2026-06-25 05:30:00,3986.53,3988.05,3974.66,3978.42,3160.0
2026-06-25 05:45:00,3978.51,3984.22,3975.64,3983.1,2957.0
2026-06-25 06:00:00,3982.82,3989.13,3966.23,3970.56,3048.0
2026-06-25 06:15:00,3970.53,3982.99,3967.66,3976.21,2941.0
2026-06-25 06:30:00,3976.09,3977.02,3968.79,3975.0,2403.0
2026-06-25 06:45:00,3975.02,4000.97,3974.4,3995.45,2660.0
2026-06-25 07:00:00,3995.7,3997.51,3989.41,3989.41,2354.0
2026-06-25 07:15:00,3989.22,3997.47,3987.6,3994.47,2165.0
2026-06-25 07:30:00,3994.46,3995.85,3983.59,3991.86,2071.0
2026-06-25 07:45:00,3991.88,3997.05,3991.24,3995.96,1897.0
2026-06-25 08:00:00,3995.97,3999.87,3992.15,3998.21,2301.0
2026-06-25 08:15:00,3998.24,3998.87,3989.09,3994.47,2384.0
2026-06-25 08:30:00,3994.13,3997.37,3981.76,3983.12,3081.0
2026-06-25 08:45:00,3983.13,3991.39,3980.44,3986.33,2778.0
2026-06-25 09:00:00,3986.35,3989.07,3979.87,3980.07,2714.0
2026-06-25 09:15:00,3980.06,3986.68,3973.95,3984.24,2842.0
2026-06-25 09:30:00,3984.17,3984.94,3976.6,3982.06,2836.0
2026-06-25 09:45:00,3982.08,3984.12,3975.92,3977.15,2530.0
2026-06-25 10:00:00,3977.29,3985.94,3973.45,3979.89,2589.0
2026-06-25 10:15:00,3979.9,3989.71,3977.51,3985.03,2397.0
2026-06-25 10:30:00,3985.09,3989.29,3973.54,3974.46,2536.0
2026-06-25 10:45:00,3974.43,3988.83,3971.38,3987.81,2367.0
2026-06-25 11:00:00,3987.92,3995.18,3984.29,3986.81,2720.0
2026-06-25 11:15:00,3986.77,4001.28,3986.16,3993.59,2619.0
2026-06-25 11:30:00,3994.48,4001.91,3993.76,3999.49,2407.0
2026-06-25 11:45:00,3999.61,3999.68,3988.48,3989.09,2163.0
2026-06-25 12:00:00,3989.21,3996.42,3989.11,3990.99,2272.0
2026-06-25 12:15:00,3990.94,3995.27,3989.26,3993.91,2101.0
2026-06-25 12:30:00,3993.86,3997.51,3986.08,3988.23,2400.0
2026-06-25 12:45:00,3988.15,3993.31,3987.47,3988.13,1699.0
2026-06-25 13:00:00,3988.04,3989.11,3983.46,3984.27,1770.0
2026-06-25 13:15:00,3984.16,3989.17,3983.13,3989.08,1760.0
2026-06-25 13:30:00,3989.09,3989.26,3984.6,3985.45,1707.0
2026-06-25 13:45:00,3985.46,3985.57,3981.14,3984.21,1664.0
2026-06-25 14:00:00,3984.24,3986.02,3981.93,3983.17,1928.0
2026-06-25 14:15:00,3983.15,3983.15,3976.0,3977.11,2031.0
2026-06-25 14:30:00,3977.1,3986.11,3973.59,3984.75,2157.0
2026-06-25 14:45:00,3984.74,3987.69,3979.38,3979.93,2130.0
2026-06-25 15:00:00,3980.1,3984.54,3979.65,3982.59,2358.0
2026-06-25 15:15:00,3982.5,3985.99,3978.85,3983.63,2444.0
2026-06-25 15:30:00,3983.74,4011.85,3981.77,4005.27,4438.0
2026-06-25 15:45:00,4005.48,4019.07,4003.51,4012.24,3647.0
2026-06-25 16:00:00,4012.44,4033.9,4011.85,4030.9,4052.0
2026-06-25 16:15:00,4031.06,4031.29,4018.73,4021.97,3496.0
2026-06-25 16:30:00,4022.01,4028.44,4010.83,4011.66,4089.0
2026-06-25 16:45:00,4011.79,4019.04,4001.04,4002.17,4228.0
2026-06-25 17:00:00,4002.05,4021.44,3998.96,4016.38,4314.0
2026-06-25 17:15:00,4016.49,4028.2,4012.8,4026.55,4125.0
2026-06-25 17:30:00,4026.44,4028.37,4015.9,4019.71,3733.0
2026-06-25 17:45:00,4019.66,4020.77,4011.25,4011.91,3403.0
2026-06-25 18:00:00,4012.07,4020.33,4004.95,4007.88,3416.0
2026-06-25 18:15:00,4007.7,4040.48,4005.78,4026.91,3866.0
2026-06-25 18:30:00,4026.9,4030.77,4021.82,4027.7,3418.0
2026-06-25 18:45:00,4027.77,4042.62,4026.9,4041.04,3356.0
2026-06-25 19:00:00,4041.21,4042.79,4033.75,4036.95,3191.0
2026-06-25 19:15:00,4037.06,4043.93,4037.06,4040.28,2947.0
2026-06-25 19:30:00,4040.36,4040.63,4030.93,4031.29,2804.0
2026-06-25 19:45:00,4031.3,4033.27,4023.82,4028.62,2750.0
2026-06-25 20:00:00,4028.63,4032.23,4026.76,4029.38,2595.0
2026-06-25 20:15:00,4029.39,4035.81,4027.8,4032.49,2829.0
2026-06-25 20:30:00,4032.58,4035.83,4030.94,4034.01,2398.0
2026-06-25 20:45:00,4034.0,4036.63,4029.67,4034.62,2300.0
2026-06-25 21:00:00,4034.63,4035.25,4026.02,4032.55,2961.0
2026-06-25 21:15:00,4032.53,4044.11,4032.09,4043.96,2614.0
2026-06-25 21:30:00,4044.03,4044.03,4032.11,4032.74,2589.0
2026-06-25 21:45:00,4032.71,4036.17,4029.79,4034.75,2092.0
2026-06-25 22:00:00,4034.67,4040.43,4032.55,4040.14,2128.0
2026-06-25 22:15:00,4040.13,4043.69,4035.34,4035.94,2303.0
2026-06-25 22:30:00,4035.96,4037.73,4031.88,4034.36,2171.0
2026-06-25 22:45:00,4034.38,4034.38,4021.81,4026.61,2718.0
2026-06-25 23:00:00,4026.77,4034.89,4025.68,4028.09,1429.0
2026-06-25 23:15:00,4028.08,4030.77,4026.64,4030.69,1195.0
2026-06-25 23:30:00,4030.71,4030.73,4024.72,4026.33,925.0
2026-06-25 23:45:00,4026.22,4026.88,4024.21,4026.57,567.0
2026-06-26 01:00:00,3987.73,4031.51,3987.73,4022.81,1329.0
2026-06-26 01:15:00,4022.97,4026.17,4019.61,4024.73,1261.0
2026-06-26 01:30:00,4024.66,4036.44,4024.24,4028.5,1896.0
2026-06-26 01:45:00,4028.51,4030.23,4021.9,4026.26,1846.0
2026-06-26 02:00:00,4026.12,4027.01,4021.48,4023.38,1294.0
2026-06-26 02:15:00,4023.37,4030.17,4022.45,4029.69,1675.0
2026-06-26 02:30:00,4029.66,4030.27,4020.93,4024.14,1564.0
2026-06-26 02:45:00,4024.15,4024.15,4012.47,4014.31,1999.0
2026-06-26 03:00:00,4014.36,4019.63,4011.32,4019.52,2913.0
2026-06-26 03:15:00,4019.47,4023.3,4012.32,4015.31,2538.0
2026-06-26 03:30:00,4015.39,4019.64,4012.33,4019.0,2556.0
2026-06-26 03:45:00,4019.09,4024.28,4015.5,4020.14,2362.0
2026-06-26 04:00:00,4020.38,4029.43,4014.23,4019.73,3222.0
2026-06-26 04:15:00,4019.72,4026.28,4017.7,4022.57,2573.0
2026-06-26 04:30:00,4022.61,4025.38,4016.16,4020.5,2830.0
2026-06-26 04:45:00,4020.47,4022.77,4014.43,4020.87,2907.0
2026-06-26 05:00:00,4021.01,4023.17,4013.38,4015.06,2658.0
2026-06-26 05:15:00,4015.0,4016.56,4003.97,4007.24,2288.0
2026-06-26 05:30:00,4007.51,4009.1,3991.29,3992.3,2903.0
2026-06-26 05:45:00,3992.22,3995.29,3982.97,3990.62,2907.0
2026-06-26 06:00:00,3990.51,3999.63,3986.55,3997.6,2696.0
2026-06-26 06:15:00,3997.64,3999.89,3992.49,3995.27,2516.0
2026-06-26 06:30:00,3995.22,4001.09,3993.04,4000.16,2129.0
2026-06-26 06:45:00,4000.14,4006.39,3997.3,4004.09,2320.0
2026-06-26 07:00:00,4004.17,4009.31,3998.72,4008.38,2243.0
2026-06-26 07:15:00,4008.35,4011.89,4005.84,4007.32,2185.0
2026-06-26 07:30:00,4007.34,4008.19,4001.59,4008.02,2085.0
2026-06-26 07:45:00,4008.07,4015.07,4007.1,4011.26,2024.0
2026-06-26 08:00:00,4011.52,4015.18,4006.44,4015.18,2127.0
2026-06-26 08:15:00,4015.2,4019.04,4011.74,4016.56,2122.0
2026-06-26 08:30:00,4016.57,4021.41,4010.87,4011.22,2998.0
2026-06-26 08:45:00,4011.23,4015.27,4005.64,4007.82,2662.0
2026-06-26 09:00:00,4007.93,4011.56,4006.78,4009.39,2753.0
2026-06-26 09:15:00,4009.41,4024.68,4008.29,4024.22,3166.0
2026-06-26 09:30:00,4024.2,4027.55,4020.85,4025.18,2998.0
2026-06-26 09:45:00,4025.19,4033.06,4021.9,4031.98,2854.0
2026-06-26 10:00:00,4032.03,4033.72,4026.65,4027.32,2476.0
2026-06-26 10:15:00,4027.33,4039.56,4026.86,4037.79,2247.0
2026-06-26 10:30:00,4037.85,4038.71,4030.94,4031.35,1998.0
2026-06-26 10:45:00,4031.36,4032.09,4027.84,4030.58,1763.0
2026-06-26 11:00:00,4030.54,4033.01,4025.76,4030.82,2298.0
2026-06-26 11:15:00,4030.88,4035.73,4029.8,4035.68,2147.0
2026-06-26 11:30:00,4035.55,4035.98,4032.3,4035.61,2071.0
2026-06-26 11:45:00,4035.64,4037.7,4029.66,4030.87,1946.0
2026-06-26 12:00:00,4030.89,4041.47,4029.52,4039.36,2088.0
2026-06-26 12:15:00,4039.35,4050.67,4034.39,4048.15,2506.0
2026-06-26 12:30:00,4048.05,4053.98,4045.2,4048.01,2360.0
2026-06-26 12:45:00,4048.0,4053.89,4045.4,4047.07,2181.0
2026-06-26 13:00:00,4047.09,4052.06,4044.43,4050.92,1997.0
2026-06-26 13:15:00,4050.84,4051.43,4042.21,4047.96,1871.0
2026-06-26 13:30:00,4048.09,4054.29,4046.76,4048.43,2023.0
2026-06-26 13:45:00,4048.42,4054.84,4047.87,4054.59,1866.0
2026-06-26 14:00:00,4054.52,4055.21,4047.14,4047.25,2030.0
2026-06-26 14:15:00,4047.21,4053.67,4046.19,4052.58,1908.0
2026-06-26 14:30:00,4052.57,4055.43,4046.16,4046.62,1829.0
2026-06-26 14:45:00,4046.61,4048.4,4042.63,4045.84,2088.0
2026-06-26 15:00:00,4045.93,4050.74,4043.61,4049.02,2067.0
2026-06-26 15:15:00,4048.86,4051.41,4041.94,4046.52,2248.0
2026-06-26 15:30:00,4046.37,4049.19,4035.78,4040.24,2412.0
2026-06-26 15:45:00,4040.2,4061.38,4039.2,4058.93,2802.0
2026-06-26 16:00:00,4059.04,4065.89,4043.39,4050.43,3427.0
2026-06-26 16:15:00,4050.48,4058.58,4043.38,4057.03,3527.0
2026-06-26 16:30:00,4056.94,4062.25,4044.84,4062.16,3847.0
2026-06-26 16:45:00,4062.26,4077.83,4058.65,4073.54,3633.0
2026-06-26 17:00:00,4073.55,4084.87,4067.68,4082.1,3737.0
2026-06-26 17:15:00,4082.19,4092.96,4081.2,4084.28,3638.0
2026-06-26 17:30:00,4084.3,4084.78,4076.32,4082.5,3280.0
2026-06-26 17:45:00,4082.52,4091.58,4080.39,4080.46,3554.0
2026-06-26 18:00:00,4080.67,4083.08,4075.63,4079.45,3113.0
2026-06-26 18:15:00,4079.41,4084.37,4077.87,4084.12,2838.0
2026-06-26 18:30:00,4084.15,4095.35,4081.74,4094.82,2883.0
2026-06-26 18:45:00,4094.92,4095.81,4083.22,4090.43,3006.0
2026-06-26 19:00:00,4090.5,4092.76,4088.27,4091.13,2439.0
2026-06-26 19:15:00,4091.12,4093.4,4083.11,4086.65,2491.0
2026-06-26 19:30:00,4086.64,4093.0,4082.19,4084.42,2407.0
2026-06-26 19:45:00,4084.56,4086.63,4082.77,4084.98,1902.0
2026-06-26 20:00:00,4085.0,4088.01,4082.45,4083.31,1948.0
2026-06-26 20:15:00,4083.44,4085.01,4080.22,4081.36,2171.0
2026-06-26 20:30:00,4081.43,4083.14,4074.16,4076.61,2378.0
2026-06-26 20:45:00,4076.57,4077.63,4073.6,4074.6,1968.0
2026-06-26 21:00:00,4074.68,4078.73,4072.31,4076.74,1944.0
2026-06-26 21:15:00,4076.79,4076.87,4071.45,4073.41,1835.0
2026-06-26 21:30:00,4073.55,4075.35,4071.72,4072.49,1562.0
2026-06-26 21:45:00,4072.48,4072.48,4067.04,4067.22,1771.0
2026-06-26 22:00:00,4067.25,4069.9,4064.42,4069.38,1914.0
2026-06-26 22:15:00,4069.32,4069.51,4064.49,4066.3,1817.0
2026-06-26 22:30:00,4066.29,4070.7,4065.66,4068.6,1867.0
2026-06-26 22:45:00,4068.55,4074.53,4066.88,4071.54,2183.0
2026-06-26 23:00:00,4071.68,4072.68,4064.53,4067.7,1469.0
2026-06-26 23:15:00,4067.71,4072.89,4066.23,4072.02,1224.0
2026-06-26 23:30:00,4072.04,4072.04,4066.93,4070.68,1612.0
2026-06-26 23:45:00,4070.57,4081.67,4070.18,4080.78,883.0
2026-06-29 01:00:00,4067.88,4086.14,4066.16,4070.2,2883.0
2026-06-29 01:15:00,4070.4,4070.62,4053.14,4057.16,2343.0
2026-06-29 01:30:00,4057.14,4065.27,4055.98,4063.15,1751.0
2026-06-29 01:45:00,4063.14,4069.29,4062.22,4066.35,1511.0
2026-06-29 02:00:00,4066.3,4070.16,4065.2,4065.5,1789.0
2026-06-29 02:15:00,4065.57,4065.57,4055.31,4056.81,1568.0
2026-06-29 02:30:00,4056.85,4062.52,4051.95,4062.52,1769.0
2026-06-29 02:45:00,4062.48,4066.09,4061.14,4062.65,1993.0
2026-06-29 03:00:00,4062.6,4064.54,4053.82,4058.73,3083.0
2026-06-29 03:15:00,4058.71,4061.85,4048.2,4048.2,2778.0
2026-06-29 03:30:00,4048.19,4069.62,4048.19,4069.38,2665.0
2026-06-29 03:45:00,4069.25,4074.07,4062.96,4069.49,2716.0
2026-06-29 04:00:00,4069.45,4074.42,4053.69,4054.7,3449.0
2026-06-29 04:15:00,4054.71,4065.89,4054.56,4059.19,3114.0
2026-06-29 04:30:00,4059.01,4066.52,4055.68,4063.49,2926.0
2026-06-29 04:45:00,4063.48,4063.77,4054.82,4061.24,2868.0
2026-06-29 05:00:00,4061.13,4070.33,4059.36,4060.91,2919.0
2026-06-29 05:15:00,4060.9,4070.58,4060.33,4068.78,2458.0
2026-06-29 05:30:00,4068.79,4071.6,4058.36,4060.41,2694.0
2026-06-29 05:45:00,4060.49,4069.3,4058.86,4066.27,2632.0
2026-06-29 06:00:00,4066.25,4070.87,4064.95,4068.98,2366.0
2026-06-29 06:15:00,4069.0,4075.45,4067.35,4072.35,2383.0
2026-06-29 06:30:00,4072.59,4073.16,4065.51,4067.76,2058.0
2026-06-29 06:45:00,4067.89,4071.8,4066.22,4068.88,1782.0
2026-06-29 07:00:00,4068.85,4068.95,4064.16,4065.5,1695.0
2026-06-29 07:15:00,4065.53,4066.57,4062.25,4065.05,1483.0
2026-06-29 07:30:00,4065.01,4065.38,4052.78,4057.02,1984.0
2026-06-29 07:45:00,4057.06,4057.72,4049.55,4052.15,1670.0
2026-06-29 08:00:00,4051.99,4057.25,4047.31,4055.86,2243.0
2026-06-29 08:15:00,4055.73,4057.28,4047.9,4049.29,2005.0
2026-06-29 08:30:00,4049.17,4051.41,4039.3,4050.31,2976.0
2026-06-29 08:45:00,4050.36,4056.85,4047.22,4054.34,2641.0
2026-06-29 09:00:00,4054.33,4064.01,4053.5,4059.7,2781.0
2026-06-29 09:15:00,4059.75,4063.01,4056.1,4060.79,2358.0
2026-06-29 09:30:00,4060.9,4061.87,4055.04,4061.17,2290.0
2026-06-29 09:45:00,4061.16,4064.85,4059.88,4062.29,2137.0
2026-06-29 10:00:00,4062.43,4062.63,4056.02,4059.12,2131.0
2026-06-29 10:15:00,4059.07,4066.23,4058.08,4065.96,1966.0
2026-06-29 10:30:00,4065.86,4066.19,4061.0,4062.58,1955.0
2026-06-29 10:45:00,4062.64,4068.43,4060.76,4061.57,1903.0
2026-06-29 11:00:00,4061.39,4065.78,4060.51,4063.91,2163.0
2026-06-29 11:15:00,4063.9,4065.33,4060.49,4061.13,1980.0
2026-06-29 11:30:00,4061.11,4066.54,4054.64,4055.64,2047.0
2026-06-29 11:45:00,4055.37,4057.23,4043.57,4046.88,2193.0
2026-06-29 12:00:00,4046.78,4055.11,4045.25,4050.04,2151.0
2026-06-29 12:15:00,4049.96,4053.31,4045.13,4047.22,2122.0
2026-06-29 12:30:00,4047.23,4050.52,4040.67,4043.45,2312.0
2026-06-29 12:45:00,4043.44,4043.87,4024.77,4031.42,2563.0
2026-06-29 13:00:00,4031.44,4039.58,4027.41,4038.32,2259.0
2026-06-29 13:15:00,4038.31,4038.56,4032.64,4037.22,1909.0
2026-06-29 13:30:00,4037.2,4038.56,4031.8,4034.5,1953.0
2026-06-29 13:45:00,4034.37,4038.14,4032.67,4036.69,1708.0
2026-06-29 14:00:00,4036.7,4038.45,4032.44,4034.22,1794.0
2026-06-29 14:15:00,4034.21,4035.88,4027.37,4031.88,1772.0
2026-06-29 14:30:00,4031.89,4038.33,4029.8,4035.19,2104.0
2026-06-29 14:45:00,4035.16,4042.09,4034.74,4039.1,1825.0
2026-06-29 15:00:00,4039.08,4052.27,4037.82,4047.56,2361.0
2026-06-29 15:15:00,4047.58,4049.5,4037.7,4038.32,2383.0
2026-06-29 15:30:00,4038.29,4046.97,4037.54,4044.77,2253.0
2026-06-29 15:45:00,4044.67,4047.68,4042.29,4043.47,2020.0
2026-06-29 16:00:00,4043.57,4051.58,4043.34,4047.09,2660.0
2026-06-29 16:15:00,4047.0,4049.6,4038.04,4038.04,2537.0
2026-06-29 16:30:00,4037.77,4044.44,4033.94,4038.42,3366.0
2026-06-29 16:45:00,4038.31,4040.39,4028.18,4032.09,3264.0
2026-06-29 17:00:00,4032.12,4035.28,4008.5,4008.79,3798.0
2026-06-29 17:15:00,4008.78,4028.23,4000.42,4024.79,3817.0
2026-06-29 17:30:00,4024.81,4028.07,4020.06,4020.9,3264.0
2026-06-29 17:45:00,4020.92,4030.25,4017.94,4025.53,3074.0
2026-06-29 18:00:00,4025.67,4026.23,4019.21,4021.77,2841.0
2026-06-29 18:15:00,4021.81,4027.52,4016.6,4024.24,2706.0
2026-06-29 18:30:00,4024.34,4026.43,4017.55,4022.6,2482.0
2026-06-29 18:45:00,4022.63,4030.19,4022.09,4026.87,2310.0
2026-06-29 19:00:00,4027.0,4028.58,4023.5,4023.59,1963.0
2026-06-29 19:15:00,4023.64,4026.45,4021.77,4023.58,1744.0
2026-06-29 19:30:00,4023.59,4024.26,4018.67,4021.27,1865.0
2026-06-29 19:45:00,4021.34,4028.06,4020.61,4023.8,1797.0
2026-06-29 20:00:00,4023.81,4031.95,4023.22,4028.93,1929.0
2026-06-29 20:15:00,4028.91,4030.66,4022.38,4023.88,1880.0
2026-06-29 20:30:00,4023.84,4024.42,4020.74,4021.88,1680.0
2026-06-29 20:45:00,4021.96,4022.49,4019.29,4020.9,1654.0
2026-06-29 21:00:00,4020.91,4024.23,4020.34,4023.95,1513.0
2026-06-29 21:15:00,4023.96,4025.15,4020.25,4020.98,1365.0
2026-06-29 21:30:00,4020.94,4021.45,4019.43,4020.72,1139.0
2026-06-29 21:45:00,4020.74,4020.91,4011.91,4013.3,1441.0
2026-06-29 22:00:00,4013.24,4014.54,4008.03,4008.16,1759.0
2026-06-29 22:15:00,4008.03,4017.09,4005.19,4017.04,1585.0
2026-06-29 22:30:00,4017.14,4019.37,4016.35,4017.79,1516.0
2026-06-29 22:45:00,4017.8,4018.33,4012.55,4015.8,1786.0
2026-06-29 23:00:00,4015.78,4015.97,4012.62,4014.24,831.0
2026-06-29 23:15:00,4014.27,4017.88,4014.25,4017.66,506.0
2026-06-29 23:30:00,4017.71,4017.73,4014.43,4015.64,414.0
2026-06-29 23:45:00,4015.54,4017.16,4014.55,4016.19,501.0
2026-06-30 01:00:00,4025.37,4025.37,4016.75,4018.43,1067.0
2026-06-30 01:15:00,4018.45,4020.52,4015.25,4015.9,901.0
2026-06-30 01:30:00,4015.67,4015.71,4010.42,4010.42,1232.0
2026-06-30 01:45:00,4010.35,4016.83,4009.6,4014.08,1456.0
2026-06-30 02:00:00,4014.23,4021.36,4014.09,4020.73,1329.0
2026-06-30 02:15:00,4020.72,4022.3,4015.88,4016.65,1147.0
2026-06-30 02:30:00,4016.63,4021.55,4013.38,4015.08,1267.0
2026-06-30 02:45:00,4015.07,4017.95,4013.35,4014.78,1397.0
2026-06-30 03:00:00,4014.8,4015.02,4003.27,4010.2,2764.0
2026-06-30 03:15:00,4010.19,4011.49,4003.97,4006.11,2037.0
2026-06-30 03:30:00,4006.16,4006.68,3990.94,3991.81,2341.0
2026-06-30 03:45:00,3991.75,3993.87,3980.05,3987.07,2800.0
2026-06-30 04:00:00,3987.04,3987.04,3941.42,3957.85,4097.0
2026-06-30 04:15:00,3957.86,3980.6,3950.08,3978.89,3429.0
2026-06-30 04:30:00,3979.01,3979.38,3966.32,3968.81,3186.0
2026-06-30 04:45:00,3968.82,3973.3,3961.29,3969.26,3129.0
2026-06-30 05:00:00,3969.13,3973.05,3952.33,3957.36,3107.0
2026-06-30 05:15:00,3957.37,3965.35,3955.88,3961.77,2354.0
2026-06-30 05:30:00,3961.62,3963.98,3954.19,3959.56,2744.0
2026-06-30 05:45:00,3959.53,3970.31,3959.15,3962.64,2843.0
2026-06-30 06:00:00,3962.8,3969.52,3962.45,3966.27,2441.0
2026-06-30 06:15:00,3966.12,3970.85,3962.95,3965.53,2540.0
2026-06-30 06:30:00,3965.51,3966.9,3960.13,3963.16,1922.0
2026-06-30 06:45:00,3963.12,3970.93,3963.04,3969.68,1917.0
2026-06-30 07:00:00,3969.71,3974.91,3968.09,3972.45,1885.0
2026-06-30 07:15:00,3972.42,3983.35,3971.94,3982.6,1680.0
2026-06-30 07:30:00,3982.41,3997.97,3982.29,3988.4,2435.0
2026-06-30 07:45:00,3988.36,3991.22,3983.53,3985.42,2011.0
2026-06-30 08:00:00,3985.53,3990.67,3983.79,3984.73,2026.0
2026-06-30 08:15:00,3984.69,3987.5,3979.57,3982.71,1967.0
2026-06-30 08:30:00,3982.95,3984.88,3975.15,3979.33,2897.0
2026-06-30 08:45:00,3979.32,3981.67,3976.26,3977.87,2516.0
2026-06-30 09:00:00,3977.88,3989.38,3977.88,3987.65,2761.0
2026-06-30 09:15:00,3987.79,4013.22,3983.97,4011.97,3153.0
2026-06-30 09:30:00,4011.87,4033.78,4010.95,4024.72,3809.0
2026-06-30 09:45:00,4024.74,4033.02,4024.23,4029.68,3072.0
2026-06-30 10:00:00,4029.61,4029.98,4023.74,4025.7,2482.0
2026-06-30 10:15:00,4025.74,4034.63,4025.32,4028.47,2304.0
2026-06-30 10:30:00,4028.49,4031.81,4026.17,4028.73,1988.0
2026-06-30 10:45:00,4028.55,4033.02,4025.49,4032.19,1858.0
2026-06-30 11:00:00,4032.01,4037.5,4021.84,4024.16,2622.0
2026-06-30 11:15:00,4024.15,4026.21,4020.19,4025.86,2151.0
2026-06-30 11:30:00,4025.85,4026.71,4015.46,4017.84,2182.0
2026-06-30 11:45:00,4017.86,4019.44,4013.68,4015.48,2155.0
2026-06-30 12:00:00,4015.36,4021.6,4014.62,4018.33,1679.0
2026-06-30 12:15:00,4018.3,4022.78,4016.12,4017.3,1854.0
2026-06-30 12:30:00,4017.33,4018.64,4012.25,4018.54,1963.0
2026-06-30 12:45:00,4018.52,4023.78,4018.16,4023.78,1775.0
2026-06-30 13:00:00,4023.91,4026.47,4021.45,4025.67,1793.0
2026-06-30 13:15:00,4025.72,4028.58,4023.79,4028.43,1584.0
2026-06-30 13:30:00,4028.42,4029.83,4025.14,4027.97,1574.0
2026-06-30 13:45:00,4028.15,4031.22,4026.31,4029.77,1472.0
2026-06-30 14:00:00,4029.78,4033.58,4025.38,4033.42,1883.0
2026-06-30 14:15:00,4033.46,4034.12,4029.81,4031.8,1860.0
2026-06-30 14:30:00,4031.81,4035.02,4028.31,4034.45,1969.0
2026-06-30 14:45:00,4034.38,4037.16,4030.09,4033.79,1982.0
2026-06-30 15:00:00,4033.86,4034.28,4025.95,4026.53,2047.0
2026-06-30 15:15:00,4026.45,4028.53,4014.82,4016.74,2414.0
2026-06-30 15:30:00,4016.7,4021.74,4012.62,4018.63,2686.0
2026-06-30 15:45:00,4018.64,4018.64,4008.61,4010.0,2473.0
2026-06-30 16:00:00,4009.74,4025.75,4009.27,4023.52,3273.0
2026-06-30 16:15:00,4023.45,4033.23,4019.0,4023.55,2884.0
2026-06-30 16:30:00,4023.7,4027.48,4013.14,4024.99,3285.0
2026-06-30 16:45:00,4025.05,4032.44,4021.99,4029.55,3306.0
2026-06-30 17:00:00,4029.89,4048.5,4025.34,4043.49,3665.0
2026-06-30 17:15:00,4043.43,4063.27,4043.06,4054.09,3638.0
2026-06-30 17:30:00,4054.01,4058.55,4044.77,4051.0,3458.0
2026-06-30 17:45:00,4051.08,4051.08,4037.32,4037.32,3204.0
2026-06-30 18:00:00,4037.3,4039.37,4032.3,4035.92,3054.0
2026-06-30 18:15:00,4035.67,4035.83,4022.12,4028.41,2877.0
2026-06-30 18:30:00,4028.48,4031.26,4026.8,4029.42,2506.0
2026-06-30 18:45:00,4029.4,4034.66,4028.86,4029.31,2367.0
2026-06-30 19:00:00,4029.25,4030.24,4025.85,4029.82,2049.0
2026-06-30 19:15:00,4029.83,4031.38,4027.75,4029.51,1887.0
2026-06-30 19:30:00,4029.4,4032.07,4027.29,4031.35,1755.0
2026-06-30 19:45:00,4031.29,4033.8,4025.9,4026.05,1747.0
2026-06-30 20:00:00,4026.06,4027.82,4020.72,4023.09,2209.0
2026-06-30 20:15:00,4023.12,4027.95,4021.56,4025.31,2198.0
2026-06-30 20:30:00,4025.38,4029.66,4025.38,4029.39,1661.0
2026-06-30 20:45:00,4029.3,4032.1,4029.05,4030.7,1428.0
2026-06-30 21:00:00,4030.73,4033.68,4030.7,4032.29,1299.0
2026-06-30 21:15:00,4032.34,4032.84,4030.4,4031.31,1285.0
2026-06-30 21:30:00,4031.33,4031.47,4028.08,4030.77,1128.0
2026-06-30 21:45:00,4030.76,4032.4,4028.42,4028.46,1379.0
2026-06-30 22:00:00,4028.39,4029.37,4023.43,4023.98,1506.0
2026-06-30 22:15:00,4024.01,4025.0,4021.07,4021.07,1448.0
2026-06-30 22:30:00,4021.09,4023.04,4020.72,4022.01,1524.0
2026-06-30 22:45:00,4021.91,4022.55,4014.76,4015.99,2253.0
2026-06-30 23:00:00,4015.89,4020.6,4013.84,4019.82,1295.0
2026-06-30 23:15:00,4019.78,4020.98,4012.38,4012.89,1056.0
2026-06-30 23:30:00,4012.87,4013.58,4010.23,4011.14,668.0
2026-06-30 23:45:00,4011.05,4011.62,4006.46,4006.98,731.0
2026-07-01 01:00:00,4017.65,4019.57,4010.41,4014.58,1412.0
2026-07-01 01:15:00,4014.71,4016.5,4012.08,4013.75,1114.0
2026-07-01 01:30:00,4013.74,4017.81,4013.13,4014.13,959.0
2026-07-01 01:45:00,4014.03,4016.1,4011.05,4013.0,1049.0
2026-07-01 02:00:00,4013.07,4018.16,4010.96,4013.95,1498.0
2026-07-01 02:15:00,4014.07,4015.06,4008.05,4011.01,1163.0
2026-07-01 02:30:00,4010.93,4012.39,4008.72,4009.16,1167.0
2026-07-01 02:45:00,4009.14,4009.95,4005.27,4005.66,1484.0
2026-07-01 03:00:00,4005.79,4009.6,4005.33,4008.33,1900.0
2026-07-01 03:15:00,4008.3,4009.0,4001.26,4001.67,2268.0
2026-07-01 03:30:00,4001.8,4005.53,3996.06,3996.29,2016.0
2026-07-01 03:45:00,3996.23,3999.32,3993.11,3996.57,2126.0
2026-07-01 04:00:00,3996.42,3999.52,3978.95,3984.24,3422.0
2026-07-01 04:15:00,3984.33,3985.8,3975.25,3985.54,2834.0
2026-07-01 04:30:00,3985.55,3988.41,3974.73,3978.61,2826.0
2026-07-01 04:45:00,3978.74,3981.74,3973.85,3977.67,2728.0
2026-07-01 05:00:00,3977.65,3979.64,3970.07,3976.42,2844.0
2026-07-01 05:15:00,3976.36,3982.29,3975.7,3980.76,2061.0
2026-07-01 05:30:00,3980.55,3985.86,3978.79,3982.74,2411.0
2026-07-01 05:45:00,3982.87,3985.11,3978.34,3979.02,2179.0
2026-07-01 06:00:00,3979.02,3985.4,3978.48,3983.32,2043.0
2026-07-01 06:15:00,3983.31,3986.74,3980.08,3981.29,1901.0
2026-07-01 06:30:00,3981.28,3982.06,3976.63,3977.38,1771.0
2026-07-01 06:45:00,3977.34,3980.43,3976.61,3980.37,1347.0
2026-07-01 07:00:00,3980.56,3980.9,3973.94,3976.13,1591.0
2026-07-01 07:15:00,3976.01,3977.93,3974.26,3977.4,1326.0
2026-07-01 07:30:00,3977.44,3980.52,3972.26,3974.4,1608.0
2026-07-01 07:45:00,3974.34,3982.62,3974.17,3976.51,1654.0
2026-07-01 08:00:00,3976.47,3976.96,3969.77,3971.8,1938.0
2026-07-01 08:15:00,3971.79,3974.99,3969.94,3972.54,1674.0
2026-07-01 08:30:00,3972.59,3978.7,3970.28,3974.48,2727.0
2026-07-01 08:45:00,3974.47,3977.14,3973.4,3974.91,1328.0
2026-07-01 09:00:00,3973.71,3977.32,3963.53,3965.06,2892.0
2026-07-01 09:15:00,3965.01,3969.65,3963.04,3967.19,2463.0
2026-07-01 09:30:00,3967.33,3973.35,3963.07,3971.64,2264.0
2026-07-01 09:45:00,3971.62,3973.39,3968.97,3971.74,1906.0
2026-07-01 10:00:00,3971.7,3973.67,3960.28,3961.45,2565.0
2026-07-01 10:15:00,3961.41,3971.83,3959.87,3964.24,2283.0
2026-07-01 10:30:00,3964.23,3971.07,3960.64,3970.85,2217.0
2026-07-01 10:45:00,3970.92,3978.14,3968.9,3975.91,2358.0
2026-07-01 11:00:00,3975.96,3976.12,3969.36,3974.11,2057.0
2026-07-01 11:15:00,3974.14,3984.31,3974.08,3978.75,2203.0
2026-07-01 11:30:00,3978.74,3979.6,3972.24,3976.88,1930.0
2026-07-01 11:45:00,3976.87,3977.29,3971.25,3974.33,1749.0
2026-07-01 12:00:00,3974.32,3977.48,3972.69,3975.74,1871.0
2026-07-01 12:15:00,3975.65,3980.29,3975.51,3978.68,1696.0
2026-07-01 12:30:00,3978.63,3982.46,3977.53,3981.6,1638.0
2026-07-01 12:45:00,3981.67,3985.83,3981.67,3984.35,1701.0
2026-07-01 13:00:00,3984.45,3989.31,3984.29,3988.88,703.0
2026-07-01 13:15:00,3984.24,3984.56,3981.26,3982.43,850.0
2026-07-01 13:30:00,3987.11,3991.94,3986.97,3991.06,491.0
2026-07-01 13:45:00,3987.3,3990.35,3986.93,3989.93,451.0
2026-07-01 14:00:00,3997.85,4007.84,3997.85,4007.72,859.0
2026-07-01 14:15:00,4015.96,4017.4,4015.9,4016.19,157.0
2026-07-01 14:30:00,4026.6,4027.64,4025.02,4025.03,256.0
2026-07-01 14:45:00,4029.21,4032.52,4028.7,4032.22,292.0
2026-07-01 15:00:00,4030.5,4033.77,4030.41,4032.06,317.0
2026-07-01 15:15:00,4021.71,4026.68,4020.43,4025.79,631.0
2026-07-01 15:30:00,4025.76,4033.04,4025.41,4028.17,1066.0
2026-07-01 15:45:00,4026.05,4027.58,4024.7,4027.12,1075.0
2026-07-01 16:00:00,4022.81,4024.83,4017.12,4019.42,798.0
2026-07-01 16:15:00,4021.31,4031.74,4021.31,4024.71,1246.0
2026-07-01 16:30:00,4046.84,4052.67,4041.79,4046.71,506.0
2026-07-01 16:45:00,4098.25,4107.73,4084.87,4094.87,1393.0
2026-07-01 17:00:00,4089.58,4101.53,4089.58,4096.73,362.0
2026-07-01 17:15:00,4092.89,4097.57,4089.45,4097.31,825.0
2026-07-01 17:30:00,4100.54,4114.72,4098.4,4112.48,1497.0
2026-07-01 17:45:00,4092.77,4095.02,4088.44,4091.73,540.0
2026-07-01 18:00:00,4093.3,4094.49,4088.18,4091.2,988.0
2026-07-01 18:15:00,4085.13,4089.09,4085.13,4088.48,186.0
2026-07-01 18:30:00,4083.87,4083.99,4078.38,4080.9,659.0
2026-07-01 18:45:00,4082.33,4087.41,4081.51,4086.95,919.0
2026-07-01 19:00:00,4081.79,4085.53,4081.79,4084.42,353.0
2026-07-01 19:15:00,4082.49,4083.93,4081.78,4082.65,397.0
2026-07-01 19:30:00,4081.61,4083.23,4077.21,4078.67,521.0
2026-07-01 19:45:00,4074.05,4076.2,4072.85,4073.51,606.0
2026-07-01 20:00:00,4071.06,4073.57,4069.82,4071.38,786.0
2026-07-01 20:15:00,4071.29,4071.68,4070.96,4071.06,66.0
2026-07-01 20:30:00,4068.12,4071.69,4067.97,4071.69,168.0
2026-07-01 20:45:00,4070.83,4071.79,4070.37,4070.79,288.0
2026-07-01 21:00:00,4068.19,4070.32,4068.1,4070.05,459.0
2026-07-01 21:15:00,4068.84,4069.12,4068.5,4068.61,48.0
2026-07-01 21:30:00,4061.38,4063.96,4061.38,4063.92,344.0
2026-07-01 21:45:00,4062.87,4063.11,4061.79,4062.04,267.0
2026-07-01 22:00:00,4062.14,4066.43,4061.65,4065.17,769.0
2026-07-01 22:15:00,4065.41,4066.07,4064.76,4064.87,251.0
2026-07-01 22:30:00,4058.84,4059.62,4056.76,4057.29,442.0
2026-07-01 22:45:00,4053.65,4054.17,4051.08,4051.1,626.0
2026-07-01 23:00:00,4038.64,4039.66,4034.22,4034.74,204.0
2026-07-01 23:15:00,4035.51,4036.35,4035.04,4035.14,146.0
2026-07-01 23:30:00,4038.27,4038.95,4037.54,4038.27,207.0
2026-07-01 23:45:00,4033.96,4034.37,4032.27,4033.1,200.0
2026-07-02 01:00:00,4028.66,4036.64,4027.88,4035.46,239.0
2026-07-02 01:15:00,4036.81,4037.29,4035.41,4036.04,125.0
2026-07-02 01:30:00,4038.11,4038.56,4036.86,4037.5,203.0
2026-07-02 01:45:00,4039.87,4043.78,4039.84,4042.94,315.0
2026-07-02 02:00:00,4044.88,4045.0,4042.72,4043.61,265.0
2026-07-02 02:15:00,4037.65,4039.34,4035.95,4039.05,341.0
2026-07-02 02:30:00,4037.07,4038.03,4037.05,4037.45,40.0
2026-07-02 02:45:00,4035.56,4035.94,4033.38,4033.93,108.0
2026-07-02 03:00:00,4034.81,4036.31,4031.9,4032.84,368.0
2026-07-02 03:15:00,4044.74,4045.54,4042.7,4043.92,531.0
2026-07-02 03:30:00,4046.42,4046.55,4042.11,4044.03,644.0
2026-07-02 03:45:00,4039.35,4040.72,4039.28,4040.59,58.0
2026-07-02 04:00:00,4051.68,4058.73,4050.6,4058.73,221.0
2026-07-02 04:15:00,4065.06,4065.65,4061.74,4061.86,169.0
2026-07-02 04:30:00,4053.16,4054.68,4050.66,4053.39,221.0
2026-07-02 04:45:00,4047.45,4048.17,4045.08,4048.08,189.0
2026-07-02 05:00:00,4050.05,4050.83,4046.32,4047.4,264.0
2026-07-02 05:15:00,4048.01,4054.13,4047.71,4053.52,557.0
2026-07-02 05:30:00,4051.31,4053.79,4047.65,4050.43,732.0
2026-07-02 05:45:00,4056.13,4056.92,4055.2,4056.53,104.0
2026-07-02 06:00:00,4057.07,4059.45,4056.16,4058.37,830.0
2026-07-02 06:15:00,4057.45,4057.74,4057.44,4057.74,6.0
2026-07-02 06:30:00,4065.26,4066.76,4063.77,4064.51,365.0
2026-07-02 06:45:00,4065.46,4073.99,4062.91,4069.77,1787.0
2026-07-02 07:00:00,4069.91,4072.76,4068.08,4070.01,1564.0
2026-07-02 07:15:00,4070.12,4070.26,4064.0,4065.49,1372.0
2026-07-02 07:30:00,4065.45,4066.38,4064.4,4065.07,133.0
2026-07-02 07:45:00,4063.21,4063.6,4061.6,4061.81,454.0
2026-07-02 08:00:00,4060.6,4061.08,4058.48,4059.02,501.0
2026-07-02 08:15:00,4055.48,4062.02,4054.51,4057.31,1750.0
2026-07-02 08:30:00,4057.39,4066.1,4053.18,4061.68,2750.0
2026-07-02 08:45:00,4061.67,4067.44,4059.87,4065.94,2156.0
2026-07-02 09:00:00,4066.02,4075.56,4065.9,4068.36,2491.0
2026-07-02 09:15:00,4068.3,4079.68,4067.09,4074.11,2295.0
2026-07-02 09:30:00,4074.21,4076.68,4065.98,4068.04,2080.0
2026-07-02 09:45:00,4068.06,4076.36,4066.74,4073.14,2558.0
2026-07-02 10:00:00,4073.23,4074.06,4067.14,4067.69,2321.0
2026-07-02 10:15:00,4067.72,4068.31,4060.78,4062.34,2087.0
2026-07-02 10:30:00,4062.33,4075.42,4060.72,4074.41,2072.0
2026-07-02 10:45:00,4074.44,4074.89,4063.63,4064.55,1970.0
2026-07-02 11:00:00,4064.27,4073.88,4061.32,4069.76,2335.0
2026-07-02 11:15:00,4069.78,4077.76,4068.71,4074.91,2205.0
2026-07-02 11:30:00,4074.95,4077.73,4071.99,4075.15,2105.0
2026-07-02 11:45:00,4075.19,4079.93,4073.09,4076.07,2010.0
2026-07-02 12:00:00,4075.97,4076.8,4069.34,4072.17,1926.0
2026-07-02 12:15:00,4072.18,4073.59,4066.1,4067.5,1681.0
2026-07-02 12:30:00,4067.6,4072.0,4063.76,4069.2,1940.0
2026-07-02 12:45:00,4069.19,4072.11,4064.41,4065.16,1716.0
2026-07-02 13:00:00,4065.28,4066.45,4062.41,4063.17,1713.0
2026-07-02 13:15:00,4063.18,4067.75,4061.88,4066.06,1628.0
2026-07-02 13:30:00,4066.09,4068.53,4063.03,4064.52,1494.0
2026-07-02 13:45:00,4064.51,4067.92,4061.4,4066.21,1524.0
2026-07-02 14:00:00,4066.2,4066.83,4057.43,4063.19,2065.0
2026-07-02 14:15:00,4063.21,4067.11,4062.54,4065.39,1755.0
2026-07-02 14:30:00,4065.38,4071.49,4063.34,4070.97,1876.0
2026-07-02 14:45:00,4071.09,4072.16,4065.15,4065.15,1901.0
2026-07-02 15:00:00,4065.32,4073.37,4061.39,4064.06,2207.0
2026-07-02 15:15:00,4064.07,4069.54,4061.62,4064.74,2413.0
2026-07-02 15:30:00,4062.66,4140.34,4062.66,4132.43,4797.0
2026-07-02 15:45:00,4132.32,4133.92,4112.21,4117.49,4145.0
2026-07-02 16:00:00,4117.5,4129.67,4115.4,4124.07,4080.0
2026-07-02 16:15:00,4124.18,4124.48,4109.43,4112.99,3420.0
2026-07-02 16:30:00,4112.9,4138.1,4110.02,4134.49,4196.0
2026-07-02 16:45:00,4134.58,4143.85,4132.42,4136.66,3606.0
2026-07-02 17:00:00,4136.68,4138.08,4123.68,4128.42,3534.0
2026-07-02 17:15:00,4128.5,4136.08,4114.12,4116.23,3505.0
2026-07-02 17:30:00,4116.25,4125.36,4114.6,4118.44,3629.0
2026-07-02 17:45:00,4118.45,4129.71,4115.75,4128.52,3592.0
2026-07-02 18:00:00,4128.61,4131.17,4114.7,4126.54,3380.0
2026-07-02 18:15:00,4126.57,4131.28,4120.61,4122.33,3075.0
2026-07-02 18:30:00,4122.41,4130.9,4122.41,4125.32,2741.0
2026-07-02 18:45:00,4125.13,4129.88,4124.1,4128.32,2514.0
2026-07-02 19:00:00,4128.36,4130.09,4121.88,4123.27,2554.0
2026-07-02 19:15:00,4123.25,4123.78,4115.38,4116.29,2639.0
2026-07-02 19:30:00,4116.3,4116.54,4100.28,4114.67,3251.0
2026-07-02 19:45:00,4114.55,4120.05,4113.97,4117.94,2445.0
2026-07-02 20:00:00,4117.98,4119.82,4113.45,4117.84,2590.0
2026-07-02 20:15:00,4118.04,4119.68,4111.41,4112.51,2607.0
2026-07-02 20:30:00,4112.47,4114.25,4105.83,4107.24,2677.0
2026-07-02 20:45:00,4107.29,4110.14,4105.7,4106.72,2259.0
2026-07-02 21:00:00,4106.73,4123.6,4105.79,4119.05,2572.0
2026-07-02 21:15:00,4119.14,4123.04,4115.65,4123.04,2273.0
2026-07-02 21:30:00,4123.08,4126.94,4121.24,4121.27,2156.0
2026-07-02 21:45:00,4121.28,4124.17,4119.93,4122.57,1945.0
2026-07-02 22:00:00,4122.67,4124.37,4113.24,4114.39,2208.0
2026-07-02 22:15:00,4114.42,4114.87,4108.1,4112.45,1920.0
2026-07-02 22:30:00,4112.46,4114.65,4110.95,4113.27,1899.0
2026-07-02 22:45:00,4113.36,4123.85,4112.69,4121.18,2102.0
2026-07-02 23:00:00,4121.17,4122.33,4116.32,4119.84,1119.0
2026-07-02 23:15:00,4119.9,4125.09,4119.05,4123.35,736.0
2026-07-02 23:30:00,4123.51,4124.94,4120.65,4120.65,517.0
2026-07-02 23:45:00,4120.7,4124.12,4118.67,4123.83,530.0
2026-07-03 01:00:00,4126.67,4128.49,4124.43,4124.44,710.0
2026-07-03 01:15:00,4124.58,4125.29,4122.4,4124.09,643.0
2026-07-03 01:30:00,4124.3,4126.29,4122.6,4123.03,496.0
2026-07-03 01:45:00,4123.1,4126.18,4122.69,4124.5,561.0
2026-07-03 02:00:00,4124.48,4127.07,4124.33,4125.3,650.0
2026-07-03 02:15:00,4125.34,4130.16,4124.24,4129.75,978.0
2026-07-03 02:30:00,4129.61,4133.7,4121.14,4124.84,1576.0
2026-07-03 02:45:00,4124.82,4131.42,4124.31,4126.07,1935.0
2026-07-03 03:00:00,4125.83,4136.74,4123.06,4134.96,2781.0
2026-07-03 03:15:00,4134.95,4140.72,4131.87,4137.24,2333.0
2026-07-03 03:30:00,4137.13,4139.58,4133.16,4136.3,2112.0
2026-07-03 03:45:00,4136.24,4150.75,4135.46,4147.17,2297.0
2026-07-03 04:00:00,4147.32,4179.16,4146.64,4176.09,3442.0
2026-07-03 04:15:00,4176.26,4193.79,4174.17,4188.17,2625.0
2026-07-03 04:30:00,4187.37,4192.82,4182.48,4189.86,564.0
2026-07-03 04:45:00,4179.66,4179.76,4176.16,4178.89,452.0
2026-07-03 05:00:00,4182.21,4184.14,4177.19,4177.19,409.0
2026-07-03 05:15:00,4179.21,4180.6,4179.07,4180.6,293.0
2026-07-03 05:30:00,4179.12,4182.56,4178.06,4181.14,602.0
2026-07-03 05:45:00,4183.2,4184.13,4178.76,4180.14,627.0
2026-07-03 06:00:00,4183.48,4184.5,4183.35,4184.13,26.0
2026-07-03 06:15:00,4182.76,4183.5,4182.76,4183.28,65.0
2026-07-03 06:30:00,4181.46,4181.64,4179.48,4180.32,160.0
2026-07-03 06:45:00,4177.29,4177.93,4177.29,4177.32,129.0
2026-07-03 07:00:00,4175.91,4176.43,4175.04,4175.04,200.0
2026-07-03 07:15:00,4177.61,4178.43,4176.56,4178.43,197.0
2026-07-03 07:30:00,4178.44,4178.63,4176.3,4176.55,210.0
2026-07-03 07:45:00,4177.12,4178.2,4176.56,4176.56,134.0
2026-07-03 08:00:00,4178.71,4179.86,4177.03,4177.49,339.0
2026-07-03 08:15:00,4178.27,4179.08,4176.21,4178.29,362.0
2026-07-03 08:30:00,4176.07,4181.76,4174.37,4178.83,730.0
2026-07-03 08:45:00,4175.06,4176.35,4169.18,4169.39,616.0
2026-07-03 09:00:00,4171.13,4171.73,4164.59,4164.73,844.0
2026-07-03 09:15:00,4162.4,4165.71,4160.38,4165.39,699.0
2026-07-03 09:30:00,4164.74,4171.12,4164.38,4169.68,751.0
2026-07-03 09:45:00,4171.04,4171.46,4170.76,4170.79,39.0
2026-07-03 10:00:00,4173.19,4173.22,4171.9,4172.25,118.0
2026-07-03 10:15:00,4173.98,4174.63,4172.71,4172.87,165.0
2026-07-03 10:30:00,4175.31,4176.94,4173.76,4175.3,346.0
2026-07-03 10:45:00,4179.43,4180.33,4178.78,4179.74,298.0
2026-07-03 11:00:00,4177.26,4184.58,4177.26,4183.05,538.0
2026-07-03 11:15:00,4183.87,4183.87,4183.46,4183.46,8.0
2026-07-03 11:30:00,4182.99,4186.46,4180.82,4185.73,522.0
2026-07-03 11:45:00,4184.16,4184.51,4184.16,4184.45,3.0
2026-07-03 12:00:00,4181.01,4181.03,4180.23,4180.33,59.0
2026-07-03 12:15:00,4180.32,4180.38,4178.85,4179.33,114.0
2026-07-03 12:30:00,4171.76,4172.02,4171.02,4171.37,74.0
2026-07-03 12:45:00,4172.08,4172.57,4171.8,4172.38,84.0
2026-07-03 13:00:00,4171.87,4174.91,4170.59,4174.91,161.0
2026-07-03 13:15:00,4179.71,4180.2,4179.33,4179.43,156.0
2026-07-03 13:30:00,4178.4,4178.92,4177.58,4178.26,201.0
2026-07-03 13:45:00,4177.65,4178.28,4177.09,4177.12,119.0
2026-07-03 14:00:00,4176.8,4177.23,4175.46,4176.78,247.0
2026-07-03 14:15:00,4183.27,4184.96,4183.21,4184.13,232.0
2026-07-03 14:30:00,4183.0,4184.99,4182.56,4184.87,278.0
2026-07-03 14:45:00,4185.24,4186.19,4184.21,4184.78,268.0
2026-07-03 15:00:00,4180.91,4181.21,4179.6,4179.7,304.0
2026-07-03 15:15:00,4177.88,4178.1,4175.06,4175.62,380.0
2026-07-03 15:30:00,4174.5,4174.5,4174.09,4174.09,20.0
2026-07-03 15:45:00,4174.73,4175.46,4174.27,4175.35,45.0
2026-07-03 16:00:00,4176.87,4179.16,4174.39,4174.57,255.0
2026-07-03 16:15:00,4166.49,4170.6,4166.48,4170.22,233.0
2026-07-03 16:30:00,4171.35,4171.56,4166.62,4167.83,338.0
2026-07-03 16:45:00,4166.88,4167.32,4165.35,4165.94,340.0
2026-07-03 17:00:00,4164.49,4165.84,4163.02,4164.34,490.0
2026-07-03 17:15:00,4162.07,4165.21,4161.83,4162.57,542.0
2026-07-03 17:30:00,4166.05,4166.95,4163.58,4164.58,581.0
2026-07-03 17:45:00,4163.75,4164.01,4163.75,4163.79,47.0
2026-07-03 18:00:00,4169.71,4170.22,4168.58,4168.58,217.0
2026-07-03 18:15:00,4172.15,4174.26,4171.8,4171.9,343.0
2026-07-03 18:30:00,4167.26,4168.49,4165.99,4167.6,432.0
2026-07-03 18:45:00,4167.59,4168.83,4166.97,4168.23,297.0
2026-07-03 19:00:00,4164.75,4165.27,4164.56,4164.75,73.0
2026-07-03 19:15:00,4163.99,4164.05,4163.3,4163.71,59.0
2026-07-03 19:30:00,4166.74,4168.36,4166.74,4168.17,131.0
2026-07-03 19:45:00,4170.07,4171.79,4170.07,4170.98,168.0
2026-07-06 01:00:00,4181.97,4189.47,4172.97,4176.11,346.0
2026-07-06 01:15:00,4181.06,4182.03,4177.28,4177.9,431.0
2026-07-06 01:30:00,4184.42,4185.25,4182.64,4184.59,197.0
2026-07-06 01:45:00,4188.61,4189.87,4187.35,4187.53,401.0
2026-07-06 02:00:00,4188.41,4188.99,4188.1,4188.37,65.0
2026-07-06 02:15:00,4187.41,4189.82,4186.64,4187.83,283.0
2026-07-06 02:30:00,4200.1,4201.27,4193.6,4194.89,669.0
2026-07-06 02:45:00,4196.29,4197.07,4193.36,4193.83,321.0
2026-07-06 03:00:00,4183.57,4185.19,4170.39,4176.34,956.0
2026-07-06 03:15:00,4174.81,4176.03,4174.65,4175.82,57.0
2026-07-06 03:30:00,4174.53,4179.83,4174.17,4179.83,488.0
2026-07-06 03:45:00,4185.85,4188.83,4183.11,4184.65,683.0
2026-07-06 04:00:00,4179.21,4182.84,4172.49,4178.12,424.0
2026-07-06 04:15:00,4188.51,4192.65,4188.41,4190.71,353.0
2026-07-06 04:30:00,4189.42,4191.28,4187.46,4189.02,351.0
2026-07-06 04:45:00,4198.11,4202.72,4196.02,4196.02,939.0
2026-07-06 05:00:00,4186.12,4187.7,4186.11,4186.69,105.0
2026-07-06 05:15:00,4180.78,4181.86,4178.64,4180.97,457.0
2026-07-06 05:30:00,4177.69,4178.53,4172.52,4173.93,919.0
2026-07-06 05:45:00,4172.32,4173.67,4172.32,4173.67,38.0
2026-07-06 06:00:00,4174.04,4176.24,4173.77,4174.99,260.0
2026-07-06 06:15:00,4166.49,4167.77,4165.0,4167.19,411.0
2026-07-06 06:30:00,4165.53,4167.38,4164.51,4165.54,537.0
2026-07-06 06:45:00,4162.75,4163.68,4162.69,4163.34,61.0
2026-07-06 07:00:00,4165.27,4166.52,4164.3,4164.69,295.0
2026-07-06 07:15:00,4163.31,4164.4,4162.79,4163.69,358.0
2026-07-06 07:30:00,4161.22,4161.29,4160.45,4161.01,89.0
2026-07-06 07:45:00,4160.04,4160.41,4158.23,4158.76,192.0
2026-07-06 08:00:00,4159.45,4160.88,4153.33,4154.75,600.0
2026-07-06 08:15:00,4152.02,4152.65,4151.36,4152.65,149.0
2026-07-06 08:30:00,4152.65,4154.76,4149.55,4154.23,564.0
2026-07-06 08:45:00,4155.17,4155.89,4152.59,4154.35,687.0
2026-07-06 09:00:00,4147.81,4150.68,4147.35,4148.19,288.0
2026-07-06 09:15:00,4151.81,4151.85,4147.74,4149.48,459.0
2026-07-06 09:30:00,4156.24,4156.74,4155.54,4156.61,44.0
2026-07-06 09:45:00,4155.68,4156.04,4154.24,4154.84,225.0
2026-07-06 10:00:00,4150.32,4153.26,4148.53,4152.25,587.0
2026-07-06 10:15:00,4150.82,4151.55,4150.73,4151.44,50.0
2026-07-06 10:30:00,4152.74,4156.55,4151.06,4155.45,469.0
2026-07-06 10:45:00,4163.48,4164.91,4162.46,4162.96,312.0
2026-07-06 11:00:00,4164.33,4165.89,4161.57,4161.57,425.0
2026-07-06 11:15:00,4157.9,4158.33,4153.5,4156.26,664.0
2026-07-06 11:30:00,4155.31,4155.7,4154.11,4155.01,96.0
2026-07-06 11:45:00,4149.04,4150.32,4147.59,4148.37,214.0
2026-07-06 12:00:00,4150.38,4150.6,4148.29,4148.98,305.0
2026-07-06 12:15:00,4149.5,4149.69,4146.94,4148.46,353.0
2026-07-06 12:30:00,4143.26,4143.26,4138.6,4140.5,216.0
2026-07-06 12:45:00,4139.29,4140.61,4138.98,4140.25,205.0
2026-07-06 13:00:00,4143.08,4144.83,4142.11,4142.11,260.0
2026-07-06 13:15:00,4148.12,4149.76,4147.31,4149.53,378.0
2026-07-06 13:30:00,4148.65,4154.21,4148.59,4153.82,472.0
2026-07-06 13:45:00,4154.26,4154.46,4153.84,4154.02,46.0
2026-07-06 14:00:00,4154.73,4156.18,4152.69,4152.78,294.0
2026-07-06 14:15:00,4154.84,4155.04,4153.58,4154.55,255.0
2026-07-06 14:30:00,4154.9,4158.67,4154.9,4157.67,382.0
2026-07-06 14:45:00,4153.56,4155.15,4152.26,4152.69,488.0
2026-07-06 15:00:00,4155.04,4156.28,4153.87,4156.02,218.0
2026-07-06 15:15:00,4155.97,4156.94,4154.97,4155.13,251.0
2026-07-06 15:30:00,4145.65,4146.11,4142.51,4143.72,416.0
2026-07-06 15:45:00,4133.25,4140.56,4133.11,4134.0,753.0
2026-07-06 16:00:00,4139.54,4146.54,4137.08,4143.64,1028.0
2026-07-06 16:15:00,4141.28,4142.28,4139.02,4139.28,124.0
2026-07-06 16:30:00,4142.15,4146.81,4141.89,4145.31,481.0
2026-07-06 16:45:00,4149.24,4149.44,4141.23,4145.24,948.0
2026-07-06 17:00:00,4138.72,4147.07,4138.14,4143.93,664.0
2026-07-06 17:15:00,4140.57,4140.7,4134.52,4135.5,1035.0
2026-07-06 17:30:00,4137.13,4137.79,4133.9,4134.06,323.0
2026-07-06 17:45:00,4130.13,4134.41,4129.01,4132.19,599.0
2026-07-06 18:00:00,4138.26,4144.46,4137.5,4142.7,858.0
2026-07-06 18:15:00,4139.73,4141.99,4139.4,4141.81,284.0
2026-07-06 18:30:00,4150.27,4151.78,4147.81,4149.81,601.0
2026-07-06 18:45:00,4149.98,4150.23,4149.98,4150.23,6.0
2026-07-06 19:00:00,4148.27,4148.27,4144.9,4144.9,223.0
2026-07-06 19:15:00,4140.47,4142.57,4140.2,4142.53,344.0
2026-07-06 19:30:00,4145.53,4148.36,4145.16,4147.93,461.0
2026-07-06 19:45:00,4149.27,4150.01,4148.68,4149.88,464.0
2026-07-06 20:00:00,4155.04,4155.64,4154.81,4154.83,53.0
2026-07-06 20:15:00,4153.46,4154.45,4153.13,4154.43,104.0
2026-07-06 20:30:00,4155.47,4157.14,4154.7,4156.43,375.0
2026-07-06 20:45:00,4156.62,4158.98,4156.23,4158.59,386.0
2026-07-06 21:00:00,4161.28,4161.8,4157.52,4157.76,432.0
2026-07-06 21:15:00,4158.05,4161.45,4158.05,4161.18,420.0
2026-07-06 21:30:00,4161.75,4163.86,4159.65,4163.5,530.0
2026-07-06 21:45:00,4164.04,4164.46,4163.8,4164.42,103.0
2026-07-06 22:00:00,4163.87,4165.3,4162.49,4162.8,234.0
2026-07-06 22:15:00,4159.32,4160.2,4158.75,4159.76,244.0
2026-07-06 22:30:00,4162.78,4163.0,4161.38,4162.02,356.0
2026-07-06 22:45:00,4161.2,4163.13,4161.09,4162.05,337.0
2026-07-06 23:00:00,4163.79,4164.43,4162.29,4162.54,401.0
2026-07-06 23:15:00,4160.88,4161.05,4160.87,4161.0,33.0
2026-07-06 23:30:00,4162.86,4163.43,4162.53,4163.27,63.0
2026-07-06 23:45:00,4162.98,4163.64,4162.91,4163.6,65.0
2026-07-07 01:00:00,4166.47,4167.55,4160.54,4164.63,376.0
2026-07-07 01:15:00,4165.94,4166.9,4165.9,4166.83,155.0
2026-07-07 01:30:00,4166.12,4168.3,4166.05,4168.29,185.0
2026-07-07 01:45:00,4167.18,4167.22,4167.12,4167.19,17.0
2026-07-07 02:00:00,4164.27,4165.06,4164.07,4164.4,77.0
2026-07-07 02:15:00,4165.4,4165.51,4163.45,4164.41,111.0
2026-07-07 02:30:00,4163.15,4164.99,4162.57,4164.79,150.0
2026-07-07 02:45:00,4161.87,4162.85,4161.28,4162.83,235.0
2026-07-07 03:00:00,4157.28,4157.47,4154.71,4156.24,635.0
2026-07-07 03:15:00,4156.11,4156.26,4154.19,4154.32,29.0
2026-07-07 03:30:00,4159.74,4162.57,4159.6,4162.3,124.0
2026-07-07 03:45:00,4149.55,4150.86,4148.06,4149.22,341.0
2026-07-07 04:00:00,4145.84,4146.81,4140.81,4145.93,653.0
2026-07-07 04:15:00,4141.65,4142.76,4134.53,4135.7,701.0
2026-07-07 04:30:00,4132.39,4140.35,4132.18,4139.75,1071.0
2026-07-07 04:45:00,4142.01,4144.54,4142.01,4144.18,259.0
2026-07-07 05:00:00,4141.98,4142.82,4140.23,4141.14,364.0
2026-07-07 05:15:00,4142.38,4143.5,4140.77,4141.16,415.0
2026-07-07 05:30:00,4140.38,4140.88,4136.35,4138.38,576.0
2026-07-07 05:45:00,4139.4,4139.58,4134.03,4135.6,540.0
2026-07-07 06:00:00,4136.55,4136.66,4135.27,4135.84,49.0
2026-07-07 06:15:00,4136.59,4137.22,4134.45,4134.64,261.0
2026-07-07 06:30:00,4131.77,4133.0,4130.74,4132.24,332.0
2026-07-07 06:45:00,4129.41,4129.41,4124.3,4125.83,531.0
2026-07-07 07:00:00,4131.0,4133.96,4130.28,4133.33,551.0
2026-07-07 07:15:00,4136.23,4137.41,4135.71,4136.3,131.0
2026-07-07 07:30:00,4132.1,4132.18,4129.4,4130.84,312.0
2026-07-07 07:45:00,4128.78,4131.09,4128.78,4129.91,387.0
2026-07-07 08:00:00,4126.57,4130.15,4122.66,4130.15,633.0
2026-07-07 08:15:00,4122.19,4122.9,4121.4,4122.44,92.0
2026-07-07 08:30:00,4128.22,4128.56,4122.76,4123.62,507.0
2026-07-07 08:45:00,4122.31,4123.81,4121.27,4121.5,412.0
2026-07-07 09:00:00,4123.59,4129.22,4123.16,4128.46,528.0
2026-07-07 09:15:00,4123.47,4125.88,4123.33,4123.71,586.0
2026-07-07 09:30:00,4126.44,4126.44,4126.44,4126.44,1.0
2026-07-07 09:45:00,4132.2,4132.82,4130.18,4130.49,177.0
2026-07-07 10:00:00,4130.44,4131.12,4126.32,4127.09,264.0
2026-07-07 10:15:00,4129.42,4131.59,4128.34,4130.29,415.0
2026-07-07 10:30:00,4126.53,4128.13,4125.72,4127.55,544.0
2026-07-07 10:45:00,4129.94,4130.04,4129.49,4129.49,77.0
2026-07-07 11:00:00,4124.49,4127.34,4124.49,4127.01,207.0
2026-07-07 11:15:00,4136.92,4137.99,4135.74,4136.87,336.0
2026-07-07 11:30:00,4138.56,4138.99,4133.09,4134.27,458.0
2026-07-07 11:45:00,4130.85,4130.85,4127.89,4127.89,529.0
2026-07-07 12:00:00,4125.81,4126.39,4124.58,4125.5,173.0
2026-07-07 12:15:00,4127.38,4129.3,4127.01,4128.89,231.0
2026-07-07 12:30:00,4121.44,4126.09,4121.43,4124.59,473.0
2026-07-07 12:45:00,4132.78,4132.97,4127.4,4127.46,511.0
2026-07-07 13:00:00,4131.03,4132.52,4131.03,4132.37,91.0
2026-07-07 13:15:00,4132.4,4134.08,4131.98,4134.06,240.0
2026-07-07 13:30:00,4137.31,4137.41,4134.5,4136.76,366.0
2026-07-07 13:45:00,4135.63,4135.95,4133.79,4133.88,408.0
2026-07-07 14:00:00,4135.62,4135.73,4134.53,4134.97,41.0
2026-07-07 14:15:00,4133.14,4134.51,4132.98,4134.51,108.0
2026-07-07 14:30:00,4142.89,4143.35,4139.63,4139.63,253.0
2026-07-07 14:45:00,4148.28,4151.25,4146.97,4150.58,477.0
2026-07-07 15:00:00,4157.01,4159.54,4154.67,4159.03,696.0
2026-07-07 15:15:00,4173.23,4174.9,4168.85,4169.56,910.0
2026-07-07 15:30:00,4165.98,4167.29,4164.17,4165.31,237.0
2026-07-07 15:45:00,4166.36,4168.66,4165.29,4166.82,418.0
2026-07-07 16:00:00,4172.19,4178.23,4166.4,4168.52,968.0
2026-07-07 16:15:00,4171.36,4171.36,4168.03,4168.54,669.0
2026-07-07 16:30:00,4166.45,4166.52,4165.47,4165.47,9.0
2026-07-07 16:45:00,4177.47,4178.92,4176.93,4178.01,205.0
2026-07-07 17:00:00,4158.56,4163.39,4156.62,4161.49,543.0
2026-07-07 17:15:00,4152.23,4159.68,4151.43,4158.82,911.0
2026-07-07 17:30:00,4158.17,4159.08,4151.33,4151.71,860.0
2026-07-07 17:45:00,4152.2,4154.99,4151.87,4154.56,155.0
2026-07-07 18:00:00,4153.96,4154.46,4150.89,4154.23,352.0
2026-07-07 18:15:00,4148.52,4148.78,4144.3,4146.0,410.0
2026-07-07 18:30:00,4143.03,4144.99,4142.79,4144.34,465.0
2026-07-07 18:45:00,4146.45,4147.94,4143.98,4146.58,502.0
2026-07-07 19:00:00,4139.25,4140.62,4137.1,4139.15,598.0
2026-07-07 19:15:00,4140.97,4144.5,4140.8,4143.82,626.0
2026-07-07 19:30:00,4145.95,4146.51,4145.33,4145.55,111.0
2026-07-07 19:45:00,4143.18,4143.73,4140.88,4141.34,288.0
2026-07-07 20:00:00,4145.12,4145.77,4143.99,4145.17,324.0
2026-07-07 20:15:00,4142.89,4143.12,4140.5,4142.3,456.0
2026-07-07 20:30:00,4145.9,4148.08,4145.54,4145.75,617.0
2026-07-07 20:45:00,4147.04,4147.2,4146.37,4146.37,61.0
2026-07-07 21:00:00,4144.56,4145.07,4142.1,4142.87,201.0
2026-07-07 21:15:00,4142.26,4142.28,4140.46,4140.59,235.0
2026-07-07 21:30:00,4141.56,4141.7,4136.19,4136.48,519.0
2026-07-07 21:45:00,4141.86,4142.32,4141.86,4142.0,17.0
2026-07-07 22:00:00,4126.85,4127.54,4119.07,4119.15,295.0
2026-07-07 22:15:00,4105.58,4105.66,4097.25,4098.69,767.0
2026-07-07 22:30:00,4103.36,4106.17,4103.36,4106.17,97.0
2026-07-07 22:45:00,4109.09,4111.63,4108.1,4111.63,159.0
2026-07-07 23:00:00,4114.21,4114.31,4112.71,4113.44,203.0
2026-07-07 23:15:00,4112.81,4113.07,4109.47,4109.63,212.0
2026-07-07 23:30:00,4110.69,4110.96,4108.26,4108.35,209.0
2026-07-07 23:45:00,4105.89,4106.62,4104.88,4105.39,228.0
2026-07-08 01:00:00,4104.64,4106.08,4093.99,4101.39,434.0
2026-07-08 01:15:00,4103.97,4103.98,4103.09,4103.19,185.0
2026-07-08 01:30:00,4099.47,4100.85,4099.26,4099.65,209.0
2026-07-08 01:45:00,4101.02,4101.03,4098.42,4098.61,262.0
2026-07-08 02:00:00,4098.24,4100.56,4096.11,4099.84,490.0
2026-07-08 02:15:00,4106.0,4106.0,4104.52,4105.04,15.0
2026-07-08 02:30:00,4104.82,4105.3,4104.56,4105.25,53.0
2026-07-08 02:45:00,4098.2,4098.96,4095.89,4096.16,311.0
2026-07-08 03:00:00,4098.43,4101.67,4096.85,4098.87,525.0
2026-07-08 03:15:00,4100.28,4103.15,4098.8,4100.39,601.0
2026-07-08 03:30:00,4105.4,4108.28,4103.82,4107.67,760.0
2026-07-08 03:45:00,4123.26,4125.03,4121.6,4121.6,206.0
2026-07-08 04:00:00,4111.43,4117.75,4107.54,4113.47,498.0
2026-07-08 04:15:00,4108.18,4108.74,4104.08,4105.78,635.0
2026-07-08 04:30:00,4102.63,4105.71,4101.33,4105.71,132.0
2026-07-08 04:45:00,4103.03,4110.49,4102.03,4109.78,286.0
2026-07-08 05:00:00,4111.35,4111.56,4108.01,4109.99,336.0
2026-07-08 05:15:00,4112.26,4114.94,4112.15,4114.24,375.0
2026-07-08 05:30:00,4118.96,4121.0,4116.34,4117.17,755.0
2026-07-08 05:45:00,4120.25,4120.26,4119.68,4119.87,50.0
2026-07-08 06:00:00,4114.75,4120.84,4114.5,4120.54,221.0
2026-07-08 06:15:00,4128.1,4128.71,4126.31,4126.52,247.0
2026-07-08 06:30:00,4129.73,4131.0,4128.59,4129.13,287.0
2026-07-08 06:45:00,4126.62,4128.57,4125.87,4128.35,334.0
2026-07-08 07:00:00,4123.35,4124.65,4121.6,4122.69,501.0
2026-07-08 07:15:00,4124.42,4124.42,4124.41,4124.42,3.0
2026-07-08 07:30:00,4125.85,4126.8,4124.44,4125.02,119.0
2026-07-08 07:45:00,4124.95,4126.62,4124.87,4125.27,193.0
2026-07-08 08:00:00,4124.97,4127.4,4124.79,4126.73,375.0
2026-07-08 08:15:00,4125.69,4129.29,4125.46,4127.26,377.0
2026-07-08 08:30:00,4121.82,4127.52,4121.23,4125.76,861.0
2026-07-08 08:45:00,4128.2,4129.9,4125.0,4125.22,814.0
2026-07-08 09:00:00,4127.69,4129.06,4127.65,4128.26,137.0
2026-07-08 09:15:00,4131.32,4131.68,4129.35,4130.71,239.0
2026-07-08 09:30:00,4129.59,4129.75,4126.97,4127.29,362.0
2026-07-08 09:45:00,4126.48,4127.07,4123.97,4125.02,485.0
2026-07-08 10:00:00,4123.47,4125.18,4121.17,4121.84,712.0
2026-07-08 10:15:00,4117.91,4118.49,4114.85,4116.07,817.0
2026-07-08 10:30:00,4120.29,4126.08,4119.97,4124.75,470.0
2026-07-08 10:45:00,4127.18,4127.18,4124.35,4124.35,498.0
2026-07-08 11:00:00,4120.97,4121.01,4116.43,4117.07,609.0
2026-07-08 11:15:00,4117.65,4120.82,4117.65,4120.52,156.0
2026-07-08 11:30:00,4088.65,4091.92,4078.63,4081.92,883.0
2026-07-08 11:45:00,4065.66,4075.81,4062.19,4063.8,1327.0
2026-07-08 12:00:00,4056.57,4056.57,4051.63,4054.59,526.0
2026-07-08 12:15:00,4055.61,4059.1,4053.79,4055.78,721.0
2026-07-08 12:30:00,4056.38,4057.19,4051.29,4054.73,759.0
2026-07-08 12:45:00,4048.4,4048.89,4047.87,4047.87,41.0
2026-07-08 13:00:00,4043.04,4046.67,4042.95,4043.95,496.0
2026-07-08 13:15:00,4044.6,4046.92,4043.29,4043.89,556.0
2026-07-08 13:30:00,4050.63,4056.31,4049.95,4054.53,770.0
2026-07-08 13:45:00,4057.19,4057.7,4056.0,4056.0,69.0
2026-07-08 14:00:00,4052.72,4054.65,4050.5,4050.72,150.0
2026-07-08 14:15:00,4050.55,4054.31,4050.55,4053.27,298.0
2026-07-08 14:30:00,4050.06,4050.66,4047.33,4048.16,411.0
2026-07-08 14:45:00,4064.46,4072.5,4060.57,4068.45,997.0
2026-07-08 15:00:00,4062.08,4066.05,4058.68,4064.34,943.0
2026-07-08 15:15:00,4072.03,4072.57,4068.88,4072.15,278.0
2026-07-08 15:30:00,4070.71,4074.03,4068.22,4070.9,381.0
2026-07-08 15:45:00,4078.12,4083.11,4076.22,4080.4,505.0
2026-07-08 16:00:00,4072.11,4076.88,4070.14,4074.83,987.0
2026-07-08 16:15:00,4072.57,4075.29,4071.6,4073.43,1026.0
2026-07-08 16:30:00,4066.73,4069.79,4066.73,4068.44,210.0
2026-07-08 16:45:00,4073.17,4079.07,4071.73,4077.28,524.0
2026-07-08 17:00:00,4070.46,4071.29,4063.84,4066.38,690.0
2026-07-08 17:15:00,4057.35,4061.43,4051.45,4060.83,881.0
2026-07-08 17:30:00,4059.9,4061.15,4059.26,4059.27,93.0
2026-07-08 17:45:00,4036.14,4039.56,4035.33,4039.56,283.0
2026-07-08 18:00:00,4040.84,4041.58,4036.79,4036.79,455.0
2026-07-08 18:15:00,4033.71,4034.77,4027.72,4030.47,617.0
2026-07-08 18:30:00,4030.84,4032.03,4021.73,4024.24,735.0
2026-07-08 18:45:00,4032.6,4034.08,4029.8,4032.98,821.0
2026-07-08 19:00:00,4034.09,4037.26,4033.15,4036.49,960.0
2026-07-08 19:15:00,4039.09,4039.24,4037.95,4038.94,119.0
2026-07-08 19:30:00,4043.42,4046.79,4042.62,4046.68,226.0
2026-07-08 19:45:00,4056.34,4058.03,4055.07,4056.79,403.0
2026-07-08 20:00:00,4063.6,4063.88,4059.59,4061.37,776.0
2026-07-08 20:15:00,4065.07,4067.28,4064.75,4065.99,296.0
2026-07-08 20:30:00,4072.94,4076.18,4072.79,4073.94,441.0
2026-07-08 20:45:00,4069.79,4070.21,4067.14,4067.68,702.0
2026-07-08 21:00:00,4065.5,4075.08,4063.57,4069.01,737.0
2026-07-08 21:15:00,4075.07,4075.07,4068.94,4069.01,886.0
2026-07-08 21:30:00,4069.66,4070.04,4067.08,4068.15,301.0
2026-07-08 21:45:00,4079.23,4088.02,4078.71,4085.42,746.0
2026-07-08 22:00:00,4084.48,4090.87,4084.48,4086.61,962.0
2026-07-08 22:15:00,4087.38,4087.88,4084.7,4084.97,281.0
2026-07-08 22:30:00,4088.13,4091.08,4087.82,4090.32,615.0
2026-07-08 22:45:00,4083.87,4084.22,4083.52,4083.85,36.0
2026-07-08 23:00:00,4079.89,4079.93,4076.01,4076.76,276.0
2026-07-08 23:15:00,4078.79,4079.46,4075.53,4076.35,307.0
2026-07-08 23:30:00,4076.65,4078.34,4074.26,4074.87,370.0
2026-07-08 23:45:00,4074.71,4074.71,4073.97,4074.31,64.0
2026-07-09 01:00:00,4072.57,4079.77,4072.1,4072.46,523.0
2026-07-09 01:15:00,4077.08,4078.84,4075.69,4075.96,415.0
2026-07-09 01:30:00,4074.32,4075.59,4074.05,4074.43,81.0
2026-07-09 01:45:00,4076.32,4078.81,4076.2,4078.58,109.0
2026-07-09 02:00:00,4076.78,4077.07,4073.9,4074.08,186.0
2026-07-09 02:15:00,4076.97,4077.14,4075.5,4076.05,186.0
2026-07-09 02:30:00,4077.52,4077.52,4074.58,4076.06,246.0
2026-07-09 02:45:00,4075.17,4076.25,4071.84,4072.64,407.0
2026-07-09 03:00:00,4076.33,4080.48,4076.33,4080.13,229.0
2026-07-09 03:15:00,4087.44,4089.63,4084.11,4084.11,362.0
2026-07-09 03:30:00,4078.04,4081.4,4076.84,4080.93,524.0
2026-07-09 03:45:00,4076.89,4078.89,4075.05,4077.06,482.0
2026-07-09 04:00:00,4073.72,4078.6,4065.15,4065.22,1105.0
2026-07-09 04:15:00,4074.01,4076.45,4072.45,4074.9,851.0
2026-07-09 04:30:00,4066.7,4067.69,4065.07,4065.2,114.0
2026-07-09 04:45:00,4073.21,4075.31,4072.47,4075.16,210.0
2026-07-09 05:00:00,4072.52,4075.75,4071.92,4073.94,356.0
2026-07-09 05:15:00,4078.3,4079.08,4076.69,4078.81,269.0
2026-07-09 05:30:00,4080.28,4081.48,4071.95,4072.69,644.0
2026-07-09 05:45:00,4070.63,4070.76,4070.61,4070.73,6.0
2026-07-09 06:00:00,4064.86,4066.0,4064.12,4065.38,186.0
2026-07-09 06:15:00,4058.85,4058.94,4056.82,4057.83,400.0
2026-07-09 06:30:00,4058.12,4062.99,4056.4,4062.99,574.0
2026-07-09 06:45:00,4062.01,4062.01,4061.12,4061.21,54.0
2026-07-09 07:00:00,4064.04,4064.35,4062.51,4062.56,147.0
2026-07-09 07:15:00,4060.39,4060.45,4057.81,4057.81,277.0
2026-07-09 07:30:00,4058.71,4064.26,4058.7,4063.94,376.0
2026-07-09 07:45:00,4057.78,4059.9,4056.44,4059.9,429.0
2026-07-09 08:00:00,4064.31,4071.28,4063.62,4066.38,721.0
2026-07-09 08:15:00,4073.44,4073.62,4072.04,4072.88,99.0
2026-07-09 08:30:00,4072.43,4073.48,4065.37,4066.71,365.0
2026-07-09 08:45:00,4075.55,4076.95,4073.76,4076.26,452.0
2026-07-09 09:00:00,4081.94,4099.51,4081.39,4090.65,844.0
2026-07-09 09:15:00,4092.01,4095.76,4091.39,4093.72,760.0
2026-07-09 09:30:00,4102.24,4102.36,4099.26,4100.51,166.0
2026-07-09 09:45:00,4102.83,4104.64,4102.45,4104.21,312.0
2026-07-09 10:00:00,4107.79,4110.03,4106.37,4109.0,444.0
2026-07-09 10:15:00,4101.57,4103.73,4101.57,4103.39,412.0
2026-07-09 10:30:00,4108.9,4109.11,4107.21,4107.91,109.0
2026-07-09 10:45:00,4109.01,4109.05,4107.09,4107.26,152.0
2026-07-09 11:00:00,4107.91,4109.46,4105.32,4105.98,429.0
2026-07-09 11:15:00,4108.22,4112.87,4107.83,4109.64,534.0
2026-07-09 11:30:00,4114.7,4116.42,4110.3,4110.57,635.0
2026-07-09 11:45:00,4113.48,4113.64,4112.39,4112.77,82.0
2026-07-09 12:00:00,4108.26,4108.48,4106.38,4107.26,217.0
2026-07-09 12:15:00,4108.52,4109.37,4107.84,4109.36,245.0
2026-07-09 12:30:00,4108.41,4109.88,4106.61,4107.79,414.0
2026-07-09 12:45:00,4103.72,4105.0,4103.15,4104.99,443.0
2026-07-09 13:00:00,4106.27,4106.57,4104.14,4106.36,168.0
2026-07-09 13:15:00,4105.04,4106.41,4105.03,4105.74,247.0
2026-07-09 13:30:00,4104.1,4104.41,4102.4,4103.44,366.0
2026-07-09 13:45:00,4103.35,4103.56,4102.53,4102.53,40.0
2026-07-09 14:00:00,4098.92,4103.07,4097.79,4102.21,429.0
2026-07-09 14:15:00,4104.66,4107.03,4103.94,4105.06,432.0
2026-07-09 14:30:00,4100.29,4102.5,4099.94,4101.46,666.0
2026-07-09 14:45:00,4106.23,4106.59,4105.23,4106.41,157.0
2026-07-09 15:00:00,4108.67,4109.86,4107.57,4108.77,365.0
2026-07-09 15:15:00,4112.65,4113.39,4109.41,4110.74,538.0
2026-07-09 15:30:00,4105.08,4116.23,4104.84,4115.58,831.0
2026-07-09 15:45:00,4113.04,4113.1,4111.72,4112.7,81.0
2026-07-09 16:00:00,4107.65,4112.86,4106.75,4112.68,266.0
2026-07-09 16:15:00,4120.59,4125.75,4120.03,4125.13,514.0
2026-07-09 16:30:00,4125.9,4126.73,4119.68,4125.29,686.0
2026-07-09 16:45:00,4127.24,4127.6,4121.46,4122.44,796.0
2026-07-09 17:00:00,4121.83,4134.33,4121.59,4131.19,1146.0
2026-07-09 17:15:00,4122.24,4122.24,4116.87,4117.53,270.0
2026-07-09 17:30:00,4124.87,4125.15,4120.9,4122.3,411.0
2026-07-09 17:45:00,4124.12,4125.12,4121.2,4121.79,459.0
2026-07-09 18:00:00,4127.69,4128.23,4125.05,4125.44,722.0
2026-07-09 18:15:00,4125.1,4127.75,4124.92,4127.2,970.0
2026-07-09 18:30:00,4127.89,4128.38,4126.82,4128.04,234.0
2026-07-09 18:45:00,4130.26,4132.67,4130.02,4130.37,398.0
2026-07-09 19:00:00,4127.01,4129.6,4126.96,4128.93,390.0
2026-07-09 19:15:00,4130.31,4133.05,4129.62,4130.09,629.0
2026-07-09 19:30:00,4132.57,4134.35,4132.11,4133.93,107.0
2026-07-09 19:45:00,4133.28,4134.24,4132.15,4132.82,273.0
2026-07-09 20:00:00,4127.97,4128.62,4126.08,4128.23,478.0
2026-07-09 20:15:00,4127.31,4128.11,4124.98,4126.43,478.0
2026-07-09 20:30:00,4131.64,4133.7,4129.15,4129.67,724.0
2026-07-09 20:45:00,4132.13,4133.3,4132.0,4133.29,86.0
2026-07-09 21:00:00,4136.05,4136.3,4134.24,4134.32,224.0
2026-07-09 21:15:00,4128.65,4128.65,4126.57,4126.92,254.0
2026-07-09 21:30:00,4123.91,4124.98,4122.71,4124.35,451.0
2026-07-09 21:45:00,4125.31,4125.38,4123.61,4123.61,373.0
2026-07-09 22:00:00,4124.28,4124.3,4124.28,4124.3,2.0
2026-07-09 22:15:00,4124.22,4125.24,4124.22,4125.24,95.0
2026-07-09 22:30:00,4120.89,4121.05,4119.66,4120.36,278.0
2026-07-09 22:45:00,4120.16,4122.04,4119.96,4121.54,352.0
2026-07-09 23:00:00,4122.16,4124.05,4121.41,4122.19,305.0
2026-07-09 23:15:00,4121.34,4121.75,4121.29,4121.3,29.0
2026-07-09 23:30:00,4120.97,4121.31,4120.78,4121.27,49.0
2026-07-09 23:45:00,4124.29,4124.29,4122.94,4123.22,113.0
2026-07-10 01:00:00,4125.28,4126.23,4124.51,4124.76,265.0
2026-07-10 01:15:00,4123.58,4124.73,4123.2,4123.33,233.0
2026-07-10 01:30:00,4123.16,4123.22,4122.98,4123.14,30.0
2026-07-10 01:45:00,4123.73,4124.11,4123.51,4123.62,65.0
2026-07-10 02:00:00,4121.71,4122.96,4121.45,4121.96,158.0
2026-07-10 02:15:00,4123.76,4124.46,4123.76,4124.29,130.0
2026-07-10 02:30:00,4122.2,4122.25,4122.15,4122.15,10.0
2026-07-10 02:45:00,4122.69,4124.18,4121.59,4123.85,127.0
2026-07-10 03:00:00,4123.26,4124.16,4119.84,4121.23,385.0
2026-07-10 03:15:00,4122.23,4123.54,4121.0,4121.92,397.0
2026-07-10 03:30:00,4119.43,4119.47,4114.43,4115.54,473.0
2026-07-10 03:45:00,4123.08,4125.68,4122.28,4124.96,698.0
2026-07-10 04:00:00,4126.38,4130.87,4126.16,4127.16,280.0
2026-07-10 04:15:00,4124.94,4127.25,4124.51,4124.52,297.0
2026-07-10 04:30:00,4121.48,4123.4,4120.65,4120.91,399.0
2026-07-10 04:45:00,4111.62,4114.47,4108.81,4112.23,623.0
2026-07-10 05:00:00,4116.92,4117.49,4116.12,4117.11,83.0
2026-07-10 05:15:00,4124.81,4126.24,4123.94,4125.64,223.0
2026-07-10 05:30:00,4125.77,4128.53,4125.17,4125.73,381.0
2026-07-10 05:45:00,4125.71,4125.86,4123.38,4124.78,530.0
2026-07-10 06:00:00,4127.6,4130.67,4127.19,4130.25,45.0
2026-07-10 06:15:00,4126.52,4126.68,4125.77,4125.79,58.0
2026-07-10 06:30:00,4125.03,4125.91,4124.0,4124.16,163.0
2026-07-10 06:45:00,4121.47,4122.2,4120.58,4120.63,181.0
2026-07-10 07:00:00,4120.16,4120.16,4117.83,4119.37,271.0
2026-07-10 07:15:00,4120.79,4121.03,4119.45,4119.81,307.0
2026-07-10 07:30:00,4117.23,4118.18,4116.59,4118.16,292.0
2026-07-10 07:45:00,4118.94,4118.98,4116.73,4117.0,361.0
2026-07-10 08:00:00,4115.03,4115.51,4114.19,4114.19,64.0
2026-07-10 08:15:00,4113.85,4115.67,4113.85,4115.33,166.0
2026-07-10 08:30:00,4113.83,4115.21,4110.21,4111.78,455.0
2026-07-10 08:45:00,4113.89,4114.07,4108.3,4108.68,356.0
2026-07-10 09:00:00,4116.62,4119.21,4115.49,4116.32,418.0
2026-07-10 09:15:00,4114.96,4119.49,4113.63,4118.97,595.0
2026-07-10 09:30:00,4114.39,4115.92,4112.21,4114.38,692.0
2026-07-10 09:45:00,4111.4,4112.53,4111.27,4111.95,121.0
2026-07-10 10:00:00,4111.36,4112.6,4110.48,4111.44,315.0
2026-07-10 10:15:00,4111.44,4113.68,4108.54,4113.34,598.0
2026-07-10 10:30:00,4112.32,4112.87,4112.32,4112.87,13.0
2026-07-10 10:45:00,4106.68,4107.19,4105.5,4106.71,158.0
2026-07-10 11:00:00,4108.99,4109.36,4105.06,4105.96,332.0
2026-07-10 11:15:00,4107.1,4107.49,4106.13,4106.55,322.0
2026-07-10 11:30:00,4104.18,4105.44,4101.91,4102.51,646.0
2026-07-10 11:45:00,4101.63,4101.67,4100.51,4100.84,61.0
2026-07-10 12:00:00,4097.69,4099.23,4096.26,4096.26,205.0
2026-07-10 12:15:00,4100.56,4101.62,4100.02,4100.41,227.0
2026-07-10 12:30:00,4102.38,4102.7,4100.45,4101.73,366.0
2026-07-10 12:45:00,4102.85,4104.2,4102.22,4103.17,408.0
2026-07-10 13:00:00,4104.4,4106.42,4104.11,4106.42,95.0
2026-07-10 13:15:00,4106.21,4107.32,4106.21,4106.49,152.0
2026-07-10 13:30:00,4109.44,4110.4,4107.84,4107.87,258.0
2026-07-10 13:45:00,4108.97,4108.97,4106.81,4108.02,287.0
2026-07-10 14:00:00,4104.35,4107.93,4104.33,4107.39,485.0
2026-07-10 14:15:00,4106.17,4106.49,4106.17,4106.48,10.0
2026-07-10 14:30:00,4099.97,4102.96,4098.98,4102.28,239.0
2026-07-10 14:45:00,4106.54,4107.68,4105.8,4106.72,385.0
2026-07-10 15:00:00,4102.22,4103.64,4101.5,4103.18,493.0
2026-07-10 15:15:00,4114.88,4116.11,4114.43,4115.57,99.0
2026-07-10 15:30:00,4105.98,4106.64,4103.84,4103.84,220.0
2026-07-10 15:45:00,4098.25,4100.85,4097.71,4099.82,240.0
2026-07-10 16:00:00,4100.77,4105.05,4098.88,4104.78,471.0
2026-07-10 16:15:00,4104.27,4106.51,4102.4,4102.65,409.0
2026-07-10 16:30:00,4087.24,4096.89,4086.99,4089.46,1068.0
2026-07-10 16:45:00,4098.4,4102.13,4097.24,4100.97,909.0
2026-07-10 17:00:00,4099.79,4100.29,4098.09,4099.28,75.0
2026-07-10 17:15:00,4100.05,4100.5,4098.31,4099.52,255.0
2026-07-10 17:30:00,4105.44,4106.8,4104.63,4105.46,324.0
2026-07-10 17:45:00,4099.22,4103.06,4098.58,4100.42,462.0
2026-07-10 18:00:00,4092.65,4098.59,4091.23,4098.38,652.0
2026-07-10 18:15:00,4097.34,4103.34,4097.3,4098.66,777.0
2026-07-10 18:30:00,4102.08,4103.66,4101.35,4102.17,722.0
2026-07-10 18:45:00,4106.22,4106.66,4105.68,4105.9,93.0
2026-07-10 19:00:00,4113.16,4113.16,4111.69,4112.02,136.0
2026-07-10 19:15:00,4110.03,4112.92,4110.03,4112.64,269.0
2026-07-10 19:30:00,4114.28,4115.38,4112.94,4113.48,417.0
2026-07-10 19:45:00,4109.02,4109.59,4107.53,4108.53,611.0
2026-07-10 20:00:00,4104.35,4105.01,4103.41,4104.09,196.0
2026-07-10 20:15:00,4103.8,4106.06,4103.66,4105.63,226.0
2026-07-10 20:30:00,4105.51,4106.71,4105.21,4105.7,311.0
2026-07-10 20:45:00,4103.87,4104.51,4102.93,4103.76,362.0
2026-07-10 21:00:00,4100.77,4102.54,4099.95,4102.46,482.0
2026-07-10 21:15:00,4104.66,4104.85,4104.66,4104.8,14.0
2026-07-10 21:30:00,4102.93,4103.03,4101.94,4102.06,104.0
2026-07-10 21:45:00,4098.87,4099.23,4097.98,4099.15,148.0
2026-07-10 22:00:00,4101.08,4101.08,4098.08,4098.16,221.0
2026-07-10 22:15:00,4101.49,4102.6,4101.15,4101.51,243.0
2026-07-10 22:30:00,4101.8,4102.41,4100.44,4101.62,355.0
2026-07-10 22:45:00,4102.45,4104.96,4102.36,4104.63,412.0
2026-07-10 23:00:00,4108.29,4109.89,4108.21,4109.89,58.0
2026-07-10 23:15:00,4111.99,4112.08,4110.67,4110.83,68.0
2026-07-10 23:30:00,4111.25,4111.32,4110.33,4111.3,91.0
2026-07-10 23:45:00,4111.56,4112.84,4111.49,4112.28,147.0
2026-07-13 01:00:00,4102.3,4104.28,4083.6,4086.53,1232.0
2026-07-13 01:15:00,4081.32,4086.86,4081.1,4086.28,431.0
2026-07-13 01:30:00,4083.91,4086.39,4082.7,4082.89,402.0
2026-07-13 01:45:00,4078.5,4079.19,4077.26,4077.6,107.0
2026-07-13 02:00:00,4076.6,4076.61,4070.72,4072.41,557.0
2026-07-13 02:15:00,4069.92,4071.43,4068.71,4068.72,495.0
2026-07-13 02:30:00,4074.51,4074.51,4072.7,4072.74,157.0
2026-07-13 02:45:00,4077.57,4078.98,4075.62,4078.59,289.0
2026-07-13 03:00:00,4084.43,4086.21,4080.85,4085.24,682.0
2026-07-13 03:15:00,4086.78,4087.73,4080.04,4081.15,936.0
2026-07-13 03:30:00,4074.57,4075.4,4071.29,4071.56,334.0
2026-07-13 03:45:00,4073.09,4076.62,4068.79,4069.5,818.0
2026-07-13 04:00:00,4073.9,4075.05,4066.45,4067.95,319.0
2026-07-13 04:15:00,4079.49,4081.83,4078.41,4078.47,289.0
2026-07-13 04:30:00,4079.75,4089.61,4077.68,4085.22,790.0
2026-07-13 04:45:00,4084.5,4086.96,4082.92,4086.54,965.0
2026-07-13 05:00:00,4072.21,4074.43,4070.04,4071.77,431.0
2026-07-13 05:15:00,4071.97,4074.11,4070.82,4071.95,548.0
2026-07-13 05:30:00,4067.21,4072.99,4064.55,4072.92,862.0
2026-07-13 05:45:00,4072.63,4072.63,4071.99,4072.26,26.0
2026-07-13 06:00:00,4068.32,4069.26,4065.51,4065.74,433.0
2026-07-13 06:15:00,4057.97,4060.85,4057.97,4059.42,761.0
2026-07-13 06:30:00,4061.65,4062.34,4058.68,4058.94,312.0
2026-07-13 06:45:00,4057.64,4059.37,4057.46,4058.59,274.0
2026-07-13 07:00:00,4060.32,4060.32,4056.41,4057.06,576.0
2026-07-13 07:15:00,4054.46,4054.48,4050.23,4054.07,333.0
2026-07-13 07:30:00,4055.49,4057.47,4053.97,4057.08,366.0
2026-07-13 07:45:00,4053.97,4055.07,4052.47,4053.44,496.0
2026-07-13 08:00:00,4058.61,4058.73,4054.72,4056.97,315.0
2026-07-13 08:15:00,4069.39,4069.39,4063.8,4064.31,521.0
2026-07-13 08:30:00,4057.95,4058.07,4053.8,4053.8,99.0
2026-07-13 08:45:00,4063.5,4063.5,4058.83,4062.04,507.0
2026-07-13 09:00:00,4053.64,4054.69,4053.49,4054.69,15.0
2026-07-13 09:15:00,4050.71,4053.01,4050.57,4052.48,268.0
2026-07-13 09:30:00,4061.06,4062.2,4058.81,4058.96,478.0
2026-07-13 09:45:00,4060.06,4060.45,4056.21,4057.29,723.0
2026-07-13 10:00:00,4055.51,4056.36,4054.48,4055.0,231.0
2026-07-13 10:15:00,4055.55,4057.87,4055.55,4056.65,400.0
2026-07-13 10:30:00,4058.61,4062.83,4056.12,4062.46,697.0
2026-07-13 10:45:00,4057.28,4058.78,4057.18,4057.76,159.0
2026-07-13 11:00:00,4064.68,4067.21,4063.08,4064.32,686.0
2026-07-13 11:15:00,4073.85,4074.54,4073.6,4074.48,18.0
2026-07-13 11:30:00,4074.0,4074.67,4072.9,4074.32,263.0
2026-07-13 11:45:00,4075.45,4075.88,4072.16,4073.46,283.0
2026-07-13 12:00:00,4074.21,4075.98,4072.74,4073.83,512.0
2026-07-13 12:15:00,4074.38,4074.41,4072.97,4073.24,182.0
2026-07-13 12:30:00,4072.59,4073.85,4071.04,4072.58,525.0
2026-07-13 12:45:00,4072.61,4073.45,4069.87,4069.97,551.0
2026-07-13 13:00:00,4068.16,4069.03,4067.63,4068.41,94.0
2026-07-13 13:15:00,4067.56,4067.93,4065.81,4067.51,183.0
2026-07-13 13:30:00,4064.91,4067.22,4064.84,4066.0,459.0
2026-07-13 13:45:00,4051.9,4053.05,4051.48,4052.94,77.0
2026-07-13 14:00:00,4060.46,4062.75,4058.13,4060.77,492.0
2026-07-13 14:15:00,4063.96,4064.91,4061.49,4061.49,532.0
2026-07-13 14:30:00,4062.55,4064.6,4061.94,4064.49,271.0
2026-07-13 14:45:00,4065.19,4065.65,4060.55,4061.93,598.0
2026-07-13 15:00:00,4056.44,4059.01,4056.08,4058.5,202.0
2026-07-13 15:15:00,4056.24,4060.48,4056.24,4060.26,394.0
2026-07-13 15:30:00,4058.86,4062.98,4058.69,4062.88,746.0
2026-07-13 15:45:00,4062.9,4063.98,4062.74,4063.29,129.0
2026-07-13 16:00:00,4067.27,4067.41,4063.77,4065.48,443.0
2026-07-13 16:15:00,4061.77,4061.88,4058.5,4060.71,592.0
2026-07-13 16:30:00,4062.12,4063.75,4056.69,4056.93,997.0
2026-07-13 16:45:00,4054.71,4055.51,4053.71,4054.97,164.0
2026-07-13 17:00:00,4043.32,4046.67,4037.95,4038.36,880.0
2026-07-13 17:15:00,4035.61,4035.84,4035.4,4035.84,7.0
2026-07-13 17:30:00,4016.58,4016.86,4008.57,4009.69,475.0
2026-07-13 17:45:00,4005.33,4008.25,4001.76,4007.74,1019.0
2026-07-13 18:00:00,4015.18,4017.43,4014.54,4016.88,129.0
2026-07-13 18:15:00,4014.77,4015.99,4013.84,4013.84,307.0
2026-07-13 18:30:00,4016.5,4017.51,4014.25,4015.76,613.0
2026-07-13 18:45:00,4013.25,4014.76,4010.82,4013.05,668.0
2026-07-13 19:00:00,4015.79,4016.24,4013.73,4015.35,300.0
2026-07-13 19:15:00,4013.88,4013.9,4010.85,4011.54,618.0
2026-07-13 19:30:00,4003.48,4004.59,3990.78,3991.65,1439.0
2026-07-13 19:45:00,4000.51,4002.56,3999.81,4000.1,348.0
2026-07-13 20:00:00,3993.22,3996.98,3992.06,3994.15,805.0
2026-07-13 20:15:00,3997.59,3998.62,3997.16,3997.21,122.0
2026-07-13 20:30:00,3998.77,4000.44,3997.59,3998.66,323.0
2026-07-13 20:45:00,3996.98,3999.24,3994.27,3994.62,558.0
2026-07-13 21:00:00,3993.12,3993.38,3992.48,3992.48,23.0
2026-07-13 21:15:00,3993.64,3994.43,3991.14,3991.27,386.0
2026-07-13 21:30:00,3995.3,3998.23,3993.98,3997.45,647.0
2026-07-13 21:45:00,4000.09,4000.49,3998.7,3999.12,108.0
2026-07-13 22:00:00,4001.87,4001.9,3998.25,4001.16,340.0
2026-07-13 22:15:00,3997.91,3999.63,3997.75,3999.47,522.0
2026-07-13 22:30:00,3998.31,4000.61,3998.31,4000.28,115.0
2026-07-13 22:45:00,3998.99,3999.38,3997.34,3997.34,362.0
2026-07-13 23:00:00,4001.99,4002.15,4001.77,4002.15,6.0
2026-07-13 23:15:00,3998.68,3999.66,3998.68,3999.66,31.0
2026-07-13 23:30:00,3999.74,4000.16,3999.0,3999.89,135.0
2026-07-13 23:45:00,3999.84,4000.4,3998.55,3999.84,200.0
2026-07-14 01:00:00,4002.17,4013.89,4000.74,4001.9,456.0
2026-07-14 01:15:00,4003.96,4004.2,4003.96,4004.17,22.0
2026-07-14 01:30:00,4004.08,4004.38,4003.05,4003.57,174.0
2026-07-14 01:45:00,4003.71,4005.15,4003.24,4004.15,273.0
2026-07-14 02:00:00,4000.8,4001.61,4000.15,4000.53,108.0
2026-07-14 02:15:00,4000.04,4000.42,3998.75,3998.92,196.0
2026-07-14 02:30:00,3997.24,3997.27,3993.55,3994.54,457.0
2026-07-14 02:45:00,3995.35,3997.28,3994.41,3994.41,173.0
2026-07-14 03:00:00,4001.01,4004.58,3996.39,3997.17,758.0
2026-07-14 03:15:00,3995.19,3995.72,3993.09,3993.35,93.0
2026-07-14 03:30:00,3995.58,3997.99,3994.21,3997.63,544.0
2026-07-14 03:45:00,4002.74,4007.0,4000.61,4003.9,1063.0
2026-07-14 04:00:00,4004.18,4004.18,3994.01,3994.74,573.0
2026-07-14 04:15:00,3995.3,4000.85,3995.0,4000.16,494.0
2026-07-14 04:30:00,3997.82,4003.97,3996.13,3999.92,944.0
2026-07-14 04:45:00,4001.92,4003.7,3999.95,4000.11,201.0
2026-07-14 05:00:00,4010.45,4010.79,4005.94,4009.34,583.0
2026-07-14 05:15:00,4016.55,4018.87,4015.24,4015.8,609.0
2026-07-14 05:30:00,4017.79,4018.84,4016.69,4016.69,157.0
2026-07-14 05:45:00,4010.71,4012.66,4010.46,4011.48,441.0
2026-07-14 06:00:00,4012.28,4016.38,4012.19,4013.16,668.0
2026-07-14 06:15:00,4014.09,4014.09,4013.14,4013.97,88.0
2026-07-14 06:30:00,4017.91,4018.91,4016.85,4017.07,343.0
2026-07-14 06:45:00,4015.27,4016.6,4014.89,4016.33,499.0
2026-07-14 07:00:00,4016.78,4017.81,4016.7,4017.61,104.0
2026-07-14 07:15:00,4015.7,4016.11,4014.15,4014.27,386.0
2026-07-14 07:30:00,4015.9,4022.65,4015.63,4021.83,615.0
2026-07-14 07:45:00,4020.48,4020.92,4019.84,4020.62,124.0
2026-07-14 08:00:00,4020.31,4022.69,4020.1,4020.46,402.0
2026-07-14 08:15:00,4023.04,4023.89,4019.87,4020.9,488.0
2026-07-14 08:30:00,4022.77,4026.99,4022.42,4024.81,210.0
2026-07-14 08:45:00,4031.98,4032.41,4029.51,4030.45,445.0
2026-07-14 09:00:00,4031.3,4033.06,4028.62,4030.87,2074.0
2026-07-14 09:15:00,4030.98,4031.07,4022.87,4022.87,1947.0
2026-07-14 09:30:00,4022.91,4026.17,4021.65,4025.12,2053.0
2026-07-14 09:45:00,4025.16,4026.46,4022.87,4023.79,1851.0
2026-07-14 10:00:00,4023.92,4028.91,4020.7,4024.69,2147.0
2026-07-14 10:15:00,4024.67,4029.66,4024.42,4026.29,1987.0
2026-07-14 10:30:00,4026.19,4029.38,4022.8,4023.51,1983.0
2026-07-14 10:45:00,4023.61,4025.9,4020.05,4020.58,2096.0
2026-07-14 11:00:00,4020.56,4022.33,4014.36,4017.18,2492.0
2026-07-14 11:15:00,4017.22,4023.08,4017.22,4021.69,1941.0
2026-07-14 11:30:00,4021.68,4023.72,4018.66,4019.2,1918.0
2026-07-14 11:45:00,4019.17,4020.73,4015.75,4015.84,1783.0
2026-07-14 12:00:00,4015.82,4024.29,4013.72,4020.54,1978.0
2026-07-14 12:15:00,4020.64,4021.67,4014.98,4015.74,1958.0
2026-07-14 12:30:00,4015.71,4017.95,4013.71,4017.13,1878.0
2026-07-14 12:45:00,4017.07,4023.77,4016.4,4021.62,1978.0
2026-07-14 13:00:00,4021.52,4022.03,4016.76,4018.08,1629.0
2026-07-14 13:15:00,4018.06,4019.96,4015.58,4017.72,1700.0
2026-07-14 13:30:00,4017.74,4020.01,4015.04,4018.91,1956.0
2026-07-14 13:45:00,4019.01,4022.71,4018.01,4021.52,1686.0
2026-07-14 14:00:00,4021.55,4023.86,4015.44,4022.92,2167.0
2026-07-14 14:15:00,4022.81,4028.24,4020.48,4024.79,2000.0
2026-07-14 14:30:00,4024.84,4030.21,4024.48,4027.96,1993.0
2026-07-14 14:45:00,4027.95,4031.79,4025.71,4031.18,1847.0
2026-07-14 15:00:00,4031.09,4035.68,4025.16,4025.68,2285.0
2026-07-14 15:15:00,4025.77,4030.71,4023.15,4027.7,2344.0
2026-07-14 15:30:00,4027.31,4100.74,4027.31,4092.79,4623.0
2026-07-14 15:45:00,4092.94,4095.09,4068.95,4076.23,3827.0
2026-07-14 16:00:00,4076.1,4083.25,4070.78,4074.83,1673.0
2026-07-14 16:15:00,4074.79,4080.2,4073.93,4078.05,520.0
2026-07-14 16:30:00,4081.55,4084.73,4075.82,4077.06,1130.0
2026-07-14 16:45:00,4087.46,4087.46,4085.56,4085.58,57.0
2026-07-14 17:00:00,4076.55,4080.22,4073.52,4075.24,1016.0
2026-07-14 17:15:00,4082.29,4082.29,4075.77,4076.01,115.0
2026-07-14 17:30:00,4076.78,4076.88,4073.18,4074.43,471.0
2026-07-14 17:45:00,4080.22,4082.57,4079.02,4081.26,827.0
2026-07-14 18:00:00,4085.18,4092.85,4078.74,4086.64,1227.0
2026-07-14 18:15:00,4090.1,4090.97,4088.28,4089.85,320.0
2026-07-14 18:30:00,4084.77,4086.75,4083.15,4083.72,591.0
2026-07-14 18:45:00,4073.96,4076.39,4072.21,4073.48,830.0
2026-07-14 19:00:00,4066.12,4066.89,4063.52,4063.95,141.0
2026-07-14 19:15:00,4062.88,4064.89,4060.78,4063.81,526.0
2026-07-14 19:30:00,4059.28,4062.61,4058.8,4060.56,954.0
2026-07-14 19:45:00,4060.75,4061.85,4059.53,4059.87,218.0
2026-07-14 20:00:00,4061.43,4064.39,4060.87,4063.06,488.0
2026-07-14 20:15:00,4056.64,4057.01,4054.42,4056.79,790.0
2026-07-14 20:30:00,4062.82,4064.35,4062.77,4063.73,221.0
2026-07-14 20:45:00,4059.83,4061.41,4058.24,4061.4,432.0
2026-07-14 21:00:00,4062.56,4062.7,4062.34,4062.34,6.0
2026-07-14 21:15:00,4061.53,4062.78,4061.27,4061.41,211.0
2026-07-14 21:30:00,4058.33,4059.37,4055.28,4055.5,420.0
2026-07-14 21:45:00,4046.4,4050.42,4044.69,4047.26,828.0
2026-07-14 22:00:00,4054.11,4054.74,4053.62,4053.9,262.0
2026-07-14 22:15:00,4056.45,4056.79,4055.2,4055.61,449.0
2026-07-14 22:30:00,4051.51,4051.51,4048.87,4048.92,83.0
2026-07-14 22:45:00,4052.4,4054.45,4052.4,4053.61,233.0
2026-07-14 23:00:00,4055.68,4056.33,4054.01,4054.82,395.0
2026-07-14 23:15:00,4053.62,4054.11,4053.56,4054.08,25.0
2026-07-14 23:30:00,4052.92,4053.28,4052.42,4052.81,146.0
2026-07-14 23:45:00,4050.22,4051.26,4049.24,4051.04,160.0
2026-07-15 01:00:00,4057.77,4057.77,4051.59,4051.74,342.0
2026-07-15 01:15:00,4050.59,4050.68,4049.45,4049.75,15.0
2026-07-15 01:30:00,4051.52,4052.03,4051.36,4051.74,98.0
2026-07-15 01:45:00,4050.39,4050.57,4048.4,4049.08,315.0
2026-07-15 02:00:00,4048.85,4049.99,4048.57,4049.49,40.0
2026-07-15 02:15:00,4047.51,4048.45,4047.49,4047.9,107.0
2026-07-15 02:30:00,4053.72,4055.38,4051.45,4054.98,469.0
2026-07-15 02:45:00,4054.57,4054.91,4052.55,4052.91,165.0
2026-07-15 03:00:00,4053.03,4054.27,4051.01,4052.57,506.0
2026-07-15 03:15:00,4051.14,4055.97,4050.98,4052.61,844.0
2026-07-15 03:30:00,4058.11,4058.41,4055.1,4056.97,285.0
2026-07-15 03:45:00,4054.46,4056.77,4054.1,4054.98,423.0
2026-07-15 04:00:00,4059.02,4061.45,4058.73,4059.3,84.0
2026-07-15 04:15:00,4055.47,4057.11,4054.85,4055.74,129.0
2026-07-15 04:30:00,4054.31,4054.44,4049.57,4050.79,518.0
2026-07-15 04:45:00,4038.85,4042.36,4037.76,4041.11,862.0
2026-07-15 05:00:00,4037.05,4037.49,4034.88,4036.08,232.0
2026-07-15 05:15:00,4036.53,4036.7,4029.51,4030.18,561.0
2026-07-15 05:30:00,4032.95,4033.24,4032.53,4033.13,30.0
2026-07-15 05:45:00,4041.56,4041.76,4040.21,4040.41,169.0
2026-07-15 06:00:00,4035.09,4038.57,4034.48,4037.94,544.0
2026-07-15 06:15:00,4033.96,4034.19,4033.69,4034.04,27.0
2026-07-15 06:30:00,4030.9,4031.67,4027.96,4029.26,348.0
2026-07-15 06:45:00,4029.08,4032.2,4029.07,4032.09,489.0
2026-07-15 07:00:00,4031.14,4033.04,4030.58,4032.26,200.0
2026-07-15 07:15:00,4031.34,4033.59,4030.74,4033.29,270.0
2026-07-15 07:30:00,4033.49,4033.64,4032.7,4032.79,33.0
2026-07-15 07:45:00,4030.14,4031.58,4030.14,4031.58,118.0
2026-07-15 08:00:00,4033.24,4035.83,4031.42,4033.13,622.0
2026-07-15 08:15:00,4025.9,4027.45,4025.62,4027.28,152.0
2026-07-15 08:30:00,4025.05,4028.96,4022.15,4025.34,651.0
2026-07-15 08:45:00,4029.55,4029.84,4027.3,4028.81,718.0
2026-07-15 09:00:00,4034.63,4035.28,4030.81,4032.82,328.0
2026-07-15 09:15:00,4027.44,4027.87,4025.5,4025.82,476.0
2026-07-15 09:30:00,4026.38,4028.06,4022.57,4027.86,772.0
2026-07-15 09:45:00,4032.2,4032.2,4031.09,4031.13,167.0
2026-07-15 10:00:00,4031.85,4032.12,4029.12,4031.33,427.0
2026-07-15 10:15:00,4029.26,4029.63,4027.98,4029.55,509.0
2026-07-15 10:30:00,4023.91,4024.63,4021.8,4023.8,207.0
2026-07-15 10:45:00,4022.67,4024.45,4021.23,4024.33,372.0
2026-07-15 11:00:00,4024.36,4025.01,4022.37,4022.38,80.0
2026-07-15 11:15:00,4017.94,4018.97,4017.9,4018.67,20.0
2026-07-15 11:30:00,4026.6,4027.68,4025.75,4026.45,311.0
2026-07-15 11:45:00,4028.45,4029.34,4027.51,4028.96,428.0
2026-07-15 12:00:00,4031.1,4034.16,4030.78,4033.58,679.0
2026-07-15 12:15:00,4030.21,4030.93,4029.25,4029.93,180.0
2026-07-15 12:30:00,4027.4,4029.45,4027.21,4028.46,333.0
2026-07-15 12:45:00,4027.21,4027.92,4026.29,4027.75,310.0
2026-07-15 13:00:00,4030.27,4030.48,4028.67,4030.3,386.0
2026-07-15 13:15:00,4033.62,4033.88,4031.58,4033.56,407.0
2026-07-15 13:30:00,4028.71,4031.07,4028.3,4030.41,587.0
2026-07-15 13:45:00,4031.07,4031.11,4027.08,4028.42,552.0
2026-07-15 14:00:00,4028.05,4029.39,4027.73,4029.39,81.0
2026-07-15 14:15:00,4030.2,4030.41,4028.98,4029.12,102.0
2026-07-15 14:30:00,4030.61,4030.87,4029.21,4029.62,140.0
2026-07-15 14:45:00,4037.42,4038.72,4036.4,4036.46,194.0
2026-07-15 15:00:00,4038.23,4040.42,4037.9,4039.89,275.0
2026-07-15 15:15:00,4037.83,4040.59,4037.83,4039.3,619.0
2026-07-15 15:30:00,4039.21,4053.23,4037.48,4052.13,797.0
2026-07-15 15:45:00,4063.0,4065.18,4060.93,4062.99,966.0
2026-07-15 16:00:00,4068.0,4068.71,4065.03,4065.61,401.0
2026-07-15 16:15:00,4061.61,4064.27,4061.15,4063.56,559.0
2026-07-15 16:30:00,4055.74,4061.19,4055.58,4058.5,1128.0
2026-07-15 16:45:00,4061.09,4061.09,4056.89,4057.5,464.0
2026-07-15 17:00:00,4061.54,4063.18,4061.37,4061.45,171.0
2026-07-15 17:15:00,4064.32,4065.97,4061.32,4061.83,545.0
2026-07-15 17:30:00,4058.37,4063.21,4057.57,4062.35,986.0
2026-07-15 17:45:00,4057.27,4057.56,4053.47,4054.7,301.0
2026-07-15 18:00:00,4060.43,4062.88,4058.31,4058.43,673.0
2026-07-15 18:15:00,4043.83,4046.8,4043.01,4043.08,1211.0
2026-07-15 18:30:00,4048.95,4049.62,4044.81,4046.43,409.0
2026-07-15 18:45:00,4049.55,4050.76,4047.96,4049.89,669.0
2026-07-15 19:00:00,4046.81,4047.75,4046.6,4047.61,84.0
2026-07-15 19:15:00,4038.15,4040.6,4037.74,4037.8,373.0
2026-07-15 19:30:00,4034.72,4036.88,4032.7,4034.78,579.0
2026-07-15 19:45:00,4028.56,4036.82,4027.58,4033.41,753.0
2026-07-15 20:00:00,4033.76,4038.63,4032.95,4037.79,812.0
2026-07-15 20:15:00,4035.71,4035.71,4033.45,4033.58,122.0
2026-07-15 20:30:00,4047.44,4052.06,4047.07,4049.98,543.0
2026-07-15 20:45:00,4062.21,4065.92,4061.36,4063.0,711.0
2026-07-15 21:00:00,4062.19,4068.64,4061.68,4068.05,825.0
2026-07-15 21:15:00,4067.84,4068.52,4066.68,4067.67,233.0
2026-07-15 21:30:00,4074.37,4081.08,4074.26,4074.82,607.0
2026-07-15 21:45:00,4067.6,4068.45,4064.57,4064.63,719.0
2026-07-15 22:00:00,4059.02,4059.02,4059.02,4059.02,1.0
2026-07-15 22:15:00,4060.84,4061.29,4059.7,4060.77,134.0
2026-07-15 22:30:00,4055.91,4057.4,4055.59,4057.2,182.0
2026-07-15 22:45:00,4051.0,4052.86,4050.76,4051.0,233.0
2026-07-15 23:00:00,4056.71,4057.53,4055.05,4057.53,248.0
2026-07-15 23:15:00,4057.43,4059.74,4057.21,4058.84,165.0
2026-07-15 23:30:00,4061.34,4061.34,4060.26,4061.16,182.0
2026-07-15 23:45:00,4061.48,4061.75,4060.92,4061.72,130.0
2026-07-16 01:00:00,4059.21,4067.19,4059.21,4065.5,84.0
2026-07-16 01:15:00,4063.58,4063.58,4063.24,4063.31,58.0
2026-07-16 01:30:00,4062.27,4062.36,4061.13,4061.25,86.0
2026-07-16 01:45:00,4060.09,4060.87,4059.45,4059.52,162.0
2026-07-16 02:00:00,4059.5,4061.71,4058.87,4059.65,383.0
2026-07-16 02:15:00,4060.28,4060.33,4058.48,4059.0,146.0
2026-07-16 02:30:00,4057.76,4058.4,4056.07,4057.87,253.0
2026-07-16 02:45:00,4057.64,4058.75,4056.12,4058.75,184.0
2026-07-16 03:00:00,4057.98,4059.32,4056.26,4057.32,617.0
2026-07-16 03:15:00,4056.25,4056.3,4055.84,4056.3,12.0
2026-07-16 03:30:00,4058.32,4060.65,4058.19,4059.97,262.0
2026-07-16 03:45:00,4054.89,4059.91,4054.89,4059.01,570.0
2026-07-16 04:00:00,4044.37,4050.4,4040.76,4044.91,1250.0
2026-07-16 04:15:00,4045.13,4045.2,4043.97,4044.37,96.0
2026-07-16 04:30:00,4036.66,4039.62,4036.51,4038.88,199.0
2026-07-16 04:45:00,4041.93,4042.54,4039.9,4041.11,212.0
2026-07-16 05:00:00,4039.1,4040.0,4038.11,4038.42,262.0
2026-07-16 05:15:00,4032.43,4032.65,4028.81,4030.12,288.0
2026-07-16 05:30:00,4034.57,4035.61,4030.11,4030.95,438.0
2026-07-16 05:45:00,4027.58,4029.47,4027.29,4028.44,417.0
2026-07-16 06:00:00,4031.38,4031.93,4030.08,4031.76,438.0
2026-07-16 06:15:00,4029.64,4031.35,4029.49,4030.49,480.0
2026-07-16 06:30:00,4033.85,4034.34,4032.33,4033.76,546.0
2026-07-16 06:45:00,4035.29,4035.5,4034.05,4034.69,398.0
2026-07-16 07:00:00,4036.17,4036.39,4035.64,4036.17,36.0
2026-07-16 07:15:00,4036.79,4036.79,4035.32,4035.51,61.0
2026-07-16 07:30:00,4033.76,4034.17,4033.72,4034.11,82.0
2026-07-16 07:45:00,4032.48,4034.94,4032.14,4034.73,149.0
2026-07-16 08:00:00,4033.01,4033.84,4031.5,4031.66,252.0
2026-07-16 08:15:00,4030.73,4032.88,4029.66,4029.94,328.0
2026-07-16 08:30:00,4027.7,4031.59,4025.21,4030.01,676.0
2026-07-16 08:45:00,4032.2,4032.75,4028.3,4029.18,527.0
2026-07-16 09:00:00,4027.24,4032.7,4026.96,4032.2,669.0
2026-07-16 09:15:00,4032.1,4032.76,4028.38,4028.96,679.0
2026-07-16 09:30:00,4030.19,4030.55,4026.63,4027.22,688.0
2026-07-16 09:45:00,4026.88,4026.91,4026.27,4026.57,17.0
2026-07-16 10:00:00,4030.39,4030.55,4029.37,4030.08,100.0
2026-07-16 10:15:00,4026.07,4026.27,4025.03,4025.42,121.0
2026-07-16 10:30:00,4024.24,4025.07,4022.98,4023.19,181.0
2026-07-16 10:45:00,4026.03,4029.63,4025.85,4029.18,384.0
2026-07-16 11:00:00,4030.56,4033.99,4029.44,4030.76,706.0
2026-07-16 11:15:00,4025.64,4026.46,4025.59,4026.41,11.0
2026-07-16 11:30:00,4032.21,4033.81,4032.21,4033.05,171.0
2026-07-16 11:45:00,4033.47,4036.18,4033.47,4035.85,339.0
2026-07-16 12:00:00,4035.19,4037.16,4035.18,4036.08,485.0
2026-07-16 12:15:00,4036.83,4036.86,4036.28,4036.39,50.0
2026-07-16 12:30:00,4033.0,4033.96,4031.59,4032.74,215.0
2026-07-16 12:45:00,4034.2,4034.3,4031.59,4032.32,224.0
2026-07-16 13:00:00,4031.68,4032.21,4030.01,4030.78,291.0
2026-07-16 13:15:00,4031.74,4032.79,4031.54,4032.34,275.0
2026-07-16 13:30:00,4033.08,4033.79,4031.56,4032.78,340.0
2026-07-16 13:45:00,4032.99,4033.12,4030.58,4032.03,378.0
2026-07-16 14:00:00,4029.41,4030.14,4027.76,4029.64,578.0
2026-07-16 14:15:00,4027.94,4027.94,4025.07,4026.76,598.0
2026-07-16 14:30:00,4024.29,4024.73,4023.89,4024.4,33.0
2026-07-16 14:45:00,4034.83,4036.75,4034.83,4036.34,76.0
2026-07-16 15:00:00,4038.37,4038.82,4036.51,4037.9,198.0
2026-07-16 15:15:00,4031.57,4032.12,4012.85,4013.96,482.0
2026-07-16 15:30:00,4022.84,4029.46,4017.19,4023.51,542.0
2026-07-16 15:45:00,4002.63,4008.73,3999.11,4003.96,715.0
2026-07-16 16:00:00,3992.23,3996.64,3976.9,3980.73,1016.0
2026-07-16 16:15:00,3992.18,3995.71,3991.5,3992.45,775.0
2026-07-16 16:30:00,4005.43,4008.22,3995.15,3995.82,1089.0
2026-07-16 16:45:00,3986.0,3992.99,3986.0,3990.88,1109.0
2026-07-16 17:00:00,3989.9,3997.1,3989.32,3996.18,1181.0
2026-07-16 17:15:00,3988.72,3989.56,3988.29,3988.29,101.0
2026-07-16 17:30:00,3999.16,3999.37,3995.44,3995.83,173.0
2026-07-16 17:45:00,4004.66,4005.35,4003.75,4004.8,287.0
2026-07-16 18:00:00,3997.86,3998.51,3992.36,3993.62,809.0
2026-07-16 18:15:00,3992.61,3995.5,3992.53,3993.85,218.0
2026-07-16 18:30:00,4011.23,4014.62,4007.57,4014.51,874.0
2026-07-16 18:45:00,4010.26,4011.31,4008.35,4009.93,260.0
2026-07-16 19:00:00,4006.99,4007.45,4000.82,4000.89,663.0
2026-07-16 19:15:00,3989.85,3991.54,3985.57,3986.99,1065.0
2026-07-16 19:30:00,3987.38,3989.52,3986.87,3989.1,357.0
2026-07-16 19:45:00,3991.83,3992.25,3989.25,3991.82,566.0
2026-07-16 20:00:00,3992.07,3992.81,3990.06,3990.47,694.0
2026-07-16 20:15:00,3985.65,3987.14,3985.13,3986.9,174.0
2026-07-16 20:30:00,3987.47,3988.56,3986.47,3987.31,401.0
2026-07-16 20:45:00,3981.64,3985.35,3980.99,3984.91,498.0
2026-07-16 21:00:00,3984.59,3986.56,3983.73,3986.21,675.0
2026-07-16 21:15:00,3985.14,3988.66,3984.31,3988.04,686.0
2026-07-16 21:30:00,3986.41,3986.41,3984.25,3984.44,93.0
2026-07-16 21:45:00,3983.01,3984.77,3982.94,3984.5,241.0
2026-07-16 22:00:00,3980.29,3985.35,3979.12,3985.2,420.0
2026-07-16 22:15:00,3980.4,3981.79,3979.9,3981.5,515.0
2026-07-16 22:30:00,3979.01,3979.1,3977.59,3978.25,88.0
2026-07-16 22:45:00,3975.6,3976.75,3974.54,3976.75,298.0
2026-07-16 23:00:00,3979.86,3979.98,3976.94,3977.3,420.0
2026-07-16 23:15:00,3974.95,3975.12,3972.18,3972.25,376.0
2026-07-16 23:30:00,3974.85,3974.86,3973.59,3974.41,110.0
2026-07-16 23:45:00,3974.45,3975.83,3974.24,3975.68,191.0
2026-07-17 01:00:00,3975.92,3980.49,3973.69,3978.78,379.0
2026-07-17 01:15:00,3976.23,3977.22,3976.08,3977.13,56.0
2026-07-17 01:30:00,3976.26,3976.66,3975.77,3976.2,131.0
2026-07-17 01:45:00,3973.5,3974.26,3973.16,3973.72,225.0
2026-07-17 02:00:00,3978.15,3978.35,3976.69,3976.88,20.0
2026-07-17 02:15:00,3979.94,3980.37,3979.6,3979.6,125.0
2026-07-17 02:30:00,3978.44,3978.6,3975.56,3976.01,279.0
2026-07-17 02:45:00,3981.49,3981.49,3976.53,3979.17,558.0
2026-07-17 03:00:00,3985.99,3986.91,3983.37,3984.88,250.0
2026-07-17 03:15:00,3983.72,3987.06,3983.61,3986.9,388.0
2026-07-17 03:30:00,3984.72,3984.92,3981.11,3983.53,511.0
2026-07-17 03:45:00,3981.87,3987.24,3981.46,3986.26,699.0
2026-07-17 04:00:00,3991.83,3991.97,3990.57,3990.57,11.0
2026-07-17 04:15:00,3992.04,3993.69,3991.31,3991.33,215.0
2026-07-17 04:30:00,3990.97,3991.75,3988.93,3989.89,469.0
2026-07-17 04:45:00,3991.16,3992.49,3985.28,3985.73,833.0
2026-07-17 05:00:00,3983.16,3984.14,3982.92,3983.44,70.0
2026-07-17 05:15:00,3980.81,3983.29,3980.34,3982.5,249.0
2026-07-17 05:30:00,3982.81,3984.03,3978.28,3979.34,667.0
2026-07-17 05:45:00,3974.83,3979.18,3974.27,3977.61,901.0
2026-07-17 06:00:00,3978.84,3980.5,3978.68,3979.93,164.0
2026-07-17 06:15:00,3988.53,3994.54,3988.53,3992.97,436.0
2026-07-17 06:30:00,4001.02,4001.47,3997.14,3997.22,507.0
2026-07-17 06:45:00,3997.38,3997.9,3997.38,3997.72,12.0
2026-07-17 07:00:00,3991.15,3991.54,3989.2,3990.29,144.0
2026-07-17 07:15:00,3988.66,3990.0,3986.6,3986.65,287.0
2026-07-17 07:30:00,3986.13,3988.07,3985.02,3985.04,467.0
2026-07-17 07:45:00,3981.89,3982.36,3981.57,3982.31,50.0
2026-07-17 08:00:00,3981.53,3982.62,3980.89,3981.97,226.0
2026-07-17 08:15:00,3979.26,3980.14,3976.12,3979.12,469.0
2026-07-17 08:30:00,3979.58,3986.14,3978.46,3982.43,1119.0
2026-07-17 08:45:00,3986.6,3986.63,3981.77,3983.5,236.0
2026-07-17 09:00:00,3984.95,3989.03,3984.95,3988.95,534.0
2026-07-17 09:15:00,3999.7,4002.37,3997.74,4001.85,809.0
2026-07-17 09:30:00,4003.54,4007.04,4002.56,4002.56,947.0
2026-07-17 09:45:00,3996.15,3998.35,3995.92,3997.75,255.0
2026-07-17 10:00:00,3999.18,4001.47,3996.84,4000.29,601.0
2026-07-17 10:15:00,3996.32,3999.2,3995.82,3997.09,697.0
2026-07-17 10:30:00,3996.2,3996.99,3995.07,3996.8,142.0
2026-07-17 10:45:00,3998.56,3998.6,3995.6,3996.87,380.0
2026-07-17 11:00:00,3992.64,3993.3,3992.23,3993.0,49.0
2026-07-17 11:15:00,3993.08,3994.56,3991.58,3992.1,344.0
2026-07-17 11:30:00,3992.29,3993.32,3989.8,3991.59,730.0
2026-07-17 11:45:00,3993.27,3993.65,3991.58,3993.65,298.0
2026-07-17 12:00:00,3993.98,3995.38,3992.72,3993.74,798.0
2026-07-17 12:15:00,3997.96,3998.25,3996.62,3997.54,239.0
2026-07-17 12:30:00,3999.07,3999.62,3996.85,3996.95,525.0
2026-07-17 12:45:00,3995.72,3996.76,3995.65,3996.32,91.0
2026-07-17 13:00:00,3998.02,3998.46,3995.39,3995.46,443.0
2026-07-17 13:15:00,3997.16,3997.44,3996.78,3997.1,48.0
2026-07-17 13:30:00,3995.81,3997.39,3995.8,3996.7,327.0
2026-07-17 13:45:00,3996.29,3996.29,3996.28,3996.29,3.0
2026-07-17 14:00:00,3990.69,3994.13,3990.69,3993.54,362.0
2026-07-17 14:15:00,3991.5,3993.61,3989.91,3993.27,696.0
2026-07-17 14:30:00,3995.56,3996.41,3993.43,3993.63,222.0
2026-07-17 14:45:00,3991.96,3995.99,3991.39,3994.82,533.0
2026-07-17 15:00:00,3994.0,3995.43,3994.0,3994.65,237.0
2026-07-17 15:15:00,3989.97,3991.65,3988.8,3991.15,502.0
2026-07-17 15:30:00,3987.13,3988.13,3981.37,3982.22,678.0
2026-07-17 15:45:00,3969.38,3973.01,3965.33,3965.88,1011.0
2026-07-17 16:00:00,3965.99,3966.16,3961.42,3961.83,381.0
2026-07-17 16:15:00,3969.93,3972.09,3967.42,3970.7,627.0
2026-07-17 16:30:00,3968.18,3972.14,3963.8,3966.54,1250.0
2026-07-17 16:45:00,3984.88,3985.73,3981.16,3982.98,178.0
2026-07-17 17:00:00,3997.24,3999.98,3990.12,3991.0,598.0
2026-07-17 17:15:00,3994.82,4000.43,3993.68,3998.44,926.0
2026-07-17 17:30:00,3998.5,3998.72,3992.0,3995.58,983.0
2026-07-17 17:45:00,3997.64,3997.64,3994.52,3995.67,122.0
2026-07-17 18:00:00,4001.03,4002.4,3997.72,4001.74,433.0
2026-07-17 18:15:00,4005.88,4006.86,4004.53,4005.99,443.0
2026-07-17 18:30:00,4013.35,4015.77,4009.26,4011.95,838.0
2026-07-17 18:45:00,4015.23,4018.08,4013.7,4016.05,764.0
2026-07-17 19:00:00,4019.15,4019.28,4012.43,4012.49,369.0
2026-07-17 19:15:00,4017.84,4020.7,4017.84,4020.56,521.0
2026-07-17 19:30:00,4018.74,4019.21,4015.39,4015.88,759.0
2026-07-17 19:45:00,4017.4,4017.84,4016.67,4016.67,131.0
2026-07-17 20:00:00,4014.88,4019.14,4014.88,4017.85,391.0
2026-07-17 20:15:00,4013.25,4015.33,4013.25,4013.59,613.0
2026-07-17 20:30:00,4013.75,4014.51,4011.33,4012.0,550.0
2026-07-17 20:45:00,4010.69,4013.17,4010.3,4012.31,636.0
2026-07-17 21:00:00,4010.03,4010.79,4007.74,4007.74,114.0
2026-07-17 21:15:00,4010.3,4010.85,4008.98,4009.5,173.0
2026-07-17 21:30:00,4015.24,4016.09,4014.9,4015.12,244.0
2026-07-17 21:45:00,4008.08,4008.3,4006.53,4007.61,245.0
2026-07-17 22:00:00,4011.19,4011.33,4008.18,4008.84,383.0
2026-07-17 22:15:00,4005.75,4006.62,4004.86,4005.37,402.0
2026-07-17 22:30:00,4005.34,4007.22,4004.89,4006.66,528.0
2026-07-17 22:45:00,4009.99,4011.2,4009.29,4009.69,554.0
2026-07-17 23:00:00,4015.42,4015.77,4012.51,4013.85,526.0
2026-07-17 23:15:00,4012.16,4012.46,4012.16,4012.28,17.0
2026-07-17 23:30:00,4010.86,4010.96,4010.08,4010.51,67.0
2026-07-17 23:45:00,4013.18,4015.4,4012.88,4015.26,146.0
2026-07-20 01:00:00,4001.53,4007.79,3994.71,3999.56,1124.0
2026-07-20 01:15:00,3996.54,3998.78,3995.73,3997.0,346.0
2026-07-20 01:30:00,3994.89,3995.38,3993.35,3994.97,113.0
2026-07-20 01:45:00,3996.72,3998.23,3995.85,3997.15,365.0
2026-07-20 02:00:00,3994.81,3995.4,3991.51,3993.17,340.0
2026-07-20 02:15:00,3991.04,3992.67,3991.04,3992.44,21.0
2026-07-20 02:30:00,3993.14,3994.04,3992.26,3992.65,245.0
2026-07-20 02:45:00,3992.36,3993.41,3989.53,3990.2,223.0
2026-07-20 03:00:00,3995.23,3995.57,3982.67,3987.29,999.0
2026-07-20 03:15:00,3995.95,3999.01,3993.79,3998.34,483.0
2026-07-20 03:30:00,4003.67,4003.77,4001.01,4001.52,71.0
2026-07-20 03:45:00,3998.61,4002.83,3998.61,4000.3,603.0
2026-07-20 04:00:00,4008.46,4015.37,4005.61,4013.79,621.0
2026-07-20 04:15:00,4009.99,4010.14,4002.46,4003.77,1140.0
2026-07-20 04:30:00,4003.01,4005.58,4002.34,4004.41,760.0
2026-07-20 04:45:00,3997.09,4002.79,3996.89,4002.27,293.0
2026-07-20 05:00:00,4002.22,4009.75,4001.26,4006.24,1125.0
2026-07-20 05:15:00,4006.19,4006.63,4003.98,4004.88,426.0
2026-07-20 05:30:00,4006.77,4008.35,4006.02,4006.5,285.0
2026-07-20 05:45:00,4014.7,4028.57,4013.87,4024.75,1028.0
2026-07-20 06:00:00,4021.79,4022.63,4020.02,4021.32,499.0
2026-07-20 06:15:00,4023.97,4025.86,4023.24,4025.51,173.0
2026-07-20 06:30:00,4022.22,4024.63,4018.88,4020.59,609.0
2026-07-20 06:45:00,4027.1,4027.49,4027.07,4027.49,69.0
2026-07-20 07:00:00,4023.94,4025.67,4023.68,4024.86,224.0
2026-07-20 07:15:00,4021.41,4023.43,4021.41,4022.71,270.0
2026-07-20 07:30:00,4025.17,4025.33,4022.33,4022.83,416.0
2026-07-20 07:45:00,4022.93,4022.93,4019.37,4019.78,475.0
2026-07-20 08:00:00,4018.86,4020.95,4018.86,4020.73,171.0
2026-07-20 08:15:00,4013.74,4014.65,4012.71,4012.78,383.0
2026-07-20 08:30:00,4010.53,4014.31,4010.0,4012.04,796.0
2026-07-20 08:45:00,4009.78,4010.27,4005.48,4007.58,882.0
2026-07-20 09:00:00,4008.52,4011.25,4008.52,4011.02,261.0
2026-07-20 09:15:00,4007.38,4009.05,4006.4,4008.09,477.0
2026-07-20 09:30:00,4004.75,4005.53,4002.93,4004.44,697.0
2026-07-20 09:45:00,4004.72,4006.61,4004.72,4006.55,170.0
2026-07-20 10:00:00,4003.7,4006.42,4002.16,4005.41,376.0
2026-07-20 10:15:00,4004.15,4004.45,4002.13,4003.38,330.0
2026-07-20 10:30:00,4006.61,4011.41,4006.52,4009.03,307.0
2026-07-20 10:45:00,4021.06,4021.4,4019.03,4019.11,63.0
2026-07-20 11:00:00,4017.2,4025.4,4017.07,4024.04,2139.0
2026-07-20 11:15:00,4024.05,4030.45,4021.81,4021.95,2018.0
2026-07-20 11:30:00,4021.98,4024.77,4018.87,4021.7,1739.0
2026-07-20 11:45:00,4021.91,4022.72,4017.61,4018.88,1671.0
2026-07-20 12:00:00,4018.65,4020.9,4015.2,4019.31,1676.0
2026-07-20 12:15:00,4019.29,4021.96,4015.49,4016.31,1439.0
2026-07-20 12:30:00,4016.29,4020.85,4014.85,4019.05,1640.0
2026-07-20 12:45:00,4018.93,4023.14,4017.5,4021.08,1557.0
2026-07-20 13:00:00,4021.06,4021.63,4018.14,4020.71,1465.0
2026-07-20 13:15:00,4020.72,4023.16,4018.69,4021.73,1363.0
2026-07-20 13:30:00,4021.67,4024.22,4021.1,4022.13,1393.0
2026-07-20 13:45:00,4022.11,4025.5,4020.86,4024.03,1367.0
2026-07-20 14:00:00,4024.12,4027.15,4019.75,4021.97,1863.0
2026-07-20 14:15:00,4021.98,4023.71,4019.86,4022.1,1407.0
2026-07-20 14:30:00,4022.08,4040.59,4021.41,4032.42,3495.0
2026-07-20 14:45:00,4032.28,4032.28,4024.84,4025.22,2227.0
2026-07-20 15:00:00,4025.09,4025.13,4011.45,4012.64,2986.0
2026-07-20 15:15:00,4012.63,4014.69,4006.65,4012.84,2373.0
2026-07-20 15:30:00,4012.99,4014.66,4006.49,4009.98,2281.0
2026-07-20 15:45:00,4009.88,4015.55,4007.95,4008.11,2299.0
2026-07-20 16:00:00,4008.02,4013.77,4007.84,4008.6,2669.0
2026-07-20 16:15:00,4008.62,4012.63,4006.92,4008.5,2404.0
2026-07-20 16:30:00,4008.6,4017.25,4008.1,4012.89,3020.0
2026-07-20 16:45:00,4012.93,4013.24,4005.62,4005.64,2844.0
2026-07-20 17:00:00,4005.55,4007.77,3998.24,3998.7,3121.0
2026-07-20 17:15:00,3998.83,4006.6,3998.25,4006.52,2775.0
2026-07-20 17:30:00,4006.57,4010.77,4005.97,4007.28,2558.0
2026-07-20 17:45:00,4007.18,4013.21,4005.05,4006.03,2614.0
2026-07-20 18:00:00,4006.04,4019.35,4004.37,4014.28,2848.0
2026-07-20 18:15:00,4014.16,4016.51,4011.12,4016.35,2263.0
2026-07-20 18:30:00,4016.37,4016.73,4010.2,4012.76,2220.0
2026-07-20 18:45:00,4012.78,4016.28,4011.67,4011.72,1948.0
2026-07-20 19:00:00,4011.78,4018.27,4011.18,4013.65,1928.0
2026-07-20 19:15:00,4013.73,4014.31,4010.62,4012.43,1651.0
2026-07-20 19:30:00,4012.44,4012.57,4001.28,4009.49,2191.0
2026-07-20 19:45:00,4009.35,4010.41,4007.07,4009.73,1907.0
2026-07-20 20:00:00,4009.7,4012.23,4009.47,4010.09,1653.0
2026-07-20 20:15:00,4010.03,4012.88,4008.83,4012.01,1729.0
2026-07-20 20:30:00,4012.12,4012.88,4007.68,4007.94,1598.0
2026-07-20 20:45:00,4007.92,4007.92,4003.65,4005.15,1716.0
2026-07-20 21:00:00,4005.17,4010.77,4005.17,4008.66,1503.0
2026-07-20 21:15:00,4008.7,4011.67,4003.27,4006.55,1930.0
2026-07-20 21:30:00,4006.65,4007.35,4004.25,4006.39,1783.0
2026-07-20 21:45:00,4006.31,4008.62,4005.25,4007.22,1630.0
2026-07-20 22:00:00,4007.23,4007.98,4004.29,4004.52,1613.0
2026-07-20 22:15:00,4004.5,4012.84,4004.19,4012.72,1643.0
2026-07-20 22:30:00,4012.83,4017.8,4005.22,4005.76,2120.0
2026-07-20 22:45:00,4005.74,4009.95,4005.48,4006.85,1830.0
2026-07-20 23:00:00,4006.98,4009.15,4005.63,4007.59,1275.0
2026-07-20 23:15:00,4007.53,4008.99,4007.04,4008.09,750.0
2026-07-20 23:30:00,4008.18,4009.28,4007.33,4008.71,601.0
2026-07-20 23:45:00,4008.56,4008.6,4007.25,4008.44,495.0
2026-07-21 01:00:00,4013.97,4013.97,4005.66,4006.9,859.0
2026-07-21 01:15:00,4006.84,4010.66,4004.97,4009.68,1178.0
2026-07-21 01:30:00,4009.66,4009.68,4002.88,4004.12,1344.0
2026-07-21 01:45:00,4004.11,4007.88,3999.51,4000.29,1546.0
2026-07-21 02:00:00,4000.44,4009.63,4000.06,4003.04,1689.0
2026-07-21 02:15:00,4003.25,4007.18,4003.25,4003.59,1139.0
2026-07-21 02:30:00,4003.44,4008.43,4003.38,4007.47,1048.0
2026-07-21 02:45:00,4007.48,4010.37,4004.14,4009.78,1418.0
2026-07-21 03:00:00,4009.8,4012.45,4003.75,4010.5,2651.0
2026-07-21 03:15:00,4010.54,4018.4,4007.8,4014.97,2312.0
2026-07-21 03:30:00,4014.98,4023.69,4014.16,4022.33,1932.0
2026-07-21 03:45:00,4022.38,4026.93,4021.93,4024.76,2044.0
2026-07-21 04:00:00,4025.07,4029.75,4018.42,4028.87,2833.0
2026-07-21 04:15:00,4028.91,4035.77,4026.26,4028.03,2596.0
2026-07-21 04:30:00,4028.04,4030.7,4022.98,4024.37,2437.0
2026-07-21 04:45:00,4024.36,4028.11,4021.38,4023.11,2172.0
2026-07-21 05:00:00,4023.14,4026.53,4021.99,4024.3,1873.0
2026-07-21 05:15:00,4024.29,4029.85,4021.98,4028.79,1724.0
2026-07-21 05:30:00,4028.71,4044.56,4027.94,4035.46,2851.0
2026-07-21 05:45:00,4035.59,4038.2,4030.94,4037.94,2027.0
2026-07-21 06:00:00,4037.73,4042.11,4037.69,4037.97,2160.0
2026-07-21 06:15:00,4038.03,4051.24,4036.83,4047.35,2243.0
2026-07-21 06:30:00,4047.36,4049.44,4041.8,4041.84,1508.0
2026-07-21 06:45:00,4041.82,4047.35,4041.82,4046.8,1391.0
2026-07-21 07:00:00,4046.82,4051.51,4045.72,4045.95,1581.0
2026-07-21 07:15:00,4045.97,4046.66,4043.7,4044.65,1191.0
2026-07-21 07:30:00,4044.65,4047.47,4044.38,4046.85,1114.0
2026-07-21 07:45:00,4047.0,4049.62,4045.42,4049.55,1113.0
2026-07-21 08:00:00,4049.64,4051.7,4046.31,4051.42,1405.0
2026-07-21 08:15:00,4051.38,4056.31,4048.01,4054.3,1517.0
2026-07-21 08:30:00,4054.32,4066.44,4054.32,4065.85,2454.0
2026-07-21 08:45:00,4065.96,4067.84,4061.21,4061.47,2147.0
2026-07-21 09:00:00,4061.73,4072.26,4061.6,4071.3,2320.0
2026-07-21 09:15:00,4071.33,4074.28,4068.27,4072.27,2174.0
2026-07-21 09:30:00,4072.34,4080.54,4071.89,4077.1,2234.0
2026-07-21 09:45:00,4077.13,4083.93,4077.13,4078.43,2013.0
2026-07-21 10:00:00,4078.51,4080.01,4071.74,4072.02,1933.0
2026-07-21 10:15:00,4072.05,4073.38,4068.29,4069.53,1540.0
2026-07-21 10:30:00,4069.51,4075.24,4067.67,4071.39,1682.0
2026-07-21 10:45:00,4071.38,4072.43,4069.76,4071.27,1531.0
2026-07-21 11:00:00,4071.14,4072.41,4065.61,4067.96,1906.0
2026-07-21 11:15:00,4068.01,4068.53,4063.0,4063.43,1780.0
2026-07-21 11:30:00,4063.5,4065.08,4060.95,4062.12,1610.0
2026-07-21 11:45:00,4062.14,4063.54,4059.12,4062.77,1504.0
2026-07-21 12:00:00,4062.78,4066.63,4062.78,4065.09,1382.0
2026-07-21 12:15:00,4065.12,4068.28,4062.45,4062.73,1587.0
2026-07-21 12:30:00,4062.74,4065.49,4061.01,4062.35,1441.0
2026-07-21 12:45:00,4062.36,4069.58,4062.06,4065.92,1569.0
2026-07-21 13:00:00,4065.87,4068.36,4060.97,4066.24,1912.0
2026-07-21 13:15:00,4066.23,4069.17,4064.95,4066.71,1740.0
2026-07-21 13:30:00,4066.83,4070.08,4066.5,4067.04,1422.0
2026-07-21 13:45:00,4067.05,4068.43,4062.52,4062.84,1597.0
2026-07-21 14:00:00,4062.9,4063.61,4055.27,4058.47,1901.0
2026-07-21 14:15:00,4058.45,4059.8,4056.17,4057.93,1462.0
2026-07-21 14:30:00,4057.97,4061.1,4055.5,4055.99,1592.0
2026-07-21 14:45:00,4055.87,4058.43,4054.4,4055.84,1377.0
2026-07-21 15:00:00,4055.88,4060.83,4055.65,4059.35,1744.0
2026-07-21 15:15:00,4059.37,4065.55,4055.66,4061.46,2135.0
2026-07-21 15:30:00,4061.59,4063.61,4051.02,4053.82,2368.0
2026-07-21 15:45:00,4053.85,4062.06,4052.83,4053.98,2206.0
2026-07-21 16:00:00,4053.89,4060.29,4053.83,4059.66,2580.0
2026-07-21 16:15:00,4059.64,4061.64,4050.18,4050.92,2516.0
2026-07-21 16:30:00,4051.08,4057.34,4044.8,4046.46,3244.0
2026-07-21 16:45:00,4046.36,4053.52,4044.45,4053.08,2843.0
2026-07-21 17:00:00,4053.17,4065.89,4051.72,4065.84,2952.0
2026-07-21 17:15:00,4065.67,4069.33,4061.02,4069.33,2815.0
2026-07-21 17:30:00,4069.26,4073.6,4062.25,4067.41,2709.0
2026-07-21 17:45:00,4067.45,4070.61,4066.21,4068.37,2676.0
2026-07-21 18:00:00,4068.38,4073.66,4065.58,4073.37,2471.0
2026-07-21 18:15:00,4073.32,4079.02,4073.22,4076.71,2414.0
2026-07-21 18:30:00,4076.6,4083.18,4075.49,4075.78,2348.0
2026-07-21 18:45:00,4075.84,4078.07,4072.03,4074.1,1818.0
2026-07-21 19:00:00,4074.04,4079.0,4073.43,4078.3,1717.0
2026-07-21 19:15:00,4078.31,4078.38,4074.01,4075.57,1439.0
2026-07-21 19:30:00,4075.55,4076.27,4071.18,4071.92,1517.0
2026-07-21 19:45:00,4071.91,4073.2,4069.84,4071.49,1460.0
2026-07-21 20:00:00,4071.5,4072.44,4069.31,4070.46,1601.0
2026-07-21 20:15:00,4070.48,4072.7,4068.89,4072.15,1440.0
2026-07-21 20:30:00,4072.05,4072.21,4066.81,4068.06,1226.0
2026-07-21 20:45:00,4068.02,4068.53,4066.74,4068.53,1089.0
2026-07-21 21:00:00,4068.54,4072.19,4067.61,4071.36,1246.0
2026-07-21 21:15:00,4071.33,4086.62,4071.06,4083.73,1922.0
2026-07-21 21:30:00,4083.71,4085.53,4081.24,4082.35,1602.0
2026-07-21 21:45:00,4082.3,4083.26,4079.23,4082.16,1116.0
2026-07-21 22:00:00,4082.38,4085.49,4080.05,4080.74,1422.0
2026-07-21 22:15:00,4080.87,4085.19,4080.87,4084.0,1354.0
2026-07-21 22:30:00,4084.26,4084.98,4081.78,4083.16,1253.0
2026-07-21 22:45:00,4083.17,4085.31,4082.83,4084.45,1527.0
2026-07-21 23:00:00,4084.39,4086.28,4083.3,4084.26,911.0
2026-07-21 23:15:00,4084.28,4084.4,4081.49,4082.62,487.0
2026-07-21 23:30:00,4083.0,4085.22,4080.36,4080.91,733.0
2026-07-21 23:45:00,4080.86,4080.86,4076.59,4077.75,576.0
2026-07-22 01:00:00,4082.26,4082.26,4077.02,4078.89,1034.0
2026-07-22 01:15:00,4078.94,4083.05,4078.08,4082.6,891.0
2026-07-22 01:30:00,4082.41,4084.85,4082.41,4083.88,971.0
2026-07-22 01:45:00,4083.87,4084.24,4078.2,4080.34,965.0
2026-07-22 02:00:00,4080.33,4081.81,4079.4,4081.2,805.0
2026-07-22 02:15:00,4081.21,4082.41,4080.81,4081.16,544.0
2026-07-22 02:30:00,4081.17,4082.24,4079.23,4080.38,768.0
2026-07-22 02:45:00,4080.4,4082.93,4079.18,4080.63,974.0
2026-07-22 03:00:00,4080.55,4092.63,4076.72,4092.05,2449.0
2026-07-22 03:15:00,4092.11,4098.53,4092.11,4098.0,2056.0
2026-07-22 03:30:00,4098.03,4102.01,4089.54,4092.66,2136.0
2026-07-22 03:45:00,4092.61,4099.04,4091.42,4097.36,2027.0
2026-07-22 04:00:00,4097.48,4121.3,4096.62,4121.2,3279.0
2026-07-22 04:15:00,4121.06,4121.51,4111.69,4115.38,2538.0
2026-07-22 04:30:00,4115.39,4122.76,4112.92,4121.59,2591.0
2026-07-22 04:45:00,4121.85,4123.3,4117.24,4122.03,2178.0
2026-07-22 05:00:00,4121.81,4123.14,4118.81,4121.87,2095.0
2026-07-22 05:15:00,4121.86,4125.99,4119.86,4124.16,1758.0
2026-07-22 05:30:00,4124.15,4130.31,4122.18,4128.17,2408.0
2026-07-22 05:45:00,4128.18,4130.7,4126.22,4130.47,2135.0
2026-07-22 06:00:00,4130.44,4140.55,4129.2,4137.26,2229.0
2026-07-22 06:15:00,4137.1,4141.54,4136.71,4138.15,1870.0
2026-07-22 06:30:00,4138.14,4138.18,4132.41,4133.45,1654.0
2026-07-22 06:45:00,4133.46,4134.18,4130.05,4130.8,1396.0
2026-07-22 07:00:00,4130.62,4131.05,4126.21,4126.85,1477.0
2026-07-22 07:15:00,4126.84,4129.51,4126.82,4128.71,1202.0
2026-07-22 07:30:00,4128.7,4128.98,4124.73,4127.19,1338.0
2026-07-22 07:45:00,4127.28,4127.47,4125.17,4126.93,1219.0
2026-07-22 08:00:00,4126.89,4129.86,4125.83,4128.46,1526.0
2026-07-22 08:15:00,4128.48,4128.62,4123.09,4123.61,1704.0
2026-07-22 08:30:00,4123.45,4133.9,4122.93,4132.35,2416.0
2026-07-22 08:45:00,4132.37,4133.06,4128.03,4130.95,2077.0
2026-07-22 09:00:00,4131.02,4135.13,4129.31,4129.72,2027.0
2026-07-22 09:15:00,4129.73,4131.81,4113.97,4117.37,2294.0
2026-07-22 09:30:00,4117.51,4120.15,4114.62,4118.65,2276.0
2026-07-22 09:45:00,4118.57,4120.46,4113.34,4116.46,2148.0
2026-07-22 10:00:00,4116.69,4117.16,4111.91,4116.39,2029.0
2026-07-22 10:15:00,4116.4,4122.32,4115.92,4119.59,1749.0
2026-07-22 10:30:00,4119.57,4122.9,4110.96,4112.23,2111.0
2026-07-22 10:45:00,4112.24,4114.18,4109.17,4110.53,2110.0
2026-07-22 11:00:00,4110.64,4115.86,4110.57,4114.55,2163.0
2026-07-22 11:15:00,4114.61,4117.72,4113.38,4117.23,1935.0
2026-07-22 11:30:00,4117.32,4119.05,4114.15,4114.47,1762.0
2026-07-22 11:45:00,4114.59,4119.99,4113.27,4118.18,1736.0
2026-07-22 12:00:00,4118.3,4122.08,4117.71,4121.64,1843.0
2026-07-22 12:15:00,4121.68,4122.21,4117.86,4118.62,1656.0
2026-07-22 12:30:00,4118.5,4121.6,4114.28,4115.89,1868.0
2026-07-22 12:45:00,4115.87,4117.82,4113.23,4114.93,1567.0
2026-07-22 13:00:00,4115.04,4119.95,4114.91,4117.32,1643.0
2026-07-22 13:15:00,4117.31,4121.72,4116.4,4119.28,1681.0
2026-07-22 13:30:00,4119.27,4119.85,4115.78,4116.99,1474.0
2026-07-22 13:45:00,4117.0,4120.2,4116.12,4117.44,1428.0
2026-07-22 14:00:00,4117.51,4120.83,4115.11,4119.17,1629.0
2026-07-22 14:15:00,4119.16,4122.89,4117.5,4118.48,1450.0
2026-07-22 14:30:00,4118.66,4120.52,4112.58,4115.58,1946.0
2026-07-22 14:45:00,4115.55,4122.88,4114.75,4122.47,1865.0
2026-07-22 15:00:00,4122.56,4127.27,4121.7,4126.71,1993.0
2026-07-22 15:15:00,4126.83,4133.06,4124.84,4132.6,2083.0
2026-07-22 15:30:00,4132.58,4134.32,4124.6,4127.15,2143.0
2026-07-22 15:45:00,4127.12,4127.48,4107.06,4112.77,2442.0
2026-07-22 16:00:00,4112.92,4125.69,4112.53,4125.62,2436.0
2026-07-22 16:15:00,4125.5,4134.83,4124.85,4131.75,2321.0
2026-07-22 16:30:00,4131.86,4146.42,4131.86,4142.63,3383.0
2026-07-22 16:45:00,4142.76,4155.89,4142.65,4154.64,3000.0
2026-07-22 17:00:00,4154.66,4163.43,4153.34,4156.5,3214.0
2026-07-22 17:15:00,4156.49,4156.49,4144.39,4146.2,3008.0
2026-07-22 17:30:00,4146.29,4152.89,4146.17,4150.93,2652.0
2026-07-22 17:45:00,4150.92,4152.8,4144.08,4148.47,2564.0
2026-07-22 18:00:00,4148.52,4158.4,4148.52,4157.48,2325.0
2026-07-22 18:15:00,4157.45,4161.29,4153.25,4157.17,2073.0
2026-07-22 18:30:00,4157.15,4160.74,4155.68,4159.85,2123.0
2026-07-22 18:45:00,4159.88,4165.9,4158.37,4159.28,2280.0
2026-07-22 19:00:00,4159.37,4159.37,4153.16,4154.39,2000.0
2026-07-22 19:15:00,4154.47,4155.43,4147.77,4149.07,1982.0
2026-07-22 19:30:00,4149.15,4151.22,4144.33,4147.03,2133.0
2026-07-22 19:45:00,4147.13,4148.88,4144.49,4146.76,1828.0
2026-07-22 20:00:00,4146.91,4147.76,4143.04,4145.26,1931.0
2026-07-22 20:15:00,4145.25,4147.03,4142.64,4145.96,2023.0
2026-07-22 20:30:00,4145.95,4147.34,4138.27,4140.47,1962.0
2026-07-22 20:45:00,4140.54,4143.61,4140.37,4142.37,1608.0
2026-07-22 21:00:00,4142.21,4142.71,4136.71,4138.02,1943.0
2026-07-22 21:15:00,4137.93,4139.65,4134.66,4135.06,1892.0
2026-07-22 21:30:00,4135.17,4136.09,4131.93,4135.8,1694.0
2026-07-22 21:45:00,4135.78,4138.75,4135.19,4135.97,1449.0
2026-07-22 22:00:00,4135.88,4137.14,4132.94,4133.96,1517.0
2026-07-22 22:15:00,4133.87,4135.29,4131.68,4134.36,1469.0
2026-07-22 22:30:00,4134.27,4136.12,4132.54,4133.89,1522.0
2026-07-22 22:45:00,4134.0,4135.21,4128.92,4131.68,1941.0
2026-07-22 23:00:00,4131.58,4135.43,4130.26,4134.43,2070.0
2026-07-22 23:15:00,4134.42,4137.7,4133.78,4136.62,1166.0
2026-07-22 23:30:00,4136.56,4137.4,4130.8,4130.88,1049.0
2026-07-22 23:45:00,4130.87,4131.07,4128.36,4129.92,948.0
2026-07-23 01:00:00,4133.77,4135.49,4109.17,4123.85,1947.0
2026-07-23 01:15:00,4124.04,4129.0,4120.74,4128.7,1849.0
2026-07-23 01:30:00,4128.53,4129.54,4119.91,4121.47,1590.0
2026-07-23 01:45:00,4121.51,4126.42,4120.59,4121.84,1818.0
2026-07-23 02:00:00,4121.87,4124.6,4116.51,4123.68,2028.0
2026-07-23 02:15:00,4123.72,4123.96,4118.99,4119.77,1216.0
2026-07-23 02:30:00,4119.82,4124.37,4118.91,4123.52,1006.0
2026-07-23 02:45:00,4123.5,4134.11,4122.9,4133.29,1734.0
2026-07-23 03:00:00,4133.44,4134.23,4126.11,4126.82,2009.0
2026-07-23 03:15:00,4126.83,4134.6,4126.71,4129.11,1748.0
2026-07-23 03:30:00,4129.09,4132.04,4127.13,4127.81,1623.0
2026-07-23 03:45:00,4127.71,4133.12,4125.15,4132.1,1719.0
2026-07-23 04:00:00,4131.94,4139.04,4129.74,4134.35,2917.0
2026-07-23 04:15:00,4134.41,4140.82,4133.54,4137.29,2287.0
2026-07-23 04:30:00,4137.4,4139.16,4122.61,4122.61,2974.0
2026-07-23 04:45:00,4121.71,4123.48,4114.18,4117.75,2700.0
2026-07-23 05:00:00,4117.74,4118.74,4112.03,4117.54,2494.0
2026-07-23 05:15:00,4117.67,4118.1,4113.21,4116.17,1999.0
2026-07-23 05:30:00,4115.9,4122.19,4113.77,4122.04,2387.0
2026-07-23 05:45:00,4122.08,4128.34,4121.4,4127.87,2070.0
2026-07-23 06:00:00,4127.95,4128.96,4124.03,4126.95,1928.0
2026-07-23 06:15:00,4127.01,4132.9,4126.52,4130.41,2005.0
2026-07-23 06:30:00,4130.29,4131.06,4125.95,4128.69,1611.0
2026-07-23 06:45:00,4128.72,4128.72,4123.96,4124.57,1278.0
2026-07-23 07:00:00,4124.56,4127.46,4122.4,4127.44,1409.0
2026-07-23 07:15:00,4127.49,4129.73,4125.01,4129.73,1450.0
2026-07-23 07:30:00,4129.65,4130.1,4123.01,4123.1,1367.0
2026-07-23 07:45:00,4123.09,4124.17,4119.98,4121.11,1310.0
2026-07-23 08:00:00,4121.12,4124.86,4119.4,4124.36,1575.0
2026-07-23 08:15:00,4124.26,4125.41,4119.79,4125.41,1639.0
2026-07-23 08:30:00,4125.47,4128.41,4123.28,4127.59,2265.0
2026-07-23 08:45:00,4127.48,4130.29,4120.54,4123.94,2085.0
2026-07-23 09:00:00,4123.93,4128.07,4121.14,4123.07,2320.0
2026-07-23 09:15:00,4122.96,4127.55,4121.25,4121.92,1868.0
2026-07-23 09:30:00,4121.97,4123.64,4116.78,4119.92,2116.0
2026-07-23 09:45:00,4119.87,4122.18,4117.76,4118.48,1836.0
2026-07-23 10:00:00,4118.62,4119.26,4101.93,4106.58,2516.0
2026-07-23 10:15:00,4106.55,4111.87,4105.38,4108.29,2263.0
2026-07-23 10:30:00,4108.3,4108.63,4091.32,4095.44,2334.0
2026-07-23 10:45:00,4095.56,4096.84,4090.12,4095.33,2539.0
2026-07-23 11:00:00,4095.34,4097.6,4090.14,4091.3,2387.0
2026-07-23 11:15:00,4091.31,4092.32,4088.56,4091.67,1977.0
2026-07-23 11:30:00,4091.73,4093.68,4088.61,4092.39,1936.0
2026-07-23 11:45:00,4092.4,4094.7,4086.88,4093.24,1877.0
2026-07-23 12:00:00,4093.3,4099.28,4092.59,4094.82,2070.0
2026-07-23 12:15:00,4094.81,4096.86,4089.32,4091.3,1752.0
2026-07-23 12:30:00,4091.41,4093.22,4088.54,4091.76,1818.0
2026-07-23 12:45:00,4091.88,4094.1,4088.37,4089.76,1684.0
2026-07-23 13:00:00,4089.85,4091.51,4087.86,4090.7,1818.0
2026-07-23 13:15:00,4090.71,4092.39,4086.03,4089.76,1753.0
2026-07-23 13:30:00,4089.74,4092.65,4086.55,4089.29,1845.0
2026-07-23 13:45:00,4089.26,4095.1,4087.14,4093.09,1758.0
2026-07-23 14:00:00,4093.05,4093.74,4086.96,4087.58,1885.0
2026-07-23 14:15:00,4087.57,4089.14,4080.91,4084.23,2217.0
2026-07-23 14:30:00,4084.04,4084.04,4072.96,4078.58,2555.0
2026-07-23 14:45:00,4078.61,4088.74,4077.77,4085.54,2201.0
2026-07-23 15:00:00,4085.45,4085.69,4080.94,4081.23,1898.0
2026-07-23 15:15:00,4081.29,4082.92,4070.3,4074.65,2915.0
2026-07-23 15:30:00,4074.92,4074.98,4064.19,4068.96,3247.0
2026-07-23 15:45:00,4069.08,4069.28,4060.94,4061.73,3027.0
2026-07-23 16:00:00,4061.72,4063.41,4040.35,4040.77,4107.0
2026-07-23 16:15:00,4041.02,4059.09,4040.5,4058.73,3445.0
2026-07-23 16:30:00,4058.71,4067.31,4055.38,4056.21,3795.0
2026-07-23 16:45:00,4056.4,4058.98,4042.54,4043.12,3569.0
2026-07-23 17:00:00,4043.18,4051.31,4039.98,4047.92,3843.0
2026-07-23 17:15:00,4047.9,4056.77,4042.31,4056.11,3595.0
2026-07-23 17:30:00,4056.2,4060.33,4051.6,4056.97,3277.0
2026-07-23 17:45:00,4056.79,4061.58,4055.91,4057.83,2959.0
2026-07-23 18:00:00,4057.91,4059.33,4049.23,4051.25,3039.0
2026-07-23 18:15:00,4051.13,4056.57,4045.48,4046.73,3130.0
2026-07-23 18:30:00,4046.56,4053.02,4042.23,4047.91,3198.0
2026-07-23 18:45:00,4047.9,4050.87,4046.54,4048.54,2554.0
2026-07-23 19:00:00,4048.53,4050.93,4047.26,4050.02,2237.0
2026-07-23 19:15:00,4050.19,4051.46,4045.7,4049.88,2014.0
2026-07-23 19:30:00,4049.9,4050.96,4046.73,4049.71,2084.0
2026-07-23 19:45:00,4049.69,4051.64,4047.91,4051.31,1765.0
2026-07-23 20:00:00,4051.39,4054.5,4046.78,4047.12,2287.0
2026-07-23 20:15:00,4047.3,4050.38,4046.11,4047.1,2297.0
2026-07-23 20:30:00,4047.08,4049.01,4041.78,4042.72,2205.0
2026-07-23 20:45:00,4042.77,4044.23,4041.53,4041.64,1833.0
2026-07-23 21:00:00,4041.69,4044.06,4040.65,4041.75,2061.0
2026-07-23 21:15:00,4041.76,4045.04,4040.59,4044.37,2166.0
2026-07-23 21:30:00,4044.29,4047.92,4044.29,4046.39,1608.0
2026-07-23 21:45:00,4046.38,4048.25,4044.55,4046.03,1551.0
2026-07-23 22:00:00,4046.12,4048.49,4042.9,4043.15,1496.0
2026-07-23 22:15:00,4043.0,4049.01,4043.0,4048.05,1433.0
2026-07-23 22:30:00,4048.1,4050.75,4045.66,4045.71,1681.0
2026-07-23 22:45:00,4045.77,4050.95,4044.8,4049.68,1949.0
2026-07-23 23:00:00,4049.84,4051.01,4048.14,4049.4,1286.0
2026-07-23 23:15:00,4049.45,4050.58,4047.26,4050.09,876.0
2026-07-23 23:30:00,4050.19,4050.57,4048.78,4049.83,714.0
2026-07-23 23:45:00,4049.69,4049.91,4047.38,4048.96,577.0
2026-07-24 01:00:00,4046.33,4050.3,4046.32,4048.81,835.0
2026-07-24 01:15:00,4049.08,4050.21,4049.08,4049.8,551.0
2026-07-24 01:30:00,4049.83,4050.36,4048.64,4049.25,633.0
2026-07-24 01:45:00,4049.27,4050.32,4048.39,4049.48,498.0
2026-07-24 02:00:00,4049.49,4049.78,4047.17,4048.32,563.0
2026-07-24 02:15:00,4048.39,4049.84,4047.09,4049.08,590.0
2026-07-24 02:30:00,4049.1,4050.54,4046.93,4048.1,833.0
2026-07-24 02:45:00,4048.11,4049.61,4046.55,4046.93,970.0
2026-07-24 03:00:00,4047.04,4049.99,4041.14,4041.47,2012.0
2026-07-24 03:15:00,4041.48,4047.92,4041.09,4046.49,1940.0
2026-07-24 03:30:00,4046.48,4050.08,4044.73,4049.17,1735.0
2026-07-24 03:45:00,4049.15,4050.65,4048.24,4049.72,1519.0
2026-07-24 04:00:00,4049.84,4050.15,4040.14,4042.3,2646.0
2026-07-24 04:15:00,4042.33,4045.81,4041.37,4042.65,2159.0
2026-07-24 04:30:00,4042.65,4050.26,4041.46,4049.79,2167.0
2026-07-24 04:45:00,4049.67,4050.0,4041.29,4043.46,2089.0
2026-07-24 05:00:00,4043.56,4045.85,4040.91,4045.65,1823.0
2026-07-24 05:15:00,4045.61,4048.29,4042.57,4046.42,1311.0
2026-07-24 05:30:00,4046.45,4048.01,4041.11,4041.5,1899.0
2026-07-24 05:45:00,4041.46,4041.67,4023.02,4024.47,2992.0
2026-07-24 06:00:00,4024.59,4032.18,4023.1,4031.8,2199.0
2026-07-24 06:15:00,4031.76,4033.49,4028.07,4030.13,1976.0
2026-07-24 06:30:00,4030.23,4033.0,4030.19,4031.51,1477.0
2026-07-24 06:45:00,4031.34,4032.02,4028.16,4029.15,1220.0
2026-07-24 07:00:00,4028.81,4030.2,4027.0,4028.01,1299.0
2026-07-24 07:15:00,4028.02,4030.29,4027.54,4029.69,1097.0
2026-07-24 07:30:00,4029.8,4030.3,4025.86,4026.82,927.0
2026-07-24 07:45:00,4026.79,4028.67,4025.51,4026.91,979.0
2026-07-24 08:00:00,4027.16,4032.08,4025.18,4027.53,1392.0
2026-07-24 08:15:00,4027.3,4029.82,4022.3,4026.12,1413.0
2026-07-24 08:30:00,4025.99,4031.4,4023.92,4024.75,2305.0
2026-07-24 08:45:00,4024.66,4029.17,4021.92,4022.95,1910.0
2026-07-24 09:00:00,4023.05,4031.3,4022.86,4030.85,2158.0
2026-07-24 09:15:00,4030.93,4038.92,4029.3,4036.51,2116.0
2026-07-24 09:30:00,4036.43,4037.07,4033.17,4033.8,1913.0
2026-07-24 09:45:00,4033.84,4038.5,4031.59,4035.61,1997.0
2026-07-24 10:00:00,4035.47,4047.32,4034.97,4045.36,2207.0
2026-07-24 10:15:00,4045.37,4050.75,4043.98,4048.62,2038.0
2026-07-24 10:30:00,4048.61,4053.64,4045.71,4048.27,1882.0
2026-07-24 10:45:00,4048.35,4049.57,4045.9,4048.27,1517.0
2026-07-24 11:00:00,4048.37,4048.97,4045.04,4046.73,1850.0
2026-07-24 11:15:00,4046.62,4052.46,4045.03,4052.46,1792.0
2026-07-24 11:30:00,4052.35,4055.43,4048.74,4054.61,1808.0
2026-07-24 11:45:00,4054.65,4058.56,4052.18,4057.43,1596.0
2026-07-24 12:00:00,4057.53,4060.64,4053.17,4054.06,1758.0
2026-07-24 12:15:00,4054.04,4056.51,4052.36,4052.8,1480.0
2026-07-24 12:30:00,4052.71,4056.1,4051.63,4055.54,1429.0
2026-07-24 12:45:00,4055.63,4059.76,4054.49,4059.71,1327.0
2026-07-24 13:00:00,4059.9,4061.38,4057.66,4058.09,1429.0
2026-07-24 13:15:00,4058.0,4063.52,4057.48,4061.85,1388.0
2026-07-24 13:30:00,4061.86,4063.76,4058.01,4058.21,1225.0
2026-07-24 13:45:00,4058.34,4060.12,4056.99,4059.92,1286.0
2026-07-24 14:00:00,4059.9,4063.22,4058.35,4061.1,1375.0
2026-07-24 14:15:00,4061.11,4061.85,4059.05,4059.05,1082.0
2026-07-24 14:30:00,4058.97,4060.21,4055.12,4055.13,1427.0
2026-07-24 14:45:00,4055.25,4061.54,4051.31,4057.67,1674.0
2026-07-24 15:00:00,4057.84,4058.47,4052.22,4056.47,2095.0
2026-07-24 15:15:00,4056.44,4060.07,4054.74,4059.54,1852.0
2026-07-24 15:30:00,4059.36,4059.52,4051.92,4055.02,1884.0
2026-07-24 15:45:00,4055.03,4056.22,4051.61,4056.01,1562.0
2026-07-24 16:00:00,4055.84,4058.32,4044.57,4048.04,2517.0
2026-07-24 16:15:00,4047.96,4049.26,4044.75,4046.26,2137.0
2026-07-24 16:30:00,4046.27,4056.58,4044.5,4052.13,2954.0
2026-07-24 16:45:00,4051.96,4068.57,4048.55,4067.45,3167.0
2026-07-24 17:00:00,4067.31,4070.01,4057.21,4058.79,3250.0
2026-07-24 17:15:00,4058.83,4069.23,4055.84,4066.0,3120.0
2026-07-24 17:30:00,4066.09,4067.98,4059.11,4060.16,2861.0
2026-07-24 17:45:00,4060.3,4066.38,4058.41,4063.23,2709.0
2026-07-24 18:00:00,4063.22,4076.51,4061.73,4074.67,2847.0
2026-07-24 18:15:00,4074.57,4082.01,4071.85,4074.89,3576.0
2026-07-24 18:30:00,4074.93,4079.52,4071.7,4071.88,2762.0
2026-07-24 18:45:00,4071.97,4077.7,4070.91,4077.22,2406.0
2026-07-24 19:00:00,4077.28,4077.37,4074.34,4074.74,2080.0
2026-07-24 19:15:00,4074.84,4078.05,4073.51,4073.68,1881.0
2026-07-24 19:30:00,4073.66,4073.95,4066.58,4067.59,2093.0
2026-07-24 19:45:00,4067.43,4067.65,4064.06,4066.96,1906.0
2026-07-24 20:00:00,4067.09,4068.23,4062.92,4064.12,2099.0
2026-07-24 20:15:00,4064.15,4069.79,4063.57,4068.33,2017.0
2026-07-24 20:30:00,4068.19,4069.73,4066.07,4066.45,1611.0
2026-07-24 20:45:00,4066.43,4067.19,4062.95,4063.27,1495.0
2026-07-24 21:00:00,4063.28,4064.41,4061.14,4061.54,1610.0
2026-07-24 21:15:00,4061.55,4062.87,4054.82,4055.19,1874.0
2026-07-24 21:30:00,4055.33,4056.81,4051.02,4052.02,1918.0
2026-07-24 21:45:00,4052.13,4055.74,4051.67,4054.25,1501.0
2026-07-24 22:00:00,4054.34,4056.22,4052.05,4052.13,1852.0
2026-07-24 22:15:00,4052.16,4052.23,4049.14,4051.45,1625.0
2026-07-24 22:30:00,4051.64,4057.8,4051.19,4056.82,1984.0
2026-07-24 22:45:00,4056.85,4057.32,4052.7,4053.65,1757.0
2026-07-24 23:00:00,4053.63,4055.1,4052.17,4052.46,740.0
2026-07-24 23:15:00,4052.49,4054.61,4051.98,4053.59,631.0
2026-07-24 23:30:00,4053.61,4055.92,4051.49,4055.35,634.0
2026-07-24 23:45:00,4055.25,4056.2,4052.9,4053.13,469.0
2026-07-27 01:00:00,4087.81,4096.9,4082.43,4087.85,2204.0
2026-07-27 01:15:00,4087.9,4090.01,4083.82,4086.35,1475.0
2026-07-27 01:30:00,4086.02,4092.83,4085.49,4091.09,1325.0
2026-07-27 01:45:00,4091.03,4093.61,4088.87,4089.46,1014.0
2026-07-27 02:00:00,4089.45,4091.15,4084.39,4084.72,1074.0
2026-07-27 02:15:00,4084.79,4086.25,4083.54,4084.69,1182.0
2026-07-27 02:30:00,4084.67,4089.26,4084.5,4088.96,975.0
2026-07-27 02:45:00,4088.99,4096.18,4088.06,4094.09,1843.0
2026-07-27 03:00:00,4094.3,4116.08,4093.93,4115.55,2898.0
2026-07-27 03:15:00,4115.54,4115.54,4090.26,4094.39,2602.0
2026-07-27 03:30:00,4094.3,4102.26,4093.59,4099.76,2242.0
2026-07-27 03:45:00,4099.69,4109.15,4099.02,4100.59,2348.0
2026-07-27 04:00:00,4100.48,4112.34,4100.48,4106.99,3253.0
2026-07-27 04:15:00,4107.12,4109.03,4096.83,4099.87,2653.0
2026-07-27 04:30:00,4099.8,4104.18,4097.8,4102.63,2524.0
2026-07-27 04:45:00,4102.6,4110.0,4102.6,4110.0,2247.0
2026-07-27 05:00:00,4110.27,4110.77,4103.3,4105.43,2170.0
2026-07-27 05:15:00,4105.38,4105.78,4101.81,4103.1,1492.0
2026-07-27 05:30:00,4102.83,4103.09,4095.46,4096.44,1991.0
2026-07-27 05:45:00,4096.38,4097.48,4093.57,4093.57,1530.0
2026-07-27 06:00:00,4093.46,4095.69,4089.06,4091.79,1777.0
2026-07-27 06:15:00,4091.8,4093.4,4085.22,4085.3,1611.0
2026-07-27 06:30:00,4085.33,4090.66,4085.03,4089.66,1608.0
2026-07-27 06:45:00,4089.58,4091.09,4088.39,4090.84,979.0
2026-07-27 07:00:00,4091.07,4092.74,4088.57,4090.02,1241.0
2026-07-27 07:15:00,4089.88,4090.33,4086.97,4088.89,1182.0
2026-07-27 07:30:00,4088.9,4092.2,4088.9,4090.3,1178.0
2026-07-27 07:45:00,4090.36,4091.19,4089.07,4090.13,925.0
2026-07-27 08:00:00,4090.1,4094.7,4088.46,4094.6,1389.0
2026-07-27 08:15:00,4094.59,4094.59,4086.02,4086.88,1293.0
2026-07-27 08:30:00,4086.89,4090.09,4085.66,4087.91,2161.0
2026-07-27 08:45:00,4088.16,4093.5,4084.28,4092.95,1997.0
2026-07-27 09:00:00,4093.0,4096.29,4091.52,4094.28,2134.0
2026-07-27 09:15:00,4094.18,4096.34,4091.14,4095.91,1692.0
2026-07-27 09:30:00,4095.93,4099.15,4094.16,4098.51,1836.0
2026-07-27 09:45:00,4098.5,4098.94,4094.97,4095.85,1728.0
2026-07-27 10:00:00,4095.91,4101.82,4095.9,4101.82,2168.0
2026-07-27 10:15:00,4101.73,4105.93,4099.74,4103.08,1940.0
2026-07-27 10:30:00,4103.14,4103.63,4095.74,4097.14,1827.0
2026-07-27 10:45:00,4097.16,4099.07,4088.43,4088.49,1798.0
2026-07-27 11:00:00,4088.6,4092.96,4086.97,4091.19,2168.0
2026-07-27 11:15:00,4091.1,4092.49,4088.88,4090.83,1871.0
2026-07-27 11:30:00,4090.87,4092.77,4087.31,4091.26,1747.0
2026-07-27 11:45:00,4091.29,4096.73,4090.78,4095.09,1353.0
2026-07-27 12:00:00,4094.94,4098.29,4092.96,4093.85,1398.0
2026-07-27 12:15:00,4093.82,4095.72,4091.04,4091.42,1413.0
2026-07-27 12:30:00,4091.27,4094.58,4090.27,4094.09,1514.0
2026-07-27 12:45:00,4094.1,4100.29,4093.71,4096.13,1502.0
2026-07-27 13:00:00,4096.0,4096.49,4086.39,4090.74,1735.0
2026-07-27 13:15:00,4090.76,4093.88,4089.08,4092.97,1413.0
2026-07-27 13:30:00,4093.02,4101.91,4092.89,4100.26,1533.0
2026-07-27 13:45:00,4100.25,4102.27,4098.69,4099.45,1256.0
2026-07-27 14:00:00,4099.47,4104.04,4096.87,4101.87,1763.0
2026-07-27 14:15:00,4101.99,4103.22,4097.14,4097.14,1321.0
2026-07-27 14:30:00,4096.93,4099.83,4094.66,4095.53,1891.0
2026-07-27 14:45:00,4095.57,4097.04,4093.63,4093.78,1749.0
2026-07-27 15:00:00,4093.88,4097.52,4086.23,4087.48,2292.0
2026-07-27 15:15:00,4087.47,4088.83,4081.57,4086.61,2326.0
2026-07-27 15:30:00,4086.65,4088.55,4083.02,4086.59,1969.0
2026-07-27 15:45:00,4086.53,4089.02,4081.59,4083.62,2194.0
2026-07-27 16:00:00,4083.73,4088.7,4080.85,4084.77,2985.0
2026-07-27 16:15:00,4084.86,4087.04,4075.91,4076.07,2676.0
2026-07-27 16:30:00,4075.96,4089.04,4075.44,4086.61,3608.0
2026-07-27 16:45:00,4086.64,4089.37,4070.48,4074.05,3306.0
2026-07-27 17:00:00,4074.15,4079.0,4071.02,4076.81,3396.0
2026-07-27 17:15:00,4076.82,4078.47,4067.08,4068.2,3107.0
2026-07-27 17:30:00,4068.33,4070.48,4065.26,4068.67,3335.0
2026-07-27 17:45:00,4068.74,4077.32,4068.74,4076.11,2792.0
2026-07-27 18:00:00,4076.14,4076.35,4071.75,4075.89,2708.0
2026-07-27 18:15:00,4075.69,4079.15,4074.49,4076.36,2505.0
2026-07-27 18:30:00,4076.4,4077.82,4072.57,4076.0,2269.0
2026-07-27 18:45:00,4076.04,4079.74,4074.5,4078.31,2136.0
2026-07-27 19:00:00,4078.37,4084.77,4077.76,4081.33,2204.0
2026-07-27 19:15:00,4081.34,4088.66,4079.59,4085.05,2460.0
2026-07-27 19:30:00,4085.22,4093.79,4085.0,4088.14,2593.0
2026-07-27 19:45:00,4088.17,4088.47,4080.65,4082.24,2251.0
2026-07-27 20:00:00,4082.22,4082.22,4070.47,4073.49,2583.0
2026-07-27 20:15:00,4073.5,4076.68,4072.29,4074.71,2120.0
2026-07-27 20:30:00,4074.69,4075.92,4072.06,4074.37,1950.0
2026-07-27 20:45:00,4074.35,4077.09,4073.22,4076.27,1709.0
2026-07-27 21:00:00,4076.4,4079.16,4076.02,4076.63,1752.0
2026-07-27 21:15:00,4076.58,4076.87,4074.08,4076.72,1665.0
2026-07-27 21:30:00,4076.71,4079.19,4072.93,4076.15,1762.0
2026-07-27 21:45:00,4076.06,4079.38,4074.98,4077.85,1722.0
2026-07-27 22:00:00,4077.95,4081.68,4076.09,4080.17,1460.0
2026-07-27 22:15:00,4080.23,4088.55,4079.34,4085.64,1355.0
2026-07-27 22:30:00,4085.88,4087.13,4083.69,4086.85,1348.0
2026-07-27 22:45:00,4086.82,4089.27,4082.33,4083.25,1728.0
2026-07-27 23:00:00,4083.31,4083.95,4081.38,4082.1,909.0
2026-07-27 23:15:00,4082.09,4082.18,4078.15,4078.63,789.0
2026-07-27 23:30:00,4078.58,4079.04,4075.65,4077.04,811.0
2026-07-27 23:45:00,4077.09,4077.26,4075.2,4076.57,452.0
2026-07-28 01:00:00,4078.21,4082.44,4076.56,4077.3,957.0
2026-07-28 01:15:00,4076.92,4076.97,4070.83,4072.11,819.0
2026-07-28 01:30:00,4072.22,4074.9,4072.2,4074.73,663.0
2026-07-28 01:45:00,4074.8,4074.8,4073.46,4074.06,782.0
2026-07-28 02:00:00,4074.09,4074.89,4071.72,4073.96,839.0
2026-07-28 02:15:00,4073.83,4074.47,4071.89,4072.98,818.0
2026-07-28 02:30:00,4072.73,4073.53,4071.49,4071.94,579.0
2026-07-28 02:45:00,4071.96,4073.24,4069.77,4073.18,1233.0
2026-07-28 03:00:00,4073.21,4074.04,4061.94,4067.01,2389.0
2026-07-28 03:15:00,4066.85,4067.29,4059.08,4062.02,2151.0
2026-07-28 03:30:00,4062.03,4066.08,4060.42,4065.36,2133.0
2026-07-28 03:45:00,4065.25,4065.39,4057.56,4057.94,2220.0
2026-07-28 04:00:00,4057.68,4060.18,4053.78,4057.91,3086.0
2026-07-28 04:15:00,4057.87,4059.03,4046.32,4047.27,2551.0
2026-07-28 04:30:00,4047.24,4050.42,4043.46,4048.79,2502.0
2026-07-28 04:45:00,4048.65,4048.68,4042.52,4045.03,2006.0
2026-07-28 05:00:00,4045.05,4047.45,4042.37,4046.33,1970.0
2026-07-28 05:15:00,4046.02,4048.92,4045.22,4046.06,1614.0
2026-07-28 05:30:00,4046.07,4047.74,4041.45,4044.16,1967.0
2026-07-28 05:45:00,4044.11,4045.37,4040.67,4041.95,1790.0
2026-07-28 06:00:00,4041.85,4047.2,4040.19,4045.78,1628.0
2026-07-28 06:15:00,4045.82,4049.25,4045.18,4047.59,1545.0
2026-07-28 06:30:00,4047.55,4051.02,4047.23,4048.22,1582.0
2026-07-28 06:45:00,4048.24,4050.58,4047.95,4049.33,1408.0
2026-07-28 07:00:00,4049.17,4049.49,4043.41,4043.91,1546.0
2026-07-28 07:15:00,4043.9,4047.79,4043.48,4045.48,1451.0
2026-07-28 07:30:00,4045.54,4047.69,4043.8,4047.55,1114.0
2026-07-28 07:45:00,4047.56,4047.85,4041.29,4042.04,1246.0
2026-07-28 08:00:00,4041.9,4043.85,4039.91,4042.23,1691.0
2026-07-28 08:15:00,4042.22,4043.73,4040.77,4042.99,1590.0
2026-07-28 08:30:00,4042.42,4045.47,4034.81,4041.47,2697.0
2026-07-28 08:45:00,4041.52,4046.42,4039.44,4045.12,1976.0
2026-07-28 09:00:00,4045.16,4047.68,4042.84,4044.09,2224.0
2026-07-28 09:15:00,4044.16,4048.92,4043.86,4047.66,2060.0
2026-07-28 09:30:00,4047.7,4052.27,4046.83,4049.68,1830.0
2026-07-28 09:45:00,4049.62,4051.3,4047.82,4048.2,1665.0
2026-07-28 10:00:00,4048.09,4051.07,4047.38,4048.76,1764.0
2026-07-28 10:15:00,4048.69,4052.22,4048.52,4050.02,1436.0
2026-07-28 10:30:00,4050.09,4050.92,4048.31,4049.29,1488.0
2026-07-28 10:45:00,4049.24,4049.71,4046.02,4047.2,1696.0
2026-07-28 11:00:00,4047.06,4055.04,4043.0,4044.28,2399.0
2026-07-28 11:15:00,4044.26,4051.05,4044.19,4049.42,2386.0
2026-07-28 11:30:00,4049.32,4049.66,4041.78,4043.06,1986.0
2026-07-28 11:45:00,4043.08,4046.03,4041.56,4045.39,1642.0
2026-07-28 12:00:00,4045.25,4045.8,4040.55,4040.78,1532.0
2026-07-28 12:15:00,4040.83,4043.99,4039.01,4040.23,1329.0
2026-07-28 12:30:00,4040.25,4040.26,4029.51,4033.24,2014.0
2026-07-28 12:45:00,4033.2,4034.3,4019.43,4023.41,2021.0
2026-07-28 13:00:00,4023.37,4026.84,4020.44,4024.12,2246.0
2026-07-28 13:15:00,4023.93,4025.69,4016.95,4017.55,2034.0
2026-07-28 13:30:00,4017.46,4023.55,4017.14,4022.41,1853.0
2026-07-28 13:45:00,4022.36,4028.37,4022.17,4026.42,1817.0
2026-07-28 14:00:00,4026.41,4028.57,4022.97,4023.78,2228.0
2026-07-28 14:15:00,4023.73,4032.26,4023.73,4027.47,2249.0
2026-07-28 14:30:00,4027.37,4031.44,4026.38,4027.08,2035.0
2026-07-28 14:45:00,4026.94,4028.24,4023.86,4027.92,1997.0
2026-07-28 15:00:00,4027.81,4028.59,4022.73,4027.66,2230.0
2026-07-28 15:15:00,4027.68,4034.82,4025.99,4034.43,1982.0
2026-07-28 15:30:00,4034.39,4034.88,4025.88,4033.49,2390.0
2026-07-28 15:45:00,4033.64,4038.03,4028.16,4029.38,2196.0
2026-07-28 16:00:00,4029.43,4035.36,4029.39,4032.8,2602.0
2026-07-28 16:15:00,4032.82,4035.96,4028.43,4028.85,2248.0
2026-07-28 16:30:00,4028.95,4032.77,4020.12,4025.13,3486.0
2026-07-28 16:45:00,4025.35,4028.87,4021.49,4022.07,3264.0
2026-07-28 17:00:00,4022.02,4033.3,4021.88,4025.69,3340.0
2026-07-28 17:15:00,4025.65,4026.53,4011.49,4022.17,3572.0
2026-07-28 17:30:00,4022.03,4025.12,4018.68,4022.53,3239.0
2026-07-28 17:45:00,4022.52,4029.41,4020.94,4024.29,2701.0
2026-07-28 18:00:00,4024.38,4036.22,4022.01,4033.57,3121.0
2026-07-28 18:15:00,4033.68,4040.77,4031.74,4035.44,3414.0
2026-07-28 18:30:00,4035.57,4041.94,4032.26,4041.34,2770.0
2026-07-28 18:45:00,4041.44,4046.93,4041.12,4046.07,2428.0
2026-07-28 19:00:00,4046.25,4046.41,4042.12,4044.66,2136.0
2026-07-28 19:15:00,4044.59,4045.7,4041.92,4041.99,1986.0
2026-07-28 19:30:00,4042.01,4043.73,4040.26,4040.5,1961.0
2026-07-28 19:45:00,4040.49,4040.97,4036.54,4037.4,1940.0
2026-07-28 20:00:00,4037.49,4040.89,4035.45,4036.84,2093.0
2026-07-28 20:15:00,4036.81,4041.38,4035.11,4037.67,2261.0
2026-07-28 20:30:00,4037.57,4037.66,4027.55,4028.16,1980.0
2026-07-28 20:45:00,4028.09,4029.46,4025.56,4027.72,2066.0
2026-07-28 21:00:00,4027.85,4030.24,4027.03,4028.09,2020.0
2026-07-28 21:15:00,4028.08,4029.85,4025.8,4026.94,2056.0
2026-07-28 21:30:00,4026.99,4027.41,4022.89,4023.96,2025.0
2026-07-28 21:45:00,4023.99,4025.88,4021.49,4022.82,1884.0
2026-07-28 22:00:00,4022.81,4025.57,4022.29,4023.91,1753.0
2026-07-28 22:15:00,4023.9,4024.95,4021.78,4023.1,1502.0
2026-07-28 22:30:00,4023.24,4027.56,4023.01,4026.02,1671.0
2026-07-28 22:45:00,4026.03,4027.88,4025.26,4026.27,1840.0
2026-07-28 23:00:00,4026.21,4026.21,4022.53,4023.59,1352.0
2026-07-28 23:15:00,4023.57,4027.69,4023.52,4027.23,868.0
2026-07-28 23:30:00,4027.38,4030.12,4027.35,4029.96,988.0
2026-07-28 23:45:00,4029.85,4030.43,4026.51,4028.68,649.0
2026-07-29 01:00:00,4024.99,4030.81,4023.48,4024.38,794.0
2026-07-29 01:15:00,4024.56,4025.12,4017.25,4020.7,1284.0
2026-07-29 01:30:00,4020.84,4021.07,4013.8,4018.25,1636.0
2026-07-29 01:45:00,4018.22,4019.59,4015.27,4018.21,1408.0
2026-07-29 02:00:00,4018.25,4023.05,4016.34,4022.02,1522.0
2026-07-29 02:15:00,4021.97,4022.08,4015.04,4018.53,1458.0
2026-07-29 02:30:00,4018.93,4023.37,4017.33,4022.93,1120.0
2026-07-29 02:45:00,4023.1,4026.17,4018.98,4024.91,2070.0
2026-07-29 03:00:00,4024.89,4025.69,4017.56,4020.53,2578.0
2026-07-29 03:15:00,4020.41,4029.51,4020.41,4022.56,2398.0
2026-07-29 03:30:00,4022.47,4027.7,4021.34,4025.89,2152.0
2026-07-29 03:45:00,4025.72,4025.93,4020.28,4021.77,2284.0
2026-07-29 04:00:00,4021.76,4021.76,4010.22,4013.0,3153.0
2026-07-29 04:15:00,4012.93,4020.1,4011.59,4018.22,2685.0
2026-07-29 04:30:00,4018.24,4030.37,4014.92,4027.52,3069.0
2026-07-29 04:45:00,4027.56,4028.18,4021.85,4025.82,2501.0
2026-07-29 05:00:00,4025.92,4029.18,4022.97,4028.15,2464.0
2026-07-29 05:15:00,4028.13,4035.24,4026.2,4032.89,1983.0
2026-07-29 05:30:00,4032.9,4037.67,4030.56,4034.87,2350.0
2026-07-29 05:45:00,4034.8,4035.08,4029.01,4029.17,1887.0
2026-07-29 06:00:00,4029.05,4032.56,4027.2,4027.72,2053.0
2026-07-29 06:15:00,4027.66,4028.75,4025.41,4026.86,1729.0
2026-07-29 06:30:00,4026.91,4029.41,4024.42,4026.02,1512.0
2026-07-29 06:45:00,4026.04,4026.89,4023.09,4023.49,1188.0
2026-07-29 07:00:00,4023.51,4024.75,4021.26,4021.68,1376.0
2026-07-29 07:15:00,4021.73,4025.43,4020.53,4023.38,1541.0
2026-07-29 07:30:00,4023.21,4027.32,4023.21,4027.13,1742.0
2026-07-29 07:45:00,4027.18,4027.64,4023.55,4027.15,1967.0
2026-07-29 08:00:00,4027.31,4031.54,4026.48,4030.31,1726.0
2026-07-29 08:15:00,4030.32,4031.13,4027.01,4030.37,1511.0
2026-07-29 08:30:00,4030.45,4039.42,4029.65,4039.03,2382.0
2026-07-29 08:45:00,4038.99,4039.92,4031.43,4032.94,1976.0
2026-07-29 09:00:00,4032.88,4038.15,4032.84,4037.25,1944.0
2026-07-29 09:15:00,4037.22,4042.89,4035.73,4040.81,1773.0
2026-07-29 09:30:00,4040.77,4044.65,4040.72,4042.67,1823.0
2026-07-29 09:45:00,4042.66,4042.87,4039.66,4041.07,1728.0
2026-07-29 10:00:00,4041.26,4046.42,4041.04,4045.26,1631.0
2026-07-29 10:15:00,4045.22,4047.61,4044.12,4045.85,1363.0
2026-07-29 10:30:00,4046.04,4047.38,4044.68,4045.84,1388.0
2026-07-29 10:45:00,4045.92,4046.79,4042.54,4043.64,1413.0
2026-07-29 11:00:00,4043.48,4044.25,4039.02,4039.02,1577.0
2026-07-29 11:15:00,4039.03,4042.04,4035.56,4037.1,1456.0
2026-07-29 11:30:00,4037.14,4039.01,4035.59,4038.06,1494.0
2026-07-29 11:45:00,4038.07,4039.97,4036.89,4037.44,1515.0
2026-07-29 12:00:00,4037.57,4038.19,4035.41,4036.21,1495.0
2026-07-29 12:15:00,4036.2,4037.58,4033.34,4033.65,1391.0
2026-07-29 12:30:00,4033.73,4034.83,4031.19,4034.22,1630.0
2026-07-29 12:45:00,4034.23,4036.23,4031.82,4032.49,1210.0
2026-07-29 13:00:00,4032.56,4034.0,4030.82,4031.81,1581.0
2026-07-29 13:15:00,4031.79,4033.23,4030.11,4032.99,1315.0
2026-07-29 13:30:00,4032.85,4034.3,4026.26,4027.35,1374.0
2026-07-29 13:45:00,4027.32,4028.62,4025.9,4027.39,1174.0
2026-07-29 14:00:00,4027.4,4029.58,4024.87,4029.58,1468.0
2026-07-29 14:15:00,4029.57,4033.34,4028.31,4032.65,1358.0
2026-07-29 14:30:00,4032.76,4032.83,4030.07,4030.86,1087.0
2026-07-29 14:45:00,4030.87,4036.02,4030.47,4032.57,1409.0
2026-07-29 15:00:00,4032.68,4033.22,4026.03,4026.95,1507.0
2026-07-29 15:15:00,4026.93,4027.46,4012.55,4013.06,3128.0
2026-07-29 15:30:00,4012.92,4022.4,4009.05,4020.89,2361.0
2026-07-29 15:45:00,4020.73,4023.66,4018.86,4022.76,1742.0
2026-07-29 16:00:00,4022.66,4026.28,4014.95,4015.6,2601.0
2026-07-29 16:15:00,4015.43,4023.15,4013.62,4014.41,2437.0
2026-07-29 16:30:00,4014.36,4017.75,4010.04,4013.55,3481.0
2026-07-29 16:45:00,4013.41,4015.9,4002.32,4006.9,3272.0
2026-07-29 17:00:00,4007.05,4008.49,3995.82,3999.33,3328.0
2026-07-29 17:15:00,3999.09,4009.97,3998.8,4005.28,3197.0
2026-07-29 17:30:00,4005.34,4009.21,3998.89,4001.03,2866.0
2026-07-29 17:45:00,4001.0,4005.62,3998.21,4004.67,2963.0
2026-07-29 18:00:00,4004.65,4009.71,4003.35,4006.75,2778.0
2026-07-29 18:15:00,4006.87,4011.13,4003.64,4010.49,2460.0
2026-07-29 18:30:00,4010.4,4013.37,4006.98,4010.41,2313.0
2026-07-29 18:45:00,4010.17,4013.64,4008.17,4009.78,2163.0
2026-07-29 19:00:00,4009.7,4015.55,4007.54,4009.49,2230.0
2026-07-29 19:15:00,4009.48,4017.45,4007.76,4016.26,2108.0
2026-07-29 19:30:00,4016.17,4018.86,4014.82,4016.89,2007.0
2026-07-29 19:45:00,4016.87,4032.75,4015.1,4027.14,2626.0
2026-07-29 20:00:00,4027.24,4050.41,4027.24,4041.94,3053.0
2026-07-29 20:15:00,4041.95,4050.5,4037.19,4039.04,3116.0
2026-07-29 20:30:00,4038.91,4047.29,4036.29,4045.66,2660.0
2026-07-29 20:45:00,4045.77,4047.95,4041.31,4043.96,2366.0
2026-07-29 21:00:00,4043.94,4086.09,4042.76,4080.97,4852.0
2026-07-29 21:15:00,4081.1,4083.71,4063.8,4067.59,3867.0
2026-07-29 21:30:00,4067.58,4086.85,4052.28,4083.31,4784.0
2026-07-29 21:45:00,4083.41,4109.78,4082.07,4106.67,4551.0
2026-07-29 22:00:00,4106.6,4116.45,4090.06,4099.59,4643.0
2026-07-29 22:15:00,4099.57,4104.44,4080.92,4083.85,4393.0
2026-07-29 22:30:00,4083.97,4088.27,4065.23,4069.18,4262.0
2026-07-29 22:45:00,4069.42,4071.83,4044.12,4044.59,4123.0
2026-07-29 23:00:00,4044.72,4055.82,4042.7,4051.96,3814.0
2026-07-29 23:15:00,4051.85,4057.21,4043.8,4055.49,2913.0
2026-07-29 23:30:00,4055.5,4069.18,4053.92,4066.93,1941.0
2026-07-29 23:45:00,4067.07,4070.02,4063.39,4065.94,1513.0
2026-07-30 01:00:00,4068.79,4077.84,4060.36,4076.33,1906.0
2026-07-30 01:15:00,4076.35,4077.53,4072.54,4074.84,1528.0
2026-07-30 01:30:00,4074.95,4081.32,4072.83,4081.3,1364.0
2026-07-30 01:45:00,4081.33,4090.46,4079.69,4088.39,1498.0
2026-07-30 02:00:00,4088.53,4100.18,4088.24,4091.5,1809.0
2026-07-30 02:15:00,4091.6,4094.83,4090.28,4093.39,1425.0
2026-07-30 02:30:00,4093.52,4094.43,4089.3,4089.97,1440.0
2026-07-30 02:45:00,4090.11,4093.05,4084.31,4084.52,2601.0
2026-07-30 03:00:00,4084.51,4086.42,4078.98,4081.18,3032.0
2026-07-30 03:15:00,4081.43,4083.46,4072.67,4075.16,2958.0
2026-07-30 03:30:00,4075.21,4076.79,4064.9,4066.01,2621.0
2026-07-30 03:45:00,4065.95,4072.78,4064.78,4072.09,2503.0
2026-07-30 04:00:00,4072.1,4092.83,4070.44,4075.63,3603.0
2026-07-30 04:15:00,4075.36,4084.5,4073.15,4081.08,3142.0
2026-07-30 04:30:00,4081.09,4089.59,4080.57,4086.55,2723.0
2026-07-30 04:45:00,4086.6,4090.86,4083.69,4084.52,2493.0
2026-07-30 05:00:00,4084.53,4090.27,4082.25,4082.43,2334.0
2026-07-30 05:15:00,4082.44,4083.58,4079.81,4082.61,2007.0
2026-07-30 05:30:00,4082.59,4082.64,4073.52,4076.71,2584.0
2026-07-30 05:45:00,4076.74,4076.89,4063.36,4063.55,2318.0
2026-07-30 06:00:00,4063.59,4069.97,4060.45,4062.82,2406.0
2026-07-30 06:15:00,4062.86,4063.76,4052.38,4053.76,2479.0
2026-07-30 06:30:00,4053.72,4055.76,4050.65,4052.32,2153.0
2026-07-30 06:45:00,4052.33,4059.71,4052.14,4058.71,1973.0
2026-07-30 07:00:00,4058.82,4059.95,4052.88,4053.23,1838.0
2026-07-30 07:15:00,4053.26,4055.17,4051.01,4054.05,1656.0
2026-07-30 07:30:00,4053.94,4053.95,4047.62,4048.63,1729.0
2026-07-30 07:45:00,4048.6,4051.83,4044.38,4045.92,1948.0
2026-07-30 08:00:00,4046.01,4046.01,4041.61,4045.78,2098.0
2026-07-30 08:15:00,4045.8,4047.28,4037.49,4046.8,2114.0
2026-07-30 08:30:00,4046.54,4051.27,4028.38,4033.24,3343.0
2026-07-30 08:45:00,4033.25,4038.33,4029.99,4033.56,2706.0
2026-07-30 09:00:00,4033.52,4039.37,4031.14,4032.15,3030.0
2026-07-30 09:15:00,4032.22,4039.21,4029.31,4032.96,2617.0
2026-07-30 09:30:00,4033.07,4038.15,4030.94,4035.61,2409.0
2026-07-30 09:45:00,4035.66,4040.33,4034.14,4036.72,2194.0
2026-07-30 10:00:00,4036.54,4047.88,4035.49,4046.51,3023.0
2026-07-30 10:15:00,4046.6,4051.24,4042.97,4045.86,2493.0
2026-07-30 10:30:00,4045.84,4047.14,4036.03,4045.82,2355.0
2026-07-30 10:45:00,4045.83,4046.49,4038.05,4038.79,2226.0
2026-07-30 11:00:00,4038.65,4056.0,4036.71,4053.09,2929.0
2026-07-30 11:15:00,4053.12,4068.38,4052.11,4064.55,2735.0
2026-07-30 11:30:00,4064.42,4072.81,4062.92,4065.66,2883.0
2026-07-30 11:45:00,4065.73,4070.86,4059.37,4061.26,2261.0
2026-07-30 12:00:00,4061.46,4068.77,4060.21,4065.76,2241.0
2026-07-30 12:15:00,4065.87,4072.36,4064.44,4067.48,2361.0
2026-07-30 12:30:00,4067.81,4069.13,4060.6,4065.41,2366.0
2026-07-30 12:45:00,4065.44,4072.92,4062.18,4063.24,2136.0
2026-07-30 13:00:00,4063.39,4074.52,4062.84,4068.22,2533.0
2026-07-30 13:15:00,4068.35,4077.5,4067.48,4076.19,2474.0
2026-07-30 13:30:00,4076.27,4082.59,4075.17,4081.11,2452.0
2026-07-30 13:45:00,4081.03,4082.99,4077.95,4078.0,1924.0
2026-07-30 14:00:00,4077.96,4082.71,4077.5,4079.66,2128.0
2026-07-30 14:15:00,4079.59,4081.93,4076.5,4078.05,1858.0
2026-07-30 14:30:00,4078.4,4079.31,4076.14,4077.36,1900.0
2026-07-30 14:45:00,4077.3,4080.53,4075.55,4077.63,1884.0
2026-07-30 15:00:00,4077.74,4082.46,4074.57,4078.72,2340.0
2026-07-30 15:15:00,4078.69,4081.23,4071.61,4076.95,2357.0
2026-07-30 15:30:00,4077.04,4086.57,4071.59,4077.1,3446.0
2026-07-30 15:45:00,4077.14,4079.33,4067.14,4068.83,3024.0
2026-07-30 16:00:00,4068.96,4076.68,4064.95,4076.65,3559.0
2026-07-30 16:15:00,4076.62,4083.93,4071.99,4080.18,3087.0
2026-07-30 16:30:00,4080.13,4098.69,4074.79,4088.79,4615.0
2026-07-30 16:45:00,4088.66,4112.79,4085.55,4112.28,4261.0
2026-07-30 17:00:00,4112.19,4120.37,4093.87,4094.75,2682.0
2026-07-30 17:15:00,4088.69,4098.42,4086.88,4096.06,2243.0
2026-07-30 17:30:00,4096.09,4111.16,4094.68,4110.63,3379.0
2026-07-30 17:45:00,4110.67,4112.86,4096.54,4099.94,3364.0
2026-07-30 18:00:00,4099.95,4100.09,4083.02,4085.44,3442.0
2026-07-30 18:15:00,4085.31,4097.06,4084.67,4095.91,3352.0
2026-07-30 18:30:00,4095.92,4106.76,4092.52,4105.29,2992.0
2026-07-30 18:45:00,4105.47,4110.04,4103.47,4108.03,2597.0
2026-07-30 19:00:00,4107.95,4115.77,4107.58,4113.89,2619.0
2026-07-30 19:15:00,4113.99,4119.16,4113.52,4115.92,2377.0
2026-07-30 19:30:00,4116.01,4116.32,4108.19,4108.51,2408.0
2026-07-30 19:45:00,4108.48,4110.59,4106.52,4110.59,2020.0
2026-07-30 20:00:00,4110.44,4111.09,4104.73,4104.73,2123.0
2026-07-30 20:15:00,4104.69,4108.04,4098.4,4101.5,2205.0
2026-07-30 20:30:00,4101.48,4107.96,4099.83,4105.81,2710.0
2026-07-30 20:45:00,4105.82,4108.29,4101.07,4102.51,1975.0
2026-07-30 21:00:00,4102.5,4106.66,4102.5,4106.34,2039.0
2026-07-30 21:15:00,4106.3,4106.63,4100.69,4103.35,1975.0
2026-07-30 21:30:00,4103.43,4107.69,4102.87,4104.72,1641.0
2026-07-30 21:45:00,4104.69,4105.1,4098.74,4099.65,1586.0
2026-07-30 22:00:00,4099.51,4105.6,4098.71,4104.63,1911.0
2026-07-30 22:15:00,4104.67,4114.82,4102.86,4112.74,2168.0
2026-07-30 22:30:00,4112.77,4115.22,4111.43,4112.2,1869.0
2026-07-30 22:45:00,4112.0,4112.98,4109.02,4111.98,2013.0
2026-07-30 23:00:00,4112.03,4117.37,4109.97,4113.9,2039.0
2026-07-30 23:15:00,4113.96,4114.85,4111.59,4111.9,1356.0
2026-07-30 23:30:00,4112.19,4112.44,4102.3,4102.74,1565.0
2026-07-30 23:45:00,4102.68,4103.45,4099.08,4102.76,950.0
2026-07-31 01:00:00,4107.42,4107.48,4099.38,4106.54,1178.0
2026-07-31 01:15:00,4106.52,4108.26,4106.29,4107.52,1122.0
2026-07-31 01:30:00,4107.4,4110.35,4106.81,4110.24,915.0
2026-07-31 01:45:00,4110.29,4111.19,4108.86,4109.03,724.0
2026-07-31 02:00:00,4109.02,4111.59,4106.34,4107.22,852.0
2026-07-31 02:15:00,4107.19,4107.34,4103.83,4104.17,888.0
2026-07-31 02:30:00,4103.99,4107.45,4102.18,4105.97,1070.0
2026-07-31 02:45:00,4106.07,4109.9,4105.29,4105.72,1127.0
2026-07-31 03:00:00,4105.82,4106.93,4100.46,4101.13,1938.0
2026-07-31 03:15:00,4100.91,4103.62,4096.04,4096.35,1759.0
2026-07-31 03:30:00,4096.25,4097.37,4090.4,4092.92,1554.0
2026-07-31 03:45:00,4092.81,4095.89,4090.51,4094.59,1770.0
2026-07-31 04:00:00,4094.73,4101.51,4088.55,4088.86,2770.0
2026-07-31 04:15:00,4088.88,4094.91,4086.5,4091.86,2046.0
2026-07-31 04:30:00,4091.87,4091.88,4083.74,4085.49,2130.0
2026-07-31 04:45:00,4085.27,4089.31,4081.84,4084.17,1948.0
2026-07-31 05:00:00,4084.21,4090.31,4081.6,4085.44,1864.0
2026-07-31 05:15:00,4085.42,4085.42,4081.41,4082.08,1261.0
2026-07-31 05:30:00,4081.94,4084.19,4075.24,4075.38,1835.0
2026-07-31 05:45:00,4075.72,4078.31,4074.13,4076.05,1638.0
2026-07-31 06:00:00,4075.8,4076.22,4071.78,4073.33,1678.0
2026-07-31 06:15:00,4073.34,4075.97,4072.13,4075.12,1790.0
2026-07-31 06:30:00,4075.16,4079.29,4074.94,4076.43,1589.0
2026-07-31 06:45:00,4076.44,4077.47,4074.21,4074.98,1263.0
2026-07-31 07:00:00,4074.97,4076.9,4073.3,4076.76,1266.0
2026-07-31 07:15:00,4076.69,4079.96,4074.44,4079.86,1206.0
2026-07-31 07:30:00,4079.9,4081.35,4079.12,4079.14,981.0
2026-07-31 07:45:00,4079.07,4079.97,4074.65,4079.9,1034.0
2026-07-31 08:00:00,4079.91,4083.1,4079.72,4079.78,1140.0
2026-07-31 08:15:00,4079.75,4082.66,4079.39,4080.82,866.0
2026-07-31 08:30:00,4081.08,4081.54,4075.85,4076.35,1885.0
2026-07-31 08:45:00,4076.18,4076.35,4073.28,4074.28,1650.0
2026-07-31 09:00:00,4074.32,4082.69,4072.71,4082.27,1998.0
2026-07-31 09:15:00,4082.29,4087.39,4081.01,4084.83,1878.0
2026-07-31 09:30:00,4084.86,4084.95,4077.08,4077.92,2141.0
2026-07-31 09:45:00,4077.93,4081.26,4076.34,4077.51,1973.0
2026-07-31 10:00:00,4077.47,4078.94,4075.33,4077.46,1857.0
2026-07-31 10:15:00,4077.47,4079.07,4072.01,4072.54,1797.0
2026-07-31 10:30:00,4072.53,4073.64,4068.07,4072.07,1805.0
2026-07-31 10:45:00,4072.09,4074.26,4067.43,4067.61,1834.0
2026-07-31 11:00:00,4067.51,4067.62,4061.11,4062.06,2145.0
2026-07-31 11:15:00,4062.04,4067.06,4057.88,4058.5,2118.0
2026-07-31 11:30:00,4058.49,4061.4,4054.28,4059.2,1917.0
2026-07-31 11:45:00,4059.12,4064.25,4057.74,4060.88,1981.0
2026-07-31 12:00:00,4060.76,4063.81,4055.08,4056.59,2352.0
2026-07-31 12:15:00,4056.68,4057.22,4051.21,4052.24,2059.0
2026-07-31 12:30:00,4052.04,4054.5,4049.95,4052.97,1752.0
2026-07-31 12:45:00,4052.98,4057.04,4052.22,4054.98,1460.0
2026-07-31 13:00:00,4054.82,4058.22,4053.13,4055.82,1595.0
2026-07-31 13:15:00,4055.81,4056.02,4051.92,4053.07,1318.0
2026-07-31 13:30:00,4053.11,4056.34,4052.83,4054.66,1373.0
2026-07-31 13:45:00,4054.46,4056.96,4053.56,4054.35,1220.0
2026-07-31 14:00:00,4054.63,4059.3,4051.98,4056.9,1562.0
2026-07-31 14:15:00,4056.93,4060.95,4054.07,4058.66,1858.0
2026-07-31 14:30:00,4058.59,4058.59,4050.63,4051.94,1751.0
2026-07-31 14:45:00,4051.91,4055.32,4051.12,4053.58,1408.0
2026-07-31 15:00:00,4053.72,4059.19,4052.36,4059.06,1833.0
2026-07-31 15:15:00,4058.86,4059.18,4046.97,4047.17,2007.0
2026-07-31 15:30:00,4047.36,4051.43,4042.48,4044.46,2529.0
2026-07-31 15:45:00,4044.52,4046.29,4040.41,4040.67,2173.0
2026-07-31 16:00:00,4040.69,4042.63,4034.59,4036.11,3028.0
2026-07-31 16:15:00,4036.19,4046.74,4035.53,4042.51,2951.0
2026-07-31 16:30:00,4042.4,4043.75,4022.28,4024.91,3872.0
2026-07-31 16:45:00,4024.9,4032.05,4021.92,4025.11,3843.0
2026-07-31 17:00:00,4024.84,4032.34,4020.92,4031.95,3852.0
2026-07-31 17:15:00,4031.79,4039.99,4029.76,4038.69,3389.0
2026-07-31 17:30:00,4038.87,4042.92,4036.58,4041.34,2929.0
2026-07-31 17:45:00,4041.36,4050.15,4040.9,4049.08,2999.0
2026-07-31 18:00:00,4049.27,4050.59,4042.63,4046.87,3061.0
2026-07-31 18:15:00,4046.77,4052.34,4040.04,4041.0,3027.0
2026-07-31 18:30:00,4041.09,4043.46,4036.58,4042.07,2687.0
2026-07-31 18:45:00,4042.15,4046.66,4039.83,4045.44,2728.0
2026-07-31 19:00:00,4045.43,4046.77,4041.23,4046.17,2316.0
2026-07-31 19:15:00,4046.2,4048.35,4043.0,4047.32,2256.0
2026-07-31 19:30:00,4047.37,4049.74,4041.14,4042.39,2014.0
2026-07-31 19:45:00,4042.44,4045.02,4042.05,4043.2,1670.0
2026-07-31 20:00:00,4043.07,4046.28,4041.46,4045.45,1566.0
2026-07-31 20:15:00,4045.56,4053.21,4044.75,4050.42,1877.0
2026-07-31 20:30:00,4050.35,4053.07,4047.6,4051.77,2232.0
2026-07-31 20:45:00,4051.76,4054.65,4050.2,4053.47,2268.0
2026-07-31 21:00:00,4053.72,4055.06,4046.98,4048.08,2132.0
2026-07-31 21:15:00,4048.06,4051.62,4047.58,4050.97,1706.0
2026-07-31 21:30:00,4050.77,4051.6,4047.86,4049.39,1232.0
2026-07-31 21:45:00,4049.35,4051.5,4048.08,4050.64,1201.0
2026-07-31 22:00:00,4050.69,4052.79,4046.84,4047.89,1203.0
2026-07-31 22:15:00,4047.9,4050.52,4046.97,4050.41,1272.0
2026-07-31 22:30:00,4050.22,4054.48,4048.81,4054.01,1389.0
2026-07-31 22:45:00,4053.97,4055.52,4050.01,4050.75,2188.0
2026-07-31 23:00:00,4050.68,4051.58,4045.09,4047.6,1676.0
2026-07-31 23:15:00,4047.68,4048.77,4046.28,4047.99,1391.0
2026-07-31 23:30:00,4047.85,4052.9,4047.15,4051.11,1258.0
2026-07-31 23:45:00,4051.33,4052.13,4044.6,4046.55,1181.0
2026-08-03 01:00:00,4069.26,4083.54,4065.64,4076.37,2767.0
2026-08-03 01:15:00,4076.21,4077.12,4063.84,4065.8,1982.0
2026-08-03 01:30:00,4065.82,4068.22,4063.94,4066.71,1656.0
2026-08-03 01:45:00,4066.67,4067.08,4063.27,4063.48,1407.0
2026-08-03 02:00:00,4063.4,4066.81,4063.09,4066.36,1407.0
2026-08-03 02:15:00,4066.39,4072.52,4066.08,4072.02,1291.0
2026-08-03 02:30:00,4072.08,4072.33,4067.84,4069.47,981.0
2026-08-03 02:45:00,4069.45,4074.87,4068.11,4074.87,1832.0
2026-08-03 03:00:00,4074.76,4078.93,4069.91,4071.96,2562.0
2026-08-03 03:15:00,4071.95,4072.82,4061.21,4065.02,2278.0
2026-08-03 03:30:00,4063.82,4063.92,4056.87,4058.11,1471.0
2026-08-03 03:45:00,4058.1,4060.62,4055.63,4057.01,2541.0
2026-08-03 04:00:00,4057.02,4063.1,4051.25,4052.23,3437.0
2026-08-03 04:15:00,4052.22,4055.03,4047.3,4052.78,2628.0
2026-08-03 04:30:00,4052.75,4056.93,4047.45,4051.05,2477.0
2026-08-03 04:45:00,4051.27,4057.33,4049.91,4056.52,2273.0
2026-08-03 05:00:00,4056.56,4060.87,4053.18,4055.64,2097.0
2026-08-03 05:15:00,4055.56,4060.59,4051.98,4057.97,1591.0
2026-08-03 05:30:00,4058.06,4060.48,4052.35,4059.49,2298.0
2026-08-03 05:45:00,4059.26,4066.9,4058.27,4062.35,1982.0
2026-08-03 06:00:00,4062.21,4065.36,4060.84,4064.22,1749.0
2026-08-03 06:15:00,4063.92,4067.77,4061.46,4062.85,1154.0
2026-08-03 06:30:00,4062.65,4064.85,4060.5,4060.52,1274.0
2026-08-03 06:45:00,4060.51,4066.64,4059.15,4064.89,1273.0
2026-08-03 07:00:00,4064.99,4068.16,4064.17,4066.48,1195.0
2026-08-03 07:15:00,4066.49,4070.86,4066.0,4068.09,1122.0
2026-08-03 07:30:00,4068.1,4070.99,4068.1,4070.37,1146.0
2026-08-03 07:45:00,4070.46,4071.76,4063.75,4063.75,1196.0
2026-08-03 08:00:00,4063.8,4065.19,4056.64,4057.34,1557.0
2026-08-03 08:15:00,4057.24,4062.54,4054.04,4060.29,1356.0
2026-08-03 08:30:00,4060.06,4064.5,4055.02,4063.32,2143.0
2026-08-03 08:45:00,4063.4,4069.89,4058.77,4068.8,1670.0
2026-08-03 09:00:00,4068.85,4071.04,4065.9,4065.9,2077.0
2026-08-03 09:15:00,4065.88,4071.93,4065.4,4068.36,2220.0
2026-08-03 09:30:00,4068.41,4068.81,4060.37,4065.37,2075.0
2026-08-03 09:45:00,4065.19,4066.81,4062.66,4063.77,1773.0
2026-08-03 10:00:00,4063.65,4065.12,4059.5,4061.37,2067.0
2026-08-03 10:15:00,4061.23,4061.8,4052.03,4057.94,2407.0
2026-08-03 10:30:00,4058.08,4061.06,4056.49,4059.46,1706.0
2026-08-03 10:45:00,4059.5,4063.24,4058.24,4061.0,1808.0
2026-08-03 11:00:00,4061.09,4062.05,4058.34,4061.62,1905.0
2026-08-03 11:15:00,4061.61,4062.32,4054.18,4055.99,1793.0
2026-08-03 11:30:00,4055.9,4060.56,4054.66,4058.33,1645.0
2026-08-03 11:45:00,4058.42,4060.75,4057.53,4059.34,1469.0
2026-08-03 12:00:00,4059.17,4062.02,4057.11,4061.41,1491.0
2026-08-03 12:15:00,4061.4,4061.4,4052.01,4052.51,1660.0
2026-08-03 12:30:00,4052.5,4054.69,4046.48,4053.48,2229.0
2026-08-03 12:45:00,4053.45,4057.95,4053.37,4055.19,1718.0
2026-08-03 13:00:00,4055.26,4056.99,4053.05,4056.19,1670.0
2026-08-03 13:15:00,4056.17,4056.93,4051.88,4053.36,1736.0
2026-08-03 13:30:00,4053.35,4053.57,4048.58,4049.09,1619.0
2026-08-03 13:45:00,4049.08,4050.59,4046.07,4049.22,1401.0
2026-08-03 14:00:00,4049.24,4052.77,4047.77,4049.66,1770.0
2026-08-03 14:15:00,4049.61,4049.77,4045.38,4048.34,1569.0
2026-08-03 14:30:00,4048.32,4054.81,4047.85,4053.48,1552.0
2026-08-03 14:45:00,4053.45,4062.99,4052.54,4062.32,2041.0
2026-08-03 15:00:00,4062.37,4064.47,4054.62,4055.72,2015.0
2026-08-03 15:15:00,4055.83,4056.33,4048.53,4050.66,2077.0
2026-08-03 15:30:00,4050.82,4052.77,4042.15,4044.87,2071.0
2026-08-03 15:45:00,4044.81,4048.79,4043.11,4047.55,1808.0
2026-08-03 16:00:00,4047.62,4053.38,4038.62,4038.69,3361.0
2026-08-03 16:15:00,4038.58,4040.3,4031.34,4034.14,2965.0
2026-08-03 16:30:00,4034.09,4035.43,4018.98,4031.85,3808.0
2026-08-03 16:45:00,4031.88,4035.24,4028.17,4032.14,3182.0
2026-08-03 17:00:00,4032.1,4036.1,4026.57,4033.11,3416.0
2026-08-03 17:15:00,4033.14,4035.88,4029.87,4032.47,2665.0
2026-08-03 17:30:00,4032.35,4038.01,4031.85,4036.31,2359.0
2026-08-03 17:45:00,4036.44,4039.37,4033.67,4036.15,2144.0
2026-08-03 18:00:00,4036.26,4037.02,4030.27,4033.2,2446.0
2026-08-03 18:15:00,4033.34,4038.28,4030.62,4032.93,2260.0
2026-08-03 18:30:00,4032.72,4038.71,4030.91,4036.66,2088.0
2026-08-03 18:45:00,4036.96,4040.81,4035.3,4036.05,1749.0
2026-08-03 19:00:00,4035.93,4037.44,4034.56,4036.46,1460.0
2026-08-03 19:15:00,4036.41,4038.45,4034.85,4036.87,1454.0
2026-08-03 19:30:00,4036.88,4039.16,4035.53,4038.57,1687.0
2026-08-03 19:45:00,4038.6,4038.69,4035.63,4036.84,1408.0
2026-08-03 20:00:00,4037.0,4037.49,4033.18,4034.17,1315.0
2026-08-03 20:15:00,4034.19,4037.62,4033.84,4034.27,1611.0
2026-08-03 20:30:00,4034.24,4036.82,4034.01,4035.91,1313.0
2026-08-03 20:45:00,4035.97,4036.26,4030.18,4030.44,1288.0
2026-08-03 21:00:00,4030.46,4038.38,4029.6,4034.94,1495.0
2026-08-03 21:15:00,4035.0,4038.84,4034.9,4037.84,1337.0
2026-08-03 21:30:00,4037.8,4041.37,4036.45,4041.36,1097.0
2026-08-03 21:45:00,4041.32,4044.91,4040.4,4043.33,1287.0
2026-08-03 22:00:00,4043.44,4049.41,4043.44,4046.14,1527.0
2026-08-03 22:15:00,4046.13,4054.17,4046.13,4052.82,1567.0
2026-08-03 22:30:00,4052.96,4055.63,4051.87,4053.98,1509.0
2026-08-03 22:45:00,4053.89,4055.47,4051.54,4051.91,1797.0
2026-08-03 23:00:00,4052.03,4052.74,4050.13,4052.42,987.0
2026-08-03 23:15:00,4052.41,4055.73,4051.27,4054.24,696.0
2026-08-03 23:30:00,4054.25,4058.09,4053.84,4056.18,875.0
2026-08-03 23:45:00,4056.31,4057.12,4054.43,4054.83,573.0
2026-08-04 01:00:00,4044.48,4054.71,4044.48,4051.2,880.0
2026-08-04 01:15:00,4051.22,4052.39,4050.59,4051.94,475.0
2026-08-04 01:30:00,4051.87,4053.37,4051.49,4052.74,509.0
2026-08-04 01:45:00,4052.74,4053.45,4051.15,4052.8,770.0
2026-08-04 02:00:00,4052.77,4054.93,4050.1,4051.34,897.0
2026-08-04 02:15:00,4051.32,4054.52,4050.47,4051.53,882.0
2026-08-04 02:30:00,4051.68,4052.72,4050.96,4052.19,552.0
2026-08-04 02:45:00,4052.3,4053.72,4051.15,4053.67,971.0
2026-08-04 03:00:00,4053.57,4069.29,4052.9,4063.57,2114.0
2026-08-04 03:15:00,4063.49,4064.33,4058.03,4058.92,1483.0
2026-08-04 03:30:00,4058.95,4060.59,4055.47,4056.23,1234.0
2026-08-04 03:45:00,4056.17,4057.92,4048.58,4049.19,1899.0
2026-08-04 04:00:00,4048.87,4050.5,4042.54,4046.77,2529.0
2026-08-04 04:15:00,4046.81,4052.25,4046.81,4049.07,1601.0
2026-08-04 04:30:00,4049.35,4060.09,4048.28,4059.06,2188.0
2026-08-04 04:45:00,4059.1,4061.78,4056.49,4058.65,2044.0
2026-08-04 05:00:00,4058.74,4061.04,4055.65,4058.14,1903.0
2026-08-04 05:15:00,4058.12,4059.71,4055.41,4056.75,1432.0
2026-08-04 05:30:00,4056.73,4064.88,4055.52,4061.69,1874.0
2026-08-04 05:45:00,4061.68,4062.28,4057.99,4058.73,1593.0
2026-08-04 06:00:00,4058.55,4060.48,4056.31,4058.06,1479.0
2026-08-04 06:15:00,4057.87,4061.69,4057.59,4057.68,1411.0
2026-08-04 06:30:00,4057.79,4058.64,4052.51,4052.75,1271.0
2026-08-04 06:45:00,4052.71,4055.39,4052.04,4052.37,840.0
2026-08-04 07:00:00,4052.41,4056.85,4051.06,4056.7,918.0
2026-08-04 07:15:00,4056.92,4061.53,4055.86,4061.33,1036.0
2026-08-04 07:30:00,4061.34,4064.09,4060.46,4062.64,983.0
2026-08-04 07:45:00,4062.65,4066.03,4062.42,4063.69,1003.0
2026-08-04 08:00:00,4063.8,4064.41,4057.14,4057.87,1147.0
2026-08-04 08:15:00,4057.87,4063.86,4057.29,4063.13,1055.0
2026-08-04 08:30:00,4063.17,4067.62,4059.09,4062.7,1871.0
2026-08-04 08:45:00,4062.75,4064.26,4058.55,4061.76,1541.0
2026-08-04 09:00:00,4061.66,4066.13,4061.66,4064.13,1744.0
2026-08-04 09:15:00,4063.79,4064.81,4059.38,4059.7,1458.0
2026-08-04 09:30:00,4059.79,4059.99,4055.61,4059.94,1437.0
2026-08-04 09:45:00,4059.94,4063.6,4058.71,4063.41,1499.0
2026-08-04 10:00:00,4063.6,4065.7,4060.71,4060.95,1606.0
2026-08-04 10:15:00,4060.83,4065.5,4060.78,4062.9,1524.0
2026-08-04 10:30:00,4062.84,4066.61,4061.35,4062.75,1588.0
2026-08-04 10:45:00,4062.8,4066.01,4062.1,4065.38,1271.0
2026-08-04 11:00:00,4065.35,4072.8,4064.56,4068.0,2154.0
2026-08-04 11:15:00,4067.99,4068.55,4060.22,4063.26,1560.0
2026-08-04 11:30:00,4063.03,4064.31,4058.29,4059.3,1727.0
2026-08-04 11:45:00,4059.4,4059.51,4054.36,4054.91,1590.0
2026-08-04 12:00:00,4054.92,4055.21,4048.43,4050.56,1646.0
2026-08-04 12:15:00,4050.44,4052.0,4048.63,4050.23,1548.0
2026-08-04 12:30:00,4050.22,4051.26,4046.09,4050.21,1397.0
2026-08-04 12:45:00,4050.23,4050.88,4047.37,4049.73,1169.0
2026-08-04 13:00:00,4049.72,4049.82,4046.85,4048.88,1172.0
2026-08-04 13:15:00,4048.86,4049.85,4045.47,4049.07,1046.0
2026-08-04 13:30:00,4049.19,4053.94,4046.4,4052.6,1293.0
2026-08-04 13:45:00,4052.44,4060.56,4052.39,4053.7,2728.0
2026-08-04 14:00:00,4053.72,4058.67,4052.26,4056.62,1828.0
2026-08-04 14:15:00,4056.8,4060.9,4055.44,4060.75,1550.0
2026-08-04 14:30:00,4060.84,4070.32,4059.85,4069.53,2281.0
2026-08-04 14:45:00,4069.58,4084.21,4067.02,4074.91,3629.0
2026-08-04 15:00:00,4075.11,4075.94,4060.86,4062.05,2815.0
2026-08-04 15:15:00,4062.01,4070.28,4061.09,4068.06,2185.0
2026-08-04 15:30:00,4068.21,4084.34,4068.21,4077.97,2931.0
2026-08-04 15:45:00,4078.05,4079.25,4069.39,4070.76,2570.0
2026-08-04 16:00:00,4070.78,4071.51,4061.16,4063.72,2831.0
2026-08-04 16:15:00,4063.71,4091.38,4062.27,4078.42,3311.0
2026-08-04 16:30:00,4078.31,4091.52,4075.93,4083.33,3872.0
2026-08-04 16:45:00,4083.2,4093.72,4081.63,4084.09,3303.0
2026-08-04 17:00:00,4084.07,4091.37,4083.0,4089.98,3076.0
2026-08-04 17:15:00,4090.01,4091.9,4080.55,4083.78,2931.0
2026-08-04 17:30:00,4083.74,4086.62,4074.23,4079.88,3282.0
2026-08-04 17:45:00,4079.61,4084.73,4077.74,4083.48,2549.0
2026-08-04 18:00:00,4083.37,4085.54,4079.63,4084.01,2171.0
2026-08-04 18:15:00,4084.0,4084.35,4074.69,4078.31,2591.0
2026-08-04 18:30:00,4078.2,4087.16,4076.57,4083.93,2752.0
2026-08-04 18:45:00,4083.89,4088.71,4082.7,4087.18,2285.0
2026-08-04 19:00:00,4087.22,4088.43,4084.34,4085.0,2106.0
2026-08-04 19:15:00,4085.19,4089.84,4082.99,4087.56,1873.0
2026-08-04 19:30:00,4087.55,4089.33,4084.83,4089.03,1605.0
2026-08-04 19:45:00,4089.02,4093.53,4088.65,4093.23,1606.0
2026-08-04 20:00:00,4093.03,4106.22,4092.35,4099.89,2598.0
2026-08-04 20:15:00,4099.97,4101.05,4094.2,4094.63,2075.0
2026-08-04 20:30:00,4094.53,4096.03,4091.68,4095.33,1559.0
2026-08-04 20:45:00,4095.34,4096.38,4085.98,4085.99,1793.0
2026-08-04 21:00:00,4085.88,4088.84,4084.79,4088.6,1857.0
2026-08-04 21:15:00,4088.46,4088.72,4084.24,4084.53,1585.0
2026-08-04 21:30:00,4084.51,4085.61,4076.11,4076.45,1791.0
2026-08-04 21:45:00,4076.47,4081.12,4075.1,4079.74,1611.0
2026-08-04 22:00:00,4079.66,4084.21,4078.69,4081.64,1432.0
2026-08-04 22:15:00,4081.65,4084.71,4079.24,4080.11,1513.0
2026-08-04 22:30:00,4080.02,4082.4,4078.78,4081.29,1326.0
2026-08-04 22:45:00,4081.22,4082.12,4076.21,4078.42,1629.0
2026-08-04 23:00:00,4078.46,4080.19,4078.29,4078.92,1260.0
2026-08-04 23:15:00,4078.8,4078.8,4074.59,4075.31,1328.0
2026-08-04 23:30:00,4075.25,4078.45,4075.14,4077.45,918.0
2026-08-04 23:45:00,4077.26,4078.06,4075.95,4077.69,675.0
2026-08-05 01:00:00,4085.36,4085.36,4076.38,4076.86,664.0
2026-08-05 01:15:00,4076.75,4079.93,4075.69,4079.66,926.0
2026-08-05 01:30:00,4079.67,4085.69,4079.2,4083.91,962.0
2026-08-05 01:45:00,4083.9,4084.44,4075.54,4075.55,1183.0
2026-08-05 02:00:00,4075.66,4077.0,4068.49,4073.37,1798.0
2026-08-05 02:15:00,4073.25,4074.65,4065.4,4067.07,1251.0
2026-08-05 02:30:00,4066.89,4069.93,4065.82,4069.09,969.0
2026-08-05 02:45:00,4069.1,4073.44,4069.06,4072.41,947.0
2026-08-05 03:00:00,4072.55,4074.06,4070.35,4071.67,1549.0
2026-08-05 03:15:00,4071.71,4078.8,4071.27,4078.51,1410.0
2026-08-05 03:30:00,4078.54,4082.98,4077.99,4078.09,1364.0
2026-08-05 03:45:00,4078.1,4083.37,4077.67,4082.32,1372.0
2026-08-05 04:00:00,4082.1,4086.82,4077.52,4085.74,2537.0
2026-08-05 04:15:00,4085.73,4088.51,4082.59,4084.54,2076.0
2026-08-05 04:30:00,4084.43,4092.96,4080.05,4092.9,2071.0
2026-08-05 04:45:00,4092.96,4102.48,4092.68,4101.27,1776.0
2026-08-05 05:00:00,4101.33,4102.78,4096.37,4099.69,2029.0
2026-08-05 05:15:00,4099.83,4108.31,4095.39,4103.42,2084.0
2026-08-05 05:30:00,4103.66,4128.57,4101.4,4128.17,3226.0
2026-08-05 05:45:00,4128.31,4135.12,4124.54,4129.06,3035.0
2026-08-05 06:00:00,4129.02,4136.0,4126.9,4135.69,2303.0
2026-08-05 06:15:00,4135.82,4136.36,4129.66,4130.33,1891.0
2026-08-05 06:30:00,4130.1,4130.67,4127.45,4128.46,1550.0
2026-08-05 06:45:00,4128.47,4130.15,4127.41,4128.19,1037.0
2026-08-05 07:00:00,4128.16,4141.23,4128.16,4138.45,1768.0
2026-08-05 07:15:00,4138.51,4140.96,4137.73,4138.46,1306.0
2026-08-05 07:30:00,4138.69,4138.69,4133.25,4134.43,1234.0
2026-08-05 07:45:00,4134.31,4135.95,4132.4,4135.41,1103.0
2026-08-05 08:00:00,4135.35,4138.06,4134.65,4137.15,1298.0
2026-08-05 08:15:00,4137.0,4141.98,4135.44,4139.75,1448.0
2026-08-05 08:30:00,4139.82,4159.26,4139.74,4157.35,3181.0
2026-08-05 08:45:00,4157.1,4172.84,4156.96,4161.51,3300.0
2026-08-05 09:00:00,4161.39,4174.11,4160.07,4173.13,2608.0
2026-08-05 09:15:00,4173.03,4173.24,4161.1,4168.7,2413.0
2026-08-05 09:30:00,4168.64,4178.22,4166.93,4175.59,2484.0
2026-08-05 09:45:00,4175.62,4178.31,4172.44,4177.45,2249.0
2026-08-05 10:00:00,4177.54,4179.41,4166.17,4166.18,2577.0
2026-08-05 10:15:00,4166.23,4169.25,4163.12,4164.2,2210.0
2026-08-05 10:30:00,4164.21,4166.69,4162.14,4166.52,2047.0
2026-08-05 10:45:00,4166.63,4171.93,4164.1,4170.77,1671.0
2026-08-05 11:00:00,4170.5,4172.59,4164.78,4165.33,1887.0
2026-08-05 11:15:00,4165.34,4167.99,4161.97,4164.49,1942.0
2026-08-05 11:30:00,4164.48,4167.09,4161.52,4166.15,2030.0
2026-08-05 11:45:00,4166.01,4166.29,4158.82,4160.3,1860.0
2026-08-05 12:00:00,4160.46,4167.12,4160.3,4162.87,1920.0
2026-08-05 12:15:00,4162.88,4162.88,4155.08,4157.54,1834.0
2026-08-05 12:30:00,4157.56,4159.1,4154.4,4157.98,1903.0
2026-08-05 12:45:00,4157.96,4159.0,4152.96,4157.88,1529.0
2026-08-05 13:00:00,4157.84,4157.84,4150.19,4150.99,1449.0
2026-08-05 13:15:00,4150.98,4158.34,4150.05,4156.63,1572.0
2026-08-05 13:30:00,4156.64,4157.71,4153.72,4154.96,1369.0
2026-08-05 13:45:00,4155.08,4161.3,4153.99,4161.3,1537.0
2026-08-05 14:00:00,4161.28,4170.8,4160.69,4170.78,1988.0
2026-08-05 14:15:00,4170.77,4180.7,4169.29,4175.98,2084.0
2026-08-05 14:30:00,4175.96,4188.46,4174.02,4184.65,2835.0
2026-08-05 14:45:00,4184.68,4192.43,4182.89,4188.8,2403.0
2026-08-05 15:00:00,4188.94,4199.78,4188.81,4197.34,2859.0
2026-08-05 15:15:00,4197.43,4213.37,4197.41,4205.22,3070.0
2026-08-05 15:30:00,4205.12,4208.82,4192.68,4194.51,2992.0
2026-08-05 15:45:00,4194.6,4195.57,4183.15,4183.81,2762.0
2026-08-05 16:00:00,4183.69,4197.06,4183.58,4187.81,3104.0
2026-08-05 16:15:00,4187.85,4197.9,4185.62,4196.97,2786.0
2026-08-05 16:30:00,4196.91,4204.5,4192.57,4197.62,3849.0
2026-08-05 16:45:00,4197.86,4206.6,4189.42,4205.91,3522.0
2026-08-05 17:00:00,4206.03,4234.78,4203.47,4229.39,4142.0
2026-08-05 17:15:00,4229.41,4240.36,4226.71,4236.8,3982.0
2026-08-05 17:30:00,4237.03,4243.27,4228.69,4243.05,3898.0
2026-08-05 17:45:00,4243.22,4247.53,4233.16,4244.11,3776.0
2026-08-05 18:00:00,4244.06,4260.85,4242.78,4257.96,3768.0
2026-08-05 18:15:00,4257.87,4265.02,4250.13,4257.22,3308.0
2026-08-05 18:30:00,4257.35,4259.63,4252.34,4255.68,2846.0
2026-08-05 18:45:00,4255.69,4255.69,4232.19,4232.67,3407.0
2026-08-05 19:00:00,4232.7,4236.06,4224.61,4234.22,3317.0
2026-08-05 19:15:00,4234.23,4241.63,4232.58,4241.29,2767.0
2026-08-05 19:30:00,4241.34,4246.81,4238.93,4244.46,2433.0
2026-08-05 19:45:00,4244.51,4247.21,4238.19,4242.16,2299.0
2026-08-05 20:00:00,4242.17,4244.25,4239.13,4241.96,2386.0
2026-08-05 20:15:00,4241.92,4246.36,4236.75,4244.65,2609.0
2026-08-05 20:30:00,4244.51,4250.7,4240.79,4248.17,2389.0
2026-08-05 20:45:00,4248.11,4252.31,4247.46,4250.17,1851.0
2026-08-05 21:00:00,4250.15,4257.44,4249.23,4253.11,2136.0
2026-08-05 21:15:00,4253.12,4267.47,4252.91,4262.9,2235.0
2026-08-05 21:30:00,4262.74,4263.55,4254.56,4259.24,1956.0
2026-08-05 21:45:00,4259.23,4263.44,4257.94,4260.76,1670.0
2026-08-05 22:00:00,4260.68,4262.01,4256.05,4258.02,1854.0
2026-08-05 22:15:00,4258.03,4258.13,4250.42,4252.78,1850.0
2026-08-05 22:30:00,4252.93,4253.89,4248.37,4253.13,2054.0
2026-08-05 22:45:00,4253.03,4253.32,4246.27,4246.97,2253.0
2026-08-05 23:00:00,4246.88,4249.47,4246.62,4249.02,1365.0
2026-08-05 23:15:00,4249.11,4249.55,4244.7,4246.11,1041.0
2026-08-05 23:30:00,4246.08,4249.41,4245.0,4245.31,729.0
2026-08-05 23:45:00,4245.17,4246.23,4242.92,4246.17,608.0
2026-08-06 01:00:00,4246.09,4254.04,4244.43,4247.52,1295.0
2026-08-06 01:15:00,4247.39,4248.79,4246.94,4247.97,887.0
2026-08-06 01:30:00,4247.82,4250.1,4247.4,4248.11,721.0
2026-08-06 01:45:00,4248.15,4250.26,4247.65,4249.89,717.0
2026-08-06 02:00:00,4250.07,4258.12,4248.99,4256.09,1037.0
2026-08-06 02:15:00,4256.04,4263.98,4255.84,4263.33,1209.0
2026-08-06 02:30:00,4263.36,4281.79,4260.97,4280.56,2186.0
2026-08-06 02:45:00,4280.45,4280.58,4272.0,4278.03,2037.0
2026-08-06 03:00:00,4278.05,4278.05,4264.45,4270.55,2858.0
2026-08-06 03:15:00,4270.65,4284.39,4270.65,4274.0,2887.0
2026-08-06 03:30:00,4273.85,4290.93,4273.85,4286.34,2691.0
2026-08-06 03:45:00,4286.56,4300.11,4286.06,4294.6,2676.0
2026-08-06 04:00:00,4294.62,4302.78,4280.12,4284.62,4005.0
2026-08-06 04:15:00,4284.47,4287.84,4272.88,4276.0,3331.0
2026-08-06 04:30:00,4275.97,4297.19,4275.7,4287.63,3358.0
2026-08-06 04:45:00,4287.67,4297.22,4282.93,4286.42,3107.0
2026-08-06 05:00:00,4286.32,4303.94,4283.33,4295.02,2857.0
2026-08-06 05:15:00,4294.95,4299.85,4291.74,4292.06,1825.0
2026-08-06 05:30:00,4291.91,4292.28,4280.86,4285.64,2661.0
2026-08-06 05:45:00,4285.69,4286.95,4274.87,4278.48,2463.0
2026-08-06 06:00:00,4278.49,4280.81,4273.66,4273.83,2315.0
2026-08-06 06:15:00,4273.8,4273.85,4260.76,4266.04,2757.0
2026-08-06 06:30:00,4265.89,4266.64,4261.49,4262.71,1745.0
2026-08-06 06:45:00,4262.69,4265.66,4260.25,4265.52,1499.0
2026-08-06 07:00:00,4265.58,4267.1,4262.06,4263.22,1603.0
2026-08-06 07:15:00,4263.26,4263.75,4252.88,4255.27,1548.0
2026-08-06 07:30:00,4255.31,4261.0,4255.31,4258.9,1613.0
2026-08-06 07:45:00,4258.93,4262.77,4258.21,4262.1,1168.0
2026-08-06 08:00:00,4261.77,4265.24,4256.29,4259.4,1797.0
2026-08-06 08:15:00,4259.39,4259.39,4252.98,4253.79,1714.0
2026-08-06 08:30:00,4253.42,4265.82,4247.08,4263.62,2814.0
2026-08-06 08:45:00,4263.76,4268.5,4262.0,4267.14,2091.0
2026-08-06 09:00:00,4267.14,4268.46,4256.37,4260.27,2324.0
2026-08-06 09:15:00,4260.3,4261.17,4254.45,4257.43,2134.0
2026-08-06 09:30:00,4257.45,4257.88,4249.24,4256.62,2116.0
2026-08-06 09:45:00,4256.58,4258.18,4250.96,4256.01,2204.0
2026-08-06 10:00:00,4255.93,4263.62,4253.21,4263.11,2006.0
2026-08-06 10:15:00,4263.37,4265.22,4258.19,4261.78,1682.0
2026-08-06 10:30:00,4261.79,4261.87,4254.66,4254.8,1491.0
2026-08-06 10:45:00,4254.89,4262.79,4252.37,4262.64,1810.0
2026-08-06 11:00:00,4262.8,4269.3,4260.2,4268.81,1911.0
2026-08-06 11:15:00,4268.65,4270.11,4263.47,4267.64,1952.0
2026-08-06 11:30:00,4267.69,4274.8,4266.38,4273.01,1933.0
2026-08-06 11:45:00,4273.09,4278.69,4270.35,4278.08,2072.0
2026-08-06 12:00:00,4278.12,4283.54,4275.95,4279.7,2186.0
2026-08-06 12:15:00,4279.88,4284.6,4278.41,4283.2,1792.0
2026-08-06 12:30:00,4283.16,4284.11,4271.78,4271.8,1865.0
2026-08-06 12:45:00,4271.94,4276.08,4271.17,4272.97,1491.0
2026-08-06 13:00:00,4272.84,4273.48,4268.46,4269.51,1736.0
2026-08-06 13:15:00,4269.43,4270.83,4267.15,4269.13,1579.0
2026-08-06 13:30:00,4269.23,4269.6,4264.61,4265.2,1579.0
2026-08-06 13:45:00,4265.31,4271.37,4264.46,4270.64,1589.0
2026-08-06 14:00:00,4270.65,4273.19,4266.46,4268.91,2191.0
2026-08-06 14:15:00,4269.02,4271.3,4260.19,4264.03,1921.0
2026-08-06 14:30:00,4264.12,4266.8,4259.68,4260.53,1865.0
2026-08-06 14:45:00,4260.64,4263.37,4254.06,4263.29,2438.0
2026-08-06 15:00:00,4263.44,4265.61,4255.4,4256.1,2235.0
2026-08-06 15:15:00,4256.13,4262.85,4253.11,4261.43,2316.0
2026-08-06 15:30:00,4261.66,4270.64,4258.02,4266.95,2515.0
2026-08-06 15:45:00,4267.04,4267.46,4248.95,4250.09,2783.0
2026-08-06 16:00:00,4250.01,4255.63,4230.59,4238.3,3611.0
2026-08-06 16:15:00,4238.2,4248.09,4235.86,4247.5,2974.0
2026-08-06 16:30:00,4247.53,4274.04,4245.8,4270.26,3809.0
2026-08-06 16:45:00,4270.04,4270.16,4262.24,4267.02,3472.0
2026-08-06 17:00:00,4267.08,4275.22,4264.01,4268.05,3408.0
2026-08-06 17:15:00,4268.07,4268.91,4260.02,4265.34,3183.0
2026-08-06 17:30:00,4265.49,4274.74,4265.49,4273.45,3028.0
2026-08-06 17:45:00,4273.46,4274.78,4262.73,4272.87,2873.0
2026-08-06 18:00:00,4272.99,4274.13,4261.89,4263.63,2988.0
2026-08-06 18:15:00,4263.57,4263.69,4250.54,4254.68,3154.0
2026-08-06 18:30:00,4254.73,4255.39,4246.34,4251.38,2688.0
2026-08-06 18:45:00,4251.36,4251.6,4229.51,4233.49,3236.0
2026-08-06 19:00:00,4233.54,4242.9,4230.86,4232.69,3406.0
2026-08-06 19:15:00,4232.57,4232.96,4223.33,4230.03,3311.0
2026-08-06 19:30:00,4230.01,4235.99,4230.01,4233.37,2708.0
2026-08-06 19:45:00,4233.51,4242.42,4231.64,4241.33,2267.0
2026-08-06 20:00:00,4241.4,4244.44,4239.33,4240.86,1991.0
2026-08-06 20:15:00,4240.94,4242.58,4238.37,4241.63,2075.0
2026-08-06 20:30:00,4241.59,4243.47,4238.46,4241.84,1836.0
2026-08-06 20:45:00,4241.89,4248.0,4240.33,4247.1,1679.0
2026-08-06 21:00:00,4247.27,4248.98,4244.03,4246.77,1537.0
2026-08-06 21:15:00,4246.81,4249.55,4246.11,4246.62,1565.0
2026-08-06 21:30:00,4246.63,4247.66,4240.58,4241.7,1364.0
2026-08-06 21:45:00,4241.76,4245.58,4240.65,4243.33,1169.0
2026-08-06 22:00:00,4243.38,4251.16,4242.95,4247.22,1593.0
2026-08-06 22:15:00,4247.31,4248.47,4235.1,4237.29,2062.0
2026-08-06 22:30:00,4237.15,4239.49,4232.91,4234.43,2022.0
2026-08-06 22:45:00,4234.47,4250.54,4234.47,4248.83,2263.0
2026-08-06 23:00:00,4248.78,4250.04,4242.75,4244.48,1330.0
2026-08-06 23:15:00,4244.42,4245.52,4239.86,4241.83,947.0
2026-08-06 23:30:00,4241.68,4242.38,4235.02,4235.29,917.0
2026-08-06 23:45:00,4235.14,4241.85,4234.63,4240.03,855.0
2026-08-07 01:00:00,4236.5,4241.48,4235.75,4238.78,679.0
2026-08-07 01:15:00,4238.82,4243.33,4238.82,4242.25,770.0
2026-08-07 01:30:00,4242.24,4243.28,4238.97,4239.26,776.0
2026-08-07 01:45:00,4239.25,4242.9,4238.76,4240.66,565.0
2026-08-07 02:00:00,4240.4,4245.59,4240.13,4245.11,735.0
2026-08-07 02:15:00,4245.01,4246.02,4242.93,4245.11,652.0
2026-08-07 02:30:00,4245.13,4248.63,4244.67,4246.51,685.0
2026-08-07 02:45:00,4246.52,4253.13,4245.64,4252.24,1421.0
2026-08-07 03:00:00,4251.98,4252.68,4243.29,4244.72,1673.0
2026-08-07 03:15:00,4244.73,4246.22,4239.09,4243.73,2016.0
2026-08-07 03:30:00,4243.92,4243.92,4230.15,4234.67,2197.0
2026-08-07 03:45:00,4234.65,4236.75,4229.56,4232.76,2182.0
2026-08-07 04:00:00,4232.53,4246.62,4231.32,4244.08,3037.0
2026-08-07 04:15:00,4244.18,4250.1,4240.09,4243.27,2596.0
2026-08-07 04:30:00,4243.26,4258.49,4239.04,4256.64,2906.0
2026-08-07 04:45:00,4256.61,4259.18,4251.84,4256.6,2629.0
2026-08-07 05:00:00,4256.56,4261.53,4255.94,4258.62,2284.0
2026-08-07 05:15:00,4258.55,4261.13,4257.45,4260.73,1225.0
2026-08-07 05:30:00,4260.86,4261.49,4249.71,4249.71,2154.0
2026-08-07 05:45:00,4249.74,4255.88,4247.0,4250.17,2074.0
2026-08-07 06:00:00,4250.08,4259.26,4249.52,4254.63,1900.0
2026-08-07 06:15:00,4254.61,4258.63,4251.55,4258.6,1912.0
2026-08-07 06:30:00,4258.56,4260.99,4257.56,4260.6,1111.0
2026-08-07 06:45:00,4260.64,4266.12,4259.06,4265.96,1205.0
2026-08-07 07:00:00,4266.03,4268.99,4262.07,4265.86,1745.0
2026-08-07 07:15:00,4265.81,4268.22,4261.78,4264.89,1630.0
2026-08-07 07:30:00,4264.97,4268.37,4260.58,4263.83,1593.0
2026-08-07 07:45:00,4263.9,4267.11,4262.2,4264.84,941.0
2026-08-07 08:00:00,4264.85,4271.11,4261.85,4269.25,1871.0
2026-08-07 08:15:00,4269.24,4270.54,4264.59,4266.49,1547.0
2026-08-07 08:30:00,4266.51,4277.29,4265.84,4271.35,2525.0
2026-08-07 08:45:00,4271.34,4280.42,4271.34,4278.53,2352.0
2026-08-07 09:00:00,4278.54,4291.13,4278.36,4286.58,2418.0
2026-08-07 09:15:00,4286.57,4290.79,4283.04,4283.25,1921.0
2026-08-07 09:30:00,4283.22,4295.03,4280.01,4292.06,2510.0
2026-08-07 09:45:00,4291.93,4298.57,4288.56,4297.04,2474.0
2026-08-07 10:00:00,4297.01,4297.65,4290.13,4291.1,2099.0
2026-08-07 10:15:00,4291.13,4292.47,4284.65,4285.33,2023.0
2026-08-07 10:30:00,4285.18,4288.54,4283.81,4284.98,1821.0
2026-08-07 10:45:00,4284.94,4290.98,4282.78,4289.96,1849.0
2026-08-07 11:00:00,4290.05,4300.46,4288.98,4299.64,2155.0
2026-08-07 11:15:00,4299.68,4300.56,4293.13,4294.67,2067.0
2026-08-07 11:30:00,4294.78,4316.53,4294.04,4308.92,2669.0
2026-08-07 11:45:00,4309.01,4311.25,4303.25,4305.92,2134.0
2026-08-07 12:00:00,4306.01,4307.08,4304.45,4305.87,1876.0
2026-08-07 12:15:00,4305.83,4310.76,4304.65,4306.53,1855.0
2026-08-07 12:30:00,4306.55,4318.29,4302.14,4317.24,2323.0
2026-08-07 12:45:00,4317.33,4320.0,4314.29,4315.98,2349.0
2026-08-07 13:00:00,4315.95,4319.21,4307.91,4308.18,2030.0
2026-08-07 13:15:00,4308.12,4314.26,4308.06,4313.59,1835.0
2026-08-07 13:30:00,4313.66,4318.18,4313.0,4316.75,1712.0
2026-08-07 13:45:00,4316.91,4320.56,4316.15,4316.75,1871.0
2026-08-07 14:00:00,4316.76,4326.03,4316.72,4320.13,2317.0
2026-08-07 14:15:00,4320.12,4327.14,4317.03,4324.97,2419.0
2026-08-07 14:30:00,4325.04,4327.53,4320.78,4322.7,2189.0
2026-08-07 14:45:00,4322.68,4326.87,4320.75,4321.1,2031.0
2026-08-07 15:00:00,4320.9,4325.18,4314.73,4314.91,2419.0
2026-08-07 15:15:00,4314.88,4317.05,4301.66,4307.36,2756.0
2026-08-07 15:30:00,4308.03,4370.64,4308.03,4367.01,4900.0
2026-08-07 15:45:00,4366.92,4371.6,4355.56,4361.13,3925.0
2026-08-07 16:00:00,4361.23,4363.56,4345.91,4347.72,3909.0
2026-08-07 16:15:00,4347.62,4357.9,4338.9,4356.36,3428.0
2026-08-07 16:30:00,4356.3,4367.9,4350.68,4358.25,4027.0
2026-08-07 16:45:00,4358.43,4359.82,4342.39,4347.99,3816.0
2026-08-07 17:00:00,4348.09,4348.87,4327.41,4334.35,4255.0
2026-08-07 17:15:00,4334.43,4352.76,4330.48,4348.79,3841.0
2026-08-07 17:30:00,4348.95,4350.5,4342.42,4344.13,3525.0
2026-08-07 17:45:00,4344.25,4348.81,4340.28,4341.35,3309.0
2026-08-07 18:00:00,4341.41,4355.81,4340.2,4355.18,3236.0
2026-08-07 18:15:00,4355.3,4358.16,4351.01,4351.17,2991.0
2026-08-07 18:30:00,4351.14,4353.8,4346.98,4349.4,2904.0
2026-08-07 18:45:00,4349.41,4351.66,4339.67,4340.79,2721.0
2026-08-07 19:00:00,4341.02,4349.37,4338.43,4347.33,2766.0
2026-08-07 19:15:00,4347.27,4349.3,4334.27,4337.38,3003.0
2026-08-07 19:30:00,4337.2,4341.93,4332.62,4338.55,2878.0
2026-08-07 19:45:00,4338.56,4342.0,4329.01,4329.01,2790.0
2026-08-07 20:00:00,4329.0,4338.24,4327.6,4335.46,2520.0
2026-08-07 20:15:00,4335.35,4342.02,4333.64,4339.49,2492.0
2026-08-07 20:30:00,4339.46,4339.85,4329.76,4336.23,2493.0
2026-08-07 20:45:00,4336.21,4342.94,4334.84,4340.11,2122.0
2026-08-07 21:00:00,4340.12,4342.82,4334.78,4334.85,1904.0
2026-08-07 21:15:00,4334.94,4337.79,4332.01,4334.27,2055.0
2026-08-07 21:30:00,4334.36,4338.83,4333.34,4334.16,1638.0
2026-08-07 21:45:00,4334.18,4337.32,4333.04,4335.29,1527.0
2026-08-07 22:00:00,4335.19,4345.61,4335.19,4343.49,2476.0
2026-08-07 22:15:00,4343.55,4350.21,4342.95,4348.52,2387.0
2026-08-07 22:30:00,4348.47,4348.78,4344.25,4347.79,2178.0
2026-08-07 22:45:00,4347.8,4349.34,4340.03,4343.88,2414.0
2026-08-07 23:00:00,4343.62,4345.13,4337.93,4342.3,1327.0
2026-08-07 23:15:00,4342.33,4342.78,4337.07,4337.66,948.0
2026-08-07 23:30:00,4337.61,4342.1,4335.84,4341.32,973.0
2026-08-07 23:45:00,4341.31,4341.45,4338.9,4341.22,547.0
2026-08-10 01:00:00,4339.73,4352.24,4332.81,4343.54,2263.0
2026-08-10 01:15:00,4343.66,4344.7,4338.29,4343.61,1442.0
2026-08-10 01:30:00,4343.65,4345.09,4340.13,4340.41,1065.0
2026-08-10 01:45:00,4340.23,4344.11,4340.03,4341.5,706.0
2026-08-10 02:00:00,4341.53,4347.5,4341.19,4346.43,1077.0
2026-08-10 02:15:00,4346.44,4348.91,4343.96,4346.32,809.0
2026-08-10 02:30:00,4346.17,4347.32,4339.94,4342.17,1109.0
2026-08-10 02:45:00,4342.14,4343.34,4332.06,4332.81,1532.0
2026-08-10 03:00:00,4332.6,4346.98,4332.57,4344.23,2484.0
2026-08-10 03:15:00,4344.29,4345.53,4337.17,4337.48,2308.0
2026-08-10 03:30:00,4337.49,4339.19,4333.55,4334.29,2105.0
2026-08-10 03:45:00,4334.36,4337.34,4330.69,4332.06,2004.0
2026-08-10 04:00:00,4332.12,4340.7,4322.04,4323.08,3674.0
2026-08-10 04:15:00,4323.09,4328.1,4316.48,4316.48,2554.0
2026-08-10 04:30:00,4316.46,4320.8,4313.34,4317.37,2848.0
2026-08-10 04:45:00,4317.36,4323.97,4316.05,4322.46,2531.0
2026-08-10 05:00:00,4322.51,4325.62,4318.81,4324.44,2411.0
2026-08-10 05:15:00,4324.41,4332.1,4323.37,4330.76,1604.0
2026-08-10 05:30:00,4330.71,4332.33,4323.04,4326.42,2233.0
2026-08-10 05:45:00,4326.37,4327.08,4318.69,4319.56,1930.0
2026-08-10 06:00:00,4319.51,4321.0,4317.39,4320.07,1649.0
2026-08-10 06:15:00,4319.86,4328.08,4319.51,4327.13,1844.0
2026-08-10 06:30:00,4327.08,4329.76,4324.74,4325.07,1380.0
2026-08-10 06:45:00,4325.06,4327.84,4324.24,4326.53,895.0
2026-08-10 07:00:00,4326.58,4332.61,4322.97,4332.31,1471.0
2026-08-10 07:15:00,4332.23,4337.41,4330.77,4334.58,1365.0
2026-08-10 07:30:00,4334.52,4336.16,4329.75,4332.25,1293.0
2026-08-10 07:45:00,4332.2,4339.47,4331.68,4339.44,1350.0
2026-08-10 08:00:00,4339.32,4339.7,4333.39,4334.87,1310.0
2026-08-10 08:15:00,4334.9,4336.32,4332.78,4333.77,915.0
2026-08-10 08:30:00,4333.72,4344.22,4331.57,4343.38,2655.0
2026-08-10 08:45:00,4343.39,4352.0,4340.55,4347.18,2264.0
2026-08-10 09:00:00,4347.23,4349.98,4341.76,4347.12,2151.0
2026-08-10 09:15:00,4347.13,4349.59,4342.51,4348.16,1965.0
2026-08-10 09:30:00,4347.99,4355.61,4345.85,4355.08,1868.0
2026-08-10 09:45:00,4355.1,4359.6,4354.94,4357.96,1939.0
2026-08-10 10:00:00,4358.18,4358.68,4350.01,4351.0,1964.0
2026-08-10 10:15:00,4350.95,4358.79,4350.62,4355.01,1913.0
2026-08-10 10:30:00,4355.02,4359.79,4352.49,4359.23,1721.0
2026-08-10 10:45:00,4359.18,4361.84,4354.73,4355.35,1781.0
2026-08-10 11:00:00,4355.36,4356.16,4351.51,4354.18,1565.0
2026-08-10 11:15:00,4354.5,4356.21,4352.21,4355.55,1373.0
2026-08-10 11:30:00,4355.47,4356.55,4345.58,4346.2,1724.0
2026-08-10 11:45:00,4346.26,4348.92,4343.75,4346.48,1733.0
2026-08-10 12:00:00,4346.6,4349.89,4345.57,4349.53,1696.0
2026-08-10 12:15:00,4349.54,4349.63,4344.9,4346.89,1266.0
2026-08-10 12:30:00,4346.69,4346.76,4340.73,4344.07,1733.0
2026-08-10 12:45:00,4344.23,4345.34,4340.78,4341.05,1182.0
2026-08-10 13:00:00,4340.93,4341.42,4339.07,4340.61,1443.0
2026-08-10 13:15:00,4340.6,4343.99,4339.23,4343.5,1287.0
2026-08-10 13:30:00,4343.43,4344.0,4337.69,4337.72,1525.0
2026-08-10 13:45:00,4337.74,4340.44,4335.34,4335.64,1451.0
2026-08-10 14:00:00,4335.88,4336.49,4329.78,4331.4,1863.0
2026-08-10 14:15:00,4331.39,4336.21,4328.84,4335.05,1616.0
2026-08-10 14:30:00,4334.5,4339.25,4334.39,4337.17,1580.0
2026-08-10 14:45:00,4337.18,4337.69,4331.9,4334.86,1555.0
2026-08-10 15:00:00,4334.73,4337.24,4331.02,4331.61,1892.0
2026-08-10 15:15:00,4331.6,4332.36,4324.07,4327.56,2130.0
2026-08-10 15:30:00,4327.52,4332.49,4326.19,4328.96,2150.0
2026-08-10 15:45:00,4328.98,4335.58,4328.69,4332.41,1817.0
2026-08-10 16:00:00,4332.2,4337.77,4325.89,4337.14,2683.0
2026-08-10 16:15:00,4337.24,4337.56,4329.06,4334.92,2289.0
2026-08-10 16:30:00,4335.09,4339.81,4329.77,4330.73,3563.0
2026-08-10 16:45:00,4330.69,4331.8,4316.6,4317.94,3502.0
2026-08-10 17:00:00,4317.82,4331.02,4317.82,4330.19,2982.0
2026-08-10 17:15:00,4330.02,4347.91,4328.48,4345.4,3356.0
2026-08-10 17:30:00,4345.38,4351.9,4344.65,4349.42,3145.0
2026-08-10 17:45:00,4349.43,4350.65,4342.48,4345.33,2818.0
2026-08-10 18:00:00,4345.34,4351.91,4343.26,4346.91,2889.0
2026-08-10 18:15:00,4347.01,4352.36,4345.98,4348.81,2627.0
2026-08-10 18:30:00,4348.89,4351.91,4347.8,4350.12,2452.0
2026-08-10 18:45:00,4350.13,4359.4,4348.49,4358.31,2583.0
2026-08-10 19:00:00,4358.32,4364.64,4356.67,4361.23,2750.0
2026-08-10 19:15:00,4361.28,4364.48,4360.81,4362.53,2230.0
2026-08-10 19:30:00,4362.63,4362.91,4350.08,4351.54,2778.0
2026-08-10 19:45:00,4351.63,4356.78,4351.52,4356.68,2163.0
2026-08-10 20:00:00,4356.8,4358.06,4351.69,4357.07,2049.0
2026-08-10 20:15:00,4356.96,4361.21,4356.23,4361.09,2047.0
2026-08-10 20:30:00,4361.06,4365.32,4359.46,4360.13,1949.0
2026-08-10 20:45:00,4360.16,4361.12,4357.6,4360.11,2025.0
2026-08-10 21:00:00,4360.09,4365.23,4359.79,4362.94,1981.0
2026-08-10 21:15:00,4362.96,4367.08,4361.36,4365.74,2026.0
2026-08-10 21:30:00,4365.84,4382.98,4365.08,4379.58,2763.0
2026-08-10 21:45:00,4379.57,4379.73,4373.31,4378.39,2319.0
2026-08-10 22:00:00,4378.32,4382.7,4378.32,4381.91,2130.0
2026-08-10 22:15:00,4381.92,4391.42,4381.2,4390.59,2457.0
2026-08-10 22:30:00,4390.55,4393.96,4384.23,4388.12,2609.0
2026-08-10 22:45:00,4388.13,4395.06,4387.29,4388.21,2653.0
2026-08-10 23:00:00,4388.22,4390.48,4385.72,4389.18,1172.0
2026-08-10 23:15:00,4389.27,4391.87,4386.47,4390.89,944.0
2026-08-10 23:30:00,4390.92,4391.91,4389.83,4389.83,706.0
2026-08-10 23:45:00,4389.72,4390.54,4388.55,4389.11,662.0
2026-08-11 01:00:00,4385.16,4392.93,4385.16,4391.27,1216.0
2026-08-11 01:15:00,4391.24,4393.28,4390.88,4391.89,698.0
2026-08-11 01:30:00,4391.91,4395.91,4391.83,4395.08,802.0
2026-08-11 01:45:00,4395.07,4400.47,4395.07,4399.65,1022.0
2026-08-11 02:00:00,4399.53,4401.83,4395.62,4397.25,1286.0
2026-08-11 02:15:00,4397.24,4397.34,4394.53,4395.21,836.0
2026-08-11 02:30:00,4395.22,4398.79,4395.14,4398.63,944.0
2026-08-11 02:45:00,4398.78,4402.51,4396.35,4402.29,1452.0
2026-08-11 03:00:00,4402.44,4408.75,4396.4,4405.16,2343.0
2026-08-11 03:15:00,4405.23,4415.94,4404.34,4413.94,1976.0
2026-08-11 03:30:00,4413.99,4414.01,4407.39,4414.01,1912.0
2026-08-11 03:45:00,4414.05,4419.09,4408.26,4409.24,1965.0
2026-08-11 04:00:00,4409.4,4415.16,4393.62,4414.36,3704.0
2026-08-11 04:15:00,4414.41,4419.97,4412.52,4419.23,2884.0
2026-08-11 04:30:00,4419.25,4422.26,4415.1,4415.1,2686.0
2026-08-11 04:45:00,4415.09,4433.89,4414.41,4429.7,2574.0
2026-08-11 05:00:00,4429.62,4434.38,4421.52,4433.7,2510.0
2026-08-11 05:15:00,4433.72,4434.97,4425.87,4428.37,1774.0
2026-08-11 05:30:00,4428.04,4429.07,4413.68,4418.3,2677.0
2026-08-11 05:45:00,4418.19,4418.87,4407.97,4410.83,2444.0
2026-08-11 06:00:00,4410.8,4415.18,4409.76,4413.41,1960.0
2026-08-11 06:15:00,4413.38,4420.61,4412.8,4420.26,1692.0
2026-08-11 06:30:00,4420.19,4421.42,4415.69,4415.93,1136.0
2026-08-11 06:45:00,4416.23,4418.69,4414.09,4416.72,1218.0
2026-08-11 07:00:00,4416.74,4419.49,4412.0,4413.84,1283.0
2026-08-11 07:15:00,4413.85,4415.68,4409.88,4415.11,1310.0
2026-08-11 07:30:00,4415.12,4420.3,4408.25,4409.92,2120.0
2026-08-11 07:45:00,4409.94,4411.28,4403.33,4408.78,1634.0
2026-08-11 08:00:00,4408.73,4408.94,4399.39,4402.07,1449.0
2026-08-11 08:15:00,4402.02,4402.07,4390.65,4392.28,1834.0
2026-08-11 08:30:00,4392.33,4392.33,4372.59,4376.94,3632.0
2026-08-11 08:45:00,4376.95,4378.06,4367.29,4375.17,3027.0
2026-08-11 09:00:00,4375.21,4382.56,4371.65,4372.72,2780.0
2026-08-11 09:15:00,4372.8,4375.96,4362.16,4363.42,2919.0
2026-08-11 09:30:00,4363.35,4369.23,4359.85,4363.69,2856.0
2026-08-11 09:45:00,4363.81,4367.34,4359.89,4366.19,2404.0
2026-08-11 10:00:00,4366.17,4367.59,4361.16,4363.25,2237.0
2026-08-11 10:15:00,4363.21,4365.84,4357.6,4362.89,2075.0
2026-08-11 10:30:00,4363.03,4364.75,4356.8,4358.27,2082.0
2026-08-11 10:45:00,4358.51,4361.42,4356.65,4357.61,1783.0
2026-08-11 11:00:00,4357.52,4366.62,4356.91,4365.1,2087.0
2026-08-11 11:15:00,4364.98,4369.57,4359.02,4369.06,2041.0
2026-08-11 11:30:00,4368.9,4375.85,4368.69,4374.67,1872.0
2026-08-11 11:45:00,4374.72,4376.61,4369.0,4369.0,1814.0
2026-08-11 12:00:00,4369.05,4372.85,4367.44,4372.36,1585.0
2026-08-11 12:15:00,4372.47,4375.4,4370.58,4371.82,2002.0
2026-08-11 12:30:00,4371.65,4374.82,4370.19,4370.45,1791.0
2026-08-11 12:45:00,4370.39,4374.67,4370.27,4372.32,1409.0
2026-08-11 13:00:00,4372.4,4375.9,4371.1,4373.04,1651.0
2026-08-11 13:15:00,4373.02,4381.74,4372.31,4378.21,1964.0
2026-08-11 13:30:00,4378.17,4380.85,4376.85,4377.53,1784.0
2026-08-11 13:45:00,4377.55,4382.35,4377.45,4382.24,1672.0
2026-08-11 14:00:00,4382.22,4392.83,4380.31,4391.35,3145.0
2026-08-11 14:15:00,4391.17,4392.22,4385.07,4387.18,2280.0
2026-08-11 14:30:00,4387.33,4387.94,4382.95,4386.32,1902.0
2026-08-11 14:45:00,4386.08,4389.8,4384.85,4387.63,1987.0
2026-08-11 15:00:00,4387.64,4397.42,4383.85,4396.85,2494.0
2026-08-11 15:15:00,4396.96,4399.59,4387.5,4391.1,2852.0
2026-08-11 15:30:00,4391.22,4398.45,4388.66,4398.39,2457.0
2026-08-11 15:45:00,4398.46,4400.04,4392.07,4392.34,2021.0
2026-08-11 16:00:00,4392.47,4400.88,4391.79,4393.75,2943.0
2026-08-11 16:15:00,4393.58,4400.78,4389.44,4397.87,2826.0
2026-08-11 16:30:00,4398.05,4401.71,4388.93,4399.69,3614.0
2026-08-11 16:45:00,4399.7,4404.07,4384.41,4389.21,3597.0
2026-08-11 17:00:00,4389.09,4389.87,4381.29,4386.95,3494.0
2026-08-11 17:15:00,4386.89,4390.08,4381.46,4383.75,3229.0
2026-08-11 17:30:00,4383.85,4395.16,4383.84,4393.32,3068.0
2026-08-11 17:45:00,4393.33,4397.8,4391.7,4394.01,2591.0
2026-08-11 18:00:00,4394.14,4398.68,4389.12,4392.07,2728.0
2026-08-11 18:15:00,4392.09,4392.09,4381.85,4386.59,2953.0
2026-08-11 18:30:00,4386.43,4386.83,4369.0,4375.82,3351.0
2026-08-11 18:45:00,4375.74,4383.7,4374.85,4383.57,2648.0
2026-08-11 19:00:00,4383.64,4384.68,4378.56,4379.46,2342.0
2026-08-11 19:15:00,4379.35,4383.26,4378.34,4382.85,2052.0
2026-08-11 19:30:00,4382.76,4385.64,4379.17,4384.62,1768.0
2026-08-11 19:45:00,4384.65,4385.34,4380.93,4383.28,1922.0
2026-08-11 20:00:00,4383.37,4385.51,4381.02,4381.02,1972.0
2026-08-11 20:15:00,4380.96,4384.25,4378.83,4381.31,2080.0
2026-08-11 20:30:00,4381.45,4381.85,4374.21,4376.16,1993.0
2026-08-11 20:45:00,4376.06,4377.39,4368.89,4369.03,1683.0
2026-08-11 21:00:00,4369.02,4369.02,4360.19,4363.69,2573.0
2026-08-11 21:15:00,4363.6,4367.13,4360.37,4361.19,2313.0
2026-08-11 21:30:00,4361.22,4371.67,4361.06,4371.0,1954.0
2026-08-11 21:45:00,4371.01,4372.59,4369.91,4371.45,1605.0
2026-08-11 22:00:00,4371.5,4372.08,4363.35,4363.69,1878.0
2026-08-11 22:15:00,4363.71,4370.78,4361.16,4370.29,1891.0
2026-08-11 22:30:00,4370.49,4374.1,4366.36,4367.45,1890.0
2026-08-11 22:45:00,4367.49,4373.28,4366.23,4370.73,2048.0
2026-08-11 23:00:00,4370.82,4370.97,4368.47,4370.23,972.0
2026-08-11 23:15:00,4370.24,4370.88,4367.53,4370.18,699.0
2026-08-11 23:30:00,4370.22,4370.38,4367.41,4367.56,619.0
2026-08-11 23:45:00,4367.41,4368.71,4367.03,4367.84,493.0
2026-08-12 01:00:00,4371.63,4375.4,4370.66,4373.93,1133.0
2026-08-12 01:15:00,4373.9,4377.01,4373.27,4376.52,1200.0
2026-08-12 01:30:00,4376.57,4377.98,4375.11,4376.23,1202.0
2026-08-12 01:45:00,4376.32,4378.31,4367.18,4368.94,1670.0
2026-08-12 02:00:00,4368.95,4369.73,4362.43,4366.49,1939.0
2026-08-12 02:15:00,4366.27,4374.45,4365.15,4372.69,1498.0
2026-08-12 02:30:00,4372.68,4372.74,4366.57,4367.77,927.0
2026-08-12 02:45:00,4368.04,4371.82,4368.04,4371.41,891.0
2026-08-12 03:00:00,4371.29,4379.26,4366.36,4378.14,2089.0
2026-08-12 03:15:00,4377.99,4381.02,4374.06,4380.64,1903.0
2026-08-12 03:30:00,4380.63,4383.55,4379.22,4382.71,1610.0
2026-08-12 03:45:00,4382.82,4383.03,4377.52,4380.41,1558.0
2026-08-12 04:00:00,4380.52,4390.6,4378.22,4390.28,2871.0
2026-08-12 04:15:00,4390.42,4393.86,4386.56,4390.39,2103.0
2026-08-12 04:30:00,4390.45,4393.13,4385.21,4393.06,2319.0
2026-08-12 04:45:00,4393.09,4397.32,4391.04,4396.35,2032.0
2026-08-12 05:00:00,4396.42,4404.69,4394.16,4401.66,1986.0
2026-08-12 05:15:00,4401.62,4403.55,4399.32,4402.09,1634.0
2026-08-12 05:30:00,4402.14,4408.1,4397.52,4405.45,2312.0
2026-08-12 05:45:00,4405.41,4414.45,4405.24,4411.16,2294.0
2026-08-12 06:00:00,4411.24,4415.88,4408.54,4410.68,2180.0
2026-08-12 06:15:00,4410.67,4410.7,4404.28,4407.15,1908.0
2026-08-12 06:30:00,4407.14,4408.54,4401.27,4401.27,1454.0
2026-08-12 06:45:00,4401.22,4403.61,4400.7,4402.13,1233.0
2026-08-12 07:00:00,4402.08,4403.05,4396.44,4397.26,1164.0
2026-08-12 07:15:00,4397.28,4399.15,4395.27,4398.91,1201.0
2026-08-12 07:30:00,4398.9,4399.91,4395.29,4399.87,1193.0
2026-08-12 07:45:00,4399.84,4402.16,4399.08,4400.88,1130.0
2026-08-12 08:00:00,4400.8,4404.73,4399.97,4401.03,1176.0
2026-08-12 08:15:00,4400.71,4400.71,4392.49,4392.49,1498.0
2026-08-12 08:30:00,4392.23,4396.9,4387.89,4387.91,2442.0
2026-08-12 08:45:00,4387.75,4393.96,4383.77,4391.05,2054.0
2026-08-12 09:00:00,4390.99,4392.99,4385.11,4386.99,2106.0
2026-08-12 09:15:00,4386.98,4390.38,4385.62,4389.65,1791.0
2026-08-12 09:30:00,4389.61,4397.32,4388.31,4394.35,2195.0
2026-08-12 09:45:00,4394.43,4406.22,4394.43,4403.33,2206.0
2026-08-12 10:00:00,4403.54,4405.99,4400.8,4401.43,1768.0
2026-08-12 10:15:00,4401.29,4402.6,4398.08,4402.27,1407.0
2026-08-12 10:30:00,4402.28,4408.42,4401.3,4407.74,1372.0
2026-08-12 10:45:00,4407.76,4409.89,4404.67,4406.11,1407.0
2026-08-12 11:00:00,4406.1,4410.34,4405.73,4408.48,1496.0
2026-08-12 11:15:00,4408.36,4409.32,4405.47,4406.9,1321.0
2026-08-12 11:30:00,4406.91,4407.35,4404.55,4405.93,1258.0
2026-08-12 11:45:00,4405.86,4405.86,4401.62,4401.7,1157.0
2026-08-12 12:00:00,4401.76,4413.02,4401.76,4412.73,1499.0
2026-08-12 12:15:00,4412.94,4424.05,4412.25,4413.15,2515.0
2026-08-12 12:30:00,4413.13,4416.94,4411.8,4413.57,1958.0
2026-08-12 12:45:00,4413.77,4416.33,4410.7,4415.67,1854.0
2026-08-12 13:00:00,4415.72,4419.16,4414.47,4417.8,1568.0
2026-08-12 13:15:00,4418.16,4420.78,4417.33,4419.46,1521.0
2026-08-12 13:30:00,4419.47,4419.6,4412.61,4414.61,1485.0
2026-08-12 13:45:00,4414.48,4415.56,4407.43,4412.57,1922.0
2026-08-12 14:00:00,4412.7,4415.08,4407.78,4407.78,1636.0
2026-08-12 14:15:00,4407.8,4416.65,4407.8,4414.96,1507.0
2026-08-12 14:30:00,4414.93,4415.76,4410.1,4413.19,1373.0
2026-08-12 14:45:00,4413.14,4415.28,4412.43,4412.7,1264.0
2026-08-12 15:00:00,4412.58,4412.96,4406.18,4408.6,1894.0
2026-08-12 15:15:00,4408.72,4427.63,4404.61,4427.63,2576.0
2026-08-12 15:30:00,4427.24,4438.05,4382.09,4428.57,4787.0
2026-08-12 15:45:00,4428.47,4437.84,4416.44,4437.09,3638.0
2026-08-12 16:00:00,4437.43,4441.19,4420.9,4421.84,3925.0
2026-08-12 16:15:00,4421.74,4428.82,4414.38,4418.47,3305.0
2026-08-12 16:30:00,4418.37,4420.7,4408.44,4416.53,4191.0
2026-08-12 16:45:00,4416.52,4433.92,4415.42,4427.54,3696.0
2026-08-12 17:00:00,4427.66,4434.77,4421.06,4431.72,3390.0
2026-08-12 17:15:00,4431.8,4439.56,4429.89,4431.44,3050.0
2026-08-12 17:30:00,4431.46,4435.81,4416.26,4424.93,3548.0
2026-08-12 17:45:00,4424.89,4432.32,4416.51,4421.88,3719.0
2026-08-12 18:00:00,4421.99,4429.91,4414.86,4426.57,3397.0
2026-08-12 18:15:00,4426.56,4427.97,4419.55,4421.34,2766.0
2026-08-12 18:30:00,4421.45,4425.21,4416.68,4418.01,2586.0
2026-08-12 18:45:00,4418.14,4422.2,4410.98,4420.87,2622.0
2026-08-12 19:00:00,4420.86,4425.61,4416.64,4423.24,2572.0
2026-08-12 19:15:00,4423.28,4426.36,4422.31,4423.09,2236.0
2026-08-12 19:30:00,4423.08,4423.76,4409.26,4410.77,2610.0
2026-08-12 19:45:00,4410.75,4411.11,4396.64,4401.56,2987.0
2026-08-12 20:00:00,4401.54,4407.42,4399.93,4403.48,2533.0
2026-08-12 20:15:00,4403.59,4409.72,4401.83,4406.33,2461.0
2026-08-12 20:30:00,4406.43,4411.37,4401.25,4401.89,2103.0
2026-08-12 20:45:00,4402.01,4405.42,4398.94,4399.27,1934.0
2026-08-12 21:00:00,4399.13,4406.42,4396.18,4405.68,1909.0
2026-08-12 21:15:00,4405.76,4411.0,4404.47,4408.38,1784.0
2026-08-12 21:30:00,4408.39,4413.5,4407.86,4413.48,1662.0
2026-08-12 21:45:00,4413.58,4417.76,4412.67,4412.91,1743.0
2026-08-12 22:00:00,4412.96,4418.21,4412.77,4416.25,1629.0
2026-08-12 22:15:00,4416.21,4417.83,4415.61,4416.53,1428.0
2026-08-12 22:30:00,4416.58,4416.58,4411.22,4413.11,1816.0
2026-08-12 22:45:00,4413.0,4413.95,4408.18,4413.7,2110.0
2026-08-12 23:00:00,4413.82,4414.06,4408.64,4408.88,955.0
2026-08-12 23:15:00,4408.85,4409.78,4406.54,4407.69,830.0
2026-08-12 23:30:00,4407.72,4408.63,4406.68,4407.88,723.0
2026-08-12 23:45:00,4407.93,4408.81,4406.56,4408.73,552.0
2026-08-13 01:00:00,4407.3,4411.32,4402.36,4403.06,1020.0
2026-08-13 01:15:00,4402.95,4403.09,4398.18,4399.25,713.0
2026-08-13 01:30:00,4399.14,4401.75,4398.67,4399.95,792.0
2026-08-13 01:45:00,4399.9,4402.86,4399.75,4401.62,516.0
2026-08-13 02:00:00,4401.88,4405.77,4401.59,4405.52,722.0
2026-08-13 02:15:00,4405.53,4409.66,4405.5,4408.2,712.0
2026-08-13 02:30:00,4408.21,4410.28,4407.24,4408.41,583.0
2026-08-13 02:45:00,4408.52,4414.37,4407.83,4414.27,887.0
2026-08-13 03:00:00,4414.26,4422.09,4412.8,4419.06,2117.0
2026-08-13 03:15:00,4419.08,4437.49,4419.08,4428.25,2425.0
2026-08-13 03:30:00,4428.26,4449.68,4424.47,4440.0,2702.0
2026-08-13 03:45:00,4440.01,4440.09,4423.95,4427.18,2485.0
2026-08-13 04:00:00,4427.67,4435.13,4422.64,4429.94,3391.0
2026-08-13 04:15:00,4429.97,4435.1,4418.95,4419.25,2584.0
2026-08-13 04:30:00,4419.16,4430.04,4417.73,4419.1,2698.0
2026-08-13 04:45:00,4419.04,4419.13,4406.12,4408.34,2857.0
2026-08-13 05:00:00,4408.21,4413.93,4405.39,4410.55,2554.0
2026-08-13 05:15:00,4410.62,4412.29,4405.77,4406.42,1558.0
2026-08-13 05:30:00,4406.19,4410.25,4398.9,4410.25,2802.0
2026-08-13 05:45:00,4410.27,4410.58,4405.45,4406.98,1850.0
2026-08-13 06:00:00,4407.05,4412.14,4404.07,4406.94,2102.0
2026-08-13 06:15:00,4407.08,4410.12,4405.55,4409.09,1871.0
2026-08-13 06:30:00,4409.22,4410.37,4405.32,4405.8,1201.0
2026-08-13 06:45:00,4406.14,4407.53,4398.56,4400.14,1439.0
2026-08-13 07:00:00,4400.1,4400.24,4391.6,4394.37,1949.0
2026-08-13 07:15:00,4394.4,4399.06,4392.45,4398.11,1530.0
2026-08-13 07:30:00,4398.17,4399.43,4395.03,4395.7,1204.0
2026-08-13 07:45:00,4395.69,4398.71,4395.2,4397.67,1552.0
2026-08-13 08:00:00,4397.65,4404.58,4393.06,4404.29,2087.0
2026-08-13 08:15:00,4404.37,4407.15,4400.81,4406.3,1727.0
2026-08-13 08:30:00,4406.54,4407.09,4386.46,4387.58,2885.0
2026-08-13 08:45:00,4387.56,4389.16,4380.48,4382.86,2815.0
2026-08-13 09:00:00,4382.76,4385.44,4374.96,4375.84,2895.0
2026-08-13 09:15:00,4375.76,4378.66,4374.11,4375.91,2241.0
2026-08-13 09:30:00,4375.75,4378.42,4368.97,4374.0,2617.0
2026-08-13 09:45:00,4374.04,4381.52,4373.93,4380.82,2299.0
2026-08-13 10:00:00,4380.76,4381.51,4374.98,4376.73,2183.0
2026-08-13 10:15:00,4376.82,4377.53,4373.66,4376.31,2034.0
2026-08-13 10:30:00,4376.09,4378.57,4372.01,4378.35,1928.0
2026-08-13 10:45:00,4378.45,4378.62,4369.16,4369.83,2116.0
2026-08-13 11:00:00,4369.71,4370.42,4363.91,4365.86,2402.0
2026-08-13 11:15:00,4365.81,4373.37,4364.89,4372.71,2114.0
2026-08-13 11:30:00,4372.61,4375.63,4371.78,4373.47,1730.0
2026-08-13 11:45:00,4373.52,4379.23,4373.29,4375.75,1546.0
2026-08-13 12:00:00,4375.74,4378.27,4372.4,4376.82,1738.0
2026-08-13 12:15:00,4376.68,4382.2,4376.11,4379.79,1773.0
2026-08-13 12:30:00,4379.84,4381.64,4378.59,4379.94,1414.0
2026-08-13 12:45:00,4379.98,4384.72,4378.39,4384.44,1348.0
2026-08-13 13:00:00,4384.59,4385.18,4381.28,4381.43,1386.0
2026-08-13 13:15:00,4381.6,4387.46,4381.6,4387.01,1329.0
2026-08-13 13:30:00,4386.98,4390.45,4384.5,4390.38,1104.0
2026-08-13 13:45:00,4390.41,4393.68,4388.16,4392.06,1308.0
2026-08-13 14:00:00,4392.07,4394.24,4388.42,4394.13,1313.0
2026-08-13 14:15:00,4394.15,4396.49,4388.02,4388.02,1612.0
2026-08-13 14:30:00,4387.96,4389.7,4383.69,4383.95,1658.0
2026-08-13 14:45:00,4383.79,4387.89,4382.74,4387.52,1649.0
2026-08-13 15:00:00,4387.61,4391.62,4385.65,4389.01,2121.0
2026-08-13 15:15:00,4388.94,4392.85,4384.02,4390.88,2141.0
2026-08-13 15:30:00,4390.97,4401.04,4380.64,4392.01,3237.0
2026-08-13 15:45:00,4391.92,4401.8,4391.65,4401.74,2596.0
2026-08-13 16:00:00,4401.63,4401.78,4391.02,4393.55,3195.0
2026-08-13 16:15:00,4393.61,4395.19,4383.95,4385.02,2820.0
2026-08-13 16:30:00,4385.07,4389.68,4375.18,4379.51,3613.0
2026-08-13 16:45:00,4379.4,4382.73,4370.65,4372.79,3550.0
2026-08-13 17:00:00,4372.65,4378.73,4366.58,4370.63,3768.0
2026-08-13 17:15:00,4370.72,4378.05,4367.55,4367.58,3632.0
2026-08-13 17:30:00,4367.57,4381.61,4356.97,4381.04,3429.0
2026-08-13 17:45:00,4381.09,4386.99,4381.09,4383.53,2889.0
2026-08-13 18:00:00,4383.57,4385.56,4368.16,4369.46,2970.0
2026-08-13 18:15:00,4369.53,4373.79,4363.43,4365.07,3036.0
2026-08-13 18:30:00,4365.09,4371.41,4357.52,4368.21,3078.0
2026-08-13 18:45:00,4368.22,4370.72,4363.34,4365.02,2315.0
2026-08-13 19:00:00,4365.06,4367.29,4353.93,4355.05,2559.0
2026-08-13 19:15:00,4354.99,4362.74,4351.24,4362.52,2806.0
2026-08-13 19:30:00,4362.48,4366.97,4362.48,4365.61,2243.0
2026-08-13 19:45:00,4365.59,4368.26,4364.02,4366.95,1857.0
2026-08-13 20:00:00,4367.07,4373.22,4365.09,4371.28,2094.0
2026-08-13 20:15:00,4371.29,4371.71,4362.35,4362.93,2270.0
2026-08-13 20:30:00,4362.98,4364.24,4355.54,4357.09,2239.0
2026-08-13 20:45:00,4357.11,4359.88,4355.62,4355.85,1924.0
2026-08-13 21:00:00,4355.88,4362.58,4355.77,4361.85,2124.0
2026-08-13 21:15:00,4361.84,4363.47,4354.63,4357.44,2032.0
2026-08-13 21:30:00,4357.33,4360.27,4356.25,4357.78,1818.0
2026-08-13 21:45:00,4357.77,4358.13,4354.55,4356.87,1663.0
2026-08-13 22:00:00,4356.98,4358.76,4346.15,4346.74,1905.0
2026-08-13 22:15:00,4346.76,4351.67,4343.74,4351.56,2227.0
2026-08-13 22:30:00,4351.57,4353.99,4349.63,4351.24,1761.0
2026-08-13 22:45:00,4351.32,4351.32,4347.6,4350.0,1935.0
2026-08-13 23:00:00,4349.89,4350.41,4346.87,4350.21,1187.0
2026-08-13 23:15:00,4350.24,4352.1,4349.32,4351.59,838.0
2026-08-13 23:30:00,4351.61,4351.76,4347.96,4349.42,829.0
2026-08-13 23:45:00,4349.29,4350.67,4348.57,4350.31,577.0
2026-08-14 01:00:00,4348.46,4356.85,4348.46,4354.06,1085.0
2026-08-14 01:15:00,4354.17,4357.64,4352.77,4357.02,1010.0
2026-08-14 01:30:00,4357.0,4362.62,4355.69,4360.37,1430.0
2026-08-14 01:45:00,4360.41,4361.07,4353.26,4354.72,1471.0
2026-08-14 02:00:00,4354.9,4360.42,4349.14,4360.42,1511.0
2026-08-14 02:15:00,4360.43,4362.93,4356.91,4362.93,1433.0
2026-08-14 02:30:00,4363.08,4363.42,4358.56,4360.15,1210.0
2026-08-14 02:45:00,4360.26,4363.96,4356.31,4356.31,1352.0
2026-08-14 03:00:00,4356.57,4361.92,4350.41,4352.1,2081.0
2026-08-14 03:15:00,4352.03,4352.1,4339.32,4339.38,2204.0
2026-08-14 03:30:00,4339.34,4346.85,4334.41,4339.58,2394.0
2026-08-14 03:45:00,4339.79,4342.65,4329.45,4340.87,2576.0
2026-08-14 04:00:00,4340.75,4341.37,4322.13,4324.08,3466.0
2026-08-14 04:15:00,4324.3,4325.94,4314.9,4319.46,3000.0
2026-08-14 04:30:00,4319.53,4321.33,4313.27,4319.45,2560.0
2026-08-14 04:45:00,4319.46,4323.16,4312.35,4318.02,2663.0
2026-08-14 05:00:00,4318.16,4322.65,4310.77,4312.34,2478.0
2026-08-14 05:15:00,4312.38,4318.28,4312.38,4312.94,1992.0
2026-08-14 05:30:00,4312.84,4322.54,4311.53,4321.05,2645.0
2026-08-14 05:45:00,4320.95,4321.87,4312.66,4315.36,2197.0
2026-08-14 06:00:00,4315.66,4323.68,4313.62,4320.05,2023.0
2026-08-14 06:15:00,4320.13,4326.07,4319.85,4325.65,1567.0
2026-08-14 06:30:00,4325.66,4328.05,4325.04,4325.57,1109.0
2026-08-14 06:45:00,4325.67,4326.7,4323.43,4323.47,767.0
2026-08-14 07:00:00,4323.53,4327.19,4322.67,4325.99,1088.0
2026-08-14 07:15:00,4325.89,4327.89,4324.97,4325.02,1067.0
2026-08-14 07:30:00,4325.06,4326.32,4323.35,4325.17,1198.0
2026-08-14 07:45:00,4325.14,4326.81,4323.71,4326.81,859.0
2026-08-14 08:00:00,4326.83,4326.98,4319.47,4320.12,1483.0
2026-08-14 08:15:00,4320.13,4320.27,4317.07,4318.31,1359.0
2026-08-14 08:30:00,4318.18,4324.78,4310.9,4317.61,2558.0
2026-08-14 08:45:00,4317.64,4333.49,4317.43,4333.49,2278.0
2026-08-14 09:00:00,4333.48,4336.5,4329.51,4332.55,2344.0
2026-08-14 09:15:00,4332.56,4333.59,4328.34,4329.21,1897.0
2026-08-14 09:30:00,4329.1,4332.92,4327.87,4332.92,1746.0
2026-08-14 09:45:00,4333.01,4335.79,4332.59,4335.58,1812.0
2026-08-14 10:00:00,4335.54,4337.11,4331.08,4331.12,1651.0
2026-08-14 10:15:00,4331.14,4336.42,4329.57,4331.87,1657.0
2026-08-14 10:30:00,4331.97,4340.12,4331.62,4339.63,1576.0
2026-08-14 10:45:00,4339.65,4345.12,4339.4,4343.6,1769.0
2026-08-14 11:00:00,4343.43,4347.92,4341.87,4347.68,2058.0
2026-08-14 11:15:00,4347.66,4349.08,4343.48,4345.65,1765.0
2026-08-14 11:30:00,4345.61,4349.2,4343.45,4343.62,1526.0
2026-08-14 11:45:00,4343.58,4349.65,4342.73,4348.57,1173.0
2026-08-14 12:00:00,4348.49,4350.91,4345.97,4350.68,1431.0
2026-08-14 12:15:00,4350.8,4354.11,4348.7,4351.7,1498.0
2026-08-14 12:30:00,4351.69,4354.41,4349.95,4353.38,1611.0
2026-08-14 12:45:00,4353.41,4357.31,4352.53,4357.0,1423.0
2026-08-14 13:00:00,4357.04,4358.55,4353.75,4354.31,1524.0
2026-08-14 13:15:00,4354.42,4355.21,4350.18,4351.24,1278.0
2026-08-14 13:30:00,4351.36,4351.87,4348.17,4351.85,1233.0
2026-08-14 13:45:00,4351.79,4353.44,4348.2,4349.27,1152.0
2026-08-14 14:00:00,4349.4,4351.54,4348.44,4350.55,1310.0
2026-08-14 14:15:00,4350.58,4357.0,4350.58,4356.66,1351.0
2026-08-14 14:30:00,4356.68,4363.32,4356.42,4362.32,1744.0
2026-08-14 14:45:00,4362.36,4369.28,4360.84,4369.12,1881.0
2026-08-14 15:00:00,4368.99,4376.57,4365.87,4371.64,2396.0
2026-08-14 15:15:00,4371.72,4380.52,4369.57,4379.83,2419.0
2026-08-14 15:30:00,4380.04,4386.77,4372.12,4372.67,2986.0
2026-08-14 15:45:00,4372.74,4377.75,4370.87,4373.62,2353.0
2026-08-14 16:00:00,4373.57,4380.95,4370.26,4375.04,2897.0
2026-08-14 16:15:00,4375.11,4386.36,4375.11,4384.3,2597.0
2026-08-14 16:30:00,4384.32,4396.89,4383.53,4393.78,3426.0
2026-08-14 16:45:00,4393.74,4394.66,4382.72,4384.39,3117.0
2026-08-14 17:00:00,4384.68,4393.12,4384.16,4390.43,3152.0
2026-08-14 17:15:00,4390.52,4394.44,4385.15,4390.62,2916.0
2026-08-14 17:30:00,4390.6,4391.42,4381.45,4384.21,2610.0
2026-08-14 17:45:00,4384.23,4384.41,4378.78,4381.31,2523.0
2026-08-14 18:00:00,4381.54,4393.97,4381.01,4391.98,2801.0
2026-08-14 18:15:00,4392.01,4393.62,4378.98,4384.75,2839.0
2026-08-14 18:30:00,4384.79,4389.92,4383.84,4389.39,2401.0
2026-08-14 18:45:00,4389.45,4394.68,4389.3,4391.47,2151.0
2026-08-14 19:00:00,4391.49,4396.63,4388.65,4389.67,2082.0
2026-08-14 19:15:00,4389.59,4392.88,4386.81,4387.44,1719.0
2026-08-14 19:30:00,4387.52,4388.9,4380.2,4385.67,2065.0
2026-08-14 19:45:00,4385.79,4387.36,4384.74,4385.8,1311.0
2026-08-14 20:00:00,4385.88,4386.31,4380.23,4382.19,1502.0
2026-08-14 20:15:00,4382.2,4384.6,4379.16,4379.44,1706.0
2026-08-14 20:30:00,4379.34,4382.61,4376.92,4377.64,1629.0
2026-08-14 20:45:00,4377.6,4378.95,4376.13,4378.29,1409.0
2026-08-14 21:00:00,4378.34,4381.57,4376.37,4377.22,1666.0
2026-08-14 21:15:00,4377.14,4380.32,4376.88,4379.27,1197.0
2026-08-14 21:30:00,4379.26,4382.62,4376.17,4376.31,1272.0
2026-08-14 21:45:00,4376.32,4376.79,4370.84,4373.4,1272.0
2026-08-14 22:00:00,4373.28,4377.04,4372.08,4375.85,1096.0
2026-08-14 22:15:00,4375.77,4377.78,4374.58,4377.21,1012.0
2026-08-14 22:30:00,4377.25,4378.09,4375.51,4375.53,1223.0
2026-08-14 22:45:00,4375.52,4379.83,4373.49,4376.09,1912.0
2026-08-14 23:00:00,4375.91,4375.98,4371.36,4372.65,1081.0
2026-08-14 23:15:00,4372.74,4374.79,4372.43,4374.61,578.0
2026-08-14 23:30:00,4374.52,4376.8,4373.49,4375.54,607.0
2026-08-14 23:45:00,4375.49,4376.07,4374.84,4375.92,306.0
2026-08-17 01:00:00,4381.88,4384.34,4368.46,4375.58,1898.0
2026-08-17 01:15:00,4375.64,4375.8,4372.64,4374.39,1050.0
2026-08-17 01:30:00,4374.57,4378.86,4374.57,4377.63,881.0
2026-08-17 01:45:00,4377.6,4386.73,4377.54,4385.81,1196.0
2026-08-17 02:00:00,4385.92,4386.13,4379.43,4379.69,1185.0
2026-08-17 02:15:00,4379.7,4381.03,4372.54,4374.62,1169.0
2026-08-17 02:30:00,4374.82,4375.05,4366.99,4368.17,1493.0
2026-08-17 02:45:00,4368.18,4373.67,4368.13,4370.2,1344.0
2026-08-17 03:00:00,4370.36,4379.42,4367.98,4378.78,2243.0
2026-08-17 03:15:00,4378.68,4390.79,4378.37,4389.8,2055.0
2026-08-17 03:30:00,4389.75,4397.28,4387.47,4395.69,1876.0
2026-08-17 03:45:00,4395.7,4402.1,4394.16,4400.72,2052.0
2026-08-17 04:00:00,4400.66,4411.65,4399.06,4409.25,3261.0
2026-08-17 04:15:00,4409.22,4416.33,4406.22,4406.97,2729.0
2026-08-17 04:30:00,4407.11,4407.94,4397.49,4403.66,2674.0
2026-08-17 04:45:00,4403.39,4403.78,4392.01,4395.63,2415.0
2026-08-17 05:00:00,4395.57,4398.1,4392.55,4394.22,2101.0
2026-08-17 05:15:00,4394.23,4397.35,4389.87,4395.32,1688.0
2026-08-17 05:30:00,4395.42,4398.0,4389.79,4392.88,2368.0
2026-08-17 05:45:00,4392.94,4393.34,4388.35,4393.13,1918.0
2026-08-17 06:00:00,4393.17,4394.88,4388.55,4390.22,1778.0
2026-08-17 06:15:00,4390.33,4393.44,4388.02,4392.88,1526.0
2026-08-17 06:30:00,4392.91,4397.06,4391.09,4395.07,1459.0
2026-08-17 06:45:00,4395.06,4397.58,4392.83,4397.0,1215.0
2026-08-17 07:00:00,4397.1,4399.46,4396.42,4398.29,1425.0
2026-08-17 07:15:00,4398.3,4398.79,4390.18,4390.9,1283.0
2026-08-17 07:30:00,4390.87,4396.52,4388.82,4395.66,1324.0
2026-08-17 07:45:00,4395.6,4397.81,4389.79,4390.69,1207.0
2026-08-17 08:00:00,4390.62,4393.13,4386.86,4387.64,1414.0
2026-08-17 08:15:00,4387.65,4399.31,4386.86,4399.31,1541.0
2026-08-17 08:30:00,4399.33,4401.17,4392.15,4395.62,2412.0
2026-08-17 08:45:00,4395.81,4397.39,4392.25,4394.67,1923.0
2026-08-17 09:00:00,4394.65,4398.03,4392.64,4396.71,2208.0
2026-08-17 09:15:00,4396.58,4399.95,4392.6,4398.35,1970.0
2026-08-17 09:30:00,4398.36,4398.59,4393.57,4396.01,1953.0
2026-08-17 09:45:00,4396.15,4404.4,4396.13,4403.0,2179.0
2026-08-17 10:00:00,4402.93,4403.98,4396.0,4396.38,2039.0
2026-08-17 10:15:00,4396.39,4405.03,4396.08,4404.76,1909.0
2026-08-17 10:30:00,4404.87,4411.35,4404.66,4409.23,2116.0
2026-08-17 10:45:00,4409.27,4409.87,4403.5,4405.17,1624.0
2026-08-17 11:00:00,4404.96,4404.96,4397.5,4402.7,1977.0
2026-08-17 11:15:00,4402.68,4403.7,4400.31,4401.76,1508.0
2026-08-17 11:30:00,4401.88,4402.05,4395.86,4396.19,1484.0
2026-08-17 11:45:00,4396.2,4396.8,4392.45,4394.94,1366.0
2026-08-17 12:00:00,4395.13,4400.51,4393.23,4399.02,1390.0
2026-08-17 12:15:00,4399.03,4399.85,4395.55,4396.76,1409.0
2026-08-17 12:30:00,4396.89,4397.39,4393.53,4394.16,1549.0
2026-08-17 12:45:00,4394.12,4395.71,4392.46,4395.42,1412.0
2026-08-17 13:00:00,4395.5,4396.21,4393.11,4395.85,1249.0
2026-08-17 13:15:00,4395.83,4405.51,4391.82,4405.34,1473.0
2026-08-17 13:30:00,4405.01,4405.72,4395.32,4398.08,2169.0
2026-08-17 13:45:00,4398.13,4399.41,4396.18,4398.87,1317.0
2026-08-17 14:00:00,4399.05,4403.79,4397.84,4399.62,1528.0
2026-08-17 14:15:00,4399.82,4404.62,4396.97,4403.38,1587.0
2026-08-17 14:30:00,4403.66,4404.87,4399.05,4399.44,1609.0
2026-08-17 14:45:00,4399.49,4400.53,4395.25,4396.62,1347.0
2026-08-17 15:00:00,4396.6,4397.44,4391.53,4393.82,1880.0
2026-08-17 15:15:00,4393.68,4398.68,4382.66,4385.69,2267.0
2026-08-17 15:30:00,4385.67,4390.14,4378.31,4378.31,2692.0
2026-08-17 15:45:00,4378.15,4386.3,4377.2,4384.81,2375.0
2026-08-17 16:00:00,4384.94,4389.38,4381.72,4386.27,2852.0
2026-08-17 16:15:00,4386.36,4388.72,4382.18,4386.17,2252.0
2026-08-17 16:30:00,4386.39,4391.87,4384.69,4385.6,3209.0
2026-08-17 16:45:00,4385.58,4416.14,4384.47,4408.69,3585.0
2026-08-17 17:00:00,4408.7,4412.71,4403.73,4412.32,3318.0
2026-08-17 17:15:00,4412.24,4427.51,4411.76,4418.14,3483.0
2026-08-17 17:30:00,4418.15,4424.58,4416.42,4417.22,2991.0
2026-08-17 17:45:00,4417.32,4420.85,4413.91,4417.12,2753.0
2026-08-17 18:00:00,4417.19,4422.19,4415.01,4421.14,2635.0
2026-08-17 18:15:00,4421.15,4425.9,4419.39,4425.41,2705.0
2026-08-17 18:30:00,4425.49,4426.24,4418.72,4419.09,2527.0
2026-08-17 18:45:00,4419.1,4427.69,4417.55,4427.41,2219.0
2026-08-17 19:00:00,4427.4,4428.73,4423.94,4425.87,2121.0
2026-08-17 19:15:00,4425.94,4427.46,4422.78,4424.68,1978.0
2026-08-17 19:30:00,4424.81,4426.87,4422.51,4424.52,1722.0
2026-08-17 19:45:00,4424.46,4425.43,4422.47,4424.08,1695.0
2026-08-17 20:00:00,4424.07,4425.96,4421.03,4422.73,2005.0
2026-08-17 20:15:00,4422.86,4423.06,4413.23,4416.49,2392.0
2026-08-17 20:30:00,4416.4,4418.21,4411.04,4417.28,2363.0
2026-08-17 20:45:00,4417.23,4420.39,4413.12,4413.54,1909.0
2026-08-17 21:00:00,4413.56,4414.37,4410.03,4413.64,2136.0
2026-08-17 21:15:00,4413.76,4416.16,4404.68,4406.06,2200.0
2026-08-17 21:30:00,4406.16,4406.72,4398.06,4401.28,2149.0
2026-08-17 21:45:00,4401.36,4407.37,4400.05,4406.55,1426.0
2026-08-17 22:00:00,4406.42,4408.48,4400.17,4408.42,1736.0
2026-08-17 22:15:00,4408.44,4417.36,4408.44,4414.37,1891.0
2026-08-17 22:30:00,4414.38,4420.34,4414.06,4419.27,1562.0
2026-08-17 22:45:00,4419.19,4420.86,4416.47,4419.69,1970.0
2026-08-17 23:00:00,4419.8,4421.25,4416.49,4417.63,885.0
2026-08-17 23:15:00,4417.65,4417.97,4414.79,4415.01,521.0
2026-08-17 23:30:00,4414.92,4415.83,4414.45,4415.39,560.0
2026-08-17 23:45:00,4415.3,4416.6,4414.95,4416.3,457.0
2026-08-18 01:00:00,4419.17,4419.34,4414.88,4416.59,930.0
2026-08-18 01:15:00,4416.62,4417.16,4411.85,4412.35,832.0
2026-08-18 01:30:00,4412.26,4415.51,4411.53,4414.46,835.0
2026-08-18 01:45:00,4414.43,4416.18,4410.42,4411.68,698.0
2026-08-18 02:00:00,4411.84,4414.79,4409.68,4414.67,829.0
2026-08-18 02:15:00,4414.83,4421.73,4414.8,4420.17,1003.0
2026-08-18 02:30:00,4419.99,4422.64,4419.87,4422.47,1061.0
2026-08-18 02:45:00,4422.5,4425.93,4421.49,4425.83,1234.0
2026-08-18 03:00:00,4426.07,4429.61,4418.89,4421.66,2097.0
2026-08-18 03:15:00,4421.65,4431.42,4420.82,4431.27,2276.0
2026-08-18 03:30:00,4430.94,4433.38,4428.15,4429.44,1788.0
2026-08-18 03:45:00,4429.63,4434.87,4428.43,4434.58,1685.0
2026-08-18 04:00:00,4434.4,4436.0,4428.5,4429.13,3115.0
2026-08-18 04:15:00,4429.12,4430.69,4420.01,4424.8,2548.0
2026-08-18 04:30:00,4424.86,4426.04,4411.76,4411.76,2200.0
2026-08-18 04:45:00,4411.81,4412.12,4404.18,4407.91,3027.0
2026-08-18 05:00:00,4407.95,4408.28,4398.17,4400.91,2480.0
2026-08-18 05:15:00,4400.77,4405.36,4400.17,4402.23,1780.0
2026-08-18 05:30:00,4402.24,4402.7,4394.13,4394.86,2371.0
2026-08-18 05:45:00,4394.98,4400.35,4394.19,4399.82,1986.0
2026-08-18 06:00:00,4399.7,4404.03,4398.85,4401.47,2123.0
2026-08-18 06:15:00,4401.51,4402.08,4394.26,4397.07,1945.0
2026-08-18 06:30:00,4397.08,4397.08,4394.35,4394.71,1610.0
2026-08-18 06:45:00,4394.64,4394.95,4390.5,4391.77,1498.0
2026-08-18 07:00:00,4391.81,4392.64,4389.65,4392.19,1529.0
2026-08-18 07:15:00,4392.18,4393.51,4390.61,4392.3,1330.0
2026-08-18 07:30:00,4392.31,4394.21,4388.93,4393.36,1549.0
2026-08-18 07:45:00,4393.39,4395.34,4392.07,4393.5,1209.0
2026-08-18 08:00:00,4393.37,4394.08,4390.81,4391.22,1410.0
2026-08-18 08:15:00,4391.17,4395.97,4391.11,4391.33,1303.0
2026-08-18 08:30:00,4391.31,4393.89,4385.95,4393.59,2367.0
2026-08-18 08:45:00,4393.83,4397.52,4392.93,4394.29,1876.0
2026-08-18 09:00:00,4394.26,4395.26,4387.54,4395.24,2319.0
2026-08-18 09:15:00,4395.21,4399.73,4393.58,4399.36,1942.0
2026-08-18 09:30:00,4399.33,4400.03,4395.07,4397.08,1547.0
2026-08-18 09:45:00,4397.2,4399.27,4397.18,4398.75,1404.0
2026-08-18 10:00:00,4398.62,4400.8,4396.74,4397.5,1731.0
2026-08-18 10:15:00,4397.47,4403.22,4397.37,4402.99,1525.0
2026-08-18 10:30:00,4403.0,4403.56,4396.28,4401.42,1788.0
2026-08-18 10:45:00,4401.41,4402.61,4395.35,4395.6,1506.0
2026-08-18 11:00:00,4395.85,4396.11,4387.86,4392.59,2039.0
2026-08-18 11:15:00,4392.51,4393.38,4386.78,4389.23,1920.0
2026-08-18 11:30:00,4389.24,4398.46,4389.02,4396.52,1868.0
2026-08-18 11:45:00,4396.51,4396.84,4391.41,4393.21,1534.0
2026-08-18 12:00:00,4393.09,4393.75,4390.98,4392.6,1606.0
2026-08-18 12:15:00,4392.54,4392.66,4388.56,4389.27,1525.0
2026-08-18 12:30:00,4389.28,4394.84,4387.14,4388.35,1795.0
2026-08-18 12:45:00,4388.26,4394.83,4386.88,4393.19,1451.0
2026-08-18 13:00:00,4393.22,4395.71,4392.24,4394.42,1396.0
2026-08-18 13:15:00,4394.61,4396.02,4389.67,4391.92,1165.0
2026-08-18 13:30:00,4391.96,4398.49,4391.6,4398.47,1207.0
2026-08-18 13:45:00,4398.48,4399.45,4396.36,4397.52,1107.0
2026-08-18 14:00:00,4397.53,4398.62,4391.93,4393.44,1387.0
2026-08-18 14:15:00,4393.45,4394.57,4389.63,4389.99,1441.0
2026-08-18 14:30:00,4390.0,4392.39,4388.47,4390.84,1522.0
2026-08-18 14:45:00,4390.9,4396.68,4389.71,4395.87,1415.0
2026-08-18 15:00:00,4395.86,4396.92,4389.52,4393.1,1962.0
2026-08-18 15:15:00,4393.2,4400.62,4391.42,4395.13,2078.0
2026-08-18 15:30:00,4395.22,4397.97,4390.97,4392.04,2043.0
2026-08-18 15:45:00,4392.18,4396.86,4390.65,4394.08,1836.0
2026-08-18 16:00:00,4394.06,4397.25,4388.34,4395.68,2737.0
2026-08-18 16:15:00,4395.7,4396.0,4388.07,4388.7,2638.0
2026-08-18 16:30:00,4388.69,4406.41,4376.26,4400.98,4173.0
2026-08-18 16:45:00,4401.1,4402.06,4389.33,4394.47,3660.0
2026-08-18 17:00:00,4394.48,4406.41,4391.09,4393.09,3607.0
2026-08-18 17:15:00,4393.22,4404.74,4392.19,4394.07,3232.0
2026-08-18 17:30:00,4394.12,4396.13,4377.7,4379.45,3561.0
2026-08-18 17:45:00,4379.5,4388.8,4363.56,4366.4,3745.0
2026-08-18 18:00:00,4366.43,4377.34,4358.89,4359.96,4020.0
2026-08-18 18:15:00,4359.95,4365.16,4351.53,4354.84,3796.0
2026-08-18 18:30:00,4354.6,4362.17,4354.49,4358.51,3467.0
2026-08-18 18:45:00,4358.5,4366.42,4358.5,4364.66,2846.0
2026-08-18 19:00:00,4364.7,4371.49,4364.7,4367.61,2413.0
2026-08-18 19:15:00,4367.6,4369.52,4363.42,4364.03,2310.0
2026-08-18 19:30:00,4364.13,4368.45,4362.95,4367.2,2207.0
2026-08-18 19:45:00,4367.28,4368.67,4362.94,4363.8,2122.0
2026-08-18 20:00:00,4363.69,4367.01,4363.51,4366.85,2176.0
2026-08-18 20:15:00,4366.95,4368.25,4363.04,4365.29,2245.0
2026-08-18 20:30:00,4365.13,4366.01,4358.56,4358.56,2176.0
2026-08-18 20:45:00,4358.59,4360.35,4356.63,4357.62,1835.0
2026-08-18 21:00:00,4357.7,4357.97,4352.62,4357.66,2011.0
2026-08-18 21:15:00,4357.67,4360.84,4355.57,4360.1,1915.0
2026-08-18 21:30:00,4360.22,4360.45,4353.38,4354.13,1702.0
2026-08-18 21:45:00,4354.23,4355.79,4352.75,4354.13,1554.0
2026-08-18 22:00:00,4354.14,4358.24,4353.92,4356.91,1583.0
2026-08-18 22:15:00,4356.87,4358.59,4352.35,4354.65,1679.0
2026-08-18 22:30:00,4354.69,4357.55,4349.68,4349.72,1834.0
2026-08-18 22:45:00,4349.81,4353.05,4338.33,4345.51,2954.0
2026-08-18 23:00:00,4345.53,4346.41,4340.66,4341.94,1428.0
2026-08-18 23:15:00,4341.87,4342.25,4333.44,4337.77,1244.0
2026-08-18 23:30:00,4337.81,4339.44,4331.61,4332.13,1012.0
2026-08-18 23:45:00,4331.94,4335.16,4329.05,4334.65,1256.0
2026-08-19 01:00:00,4339.4,4343.72,4333.83,4341.19,1226.0
2026-08-19 01:15:00,4341.48,4342.47,4333.87,4336.23,1712.0
2026-08-19 01:30:00,4336.24,4336.51,4332.87,4333.79,1136.0
2026-08-19 01:45:00,4333.78,4335.6,4333.07,4333.72,1005.0
2026-08-19 02:00:00,4333.94,4338.27,4332.63,4334.04,1389.0
2026-08-19 02:15:00,4334.03,4337.3,4329.88,4330.36,1586.0
2026-08-19 02:30:00,4330.33,4332.58,4327.1,4329.78,1654.0
2026-08-19 02:45:00,4329.91,4334.2,4329.46,4332.99,1465.0
2026-08-19 03:00:00,4332.94,4344.87,4331.48,4342.95,2547.0
2026-08-19 03:15:00,4342.9,4346.14,4339.16,4342.82,2291.0
2026-08-19 03:30:00,4342.8,4347.19,4339.66,4343.63,2091.0
2026-08-19 03:45:00,4343.64,4344.69,4337.08,4338.04,2302.0
2026-08-19 04:00:00,4337.93,4343.82,4324.54,4343.66,3573.0
2026-08-19 04:15:00,4343.74,4346.1,4332.96,4342.27,3113.0
2026-08-19 04:30:00,4342.31,4357.47,4342.31,4355.44,2743.0
2026-08-19 04:45:00,4355.42,4356.56,4350.51,4356.4,2308.0
2026-08-19 05:00:00,4356.58,4357.11,4351.59,4353.51,2017.0
2026-08-19 05:15:00,4353.58,4361.93,4352.5,4359.58,2056.0
2026-08-19 05:30:00,4359.85,4360.1,4353.97,4355.04,2381.0
2026-08-19 05:45:00,4355.17,4357.01,4351.4,4354.75,2146.0
2026-08-19 06:00:00,4354.74,4355.98,4351.83,4354.41,1933.0
2026-08-19 06:15:00,4354.4,4357.72,4351.75,4356.97,1619.0
2026-08-19 06:30:00,4357.05,4360.24,4355.83,4358.37,1159.0
2026-08-19 06:45:00,4358.44,4358.72,4354.67,4354.83,935.0
2026-08-19 07:00:00,4354.99,4356.07,4352.89,4354.54,849.0
2026-08-19 07:15:00,4354.5,4354.82,4350.03,4351.04,1265.0
2026-08-19 07:30:00,4351.18,4351.92,4344.86,4346.5,1255.0
2026-08-19 07:45:00,4346.38,4348.4,4343.83,4348.34,1132.0
2026-08-19 08:00:00,4348.35,4350.53,4338.76,4338.76,1607.0
2026-08-19 08:15:00,4338.82,4345.17,4336.56,4345.09,1484.0
2026-08-19 08:30:00,4345.24,4345.24,4336.63,4342.14,2668.0
2026-08-19 08:45:00,4342.1,4342.11,4334.79,4335.5,2234.0
2026-08-19 09:00:00,4335.21,4341.68,4335.21,4337.31,2628.0
2026-08-19 09:15:00,4337.3,4348.18,4336.75,4343.06,2429.0
2026-08-19 09:30:00,4343.08,4345.46,4337.08,4341.75,2329.0
2026-08-19 09:45:00,4341.76,4349.28,4340.65,4348.9,2336.0
2026-08-19 10:00:00,4349.26,4353.33,4347.34,4350.41,1860.0
2026-08-19 10:15:00,4350.38,4356.96,4347.4,4356.65,1844.0
2026-08-19 10:30:00,4356.48,4363.01,4352.67,4354.33,1801.0
2026-08-19 10:45:00,4354.32,4357.52,4354.13,4354.69,1534.0
2026-08-19 11:00:00,4355.15,4362.68,4351.0,4361.45,2256.0
2026-08-19 11:15:00,4361.46,4362.33,4357.21,4360.86,1818.0
2026-08-19 11:30:00,4360.76,4362.98,4356.4,4362.49,1701.0
2026-08-19 11:45:00,4362.38,4363.11,4354.7,4355.58,1656.0
2026-08-19 12:00:00,4355.51,4359.69,4354.94,4356.19,1825.0
2026-08-19 12:15:00,4356.15,4357.31,4353.38,4356.47,1685.0
2026-08-19 12:30:00,4356.4,4360.92,4355.31,4358.7,1625.0
2026-08-19 12:45:00,4358.67,4361.84,4357.92,4361.78,1576.0
2026-08-19 13:00:00,4361.83,4364.15,4359.49,4363.61,1635.0
2026-08-19 13:15:00,4363.62,4368.96,4363.46,4368.62,1687.0
2026-08-19 13:30:00,4368.78,4369.37,4365.82,4367.89,1310.0
2026-08-19 13:45:00,4367.95,4369.39,4366.14,4367.11,1103.0
2026-08-19 14:00:00,4367.16,4373.97,4367.16,4373.18,1710.0
2026-08-19 14:15:00,4373.26,4373.93,4368.74,4370.77,1384.0
2026-08-19 14:30:00,4370.84,4371.57,4363.11,4363.49,1645.0
2026-08-19 14:45:00,4363.44,4367.5,4363.38,4364.53,1555.0
2026-08-19 15:00:00,4364.55,4370.54,4362.02,4368.21,1872.0
2026-08-19 15:15:00,4368.18,4373.47,4365.91,4369.26,2165.0
2026-08-19 15:30:00,4369.23,4420.66,4368.55,4417.46,4567.0
2026-08-19 15:45:00,4417.6,4442.22,4411.31,4438.67,4401.0
2026-08-19 16:00:00,4438.66,4460.75,4424.41,4456.14,4505.0
2026-08-19 16:15:00,4456.27,4464.12,4454.88,4458.06,4136.0
2026-08-19 16:30:00,4458.15,4466.11,4442.26,4460.48,4651.0
2026-08-19 16:45:00,4460.3,4463.16,4445.03,4459.72,4228.0
2026-08-19 17:00:00,4459.69,4475.47,4455.19,4473.75,4111.0
2026-08-19 17:15:00,4473.58,4487.68,4470.07,4485.88,4027.0
2026-08-19 17:30:00,4485.9,4498.55,4483.86,4489.44,3767.0
2026-08-19 17:45:00,4489.45,4489.52,4477.99,4488.04,3685.0
2026-08-19 18:00:00,4488.06,4488.2,4479.71,4485.12,3426.0
2026-08-19 18:15:00,4485.33,4487.76,4478.12,4483.54,3215.0
2026-08-19 18:30:00,4483.4,4492.35,4480.12,4490.16,2987.0
2026-08-19 18:45:00,4490.15,4493.91,4488.54,4493.71,2721.0
2026-08-19 19:00:00,4493.77,4498.91,4491.1,4497.56,2758.0
2026-08-19 19:15:00,4497.67,4499.17,4490.48,4491.04,2572.0
2026-08-19 19:30:00,4491.05,4496.29,4490.51,4495.0,2505.0
2026-08-19 19:45:00,4495.03,4497.67,4493.1,4493.1,2512.0
2026-08-19 20:00:00,4493.23,4498.87,4488.84,4492.52,2848.0
2026-08-19 20:15:00,4492.4,4492.62,4486.04,4487.88,2706.0
2026-08-19 20:30:00,4487.99,4491.53,4484.28,4488.61,2271.0
2026-08-19 20:45:00,4488.49,4489.4,4484.28,4486.86,1953.0
2026-08-19 21:00:00,4486.96,4496.33,4485.55,4487.92,3127.0
2026-08-19 21:15:00,4487.89,4487.89,4472.74,4475.27,2762.0
2026-08-19 21:30:00,4475.36,4491.53,4472.05,4490.27,2815.0
2026-08-19 21:45:00,4490.32,4496.6,4489.33,4495.03,2275.0
2026-08-19 22:00:00,4495.04,4505.57,4494.37,4503.15,2751.0
2026-08-19 22:15:00,4503.17,4507.55,4502.5,4506.98,2451.0
2026-08-19 22:30:00,4506.86,4510.54,4502.73,4506.95,2594.0
2026-08-19 22:45:00,4506.87,4512.1,4505.17,4511.09,2823.0
2026-08-19 23:00:00,4511.18,4511.98,4505.16,4506.73,1502.0
2026-08-19 23:15:00,4506.74,4521.92,4506.3,4518.65,1596.0
2026-08-19 23:30:00,4518.43,4523.49,4517.97,4519.33,1376.0
2026-08-19 23:45:00,4519.35,4524.14,4519.35,4522.93,1172.0
2026-08-20 01:00:00,4515.93,4527.33,4515.93,4519.74,1981.0
2026-08-20 01:15:00,4519.77,4521.33,4518.92,4520.74,1103.0
2026-08-20 01:30:00,4520.76,4521.86,4517.59,4518.45,1200.0
2026-08-20 01:45:00,4518.37,4521.83,4516.28,4518.72,1010.0
2026-08-20 02:00:00,4518.73,4523.58,4517.28,4519.32,1579.0
2026-08-20 02:15:00,4519.15,4520.1,4515.33,4517.56,1249.0
2026-08-20 02:30:00,4517.71,4518.1,4513.63,4514.26,1193.0
2026-08-20 02:45:00,4514.37,4517.22,4511.22,4511.64,1273.0
2026-08-20 03:00:00,4511.39,4518.49,4510.19,4516.06,2673.0
2026-08-20 03:15:00,4516.17,4521.15,4508.52,4510.19,2463.0
2026-08-20 03:30:00,4510.1,4513.06,4503.78,4505.92,2071.0
2026-08-20 03:45:00,4505.94,4510.34,4503.89,4504.54,2270.0
2026-08-20 04:00:00,4504.55,4510.19,4491.66,4493.13,3511.0
2026-08-20 04:15:00,4493.26,4503.16,4493.12,4500.47,2988.0
2026-08-20 04:30:00,4500.38,4501.08,4493.33,4493.77,3055.0
2026-08-20 04:45:00,4493.72,4495.42,4484.33,4489.58,2659.0
2026-08-20 05:00:00,4489.44,4499.53,4488.5,4497.66,2912.0
2026-08-20 05:15:00,4497.61,4497.68,4489.4,4492.72,1919.0
2026-08-20 05:30:00,4492.31,4494.31,4490.05,4490.48,2333.0
2026-08-20 05:45:00,4490.35,4494.63,4488.83,4490.64,2055.0
2026-08-20 06:00:00,4490.73,4496.91,4488.03,4492.63,2253.0
2026-08-20 06:15:00,4492.58,4496.44,4490.41,4493.44,1998.0
2026-08-20 06:30:00,4493.24,4498.61,4492.23,4497.83,1672.0
2026-08-20 06:45:00,4497.7,4500.89,4496.84,4498.64,1482.0
2026-08-20 07:00:00,4498.68,4499.08,4494.89,4496.36,1413.0
2026-08-20 07:15:00,4496.28,4497.06,4489.76,4489.88,1457.0
2026-08-20 07:30:00,4489.9,4490.79,4486.25,4487.04,1541.0
2026-08-20 07:45:00,4486.87,4491.51,4486.87,4488.48,1285.0
2026-08-20 08:00:00,4488.46,4493.9,4484.12,4485.46,1523.0
2026-08-20 08:15:00,4485.47,4486.91,4483.05,4483.1,1533.0
2026-08-20 08:30:00,4482.99,4485.94,4477.82,4480.56,2238.0
2026-08-20 08:45:00,4480.59,4483.1,4477.78,4481.19,1890.0
2026-08-20 09:00:00,4481.23,4493.27,4479.93,4492.67,2199.0
2026-08-20 09:15:00,4492.69,4495.82,4491.74,4494.01,2043.0
2026-08-20 09:30:00,4493.92,4495.2,4491.69,4492.28,1762.0
2026-08-20 09:45:00,4492.33,4495.18,4491.09,4493.74,1833.0
2026-08-20 10:00:00,4493.62,4493.87,4487.16,4487.79,2051.0
2026-08-20 10:15:00,4487.78,4490.35,4483.57,4483.89,1807.0
2026-08-20 10:30:00,4484.04,4493.29,4483.4,4491.03,2197.0
2026-08-20 10:45:00,4490.9,4493.83,4488.27,4490.82,1824.0
2026-08-20 11:00:00,4490.72,4495.1,4490.52,4494.2,2213.0
2026-08-20 11:15:00,4494.28,4498.59,4489.96,4491.3,2127.0
2026-08-20 11:30:00,4491.25,4495.24,4487.03,4490.46,2266.0
2026-08-20 11:45:00,4490.44,4491.45,4488.21,4488.64,341.0
