timestamp,open,high,low,close,volume
2026-03-23 17:30:00,4486.36,4504.28,4456.69,4461.65,11324.0
2026-03-23 18:00:00,4462.0,4486.69,4427.78,4447.39,11281.0
2026-03-23 18:30:00,4446.99,4455.79,4351.2,4363.71,11397.0
2026-03-23 19:00:00,4363.68,4390.12,4352.53,4354.79,11410.0
2026-03-23 19:30:00,4355.1,4391.48,4353.65,4375.37,11041.0
2026-03-23 20:00:00,4375.62,4413.64,4370.95,4405.2,10686.0
2026-03-23 20:30:00,4405.33,4438.76,4404.03,4426.3,9920.0
2026-03-23 21:00:00,4426.19,4430.59,4402.3,4425.91,9945.0
2026-03-23 21:30:00,4425.67,4466.89,4425.44,4448.96,9431.0
2026-03-23 22:00:00,4448.66,4450.47,4393.04,4410.47,9489.0
2026-03-23 22:30:00,4410.28,4427.34,4397.1,4398.17,9524.0
2026-03-23 23:00:00,4397.61,4412.98,4382.9,4407.04,6028.0
2026-03-23 23:30:00,4407.02,4412.86,4396.02,4406.68,3906.0
2026-03-24 01:00:00,4419.48,4420.59,4360.96,4414.42,6777.0
2026-03-24 01:30:00,4414.27,4431.28,4398.42,4426.84,5639.0
2026-03-24 02:00:00,4426.18,4448.14,4423.49,4441.75,5372.0
2026-03-24 02:30:00,4441.74,4445.99,4421.74,4441.03,5738.0
2026-03-24 03:00:00,4440.85,4446.33,4368.73,4377.83,8668.0
2026-03-24 03:30:00,4378.23,4387.17,4331.34,4364.76,9750.0
2026-03-24 04:00:00,4364.54,4374.01,4328.34,4354.69,10959.0
2026-03-24 04:30:00,4354.3,4368.2,4308.07,4321.97,10399.0
2026-03-24 05:00:00,4322.01,4353.62,4305.92,4351.91,10147.0
2026-03-24 05:30:00,4352.2,4379.14,4344.56,4365.99,9887.0
2026-03-24 06:00:00,4366.01,4368.17,4350.06,4364.55,8326.0
2026-03-24 06:30:00,4364.49,4364.9,4335.0,4347.03,7163.0
2026-03-24 07:00:00,4346.88,4357.05,4326.49,4339.39,6725.0
2026-03-24 07:30:00,4339.37,4349.13,4331.93,4333.32,5705.0
2026-03-24 08:00:00,4333.27,4346.63,4319.7,4335.26,7812.0
2026-03-24 08:30:00,4334.81,4374.21,4321.14,4347.2,9831.0
2026-03-24 09:00:00,4347.24,4396.68,4342.89,4386.94,9755.0
2026-03-24 09:30:00,4386.25,4404.9,4373.1,4402.04,9505.0
2026-03-24 10:00:00,4401.13,4425.18,4399.72,4412.5,9494.0
2026-03-24 10:30:00,4412.44,4432.54,4399.88,4417.46,9010.0
2026-03-24 11:00:00,4417.22,4420.86,4391.18,4396.43,9669.0
2026-03-24 11:30:00,4396.42,4414.43,4391.66,4411.94,8490.0
2026-03-24 12:00:00,4411.98,4419.08,4395.91,4407.04,8035.0
2026-03-24 12:30:00,4407.02,4430.92,4404.86,4426.31,7065.0
2026-03-24 13:00:00,4426.69,4432.71,4415.04,4422.18,7194.0
2026-03-24 13:30:00,4422.08,4441.57,4414.65,4438.38,7441.0
2026-03-24 14:00:00,4438.48,4441.84,4375.22,4413.13,9442.0
2026-03-24 14:30:00,4413.0,4431.52,4390.39,4407.87,8400.0
2026-03-24 15:00:00,4407.84,4427.3,4395.75,4402.17,9202.0
2026-03-24 15:30:00,4401.77,4406.26,4362.11,4378.85,10170.0
2026-03-24 16:00:00,4378.99,4389.76,4356.95,4356.95,10586.0
2026-03-24 16:30:00,4355.95,4383.5,4351.39,4381.42,11248.0
2026-03-24 17:00:00,4381.44,4414.84,4380.66,4409.13,11019.0
2026-03-24 17:30:00,4408.97,4433.7,4400.32,4415.83,11038.0
2026-03-24 18:00:00,4415.14,4420.56,4396.19,4412.7,10679.0
2026-03-24 18:30:00,4412.69,4430.75,4409.21,4411.67,9893.0
2026-03-24 19:00:00,4411.54,4425.57,4402.5,4420.96,9411.0
2026-03-24 19:30:00,4421.01,4427.47,4408.67,4421.3,8834.0
2026-03-24 20:00:00,4421.31,4426.39,4388.23,4399.89,10625.0
2026-03-24 20:30:00,4397.87,4398.9,4372.23,4388.49,10210.0
2026-03-24 21:00:00,4388.47,4409.86,4383.96,4407.15,9445.0
2026-03-24 21:30:00,4407.17,4423.29,4384.27,4389.5,9420.0
2026-03-24 22:00:00,4389.45,4411.29,4388.59,4407.41,7703.0
2026-03-24 22:30:00,4407.49,4407.52,4395.22,4400.29,7895.0
2026-03-24 23:00:00,4400.31,4483.95,4397.29,4455.47,6046.0
2026-03-24 23:30:00,4455.56,4481.62,4447.63,4476.85,8888.0
2026-03-25 01:00:00,4469.09,4485.18,4467.98,4470.02,5835.0
2026-03-25 01:30:00,4470.08,4484.42,4455.92,4484.26,5866.0
2026-03-25 02:00:00,4484.29,4509.98,4472.26,4509.98,6407.0
2026-03-25 02:30:00,4509.99,4551.55,4504.27,4546.63,7970.0
2026-03-25 03:00:00,4546.66,4556.83,4537.36,4553.77,7807.0
2026-03-25 03:30:00,4553.68,4571.85,4546.7,4563.33,6680.0
2026-03-25 04:00:00,4563.25,4578.45,4552.37,4575.34,8813.0
2026-03-25 04:30:00,4575.39,4600.93,4574.14,4594.72,7436.0
2026-03-25 05:00:00,4594.81,4596.14,4579.93,4587.01,6511.0
2026-03-25 05:30:00,4587.23,4602.36,4581.3,4583.63,7140.0
2026-03-25 06:00:00,4583.62,4586.11,4571.81,4575.21,6460.0
2026-03-25 06:30:00,4575.24,4577.72,4567.67,4569.97,4497.0
2026-03-25 07:00:00,4569.92,4574.4,4565.65,4574.09,3876.0
2026-03-25 07:30:00,4574.03,4574.28,4566.11,4572.36,2997.0
2026-03-25 08:00:00,4572.74,4573.23,4553.76,4554.58,4448.0
2026-03-25 08:30:00,4554.48,4566.7,4548.7,4555.55,7282.0
2026-03-25 09:00:00,4555.57,4556.8,4533.01,4550.11,7340.0
2026-03-25 09:30:00,4550.27,4556.63,4543.09,4545.36,6044.0
2026-03-25 10:00:00,4545.03,4563.15,4544.63,4560.83,5489.0
2026-03-25 10:30:00,4560.9,4560.9,4536.99,4539.29,6310.0
2026-03-25 11:00:00,4539.38,4567.52,4535.79,4565.42,7253.0
2026-03-25 11:30:00,4565.43,4567.3,4553.13,4556.01,6902.0
2026-03-25 12:00:00,4556.04,4567.42,4554.24,4558.39,5925.0
2026-03-25 12:30:00,4558.21,4560.13,4527.7,4551.68,6735.0
2026-03-25 13:00:00,4551.81,4560.76,4551.19,4555.17,5605.0
2026-03-25 13:30:00,4555.37,4562.33,4551.04,4558.75,5130.0
2026-03-25 14:00:00,4558.73,4582.73,4555.96,4579.76,5107.0
2026-03-25 14:30:00,4579.77,4585.36,4572.31,4578.76,6189.0
2026-03-25 15:00:00,4578.83,4583.47,4540.09,4545.33,8465.0
2026-03-25 15:30:00,4544.59,4554.47,4522.17,4544.05,8546.0
2026-03-25 16:00:00,4543.89,4571.08,4541.11,4568.76,8426.0
2026-03-25 16:30:00,4569.07,4576.34,4540.85,4544.52,10825.0
2026-03-25 17:00:00,4544.76,4562.46,4533.04,4562.37,10276.0
2026-03-25 17:30:00,4562.6,4579.1,4557.44,4566.9,9410.0
2026-03-25 18:00:00,4567.02,4568.54,4525.05,4560.64,9892.0
2026-03-25 18:30:00,4560.55,4565.66,4553.55,4558.87,8405.0
2026-03-25 19:00:00,4558.92,4564.73,4545.08,4555.22,9074.0
2026-03-25 19:30:00,4555.26,4560.78,4549.76,4555.26,7763.0
2026-03-25 20:00:00,4555.15,4558.22,4542.61,4553.41,7631.0
2026-03-25 20:30:00,4553.39,4563.83,4545.66,4550.73,6986.0
2026-03-25 21:00:00,4550.6,4568.91,4545.47,4551.82,7734.0
2026-03-25 21:30:00,4551.81,4557.69,4530.74,4538.21,6880.0
2026-03-25 22:00:00,4538.09,4539.45,4486.81,4513.12,8846.0
2026-03-25 22:30:00,4513.01,4533.62,4506.22,4530.88,7344.0
2026-03-25 23:00:00,4530.83,4542.0,4522.18,4523.51,4182.0
2026-03-25 23:30:00,4523.55,4524.84,4494.74,4505.45,4274.0
2026-03-26 01:00:00,4525.84,4532.08,4505.46,4511.53,5717.0
2026-03-26 01:30:00,4511.85,4534.48,4508.13,4517.47,4619.0
2026-03-26 02:00:00,4517.55,4518.04,4497.02,4505.3,4720.0
2026-03-26 02:30:00,4505.3,4510.88,4489.0,4498.13,4595.0
2026-03-26 03:00:00,4498.09,4535.28,4498.09,4525.4,6432.0
2026-03-26 03:30:00,4525.06,4539.15,4524.62,4535.56,5434.0
2026-03-26 04:00:00,4535.44,4543.9,4526.7,4534.34,7594.0
2026-03-26 04:30:00,4534.26,4537.7,4522.36,4535.42,6465.0
2026-03-26 05:00:00,4535.52,4535.74,4524.84,4528.09,5698.0
2026-03-26 05:30:00,4527.2,4530.53,4505.62,4508.74,6298.0
2026-03-26 06:00:00,4508.67,4513.47,4499.96,4506.47,6021.0
2026-03-26 06:30:00,4506.56,4518.67,4506.34,4516.54,4012.0
2026-03-26 07:00:00,4516.58,4521.87,4511.47,4520.68,3170.0
2026-03-26 07:30:00,4520.85,4524.16,4516.45,4520.38,3266.0
2026-03-26 08:00:00,4520.57,4522.11,4489.05,4493.38,5284.0
2026-03-26 08:30:00,4493.35,4495.53,4438.93,4438.98,8770.0
2026-03-26 09:00:00,4439.01,4450.48,4415.81,4440.23,9108.0
2026-03-26 09:30:00,4439.65,4459.32,4430.73,4456.22,7517.0
2026-03-26 10:00:00,4456.25,4460.43,4438.88,4448.59,6477.0
2026-03-26 10:30:00,4448.19,4463.68,4447.67,4452.59,6597.0
2026-03-26 11:00:00,4452.54,4459.08,4425.06,4428.23,8394.0
2026-03-26 11:30:00,4428.16,4440.08,4412.91,4427.88,8932.0
2026-03-26 12:00:00,4427.73,4436.96,4418.24,4432.29,8133.0
2026-03-26 12:30:00,4432.31,4432.31,4414.56,4423.59,7830.0
2026-03-26 13:00:00,4423.65,4448.09,4417.04,4441.81,6942.0
2026-03-26 13:30:00,4441.78,4447.51,4423.43,4442.97,7006.0
2026-03-26 14:00:00,4443.54,4456.38,4439.45,4443.23,6502.0
2026-03-26 14:30:00,4443.32,4451.89,4419.01,4423.0,7572.0
2026-03-26 15:00:00,4423.04,4445.69,4416.61,4437.48,8192.0
2026-03-26 15:30:00,4437.38,4444.77,4428.33,4430.17,8041.0
2026-03-26 16:00:00,4429.43,4453.57,4420.23,4448.21,8850.0
2026-03-26 16:30:00,4447.09,4460.36,4429.24,4452.79,10708.0
2026-03-26 17:00:00,4452.83,4469.69,4437.33,4459.05,10061.0
2026-03-26 17:30:00,4459.04,4479.36,4445.98,4464.98,10647.0
2026-03-26 18:00:00,4465.02,4469.04,4448.97,4454.39,9555.0
2026-03-26 18:30:00,4454.5,4454.5,4434.21,4438.23,9297.0
2026-03-26 19:00:00,4438.14,4442.66,4387.28,4396.59,9365.0
2026-03-26 19:30:00,4396.44,4396.44,4367.13,4389.24,10126.0
2026-03-26 20:00:00,4389.23,4402.52,4377.21,4383.21,9433.0
2026-03-26 20:30:00,4383.77,4393.01,4377.56,4381.42,8044.0
2026-03-26 21:00:00,4381.24,4390.5,4367.66,4374.17,8470.0
2026-03-26 21:30:00,4374.22,4397.8,4373.41,4394.48,7354.0
2026-03-26 22:00:00,4394.53,4399.26,4378.42,4380.64,6832.0
2026-03-26 22:30:00,4380.69,4388.27,4359.16,4364.06,8121.0
2026-03-26 23:00:00,4363.87,4416.09,4351.07,4404.57,8645.0
2026-03-26 23:30:00,4404.64,4420.7,4372.62,4380.67,7608.0
2026-03-27 01:00:00,4386.99,4408.05,4374.24,4398.19,5545.0
2026-03-27 01:30:00,4398.17,4415.23,4395.01,4411.47,2842.0
2026-03-27 02:00:00,4411.09,4414.38,4389.92,4399.18,3413.0
2026-03-27 02:30:00,4399.23,4407.87,4396.04,4404.93,3132.0
2026-03-27 03:00:00,4405.04,4410.94,4382.51,4391.06,4314.0
2026-03-27 03:30:00,4391.03,4396.35,4375.48,4378.52,5422.0
2026-03-27 04:00:00,4378.64,4406.45,4377.05,4406.38,6403.0
2026-03-27 04:30:00,4406.33,4420.29,4403.53,4417.25,5939.0
2026-03-27 05:00:00,4417.28,4439.39,4417.01,4430.75,5467.0
2026-03-27 05:30:00,4430.86,4440.43,4424.72,4431.91,5375.0
2026-03-27 06:00:00,4431.77,4436.77,4421.06,4435.13,4893.0
2026-03-27 06:30:00,4434.92,4446.1,4430.68,4437.46,4065.0
2026-03-27 07:00:00,4437.66,4439.61,4431.35,4434.06,2605.0
2026-03-27 07:30:00,4434.05,4449.34,4433.93,4446.15,2553.0
2026-03-27 08:00:00,4445.84,4447.48,4440.28,4443.19,3469.0
2026-03-27 08:30:00,4443.2,4474.91,4442.77,4454.36,7110.0
2026-03-27 09:00:00,4454.31,4472.74,4451.63,4463.13,6184.0
2026-03-27 09:30:00,4463.47,4468.41,4454.42,4459.51,4859.0
2026-03-27 10:00:00,4459.26,4462.88,4447.7,4452.13,4495.0
2026-03-27 10:30:00,4452.02,4455.88,4442.73,4447.53,4602.0
2026-03-27 11:00:00,4447.03,4450.61,4430.49,4433.75,6492.0
2026-03-27 11:30:00,4433.86,4439.85,4423.58,4424.02,5864.0
2026-03-27 12:00:00,4424.01,4436.09,4420.61,4434.31,6204.0
2026-03-27 12:30:00,4434.3,4438.12,4426.98,4428.73,4833.0
2026-03-27 13:00:00,4428.74,4432.81,4423.82,4429.01,4963.0
2026-03-27 13:30:00,4428.95,4430.13,4411.03,4414.63,5887.0
2026-03-27 14:00:00,4414.73,4417.13,4404.24,4415.19,6351.0
2026-03-27 14:30:00,4415.27,4426.18,4413.64,4419.91,5145.0
2026-03-27 15:00:00,4419.68,4434.28,4412.55,4429.57,6536.0
2026-03-27 15:30:00,4429.55,4445.06,4424.57,4437.75,6385.0
2026-03-27 16:00:00,4437.76,4443.67,4418.24,4422.24,8220.0
2026-03-27 16:30:00,4422.22,4441.38,4413.64,4431.08,9832.0
2026-03-27 17:00:00,4430.9,4469.77,4430.57,4455.25,10073.0
2026-03-27 17:30:00,4454.7,4514.56,4451.77,4509.72,10068.0
2026-03-27 18:00:00,4509.7,4555.34,4501.66,4543.24,10576.0
2026-03-27 18:30:00,4543.43,4552.52,4520.51,4523.92,9898.0
2026-03-27 19:00:00,4524.07,4533.66,4518.14,4528.32,8031.0
2026-03-27 19:30:00,4528.34,4528.75,4505.41,4516.02,7888.0
2026-03-27 20:00:00,4516.05,4521.91,4486.97,4494.13,8624.0
2026-03-27 20:30:00,4494.07,4499.96,4486.48,4486.64,7438.0
2026-03-27 21:00:00,4486.78,4511.25,4486.71,4509.21,7729.0
2026-03-27 21:30:00,4509.2,4528.54,4508.55,4516.77,6677.0
2026-03-27 22:00:00,4516.63,4524.07,4507.27,4522.7,5986.0
2026-03-27 22:30:00,4522.93,4526.17,4500.69,4514.26,7324.0
2026-03-27 23:00:00,4514.33,4519.85,4504.39,4506.76,3883.0
2026-03-27 23:30:00,4506.59,4512.68,4491.32,4495.33,3324.0
2026-03-30 01:00:00,4506.29,4514.68,4465.67,4509.04,8568.0
2026-03-30 01:30:00,4509.24,4512.85,4480.7,4484.39,5722.0
2026-03-30 02:00:00,4484.33,4492.47,4465.15,4472.24,5357.0
2026-03-30 02:30:00,4472.23,4472.23,4441.2,4448.56,7078.0
2026-03-30 03:00:00,4448.87,4466.51,4419.44,4448.93,9233.0
2026-03-30 03:30:00,4448.89,4458.96,4430.31,4432.07,7765.0
2026-03-30 04:00:00,4431.93,4466.41,4431.93,4448.46,9312.0
2026-03-30 04:30:00,4448.67,4475.47,4445.24,4469.37,8182.0
2026-03-30 05:00:00,4469.21,4474.35,4465.22,4472.66,5825.0
2026-03-30 05:30:00,4472.86,4499.04,4458.91,4481.1,7405.0
2026-03-30 06:00:00,4480.84,4517.33,4478.73,4506.85,7582.0
2026-03-30 06:30:00,4506.87,4507.52,4494.28,4495.9,4542.0
2026-03-30 07:00:00,4495.91,4498.49,4486.82,4490.5,4334.0
2026-03-30 07:30:00,4490.53,4498.59,4486.14,4496.83,3692.0
2026-03-30 08:00:00,4496.82,4515.51,4496.78,4505.29,4994.0
2026-03-30 08:30:00,4505.35,4528.43,4503.2,4522.29,6719.0
2026-03-30 09:00:00,4522.34,4535.1,4516.93,4528.37,6957.0
2026-03-30 09:30:00,4528.34,4550.45,4526.09,4532.27,6396.0
2026-03-30 10:00:00,4532.32,4534.47,4520.57,4522.71,6337.0
2026-03-30 10:30:00,4522.68,4527.88,4515.88,4527.23,5949.0
2026-03-30 11:00:00,4527.13,4536.92,4524.91,4528.65,5872.0
2026-03-30 11:30:00,4528.52,4540.36,4528.48,4538.18,4717.0
2026-03-30 12:00:00,4538.26,4540.57,4523.49,4527.53,5575.0
2026-03-30 12:30:00,4527.57,4538.35,4523.69,4532.25,5090.0
2026-03-30 13:00:00,4533.08,4539.9,4527.68,4531.22,4379.0
2026-03-30 13:30:00,4531.2,4535.55,4528.05,4532.33,4386.0
2026-03-30 14:00:00,4532.49,4547.9,4525.48,4543.37,5819.0
2026-03-30 14:30:00,4543.85,4580.53,4538.6,4559.46,8081.0
2026-03-30 15:00:00,4559.5,4568.12,4545.26,4565.98,6818.0
2026-03-30 15:30:00,4565.97,4577.9,4563.61,4569.25,6444.0
2026-03-30 16:00:00,4569.47,4578.54,4558.89,4567.37,7367.0
2026-03-30 16:30:00,4567.19,4573.78,4516.57,4523.17,10278.0
2026-03-30 17:00:00,4523.26,4535.79,4512.43,4518.85,9451.0
2026-03-30 17:30:00,4518.81,4541.04,4517.37,4538.44,9540.0
2026-03-30 18:00:00,4538.61,4543.33,4524.61,4531.45,8179.0
2026-03-30 18:30:00,4531.41,4556.64,4527.5,4548.21,8094.0
2026-03-30 19:00:00,4548.04,4549.57,4536.62,4536.82,7505.0
2026-03-30 19:30:00,4536.75,4548.79,4532.37,4539.82,6861.0
2026-03-30 20:00:00,4539.7,4542.14,4519.3,4527.58,7537.0
2026-03-30 20:30:00,4527.53,4528.38,4511.47,4514.95,7824.0
2026-03-30 21:00:00,4514.88,4523.05,4511.41,4513.72,6733.0
2026-03-30 21:30:00,4513.79,4519.34,4498.24,4498.91,5850.0
2026-03-30 22:00:00,4498.89,4504.89,4492.94,4501.6,7326.0
2026-03-30 22:30:00,4501.61,4518.29,4498.07,4513.44,7395.0
2026-03-30 23:00:00,4513.37,4516.36,4502.03,4505.85,3001.0
2026-03-30 23:30:00,4506.44,4508.31,4500.95,4508.06,1826.0
2026-03-31 01:00:00,4512.48,4523.81,4502.15,4514.54,2707.0
2026-03-31 01:30:00,4514.84,4518.82,4508.26,4510.81,1684.0
2026-03-31 02:00:00,4510.76,4510.76,4492.47,4505.26,3469.0
2026-03-31 02:30:00,4505.25,4521.33,4503.58,4513.55,3225.0
2026-03-31 03:00:00,4513.54,4528.21,4482.64,4511.89,7064.0
2026-03-31 03:30:00,4512.27,4548.01,4506.73,4547.65,7914.0
2026-03-31 04:00:00,4547.21,4585.66,4532.07,4581.41,8511.0
2026-03-31 04:30:00,4581.69,4619.42,4577.48,4604.92,9304.0
2026-03-31 05:00:00,4604.97,4607.28,4578.68,4582.57,6923.0
2026-03-31 05:30:00,4582.53,4588.4,4565.58,4568.12,7532.0
2026-03-31 06:00:00,4567.95,4576.96,4555.76,4561.56,6243.0
2026-03-31 06:30:00,4561.6,4565.74,4550.11,4557.07,4176.0
2026-03-31 07:00:00,4557.05,4568.84,4557.05,4561.31,3871.0
2026-03-31 07:30:00,4561.32,4568.87,4560.07,4564.64,3768.0
2026-03-31 08:00:00,4564.27,4570.56,4547.58,4561.28,4942.0
2026-03-31 08:30:00,4561.27,4581.63,4558.55,4568.71,6798.0
2026-03-31 09:00:00,4568.73,4568.87,4553.24,4560.66,6886.0
2026-03-31 09:30:00,4560.65,4565.52,4554.26,4557.03,5696.0
2026-03-31 10:00:00,4557.1,4563.9,4543.57,4552.13,6210.0
2026-03-31 10:30:00,4552.02,4565.61,4551.85,4564.38,5207.0
2026-03-31 11:00:00,4564.15,4573.16,4560.39,4572.28,6368.0
2026-03-31 11:30:00,4572.25,4575.2,4567.16,4568.54,5353.0
2026-03-31 12:00:00,4568.74,4572.28,4561.21,4562.12,5110.0
2026-03-31 12:30:00,4562.11,4562.32,4550.24,4555.45,5775.0
2026-03-31 13:00:00,4555.15,4561.71,4555.06,4560.4,4318.0
2026-03-31 13:30:00,4560.38,4560.68,4529.5,4546.92,6217.0
2026-03-31 14:00:00,4546.9,4583.23,4541.06,4575.12,8252.0
2026-03-31 14:30:00,4575.08,4593.08,4568.66,4582.22,8247.0
2026-03-31 15:00:00,4582.88,4597.48,4571.33,4579.27,8959.0
2026-03-31 15:30:00,4579.32,4589.71,4569.17,4574.71,6959.0
2026-03-31 16:00:00,4575.29,4587.79,4567.79,4573.09,7664.0
2026-03-31 16:30:00,4572.87,4609.68,4568.29,4607.32,9553.0
2026-03-31 17:00:00,4607.33,4625.16,4602.24,4618.82,10331.0
2026-03-31 17:30:00,4618.98,4629.88,4594.9,4599.01,10181.0
2026-03-31 18:00:00,4598.98,4625.3,4598.98,4610.16,9449.0
2026-03-31 18:30:00,4610.12,4623.56,4607.08,4609.38,8422.0
2026-03-31 19:00:00,4609.41,4619.91,4606.96,4617.72,7408.0
2026-03-31 19:30:00,4617.7,4651.59,4615.06,4638.11,9927.0
2026-03-31 20:00:00,4638.15,4658.05,4636.31,4648.59,10019.0
2026-03-31 20:30:00,4648.6,4667.21,4645.4,4654.58,9604.0
2026-03-31 21:00:00,4654.46,4668.82,4653.61,4664.38,8257.0
2026-03-31 21:30:00,4665.02,4670.99,4659.95,4667.41,7166.0
2026-03-31 22:00:00,4667.3,4681.12,4661.71,4672.7,7372.0
2026-03-31 22:30:00,4672.72,4685.51,4672.28,4682.64,7671.0
2026-03-31 23:00:00,4682.81,4687.05,4669.02,4669.48,4317.0
2026-03-31 23:30:00,4669.5,4675.37,4664.73,4668.18,3184.0
2026-04-01 01:00:00,4671.35,4686.56,4662.84,4674.49,3767.0
2026-04-01 01:30:00,4674.56,4696.57,4661.63,4680.65,4696.0
2026-04-01 02:00:00,4680.79,4684.3,4671.87,4682.37,3428.0
2026-04-01 02:30:00,4682.36,4699.59,4681.84,4696.24,4478.0
2026-04-01 03:00:00,4696.25,4721.68,4693.42,4721.47,6875.0
2026-04-01 03:30:00,4721.55,4722.38,4700.0,4710.77,5707.0
2026-04-01 04:00:00,4710.78,4724.0,4689.42,4708.13,8623.0
2026-04-01 04:30:00,4708.12,4708.24,4681.24,4692.6,7303.0
2026-04-01 05:00:00,4693.15,4700.41,4683.38,4687.67,5351.0
2026-04-01 05:30:00,4687.16,4690.14,4678.05,4684.32,5601.0
2026-04-01 06:00:00,4684.33,4693.97,4682.53,4687.1,4656.0
2026-04-01 06:30:00,4687.08,4688.61,4679.55,4681.78,3564.0
2026-04-01 07:00:00,4681.76,4681.92,4666.96,4672.26,3819.0
2026-04-01 07:30:00,4672.52,4681.43,4669.0,4676.22,3138.0
2026-04-01 08:00:00,4676.25,4689.79,4674.77,4686.18,4163.0
2026-04-01 08:30:00,4686.3,4703.3,4683.79,4684.1,5798.0
2026-04-01 09:00:00,4684.16,4711.25,4682.6,4709.19,6559.0
2026-04-01 09:30:00,4709.18,4732.98,4702.19,4730.47,7284.0
2026-04-01 10:00:00,4730.62,4732.51,4713.0,4722.96,6646.0
2026-04-01 10:30:00,4722.95,4747.57,4709.54,4712.91,7630.0
2026-04-01 11:00:00,4712.77,4735.72,4710.37,4730.58,6745.0
2026-04-01 11:30:00,4730.53,4740.25,4726.22,4728.52,5651.0
2026-04-01 12:00:00,4728.56,4730.1,4713.88,4719.35,5407.0
2026-04-01 12:30:00,4719.31,4727.67,4713.09,4723.09,5094.0
2026-04-01 13:00:00,4723.1,4729.16,4715.23,4728.19,4799.0
2026-04-01 13:30:00,4728.12,4738.62,4726.02,4731.19,4586.0
2026-04-01 14:00:00,4731.18,4746.14,4728.22,4745.01,5073.0
2026-04-01 14:30:00,4745.31,4762.93,4744.8,4752.42,6019.0
2026-04-01 15:00:00,4752.3,4753.45,4724.49,4736.4,6418.0
2026-04-01 15:30:00,4735.61,4753.43,4724.24,4724.62,8272.0
2026-04-01 16:00:00,4724.65,4742.13,4716.21,4736.02,8073.0
2026-04-01 16:30:00,4736.39,4749.49,4730.75,4738.04,10012.0
2026-04-01 17:00:00,4734.52,4754.81,4724.09,4742.11,9887.0
2026-04-01 17:30:00,4742.0,4768.6,4734.91,4760.65,9128.0
2026-04-01 18:00:00,4760.64,4776.33,4758.63,4772.85,8217.0
2026-04-01 18:30:00,4773.51,4788.03,4769.83,4786.41,7735.0
2026-04-01 19:00:00,4786.42,4790.61,4774.22,4776.41,7060.0
2026-04-01 19:30:00,4776.44,4788.51,4775.19,4787.15,5122.0
2026-04-01 20:00:00,4787.1,4792.66,4782.24,4785.09,5981.0
2026-04-01 20:30:00,4785.16,4786.0,4773.77,4774.29,5821.0
2026-04-01 21:00:00,4774.3,4775.16,4753.1,4753.88,8525.0
2026-04-01 21:30:00,4753.94,4765.86,4742.14,4752.93,8386.0
2026-04-01 22:00:00,4753.06,4769.15,4751.08,4765.44,6718.0
2026-04-01 22:30:00,4765.43,4778.12,4758.06,4766.05,7168.0
2026-04-01 23:00:00,4765.9,4770.98,4760.93,4762.01,3380.0
2026-04-01 23:30:00,4762.04,4763.65,4754.34,4756.62,2633.0
2026-04-02 01:00:00,4759.08,4775.09,4751.87,4772.73,3438.0
2026-04-02 01:30:00,4772.71,4782.77,4770.71,4776.35,3533.0
2026-04-02 02:00:00,4776.49,4798.8,4773.56,4794.81,3795.0
2026-04-02 02:30:00,4794.79,4800.29,4778.12,4784.0,3855.0
2026-04-02 03:00:00,4783.93,4798.63,4775.16,4789.62,5274.0
2026-04-02 03:30:00,4789.59,4796.03,4783.48,4784.58,5764.0
2026-04-02 04:00:00,4784.08,4786.61,4686.95,4697.0,11087.0
2026-04-02 04:30:00,4696.96,4711.7,4650.08,4696.55,10327.0
2026-04-02 05:00:00,4696.65,4704.09,4678.48,4689.94,8369.0
2026-04-02 05:30:00,4689.97,4691.07,4655.46,4686.76,8762.0
2026-04-02 06:00:00,4686.73,4699.2,4677.65,4691.45,5907.0
2026-04-02 06:30:00,4691.52,4692.37,4675.67,4676.15,3817.0
2026-04-02 07:00:00,4676.37,4681.39,4662.17,4666.09,3996.0
2026-04-02 07:30:00,4666.13,4673.26,4657.1,4672.51,3667.0
2026-04-02 08:00:00,4672.62,4680.39,4666.31,4677.14,3723.0
2026-04-02 08:30:00,4676.78,4678.99,4585.99,4594.12,9523.0
2026-04-02 09:00:00,4594.07,4598.77,4553.97,4591.1,8990.0
2026-04-02 09:30:00,4590.72,4608.5,4581.47,4599.12,7245.0
2026-04-02 10:00:00,4599.14,4627.36,4597.17,4620.46,5908.0
2026-04-02 10:30:00,4620.7,4650.99,4619.18,4642.52,5233.0
2026-04-02 11:00:00,4642.51,4648.62,4628.87,4634.29,5710.0
2026-04-02 11:30:00,4634.3,4643.69,4616.87,4620.7,5138.0
2026-04-02 12:00:00,4620.68,4631.78,4613.14,4620.9,4994.0
2026-04-02 12:30:00,4620.81,4628.28,4615.5,4621.66,4649.0
2026-04-02 13:00:00,4621.88,4634.98,4603.68,4618.46,5183.0
2026-04-02 13:30:00,4618.45,4631.08,4613.43,4620.47,5325.0
2026-04-02 14:00:00,4620.44,4630.53,4614.19,4614.8,5504.0
2026-04-02 14:30:00,4614.78,4617.55,4592.64,4600.0,6703.0
2026-04-02 15:00:00,4600.28,4630.17,4594.51,4626.43,7170.0
2026-04-02 15:30:00,4626.08,4626.72,4600.46,4601.57,6830.0
2026-04-02 16:00:00,4601.73,4613.91,4580.86,4597.41,9749.0
2026-04-02 16:30:00,4597.44,4651.33,4585.84,4646.18,10958.0
2026-04-02 17:00:00,4646.28,4675.9,4631.87,4665.32,10732.0
2026-04-02 17:30:00,4665.24,4699.35,4658.98,4681.35,11084.0
2026-04-02 18:00:00,4681.47,4683.97,4658.26,4672.31,10364.0
2026-04-02 18:30:00,4672.41,4675.89,4652.65,4660.96,9462.0
2026-04-02 19:00:00,4660.99,4668.34,4642.92,4650.52,8501.0
2026-04-02 19:30:00,4650.34,4670.56,4650.34,4659.11,8035.0
2026-04-02 20:00:00,4659.03,4668.27,4651.01,4651.76,7480.0
2026-04-02 20:30:00,4650.99,4658.55,4645.72,4648.66,6927.0
2026-04-02 21:00:00,4648.67,4658.78,4647.31,4651.56,6451.0
2026-04-02 21:30:00,4651.63,4671.99,4651.63,4668.47,5979.0
2026-04-02 22:00:00,4668.79,4681.76,4664.29,4665.12,6369.0
2026-04-02 22:30:00,4664.75,4676.44,4661.45,4671.95,5970.0
2026-04-02 23:00:00,4671.97,4676.69,4664.38,4667.79,3084.0
2026-04-02 23:30:00,4667.8,4676.22,4666.64,4675.28,2552.0
2026-04-06 01:00:00,4658.78,4678.96,4614.04,4636.16,7005.0
2026-04-06 01:30:00,4635.4,4653.83,4607.16,4645.74,6172.0
2026-04-06 02:00:00,4646.04,4651.09,4609.5,4609.78,5122.0
2026-04-06 02:30:00,4610.01,4619.41,4605.23,4610.75,5221.0
2026-04-06 03:00:00,4610.79,4629.22,4600.79,4603.24,7018.0
2026-04-06 03:30:00,4603.23,4626.16,4602.88,4622.19,5058.0
2026-04-06 04:00:00,4622.46,4643.08,4620.35,4641.09,5673.0
2026-04-06 04:30:00,4640.92,4641.26,4621.23,4625.88,5141.0
2026-04-06 05:00:00,4626.02,4671.78,4623.51,4660.93,6549.0
2026-04-06 05:30:00,4660.94,4666.33,4644.13,4647.86,5146.0
2026-04-06 06:00:00,4647.82,4647.87,4625.34,4630.24,5325.0
2026-04-06 06:30:00,4630.23,4641.91,4625.5,4640.39,4373.0
2026-04-06 07:00:00,4640.37,4648.47,4639.86,4646.48,3578.0
2026-04-06 07:30:00,4646.45,4659.7,4642.86,4658.93,2795.0
2026-04-06 08:00:00,4659.11,4678.57,4657.93,4667.14,3571.0
2026-04-06 08:30:00,4667.15,4668.77,4651.26,4652.41,3292.0
2026-04-06 09:00:00,4652.42,4662.15,4643.43,4657.24,4655.0
2026-04-06 09:30:00,4656.77,4667.73,4651.78,4665.94,4524.0
2026-04-06 10:00:00,4666.39,4666.62,4644.89,4650.67,5060.0
2026-04-06 10:30:00,4650.59,4688.18,4650.15,4684.66,5251.0
2026-04-06 11:00:00,4684.63,4695.71,4681.11,4691.28,5124.0
2026-04-06 11:30:00,4691.01,4698.1,4689.83,4695.81,3815.0
2026-04-06 12:00:00,4696.04,4703.64,4696.04,4702.29,4365.0
2026-04-06 12:30:00,4702.26,4706.35,4690.83,4693.51,4563.0
2026-04-06 13:00:00,4693.66,4697.48,4686.07,4689.66,4366.0
2026-04-06 13:30:00,4689.71,4696.71,4684.66,4689.62,4252.0
2026-04-06 14:00:00,4689.63,4696.59,4685.21,4688.42,4101.0
2026-04-06 14:30:00,4688.61,4694.38,4676.97,4677.86,3897.0
2026-04-06 15:00:00,4677.92,4686.67,4659.64,4665.99,5287.0
2026-04-06 15:30:00,4666.02,4681.03,4665.64,4675.77,5084.0
2026-04-06 16:00:00,4675.83,4677.33,4659.77,4668.51,5760.0
2026-04-06 16:30:00,4669.27,4681.75,4661.01,4679.79,9590.0
2026-04-06 17:00:00,4681.38,4690.51,4660.37,4686.2,9167.0
2026-04-06 17:30:00,4686.08,4697.51,4675.0,4682.76,8780.0
2026-04-06 18:00:00,4682.8,4683.89,4655.26,4667.3,7573.0
2026-04-06 18:30:00,4667.29,4670.97,4651.97,4667.98,5827.0
2026-04-06 19:00:00,4667.99,4672.42,4662.35,4665.51,4894.0
2026-04-06 19:30:00,4665.52,4671.06,4658.0,4660.35,5057.0
2026-04-06 20:00:00,4660.21,4660.99,4645.9,4656.07,6836.0
2026-04-06 20:30:00,4656.15,4660.05,4651.62,4653.49,5147.0
2026-04-06 21:00:00,4653.53,4666.4,4650.88,4660.14,6443.0
2026-04-06 21:30:00,4660.13,4663.33,4648.81,4658.29,5402.0
2026-04-06 22:00:00,4658.31,4659.39,4645.5,4650.1,4323.0
2026-04-06 22:30:00,4650.09,4657.97,4648.53,4655.28,3738.0
2026-04-06 23:00:00,4655.43,4657.94,4652.19,4655.85,1830.0
2026-04-06 23:30:00,4656.14,4658.29,4649.13,4649.62,1826.0
2026-04-07 01:00:00,4651.45,4667.82,4649.65,4662.12,3082.0
2026-04-07 01:30:00,4661.81,4662.98,4656.7,4658.3,1692.0
2026-04-07 02:00:00,4658.35,4661.01,4653.21,4654.41,1732.0
2026-04-07 02:30:00,4653.72,4660.3,4651.4,4658.72,1967.0
2026-04-07 03:00:00,4658.67,4660.63,4649.07,4659.0,4487.0
2026-04-07 03:30:00,4659.01,4661.24,4654.41,4654.82,3189.0
2026-04-07 04:00:00,4654.13,4664.37,4627.92,4654.65,8769.0
2026-04-07 04:30:00,4654.09,4662.35,4616.18,4626.81,8452.0
2026-04-07 05:00:00,4626.98,4635.0,4619.57,4634.43,5450.0
2026-04-07 05:30:00,4634.42,4653.87,4633.61,4650.38,5755.0
2026-04-07 06:00:00,4650.35,4653.94,4639.48,4642.37,5701.0
2026-04-07 06:30:00,4642.4,4650.96,4641.91,4649.53,2693.0
2026-04-07 07:00:00,4649.52,4651.24,4645.5,4650.05,2974.0
2026-04-07 07:30:00,4650.03,4663.67,4649.59,4659.55,3633.0
2026-04-07 08:00:00,4659.57,4661.33,4630.26,4632.71,3601.0
2026-04-07 08:30:00,4632.18,4646.18,4623.17,4642.76,7405.0
2026-04-07 09:00:00,4643.32,4649.02,4637.83,4641.65,6252.0
2026-04-07 09:30:00,4654.86,4656.43,4652.91,4653.37,695.0
2026-04-07 10:00:00,4653.4,4656.93,4638.72,4639.46,5755.0
2026-04-07 10:30:00,4639.42,4647.09,4636.48,4645.98,4140.0
2026-04-07 11:00:00,4646.14,4690.77,4644.15,4678.29,8457.0
2026-04-07 11:30:00,4678.42,4687.58,4676.62,4682.81,6557.0
2026-04-07 12:00:00,4682.54,4694.44,4680.86,4686.62,5896.0
2026-04-07 12:30:00,4686.57,4686.76,4658.86,4670.86,6225.0
2026-04-07 13:00:00,4671.16,4680.65,4657.91,4668.05,6611.0
2026-04-07 13:30:00,4668.07,4671.87,4649.25,4652.01,7191.0
2026-04-07 14:00:00,4652.0,4656.16,4628.88,4647.79,6909.0
2026-04-07 14:30:00,4647.81,4664.1,4647.1,4659.66,5500.0
2026-04-07 15:00:00,4659.9,4670.67,4651.24,4665.88,7027.0
2026-04-07 15:30:00,4665.89,4667.3,4647.0,4651.48,6251.0
2026-04-07 16:00:00,4651.53,4662.89,4648.24,4658.06,7690.0
2026-04-07 16:30:00,4658.02,4663.16,4635.61,4644.01,9946.0
2026-04-07 17:00:00,4644.0,4649.36,4607.51,4645.12,10504.0
2026-04-07 17:30:00,4645.31,4661.32,4629.94,4633.21,9325.0
2026-04-07 18:00:00,4633.19,4653.21,4624.96,4652.99,9297.0
2026-04-07 18:30:00,4653.1,4659.46,4640.58,4655.47,7722.0
2026-04-07 19:00:00,4655.51,4668.52,4652.51,4662.71,8437.0
2026-04-07 19:30:00,4662.67,4664.02,4655.98,4656.97,6268.0
2026-04-07 20:00:00,4657.07,4673.03,4653.81,4660.13,6691.0
2026-04-07 20:30:00,4663.42,4686.26,4661.44,4675.79,6995.0
2026-04-07 21:00:00,4675.73,4685.97,4675.61,4680.43,5712.0
2026-04-07 21:30:00,4680.44,4686.19,4657.41,4662.1,6091.0
2026-04-07 22:00:00,4662.17,4702.62,4660.56,4687.55,8872.0
2026-04-07 22:30:00,4687.54,4718.71,4681.87,4700.71,9213.0
2026-04-07 23:00:00,4700.8,4712.91,4697.27,4710.24,5808.0
2026-04-07 23:30:00,4710.98,4716.84,4703.29,4706.0,5080.0
2026-04-08 01:00:00,4721.29,4752.01,4718.2,4735.4,5874.0
2026-04-08 01:30:00,4735.42,4819.55,4712.88,4818.12,9438.0
2026-04-08 02:00:00,4818.28,4828.97,4801.29,4814.64,8313.0
2026-04-08 02:30:00,4814.61,4836.07,4804.01,4833.37,6762.0
2026-04-08 03:00:00,4833.26,4857.34,4818.84,4822.67,8773.0
2026-04-08 03:30:00,4822.66,4826.32,4808.73,4817.53,6685.0
2026-04-08 04:00:00,4817.69,4825.15,4792.1,4793.98,8953.0
2026-04-08 04:30:00,4793.64,4814.14,4788.21,4810.16,7035.0
2026-04-08 05:00:00,4810.14,4825.09,4807.84,4811.55,5011.0
2026-04-08 05:30:00,4811.61,4820.59,4798.63,4803.96,5453.0
2026-04-08 06:00:00,4804.03,4805.76,4796.38,4803.07,4706.0
2026-04-08 06:30:00,4803.03,4804.92,4795.05,4797.42,3627.0
2026-04-08 07:00:00,4797.43,4803.71,4790.13,4802.11,4005.0
2026-04-08 07:30:00,4801.76,4806.41,4797.7,4803.49,2958.0
2026-04-08 08:00:00,4803.46,4816.32,4800.27,4815.55,4209.0
2026-04-08 08:30:00,4815.59,4843.61,4813.6,4827.43,6116.0
2026-04-08 09:00:00,4827.34,4836.46,4821.27,4836.43,5813.0
2026-04-08 09:30:00,4836.31,4839.5,4819.9,4819.9,5978.0
2026-04-08 10:00:00,4819.95,4821.11,4809.19,4818.33,5965.0
2026-04-08 10:30:00,4818.24,4820.27,4805.22,4813.36,5106.0
2026-04-08 11:00:00,4813.69,4819.73,4798.43,4808.44,5318.0
2026-04-08 11:30:00,4808.43,4808.43,4790.4,4793.69,5806.0
2026-04-08 12:00:00,4793.66,4806.48,4793.07,4798.37,4432.0
2026-04-08 12:30:00,4798.34,4803.59,4776.48,4783.14,5407.0
2026-04-08 13:00:00,4783.15,4790.27,4771.05,4782.47,4729.0
2026-04-08 13:30:00,4782.48,4796.0,4780.0,4782.47,4322.0
2026-04-08 14:00:00,4782.35,4796.83,4779.7,4789.71,5189.0
2026-04-08 14:30:00,4789.79,4802.65,4778.17,4798.32,5892.0
2026-04-08 15:00:00,4798.49,4807.03,4768.24,4783.96,7396.0
2026-04-08 15:30:00,4784.0,4802.47,4783.36,4799.58,6632.0
2026-04-08 16:00:00,4799.57,4806.6,4789.24,4790.4,7553.0
2026-04-08 16:30:00,4790.33,4794.72,4768.25,4777.69,10348.0
2026-04-08 17:00:00,4777.03,4791.99,4761.3,4767.65,9617.0
2026-04-08 17:30:00,4767.72,4770.13,4732.11,4736.0,10195.0
2026-04-08 18:00:00,4736.21,4757.47,4734.22,4750.74,9001.0
2026-04-08 18:30:00,4750.73,4762.93,4750.29,4756.35,7298.0
2026-04-08 19:00:00,4756.31,4762.44,4745.36,4749.86,7256.0
2026-04-08 19:30:00,4750.02,4765.48,4747.91,4760.42,5789.0
2026-04-08 20:00:00,4760.41,4764.31,4745.57,4750.98,6303.0
2026-04-08 20:30:00,4750.92,4754.33,4731.41,4733.81,6962.0
2026-04-08 21:00:00,4733.99,4744.3,4716.67,4722.42,7855.0
2026-04-08 21:30:00,4722.34,4724.91,4703.69,4705.31,8140.0
2026-04-08 22:00:00,4705.07,4718.42,4699.58,4708.54,7372.0
2026-04-08 22:30:00,4708.31,4731.76,4708.05,4730.63,7004.0
2026-04-08 23:00:00,4730.62,4732.15,4721.78,4723.11,3562.0
2026-04-08 23:30:00,4723.1,4724.43,4717.15,4719.49,2493.0
2026-04-09 01:00:00,4720.19,4733.16,4704.73,4713.49,3509.0
2026-04-09 01:30:00,4713.48,4720.13,4705.78,4717.57,2951.0
2026-04-09 02:00:00,4717.49,4717.49,4705.35,4709.87,2856.0
2026-04-09 02:30:00,4709.95,4719.85,4707.06,4715.65,2600.0
2026-04-09 03:00:00,4715.61,4715.64,4698.56,4706.35,5141.0
2026-04-09 03:30:00,4706.33,4719.16,4705.53,4706.76,4229.0
2026-04-09 04:00:00,4706.94,4723.36,4699.49,4704.88,7148.0
2026-04-09 04:30:00,4704.92,4728.19,4703.98,4727.27,5701.0
2026-04-09 05:00:00,4727.31,4728.76,4720.96,4725.35,4026.0
2026-04-09 05:30:00,4725.44,4732.82,4717.38,4718.87,4273.0
2026-04-09 06:00:00,4718.84,4720.12,4705.17,4712.51,4815.0
2026-04-09 06:30:00,4712.53,4714.88,4706.58,4711.47,3055.0
2026-04-09 07:00:00,4711.47,4723.24,4709.71,4716.77,2667.0
2026-04-09 07:30:00,4716.72,4725.21,4714.28,4720.77,2547.0
2026-04-09 08:00:00,4720.81,4726.45,4710.7,4726.17,3516.0
2026-04-09 08:30:00,4726.18,4726.48,4705.82,4713.13,5294.0
2026-04-09 09:00:00,4713.02,4725.28,4711.33,4718.21,5554.0
2026-04-09 09:30:00,4718.2,4722.89,4703.47,4712.34,6041.0
2026-04-09 10:00:00,4712.46,4730.34,4705.66,4708.44,6201.0
2026-04-09 10:30:00,4708.42,4731.26,4708.42,4724.29,6122.0
2026-04-09 11:00:00,4724.9,4727.74,4719.81,4721.33,4506.0
2026-04-09 11:30:00,4721.21,4732.85,4720.27,4726.08,4503.0
2026-04-09 12:00:00,4725.81,4733.11,4722.89,4729.59,4120.0
2026-04-09 12:30:00,4729.31,4732.45,4723.59,4729.13,3844.0
2026-04-09 13:00:00,4729.15,4739.75,4723.67,4738.06,4260.0
2026-04-09 13:30:00,4738.08,4746.62,4736.39,4741.08,4328.0
2026-04-09 14:00:00,4740.98,4747.4,4738.39,4745.74,3980.0
2026-04-09 14:30:00,4745.68,4757.23,4743.02,4756.49,4584.0
2026-04-09 15:00:00,4756.48,4759.57,4734.93,4737.96,5535.0
2026-04-09 15:30:00,4738.17,4747.88,4735.29,4745.84,6401.0
2026-04-09 16:00:00,4745.96,4758.58,4738.78,4752.6,7347.0
2026-04-09 16:30:00,4752.61,4777.02,4750.6,4764.27,9448.0
2026-04-09 17:00:00,4764.28,4776.18,4760.28,4765.56,9084.0
2026-04-09 17:30:00,4764.69,4768.76,4747.23,4768.52,8499.0
2026-04-09 18:00:00,4768.57,4785.89,4761.11,4778.83,8227.0
2026-04-09 18:30:00,4778.89,4797.88,4778.28,4792.73,9359.0
2026-04-09 19:00:00,4792.76,4800.99,4787.64,4792.67,7500.0
2026-04-09 19:30:00,4792.81,4795.44,4784.43,4788.79,6063.0
2026-04-09 20:00:00,4788.81,4798.27,4786.78,4792.66,5650.0
2026-04-09 20:30:00,4792.75,4801.02,4787.61,4797.77,5801.0
2026-04-09 21:00:00,4797.85,4798.03,4777.69,4782.04,7381.0
2026-04-09 21:30:00,4782.0,4782.11,4767.78,4772.01,6523.0
2026-04-09 22:00:00,4772.32,4782.55,4768.92,4773.5,5624.0
2026-04-09 22:30:00,4773.53,4777.96,4766.95,4768.7,5332.0
2026-04-09 23:00:00,4768.73,4773.31,4766.21,4769.89,2328.0
2026-04-09 23:30:00,4769.96,4771.43,4760.87,4764.76,2110.0
2026-04-10 01:00:00,4760.39,4780.35,4760.39,4764.38,2338.0
2026-04-10 01:30:00,4764.52,4767.39,4758.64,4764.13,2168.0
2026-04-10 02:00:00,4764.08,4764.15,4756.87,4758.23,1888.0
2026-04-10 02:30:00,4758.2,4764.16,4758.2,4763.63,2000.0
2026-04-10 03:00:00,4763.43,4763.43,4750.64,4753.63,4137.0
2026-04-10 03:30:00,4753.71,4763.17,4753.69,4762.94,2945.0
2026-04-10 04:00:00,4762.93,4767.04,4757.78,4762.37,5603.0
2026-04-10 04:30:00,4762.41,4777.08,4760.21,4764.46,5567.0
2026-04-10 05:00:00,4764.47,4765.39,4742.12,4744.41,5429.0
2026-04-10 05:30:00,4744.74,4753.43,4738.01,4752.88,5255.0
2026-04-10 06:00:00,4752.92,4761.89,4752.77,4755.97,4715.0
2026-04-10 06:30:00,4755.92,4769.44,4755.79,4766.52,3152.0
2026-04-10 07:00:00,4766.51,4770.69,4764.49,4765.48,1949.0
2026-04-10 07:30:00,4765.49,4765.61,4757.8,4758.48,2328.0
2026-04-10 08:00:00,4758.52,4763.76,4757.26,4759.32,2603.0
2026-04-10 08:30:00,4759.86,4769.05,4759.27,4765.76,4365.0
2026-04-10 09:00:00,4765.8,4765.8,4751.63,4755.33,4820.0
2026-04-10 09:30:00,4755.47,4758.39,4742.78,4746.34,5164.0
2026-04-10 10:00:00,4745.79,4755.93,4741.18,4753.52,4258.0
2026-04-10 10:30:00,4753.72,4757.37,4748.06,4749.45,3691.0
2026-04-10 11:00:00,4749.74,4753.13,4742.24,4746.82,4130.0
2026-04-10 11:30:00,4746.71,4752.14,4730.71,4740.66,4456.0
2026-04-10 12:00:00,4740.72,4760.62,4740.52,4748.81,5100.0
2026-04-10 12:30:00,4748.79,4753.02,4746.22,4751.53,4199.0
2026-04-10 13:00:00,4751.48,4760.49,4742.37,4758.14,4133.0
2026-04-10 13:30:00,4758.13,4759.66,4753.83,4757.27,3464.0
2026-04-10 14:00:00,4757.1,4762.38,4753.25,4761.58,3513.0
2026-04-10 14:30:00,4761.57,4768.62,4758.45,4768.05,3655.0
2026-04-10 15:00:00,4768.68,4771.13,4759.37,4762.73,5115.0
2026-04-10 15:30:00,4762.71,4782.19,4761.89,4771.81,7200.0
2026-04-10 16:00:00,4771.85,4779.99,4766.05,4775.69,6475.0
2026-04-10 16:30:00,4775.71,4778.6,4765.2,4775.0,8748.0
2026-04-10 17:00:00,4774.99,4792.68,4767.3,4790.51,8708.0
2026-04-10 17:30:00,4790.47,4794.93,4770.87,4774.7,8219.0
2026-04-10 18:00:00,4774.97,4787.32,4769.46,4776.05,6789.0
2026-04-10 18:30:00,4776.04,4778.3,4755.46,4762.25,8105.0
2026-04-10 19:00:00,4762.2,4765.03,4747.47,4758.1,6976.0
2026-04-10 19:30:00,4758.32,4766.03,4756.07,4763.72,5808.0
2026-04-10 20:00:00,4763.73,4768.54,4758.06,4762.87,5438.0
2026-04-10 20:30:00,4762.7,4765.5,4758.19,4760.12,4912.0
2026-04-10 21:00:00,4760.25,4769.33,4750.93,4765.92,5489.0
2026-04-10 21:30:00,4766.54,4773.21,4763.16,4765.22,4594.0
2026-04-10 22:00:00,4765.24,4769.56,4763.0,4763.45,3880.0
2026-04-10 22:30:00,4763.56,4765.31,4758.19,4759.51,5277.0
2026-04-10 23:00:00,4759.62,4759.83,4740.74,4745.3,3254.0
2026-04-10 23:30:00,4745.29,4752.26,4744.87,4748.53,2041.0
2026-04-13 01:00:00,4696.76,4706.46,4640.82,4646.97,7486.0
2026-04-13 01:30:00,4647.04,4660.43,4645.01,4659.03,4653.0
2026-04-13 02:00:00,4659.02,4660.61,4644.22,4653.44,4015.0
2026-04-13 02:30:00,4653.46,4671.67,4650.18,4671.36,3315.0
2026-04-13 03:00:00,4671.72,4675.96,4664.63,4672.85,4773.0
2026-04-13 03:30:00,4672.92,4698.59,4670.95,4695.56,4506.0
2026-04-13 04:00:00,4694.62,4721.49,4693.7,4717.27,6753.0
2026-04-13 04:30:00,4716.83,4727.95,4709.8,4721.16,5791.0
2026-04-13 05:00:00,4721.13,4725.69,4718.94,4719.86,4341.0
2026-04-13 05:30:00,4719.81,4727.79,4711.18,4720.44,5148.0
2026-04-13 06:00:00,4720.35,4721.58,4712.31,4718.87,3979.0
2026-04-13 06:30:00,4718.84,4723.83,4717.26,4718.06,2432.0
2026-04-13 07:00:00,4718.05,4718.44,4708.6,4712.58,2707.0
2026-04-13 07:30:00,4712.59,4724.82,4708.87,4722.97,2913.0
2026-04-13 08:00:00,4722.98,4726.03,4716.31,4720.67,3205.0
2026-04-13 08:30:00,4720.42,4730.71,4717.97,4729.27,4995.0
2026-04-13 09:00:00,4729.24,4731.8,4723.32,4731.51,5329.0
2026-04-13 09:30:00,4731.81,4732.61,4720.77,4725.56,4690.0
2026-04-13 10:00:00,4725.53,4738.54,4724.74,4730.67,4903.0
2026-04-13 10:30:00,4730.73,4739.92,4727.42,4733.61,4109.0
2026-04-13 11:00:00,4733.64,4738.56,4730.08,4731.98,4095.0
2026-04-13 11:30:00,4731.99,4736.25,4720.25,4723.28,4171.0
2026-04-13 12:00:00,4723.29,4728.42,4714.48,4715.2,4128.0
2026-04-13 12:30:00,4715.16,4719.84,4710.46,4714.54,3556.0
2026-04-13 13:00:00,4714.73,4718.79,4708.42,4712.34,3558.0
2026-04-13 13:30:00,4712.44,4723.85,4711.62,4722.11,3708.0
2026-04-13 14:00:00,4722.03,4729.02,4718.35,4720.92,4065.0
2026-04-13 14:30:00,4720.72,4722.27,4703.75,4706.56,5214.0
2026-04-13 15:00:00,4706.84,4720.2,4703.62,4710.5,5886.0
2026-04-13 15:30:00,4710.49,4725.05,4708.96,4723.43,5837.0
2026-04-13 16:00:00,4723.64,4737.33,4722.87,4733.32,7250.0
2026-04-13 16:30:00,4734.27,4744.41,4720.96,4730.46,9499.0
2026-04-13 17:00:00,4730.37,4731.07,4708.95,4715.35,9496.0
2026-04-13 17:30:00,4715.3,4723.37,4708.76,4719.03,8077.0
2026-04-13 18:00:00,4719.02,4719.77,4700.25,4703.68,8139.0
2026-04-13 18:30:00,4703.77,4718.1,4702.16,4714.46,6593.0
2026-04-13 19:00:00,4714.44,4733.95,4709.28,4730.3,7349.0
2026-04-13 19:30:00,4730.26,4746.25,4728.52,4732.92,8696.0
2026-04-13 20:00:00,4732.93,4750.0,4725.43,4742.98,6844.0
2026-04-13 20:30:00,4743.03,4747.35,4727.33,4729.91,5085.0
2026-04-13 21:00:00,4730.06,4732.9,4723.32,4727.31,5008.0
2026-04-13 21:30:00,4727.29,4740.6,4726.75,4738.33,5185.0
2026-04-13 22:00:00,4738.25,4743.91,4730.56,4743.18,4248.0
2026-04-13 22:30:00,4743.17,4747.36,4738.97,4741.21,5482.0
2026-04-13 23:00:00,4741.16,4744.04,4738.44,4739.32,2520.0
2026-04-13 23:30:00,4739.3,4741.66,4738.14,4741.04,1820.0
2026-04-14 01:00:00,4744.54,4756.29,4742.8,4748.6,2868.0
2026-04-14 01:30:00,4748.58,4759.42,4746.3,4757.95,1976.0
2026-04-14 02:00:00,4757.93,4765.54,4754.64,4755.34,2868.0
2026-04-14 02:30:00,4755.35,4761.53,4754.32,4757.54,2613.0
2026-04-14 03:00:00,4757.77,4767.59,4751.5,4762.35,4423.0
2026-04-14 03:30:00,4762.38,4775.59,4761.21,4769.73,4101.0
2026-04-14 04:00:00,4769.74,4776.84,4762.3,4770.2,6300.0
2026-04-14 04:30:00,4769.89,4773.72,4761.79,4764.85,5238.0
2026-04-14 05:00:00,4764.59,4772.36,4762.79,4768.76,3621.0
2026-04-14 05:30:00,4768.72,4776.98,4762.0,4775.09,4516.0
2026-04-14 06:00:00,4775.08,4775.52,4765.89,4768.3,3758.0
2026-04-14 06:30:00,4768.31,4771.92,4765.69,4767.7,2009.0
2026-04-14 07:00:00,4768.1,4776.6,4766.85,4775.82,1891.0
2026-04-14 07:30:00,4775.88,4776.17,4771.3,4774.06,1816.0
2026-04-14 08:00:00,4774.24,4774.24,4761.51,4764.59,3026.0
2026-04-14 08:30:00,4764.42,4767.15,4757.95,4759.86,5384.0
2026-04-14 09:00:00,4759.87,4769.59,4759.87,4767.66,3834.0
2026-04-14 09:30:00,4767.62,4782.91,4764.32,4781.91,4268.0
2026-04-14 10:00:00,4782.1,4796.02,4767.5,4772.55,6984.0
2026-04-14 10:30:00,4772.77,4780.66,4771.67,4777.17,4738.0
2026-04-14 11:00:00,4776.99,4786.46,4774.22,4785.88,4454.0
2026-04-14 11:30:00,4785.89,4789.9,4781.35,4786.62,4332.0
2026-04-14 12:00:00,4786.65,4789.24,4778.55,4778.56,4027.0
2026-04-14 12:30:00,4778.62,4782.22,4771.45,4778.19,4004.0
2026-04-14 13:00:00,4778.26,4787.97,4778.26,4783.79,3456.0
2026-04-14 13:30:00,4783.76,4784.44,4751.96,4768.32,4828.0
2026-04-14 14:00:00,4768.3,4782.88,4766.77,4778.15,4105.0
2026-04-14 14:30:00,4778.35,4782.79,4770.51,4774.88,4538.0
2026-04-14 15:00:00,4774.83,4777.5,4762.58,4769.05,5895.0
2026-04-14 15:30:00,4768.77,4776.16,4762.27,4771.23,6712.0
2026-04-14 16:00:00,4771.21,4792.41,4771.04,4782.84,7211.0
2026-04-14 16:30:00,4782.86,4803.49,4780.08,4794.53,9247.0
2026-04-14 17:00:00,4794.61,4810.66,4793.0,4809.3,8775.0
2026-04-14 17:30:00,4809.37,4817.77,4795.3,4803.78,7946.0
2026-04-14 18:00:00,4803.82,4805.69,4791.11,4802.35,7743.0
2026-04-14 18:30:00,4802.31,4816.1,4802.31,4808.05,6548.0
2026-04-14 19:00:00,4808.12,4819.26,4805.02,4816.34,6253.0
2026-04-14 19:30:00,4816.35,4820.19,4809.16,4810.18,5223.0
2026-04-14 20:00:00,4810.19,4833.49,4809.5,4825.69,6536.0
2026-04-14 20:30:00,4825.72,4841.4,4825.21,4835.09,5494.0
2026-04-14 21:00:00,4835.06,4843.31,4833.18,4837.76,5747.0
2026-04-14 21:30:00,4837.52,4839.12,4830.9,4835.59,4707.0
2026-04-14 22:00:00,4835.63,4842.41,4835.63,4840.6,4056.0
2026-04-14 22:30:00,4840.04,4846.14,4838.54,4844.88,5477.0
2026-04-14 23:00:00,4845.08,4846.18,4839.57,4840.35,2379.0
2026-04-14 23:30:00,4840.25,4843.18,4839.72,4840.59,1775.0
2026-04-15 01:00:00,4839.3,4850.76,4835.97,4839.99,3210.0
2026-04-15 01:30:00,4839.96,4843.08,4833.28,4835.06,1954.0
2026-04-15 02:00:00,4835.09,4843.72,4833.56,4835.78,2377.0
2026-04-15 02:30:00,4835.77,4843.97,4834.99,4837.13,2963.0
2026-04-15 03:00:00,4837.08,4839.89,4828.79,4833.44,4350.0
2026-04-15 03:30:00,4833.55,4837.42,4827.08,4835.33,3309.0
2026-04-15 04:00:00,4835.34,4871.39,4828.13,4850.78,7717.0
2026-04-15 04:30:00,4850.54,4851.46,4839.75,4847.0,5483.0
2026-04-15 05:00:00,4846.93,4853.34,4832.4,4834.58,5057.0
2026-04-15 05:30:00,4834.61,4835.32,4820.6,4823.87,7291.0
2026-04-15 06:00:00,4823.85,4827.87,4816.96,4826.39,5361.0
2026-04-15 06:30:00,4826.27,4829.49,4823.79,4823.94,2593.0
2026-04-15 07:00:00,4823.83,4826.54,4820.45,4824.5,2506.0
2026-04-15 07:30:00,4824.59,4827.68,4821.37,4824.79,2247.0
2026-04-15 08:00:00,4824.77,4830.43,4822.57,4826.06,3848.0
2026-04-15 08:30:00,4825.99,4827.78,4812.58,4819.73,5569.0
2026-04-15 09:00:00,4819.97,4824.87,4813.56,4814.63,5520.0
2026-04-15 09:30:00,4814.58,4822.06,4811.12,4811.59,5603.0
2026-04-15 10:00:00,4811.63,4816.83,4804.01,4812.73,5784.0
2026-04-15 10:30:00,4812.69,4815.85,4806.08,4811.07,4749.0
2026-04-15 11:00:00,4811.32,4814.27,4804.45,4809.93,4914.0
2026-04-15 11:30:00,4809.84,4820.92,4805.42,4818.35,4388.0
2026-04-15 12:00:00,4818.36,4819.38,4792.6,4797.97,6120.0
2026-04-15 12:30:00,4797.96,4803.69,4786.27,4798.04,5273.0
2026-04-15 13:00:00,4797.75,4802.92,4790.45,4794.98,5862.0
2026-04-15 13:30:00,4795.01,4805.14,4792.91,4799.93,5356.0
2026-04-15 14:00:00,4799.94,4806.94,4795.43,4804.84,4553.0
2026-04-15 14:30:00,4804.86,4814.9,4802.62,4812.54,5325.0
2026-04-15 15:00:00,4812.28,4816.06,4806.9,4812.65,5257.0
2026-04-15 15:30:00,4812.49,4816.01,4808.31,4811.51,4633.0
2026-04-15 16:00:00,4811.49,4821.86,4808.57,4821.69,7346.0
2026-04-15 16:30:00,4821.67,4830.08,4815.72,4828.8,8943.0
2026-04-15 17:00:00,4828.76,4830.42,4820.42,4825.17,7566.0
2026-04-15 17:30:00,4825.25,4825.61,4813.35,4815.48,7400.0
2026-04-15 18:00:00,4815.49,4816.06,4797.65,4798.21,7918.0
2026-04-15 18:30:00,4797.8,4807.4,4786.71,4801.5,7224.0
2026-04-15 19:00:00,4801.54,4812.48,4800.28,4811.12,5738.0
2026-04-15 19:30:00,4811.16,4811.74,4800.07,4803.89,6397.0
2026-04-15 20:00:00,4803.82,4808.61,4797.92,4801.82,5562.0
2026-04-15 20:30:00,4801.78,4802.61,4790.74,4792.48,5818.0
2026-04-15 21:00:00,4792.43,4800.63,4790.14,4794.62,6320.0
2026-04-15 21:30:00,4794.6,4801.99,4794.48,4799.73,4686.0
2026-04-15 22:00:00,4799.7,4803.23,4797.64,4802.97,4473.0
2026-04-15 22:30:00,4802.9,4802.9,4794.5,4795.71,5557.0
2026-04-15 23:00:00,4795.72,4796.5,4792.65,4793.76,2243.0
2026-04-15 23:30:00,4793.71,4793.71,4787.73,4791.09,1976.0
2026-04-16 01:00:00,4790.09,4802.08,4790.0,4801.04,2789.0
2026-04-16 01:30:00,4801.13,4811.89,4799.12,4807.55,2226.0
2026-04-16 02:00:00,4807.51,4815.75,4807.44,4814.95,2163.0
2026-04-16 02:30:00,4814.94,4826.6,4814.46,4823.33,2924.0
2026-04-16 03:00:00,4823.55,4831.05,4822.34,4824.69,3654.0
2026-04-16 03:30:00,4824.84,4837.49,4820.67,4833.02,3698.0
2026-04-16 04:00:00,4832.98,4836.19,4822.56,4823.55,5478.0
2026-04-16 04:30:00,4823.51,4825.48,4811.19,4817.83,5463.0
2026-04-16 05:00:00,4817.9,4824.85,4817.23,4818.98,4021.0
2026-04-16 05:30:00,4819.1,4821.32,4812.37,4819.61,5017.0
2026-04-16 06:00:00,4819.38,4827.01,4819.03,4823.78,2939.0
2026-04-16 06:30:00,4823.81,4826.58,4818.75,4824.04,2308.0
2026-04-16 07:00:00,4823.92,4830.0,4822.71,4826.36,2108.0
2026-04-16 07:30:00,4826.52,4833.34,4824.75,4833.0,1984.0
2026-04-16 08:00:00,4833.01,4838.15,4831.59,4833.22,3373.0
2026-04-16 08:30:00,4833.26,4833.74,4820.98,4821.19,5552.0
2026-04-16 09:00:00,4821.17,4827.72,4814.41,4816.16,5640.0
2026-04-16 09:30:00,4816.31,4830.52,4814.77,4825.93,6363.0
2026-04-16 10:00:00,4826.28,4830.83,4817.07,4828.09,5742.0
2026-04-16 10:30:00,4828.17,4830.06,4819.29,4820.9,3920.0
2026-04-16 11:00:00,4821.06,4821.79,4807.23,4811.43,5440.0
2026-04-16 11:30:00,4811.38,4814.6,4806.56,4813.68,4231.0
2026-04-16 12:00:00,4813.62,4817.87,4811.23,4813.05,3560.0
2026-04-16 12:30:00,4812.79,4815.26,4806.75,4812.77,4123.0
2026-04-16 13:00:00,4812.75,4815.46,4805.11,4806.98,3885.0
2026-04-16 13:30:00,4806.93,4817.16,4805.08,4817.14,4130.0
2026-04-16 14:00:00,4817.28,4820.54,4815.52,4816.05,3861.0
2026-04-16 14:30:00,4816.08,4822.37,4815.89,4822.08,3890.0
2026-04-16 15:00:00,4822.22,4822.99,4811.5,4814.9,4761.0
2026-04-16 15:30:00,4815.03,4820.67,4811.72,4816.1,4991.0
2026-04-16 16:00:00,4816.11,4822.89,4814.08,4815.54,6212.0
2026-04-16 16:30:00,4815.48,4823.9,4784.77,4794.75,9724.0
2026-04-16 17:00:00,4794.27,4805.37,4785.19,4798.98,9539.0
2026-04-16 17:30:00,4798.99,4800.65,4771.98,4788.66,9005.0
2026-04-16 18:00:00,4788.67,4812.86,4788.27,4801.78,7657.0
2026-04-16 18:30:00,4801.66,4810.98,4797.95,4806.88,7435.0
2026-04-16 19:00:00,4806.87,4809.95,4796.59,4799.17,5708.0
2026-04-16 19:30:00,4799.48,4799.8,4785.1,4791.92,7436.0
2026-04-16 20:00:00,4791.98,4795.31,4784.7,4784.86,6803.0
2026-04-16 20:30:00,4785.03,4790.86,4781.22,4789.13,6321.0
2026-04-16 21:00:00,4789.14,4794.08,4785.7,4786.98,7209.0
2026-04-16 21:30:00,4786.97,4792.55,4786.62,4789.55,5117.0
2026-04-16 22:00:00,4789.81,4795.03,4789.49,4790.69,4660.0
2026-04-16 22:30:00,4790.74,4798.51,4790.61,4793.64,4973.0
2026-04-16 23:00:00,4793.53,4793.72,4788.31,4788.86,2138.0
2026-04-16 23:30:00,4788.84,4790.53,4786.32,4790.03,1581.0
2026-04-17 01:00:00,4792.2,4797.88,4791.22,4793.86,2664.0
2026-04-17 01:30:00,4793.93,4796.7,4790.77,4795.25,1825.0
2026-04-17 02:00:00,4794.67,4797.71,4792.13,4794.27,1772.0
2026-04-17 02:30:00,4794.26,4796.53,4791.62,4791.64,1865.0
2026-04-17 03:00:00,4791.54,4792.82,4785.76,4792.8,3769.0
2026-04-17 03:30:00,4792.82,4801.02,4792.42,4794.76,2800.0
2026-04-17 04:00:00,4794.68,4795.61,4767.7,4768.68,6669.0
2026-04-17 04:30:00,4768.76,4791.29,4767.56,4789.43,5808.0
2026-04-17 05:00:00,4789.39,4794.24,4788.2,4788.89,3367.0
2026-04-17 05:30:00,4788.87,4794.54,4784.32,4784.52,4164.0
2026-04-17 06:00:00,4784.45,4797.88,4784.45,4793.97,4466.0
2026-04-17 06:30:00,4793.9,4796.63,4791.87,4793.22,2298.0
2026-04-17 07:00:00,4793.09,4796.11,4792.58,4795.86,2116.0
2026-04-17 07:30:00,4795.85,4804.38,4795.26,4803.07,2512.0
2026-04-17 08:00:00,4802.94,4806.15,4799.69,4803.46,3180.0
2026-04-17 08:30:00,4803.48,4805.29,4793.62,4794.16,5117.0
2026-04-17 09:00:00,4794.06,4795.18,4783.3,4783.71,5331.0
2026-04-17 09:30:00,4783.7,4787.13,4779.23,4784.92,4389.0
2026-04-17 10:00:00,4784.88,4792.84,4784.09,4791.58,4027.0
2026-04-17 10:30:00,4791.59,4794.58,4778.72,4784.29,4220.0
2026-04-17 11:00:00,4784.21,4790.99,4780.81,4784.4,3733.0
2026-04-17 11:30:00,4784.25,4796.81,4784.25,4795.86,3860.0
2026-04-17 12:00:00,4795.87,4800.79,4791.96,4795.86,4016.0
2026-04-17 12:30:00,4795.87,4799.0,4789.87,4790.27,3500.0
2026-04-17 13:00:00,4790.42,4793.92,4787.09,4789.4,3464.0
2026-04-17 13:30:00,4789.43,4789.69,4782.19,4787.26,3471.0
2026-04-17 14:00:00,4787.52,4793.25,4783.52,4792.89,3337.0
2026-04-17 14:30:00,4792.81,4811.64,4789.7,4799.08,4685.0
2026-04-17 15:00:00,4799.13,4819.49,4797.61,4816.84,5357.0
2026-04-17 15:30:00,4817.88,4847.59,4815.31,4846.33,8780.0
2026-04-17 16:00:00,4846.22,4889.44,4834.85,4851.45,10421.0
2026-04-17 16:30:00,4851.54,4882.05,4848.46,4880.26,10567.0
2026-04-17 17:00:00,4881.02,4885.36,4860.77,4871.32,9333.0
2026-04-17 17:30:00,4871.47,4883.03,4869.24,4873.07,8491.0
2026-04-17 18:00:00,4873.03,4880.36,4862.43,4865.82,8807.0
2026-04-17 18:30:00,4866.02,4873.97,4854.8,4867.35,7445.0
2026-04-17 19:00:00,4867.39,4873.29,4863.54,4867.68,5947.0
2026-04-17 19:30:00,4867.64,4872.89,4864.97,4866.92,4964.0
2026-04-17 20:00:00,4866.97,4869.44,4853.85,4858.47,6969.0
2026-04-17 20:30:00,4858.46,4863.33,4854.07,4862.55,5740.0
2026-04-17 21:00:00,4862.63,4867.93,4858.81,4860.59,5846.0
2026-04-17 21:30:00,4860.56,4866.61,4855.89,4858.0,5538.0
2026-04-17 22:00:00,4857.95,4858.75,4853.75,4856.22,2961.0
2026-04-17 23:00:00,4847.92,4851.86,4844.53,4845.81,1525.0
2026-04-17 23:30:00,4845.82,4846.88,4830.85,4833.53,3636.0
2026-04-20 01:00:00,4772.42,4794.97,4759.03,4784.96,7035.0
2026-04-20 01:30:00,4785.0,4790.6,4777.99,4779.18,4012.0
2026-04-20 02:00:00,4779.22,4779.39,4767.99,4769.01,4396.0
2026-04-20 02:30:00,4769.05,4773.32,4736.95,4754.98,6396.0
2026-04-20 03:00:00,4755.07,4765.74,4745.0,4765.34,6676.0
2026-04-20 03:30:00,4765.32,4774.26,4759.48,4772.29,4997.0
2026-04-20 04:00:00,4772.21,4803.68,4771.57,4802.8,7816.0
2026-04-20 04:30:00,4802.82,4814.26,4801.37,4807.8,6009.0
2026-04-20 05:00:00,4807.76,4808.98,4798.34,4800.11,4243.0
2026-04-20 05:30:00,4800.1,4801.79,4793.01,4797.15,4814.0
2026-04-20 06:00:00,4797.11,4798.15,4788.7,4795.07,4093.0
2026-04-20 06:30:00,4795.06,4796.67,4789.08,4790.8,2431.0
2026-04-20 07:00:00,4791.05,4795.65,4790.77,4794.56,2383.0
2026-04-20 07:30:00,4794.64,4794.64,4787.1,4788.81,2800.0
2026-04-20 08:00:00,4788.85,4792.8,4784.35,4787.8,3689.0
2026-04-20 08:30:00,4787.7,4795.96,4779.57,4790.78,6439.0
2026-04-20 09:00:00,4790.76,4793.77,4783.76,4785.99,5944.0
2026-04-20 09:30:00,4786.13,4795.3,4785.39,4795.3,5798.0
2026-04-20 10:00:00,4796.19,4805.67,4793.87,4797.74,6006.0
2026-04-20 10:30:00,4797.73,4798.56,4786.9,4789.63,5701.0
2026-04-20 11:00:00,4789.54,4792.44,4786.04,4791.97,5164.0
2026-04-20 11:30:00,4791.98,4796.18,4788.59,4796.17,4267.0
2026-04-20 12:00:00,4796.07,4797.84,4791.63,4792.18,4329.0
2026-04-20 12:30:00,4792.53,4797.0,4783.38,4791.47,4626.0
2026-04-20 13:00:00,4791.46,4800.81,4789.8,4798.1,4475.0
2026-04-20 13:30:00,4798.15,4799.94,4794.41,4795.72,3076.0
2026-04-20 14:00:00,4795.71,4795.95,4786.5,4788.17,4495.0
2026-04-20 14:30:00,4788.19,4810.7,4787.54,4810.46,5146.0
2026-04-20 15:00:00,4810.47,4822.19,4802.86,4805.49,6733.0
2026-04-20 15:30:00,4805.48,4809.4,4799.13,4803.35,5525.0
2026-04-20 16:00:00,4803.91,4825.6,4799.69,4824.32,7971.0
2026-04-20 16:30:00,4824.31,4826.21,4815.81,4817.75,9161.0
2026-04-20 17:00:00,4817.78,4826.77,4806.79,4823.27,8685.0
2026-04-20 17:30:00,4823.38,4827.45,4792.24,4805.21,8975.0
2026-04-20 18:00:00,4805.24,4809.34,4792.78,4808.34,8949.0
2026-04-20 18:30:00,4808.18,4809.17,4795.34,4799.63,6727.0
2026-04-20 19:00:00,4799.72,4801.79,4792.73,4801.09,5672.0
2026-04-20 19:30:00,4801.2,4806.3,4798.81,4805.47,5075.0
2026-04-20 20:00:00,4805.64,4811.22,4803.76,4810.0,5202.0
2026-04-20 20:30:00,4809.97,4812.0,4804.99,4806.74,4214.0
2026-04-20 21:00:00,4806.79,4815.81,4806.79,4813.47,4498.0
2026-04-20 21:30:00,4813.46,4816.43,4810.99,4814.0,3591.0
2026-04-20 22:00:00,4813.97,4821.28,4813.85,4817.02,3520.0
2026-04-20 22:30:00,4817.06,4817.2,4810.31,4814.11,4190.0
2026-04-20 23:00:00,4814.1,4816.97,4812.11,4815.78,1690.0
2026-04-20 23:30:00,4815.75,4820.99,4812.91,4820.94,2157.0
2026-04-21 01:00:00,4821.12,4832.9,4819.87,4828.77,4100.0
2026-04-21 01:30:00,4828.71,4831.65,4825.16,4827.58,2712.0
2026-04-21 02:00:00,4827.44,4831.73,4823.79,4825.63,2016.0
2026-04-21 02:30:00,4825.59,4825.59,4819.81,4821.75,1738.0
2026-04-21 03:00:00,4821.97,4830.61,4819.51,4819.7,4226.0
2026-04-21 03:30:00,4820.18,4826.17,4816.76,4823.95,4450.0
2026-04-21 04:00:00,4824.26,4824.61,4813.05,4818.5,5740.0
2026-04-21 04:30:00,4818.42,4818.92,4805.76,4810.16,5042.0
2026-04-21 05:00:00,4810.26,4810.45,4803.48,4807.46,3899.0
2026-04-21 05:30:00,4807.6,4807.99,4802.36,4806.74,4565.0
2026-04-21 06:00:00,4806.79,4807.55,4793.62,4798.57,5014.0
2026-04-21 06:30:00,4798.53,4799.87,4792.52,4797.05,3469.0
2026-04-21 07:00:00,4797.22,4797.75,4791.19,4792.07,3076.0
2026-04-21 07:30:00,4792.09,4794.16,4788.68,4788.96,2744.0
2026-04-21 08:00:00,4789.12,4792.92,4785.8,4787.44,3734.0
2026-04-21 08:30:00,4787.43,4796.89,4783.17,4783.99,5614.0
2026-04-21 09:00:00,4783.83,4790.57,4775.17,4778.67,6729.0
2026-04-21 09:30:00,4778.68,4783.35,4774.5,4778.66,5725.0
2026-04-21 10:00:00,4778.25,4787.42,4772.54,4783.3,5356.0
2026-04-21 10:30:00,4783.4,4792.5,4780.81,4785.84,4455.0
2026-04-21 11:00:00,4785.81,4789.07,4774.67,4787.18,5369.0
2026-04-21 11:30:00,4787.16,4792.74,4784.71,4785.88,4015.0
2026-04-21 12:00:00,4786.0,4787.88,4781.17,4782.18,4299.0
2026-04-21 12:30:00,4782.14,4789.46,4781.99,4783.56,3950.0
2026-04-21 13:00:00,4783.76,4785.77,4780.68,4782.86,3416.0
2026-04-21 13:30:00,4783.02,4790.34,4782.6,4789.68,3119.0
2026-04-21 14:00:00,4789.69,4790.16,4775.32,4783.43,4601.0
2026-04-21 14:30:00,4783.42,4797.78,4783.1,4794.53,4417.0
2026-04-21 15:00:00,4794.74,4796.78,4779.09,4780.65,5664.0
2026-04-21 15:30:00,4780.67,4790.27,4766.68,4778.71,7614.0
2026-04-21 16:00:00,4778.67,4783.71,4761.66,4774.8,8303.0
2026-04-21 16:30:00,4774.68,4794.27,4770.11,4778.98,9353.0
2026-04-21 17:00:00,4778.93,4782.4,4769.72,4774.02,8102.0
2026-04-21 17:30:00,4773.99,4774.87,4723.53,4739.07,10431.0
2026-04-21 18:00:00,4738.96,4757.49,4727.63,4742.38,10251.0
2026-04-21 18:30:00,4742.44,4750.08,4736.69,4740.08,7816.0
2026-04-21 19:00:00,4742.47,4742.47,4720.03,4720.72,6552.0
2026-04-21 19:30:00,4720.7,4727.42,4708.18,4710.92,7912.0
2026-04-21 20:00:00,4710.99,4718.13,4697.46,4700.05,8941.0
2026-04-21 20:30:00,4699.9,4722.0,4696.92,4711.05,8350.0
2026-04-21 21:00:00,4711.04,4714.67,4692.37,4696.18,7817.0
2026-04-21 21:30:00,4696.36,4713.83,4696.36,4709.17,7058.0
2026-04-21 22:00:00,4709.25,4715.03,4704.11,4713.84,7645.0
2026-04-21 22:30:00,4713.88,4714.63,4668.47,4679.32,9472.0
2026-04-21 23:00:00,4679.17,4711.17,4668.99,4705.64,7850.0
2026-04-21 23:30:00,4705.65,4719.02,4705.27,4718.75,4496.0
2026-04-22 01:00:00,4720.72,4729.47,4715.78,4719.02,3682.0
2026-04-22 01:30:00,4719.01,4719.97,4715.59,4719.52,2096.0
2026-04-22 02:00:00,4719.36,4733.04,4718.01,4729.92,3010.0
2026-04-22 02:30:00,4729.95,4740.49,4728.96,4737.92,2845.0
2026-04-22 03:00:00,4738.08,4747.24,4738.08,4742.34,3947.0
2026-04-22 03:30:00,4742.3,4746.96,4738.5,4739.78,3500.0
2026-04-22 04:00:00,4739.74,4748.92,4735.86,4746.37,5661.0
2026-04-22 04:30:00,4746.32,4754.53,4746.32,4752.11,5608.0
2026-04-22 05:00:00,4752.42,4758.05,4750.1,4755.57,3696.0
2026-04-22 05:30:00,4755.53,4758.6,4750.94,4755.63,3574.0
2026-04-22 06:00:00,4755.52,4763.23,4752.96,4763.06,3312.0
2026-04-22 06:30:00,4762.98,4764.87,4756.85,4758.05,2742.0
2026-04-22 07:00:00,4758.18,4759.54,4754.39,4755.79,2065.0
2026-04-22 07:30:00,4755.78,4759.36,4752.07,4754.47,2550.0
2026-04-22 08:00:00,4754.51,4771.5,4752.08,4766.04,4306.0
2026-04-22 08:30:00,4766.0,4771.89,4763.77,4767.55,4851.0
2026-04-22 09:00:00,4767.49,4767.7,4758.74,4766.97,4673.0
2026-04-22 09:30:00,4766.96,4767.7,4763.19,4767.47,4124.0
2026-04-22 10:00:00,4767.59,4772.17,4762.25,4766.0,4461.0
2026-04-22 10:30:00,4765.97,4766.51,4759.52,4760.47,3922.0
2026-04-22 11:00:00,4760.59,4762.16,4754.04,4754.21,4849.0
2026-04-22 11:30:00,4754.09,4758.26,4751.82,4756.97,4283.0
2026-04-22 12:00:00,4756.76,4761.81,4756.3,4756.34,4309.0
2026-04-22 12:30:00,4756.26,4762.34,4752.43,4755.12,4041.0
2026-04-22 13:00:00,4755.08,4757.57,4745.76,4754.64,4634.0
2026-04-22 13:30:00,4754.65,4760.01,4753.68,4759.12,3532.0
2026-04-22 14:00:00,4759.31,4760.65,4756.42,4757.27,4012.0
2026-04-22 14:30:00,4757.54,4759.87,4747.8,4750.3,4868.0
2026-04-22 15:00:00,4750.29,4759.98,4747.13,4753.08,4894.0
2026-04-22 15:30:00,4753.05,4754.19,4742.77,4744.15,6044.0
2026-04-22 16:00:00,4744.26,4750.64,4736.35,4749.98,7761.0
2026-04-22 16:30:00,4750.27,4760.67,4741.98,4752.82,9417.0
2026-04-22 17:00:00,4752.74,4757.28,4742.31,4743.84,8430.0
2026-04-22 17:30:00,4743.81,4744.52,4729.94,4735.83,8793.0
2026-04-22 18:00:00,4735.91,4740.01,4729.68,4735.08,7926.0
2026-04-22 18:30:00,4735.11,4735.36,4724.85,4727.53,6972.0
2026-04-22 19:00:00,4727.57,4734.8,4724.07,4726.96,6015.0
2026-04-22 19:30:00,4726.91,4732.0,4723.83,4728.53,5638.0
2026-04-22 20:00:00,4728.71,4739.46,4728.47,4735.06,5730.0
2026-04-22 20:30:00,4735.19,4738.31,4733.43,4737.08,4689.0
2026-04-22 21:00:00,4737.14,4738.53,4729.82,4730.32,3693.0
2026-04-22 21:30:00,4730.16,4749.27,4730.08,4741.66,4219.0
2026-04-22 22:00:00,4741.73,4745.28,4736.81,4744.33,4708.0
2026-04-22 22:30:00,4744.32,4744.62,4736.99,4740.12,4727.0
2026-04-22 23:00:00,4740.1,4740.31,4734.31,4736.76,2990.0
2026-04-22 23:30:00,4736.75,4739.74,4736.16,4739.31,2121.0
2026-04-23 01:00:00,4746.53,4746.54,4732.42,4732.77,2591.0
2026-04-23 01:30:00,4732.85,4735.06,4725.63,4725.83,2434.0
2026-04-23 02:00:00,4725.94,4729.79,4723.46,4728.13,2161.0
2026-04-23 02:30:00,4728.14,4729.09,4723.78,4727.68,1854.0
2026-04-23 03:00:00,4727.73,4742.29,4694.11,4741.42,8285.0
2026-04-23 03:30:00,4741.44,4753.4,4741.13,4747.99,6951.0
2026-04-23 04:00:00,4747.77,4749.75,4727.0,4728.11,6788.0
2026-04-23 04:30:00,4728.17,4736.7,4722.39,4723.14,6986.0
2026-04-23 05:00:00,4723.13,4724.61,4704.71,4713.85,7280.0
2026-04-23 05:30:00,4713.82,4715.55,4698.16,4698.75,8141.0
2026-04-23 06:00:00,4698.88,4708.56,4698.06,4703.13,7341.0
2026-04-23 06:30:00,4703.05,4707.28,4700.93,4703.76,4468.0
2026-04-23 07:00:00,4703.61,4706.9,4700.61,4705.46,3271.0
2026-04-23 07:30:00,4705.41,4706.93,4698.7,4704.31,3039.0
2026-04-23 08:00:00,4704.35,4710.16,4703.26,4705.71,4191.0
2026-04-23 08:30:00,4705.73,4715.04,4692.56,4713.49,6598.0
2026-04-23 09:00:00,4713.28,4718.05,4708.47,4712.12,5883.0
2026-04-23 09:30:00,4712.13,4721.14,4709.2,4712.79,5645.0
2026-04-23 10:00:00,4712.72,4716.44,4702.97,4705.96,6684.0
2026-04-23 10:30:00,4705.93,4720.44,4703.38,4719.03,5597.0
2026-04-23 11:00:00,4718.99,4724.74,4714.91,4715.23,5294.0
2026-04-23 11:30:00,4715.77,4716.01,4701.81,4703.2,5800.0
2026-04-23 12:00:00,4703.12,4703.56,4694.58,4700.84,6114.0
2026-04-23 12:30:00,4700.57,4703.0,4694.62,4697.45,5175.0
2026-04-23 13:00:00,4697.46,4701.57,4684.64,4686.51,6003.0
2026-04-23 13:30:00,4686.5,4697.15,4684.19,4696.51,5455.0
2026-04-23 14:00:00,4696.52,4703.27,4695.49,4699.12,4825.0
2026-04-23 14:30:00,4699.3,4720.82,4696.51,4720.49,6585.0
2026-04-23 15:00:00,4720.57,4738.3,4719.57,4733.31,7956.0
2026-04-23 15:30:00,4733.58,4743.12,4731.35,4740.05,7806.0
2026-04-23 16:00:00,4740.09,4740.62,4723.91,4727.42,7260.0
2026-04-23 16:30:00,4727.44,4741.14,4724.23,4724.39,9109.0
2026-04-23 17:00:00,4724.36,4735.87,4716.94,4731.26,9358.0
2026-04-23 17:30:00,4731.18,4736.57,4725.95,4733.52,8321.0
2026-04-23 18:00:00,4733.55,4740.95,4726.67,4733.47,7747.0
2026-04-23 18:30:00,4733.39,4734.74,4716.3,4720.43,7555.0
2026-04-23 19:00:00,4720.4,4724.93,4715.53,4723.11,6072.0
2026-04-23 19:30:00,4723.15,4737.02,4722.54,4732.9,5462.0
2026-04-23 20:00:00,4733.16,4734.41,4704.43,4706.42,10109.0
2026-04-23 20:30:00,4706.37,4713.89,4664.17,4709.23,10687.0
2026-04-23 21:00:00,4709.89,4722.09,4707.75,4716.65,8927.0
2026-04-23 21:30:00,4716.6,4720.28,4699.39,4700.96,6956.0
2026-04-23 22:00:00,4700.85,4704.38,4692.48,4700.0,6937.0
2026-04-23 22:30:00,4700.14,4701.11,4689.34,4695.97,7691.0
2026-04-23 23:00:00,4695.88,4698.11,4686.42,4689.23,4489.0
2026-04-23 23:30:00,4689.24,4693.11,4688.04,4692.74,2488.0
2026-04-24 01:00:00,4701.17,4705.15,4692.13,4692.71,2598.0
2026-04-24 01:30:00,4692.7,4696.68,4690.02,4693.15,2361.0
2026-04-24 02:00:00,4693.07,4695.41,4686.79,4694.25,2862.0
2026-04-24 02:30:00,4694.69,4700.62,4692.13,4695.28,3109.0
2026-04-24 03:00:00,4695.26,4705.55,4690.86,4705.41,5933.0
2026-04-24 03:30:00,4705.45,4707.79,4697.18,4704.45,5789.0
2026-04-24 04:00:00,4704.41,4710.93,4695.78,4698.33,7105.0
2026-04-24 04:30:00,4698.32,4702.27,4690.28,4699.43,6851.0
2026-04-24 05:00:00,4699.35,4700.54,4681.89,4683.61,5948.0
2026-04-24 05:30:00,4683.59,4690.78,4673.12,4676.66,6637.0
2026-04-24 06:00:00,4676.65,4678.23,4668.53,4674.31,5846.0
2026-04-24 06:30:00,4674.33,4678.04,4671.36,4672.04,3880.0
2026-04-24 07:00:00,4672.03,4674.51,4658.32,4659.4,4619.0
2026-04-24 07:30:00,4659.65,4676.71,4657.6,4674.36,4290.0
2026-04-24 08:00:00,4674.5,4678.43,4669.62,4676.39,3649.0
2026-04-24 08:30:00,4676.42,4687.18,4676.42,4686.3,5618.0
2026-04-24 09:00:00,4686.66,4687.89,4669.93,4671.28,6149.0
2026-04-24 09:30:00,4671.54,4676.24,4666.68,4671.84,6801.0
2026-04-24 10:00:00,4671.67,4684.66,4670.86,4684.26,4954.0
2026-04-24 10:30:00,4684.13,4695.13,4682.15,4694.37,4644.0
2026-04-24 11:00:00,4694.36,4697.27,4686.36,4687.75,6055.0
2026-04-24 11:30:00,4687.82,4692.99,4684.95,4690.66,4883.0
2026-04-24 12:00:00,4690.7,4696.58,4682.26,4683.23,5362.0
2026-04-24 12:30:00,4683.13,4688.43,4679.28,4681.96,4822.0
2026-04-24 13:00:00,4681.94,4686.12,4680.15,4682.17,4373.0
2026-04-24 13:30:00,4682.21,4682.3,4674.59,4677.74,4316.0
2026-04-24 14:00:00,4677.7,4716.95,4677.7,4715.39,8670.0
2026-04-24 14:30:00,4715.55,4717.21,4702.77,4706.76,6602.0
2026-04-24 15:00:00,4706.83,4711.72,4701.39,4710.47,6930.0
2026-04-24 15:30:00,4710.32,4711.51,4690.3,4700.65,6939.0
2026-04-24 16:00:00,4700.98,4705.54,4693.46,4696.94,7854.0
2026-04-24 16:30:00,4696.98,4717.31,4689.71,4712.06,9680.0
2026-04-24 17:00:00,4711.79,4740.26,4706.82,4725.44,9907.0
2026-04-24 17:30:00,4725.45,4732.74,4723.62,4726.28,8458.0
2026-04-24 18:00:00,4726.33,4727.13,4718.66,4721.92,7720.0
2026-04-24 18:30:00,4721.84,4733.34,4715.12,4727.2,8742.0
2026-04-24 19:00:00,4727.14,4729.56,4719.06,4723.24,7020.0
2026-04-24 19:30:00,4723.34,4727.66,4719.28,4726.76,6449.0
2026-04-24 20:00:00,4726.79,4729.94,4722.31,4722.84,6168.0
2026-04-24 20:30:00,4722.57,4727.7,4719.03,4723.34,5440.0
2026-04-24 21:00:00,4723.36,4724.76,4716.93,4717.1,5365.0
2026-04-24 21:30:00,4717.09,4723.18,4716.82,4722.62,4423.0
2026-04-24 22:00:00,4722.68,4725.97,4717.36,4718.95,4400.0
2026-04-24 22:30:00,4718.9,4720.59,4713.61,4716.9,5322.0
2026-04-24 23:00:00,4716.13,4717.38,4705.35,4708.09,3142.0
2026-04-24 23:30:00,4708.08,4709.77,4705.22,4708.07,2140.0
2026-04-27 01:00:00,4697.79,4706.96,4679.99,4686.81,4484.0
2026-04-27 01:30:00,4686.46,4686.78,4681.87,4684.48,2390.0
2026-04-27 02:00:00,4684.46,4684.77,4677.14,4677.27,2366.0
2026-04-27 02:30:00,4676.83,4681.99,4675.01,4679.91,2580.0
2026-04-27 03:00:00,4680.05,4682.2,4672.11,4680.75,4060.0
2026-04-27 03:30:00,4680.94,4698.07,4676.72,4697.76,3416.0
2026-04-27 04:00:00,4697.62,4709.56,4690.77,4697.96,6231.0
2026-04-27 04:30:00,4698.04,4706.42,4695.61,4702.52,4853.0
2026-04-27 05:00:00,4702.55,4708.09,4696.09,4705.63,3946.0
2026-04-27 05:30:00,4705.61,4723.31,4704.27,4718.1,4520.0
2026-04-27 06:00:00,4717.99,4722.12,4714.37,4715.56,3778.0
2026-04-27 06:30:00,4715.67,4729.26,4715.32,4724.1,3395.0
2026-04-27 07:00:00,4724.0,4727.87,4723.47,4726.82,2403.0
2026-04-27 07:30:00,4726.84,4729.94,4722.65,4724.95,2627.0
2026-04-27 08:00:00,4725.04,4725.38,4715.96,4718.07,3029.0
2026-04-27 08:30:00,4718.1,4718.24,4708.58,4709.97,4114.0
2026-04-27 09:00:00,4709.86,4715.6,4709.16,4714.31,4200.0
2026-04-27 09:30:00,4714.37,4715.37,4709.29,4712.72,3990.0
2026-04-27 10:00:00,4712.56,4718.2,4710.78,4715.98,4368.0
2026-04-27 10:30:00,4715.99,4717.23,4709.88,4713.23,3984.0
2026-04-27 11:00:00,4713.29,4714.14,4709.42,4710.55,4424.0
2026-04-27 11:30:00,4710.66,4714.59,4705.27,4706.65,3822.0
2026-04-27 12:00:00,4706.77,4708.15,4701.57,4702.33,3399.0
2026-04-27 12:30:00,4702.35,4705.31,4699.34,4703.5,3259.0
2026-04-27 13:00:00,4703.62,4706.72,4699.46,4705.03,2808.0
2026-04-27 13:30:00,4705.04,4710.82,4704.57,4708.72,3371.0
2026-04-27 14:00:00,4708.71,4708.99,4700.25,4705.13,3637.0
2026-04-27 14:30:00,4705.15,4708.43,4699.98,4704.72,3433.0
2026-04-27 15:00:00,4704.75,4712.48,4701.66,4706.95,4803.0
2026-04-27 15:30:00,4706.87,4707.73,4696.94,4699.12,4950.0
2026-04-27 16:00:00,4699.13,4703.34,4693.18,4699.83,5672.0
2026-04-27 16:30:00,4699.84,4702.47,4689.04,4696.08,7072.0
2026-04-27 17:00:00,4695.94,4696.61,4686.21,4688.85,6517.0
2026-04-27 17:30:00,4688.93,4696.62,4676.48,4678.07,6179.0
2026-04-27 18:00:00,4678.05,4681.0,4667.07,4680.99,6375.0
2026-04-27 18:30:00,4681.1,4682.48,4667.67,4669.93,5215.0
2026-04-27 19:00:00,4669.91,4677.63,4667.22,4676.24,4513.0
2026-04-27 19:30:00,4676.25,4679.4,4674.2,4676.55,3843.0
2026-04-27 20:00:00,4676.56,4679.9,4668.19,4679.65,4651.0
2026-04-27 20:30:00,4679.78,4686.03,4679.39,4682.07,4191.0
2026-04-27 21:00:00,4682.05,4685.39,4678.86,4684.0,3551.0
2026-04-27 21:30:00,4683.98,4685.21,4680.52,4680.6,2914.0
2026-04-27 22:00:00,4680.59,4682.54,4678.5,4682.11,2810.0
2026-04-27 22:30:00,4682.24,4682.29,4676.62,4680.61,3496.0
2026-04-27 23:00:00,4680.7,4681.34,4677.5,4679.65,1590.0
2026-04-27 23:30:00,4679.64,4680.41,4678.33,4679.84,1331.0
2026-04-28 01:00:00,4675.11,4691.03,4675.11,4688.95,2359.0
2026-04-28 01:30:00,4689.06,4689.56,4686.06,4687.8,1355.0
2026-04-28 02:00:00,4687.78,4691.51,4687.22,4690.63,1382.0
2026-04-28 02:30:00,4690.55,4694.93,4690.48,4691.91,1759.0
2026-04-28 03:00:00,4692.11,4701.24,4691.78,4694.84,3299.0
2026-04-28 03:30:00,4694.88,4695.12,4690.45,4690.48,2817.0
2026-04-28 04:00:00,4690.21,4690.85,4684.42,4687.49,4594.0
2026-04-28 04:30:00,4687.47,4691.31,4669.37,4670.54,4738.0
2026-04-28 05:00:00,4670.52,4679.62,4666.36,4675.41,4083.0
2026-04-28 05:30:00,4675.43,4675.43,4666.45,4669.0,4313.0
2026-04-28 06:00:00,4668.99,4675.71,4668.39,4674.78,3479.0
2026-04-28 06:30:00,4674.8,4675.24,4669.25,4670.84,2345.0
2026-04-28 07:00:00,4670.77,4671.16,4666.65,4667.31,2194.0
2026-04-28 07:30:00,4667.32,4669.79,4666.55,4667.56,1919.0
2026-04-28 08:00:00,4667.7,4667.87,4648.85,4658.18,4051.0
2026-04-28 08:30:00,4658.17,4658.36,4623.8,4632.03,6660.0
2026-04-28 09:00:00,4631.97,4642.75,4623.45,4631.48,5745.0
2026-04-28 09:30:00,4631.45,4634.55,4623.23,4628.89,5455.0
2026-04-28 10:00:00,4628.79,4639.24,4627.2,4629.54,5205.0
2026-04-28 10:30:00,4629.58,4635.13,4620.54,4633.07,5087.0
2026-04-28 11:00:00,4633.0,4633.45,4614.57,4626.79,5957.0
2026-04-28 11:30:00,4627.0,4635.32,4625.02,4629.56,4766.0
2026-04-28 12:00:00,4629.57,4629.92,4613.02,4618.19,4929.0
2026-04-28 12:30:00,4618.01,4619.0,4604.55,4604.7,5199.0
2026-04-28 13:00:00,4604.67,4616.33,4604.43,4611.5,4254.0
2026-04-28 13:30:00,4611.39,4615.7,4603.15,4603.17,4285.0
2026-04-28 14:00:00,4603.08,4608.68,4593.98,4599.32,5630.0
2026-04-28 14:30:00,4599.19,4599.72,4555.47,4562.5,7320.0
2026-04-28 15:00:00,4562.4,4597.89,4554.64,4580.08,7222.0
2026-04-28 15:30:00,4580.17,4599.97,4570.56,4593.65,6751.0
2026-04-28 16:00:00,4593.48,4594.49,4571.21,4581.54,7212.0
2026-04-28 16:30:00,4581.41,4592.52,4570.82,4580.3,8276.0
2026-04-28 17:00:00,4580.19,4580.58,4564.49,4571.47,7839.0
2026-04-28 17:30:00,4571.43,4577.96,4557.22,4574.37,7701.0
2026-04-28 18:00:00,4574.48,4581.61,4566.9,4576.88,7100.0
2026-04-28 18:30:00,4576.77,4586.5,4571.04,4586.5,6289.0
2026-04-28 19:00:00,4586.38,4586.78,4577.79,4582.87,5369.0
2026-04-28 19:30:00,4582.79,4594.82,4580.56,4592.17,5225.0
2026-04-28 20:00:00,4592.25,4597.18,4587.1,4593.48,5160.0
2026-04-28 20:30:00,4593.57,4601.37,4593.57,4594.64,4556.0
2026-04-28 21:00:00,4594.72,4600.44,4592.07,4598.88,4396.0
2026-04-28 21:30:00,4598.9,4599.5,4593.03,4594.2,3726.0
2026-04-28 22:00:00,4594.25,4598.69,4593.61,4596.21,3406.0
2026-04-28 22:30:00,4596.28,4599.99,4592.5,4595.57,4046.0
2026-04-28 23:00:00,4595.54,4598.6,4591.13,4592.82,2581.0
2026-04-28 23:30:00,4592.86,4596.51,4592.27,4596.39,1688.0
2026-04-29 01:00:00,4595.77,4600.71,4593.43,4595.72,1698.0
2026-04-29 01:30:00,4595.77,4597.15,4592.35,4594.04,1056.0
2026-04-29 02:00:00,4594.07,4594.42,4589.22,4592.11,1336.0
2026-04-29 02:30:00,4591.75,4596.06,4587.77,4595.56,1734.0
2026-04-29 03:00:00,4595.2,4610.18,4594.64,4599.92,3810.0
2026-04-29 03:30:00,4600.06,4604.81,4596.26,4600.17,2889.0
2026-04-29 04:00:00,4600.35,4600.35,4575.65,4580.29,5904.0
2026-04-29 04:30:00,4580.3,4591.59,4578.71,4584.74,5059.0
2026-04-29 05:00:00,4585.05,4604.04,4585.05,4599.13,4408.0
2026-04-29 05:30:00,4599.19,4601.79,4592.15,4593.53,4180.0
2026-04-29 06:00:00,4593.59,4603.17,4592.63,4598.6,3618.0
2026-04-29 06:30:00,4598.55,4598.55,4592.07,4595.28,2421.0
2026-04-29 07:00:00,4595.46,4603.33,4595.2,4601.62,2096.0
2026-04-29 07:30:00,4601.69,4605.48,4601.61,4604.71,2074.0
2026-04-29 08:00:00,4604.66,4607.52,4598.53,4600.6,2564.0
2026-04-29 08:30:00,4600.7,4603.1,4590.63,4590.72,3937.0
2026-04-29 09:00:00,4590.85,4598.53,4581.22,4584.93,4903.0
2026-04-29 09:30:00,4584.95,4587.36,4580.76,4584.42,4527.0
2026-04-29 10:00:00,4584.43,4588.73,4569.54,4575.08,5243.0
2026-04-29 10:30:00,4575.05,4578.66,4567.21,4567.71,5118.0
2026-04-29 11:00:00,4567.7,4573.21,4564.4,4566.37,5549.0
2026-04-29 11:30:00,4566.04,4576.63,4557.21,4573.09,5020.0
2026-04-29 12:00:00,4573.11,4580.71,4565.76,4565.76,4529.0
2026-04-29 12:30:00,4565.55,4569.47,4551.44,4555.62,5476.0
2026-04-29 13:00:00,4555.5,4573.14,4554.88,4571.63,4573.0
2026-04-29 13:30:00,4571.71,4576.47,4563.89,4569.81,4221.0
2026-04-29 14:00:00,4570.19,4571.88,4564.11,4564.6,4660.0
2026-04-29 14:30:00,4564.48,4571.7,4559.07,4561.6,4564.0
2026-04-29 15:00:00,4561.54,4568.91,4559.27,4559.39,4808.0
2026-04-29 15:30:00,4559.24,4559.87,4542.07,4544.77,6035.0
2026-04-29 16:00:00,4544.79,4553.17,4534.44,4537.79,6530.0
2026-04-29 16:30:00,4537.64,4539.21,4510.17,4521.71,7883.0
2026-04-29 17:00:00,4521.68,4537.64,4517.79,4533.06,7206.0
2026-04-29 17:30:00,4533.14,4542.49,4530.83,4539.31,6272.0
2026-04-29 18:00:00,4539.26,4546.76,4536.17,4543.46,4659.0
2026-04-29 18:30:00,4543.31,4558.74,4540.35,4547.63,6892.0
2026-04-29 19:00:00,4547.58,4564.83,4546.91,4560.13,6053.0
2026-04-29 19:30:00,4560.0,4560.0,4543.32,4545.33,5716.0
2026-04-29 20:00:00,4545.35,4554.47,4542.78,4547.1,5265.0
2026-04-29 20:30:00,4547.22,4548.5,4541.52,4547.51,4909.0
2026-04-29 21:00:00,4547.39,4552.88,4525.08,4532.89,7330.0
2026-04-29 21:30:00,4533.01,4541.19,4518.15,4538.0,7874.0
2026-04-29 22:00:00,4538.01,4550.58,4533.19,4542.68,6382.0
2026-04-29 22:30:00,4542.73,4549.72,4537.57,4546.86,5535.0
2026-04-29 23:00:00,4546.99,4553.42,4541.25,4543.21,5930.0
2026-04-29 23:30:00,4543.11,4546.54,4541.46,4543.09,3379.0
2026-04-30 01:00:00,4547.25,4550.75,4539.26,4549.04,2536.0
2026-04-30 01:30:00,4548.99,4552.65,4547.4,4552.01,1876.0
2026-04-30 02:00:00,4552.02,4555.04,4549.6,4551.55,1688.0
2026-04-30 02:30:00,4551.62,4561.9,4551.29,4561.65,2007.0
2026-04-30 03:00:00,4561.86,4568.43,4556.42,4563.52,5049.0
2026-04-30 03:30:00,4563.56,4573.96,4562.18,4569.88,3897.0
2026-04-30 04:00:00,4569.74,4580.91,4564.65,4579.79,5054.0
2026-04-30 04:30:00,4579.82,4582.35,4570.82,4579.01,5097.0
2026-04-30 05:00:00,4579.02,4581.73,4571.81,4572.98,3691.0
2026-04-30 05:30:00,4573.01,4573.94,4559.72,4564.8,4887.0
2026-04-30 06:00:00,4564.46,4568.91,4562.4,4563.16,3471.0
2026-04-30 06:30:00,4563.32,4563.77,4555.65,4555.82,3274.0
2026-04-30 07:00:00,4555.97,4556.83,4545.8,4547.2,3859.0
2026-04-30 07:30:00,4547.08,4549.4,4540.8,4541.97,3879.0
2026-04-30 08:00:00,4541.86,4558.76,4541.86,4555.6,3919.0
2026-04-30 08:30:00,4555.63,4569.56,4553.74,4562.48,4413.0
2026-04-30 09:00:00,4562.5,4570.95,4560.09,4569.38,5240.0
2026-04-30 09:30:00,4569.49,4591.43,4569.49,4589.48,5406.0
2026-04-30 10:00:00,4589.66,4595.55,4584.89,4591.47,5344.0
2026-04-30 10:30:00,4591.31,4605.41,4587.87,4598.39,4615.0
2026-04-30 11:00:00,4598.4,4629.76,4597.29,4617.39,5992.0
2026-04-30 11:30:00,4617.48,4620.58,4613.68,4616.26,4946.0
2026-04-30 12:00:00,4616.36,4626.62,4614.13,4625.42,5037.0
2026-04-30 12:30:00,4625.48,4631.66,4618.06,4625.09,5235.0
2026-04-30 13:00:00,4625.13,4643.94,4623.63,4643.48,4754.0
2026-04-30 13:30:00,4643.53,4646.71,4633.73,4639.68,5627.0
2026-04-30 14:00:00,4640.55,4644.98,4630.26,4637.54,5890.0
2026-04-30 14:30:00,4637.55,4637.73,4626.69,4630.09,5299.0
2026-04-30 15:00:00,4630.26,4637.4,4628.39,4629.12,5144.0
2026-04-30 15:30:00,4629.24,4640.02,4624.59,4639.48,5651.0
2026-04-30 16:00:00,4639.6,4645.7,4632.96,4633.51,6060.0
2026-04-30 16:30:00,4633.32,4634.54,4610.61,4610.95,7391.0
2026-04-30 17:00:00,4610.91,4625.81,4609.51,4622.89,7456.0
2026-04-30 17:30:00,4622.72,4623.78,4610.76,4619.69,6983.0
2026-04-30 18:00:00,4619.62,4624.35,4614.84,4622.85,6418.0
2026-04-30 18:30:00,4622.84,4625.25,4611.33,4615.29,5356.0
2026-04-30 19:00:00,4615.25,4617.36,4605.54,4607.95,4801.0
2026-04-30 19:30:00,4607.76,4617.67,4605.36,4607.52,4753.0
2026-04-30 20:00:00,4607.56,4620.66,4607.56,4617.78,5035.0
2026-04-30 20:30:00,4617.69,4621.51,4615.03,4616.73,4498.0
2026-04-30 21:00:00,4616.86,4625.14,4616.68,4620.7,4501.0
2026-04-30 21:30:00,4621.02,4624.95,4619.07,4622.37,3854.0
2026-04-30 22:00:00,4622.24,4627.21,4617.01,4617.62,4169.0
2026-04-30 22:30:00,4617.67,4623.12,4614.46,4617.0,4459.0
2026-04-30 23:00:00,4617.02,4620.36,4615.69,4616.59,3215.0
2026-04-30 23:30:00,4616.43,4622.03,4615.44,4620.48,2416.0
2026-05-01 01:00:00,4614.78,4635.67,4614.78,4631.2,2056.0
2026-05-01 01:30:00,4631.33,4632.25,4626.76,4630.29,2333.0
2026-05-01 02:00:00,4630.28,4632.1,4628.1,4630.68,1821.0
2026-05-01 02:30:00,4630.69,4633.96,4626.32,4626.42,2119.0
2026-05-01 03:00:00,4626.6,4630.94,4620.7,4623.74,3994.0
2026-05-01 03:30:00,4623.36,4624.94,4618.46,4619.63,3399.0
2026-05-01 04:00:00,4619.62,4620.72,4613.72,4616.27,2972.0
2026-05-01 04:30:00,4616.17,4622.12,4616.04,4620.82,2842.0
2026-05-01 05:00:00,4620.54,4635.93,4619.62,4629.39,2952.0
2026-05-01 05:30:00,4629.4,4631.06,4616.41,4619.0,2977.0
2026-05-01 06:00:00,4618.85,4626.57,4617.67,4626.13,2249.0
2026-05-01 06:30:00,4626.19,4631.95,4625.34,4626.6,2801.0
2026-05-01 07:00:00,4626.72,4628.69,4617.1,4617.45,2475.0
2026-05-01 07:30:00,4617.53,4618.06,4609.11,4609.11,2820.0
2026-05-01 08:00:00,4609.12,4616.09,4607.51,4614.65,2537.0
2026-05-01 08:30:00,4614.64,4615.35,4602.89,4604.82,2928.0
2026-05-01 09:00:00,4604.95,4607.86,4593.09,4593.35,3798.0
2026-05-01 09:30:00,4593.4,4597.47,4590.72,4594.69,4401.0
2026-05-01 10:00:00,4594.61,4597.98,4585.18,4592.25,4610.0
2026-05-01 10:30:00,4592.31,4592.46,4575.83,4578.11,4039.0
2026-05-01 11:00:00,4577.97,4582.47,4566.4,4567.27,4437.0
2026-05-01 11:30:00,4567.09,4572.49,4565.07,4568.58,3677.0
2026-05-01 12:00:00,4568.9,4571.29,4564.26,4569.15,3474.0
2026-05-01 12:30:00,4568.96,4572.88,4560.26,4562.61,3426.0
2026-05-01 13:00:00,4562.41,4572.55,4561.29,4572.04,2859.0
2026-05-01 13:30:00,4572.02,4575.93,4565.98,4566.72,3061.0
2026-05-01 14:00:00,4566.74,4576.26,4562.38,4571.77,3822.0
2026-05-01 14:30:00,4571.62,4579.46,4570.21,4578.6,3688.0
2026-05-01 15:00:00,4578.49,4607.68,4574.83,4602.79,5695.0
2026-05-01 15:30:00,4602.76,4603.09,4588.87,4591.04,5108.0
2026-05-01 16:00:00,4590.91,4597.16,4586.74,4589.01,4700.0
2026-05-01 16:30:00,4589.12,4628.77,4586.41,4625.62,7435.0
2026-05-01 17:00:00,4625.46,4660.09,4625.46,4644.52,7890.0
2026-05-01 17:30:00,4644.62,4646.11,4627.28,4631.96,7033.0
2026-05-01 18:00:00,4632.07,4640.44,4619.02,4636.37,6245.0
2026-05-01 18:30:00,4636.56,4647.91,4633.2,4643.12,5527.0
2026-05-01 19:00:00,4643.07,4649.91,4637.73,4637.86,5206.0
2026-05-01 19:30:00,4637.9,4642.78,4633.91,4638.76,4922.0
2026-05-01 20:00:00,4638.85,4642.65,4630.92,4631.64,4008.0
2026-05-01 20:30:00,4631.67,4634.8,4626.74,4629.44,4071.0
2026-05-01 21:00:00,4629.48,4630.57,4613.71,4623.21,4537.0
2026-05-01 21:30:00,4623.44,4625.69,4616.07,4624.16,4260.0
2026-05-01 22:00:00,4624.25,4627.58,4620.36,4624.24,3407.0
2026-05-01 22:30:00,4624.33,4624.43,4608.76,4610.87,4631.0
2026-05-01 23:00:00,4610.76,4616.04,4606.89,4613.19,2525.0
2026-05-01 23:30:00,4613.34,4617.22,4610.07,4616.25,1760.0
2026-05-04 01:00:00,4632.74,4637.2,4612.46,4620.74,3730.0
2026-05-04 01:30:00,4620.7,4629.24,4618.24,4618.76,2527.0
2026-05-04 02:00:00,4618.59,4620.74,4611.33,4617.0,2737.0
2026-05-04 02:30:00,4616.79,4618.31,4611.48,4613.81,2583.0
2026-05-04 03:00:00,4613.77,4616.37,4601.53,4605.89,4707.0
2026-05-04 03:30:00,4606.02,4613.35,4604.82,4612.94,3349.0
2026-05-04 04:00:00,4612.78,4613.9,4594.05,4594.51,4220.0
2026-05-04 04:30:00,4594.49,4613.59,4592.59,4612.93,3233.0
2026-05-04 05:00:00,4612.84,4618.38,4591.45,4592.98,4010.0
2026-05-04 05:30:00,4592.85,4610.93,4590.9,4605.68,3382.0
2026-05-04 06:00:00,4605.71,4611.53,4604.3,4609.75,2735.0
2026-05-04 06:30:00,4609.56,4616.96,4598.42,4614.94,4269.0
2026-05-04 07:00:00,4614.9,4615.28,4606.99,4607.87,3116.0
2026-05-04 07:30:00,4607.86,4612.77,4604.96,4605.8,2700.0
2026-05-04 08:00:00,4605.83,4612.96,4595.57,4596.42,4043.0
2026-05-04 08:30:00,4596.43,4601.72,4592.22,4598.95,4099.0
2026-05-04 09:00:00,4598.72,4600.67,4587.78,4593.86,4786.0
2026-05-04 09:30:00,4594.04,4595.42,4583.57,4588.56,4587.0
2026-05-04 10:00:00,4588.47,4593.21,4583.17,4585.82,4226.0
2026-05-04 10:30:00,4585.84,4590.71,4577.95,4578.87,4127.0
2026-05-04 11:00:00,4578.98,4581.21,4574.11,4574.91,4666.0
2026-05-04 11:30:00,4574.89,4581.19,4573.63,4576.91,3714.0
2026-05-04 12:00:00,4576.74,4584.35,4576.05,4581.2,3281.0
2026-05-04 12:30:00,4581.25,4584.35,4572.42,4575.26,2911.0
2026-05-04 13:00:00,4575.19,4575.64,4525.91,4544.81,7971.0
2026-05-04 13:30:00,4544.84,4566.8,4542.96,4562.55,5988.0
2026-05-04 14:00:00,4563.45,4570.61,4561.12,4562.17,5199.0
2026-05-04 14:30:00,4562.07,4562.93,4551.4,4559.74,5298.0
2026-05-04 15:00:00,4559.8,4574.52,4559.24,4572.13,3399.0
2026-05-04 15:30:00,4561.98,4575.81,4561.98,4568.29,3734.0
2026-05-04 16:00:00,4568.02,4575.47,4557.29,4560.95,6156.0
2026-05-04 16:30:00,4561.04,4570.59,4555.5,4563.95,7363.0
2026-05-04 17:00:00,4563.92,4582.14,4553.41,4571.11,7236.0
2026-05-04 17:30:00,4571.14,4583.15,4559.64,4561.37,6266.0
2026-05-04 18:00:00,4561.48,4565.92,4514.41,4537.79,8284.0
2026-05-04 18:30:00,4537.9,4542.79,4513.19,4521.51,7859.0
2026-05-04 19:00:00,4521.2,4526.84,4500.68,4514.75,8019.0
2026-05-04 19:30:00,4514.63,4518.67,4507.33,4510.5,6124.0
2026-05-04 20:00:00,4510.48,4531.45,4510.48,4524.3,6223.0
2026-05-04 20:30:00,4524.24,4527.35,4521.37,4522.14,4523.0
2026-05-04 21:00:00,4522.28,4525.17,4509.82,4511.85,4369.0
2026-05-04 21:30:00,4511.8,4516.25,4510.52,4516.14,4230.0
2026-05-04 22:00:00,4516.15,4525.84,4511.37,4522.28,4935.0
2026-05-04 22:30:00,4522.41,4527.04,4515.24,4517.62,4327.0
2026-05-04 23:00:00,4517.63,4517.95,4511.7,4515.11,2296.0
2026-05-04 23:30:00,4515.06,4523.25,4514.54,4523.25,1842.0
2026-05-05 01:00:00,4515.76,4525.19,4515.76,4519.72,1639.0
2026-05-05 01:30:00,4519.81,4522.11,4515.52,4517.34,1313.0
2026-05-05 02:00:00,4517.26,4521.44,4516.08,4520.97,1346.0
2026-05-05 02:30:00,4520.84,4521.26,4517.24,4518.83,1417.0
2026-05-05 03:00:00,4519.02,4528.43,4513.53,4517.0,3698.0
2026-05-05 03:30:00,4516.9,4530.27,4515.95,4529.98,2847.0
2026-05-05 04:00:00,4529.62,4539.92,4525.33,4537.68,3744.0
2026-05-05 04:30:00,4537.83,4542.21,4534.01,4540.85,3453.0
2026-05-05 05:00:00,4540.84,4542.46,4534.62,4541.42,2668.0
2026-05-05 05:30:00,4541.5,4546.57,4538.76,4538.97,2743.0
2026-05-05 06:00:00,4538.79,4542.62,4537.32,4537.96,2125.0
2026-05-05 06:30:00,4537.93,4539.12,4532.4,4534.52,2142.0
2026-05-05 07:00:00,4534.44,4535.63,4529.4,4529.5,1899.0
2026-05-05 07:30:00,4529.49,4536.53,4527.89,4533.53,2196.0
2026-05-05 08:00:00,4533.49,4545.36,4531.36,4539.82,3044.0
2026-05-05 08:30:00,4539.9,4551.66,4539.62,4545.57,3701.0
2026-05-05 09:00:00,4545.72,4551.96,4533.8,4536.8,4249.0
2026-05-05 09:30:00,4536.68,4550.81,4536.2,4547.99,4160.0
2026-05-05 10:00:00,4547.96,4555.5,4547.42,4548.75,4088.0
2026-05-05 10:30:00,4548.91,4558.25,4543.23,4545.41,4433.0
2026-05-05 11:00:00,4545.43,4554.56,4545.43,4551.15,4330.0
2026-05-05 11:30:00,4550.97,4559.52,4547.79,4558.24,4032.0
2026-05-05 12:00:00,4558.36,4560.29,4552.22,4552.26,4096.0
2026-05-05 12:30:00,4552.27,4558.18,4551.03,4556.16,3437.0
2026-05-05 13:00:00,4556.39,4556.76,4546.87,4547.84,3278.0
2026-05-05 13:30:00,4547.8,4553.91,4540.17,4543.67,3755.0
2026-05-05 14:00:00,4543.68,4557.49,4539.78,4555.93,4412.0
2026-05-05 14:30:00,4555.96,4564.78,4554.97,4562.68,4173.0
2026-05-05 15:00:00,4562.69,4574.2,4554.16,4573.71,5653.0
2026-05-05 15:30:00,4573.74,4574.65,4561.69,4564.56,4216.0
2026-05-05 16:00:00,4564.45,4584.76,4564.22,4576.73,5368.0
2026-05-05 16:30:00,4576.77,4583.02,4571.68,4579.28,5923.0
2026-05-05 17:00:00,4579.85,4586.49,4565.87,4584.0,6480.0
2026-05-05 17:30:00,4584.22,4585.59,4575.38,4582.26,5353.0
2026-05-05 18:00:00,4582.31,4583.73,4575.37,4578.73,4724.0
2026-05-05 18:30:00,4578.79,4580.85,4568.36,4568.53,4642.0
2026-05-05 19:00:00,4568.5,4568.88,4556.08,4559.61,4324.0
2026-05-05 19:30:00,4559.7,4562.76,4553.63,4561.17,4153.0
2026-05-05 20:00:00,4561.16,4562.54,4553.22,4558.55,4043.0
2026-05-05 20:30:00,4558.57,4562.69,4556.03,4559.79,3288.0
2026-05-05 21:00:00,4559.82,4565.4,4558.61,4562.05,2739.0
2026-05-05 21:30:00,4562.16,4565.65,4557.57,4560.95,3042.0
2026-05-05 22:00:00,4561.03,4561.27,4554.85,4556.14,2721.0
2026-05-05 22:30:00,4556.13,4558.78,4551.48,4554.78,2844.0
2026-05-05 23:00:00,4554.96,4559.73,4553.93,4559.16,1816.0
2026-05-05 23:30:00,4559.09,4559.91,4554.42,4556.15,1622.0
2026-05-06 01:00:00,4560.19,4560.58,4546.43,4546.67,2219.0
2026-05-06 01:30:00,4546.66,4577.09,4546.23,4573.24,2803.0
2026-05-06 02:00:00,4573.31,4590.49,4569.31,4582.03,4574.0
2026-05-06 02:30:00,4582.0,4595.61,4579.4,4593.92,3220.0
2026-05-06 03:00:00,4593.61,4604.04,4588.16,4602.13,4999.0
2026-05-06 03:30:00,4602.14,4619.62,4602.01,4618.64,3981.0
2026-05-06 04:00:00,4618.65,4625.54,4609.36,4624.87,5313.0
2026-05-06 04:30:00,4624.86,4628.48,4620.3,4625.94,4547.0
2026-05-06 05:00:00,4625.83,4636.29,4625.19,4629.94,3594.0
2026-05-06 05:30:00,4629.93,4641.71,4626.69,4640.6,3878.0
2026-05-06 06:00:00,4640.65,4651.03,4638.37,4645.63,3532.0
2026-05-06 06:30:00,4645.46,4651.92,4642.51,4643.61,2901.0
2026-05-06 07:00:00,4643.63,4653.53,4643.34,4652.95,2772.0
2026-05-06 07:30:00,4652.74,4652.74,4645.96,4648.9,3855.0
2026-05-06 08:00:00,4648.92,4656.36,4648.81,4650.32,3248.0
2026-05-06 08:30:00,4650.22,4663.66,4644.57,4662.9,4251.0
2026-05-06 09:00:00,4662.88,4666.53,4656.96,4666.03,4726.0
2026-05-06 09:30:00,4666.06,4669.59,4659.98,4669.12,4399.0
2026-05-06 10:00:00,4669.16,4669.95,4657.34,4667.47,4185.0
2026-05-06 10:30:00,4667.48,4681.6,4663.0,4681.45,4571.0
2026-05-06 11:00:00,4681.3,4682.25,4675.2,4676.93,4491.0
2026-05-06 11:30:00,4676.94,4702.33,4671.53,4700.01,5320.0
2026-05-06 12:00:00,4700.14,4708.41,4689.04,4700.02,6434.0
2026-05-06 12:30:00,4699.92,4705.99,4694.28,4701.76,5226.0
2026-05-06 13:00:00,4701.85,4705.51,4695.56,4704.35,4971.0
2026-05-06 13:30:00,4704.38,4722.83,4704.38,4717.94,6262.0
2026-05-06 14:00:00,4717.91,4721.19,4705.6,4705.6,5978.0
2026-05-06 14:30:00,4705.83,4715.27,4690.71,4692.07,6065.0
2026-05-06 15:00:00,4691.97,4693.08,4660.5,4683.26,7420.0
2026-05-06 15:30:00,4683.27,4685.3,4676.76,4683.34,5966.0
2026-05-06 16:00:00,4683.29,4692.29,4668.86,4685.06,6985.0
2026-05-06 16:30:00,4685.07,4707.65,4680.21,4702.05,7623.0
2026-05-06 17:00:00,4701.88,4717.35,4697.55,4705.6,7096.0
2026-05-06 17:30:00,4705.67,4714.36,4700.63,4702.93,6528.0
2026-05-06 18:00:00,4702.91,4705.76,4693.39,4695.34,5672.0
2026-05-06 18:30:00,4695.48,4697.81,4687.74,4687.83,5288.0
2026-05-06 19:00:00,4687.72,4688.45,4681.26,4687.98,4966.0
2026-05-06 19:30:00,4688.1,4691.96,4679.45,4683.08,4766.0
2026-05-06 20:00:00,4683.06,4687.95,4679.56,4682.95,4560.0
2026-05-06 20:30:00,4682.87,4684.48,4678.83,4683.96,3788.0
2026-05-06 21:00:00,4684.1,4690.33,4681.81,4687.64,3417.0
2026-05-06 21:30:00,4687.79,4690.17,4684.83,4685.94,3377.0
2026-05-06 22:00:00,4685.99,4700.04,4685.99,4698.33,3635.0
2026-05-06 22:30:00,4698.32,4698.86,4692.37,4692.51,3708.0
2026-05-06 23:00:00,4692.39,4699.53,4691.89,4692.55,2610.0
2026-05-06 23:30:00,4692.58,4692.97,4685.1,4690.6,2259.0
2026-05-07 01:00:00,4694.03,4699.73,4689.32,4695.44,2363.0
2026-05-07 01:30:00,4695.4,4699.53,4694.28,4694.8,1867.0
2026-05-07 02:00:00,4694.77,4698.45,4690.14,4693.27,2119.0
2026-05-07 02:30:00,4693.29,4699.42,4691.62,4698.87,1958.0
2026-05-07 03:00:00,4698.79,4701.04,4689.87,4692.35,4652.0
2026-05-07 03:30:00,4692.22,4693.3,4685.41,4688.47,4017.0
2026-05-07 04:00:00,4688.54,4716.28,4685.1,4704.04,5731.0
2026-05-07 04:30:00,4704.03,4721.13,4702.09,4714.62,4929.0
2026-05-07 05:00:00,4714.61,4718.32,4701.72,4702.71,4331.0
2026-05-07 05:30:00,4702.55,4709.77,4699.85,4707.24,3633.0
2026-05-07 06:00:00,4707.11,4709.75,4704.12,4704.31,3071.0
2026-05-07 06:30:00,4704.44,4704.85,4698.89,4699.09,2352.0
2026-05-07 07:00:00,4699.03,4700.66,4694.98,4696.9,2970.0
2026-05-07 07:30:00,4696.82,4699.07,4692.25,4696.3,2440.0
2026-05-07 08:00:00,4696.2,4701.02,4694.59,4695.81,2741.0
2026-05-07 08:30:00,4695.78,4706.4,4694.77,4700.92,3860.0
2026-05-07 09:00:00,4700.91,4717.75,4700.91,4717.27,4390.0
2026-05-07 09:30:00,4717.1,4746.94,4715.99,4739.03,3497.0
2026-05-07 10:00:00,4738.68,4750.59,4731.62,4739.31,6263.0
2026-05-07 10:30:00,4739.32,4744.43,4737.04,4743.08,4795.0
2026-05-07 11:00:00,4743.19,4753.37,4733.64,4740.09,5461.0
2026-05-07 11:30:00,4740.04,4741.75,4730.84,4730.92,4327.0
2026-05-07 12:00:00,4731.08,4738.51,4721.69,4735.55,4579.0
2026-05-07 12:30:00,4735.52,4739.36,4725.78,4728.98,4396.0
2026-05-07 13:00:00,4728.84,4736.13,4726.47,4732.41,4122.0
2026-05-07 13:30:00,4732.03,4739.75,4728.01,4735.63,3683.0
2026-05-07 14:00:00,4735.84,4737.09,4727.22,4732.67,4222.0
2026-05-07 14:30:00,4732.7,4743.5,4731.82,4742.7,4538.0
2026-05-07 15:00:00,4742.69,4747.02,4732.98,4738.26,5416.0
2026-05-07 15:30:00,4738.1,4752.63,4737.19,4749.74,5252.0
2026-05-07 16:00:00,4749.79,4750.21,4731.24,4745.24,5884.0
2026-05-07 16:30:00,4745.14,4758.19,4737.33,4746.28,7185.0
2026-05-07 17:00:00,4746.09,4759.4,4741.07,4756.64,6362.0
2026-05-07 17:30:00,4756.55,4763.31,4747.59,4762.74,5921.0
2026-05-07 18:00:00,4762.69,4764.64,4736.36,4740.06,6204.0
2026-05-07 18:30:00,4740.24,4747.01,4726.34,4729.17,6319.0
2026-05-07 19:00:00,4729.15,4729.66,4704.41,4719.96,7224.0
2026-05-07 19:30:00,4719.89,4720.73,4710.42,4714.93,5871.0
2026-05-07 20:00:00,4715.06,4719.38,4687.69,4699.15,6655.0
2026-05-07 20:30:00,4699.07,4712.09,4693.42,4711.47,7168.0
2026-05-07 21:00:00,4711.46,4712.91,4705.19,4712.78,5565.0
2026-05-07 21:30:00,4712.68,4715.85,4695.44,4709.6,6324.0
2026-05-07 22:00:00,4709.74,4712.86,4697.72,4705.02,5896.0
2026-05-07 22:30:00,4705.11,4711.97,4702.69,4702.86,5264.0
2026-05-07 23:00:00,4702.95,4719.13,4702.95,4712.91,4074.0
2026-05-07 23:30:00,4712.88,4715.63,4686.19,4688.37,4307.0
2026-05-08 01:00:00,4688.8,4699.31,4677.45,4693.72,4062.0
2026-05-08 01:30:00,4693.8,4694.82,4681.69,4685.77,2978.0
2026-05-08 02:00:00,4685.79,4698.41,4684.49,4696.24,2409.0
2026-05-08 02:30:00,4696.32,4705.4,4694.93,4704.18,2559.0
2026-05-08 03:00:00,4704.37,4709.35,4693.91,4697.2,4501.0
2026-05-08 03:30:00,4697.14,4708.02,4696.11,4701.3,4143.0
2026-05-08 04:00:00,4701.16,4719.23,4700.14,4712.4,5390.0
2026-05-08 04:30:00,4712.33,4725.27,4704.99,4722.75,5080.0
2026-05-08 05:00:00,4722.8,4732.62,4718.14,4721.41,4239.0
2026-05-08 05:30:00,4721.42,4723.42,4706.9,4713.27,5245.0
2026-05-08 06:00:00,4713.25,4722.58,4710.91,4720.28,3572.0
2026-05-08 06:30:00,4720.27,4730.91,4717.94,4719.54,3373.0
2026-05-08 07:00:00,4719.64,4723.22,4713.24,4717.29,2874.0
2026-05-08 07:30:00,4717.31,4718.29,4708.95,4710.85,3050.0
2026-05-08 08:00:00,4710.88,4719.99,4709.6,4719.3,2830.0
2026-05-08 08:30:00,4719.24,4731.19,4719.24,4727.42,4637.0
2026-05-08 09:00:00,4727.43,4734.58,4712.61,4733.5,5714.0
2026-05-08 09:30:00,4733.54,4734.28,4721.07,4725.59,4777.0
2026-05-08 10:00:00,4725.44,4726.33,4696.96,4706.54,5636.0
2026-05-08 10:30:00,4706.43,4713.45,4701.17,4707.87,4822.0
2026-05-08 11:00:00,4707.86,4722.53,4706.65,4716.84,4652.0
2026-05-08 11:30:00,4716.83,4723.39,4714.92,4715.65,3988.0
2026-05-08 12:00:00,4715.96,4722.69,4713.38,4717.98,3722.0
2026-05-08 12:30:00,4717.86,4718.62,4707.42,4711.8,4065.0
2026-05-08 13:00:00,4711.58,4723.85,4710.94,4720.39,3260.0
2026-05-08 13:30:00,4720.36,4727.69,4715.17,4719.72,3775.0
2026-05-08 14:00:00,4720.04,4727.22,4718.73,4723.97,4164.0
2026-05-08 14:30:00,4723.96,4725.72,4713.56,4717.62,3692.0
2026-05-08 15:00:00,4717.7,4719.7,4702.79,4710.3,4963.0
2026-05-08 15:30:00,4710.25,4731.97,4702.56,4724.32,6963.0
2026-05-08 16:00:00,4724.33,4728.85,4716.59,4727.13,6194.0
2026-05-08 16:30:00,4727.26,4747.93,4726.77,4747.92,7019.0
2026-05-08 17:00:00,4747.82,4749.36,4718.06,4718.06,7214.0
2026-05-08 17:30:00,4718.0,4725.53,4713.23,4715.82,6570.0
2026-05-08 18:00:00,4715.81,4720.76,4704.34,4713.27,6390.0
2026-05-08 18:30:00,4713.37,4714.97,4701.97,4706.93,5679.0
2026-05-08 19:00:00,4707.09,4717.57,4705.32,4717.57,4497.0
2026-05-08 19:30:00,4717.55,4720.12,4711.22,4712.32,4249.0
2026-05-08 20:00:00,4712.22,4721.93,4712.01,4720.55,3908.0
2026-05-08 20:30:00,4720.39,4722.57,4719.31,4720.75,2901.0
2026-05-08 21:00:00,4720.86,4728.85,4720.47,4725.6,3616.0
2026-05-08 21:30:00,4725.47,4726.36,4719.84,4721.82,3115.0
2026-05-08 22:00:00,4721.69,4725.53,4720.92,4723.65,2678.0
2026-05-08 22:30:00,4723.55,4726.7,4721.64,4723.81,3408.0
2026-05-08 23:00:00,4723.94,4724.14,4715.12,4717.25,2401.0
2026-05-08 23:30:00,4717.21,4719.01,4714.21,4715.31,1471.0
2026-05-11 01:00:00,4681.8,4701.54,4674.65,4694.46,4607.0
2026-05-11 01:30:00,4693.95,4694.46,4686.93,4691.67,2936.0
2026-05-11 02:00:00,4691.54,4696.97,4688.74,4694.52,2624.0
2026-05-11 02:30:00,4694.63,4698.44,4689.97,4691.51,2394.0
2026-05-11 03:00:00,4691.08,4691.34,4675.91,4683.44,4579.0
2026-05-11 03:30:00,4683.45,4693.2,4669.98,4683.42,4955.0
2026-05-11 04:00:00,4683.31,4705.36,4674.57,4698.81,7070.0
2026-05-11 04:30:00,4698.93,4701.47,4680.15,4685.59,5817.0
2026-05-11 05:00:00,4685.55,4692.92,4678.43,4688.35,4682.0
2026-05-11 05:30:00,4688.3,4700.05,4676.42,4681.57,5153.0
2026-05-11 06:00:00,4681.42,4690.23,4674.88,4689.37,4178.0
2026-05-11 06:30:00,4689.55,4690.29,4676.83,4678.5,3491.0
2026-05-11 07:00:00,4678.95,4679.64,4670.19,4671.67,3509.0
2026-05-11 07:30:00,4671.37,4675.85,4668.39,4671.91,2844.0
2026-05-11 08:00:00,4671.9,4675.85,4670.65,4670.7,2950.0
2026-05-11 08:30:00,4670.59,4680.48,4648.02,4652.17,5746.0
2026-05-11 09:00:00,4652.12,4670.59,4649.21,4667.26,5402.0
2026-05-11 09:30:00,4667.27,4680.32,4667.26,4678.29,4721.0
2026-05-11 10:00:00,4678.41,4680.2,4672.12,4675.78,4249.0
2026-05-11 10:30:00,4675.7,4677.93,4664.27,4667.64,3616.0
2026-05-11 11:00:00,4667.72,4678.64,4664.15,4671.63,4443.0
2026-05-11 11:30:00,4671.41,4675.15,4666.72,4667.41,3647.0
2026-05-11 12:00:00,4667.49,4669.91,4656.83,4657.43,3451.0
2026-05-11 12:30:00,4657.37,4664.79,4650.47,4656.63,3916.0
2026-05-11 13:00:00,4656.46,4665.77,4656.28,4663.22,3369.0
2026-05-11 13:30:00,4663.26,4667.38,4660.22,4663.71,3552.0
2026-05-11 14:00:00,4663.85,4672.35,4663.85,4671.88,3707.0
2026-05-11 14:30:00,4671.87,4677.21,4670.15,4674.39,3983.0
2026-05-11 15:00:00,4674.48,4695.32,4667.42,4690.59,5210.0
2026-05-11 15:30:00,4690.62,4700.96,4686.34,4699.82,5910.0
2026-05-11 16:00:00,4699.91,4735.56,4698.72,4728.34,6858.0
2026-05-11 16:30:00,4728.5,4748.43,4728.27,4735.82,6956.0
2026-05-11 17:00:00,4735.92,4738.36,4718.38,4724.95,6479.0
2026-05-11 17:30:00,4724.96,4733.84,4715.19,4725.49,6169.0
2026-05-11 18:00:00,4725.45,4738.15,4722.8,4732.78,5141.0
2026-05-11 18:30:00,4732.82,4734.66,4725.13,4732.09,4721.0
2026-05-11 19:00:00,4732.13,4733.41,4722.35,4723.83,4018.0
2026-05-11 19:30:00,4723.79,4725.95,4707.95,4716.43,5176.0
2026-05-11 20:00:00,4716.36,4721.61,4715.81,4718.04,4475.0
2026-05-11 20:30:00,4717.85,4724.57,4717.69,4723.59,3215.0
2026-05-11 21:00:00,4723.77,4727.4,4720.97,4727.1,3591.0
2026-05-11 21:30:00,4727.19,4729.25,4724.8,4724.8,3036.0
2026-05-11 22:00:00,4724.91,4728.4,4723.18,4724.17,3482.0
2026-05-11 22:30:00,4724.21,4736.08,4722.35,4733.54,3467.0
2026-05-11 23:00:00,4733.57,4737.76,4730.0,4735.26,2211.0
2026-05-11 23:30:00,4735.29,4738.39,4732.48,4735.03,1617.0
2026-05-12 01:00:00,4721.69,4743.75,4721.69,4739.71,2109.0
2026-05-12 01:30:00,4739.62,4755.51,4738.88,4750.8,2229.0
2026-05-12 02:00:00,4751.1,4754.64,4746.11,4752.82,2530.0
2026-05-12 02:30:00,4752.84,4769.36,4751.39,4767.33,3403.0
2026-05-12 03:00:00,4767.31,4773.34,4753.36,4762.23,4948.0
2026-05-12 03:30:00,4762.12,4763.7,4748.76,4749.25,4181.0
2026-05-12 04:00:00,4749.19,4755.38,4733.72,4735.06,6263.0
2026-05-12 04:30:00,4734.96,4738.78,4720.29,4727.14,6006.0
2026-05-12 05:00:00,4727.35,4733.81,4724.45,4727.09,4668.0
2026-05-12 05:30:00,4727.0,4733.38,4722.23,4729.92,5091.0
2026-05-12 06:00:00,4729.94,4733.08,4722.86,4723.76,4186.0
2026-05-12 06:30:00,4723.84,4727.81,4718.07,4720.08,2936.0
2026-05-12 07:00:00,4719.82,4730.26,4719.69,4722.42,3078.0
2026-05-12 07:30:00,4722.55,4726.32,4711.15,4714.04,3001.0
2026-05-12 08:00:00,4713.86,4718.55,4708.66,4715.2,3834.0
2026-05-12 08:30:00,4715.47,4722.21,4710.04,4714.2,5016.0
2026-05-12 09:00:00,4714.15,4714.23,4695.18,4695.97,5642.0
2026-05-12 09:30:00,4696.13,4704.66,4694.46,4697.09,5364.0
2026-05-12 10:00:00,4696.92,4699.48,4687.39,4697.76,5062.0
2026-05-12 10:30:00,4697.78,4703.75,4695.5,4699.73,4168.0
2026-05-12 11:00:00,4699.74,4706.61,4697.17,4702.83,4268.0
2026-05-12 11:30:00,4702.74,4706.58,4697.97,4703.21,3965.0
2026-05-12 12:00:00,4703.13,4703.19,4697.42,4699.63,3641.0
2026-05-12 12:30:00,4699.58,4705.09,4694.2,4699.39,4180.0
2026-05-12 13:00:00,4699.47,4708.34,4698.68,4700.04,3564.0
2026-05-12 13:30:00,4700.05,4700.15,4685.09,4694.26,4397.0
2026-05-12 14:00:00,4694.25,4700.06,4687.14,4699.94,4834.0
2026-05-12 14:30:00,4700.01,4709.06,4697.73,4706.49,4277.0
2026-05-12 15:00:00,4706.58,4708.16,4694.95,4697.15,4762.0
2026-05-12 15:30:00,4697.26,4711.44,4689.77,4705.64,6364.0
2026-05-12 16:00:00,4705.58,4708.76,4679.29,4690.75,6474.0
2026-05-12 16:30:00,4690.74,4701.45,4676.91,4679.12,7415.0
2026-05-12 17:00:00,4678.93,4695.07,4675.96,4683.1,6789.0
2026-05-12 17:30:00,4683.12,4687.86,4669.76,4672.74,6692.0
2026-05-12 18:00:00,4672.65,4676.06,4638.08,4655.79,7256.0
2026-05-12 18:30:00,4655.91,4669.99,4653.87,4665.96,6001.0
2026-05-12 19:00:00,4666.01,4675.04,4664.1,4668.2,4863.0
2026-05-12 19:30:00,4668.45,4674.21,4665.01,4671.08,4839.0
2026-05-12 20:00:00,4671.17,4682.34,4671.17,4679.28,4794.0
2026-05-12 20:30:00,4679.13,4680.6,4675.94,4678.68,3831.0
2026-05-12 21:00:00,4678.71,4687.44,4676.15,4685.16,4377.0
2026-05-12 21:30:00,4685.0,4697.97,4684.68,4695.86,4527.0
2026-05-12 22:00:00,4695.98,4704.34,4695.98,4703.35,3813.0
2026-05-12 22:30:00,4703.36,4715.57,4703.36,4715.57,3959.0
2026-05-12 23:00:00,4715.48,4719.16,4712.07,4713.12,2747.0
2026-05-12 23:30:00,4713.11,4715.66,4712.14,4714.97,1920.0
2026-05-13 01:00:00,4707.14,4721.69,4706.95,4717.0,2796.0
2026-05-13 01:30:00,4716.79,4722.37,4715.13,4716.92,2393.0
2026-05-13 02:00:00,4716.93,4723.76,4715.81,4720.08,2899.0
2026-05-13 02:30:00,4720.1,4723.26,4715.16,4716.85,3361.0
2026-05-13 03:00:00,4716.94,4726.61,4714.8,4722.46,4868.0
2026-05-13 03:30:00,4722.47,4724.84,4713.4,4714.38,4258.0
2026-05-13 04:00:00,4714.6,4716.74,4702.85,4704.41,5440.0
2026-05-13 04:30:00,4703.92,4710.62,4700.99,4702.45,4559.0
2026-05-13 05:00:00,4702.42,4707.5,4698.28,4700.31,3417.0
2026-05-13 05:30:00,4700.25,4700.31,4687.58,4691.93,4670.0
2026-05-13 06:00:00,4691.77,4700.57,4688.87,4700.5,3769.0
2026-05-13 06:30:00,4700.46,4705.85,4694.23,4695.93,2830.0
2026-05-13 07:00:00,4695.9,4703.26,4695.4,4701.25,2451.0
2026-05-13 07:30:00,4701.24,4703.22,4697.26,4699.51,2512.0
2026-05-13 08:00:00,4699.39,4707.2,4697.8,4697.97,3351.0
2026-05-13 08:30:00,4697.82,4705.21,4693.65,4703.9,4585.0
2026-05-13 09:00:00,4703.92,4715.33,4703.32,4708.64,4501.0
2026-05-13 09:30:00,4708.72,4713.58,4699.06,4701.33,4445.0
2026-05-13 10:00:00,4701.65,4708.67,4696.6,4707.49,4403.0
2026-05-13 10:30:00,4707.48,4707.71,4701.24,4702.78,3498.0
2026-05-13 11:00:00,4702.76,4704.18,4694.7,4697.02,3945.0
2026-05-13 11:30:00,4697.06,4702.77,4694.43,4700.56,3491.0
2026-05-13 12:00:00,4700.59,4701.71,4685.93,4688.78,3974.0
2026-05-13 12:30:00,4688.76,4700.92,4685.82,4700.81,3745.0
2026-05-13 13:00:00,4700.79,4710.34,4698.65,4699.53,4171.0
2026-05-13 13:30:00,4699.59,4699.82,4693.66,4694.02,3570.0
2026-05-13 14:00:00,4694.03,4700.43,4691.45,4698.4,4012.0
2026-05-13 14:30:00,4698.43,4705.31,4697.31,4697.31,4023.0
2026-05-13 15:00:00,4697.14,4701.53,4683.14,4684.61,4821.0
2026-05-13 15:30:00,4684.77,4687.2,4676.11,4683.72,6436.0
2026-05-13 16:00:00,4683.51,4694.52,4683.51,4688.65,5305.0
2026-05-13 16:30:00,4688.61,4690.71,4669.36,4679.27,6992.0
2026-05-13 17:00:00,4679.18,4685.38,4672.75,4684.13,6309.0
2026-05-13 17:30:00,4684.14,4690.97,4677.15,4679.69,5986.0
2026-05-13 18:00:00,4679.67,4691.61,4678.85,4691.07,5251.0
2026-05-13 18:30:00,4691.04,4699.72,4686.85,4695.38,5073.0
2026-05-13 19:00:00,4695.33,4709.7,4695.09,4706.78,4897.0
2026-05-13 19:30:00,4706.88,4707.57,4694.95,4695.59,4636.0
2026-05-13 20:00:00,4695.6,4701.14,4695.6,4698.29,4100.0
2026-05-13 20:30:00,4698.16,4698.38,4684.52,4685.5,4394.0
2026-05-13 21:00:00,4685.39,4693.93,4684.36,4691.89,3805.0
2026-05-13 21:30:00,4691.73,4692.66,4677.48,4684.84,4187.0
2026-05-13 22:00:00,4684.95,4690.41,4683.25,4687.08,3592.0
2026-05-13 22:30:00,4687.11,4689.33,4683.69,4688.19,3763.0
2026-05-13 23:00:00,4688.06,4693.34,4685.91,4691.22,2047.0
2026-05-13 23:30:00,4691.2,4692.87,4687.86,4688.56,1613.0
2026-05-14 01:00:00,4692.13,4697.21,4688.94,4697.02,2179.0
2026-05-14 01:30:00,4696.87,4700.46,4695.52,4700.02,1769.0
2026-05-14 02:00:00,4699.79,4702.09,4696.67,4697.25,1622.0
2026-05-14 02:30:00,4697.05,4697.42,4693.16,4696.5,2048.0
2026-05-14 03:00:00,4696.48,4705.27,4689.4,4701.0,3983.0
2026-05-14 03:30:00,4700.95,4706.72,4692.94,4704.95,3613.0
2026-05-14 04:00:00,4704.8,4706.94,4683.97,4692.65,6473.0
2026-05-14 04:30:00,4692.52,4694.86,4683.51,4688.69,5749.0
2026-05-14 05:00:00,4688.65,4694.08,4686.53,4693.47,4209.0
2026-05-14 05:30:00,4693.83,4699.59,4679.89,4686.22,4960.0
2026-05-14 06:00:00,4686.43,4693.25,4681.42,4691.33,4640.0
2026-05-14 06:30:00,4691.3,4691.46,4673.89,4674.92,3778.0
2026-05-14 07:00:00,4674.75,4707.34,4668.68,4702.32,4043.0
2026-05-14 07:30:00,4702.27,4712.57,4701.35,4702.41,3490.0
2026-05-14 08:00:00,4702.38,4704.08,4693.3,4693.57,3333.0
2026-05-14 08:30:00,4693.56,4703.14,4688.97,4689.56,4808.0
2026-05-14 09:00:00,4689.57,4694.66,4686.01,4691.23,4899.0
2026-05-14 09:30:00,4691.25,4702.32,4690.54,4700.09,4635.0
2026-05-14 10:00:00,4700.12,4706.79,4694.41,4705.42,4523.0
2026-05-14 10:30:00,4705.72,4718.49,4690.68,4692.99,5019.0
2026-05-14 11:00:00,4692.8,4704.56,4691.99,4702.93,4514.0
2026-05-14 11:30:00,4703.0,4706.56,4692.88,4693.2,4150.0
2026-05-14 12:00:00,4693.32,4698.01,4690.33,4690.62,3703.0
2026-05-14 12:30:00,4690.5,4702.39,4688.38,4699.47,4216.0
2026-05-14 13:00:00,4699.56,4705.38,4693.82,4697.47,4021.0
2026-05-14 13:30:00,4697.51,4697.94,4691.15,4696.92,3751.0
2026-05-14 14:00:00,4697.01,4698.73,4689.29,4691.82,3745.0
2026-05-14 14:30:00,4691.87,4704.71,4690.76,4694.33,4030.0
2026-05-14 15:00:00,4694.01,4707.36,4692.28,4703.01,4543.0
2026-05-14 15:30:00,4702.93,4709.97,4695.92,4704.86,5057.0
2026-05-14 16:00:00,4704.97,4707.68,4687.97,4688.18,6011.0
2026-05-14 16:30:00,4688.3,4690.98,4666.8,4679.25,7545.0
2026-05-14 17:00:00,4679.48,4700.71,4677.54,4691.39,6763.0
2026-05-14 17:30:00,4691.4,4692.25,4679.13,4679.4,5861.0
2026-05-14 18:00:00,4679.51,4689.29,4676.97,4685.69,5337.0
2026-05-14 18:30:00,4685.71,4688.83,4680.95,4685.79,4424.0
2026-05-14 19:00:00,4685.67,4686.83,4673.99,4677.13,4874.0
2026-05-14 19:30:00,4677.1,4678.89,4670.21,4678.44,4642.0
2026-05-14 20:00:00,4678.52,4682.95,4676.8,4677.23,4608.0
2026-05-14 20:30:00,4677.19,4681.64,4676.34,4678.04,3778.0
2026-05-14 21:00:00,4678.1,4678.3,4668.64,4673.41,4228.0
2026-05-14 21:30:00,4673.39,4674.84,4666.82,4671.52,3058.0
2026-05-14 22:00:00,4671.69,4671.71,4662.95,4663.26,2916.0
2026-05-14 22:30:00,4663.36,4665.12,4653.04,4654.08,4744.0
2026-05-14 23:00:00,4654.17,4657.05,4646.67,4647.96,2929.0
2026-05-14 23:30:00,4647.95,4652.64,4644.28,4651.13,2441.0
2026-05-15 01:00:00,4651.19,4659.32,4646.27,4658.76,3193.0
2026-05-15 01:30:00,4658.8,4662.66,4658.69,4662.28,1807.0
2026-05-15 02:00:00,4662.04,4664.15,4655.55,4663.73,2370.0
2026-05-15 02:30:00,4663.9,4665.27,4646.82,4652.03,3738.0
2026-05-15 03:00:00,4651.81,4658.2,4629.72,4629.95,5724.0
2026-05-15 03:30:00,4629.96,4630.43,4613.64,4630.01,6044.0
2026-05-15 04:00:00,4630.47,4631.56,4607.57,4608.89,7844.0
2026-05-15 04:30:00,4608.74,4624.24,4607.12,4613.73,6705.0
2026-05-15 05:00:00,4613.86,4618.92,4609.23,4612.42,5557.0
2026-05-15 05:30:00,4612.39,4623.23,4609.53,4618.01,5384.0
2026-05-15 06:00:00,4617.91,4622.14,4609.77,4612.69,4979.0
2026-05-15 06:30:00,4612.68,4617.33,4607.31,4615.39,3834.0
2026-05-15 07:00:00,4615.36,4621.38,4607.27,4610.74,3761.0
2026-05-15 07:30:00,4610.82,4614.82,4604.27,4605.75,3786.0
2026-05-15 08:00:00,4605.86,4606.43,4580.73,4588.73,5764.0
2026-05-15 08:30:00,4588.6,4589.86,4558.86,4558.86,7772.0
2026-05-15 09:00:00,4558.75,4578.18,4556.27,4574.98,7298.0
2026-05-15 09:30:00,4575.07,4580.3,4564.32,4569.57,6220.0
2026-05-15 10:00:00,4569.84,4588.63,4565.89,4581.69,6269.0
2026-05-15 10:30:00,4581.6,4582.41,4568.32,4570.73,4806.0
2026-05-15 11:00:00,4570.87,4571.83,4552.76,4558.25,5915.0
2026-05-15 11:30:00,4558.14,4563.59,4549.96,4554.01,5650.0
2026-05-15 12:00:00,4554.27,4563.6,4539.19,4553.31,6023.0
2026-05-15 12:30:00,4553.15,4555.49,4531.79,4545.6,5958.0
2026-05-15 13:00:00,4545.79,4563.24,4543.99,4551.66,5879.0
2026-05-15 13:30:00,4551.65,4572.42,4549.7,4566.03,5979.0
2026-05-15 14:00:00,4565.88,4570.07,4558.94,4562.18,5481.0
2026-05-15 14:30:00,4562.19,4562.34,4549.77,4551.86,4908.0
2026-05-15 15:00:00,4551.87,4558.51,4544.81,4555.09,5631.0
2026-05-15 15:30:00,4555.19,4555.47,4543.57,4545.8,5733.0
2026-05-15 16:00:00,4545.78,4557.39,4536.43,4548.86,6770.0
2026-05-15 16:30:00,4548.65,4551.04,4511.68,4533.34,8053.0
2026-05-15 17:00:00,4533.31,4562.57,4525.26,4555.54,7926.0
2026-05-15 17:30:00,4555.45,4566.38,4546.04,4562.6,7225.0
2026-05-15 18:00:00,4562.68,4563.56,4542.85,4547.1,6527.0
2026-05-15 18:30:00,4547.31,4550.31,4533.76,4539.56,6312.0
2026-05-15 19:00:00,4539.8,4542.3,4529.29,4540.79,5844.0
2026-05-15 19:30:00,4540.84,4547.94,4540.03,4544.31,5347.0
2026-05-15 20:00:00,4544.22,4564.4,4543.09,4557.66,5355.0
2026-05-15 20:30:00,4557.82,4563.47,4557.18,4559.46,4519.0
2026-05-15 21:00:00,4559.54,4562.93,4552.97,4558.05,4625.0
2026-05-15 21:30:00,4558.18,4562.71,4552.25,4559.14,4302.0
2026-05-15 22:00:00,4559.34,4560.03,4548.46,4550.07,4203.0
2026-05-15 22:30:00,4550.17,4555.18,4544.88,4545.74,4470.0
2026-05-15 23:00:00,4545.84,4546.23,4533.05,4539.12,3883.0
2026-05-15 23:30:00,4539.01,4543.89,4536.63,4538.31,2436.0
2026-05-18 01:00:00,4539.78,4555.06,4528.22,4540.99,4287.0
2026-05-18 01:30:00,4541.0,4554.5,4541.0,4546.04,3683.0
2026-05-18 02:00:00,4545.98,4547.9,4537.89,4537.92,3775.0
2026-05-18 02:30:00,4537.89,4543.98,4532.03,4537.04,4668.0
2026-05-18 03:00:00,4537.21,4542.53,4514.7,4515.76,7048.0
2026-05-18 03:30:00,4515.54,4518.81,4480.35,4515.94,7629.0
2026-05-18 04:00:00,4515.67,4515.77,4489.47,4503.89,8684.0
2026-05-18 04:30:00,4504.16,4535.49,4499.69,4525.3,7577.0
2026-05-18 05:00:00,4525.07,4540.53,4521.96,4533.46,6017.0
2026-05-18 05:30:00,4533.33,4542.65,4529.2,4533.55,5746.0
2026-05-18 06:00:00,4533.56,4538.11,4526.75,4535.85,5355.0
2026-05-18 06:30:00,4535.76,4547.81,4525.11,4540.97,5466.0
2026-05-18 07:00:00,4540.96,4549.59,4530.02,4532.56,4563.0
2026-05-18 07:30:00,4532.55,4545.61,4532.08,4540.6,4365.0
2026-05-18 08:00:00,4540.68,4550.48,4532.74,4548.65,5011.0
2026-05-18 08:30:00,4548.63,4551.88,4529.91,4530.91,5647.0
2026-05-18 09:00:00,4530.77,4547.97,4529.69,4537.39,5762.0
2026-05-18 09:30:00,4537.43,4547.6,4534.5,4546.69,5591.0
2026-05-18 10:00:00,4546.92,4551.17,4538.17,4550.47,4977.0
2026-05-18 10:30:00,4550.48,4559.9,4540.03,4546.13,5560.0
2026-05-18 11:00:00,4546.12,4551.33,4542.38,4547.85,4604.0
2026-05-18 11:30:00,4547.94,4556.82,4545.82,4549.91,4405.0
2026-05-18 12:00:00,4549.89,4551.82,4541.15,4544.92,3802.0
2026-05-18 12:30:00,4544.69,4546.38,4540.18,4542.83,4063.0
2026-05-18 13:00:00,4542.82,4544.94,4535.6,4539.53,3931.0
2026-05-18 13:30:00,4539.56,4547.5,4532.07,4540.12,4124.0
2026-05-18 14:00:00,4540.28,4541.7,4529.8,4536.17,4537.0
2026-05-18 14:30:00,4535.76,4566.78,4535.44,4550.54,6751.0
2026-05-18 15:00:00,4550.56,4556.53,4545.28,4550.58,5483.0
2026-05-18 15:30:00,4550.52,4574.74,4550.14,4571.36,6542.0
2026-05-18 16:00:00,4571.31,4576.68,4561.77,4571.93,6129.0
2026-05-18 16:30:00,4572.16,4584.08,4563.72,4575.6,7544.0
2026-05-18 17:00:00,4575.33,4575.33,4554.91,4561.56,7307.0
2026-05-18 17:30:00,4561.47,4562.95,4537.81,4546.48,7235.0
2026-05-18 18:00:00,4546.47,4547.83,4531.88,4534.57,6796.0
2026-05-18 18:30:00,4534.39,4546.73,4533.88,4543.4,5768.0
2026-05-18 19:00:00,4543.41,4550.62,4533.73,4536.88,5578.0
2026-05-18 19:30:00,4536.93,4554.44,4534.19,4550.08,5458.0
2026-05-18 20:00:00,4549.94,4558.19,4548.0,4553.83,4832.0
2026-05-18 20:30:00,4553.66,4554.04,4545.45,4546.88,4181.0
2026-05-18 21:00:00,4546.93,4547.65,4536.82,4541.83,4660.0
2026-05-18 21:30:00,4541.82,4543.86,4534.24,4535.68,4247.0
2026-05-18 22:00:00,4535.9,4564.85,4535.21,4551.59,6762.0
2026-05-18 22:30:00,4551.71,4562.85,4550.16,4558.42,5320.0
2026-05-18 23:00:00,4558.55,4566.55,4557.75,4563.2,2598.0
2026-05-18 23:30:00,4563.21,4566.55,4561.66,4566.25,1961.0
2026-05-19 01:00:00,4563.57,4574.55,4561.65,4572.85,2302.0
2026-05-19 01:30:00,4572.92,4578.36,4571.6,4573.82,1760.0
2026-05-19 02:00:00,4573.85,4588.83,4573.55,4585.66,2520.0
2026-05-19 02:30:00,4585.63,4587.7,4579.08,4581.69,2300.0
2026-05-19 03:00:00,4581.94,4589.21,4568.63,4573.46,5433.0
2026-05-19 03:30:00,4573.71,4575.96,4561.23,4563.22,4237.0
2026-05-19 04:00:00,4562.82,4569.24,4554.03,4559.01,6026.0
2026-05-19 04:30:00,4559.03,4572.17,4555.23,4563.84,5058.0
2026-05-19 05:00:00,4563.77,4563.77,4551.49,4559.57,5242.0
2026-05-19 05:30:00,4559.41,4559.7,4545.91,4547.0,4759.0
2026-05-19 06:00:00,4546.89,4552.88,4543.43,4549.02,3942.0
2026-05-19 06:30:00,4549.05,4555.02,4544.17,4544.93,3435.0
2026-05-19 07:00:00,4544.9,4545.63,4538.13,4540.17,3478.0
2026-05-19 07:30:00,4540.21,4543.61,4537.87,4542.28,2857.0
2026-05-19 08:00:00,4542.35,4546.47,4530.83,4538.49,4014.0
2026-05-19 08:30:00,4538.71,4544.2,4532.88,4540.67,5810.0
2026-05-19 09:00:00,4540.7,4553.85,4533.42,4547.52,5812.0
2026-05-19 09:30:00,4547.61,4552.7,4543.01,4547.99,4913.0
2026-05-19 10:00:00,4547.76,4555.16,4543.03,4548.13,4668.0
2026-05-19 10:30:00,4548.19,4559.2,4541.31,4557.1,4852.0
2026-05-19 11:00:00,4557.32,4558.96,4536.22,4538.23,4931.0
2026-05-19 11:30:00,4538.15,4548.49,4536.82,4542.64,3978.0
2026-05-19 12:00:00,4542.56,4546.61,4535.97,4540.5,4287.0
2026-05-19 12:30:00,4540.48,4544.58,4536.63,4541.7,4371.0
2026-05-19 13:00:00,4541.6,4542.22,4536.03,4539.68,3542.0
2026-05-19 13:30:00,4539.76,4544.53,4525.32,4544.53,5236.0
2026-05-19 14:00:00,4544.57,4547.77,4535.69,4539.25,4457.0
2026-05-19 14:30:00,4539.2,4543.07,4529.81,4530.68,4360.0
2026-05-19 15:00:00,4530.51,4546.48,4527.38,4543.33,4918.0
2026-05-19 15:30:00,4543.07,4546.98,4535.54,4537.15,4851.0
2026-05-19 16:00:00,4537.05,4537.25,4490.84,4492.0,7217.0
2026-05-19 16:30:00,4492.05,4510.79,4464.84,4504.0,9150.0
2026-05-19 17:00:00,4503.99,4513.94,4484.46,4489.98,8237.0
2026-05-19 17:30:00,4490.0,4498.61,4486.25,4494.04,7433.0
2026-05-19 18:00:00,4494.03,4504.92,4489.87,4498.87,6516.0
2026-05-19 18:30:00,4498.74,4509.19,4497.87,4508.31,5816.0
2026-05-19 19:00:00,4508.29,4511.8,4496.14,4508.67,5144.0
2026-05-19 19:30:00,4508.55,4512.39,4504.5,4507.6,4743.0
2026-05-19 20:00:00,4507.61,4510.95,4503.31,4506.91,4495.0
2026-05-19 20:30:00,4506.98,4508.27,4499.07,4500.77,4429.0
2026-05-19 21:00:00,4500.78,4503.59,4495.51,4495.95,4377.0
2026-05-19 21:30:00,4495.96,4500.69,4490.38,4493.51,4617.0
2026-05-19 22:00:00,4493.41,4497.47,4485.52,4486.93,4528.0
2026-05-19 22:30:00,4486.95,4489.81,4481.16,4483.3,4515.0
2026-05-19 23:00:00,4483.39,4488.13,4480.93,4486.2,2696.0
2026-05-19 23:30:00,4486.19,4486.28,4481.78,4481.88,1832.0
2026-05-20 01:00:00,4480.14,4485.7,4478.06,4479.38,2072.0
2026-05-20 01:30:00,4479.41,4485.76,4477.46,4484.35,2655.0
2026-05-20 02:00:00,4484.34,4488.64,4479.84,4486.18,2308.0
2026-05-20 02:30:00,4486.21,4496.38,4485.6,4489.25,2980.0
2026-05-20 03:00:00,4489.24,4502.05,4479.66,4501.9,5997.0
2026-05-20 03:30:00,4501.81,4508.38,4498.02,4500.85,5573.0
2026-05-20 04:00:00,4500.65,4505.93,4472.75,4473.45,6482.0
2026-05-20 04:30:00,4473.54,4488.29,4455.94,4481.2,7278.0
2026-05-20 05:00:00,4481.41,4486.98,4475.95,4481.49,5334.0
2026-05-20 05:30:00,4481.38,4483.36,4458.49,4465.16,6100.0
2026-05-20 06:00:00,4465.17,4467.11,4453.42,4460.91,5272.0
2026-05-20 06:30:00,4460.69,4466.03,4457.48,4463.61,4243.0
2026-05-20 07:00:00,4463.6,4470.53,4462.27,4465.18,3747.0
2026-05-20 07:30:00,4465.15,4465.81,4456.69,4461.96,3612.0
2026-05-20 08:00:00,4461.85,4475.26,4461.66,4468.22,4225.0
2026-05-20 08:30:00,4468.33,4478.77,4463.25,4472.7,5254.0
2026-05-20 09:00:00,4472.74,4478.24,4467.36,4471.83,5811.0
2026-05-20 09:30:00,4472.04,4478.35,4461.33,4474.04,5473.0
2026-05-20 10:00:00,4473.64,4485.08,4471.87,4482.69,4973.0
2026-05-20 10:30:00,4482.64,4485.83,4475.01,4478.48,4450.0
2026-05-20 11:00:00,4478.49,4486.34,4476.65,4486.07,4928.0
2026-05-20 11:30:00,4486.78,4489.72,4476.81,4483.97,4814.0
2026-05-20 12:00:00,4483.83,4486.06,4472.8,4474.13,4057.0
2026-05-20 12:30:00,4474.02,4491.01,4472.73,4484.86,3881.0
2026-05-20 13:00:00,4484.74,4492.38,4484.62,4488.87,3354.0
2026-05-20 13:30:00,4488.99,4496.86,4488.51,4494.56,3803.0
2026-05-20 14:00:00,4494.54,4501.0,4491.05,4499.9,3626.0
2026-05-20 14:30:00,4499.86,4500.22,4490.76,4499.04,4150.0
2026-05-20 15:00:00,4498.96,4501.0,4492.86,4499.46,4392.0
2026-05-20 15:30:00,4499.59,4505.3,4493.84,4496.09,4432.0
2026-05-20 16:00:00,4496.05,4506.02,4489.27,4489.27,5764.0
2026-05-20 16:30:00,4489.45,4492.97,4481.99,4483.03,6793.0
2026-05-20 17:00:00,4483.34,4510.73,4467.02,4506.79,8025.0
2026-05-20 17:30:00,4506.88,4537.24,4506.88,4531.29,7768.0
2026-05-20 18:00:00,4531.34,4552.57,4523.07,4529.39,7404.0
2026-05-20 18:30:00,4529.06,4539.38,4527.3,4529.05,5963.0
2026-05-20 19:00:00,4529.1,4535.16,4524.09,4525.82,5272.0
2026-05-20 19:30:00,4525.94,4535.34,4524.11,4534.33,5076.0
2026-05-20 20:00:00,4534.45,4537.96,4530.88,4532.36,4829.0
2026-05-20 20:30:00,4532.52,4536.41,4529.93,4531.32,4129.0
2026-05-20 21:00:00,4531.28,4536.56,4529.24,4534.92,4046.0
2026-05-20 21:30:00,4534.93,4544.97,4534.93,4542.33,4001.0
2026-05-20 22:00:00,4542.3,4545.93,4541.74,4545.04,3461.0
2026-05-20 22:30:00,4545.15,4549.84,4545.08,4546.04,3991.0
2026-05-20 23:00:00,4546.85,4550.25,4542.99,4545.57,2809.0
2026-05-20 23:30:00,4545.65,4546.21,4541.91,4543.71,2430.0
2026-05-21 01:00:00,4537.61,4548.51,4535.13,4538.81,3155.0
2026-05-21 01:30:00,4538.8,4544.55,4537.06,4539.81,2397.0
2026-05-21 02:00:00,4539.87,4543.19,4534.51,4538.29,2265.0
2026-05-21 02:30:00,4538.55,4547.18,4537.87,4546.48,2160.0
2026-05-21 03:00:00,4546.47,4553.15,4537.27,4543.58,5185.0
2026-05-21 03:30:00,4543.57,4548.62,4539.62,4545.15,3540.0
2026-05-21 04:00:00,4545.16,4567.72,4539.86,4567.03,5866.0
2026-05-21 04:30:00,4567.0,4570.57,4558.99,4560.98,5142.0
2026-05-21 05:00:00,4561.19,4564.82,4539.61,4540.28,4652.0
2026-05-21 05:30:00,4540.1,4542.3,4531.47,4533.17,4883.0
2026-05-21 06:00:00,4533.08,4540.18,4531.53,4535.75,3889.0
2026-05-21 06:30:00,4535.64,4537.26,4527.14,4528.2,3078.0
2026-05-21 07:00:00,4528.04,4540.04,4527.3,4539.65,2571.0
2026-05-21 07:30:00,4539.72,4540.41,4533.75,4538.34,2333.0
2026-05-21 08:00:00,4538.37,4540.38,4521.61,4522.75,3652.0
2026-05-21 08:30:00,4522.9,4529.84,4518.48,4527.83,5065.0
2026-05-21 09:00:00,4527.77,4539.77,4526.68,4532.94,5036.0
2026-05-21 09:30:00,4532.91,4534.91,4518.85,4521.46,5351.0
2026-05-21 10:00:00,4521.44,4524.25,4511.98,4512.75,5035.0
2026-05-21 10:30:00,4512.78,4523.2,4512.16,4519.6,3890.0
2026-05-21 11:00:00,4519.79,4536.65,4518.25,4535.43,5208.0
2026-05-21 11:30:00,4534.8,4535.49,4526.56,4532.47,4648.0
2026-05-21 12:00:00,4532.4,4542.35,4531.71,4536.86,4531.0
2026-05-21 12:30:00,4536.84,4542.78,4527.72,4530.55,3939.0
2026-05-21 13:00:00,4530.39,4535.18,4510.69,4517.99,4792.0
2026-05-21 13:30:00,4518.19,4518.19,4504.88,4511.42,6486.0
2026-05-21 14:00:00,4511.55,4521.13,4510.71,4514.0,5137.0
2026-05-21 14:30:00,4514.07,4517.25,4508.09,4514.03,4308.0
2026-05-21 15:00:00,4514.22,4519.17,4503.86,4507.22,4878.0
2026-05-21 15:30:00,4507.39,4518.08,4502.49,4504.03,5997.0
2026-05-21 16:00:00,4504.02,4512.68,4495.45,4500.09,6621.0
2026-05-21 16:30:00,4500.23,4520.75,4488.59,4513.03,7722.0
2026-05-21 17:00:00,4513.1,4515.26,4498.11,4507.34,6922.0
2026-05-21 17:30:00,4507.35,4511.13,4501.58,4508.76,6272.0
2026-05-21 18:00:00,4508.65,4515.14,4496.51,4503.29,6628.0
2026-05-21 18:30:00,4503.22,4512.55,4502.53,4511.81,5102.0
2026-05-21 19:00:00,4511.73,4520.55,4511.73,4516.42,5566.0
2026-05-21 19:30:00,4516.44,4520.14,4515.46,4519.36,4361.0
2026-05-21 20:00:00,4519.45,4546.2,4514.05,4541.58,7156.0
2026-05-21 20:30:00,4541.44,4559.17,4538.6,4551.37,6612.0
2026-05-21 21:00:00,4551.24,4555.98,4542.94,4548.34,6237.0
2026-05-21 21:30:00,4548.31,4549.37,4527.29,4531.84,6012.0
2026-05-21 22:00:00,4531.97,4542.0,4529.79,4538.78,5084.0
2026-05-21 22:30:00,4538.69,4543.66,4534.58,4542.91,4566.0
2026-05-21 23:00:00,4542.96,4544.69,4540.18,4541.25,2601.0
2026-05-21 23:30:00,4541.26,4542.62,4539.72,4542.53,1525.0
2026-05-22 01:00:00,4538.45,4546.33,4537.5,4540.94,1842.0
2026-05-22 01:30:00,4541.32,4543.52,4539.55,4543.14,1271.0
2026-05-22 02:00:00,4543.43,4544.85,4538.05,4540.4,1500.0
2026-05-22 02:30:00,4540.43,4540.43,4532.49,4535.37,2271.0
2026-05-22 03:00:00,4535.6,4537.21,4530.14,4536.18,4148.0
2026-05-22 03:30:00,4536.26,4540.98,4525.45,4526.56,3925.0
2026-05-22 04:00:00,4526.39,4535.99,4523.29,4528.96,5249.0
2026-05-22 04:30:00,4528.88,4531.78,4520.96,4526.25,4898.0
2026-05-22 05:00:00,4526.21,4529.28,4521.37,4524.55,3766.0
2026-05-22 05:30:00,4524.48,4527.0,4518.57,4523.09,4072.0
2026-05-22 06:00:00,4523.13,4525.16,4519.14,4521.76,3502.0
2026-05-22 06:30:00,4521.68,4529.88,4521.6,4529.34,2607.0
2026-05-22 07:00:00,4529.45,4532.87,4527.58,4532.18,2283.0
2026-05-22 07:30:00,4532.17,4532.68,4525.42,4527.08,2240.0
2026-05-22 08:00:00,4527.04,4529.51,4523.35,4526.06,2633.0
2026-05-22 08:30:00,4526.07,4534.09,4507.35,4511.14,4704.0
2026-05-22 09:00:00,4511.32,4525.97,4510.11,4525.16,5564.0
2026-05-22 09:30:00,4525.08,4528.8,4521.56,4526.78,4354.0
2026-05-22 10:00:00,4526.57,4527.28,4521.35,4525.71,3948.0
2026-05-22 10:30:00,4525.74,4525.76,4516.12,4521.77,3957.0
2026-05-22 11:00:00,4522.13,4531.05,4521.5,4526.73,4427.0
2026-05-22 11:30:00,4526.85,4527.16,4516.96,4521.78,4138.0
2026-05-22 12:00:00,4521.75,4525.45,4515.15,4517.71,3986.0
2026-05-22 12:30:00,4517.59,4535.77,4514.69,4532.11,3659.0
2026-05-22 13:00:00,4532.22,4536.67,4524.47,4524.69,3659.0
2026-05-22 13:30:00,4524.66,4525.43,4510.05,4514.62,4266.0
2026-05-22 14:00:00,4514.54,4517.18,4511.82,4511.98,3459.0
2026-05-22 14:30:00,4511.93,4524.96,4511.5,4520.57,3873.0
2026-05-22 15:00:00,4520.44,4535.85,4518.91,4521.63,5403.0
2026-05-22 15:30:00,4521.54,4528.25,4515.03,4528.1,4697.0
2026-05-22 16:00:00,4528.22,4534.18,4520.78,4521.97,5681.0
2026-05-22 16:30:00,4522.02,4527.11,4510.3,4513.78,6578.0
2026-05-22 17:00:00,4513.86,4514.07,4490.49,4498.93,7564.0
2026-05-22 17:30:00,4499.13,4507.2,4497.16,4500.41,5775.0
2026-05-22 18:00:00,4500.49,4519.07,4500.18,4519.07,5292.0
2026-05-22 18:30:00,4519.17,4522.19,4514.56,4520.0,4802.0
2026-05-22 19:00:00,4519.93,4524.07,4516.8,4523.62,4211.0
2026-05-22 19:30:00,4523.61,4526.7,4512.31,4514.81,4430.0
2026-05-22 20:00:00,4514.91,4525.8,4513.06,4525.22,4446.0
2026-05-22 20:30:00,4525.31,4527.66,4518.56,4519.12,4851.0
2026-05-22 21:00:00,4519.14,4519.31,4512.02,4515.26,4034.0
2026-05-22 21:30:00,4515.27,4519.89,4512.84,4514.93,3511.0
2026-05-22 22:00:00,4515.02,4515.73,4506.32,4507.01,4065.0
2026-05-22 22:30:00,4507.02,4510.74,4504.19,4508.17,3707.0
2026-05-22 23:00:00,4508.21,4510.4,4504.86,4510.17,1952.0
2026-05-22 23:30:00,4510.31,4510.37,4504.01,4507.01,1791.0
2026-05-25 01:00:00,4536.35,4557.24,4521.88,4552.15,5381.0
2026-05-25 01:30:00,4551.8,4565.61,4551.66,4564.9,3199.0
2026-05-25 02:00:00,4564.87,4578.14,4564.87,4574.86,2791.0
2026-05-25 02:30:00,4574.9,4579.79,4565.51,4566.89,3195.0
2026-05-25 03:00:00,4566.91,4575.56,4566.07,4572.15,3996.0
2026-05-25 03:30:00,4572.37,4579.24,4566.08,4569.41,3784.0
2026-05-25 04:00:00,4569.43,4576.09,4560.44,4573.37,5752.0
2026-05-25 04:30:00,4573.27,4574.69,4560.19,4562.74,4424.0
2026-05-25 05:00:00,4562.78,4568.27,4558.72,4562.75,3604.0
2026-05-25 05:30:00,4563.0,4570.09,4559.23,4561.18,3810.0
2026-05-25 06:00:00,4561.2,4564.38,4560.04,4560.52,3509.0
2026-05-25 06:30:00,4560.7,4563.91,4556.41,4559.69,2953.0
2026-05-25 07:00:00,4559.67,4565.64,4559.34,4565.1,2454.0
2026-05-25 07:30:00,4565.12,4565.45,4559.48,4564.68,2211.0
2026-05-25 08:00:00,4564.71,4565.61,4553.9,4554.05,2328.0
2026-05-25 08:30:00,4554.02,4560.71,4551.76,4553.22,3653.0
2026-05-25 09:00:00,4552.67,4557.24,4550.35,4554.1,3767.0
2026-05-25 09:30:00,4554.23,4563.1,4553.48,4562.33,3482.0
2026-05-25 10:00:00,4562.51,4564.65,4552.4,4554.27,4070.0
2026-05-25 10:30:00,4554.33,4565.01,4554.02,4564.71,3240.0
2026-05-25 11:00:00,4564.79,4564.89,4553.65,4554.96,3126.0
2026-05-25 11:30:00,4555.12,4558.0,4553.37,4556.04,2651.0
2026-05-25 12:00:00,4556.03,4558.87,4554.89,4558.77,2097.0
2026-05-25 12:30:00,4558.79,4568.88,4558.29,4567.45,2919.0
2026-05-25 13:00:00,4567.54,4573.57,4567.38,4570.75,2686.0
2026-05-25 13:30:00,4570.85,4573.1,4568.29,4568.53,2336.0
2026-05-25 14:00:00,4568.58,4575.06,4567.42,4571.57,2263.0
2026-05-25 14:30:00,4571.51,4576.94,4569.13,4569.31,2827.0
2026-05-25 15:00:00,4569.21,4569.32,4552.9,4560.55,4075.0
2026-05-25 15:30:00,4560.54,4570.05,4559.82,4567.52,3261.0
2026-05-25 16:00:00,4567.63,4571.3,4560.49,4561.75,4061.0
2026-05-25 16:30:00,4561.51,4565.5,4559.95,4562.98,3428.0
2026-05-25 17:00:00,4562.87,4570.55,4562.19,4567.86,3170.0
2026-05-25 17:30:00,4567.84,4568.85,4565.07,4566.69,2700.0
2026-05-25 18:00:00,4566.57,4574.48,4565.59,4573.25,3611.0
2026-05-25 18:30:00,4573.27,4573.32,4566.65,4570.77,2250.0
2026-05-25 19:00:00,4570.82,4570.98,4567.97,4568.11,1649.0
2026-05-25 19:30:00,4568.1,4574.49,4567.88,4573.48,1822.0
2026-05-25 20:00:00,4573.33,4577.56,4570.27,4571.3,1490.0
2026-05-25 20:30:00,4571.23,4571.35,4563.24,4565.02,1259.0
2026-05-25 21:00:00,4565.15,4571.43,4564.31,4569.11,654.0
2026-05-26 01:00:00,4570.3,4575.36,4561.33,4573.05,1913.0
2026-05-26 01:30:00,4573.04,4576.43,4569.56,4574.8,2027.0
2026-05-26 02:00:00,4574.51,4580.15,4567.2,4568.25,2489.0
2026-05-26 02:30:00,4568.26,4568.49,4555.13,4559.58,3685.0
2026-05-26 03:00:00,4559.56,4559.79,4541.3,4549.22,4905.0
2026-05-26 03:30:00,4549.41,4552.86,4539.49,4549.48,4054.0
2026-05-26 04:00:00,4549.51,4550.21,4541.82,4543.66,5010.0
2026-05-26 04:30:00,4543.92,4544.09,4527.74,4536.91,5099.0
2026-05-26 05:00:00,4536.92,4539.42,4535.26,4536.69,2994.0
2026-05-26 05:30:00,4536.71,4538.39,4529.99,4532.16,3347.0
2026-05-26 06:00:00,4532.12,4543.46,4531.92,4542.11,3082.0
2026-05-26 06:30:00,4542.08,4545.23,4540.68,4542.2,2161.0
2026-05-26 07:00:00,4542.14,4543.06,4532.42,4532.42,2152.0
2026-05-26 07:30:00,4532.5,4533.08,4523.53,4525.34,2812.0
2026-05-26 08:00:00,4525.21,4531.24,4522.89,4531.11,2831.0
2026-05-26 08:30:00,4530.96,4534.95,4523.46,4527.1,4383.0
2026-05-26 09:00:00,4527.08,4536.13,4526.99,4530.29,3976.0
2026-05-26 09:30:00,4530.32,4533.88,4528.41,4530.93,3797.0
2026-05-26 10:00:00,4531.08,4533.95,4521.96,4529.58,4468.0
2026-05-26 10:30:00,4529.57,4538.87,4521.6,4538.11,4504.0
2026-05-26 11:00:00,4538.16,4538.6,4520.52,4522.35,4003.0
2026-05-26 11:30:00,4522.21,4527.27,4520.14,4523.68,3718.0
2026-05-26 12:00:00,4523.79,4526.28,4518.14,4524.73,3630.0
2026-05-26 12:30:00,4524.75,4525.21,4512.06,4522.61,4378.0
2026-05-26 13:00:00,4522.88,4535.11,4519.21,4533.32,4276.0
2026-05-26 13:30:00,4533.35,4540.52,4531.36,4534.4,4306.0
2026-05-26 14:00:00,4534.34,4536.12,4522.71,4523.68,3613.0
2026-05-26 14:30:00,4523.58,4523.71,4503.72,4507.09,5864.0
2026-05-26 15:00:00,4506.7,4515.9,4503.35,4506.09,5085.0
2026-05-26 15:30:00,4506.1,4523.5,4500.53,4520.29,5435.0
2026-05-26 16:00:00,4520.07,4527.36,4515.97,4522.14,5036.0
2026-05-26 16:30:00,4522.15,4531.34,4512.2,4513.94,6531.0
2026-05-26 17:00:00,4514.06,4520.32,4507.87,4517.59,5828.0
2026-05-26 17:30:00,4517.39,4524.92,4512.71,4515.14,5086.0
2026-05-26 18:00:00,4515.18,4515.36,4504.9,4505.91,5314.0
2026-05-26 18:30:00,4506.09,4510.67,4503.62,4506.33,4183.0
2026-05-26 19:00:00,4506.43,4508.65,4499.96,4507.93,4362.0
2026-05-26 19:30:00,4507.96,4511.19,4503.01,4504.8,3922.0
2026-05-26 20:00:00,4504.83,4507.38,4500.41,4501.48,3695.0
2026-05-26 20:30:00,4501.39,4501.58,4489.77,4490.93,4164.0
2026-05-26 21:00:00,4490.84,4496.15,4482.57,4495.14,4366.0
2026-05-26 21:30:00,4495.05,4499.38,4494.06,4499.21,3392.0
2026-05-26 22:00:00,4499.19,4504.48,4497.58,4501.98,3145.0
2026-05-26 22:30:00,4501.97,4509.82,4500.75,4508.83,3360.0
2026-05-26 23:00:00,4508.86,4510.37,4506.26,4506.5,1964.0
2026-05-26 23:30:00,4506.49,4509.91,4504.04,4507.01,1467.0
2026-05-27 01:00:00,4494.1,4537.48,4494.1,4504.41,3639.0
2026-05-27 01:30:00,4504.4,4512.43,4498.04,4510.9,2345.0
2026-05-27 02:00:00,4511.11,4513.63,4504.38,4512.12,2236.0
2026-05-27 02:30:00,4512.15,4527.55,4511.07,4519.52,3198.0
2026-05-27 03:00:00,4519.56,4525.74,4514.0,4517.83,3531.0
2026-05-27 03:30:00,4518.24,4522.06,4514.55,4514.98,2944.0
2026-05-27 04:00:00,4515.01,4520.97,4512.62,4516.11,4378.0
2026-05-27 04:30:00,4516.03,4517.03,4506.73,4507.79,3417.0
2026-05-27 05:00:00,4507.9,4509.44,4498.97,4505.4,3290.0
2026-05-27 05:30:00,4505.43,4506.88,4498.17,4505.73,2695.0
2026-05-27 06:00:00,4505.69,4511.91,4505.08,4507.01,2547.0
2026-05-27 06:30:00,4507.05,4507.29,4496.63,4497.03,2206.0
2026-05-27 07:00:00,4497.08,4503.31,4495.82,4499.64,2481.0
2026-05-27 07:30:00,4499.6,4517.16,4497.91,4510.07,2865.0
2026-05-27 08:00:00,4510.0,4513.72,4504.0,4507.22,2854.0
2026-05-27 08:30:00,4507.09,4508.64,4491.69,4497.49,5779.0
2026-05-27 09:00:00,4497.45,4499.09,4483.65,4486.18,5447.0
2026-05-27 09:30:00,4486.09,4490.03,4479.5,4485.09,4738.0
2026-05-27 10:00:00,4485.1,4489.04,4479.97,4486.08,4107.0
2026-05-27 10:30:00,4486.11,4488.51,4475.77,4482.04,3646.0
2026-05-27 11:00:00,4481.91,4492.82,4481.73,4489.04,4064.0
2026-05-27 11:30:00,4489.05,4498.57,4485.96,4497.74,3644.0
2026-05-27 12:00:00,4497.67,4497.67,4488.55,4490.02,3359.0
2026-05-27 12:30:00,4489.98,4493.11,4486.82,4490.09,2663.0
2026-05-27 13:00:00,4490.03,4490.45,4476.47,4476.93,3270.0
2026-05-27 13:30:00,4476.84,4477.2,4442.58,4445.67,6180.0
2026-05-27 14:00:00,4445.77,4452.98,4439.77,4440.79,5359.0
2026-05-27 14:30:00,4440.75,4444.68,4425.08,4428.62,5424.0
2026-05-27 15:00:00,4428.63,4466.26,4427.44,4454.67,6741.0
2026-05-27 15:30:00,4454.53,4460.09,4437.73,4438.77,6027.0
2026-05-27 16:00:00,4438.57,4438.8,4401.41,4404.8,7582.0
2026-05-27 16:30:00,4404.62,4433.87,4404.62,4427.22,7563.0
2026-05-27 17:00:00,4427.23,4455.31,4425.97,4445.42,7089.0
2026-05-27 17:30:00,4445.4,4449.02,4433.19,4433.88,6241.0
2026-05-27 18:00:00,4433.75,4438.34,4428.12,4435.73,5405.0
2026-05-27 18:30:00,4435.84,4441.44,4430.92,4436.42,5013.0
2026-05-27 19:00:00,4436.5,4447.49,4434.13,4446.72,4348.0
2026-05-27 19:30:00,4446.4,4453.16,4445.15,4450.71,4002.0
2026-05-27 20:00:00,4450.72,4451.49,4441.35,4449.8,4612.0
2026-05-27 20:30:00,4449.76,4454.21,4449.76,4450.32,3417.0
2026-05-27 21:00:00,4450.27,4458.17,4447.63,4455.44,3385.0
2026-05-27 21:30:00,4455.48,4456.32,4451.26,4454.31,2509.0
2026-05-27 22:00:00,4454.32,4454.65,4449.7,4450.96,2554.0
2026-05-27 22:30:00,4450.91,4454.69,4448.76,4450.82,2914.0
2026-05-27 23:00:00,4450.83,4458.77,4449.98,4454.94,1941.0
2026-05-27 23:30:00,4454.87,4456.05,4451.58,4455.98,1169.0
2026-05-28 01:00:00,4443.61,4467.39,4443.61,4459.85,1784.0
2026-05-28 01:30:00,4459.84,4462.25,4455.09,4457.33,1642.0
2026-05-28 02:00:00,4457.35,4457.67,4449.31,4450.58,2406.0
2026-05-28 02:30:00,4450.65,4453.83,4443.64,4447.02,2813.0
2026-05-28 03:00:00,4446.83,4453.75,4443.86,4446.21,3932.0
2026-05-28 03:30:00,4446.22,4457.5,4443.74,4456.97,3672.0
2026-05-28 04:00:00,4456.96,4458.56,4417.23,4419.17,5948.0
2026-05-28 04:30:00,4419.06,4426.44,4406.92,4409.94,5710.0
2026-05-28 05:00:00,4409.91,4412.53,4396.46,4406.1,5052.0
2026-05-28 05:30:00,4406.07,4410.26,4392.59,4394.4,4704.0
2026-05-28 06:00:00,4394.29,4397.71,4382.15,4387.6,5054.0
2026-05-28 06:30:00,4387.51,4387.86,4368.46,4374.7,5297.0
2026-05-28 07:00:00,4374.69,4381.91,4366.54,4368.38,4713.0
2026-05-28 07:30:00,4368.36,4375.13,4368.17,4372.9,4145.0
2026-05-28 08:00:00,4373.03,4379.82,4367.23,4378.58,4099.0
2026-05-28 08:30:00,4378.83,4395.71,4375.21,4387.82,5254.0
2026-05-28 09:00:00,4387.87,4390.47,4374.1,4380.28,4813.0
2026-05-28 09:30:00,4380.14,4385.3,4376.86,4383.4,4008.0
2026-05-28 10:00:00,4383.54,4396.03,4383.54,4392.57,4297.0
2026-05-28 10:30:00,4392.62,4393.66,4382.8,4387.44,3938.0
2026-05-28 11:00:00,4387.43,4394.83,4386.44,4389.67,4009.0
2026-05-28 11:30:00,4389.62,4394.84,4385.85,4386.93,3463.0
2026-05-28 12:00:00,4386.86,4398.97,4386.39,4396.35,3898.0
2026-05-28 12:30:00,4396.13,4396.8,4389.64,4393.55,3880.0
2026-05-28 13:00:00,4393.7,4404.0,4391.52,4401.15,3608.0
2026-05-28 13:30:00,4401.12,4402.37,4375.27,4383.02,4790.0
2026-05-28 14:00:00,4382.96,4390.48,4381.47,4384.87,4009.0
2026-05-28 14:30:00,4384.98,4390.25,4381.0,4387.84,4248.0
2026-05-28 15:00:00,4388.04,4392.78,4379.62,4385.45,4342.0
2026-05-28 15:30:00,4385.47,4433.56,4384.15,4432.06,6317.0
2026-05-28 16:00:00,4432.1,4438.93,4425.06,4428.23,6193.0
2026-05-28 16:30:00,4428.32,4434.15,4418.23,4430.33,6668.0
2026-05-28 17:00:00,4429.97,4473.38,4420.84,4461.03,8104.0
2026-05-28 17:30:00,4461.06,4480.22,4452.93,4469.2,7529.0
2026-05-28 18:00:00,4469.72,4481.99,4468.68,4476.69,6084.0
2026-05-28 18:30:00,4476.78,4484.59,4476.78,4482.13,4960.0
2026-05-28 19:00:00,4482.16,4502.73,4477.68,4500.4,5558.0
2026-05-28 19:30:00,4500.55,4510.97,4497.6,4510.91,4967.0
2026-05-28 20:00:00,4511.09,4514.36,4501.14,4501.96,4962.0
2026-05-28 20:30:00,4502.0,4509.82,4502.0,4508.82,3643.0
2026-05-28 21:00:00,4508.89,4516.41,4505.34,4506.16,4419.0
2026-05-28 21:30:00,4506.24,4506.31,4498.44,4500.91,3749.0
2026-05-28 22:00:00,4501.12,4503.62,4498.55,4499.66,2916.0
2026-05-28 22:30:00,4499.74,4501.72,4497.15,4497.79,3178.0
2026-05-28 23:00:00,4497.66,4500.57,4494.86,4499.22,2219.0
2026-05-28 23:30:00,4499.18,4500.57,4494.64,4496.25,1590.0
2026-05-29 01:00:00,4499.53,4499.61,4491.63,4495.72,1877.0
2026-05-29 01:30:00,4495.74,4496.43,4490.91,4491.18,1508.0
2026-05-29 02:00:00,4491.17,4496.94,4491.08,4492.23,1751.0
2026-05-29 02:30:00,4492.07,4496.18,4488.99,4495.06,2380.0
2026-05-29 03:00:00,4495.18,4500.34,4492.05,4499.92,4009.0
2026-05-29 03:30:00,4499.81,4500.32,4493.13,4495.98,3173.0
2026-05-29 04:00:00,4496.15,4520.61,4492.48,4505.34,5611.0
2026-05-29 04:30:00,4505.27,4508.35,4500.98,4506.38,4263.0
2026-05-29 05:00:00,4506.27,4511.04,4501.79,4503.03,3339.0
2026-05-29 05:30:00,4503.09,4508.05,4498.34,4501.73,3557.0
2026-05-29 06:00:00,4501.69,4501.88,4494.91,4496.72,4015.0
2026-05-29 06:30:00,4496.75,4501.53,4494.81,4501.2,2835.0
2026-05-29 07:00:00,4501.08,4511.67,4500.97,4509.11,2887.0
2026-05-29 07:30:00,4509.06,4514.63,4508.2,4514.05,2546.0
2026-05-29 08:00:00,4514.02,4515.28,4508.86,4509.82,2334.0
2026-05-29 08:30:00,4509.69,4515.66,4502.6,4514.78,4085.0
2026-05-29 09:00:00,4514.84,4522.25,4509.99,4516.51,4601.0
2026-05-29 09:30:00,4516.55,4523.93,4511.3,4523.52,4099.0
2026-05-29 10:00:00,4523.31,4523.77,4510.7,4513.98,3891.0
2026-05-29 10:30:00,4514.05,4526.01,4512.79,4524.64,3880.0
2026-05-29 11:00:00,4524.54,4524.69,4512.56,4516.99,3907.0
2026-05-29 11:30:00,4516.97,4517.93,4509.92,4514.8,3094.0
2026-05-29 12:00:00,4514.88,4532.05,4513.3,4528.8,4037.0
2026-05-29 12:30:00,4528.68,4539.56,4524.72,4531.01,3842.0
2026-05-29 13:00:00,4530.92,4530.92,4525.46,4530.38,3157.0
2026-05-29 13:30:00,4530.39,4543.14,4530.31,4538.42,3697.0
2026-05-29 14:00:00,4538.41,4540.3,4526.8,4527.96,3567.0
2026-05-29 14:30:00,4527.97,4538.74,4525.8,4538.3,3576.0
2026-05-29 15:00:00,4538.44,4538.45,4520.01,4522.24,4341.0
2026-05-29 15:30:00,4522.34,4523.96,4512.68,4522.92,4943.0
2026-05-29 16:00:00,4523.01,4529.08,4517.13,4527.93,5135.0
2026-05-29 16:30:00,4528.09,4540.6,4522.27,4536.75,6126.0
2026-05-29 17:00:00,4536.88,4552.56,4526.2,4529.78,6648.0
2026-05-29 17:30:00,4529.65,4570.3,4525.42,4564.18,7017.0
2026-05-29 18:00:00,4564.05,4595.13,4564.05,4578.4,7448.0
2026-05-29 18:30:00,4578.5,4583.15,4557.72,4571.02,6358.0
2026-05-29 19:00:00,4571.05,4572.07,4560.06,4562.96,4675.0
2026-05-29 19:30:00,4562.88,4573.27,4560.82,4566.82,4666.0
2026-05-29 20:00:00,4566.91,4568.42,4560.84,4561.79,4103.0
2026-05-29 20:30:00,4562.01,4562.23,4551.59,4553.35,4219.0
2026-05-29 21:00:00,4553.22,4560.3,4552.48,4559.28,3678.0
2026-05-29 21:30:00,4559.29,4561.55,4551.11,4553.14,3532.0
2026-05-29 22:00:00,4553.24,4560.1,4552.3,4555.16,2973.0
2026-05-29 22:30:00,4555.05,4556.27,4542.87,4545.4,3707.0
2026-05-29 23:00:00,4545.47,4548.99,4542.4,4542.62,2598.0
2026-05-29 23:30:00,4542.45,4543.97,4539.46,4539.64,1425.0
2026-06-01 01:00:00,4542.41,4542.41,4517.61,4533.08,3896.0
2026-06-01 01:30:00,4532.75,4540.3,4530.84,4535.19,2356.0
2026-06-01 02:00:00,4535.41,4545.07,4534.99,4544.81,2066.0
2026-06-01 02:30:00,4544.85,4545.62,4538.44,4539.47,2626.0
2026-06-01 03:00:00,4539.01,4545.8,4537.31,4543.09,3318.0
2026-06-01 03:30:00,4543.04,4544.88,4535.26,4540.59,3282.0
2026-06-01 04:00:00,4540.73,4541.05,4525.86,4528.67,4914.0
2026-06-01 04:30:00,4528.7,4533.71,4523.68,4525.41,4381.0
2026-06-01 05:00:00,4525.37,4534.49,4524.24,4530.3,3327.0
2026-06-01 05:30:00,4530.28,4530.95,4521.04,4521.33,3959.0
2026-06-01 06:00:00,4521.16,4525.4,4513.79,4520.36,3525.0
2026-06-01 06:30:00,4520.4,4523.95,4509.77,4516.21,2666.0
2026-06-01 07:00:00,4516.22,4519.54,4512.42,4515.74,2154.0
2026-06-01 07:30:00,4515.75,4517.21,4508.62,4514.26,2434.0
2026-06-01 08:00:00,4514.3,4523.4,4513.48,4520.36,2637.0
2026-06-01 08:30:00,4520.57,4524.91,4512.68,4518.12,4191.0
2026-06-01 09:00:00,4518.1,4518.59,4504.89,4513.9,4385.0
2026-06-01 09:30:00,4514.24,4514.65,4500.15,4501.56,4385.0
2026-06-01 10:00:00,4501.46,4509.82,4500.59,4503.8,3792.0
2026-06-01 10:30:00,4503.82,4507.63,4492.41,4502.98,3874.0
2026-06-01 11:00:00,4503.0,4504.42,4490.59,4495.88,3454.0
2026-06-01 11:30:00,4495.87,4502.53,4492.53,4497.95,3043.0
2026-06-01 12:00:00,4497.82,4506.25,4496.38,4496.38,3464.0
2026-06-01 12:30:00,4496.37,4499.15,4489.39,4495.91,3793.0
2026-06-01 13:00:00,4496.1,4503.42,4496.1,4500.8,2659.0
2026-06-01 13:30:00,4500.87,4510.82,4500.42,4503.86,3177.0
2026-06-01 14:00:00,4503.84,4512.78,4499.77,4510.59,3295.0
2026-06-01 14:30:00,4510.54,4512.2,4505.35,4505.79,2953.0
2026-06-01 15:00:00,4505.45,4509.45,4497.42,4505.41,3899.0
2026-06-01 15:30:00,4505.44,4510.28,4497.62,4501.82,4387.0
2026-06-01 16:00:00,4501.99,4503.74,4462.35,4464.97,7695.0
2026-06-01 16:30:00,4464.84,4478.61,4448.78,4450.2,8023.0
2026-06-01 17:00:00,4450.0,4464.47,4447.05,4456.15,7206.0
2026-06-01 17:30:00,4456.04,4461.37,4452.11,4458.54,5746.0
2026-06-01 18:00:00,4458.78,4470.2,4455.41,4468.27,5252.0
2026-06-01 18:30:00,4468.12,4479.56,4468.12,4474.04,5417.0
2026-06-01 19:00:00,4474.02,4478.31,4463.11,4467.89,3986.0
2026-06-01 19:30:00,4467.92,4482.0,4467.34,4480.0,4211.0
2026-06-01 20:00:00,4480.12,4482.71,4471.41,4482.69,3662.0
2026-06-01 20:30:00,4482.81,4495.31,4480.43,4487.43,5232.0
2026-06-01 21:00:00,4487.45,4490.08,4486.18,4486.56,2663.0
2026-06-01 21:30:00,4486.72,4488.49,4484.78,4486.6,2240.0
2026-06-01 22:00:00,4486.41,4488.09,4484.22,4484.55,2494.0
2026-06-01 22:30:00,4484.56,4485.54,4478.97,4480.98,3010.0
2026-06-01 23:00:00,4481.06,4484.2,4480.06,4483.05,1712.0
2026-06-01 23:30:00,4483.08,4485.64,4482.02,4483.94,1125.0
2026-06-02 01:00:00,4477.45,4488.31,4477.45,4481.42,1911.0
2026-06-02 01:30:00,4481.41,4486.51,4479.63,4485.56,1634.0
2026-06-02 02:00:00,4485.43,4488.06,4481.57,4487.14,1446.0
2026-06-02 02:30:00,4487.18,4487.34,4479.27,4484.35,2023.0
2026-06-02 03:00:00,4484.65,4493.67,4476.63,4493.67,4102.0
2026-06-02 03:30:00,4493.6,4497.09,4480.71,4481.33,3565.0
2026-06-02 04:00:00,4480.87,4492.26,4473.7,4486.22,5967.0
2026-06-02 04:30:00,4486.07,4489.34,4462.68,4474.0,5355.0
2026-06-02 05:00:00,4473.89,4484.71,4472.07,4481.82,4245.0
2026-06-02 05:30:00,4481.95,4486.47,4473.53,4485.79,3796.0
2026-06-02 06:00:00,4485.82,4497.28,4485.56,4495.09,3557.0
2026-06-02 06:30:00,4495.0,4499.25,4493.04,4499.2,2961.0
2026-06-02 07:00:00,4499.21,4510.05,4497.66,4504.45,2944.0
2026-06-02 07:30:00,4504.42,4518.08,4503.42,4517.23,2725.0
2026-06-02 08:00:00,4517.19,4521.7,4515.08,4519.55,3003.0
2026-06-02 08:30:00,4519.68,4528.03,4516.1,4516.92,4440.0
2026-06-02 09:00:00,4516.94,4533.85,4516.84,4533.09,4380.0
2026-06-02 09:30:00,4533.08,4537.83,4531.73,4535.67,3654.0
2026-06-02 10:00:00,4535.44,4541.36,4533.17,4533.95,3605.0
2026-06-02 10:30:00,4533.91,4535.38,4527.78,4534.96,3273.0
2026-06-02 11:00:00,4535.17,4539.07,4529.81,4531.06,3958.0
2026-06-02 11:30:00,4530.95,4533.24,4525.87,4526.6,3065.0
2026-06-02 12:00:00,4526.68,4535.61,4525.18,4526.71,3440.0
2026-06-02 12:30:00,4526.69,4531.48,4521.37,4529.82,3338.0
2026-06-02 13:00:00,4529.87,4531.6,4524.54,4528.27,2660.0
2026-06-02 13:30:00,4528.28,4533.84,4525.34,4533.04,2177.0
2026-06-02 14:00:00,4533.06,4534.5,4526.49,4529.43,2775.0
2026-06-02 14:30:00,4529.82,4530.6,4525.47,4527.33,2676.0
2026-06-02 15:00:00,4527.43,4534.03,4523.95,4529.21,3492.0
2026-06-02 15:30:00,4529.07,4533.5,4513.4,4514.4,4503.0
2026-06-02 16:00:00,4514.65,4524.69,4509.88,4510.71,5497.0
2026-06-02 16:30:00,4510.6,4514.29,4502.69,4502.69,6187.0
2026-06-02 17:00:00,4502.53,4506.9,4490.34,4495.47,6293.0
2026-06-02 17:30:00,4495.6,4506.21,4495.5,4503.96,4724.0
2026-06-02 18:00:00,4504.13,4507.99,4501.43,4505.29,4095.0
2026-06-02 18:30:00,4505.43,4508.39,4500.05,4501.98,4051.0
2026-06-02 19:00:00,4502.22,4502.74,4490.27,4490.27,4074.0
2026-06-02 19:30:00,4490.26,4491.79,4486.25,4491.79,3628.0
2026-06-02 20:00:00,4491.8,4492.97,4486.4,4491.1,3888.0
2026-06-02 20:30:00,4491.01,4491.55,4482.06,4484.5,3420.0
2026-06-02 21:00:00,4484.59,4490.79,4483.95,4488.31,3082.0
2026-06-02 21:30:00,4488.32,4490.43,4478.66,4487.28,3007.0
2026-06-02 22:00:00,4487.36,4489.47,4485.65,4489.46,2289.0
2026-06-02 22:30:00,4489.38,4490.19,4483.36,4488.02,2746.0
2026-06-02 23:00:00,4488.03,4490.92,4486.18,4489.68,1459.0
2026-06-02 23:30:00,4489.78,4490.93,4486.79,4488.13,1229.0
2026-06-03 01:00:00,4487.62,4493.13,4485.79,4490.13,2237.0
2026-06-03 01:30:00,4489.89,4492.13,4484.23,4484.79,2324.0
2026-06-03 02:00:00,4484.88,4488.67,4461.94,4467.46,4068.0
2026-06-03 02:30:00,4467.48,4475.04,4462.5,4474.38,3974.0
2026-06-03 03:00:00,4474.27,4483.18,4473.79,4483.1,3222.0
2026-06-03 03:30:00,4483.27,4496.59,4481.24,4486.12,3318.0
2026-06-03 04:00:00,4485.92,4487.32,4463.62,4467.13,5823.0
2026-06-03 04:30:00,4467.27,4477.06,4464.82,4475.67,4150.0
2026-06-03 05:00:00,4475.97,4481.4,4472.76,4478.8,3151.0
2026-06-03 05:30:00,4478.82,4485.08,4472.95,4481.82,3485.0
2026-06-03 06:00:00,4481.85,4487.47,4481.7,4483.36,2704.0
2026-06-03 06:30:00,4483.33,4486.18,4482.43,4484.32,1697.0
2026-06-03 07:00:00,4484.47,4488.05,4477.03,4477.03,1794.0
2026-06-03 07:30:00,4476.95,4477.26,4468.27,4469.34,1996.0
2026-06-03 08:00:00,4469.33,4474.1,4466.03,4468.16,2847.0
2026-06-03 08:30:00,4468.44,4468.8,4456.57,4456.97,4358.0
2026-06-03 09:00:00,4456.99,4470.8,4456.87,4462.52,5024.0
2026-06-03 09:30:00,4462.43,4464.92,4455.21,4462.91,4502.0
2026-06-03 10:00:00,4462.76,4472.07,4456.12,4456.12,4208.0
2026-06-03 10:30:00,4456.13,4463.79,4452.61,4453.17,3968.0
2026-06-03 11:00:00,4453.18,4459.35,4450.6,4457.26,3981.0
2026-06-03 11:30:00,4457.29,4458.76,4439.8,4443.87,4061.0
2026-06-03 12:00:00,4443.76,4458.87,4439.41,4439.74,4214.0
2026-06-03 12:30:00,4440.0,4448.4,4438.88,4443.0,3580.0
2026-06-03 13:00:00,4442.99,4467.12,4440.85,4459.96,5540.0
2026-06-03 13:30:00,4459.9,4462.26,4453.21,4458.9,3221.0
2026-06-03 14:00:00,4459.41,4468.03,4459.06,4464.45,3841.0
2026-06-03 14:30:00,4464.35,4466.95,4458.44,4462.31,3377.0
2026-06-03 15:00:00,4462.41,4464.36,4451.87,4452.66,4280.0
2026-06-03 15:30:00,4453.16,4467.07,4448.15,4460.32,5127.0
2026-06-03 16:00:00,4460.2,4465.64,4445.87,4448.5,5504.0
2026-06-03 16:30:00,4448.64,4453.08,4426.24,4444.84,7063.0
2026-06-03 17:00:00,4444.01,4458.48,4442.33,4451.89,6941.0
2026-06-03 17:30:00,4451.72,4459.41,4447.03,4457.08,5737.0
2026-06-03 18:00:00,4457.11,4458.23,4439.37,4444.83,5730.0
2026-06-03 18:30:00,4444.6,4445.31,4436.81,4442.11,4894.0
2026-06-03 19:00:00,4442.41,4443.8,4433.75,4437.5,4705.0
2026-06-03 19:30:00,4437.51,4442.65,4435.31,4441.74,4399.0
2026-06-03 20:00:00,4441.76,4448.14,4437.71,4438.93,4289.0
2026-06-03 20:30:00,4438.91,4442.14,4435.52,4438.91,3321.0
2026-06-03 21:00:00,4438.99,4440.52,4435.42,4440.1,3339.0
2026-06-03 21:30:00,4439.98,4442.77,4436.84,4441.98,3027.0
2026-06-03 22:00:00,4441.9,4452.14,4441.34,4447.93,3578.0
2026-06-03 22:30:00,4448.01,4449.55,4443.05,4443.81,3157.0
2026-06-03 23:00:00,4443.72,4445.24,4437.34,4438.97,2882.0
2026-06-03 23:30:00,4438.91,4439.54,4430.43,4433.87,2349.0
2026-06-04 01:00:00,4436.26,4442.07,4423.75,4433.99,3399.0
2026-06-04 01:30:00,4434.15,4452.87,4434.06,4448.84,3053.0
2026-06-04 02:00:00,4448.98,4451.46,4445.29,4450.75,2382.0
2026-06-04 02:30:00,4450.78,4464.69,4446.22,4457.19,3356.0
2026-06-04 03:00:00,4457.37,4465.05,4447.54,4450.68,4614.0
2026-06-04 03:30:00,4450.7,4452.8,4444.08,4448.33,4152.0
2026-06-04 04:00:00,4448.3,4473.47,4443.39,4465.92,5334.0
2026-06-04 04:30:00,4465.99,4470.0,4456.85,4465.76,5189.0
2026-06-04 05:00:00,4465.55,4467.2,4455.54,4460.53,4087.0
2026-06-04 05:30:00,4460.52,4476.48,4457.53,4475.01,4154.0
2026-06-04 06:00:00,4474.92,4477.14,4465.79,4469.2,3525.0
2026-06-04 06:30:00,4469.1,4470.65,4458.28,4463.55,2996.0
2026-06-04 07:00:00,4463.54,4476.12,4462.21,4474.53,2602.0
2026-06-04 07:30:00,4474.49,4483.87,4474.42,4480.9,2920.0
2026-06-04 08:00:00,4480.95,4482.24,4470.85,4473.14,2700.0
2026-06-04 08:30:00,4473.29,4475.7,4466.93,4469.16,3932.0
2026-06-04 09:00:00,4469.12,4477.09,4466.67,4472.03,4001.0
2026-06-04 09:30:00,4471.9,4476.64,4462.79,4467.62,4247.0
2026-06-04 10:00:00,4467.7,4470.62,4461.73,4465.04,4045.0
2026-06-04 10:30:00,4465.02,4467.78,4459.58,4461.49,3383.0
2026-06-04 11:00:00,4461.4,4467.77,4458.4,4463.31,4261.0
2026-06-04 11:30:00,4463.45,4469.21,4459.62,4463.15,4230.0
2026-06-04 12:00:00,4463.18,4469.2,4460.9,4464.57,4222.0
2026-06-04 12:30:00,4464.59,4475.45,4461.74,4470.2,4230.0
2026-06-04 13:00:00,4470.09,4471.86,4464.21,4467.4,3361.0
2026-06-04 13:30:00,4467.44,4473.69,4466.33,4473.56,3100.0
2026-06-04 14:00:00,4473.59,4491.35,4468.6,4489.46,4303.0
2026-06-04 14:30:00,4489.56,4514.49,4482.14,4511.42,5799.0
2026-06-04 15:00:00,4511.4,4513.64,4491.07,4498.36,5516.0
2026-06-04 15:30:00,4498.46,4510.84,4496.86,4503.99,4826.0
2026-06-04 16:00:00,4503.92,4509.94,4500.04,4504.56,4999.0
2026-06-04 16:30:00,4504.68,4515.31,4495.32,4495.72,6987.0
2026-06-04 17:00:00,4495.66,4499.77,4483.93,4486.0,6525.0
2026-06-04 17:30:00,4486.25,4486.62,4457.19,4465.73,6509.0
2026-06-04 18:00:00,4465.8,4474.64,4463.8,4470.85,5358.0
2026-06-04 18:30:00,4470.78,4479.02,4469.63,4477.32,4490.0
2026-06-04 19:00:00,4477.34,4485.02,4475.18,4483.43,3729.0
2026-06-04 19:30:00,4483.54,4483.93,4479.62,4482.69,3757.0
2026-06-04 20:00:00,4482.52,4482.52,4474.05,4476.75,3511.0
2026-06-04 20:30:00,4476.83,4481.41,4476.0,4478.03,3409.0
2026-06-04 21:00:00,4478.1,4480.87,4476.23,4478.04,2870.0
2026-06-04 21:30:00,4477.87,4479.31,4472.63,4478.04,2666.0
2026-06-04 22:00:00,4478.03,4483.31,4476.08,4480.05,2559.0
2026-06-04 22:30:00,4480.04,4482.16,4476.76,4480.47,3015.0
2026-06-04 23:00:00,4480.49,4481.37,4476.48,4477.6,1952.0
2026-06-04 23:30:00,4477.53,4477.53,4474.3,4475.44,1383.0
2026-06-05 01:00:00,4483.37,4483.76,4471.48,4478.84,2061.0
2026-06-05 01:30:00,4478.85,4481.35,4468.8,4469.51,2207.0
2026-06-05 02:00:00,4469.56,4473.93,4464.18,4469.11,2686.0
2026-06-05 02:30:00,4469.15,4469.51,4460.46,4461.57,2400.0
2026-06-05 03:00:00,4461.39,4464.88,4450.62,4457.43,4937.0
2026-06-05 03:30:00,4457.56,4466.82,4456.19,4459.31,3755.0
2026-06-05 04:00:00,4459.25,4469.82,4449.25,4458.58,6472.0
2026-06-05 04:30:00,4458.77,4459.59,4444.05,4446.73,4939.0
2026-06-05 05:00:00,4446.67,4454.92,4442.31,4451.16,4286.0
2026-06-05 05:30:00,4451.16,4451.7,4438.39,4440.45,5238.0
2026-06-05 06:00:00,4440.49,4443.76,4435.17,4436.62,4521.0
2026-06-05 06:30:00,4436.68,4443.26,4436.27,4442.27,2935.0
2026-06-05 07:00:00,4442.3,4444.55,4438.31,4439.61,3100.0
2026-06-05 07:30:00,4439.69,4446.54,4437.56,4444.89,2730.0
2026-06-05 08:00:00,4444.96,4449.93,4442.16,4444.65,3271.0
2026-06-05 08:30:00,4444.48,4448.14,4438.68,4439.9,4255.0
2026-06-05 09:00:00,4439.89,4446.34,4428.57,4442.35,5416.0
2026-06-05 09:30:00,4442.37,4456.07,4442.22,4452.65,4520.0
2026-06-05 10:00:00,4452.61,4467.24,4451.8,4467.1,4537.0
2026-06-05 10:30:00,4466.87,4467.09,4459.39,4460.8,3585.0
2026-06-05 11:00:00,4460.55,4466.92,4458.49,4466.92,3560.0
2026-06-05 11:30:00,4466.69,4468.08,4460.87,4462.66,2686.0
2026-06-05 12:00:00,4462.47,4469.21,4458.77,4462.76,3913.0
2026-06-05 12:30:00,4462.8,4469.11,4459.18,4464.82,2959.0
2026-06-05 13:00:00,4464.8,4468.0,4463.03,4465.96,1995.0
2026-06-05 13:30:00,4465.98,4467.77,4461.83,4466.81,2104.0
2026-06-05 14:00:00,4466.84,4466.98,4458.8,4466.03,2953.0
2026-06-05 14:30:00,4465.92,4475.27,4463.01,4470.12,3029.0
2026-06-05 15:00:00,4470.37,4475.76,4461.58,4464.46,4089.0
2026-06-05 15:30:00,4464.89,4465.68,4404.73,4405.89,7814.0
2026-06-05 16:00:00,4406.28,4420.85,4399.86,4404.57,7760.0
2026-06-05 16:30:00,4404.82,4409.36,4365.53,4365.65,8605.0
2026-06-05 17:00:00,4365.69,4379.09,4352.87,4360.94,8856.0
2026-06-05 17:30:00,4360.79,4369.98,4344.51,4369.45,7918.0
2026-06-05 18:00:00,4369.52,4372.41,4348.15,4351.96,7129.0
2026-06-05 18:30:00,4351.8,4354.78,4333.98,4335.47,6386.0
2026-06-05 19:00:00,4335.39,4338.8,4325.31,4329.59,6799.0
2026-06-05 19:30:00,4329.46,4344.82,4323.2,4344.45,6420.0
2026-06-05 20:00:00,4344.62,4346.76,4335.58,4342.37,6437.0
2026-06-05 20:30:00,4342.41,4347.28,4338.08,4341.67,5601.0
2026-06-05 21:00:00,4341.77,4342.02,4321.79,4325.77,6301.0
2026-06-05 21:30:00,4325.97,4326.89,4315.23,4322.27,6256.0
2026-06-05 22:00:00,4322.4,4324.16,4313.84,4323.77,6546.0
2026-06-05 22:30:00,4323.68,4325.02,4313.92,4318.43,6871.0
2026-06-05 23:00:00,4318.52,4326.27,4311.66,4322.86,4942.0
2026-06-05 23:30:00,4322.88,4329.87,4321.13,4327.55,3067.0
2026-06-08 01:00:00,4338.94,4351.1,4309.98,4316.6,6295.0
2026-06-08 01:30:00,4316.52,4328.95,4315.21,4317.21,4456.0
2026-06-08 02:00:00,4317.32,4334.37,4317.2,4333.91,4106.0
2026-06-08 02:30:00,4333.77,4346.83,4333.0,4343.92,4164.0
2026-06-08 03:00:00,4343.31,4353.26,4340.71,4351.41,4607.0
2026-06-08 03:30:00,4351.36,4352.32,4339.81,4342.06,5079.0
2026-06-08 04:00:00,4342.27,4345.71,4311.39,4314.46,7685.0
2026-06-08 04:30:00,4314.5,4329.65,4300.26,4325.52,7620.0
2026-06-08 05:00:00,4325.68,4330.58,4311.43,4314.71,5764.0
2026-06-08 05:30:00,4314.8,4320.65,4307.27,4310.4,6084.0
2026-06-08 06:00:00,4310.43,4313.94,4303.4,4307.1,4978.0
2026-06-08 06:30:00,4307.12,4317.07,4304.86,4316.78,3852.0
2026-06-08 07:00:00,4316.8,4321.69,4313.39,4319.9,3869.0
2026-06-08 07:30:00,4319.78,4320.17,4307.57,4312.57,3711.0
2026-06-08 08:00:00,4312.72,4315.98,4304.38,4311.69,4339.0
2026-06-08 08:30:00,4311.5,4312.33,4268.24,4291.97,7342.0
2026-06-08 09:00:00,4291.92,4311.13,4291.92,4305.72,6849.0
2026-06-08 09:30:00,4305.76,4306.4,4293.13,4299.88,5727.0
2026-06-08 10:00:00,4299.75,4316.75,4294.76,4306.07,6028.0
2026-06-08 10:30:00,4306.13,4311.58,4294.28,4294.37,5325.0
2026-06-08 11:00:00,4294.04,4296.97,4285.23,4288.09,5430.0
2026-06-08 11:30:00,4288.22,4293.63,4285.4,4288.69,4934.0
2026-06-08 12:00:00,4288.68,4291.99,4279.32,4279.68,3800.0
2026-06-08 12:30:00,4279.65,4301.88,4272.88,4294.27,5928.0
2026-06-08 13:00:00,4294.4,4297.54,4286.18,4293.73,4239.0
2026-06-08 13:30:00,4293.72,4305.7,4292.13,4301.93,4752.0
2026-06-08 14:00:00,4301.92,4330.89,4297.07,4325.16,5828.0
2026-06-08 14:30:00,4325.03,4333.13,4321.3,4331.22,5444.0
2026-06-08 15:00:00,4330.82,4334.74,4320.16,4329.89,5573.0
2026-06-08 15:30:00,4329.93,4339.39,4327.02,4332.96,5508.0
2026-06-08 16:00:00,4333.01,4335.88,4321.19,4331.16,6193.0
2026-06-08 16:30:00,4331.03,4346.5,4331.03,4345.94,2491.0
2026-06-08 17:00:00,4327.2,4330.7,4315.76,4319.99,7555.0
2026-06-08 17:30:00,4319.8,4331.34,4315.16,4330.88,6633.0
2026-06-08 18:00:00,4330.92,4336.34,4322.46,4330.56,5866.0
2026-06-08 18:30:00,4330.67,4345.64,4328.4,4341.68,5953.0
2026-06-08 19:00:00,4341.71,4343.93,4338.05,4340.83,5042.0
2026-06-08 19:30:00,4340.91,4346.22,4337.77,4340.54,5053.0
2026-06-08 20:00:00,4340.58,4342.28,4334.06,4339.0,5273.0
2026-06-08 20:30:00,4339.22,4339.5,4331.94,4338.98,4828.0
2026-06-08 21:00:00,4339.01,4345.81,4338.53,4342.43,3819.0
2026-06-08 21:30:00,4342.42,4344.54,4332.81,4334.53,3580.0
2026-06-08 22:00:00,4334.34,4338.04,4325.91,4327.66,4319.0
2026-06-08 22:30:00,4327.67,4330.32,4323.28,4326.57,4463.0
2026-06-08 23:00:00,4326.46,4329.84,4324.49,4326.43,2155.0
2026-06-08 23:30:00,4326.52,4329.94,4325.42,4329.77,1294.0
2026-06-09 01:00:00,4330.71,4333.31,4322.66,4325.09,1994.0
2026-06-09 01:30:00,4325.02,4328.73,4324.98,4327.86,1211.0
2026-06-09 02:00:00,4327.91,4328.79,4320.51,4320.55,1379.0
2026-06-09 02:30:00,4320.6,4322.26,4312.88,4317.65,2678.0
2026-06-09 03:00:00,4317.56,4323.59,4315.35,4316.67,4892.0
2026-06-09 03:30:00,4316.68,4322.92,4314.98,4319.78,4024.0
2026-06-09 04:00:00,4319.61,4337.87,4318.59,4335.38,5824.0
2026-06-09 04:30:00,4335.32,4338.74,4332.82,4336.51,4559.0
2026-06-09 05:00:00,4336.57,4336.8,4328.26,4335.49,4338.0
2026-06-09 05:30:00,4335.52,4340.98,4331.08,4335.99,4297.0
2026-06-09 06:00:00,4335.97,4341.99,4330.93,4336.61,4093.0
2026-06-09 06:30:00,4336.54,4341.78,4333.49,4339.61,1709.0
2026-06-09 07:00:00,4336.51,4336.51,4333.21,4335.15,436.0
2026-06-09 07:30:00,4330.39,4330.53,4324.18,4325.22,512.0
2026-06-09 08:00:00,4332.46,4336.09,4332.36,4334.92,122.0
2026-06-09 08:30:00,4332.48,4343.79,4332.0,4340.64,893.0
2026-06-09 09:00:00,4343.16,4346.28,4342.76,4345.24,155.0
2026-06-09 09:30:00,4339.23,4339.23,4332.47,4333.52,616.0
2026-06-09 10:00:00,4330.43,4332.06,4328.43,4331.67,142.0
2026-06-09 10:30:00,4331.09,4331.36,4325.31,4326.27,433.0
2026-06-09 11:00:00,4326.21,4327.03,4322.59,4323.01,455.0
2026-06-09 11:30:00,4334.38,4335.93,4333.87,4333.87,260.0
2026-06-09 12:00:00,4326.42,4329.05,4325.0,4328.97,483.0
2026-06-09 12:30:00,4326.55,4329.37,4325.63,4326.38,762.0
2026-06-09 13:00:00,4331.72,4333.11,4331.72,4332.2,77.0
2026-06-09 13:30:00,4333.72,4334.27,4332.18,4332.43,143.0
2026-06-09 14:00:00,4339.01,4340.29,4337.53,4338.81,252.0
2026-06-09 14:30:00,4338.72,4338.99,4337.45,4338.09,203.0
2026-06-09 15:00:00,4339.92,4342.85,4339.61,4342.54,418.0
2026-06-09 15:30:00,4335.62,4339.79,4334.65,4339.18,493.0
2026-06-09 16:00:00,4341.28,4345.36,4338.12,4340.24,883.0
2026-06-09 16:30:00,4331.11,4334.06,4328.74,4330.92,1032.0
2026-06-09 17:00:00,4328.7,4330.27,4327.22,4329.13,83.0
2026-06-09 17:30:00,4318.27,4321.16,4312.74,4312.96,505.0
2026-06-09 18:00:00,4300.59,4302.02,4291.28,4293.98,1097.0
2026-06-09 18:30:00,4278.81,4281.72,4263.5,4275.78,1465.0
2026-06-09 19:00:00,4272.07,4274.24,4271.78,4271.78,85.0
2026-06-09 19:30:00,4263.28,4264.28,4259.96,4261.78,414.0
2026-06-09 20:00:00,4252.24,4261.17,4251.2,4258.73,1108.0
2026-06-09 20:30:00,4262.96,4264.17,4260.98,4261.15,298.0
2026-06-09 21:00:00,4263.11,4265.49,4259.48,4259.73,775.0
2026-06-09 21:30:00,4270.78,4273.86,4268.75,4270.11,1083.0
2026-06-09 22:00:00,4269.96,4270.48,4266.29,4267.39,256.0
2026-06-09 22:30:00,4257.23,4260.04,4256.34,4258.51,850.0
2026-06-09 23:00:00,4258.63,4258.63,4256.83,4257.09,161.0
2026-06-09 23:30:00,4258.93,4259.1,4257.63,4258.08,195.0
2026-06-10 01:00:00,4256.44,4256.44,4248.51,4255.6,35.0
2026-06-10 01:30:00,4256.48,4257.35,4255.09,4256.52,297.0
2026-06-10 02:00:00,4237.1,4246.18,4235.52,4245.48,588.0
2026-06-10 02:30:00,4224.19,4224.91,4223.36,4223.41,71.0
2026-06-10 03:00:00,4221.96,4224.06,4220.27,4221.08,403.0
2026-06-10 03:30:00,4218.01,4218.97,4207.23,4208.05,763.0
2026-06-10 04:00:00,4218.5,4218.78,4195.6,4195.63,1352.0
2026-06-10 04:30:00,4201.57,4203.2,4200.73,4201.82,52.0
2026-06-10 05:00:00,4188.68,4191.67,4188.59,4189.14,257.0
2026-06-10 05:30:00,4187.89,4192.46,4178.79,4179.94,642.0
2026-06-10 06:00:00,4173.82,4175.02,4173.19,4174.86,327.0
2026-06-10 06:30:00,4177.22,4180.15,4176.21,4180.02,550.0
2026-06-10 07:00:00,4184.96,4187.18,4182.01,4185.7,732.0
2026-06-10 07:30:00,4174.37,4175.17,4173.25,4174.41,298.0
2026-06-10 08:00:00,4174.71,4178.19,4173.59,4173.91,656.0
2026-06-10 08:30:00,4187.15,4196.12,4181.65,4195.01,2583.0
2026-06-10 09:00:00,4205.55,4209.68,4205.08,4207.07,434.0
2026-06-10 09:30:00,4211.61,4213.37,4208.12,4209.25,554.0
2026-06-10 10:00:00,4203.58,4205.63,4201.26,4202.93,883.0
2026-06-10 10:30:00,4194.76,4196.86,4193.37,4196.84,221.0
2026-06-10 11:00:00,4185.97,4187.29,4185.97,4186.52,47.0
2026-06-10 11:30:00,4172.12,4172.12,4166.33,4167.7,324.0
2026-06-10 12:00:00,4168.89,4169.54,4165.3,4168.19,784.0
2026-06-10 12:30:00,4166.05,4169.97,4165.79,4168.96,220.0
2026-06-10 13:00:00,4168.76,4170.99,4167.23,4169.15,636.0
2026-06-10 13:30:00,4164.82,4168.6,4163.88,4167.0,447.0
2026-06-10 14:00:00,4174.47,4175.93,4168.23,4168.36,676.0
2026-06-10 14:30:00,4166.48,4167.87,4161.11,4164.19,1112.0
2026-06-10 15:00:00,4147.29,4150.81,4145.47,4148.13,411.0
2026-06-10 15:30:00,4141.08,4173.8,4135.98,4170.47,1248.0
2026-06-10 16:00:00,4147.01,4156.18,4144.99,4152.78,1427.0
2026-06-10 16:30:00,4149.21,4153.58,4145.56,4147.16,402.0
2026-06-10 17:00:00,4179.57,4180.62,4177.89,4178.12,103.0
2026-06-10 17:30:00,4161.02,4163.22,4155.52,4157.5,714.0
2026-06-10 18:00:00,4124.81,4134.46,4123.05,4134.46,542.0
2026-06-10 18:30:00,4128.04,4130.32,4125.67,4127.33,528.0
2026-06-10 19:00:00,4128.73,4131.58,4122.97,4124.01,701.0
2026-06-10 19:30:00,4127.43,4129.92,4121.08,4122.68,810.0
2026-06-10 20:00:00,4121.76,4134.84,4121.32,4131.2,1085.0
2026-06-10 20:30:00,4110.96,4110.96,4105.77,4106.13,212.0
2026-06-10 21:00:00,4111.63,4117.94,4111.63,4117.67,647.0
2026-06-10 21:30:00,4112.25,4112.55,4111.23,4111.33,81.0
2026-06-10 22:00:00,4101.58,4101.94,4098.16,4100.52,703.0
2026-06-10 22:30:00,4084.75,4086.71,4083.78,4086.56,288.0
2026-06-10 23:00:00,4082.53,4083.05,4075.07,4078.37,677.0
2026-06-10 23:30:00,4078.29,4078.29,4076.32,4076.53,53.0
2026-06-11 01:00:00,4072.05,4072.69,4059.78,4061.84,602.0
2026-06-11 01:30:00,4044.65,4046.0,4044.65,4045.9,19.0
2026-06-11 02:00:00,4046.52,4053.64,4044.6,4051.68,584.0
2026-06-11 02:30:00,4061.37,4062.09,4059.58,4061.83,51.0
2026-06-11 03:00:00,4047.32,4059.45,4046.4,4057.05,666.0
2026-06-11 03:30:00,4067.41,4067.98,4064.5,4065.22,93.0
2026-06-11 04:00:00,4075.86,4089.87,4074.45,4074.63,458.0
2026-06-11 04:30:00,4104.3,4112.14,4103.94,4111.89,1088.0
2026-06-11 05:00:00,4101.92,4102.49,4095.13,4095.13,794.0
2026-06-11 05:30:00,4082.26,4084.83,4071.13,4072.14,402.0
2026-06-11 06:00:00,4067.85,4073.98,4067.81,4073.21,541.0
2026-06-11 06:30:00,4063.05,4067.84,4062.48,4066.74,839.0
2026-06-11 07:00:00,4072.68,4075.06,4071.82,4072.14,208.0
2026-06-11 07:30:00,4077.66,4083.78,4076.35,4076.35,686.0
2026-06-11 08:00:00,4082.63,4083.2,4075.86,4077.47,457.0
2026-06-11 08:30:00,4075.16,4095.83,4074.93,4094.87,1313.0
2026-06-11 09:00:00,4094.18,4094.65,4088.22,4089.53,371.0
2026-06-11 09:30:00,4086.79,4087.92,4085.04,4085.41,754.0
2026-06-11 10:00:00,4094.27,4095.89,4093.62,4094.75,185.0
2026-06-11 10:30:00,4107.53,4110.26,4106.75,4109.99,111.0
2026-06-11 11:00:00,4104.59,4105.54,4104.1,4105.46,78.0
2026-06-11 11:30:00,4097.03,4097.59,4093.73,4096.77,991.0
2026-06-11 12:00:00,4084.32,4087.17,4083.2,4085.69,796.0
2026-06-11 12:30:00,4079.32,4082.64,4077.38,4080.63,786.0
2026-06-11 13:00:00,4091.46,4093.77,4090.99,4093.07,167.0
2026-06-11 13:30:00,4087.68,4092.87,4086.49,4091.68,1501.0
2026-06-11 14:00:00,4089.82,4090.69,4086.82,4090.65,606.0
2026-06-11 14:30:00,4090.25,4094.8,4089.56,4094.8,105.0
2026-06-11 15:00:00,4080.24,4081.02,4078.29,4080.7,204.0
2026-06-11 15:30:00,4068.81,4073.91,4060.28,4061.0,741.0
2026-06-11 16:00:00,4081.67,4085.65,4077.82,4084.7,1230.0
2026-06-11 16:30:00,4075.39,4081.48,4071.74,4074.87,1630.0
2026-06-11 17:00:00,4083.29,4085.33,4078.34,4078.34,801.0
2026-06-11 17:30:00,4074.72,4077.16,4070.7,4071.43,493.0
2026-06-11 18:00:00,4073.24,4076.23,4070.28,4075.3,1082.0
2026-06-11 18:30:00,4081.38,4082.22,4078.68,4078.88,226.0
2026-06-11 19:00:00,4088.71,4093.17,4088.42,4091.89,738.0
2026-06-11 19:30:00,4079.37,4079.37,4078.35,4079.04,36.0
2026-06-11 20:00:00,4080.11,4080.47,4074.48,4074.71,720.0
2026-06-11 20:30:00,4101.46,4124.5,4101.46,4124.02,657.0
2026-06-11 21:00:00,4151.77,4155.46,4136.2,4137.78,1813.0
2026-06-11 21:30:00,4152.67,4158.0,4148.99,4150.65,824.0
2026-06-11 22:00:00,4161.77,4174.28,4161.77,4172.54,1313.0
2026-06-11 22:30:00,4195.56,4211.57,4195.56,4209.06,483.0
2026-06-11 23:00:00,4208.78,4215.88,4208.78,4213.17,559.0
2026-06-11 23:30:00,4214.31,4216.31,4212.22,4212.9,505.0
2026-06-12 01:00:00,4208.05,4220.09,4206.19,4210.56,490.0
2026-06-12 01:30:00,4214.52,4215.95,4210.97,4213.02,631.0
2026-06-12 02:00:00,4243.34,4245.76,4241.58,4244.43,167.0
2026-06-12 02:30:00,4216.17,4223.46,4214.68,4216.16,519.0
2026-06-12 03:00:00,4219.82,4222.43,4217.17,4218.6,75.0
2026-06-12 03:30:00,4220.26,4228.5,4219.82,4227.44,300.0
2026-06-12 04:00:00,4208.08,4210.23,4182.89,4187.23,1575.0
2026-06-12 04:30:00,4181.04,4186.36,4176.77,4178.66,1153.0
2026-06-12 05:00:00,4186.71,4194.24,4183.62,4191.54,1120.0
2026-06-12 05:30:00,4188.34,4189.13,4182.64,4183.25,887.0
2026-06-12 06:00:00,4191.41,4195.98,4189.46,4190.89,1007.0
2026-06-12 06:30:00,4203.35,4204.46,4199.02,4202.02,747.0
2026-06-12 07:00:00,4196.96,4197.24,4192.66,4196.77,332.0
2026-06-12 07:30:00,4192.49,4195.39,4191.82,4195.39,200.0
2026-06-12 08:00:00,4189.59,4192.73,4189.59,4192.14,89.0
2026-06-12 08:30:00,4187.18,4187.62,4177.83,4180.36,1137.0
2026-06-12 09:00:00,4173.29,4182.46,4173.18,4182.2,831.0
2026-06-12 09:30:00,4181.98,4182.46,4175.44,4176.23,489.0
2026-06-12 10:00:00,4184.08,4184.8,4181.59,4183.33,280.0
2026-06-12 10:30:00,4173.92,4174.76,4173.57,4174.2,61.0
2026-06-12 11:00:00,4194.32,4202.85,4191.89,4195.76,1382.0
2026-06-12 11:30:00,4213.2,4219.93,4212.88,4216.06,1206.0
2026-06-12 12:00:00,4219.52,4222.41,4217.3,4222.34,763.0
2026-06-12 12:30:00,4221.04,4223.62,4219.1,4222.77,713.0
2026-06-12 13:00:00,4221.53,4223.31,4219.02,4223.2,393.0
2026-06-12 13:30:00,4206.96,4210.21,4206.54,4210.21,233.0
2026-06-12 14:00:00,4211.35,4211.89,4206.07,4206.12,700.0
2026-06-12 14:30:00,4202.55,4202.59,4197.46,4199.78,551.0
2026-06-12 15:00:00,4206.92,4208.31,4202.59,4203.75,469.0
2026-06-12 15:30:00,4200.89,4201.59,4197.37,4197.84,218.0
2026-06-12 16:00:00,4191.46,4197.91,4186.45,4195.67,1292.0
2026-06-12 16:30:00,4202.83,4205.26,4197.31,4199.14,1300.0
2026-06-12 17:00:00,4185.96,4198.17,4185.05,4192.04,1029.0
2026-06-12 17:30:00,4188.28,4189.43,4183.46,4183.9,548.0
2026-06-12 18:00:00,4203.89,4205.48,4202.07,4205.05,169.0
2026-06-12 18:30:00,4225.59,4228.36,4218.46,4220.12,1298.0
2026-06-12 19:00:00,4211.91,4213.72,4208.02,4212.47,1006.0
2026-06-12 19:30:00,4216.85,4218.56,4215.78,4217.27,591.0
2026-06-12 20:00:00,4215.84,4218.79,4215.84,4218.64,362.0
2026-06-12 20:30:00,4218.96,4219.23,4217.38,4217.43,117.0
2026-06-12 21:00:00,4221.26,4222.45,4219.44,4219.59,785.0
2026-06-12 21:30:00,4226.45,4228.26,4224.21,4226.79,549.0
2026-06-12 22:00:00,4215.21,4217.2,4214.23,4216.95,486.0
2026-06-12 22:30:00,4208.48,4210.09,4207.35,4209.01,285.0
2026-06-12 23:00:00,4210.46,4211.23,4209.39,4209.39,66.0
2026-06-12 23:30:00,4214.36,4214.51,4212.56,4213.62,233.0
2026-06-15 01:00:00,4260.95,4302.19,4251.29,4295.85,1681.0
2026-06-15 01:30:00,4286.74,4287.01,4280.5,4281.42,540.0
2026-06-15 02:00:00,4285.54,4287.26,4282.58,4285.5,745.0
2026-06-15 02:30:00,4283.25,4285.26,4282.46,4282.52,185.0
2026-06-15 03:00:00,4293.58,4295.79,4293.3,4295.77,596.0
2026-06-15 03:30:00,4300.82,4304.31,4297.42,4297.42,251.0
2026-06-15 04:00:00,4292.61,4296.49,4285.41,4296.24,701.0
2026-06-15 04:30:00,4303.51,4304.17,4301.33,4301.73,57.0
2026-06-15 05:00:00,4316.61,4324.04,4315.97,4323.58,645.0
2026-06-15 05:30:00,4327.92,4331.49,4327.72,4330.48,212.0
2026-06-15 06:00:00,4329.46,4330.94,4328.64,4328.84,323.0
2026-06-15 06:30:00,4324.02,4327.04,4323.23,4326.36,581.0
2026-06-15 07:00:00,4324.92,4327.53,4324.76,4326.07,177.0
2026-06-15 07:30:00,4326.9,4327.24,4325.25,4326.91,223.0
2026-06-15 08:00:00,4328.13,4329.33,4327.81,4329.03,58.0
2026-06-15 08:30:00,4330.17,4332.55,4326.98,4327.82,457.0
2026-06-15 09:00:00,4310.05,4312.82,4309.82,4311.6,775.0
2026-06-15 09:30:00,4304.88,4305.68,4302.82,4304.72,264.0
2026-06-15 10:00:00,4308.24,4308.55,4305.21,4306.68,516.0
2026-06-15 10:30:00,4316.64,4316.82,4316.48,4316.61,22.0
2026-06-15 11:00:00,4322.88,4324.27,4321.6,4322.12,340.0
2026-06-15 11:30:00,4328.56,4340.27,4327.84,4339.63,708.0
2026-06-15 12:00:00,4334.14,4335.64,4334.14,4335.43,27.0
2026-06-15 12:30:00,4338.85,4338.88,4335.5,4337.79,247.0
2026-06-15 13:00:00,4336.56,4337.41,4335.84,4336.75,416.0
2026-06-15 13:30:00,4338.48,4340.05,4337.23,4339.53,382.0
2026-06-15 14:00:00,4337.86,4338.81,4336.13,4338.06,542.0
2026-06-15 14:30:00,4341.02,4346.52,4341.02,4345.72,128.0
2026-06-15 15:00:00,4335.15,4338.53,4334.05,4338.08,629.0
2026-06-15 15:30:00,4337.42,4341.14,4334.99,4340.24,255.0
2026-06-15 16:00:00,4348.68,4348.68,4342.09,4343.07,688.0
2026-06-15 16:30:00,4353.32,4357.47,4352.09,4357.23,221.0
2026-06-15 17:00:00,4355.21,4357.07,4354.58,4356.04,126.0
2026-06-15 17:30:00,4363.61,4365.0,4362.59,4362.97,511.0
2026-06-15 18:00:00,4356.7,4357.23,4351.5,4354.55,854.0
2026-06-15 18:30:00,4353.96,4354.64,4352.97,4353.67,168.0
2026-06-15 19:00:00,4356.16,4356.81,4354.66,4355.4,435.0
2026-06-15 19:30:00,4342.74,4342.95,4338.37,4340.05,690.0
2026-06-15 20:00:00,4339.13,4339.13,4334.06,4335.21,317.0
2026-06-15 20:30:00,4329.63,4329.85,4327.54,4328.69,523.0
2026-06-15 21:00:00,4324.71,4324.71,4324.01,4324.29,58.0
2026-06-15 21:30:00,4324.77,4325.15,4322.03,4322.61,385.0
2026-06-15 22:00:00,4325.56,4326.58,4321.83,4321.94,539.0
2026-06-15 22:30:00,4321.31,4323.63,4321.31,4323.31,175.0
2026-06-15 23:00:00,4320.57,4321.96,4319.9,4320.03,311.0
2026-06-15 23:30:00,4312.66,4312.98,4310.59,4311.01,233.0
2026-06-16 01:00:00,4315.66,4316.35,4308.94,4311.3,59.0
2026-06-16 01:30:00,4308.37,4310.29,4306.71,4309.4,189.0
2026-06-16 02:00:00,4311.88,4314.99,4311.88,4314.96,288.0
2026-06-16 02:30:00,4315.12,4316.31,4315.07,4315.7,63.0
2026-06-16 03:00:00,4315.5,4318.13,4313.71,4315.43,353.0
2026-06-16 03:30:00,4308.25,4311.42,4307.8,4311.0,698.0
2026-06-16 04:00:00,4319.19,4324.93,4316.71,4324.52,196.0
2026-06-16 04:30:00,4319.33,4320.24,4318.37,4318.37,389.0
2026-06-16 05:00:00,4313.43,4313.93,4310.28,4310.54,695.0
2026-06-16 05:30:00,4312.66,4317.83,4312.48,4317.68,538.0
2026-06-16 06:00:00,4318.47,4319.07,4317.64,4318.97,173.0
2026-06-16 06:30:00,4321.14,4322.49,4319.8,4322.17,314.0
2026-06-16 07:00:00,4330.32,4332.03,4330.21,4332.03,60.0
2026-06-16 07:30:00,4322.83,4324.53,4321.71,4324.14,322.0
2026-06-16 08:00:00,4322.42,4323.22,4322.13,4322.92,132.0
2026-06-16 08:30:00,4327.07,4330.67,4320.79,4321.79,967.0
2026-06-16 09:00:00,4315.75,4316.36,4313.46,4316.33,383.0
2026-06-16 09:30:00,4316.51,4319.62,4313.98,4318.5,746.0
2026-06-16 10:00:00,4323.8,4325.82,4322.8,4322.89,390.0
2026-06-16 10:30:00,4328.82,4329.23,4328.07,4328.57,81.0
2026-06-16 11:00:00,4335.06,4335.48,4332.74,4333.55,475.0
2026-06-16 11:30:00,4341.16,4343.11,4340.9,4342.52,425.0
2026-06-16 12:00:00,4346.91,4347.57,4345.72,4345.76,391.0
2026-06-16 12:30:00,4339.81,4341.51,4339.32,4341.5,93.0
2026-06-16 13:00:00,4345.21,4345.35,4343.67,4344.16,109.0
2026-06-16 13:30:00,4344.22,4344.88,4343.34,4343.97,195.0
2026-06-16 14:00:00,4348.64,4349.25,4347.76,4348.05,257.0
2026-06-16 14:30:00,4341.89,4342.09,4338.03,4338.46,356.0
2026-06-16 15:00:00,4340.79,4341.13,4338.94,4340.3,389.0
2026-06-16 15:30:00,4343.63,4345.55,4342.63,4345.52,251.0
2026-06-16 16:00:00,4354.44,4354.66,4349.76,4349.9,306.0
2026-06-16 16:30:00,4334.89,4340.53,4333.63,4338.27,934.0
2026-06-16 17:00:00,4331.76,4338.17,4331.45,4337.19,399.0
2026-06-16 17:30:00,4319.44,4321.19,4315.94,4317.42,409.0
2026-06-16 18:00:00,4324.03,4326.99,4322.26,4322.9,1024.0
2026-06-16 18:30:00,4325.83,4327.2,4323.94,4326.98,653.0
2026-06-16 19:00:00,4335.13,4339.03,4334.81,4338.74,330.0
2026-06-16 19:30:00,4344.45,4344.56,4342.31,4343.82,216.0
2026-06-16 20:00:00,4340.4,4340.42,4340.31,4340.31,5.0
2026-06-16 20:30:00,4334.64,4337.89,4334.13,4337.5,794.0
2026-06-16 21:00:00,4340.21,4342.6,4339.52,4342.58,353.0
2026-06-16 21:30:00,4341.28,4342.64,4340.39,4341.28,374.0
2026-06-16 22:00:00,4338.42,4339.35,4337.74,4338.86,276.0
2026-06-16 22:30:00,4339.5,4339.95,4338.72,4339.25,91.0
2026-06-16 23:00:00,4333.82,4333.97,4330.99,4332.94,561.0
2026-06-16 23:30:00,4332.72,4333.35,4331.4,4332.63,274.0
2026-06-17 01:00:00,4333.04,4335.8,4330.54,4331.6,290.0
2026-06-17 01:30:00,4330.04,4332.69,4330.04,4332.57,194.0
2026-06-17 02:00:00,4335.26,4335.26,4334.12,4334.45,86.0
2026-06-17 02:30:00,4335.98,4336.39,4334.18,4334.41,138.0
2026-06-17 03:00:00,4331.0,4332.42,4328.42,4331.83,298.0
2026-06-17 03:30:00,4337.25,4337.56,4336.3,4337.19,90.0
2026-06-17 04:00:00,4336.98,4343.51,4334.37,4342.15,998.0
2026-06-17 04:30:00,4343.16,4344.06,4338.26,4338.69,501.0
2026-06-17 05:00:00,4340.8,4342.45,4340.14,4341.51,347.0
2026-06-17 05:30:00,4340.51,4341.78,4340.08,4341.15,152.0
2026-06-17 06:00:00,4331.41,4333.93,4330.71,4332.68,465.0
2026-06-17 06:30:00,4331.54,4332.74,4331.25,4332.47,433.0
2026-06-17 07:00:00,4332.1,4332.2,4328.52,4329.44,350.0
2026-06-17 07:30:00,4324.32,4325.55,4323.59,4324.15,410.0
2026-06-17 08:00:00,4326.5,4327.01,4325.49,4325.7,170.0
2026-06-17 08:30:00,4327.16,4333.0,4327.15,4329.0,513.0
2026-06-17 09:00:00,4326.55,4327.79,4324.36,4326.75,220.0
2026-06-17 09:30:00,4324.23,4325.61,4322.44,4324.84,547.0
2026-06-17 10:00:00,4331.48,4331.82,4330.27,4330.65,191.0
2026-06-17 10:30:00,4328.93,4329.99,4327.56,4328.28,333.0
2026-06-17 11:00:00,4324.98,4325.18,4324.66,4324.92,13.0
2026-06-17 11:30:00,4323.49,4324.1,4319.86,4322.8,538.0
2026-06-17 12:00:00,4324.64,4324.78,4324.41,4324.47,19.0
2026-06-17 12:30:00,4331.86,4335.45,4328.28,4329.89,585.0
2026-06-17 13:00:00,4329.46,4330.01,4328.06,4328.35,294.0
2026-06-17 13:30:00,4328.96,4330.4,4328.35,4328.42,386.0
2026-06-17 14:00:00,4331.42,4331.8,4331.39,4331.42,42.0
2026-06-17 14:30:00,4328.83,4328.86,4325.92,4326.82,525.0
2026-06-17 15:00:00,4323.22,4324.74,4322.2,4322.26,275.0
2026-06-17 15:30:00,4325.23,4329.37,4322.92,4327.47,441.0
2026-06-17 16:00:00,4333.55,4334.23,4328.83,4330.3,585.0
2026-06-17 16:30:00,4335.44,4336.67,4332.56,4333.87,386.0
2026-06-17 17:00:00,4339.7,4339.77,4337.51,4338.63,113.0
2026-06-17 17:30:00,4360.06,4363.81,4359.8,4363.03,92.0
2026-06-17 18:00:00,4344.25,4347.51,4343.94,4346.15,742.0
2026-06-17 18:30:00,4355.3,4359.4,4354.63,4358.87,555.0
2026-06-17 19:00:00,4363.44,4365.58,4361.79,4363.63,907.0
2026-06-17 19:30:00,4365.11,4365.11,4361.18,4361.18,683.0
2026-06-17 20:00:00,4359.43,4359.48,4355.36,4355.86,485.0
2026-06-17 20:30:00,4361.23,4363.64,4360.79,4363.28,337.0
2026-06-17 21:00:00,4378.14,4378.14,4335.36,4336.01,851.0
2026-06-17 21:30:00,4292.31,4309.21,4285.25,4298.05,865.0
2026-06-17 22:00:00,4285.78,4295.01,4281.7,4289.68,572.0
2026-06-17 22:30:00,4226.98,4227.05,4220.71,4221.1,255.0
2026-06-17 23:00:00,4235.65,4245.89,4235.0,4244.55,1344.0
2026-06-17 23:30:00,4258.08,4262.95,4258.08,4261.69,662.0
2026-06-18 01:00:00,4251.07,4259.06,4249.58,4257.23,561.0
2026-06-18 01:30:00,4266.81,4268.63,4265.26,4267.72,284.0
2026-06-18 02:00:00,4266.7,4267.04,4264.14,4264.68,369.0
2026-06-18 02:30:00,4279.98,4282.54,4279.16,4282.48,233.0
2026-06-18 03:00:00,4277.88,4291.98,4276.44,4290.82,927.0
2026-06-18 03:30:00,4300.38,4309.5,4299.7,4309.18,1034.0
2026-06-18 04:00:00,4308.56,4325.51,4307.05,4323.99,962.0
2026-06-18 04:30:00,4319.04,4320.55,4318.84,4319.55,176.0
2026-06-18 05:00:00,4317.72,4320.1,4316.27,4318.75,521.0
2026-06-18 05:30:00,4324.31,4325.33,4319.4,4319.6,1014.0
2026-06-18 06:00:00,4310.86,4311.91,4309.05,4311.18,578.0
2026-06-18 06:30:00,4314.64,4320.55,4313.71,4319.53,661.0
2026-06-18 07:00:00,4319.77,4323.83,4319.14,4323.02,279.0
2026-06-18 07:30:00,4313.58,4313.73,4313.43,4313.62,14.0
2026-06-18 08:00:00,4315.74,4317.08,4312.22,4316.32,492.0
2026-06-18 08:30:00,4323.08,4324.5,4321.85,4322.53,49.0
2026-06-18 09:00:00,4308.02,4309.76,4308.02,4308.99,128.0
2026-06-18 09:30:00,4304.81,4305.31,4303.79,4304.45,152.0
2026-06-18 10:00:00,4306.25,4307.5,4305.42,4306.39,260.0
2026-06-18 10:30:00,4307.62,4307.62,4303.19,4303.78,221.0
2026-06-18 11:00:00,4288.67,4289.67,4285.59,4289.42,392.0
2026-06-18 11:30:00,4284.53,4286.04,4283.32,4284.19,345.0
2026-06-18 12:00:00,4266.76,4267.27,4261.28,4267.02,595.0
2026-06-18 12:30:00,4266.18,4268.01,4265.08,4265.69,317.0
2026-06-18 13:00:00,4268.49,4269.83,4266.59,4266.59,373.0
2026-06-18 13:30:00,4269.39,4270.72,4267.67,4268.27,323.0
2026-06-18 14:00:00,4255.37,4255.62,4249.84,4251.46,467.0
2026-06-18 14:30:00,4249.02,4249.02,4247.01,4247.56,485.0
2026-06-18 15:00:00,4241.96,4244.7,4241.45,4244.06,652.0
2026-06-18 15:30:00,4254.93,4258.47,4249.5,4257.56,588.0
2026-06-18 16:00:00,4246.37,4249.28,4244.92,4245.83,603.0
2026-06-18 16:30:00,4263.09,4276.53,4262.96,4274.42,658.0
2026-06-18 17:00:00,4256.42,4257.59,4241.44,4246.21,759.0
2026-06-18 17:30:00,4244.3,4248.02,4241.43,4245.21,691.0
2026-06-18 18:00:00,4252.25,4254.44,4250.53,4252.18,711.0
2026-06-18 18:30:00,4235.6,4236.49,4230.37,4230.61,615.0
2026-06-18 19:00:00,4226.48,4231.66,4226.47,4228.13,594.0
2026-06-18 19:30:00,4224.94,4229.18,4222.96,4222.96,560.0
2026-06-18 20:00:00,4219.29,4223.6,4218.46,4222.83,615.0
2026-06-18 20:30:00,4226.0,4227.04,4224.11,4226.76,471.0
2026-06-18 21:00:00,4230.19,4230.5,4227.43,4229.18,424.0
2026-06-18 21:30:00,4226.12,4226.12,4221.82,4221.83,489.0
2026-06-18 22:00:00,4218.36,4218.86,4211.83,4212.07,663.0
2026-06-18 22:30:00,4204.87,4206.99,4201.44,4203.53,694.0
2026-06-18 23:00:00,4216.98,4217.89,4214.82,4216.3,476.0
2026-06-18 23:30:00,4218.81,4218.81,4215.36,4216.25,306.0
2026-06-19 01:00:00,4211.73,4213.4,4205.73,4205.73,399.0
2026-06-19 01:30:00,4203.83,4205.56,4203.66,4204.67,215.0
2026-06-19 02:00:00,4207.29,4208.17,4199.11,4200.55,485.0
2026-06-19 02:30:00,4196.82,4199.07,4196.08,4196.79,412.0
2026-06-19 03:00:00,4188.17,4197.86,4188.17,4190.46,913.0
2026-06-19 03:30:00,4185.03,4190.5,4184.36,4190.5,581.0
2026-06-19 04:00:00,4190.22,4194.42,4185.19,4185.19,808.0
2026-06-19 04:30:00,4190.75,4190.77,4186.65,4187.18,479.0
2026-06-19 05:00:00,4184.77,4185.99,4184.16,4185.88,478.0
2026-06-19 05:30:00,4179.35,4179.65,4176.99,4179.49,411.0
2026-06-19 06:00:00,4176.35,4177.11,4169.26,4170.21,564.0
2026-06-19 06:30:00,4167.4,4167.6,4161.61,4164.46,749.0
2026-06-19 07:00:00,4153.34,4154.91,4143.92,4144.88,935.0
2026-06-19 07:30:00,4146.41,4147.24,4143.32,4143.32,633.0
2026-06-19 08:00:00,4125.93,4125.93,4122.98,4124.28,26.0
2026-06-19 08:30:00,4133.66,4139.12,4130.89,4131.4,815.0
2026-06-19 09:00:00,4139.54,4140.06,4135.24,4135.66,374.0
2026-06-19 09:30:00,4141.77,4145.21,4136.16,4136.76,688.0
2026-06-19 10:00:00,4147.48,4151.54,4147.48,4151.2,497.0
2026-06-19 10:30:00,4152.48,4154.44,4151.06,4152.65,962.0
2026-06-19 11:00:00,4157.96,4159.53,4157.18,4157.54,267.0
2026-06-19 11:30:00,4176.14,4178.43,4173.91,4173.93,523.0
2026-06-19 12:00:00,4168.98,4170.8,4166.54,4167.14,503.0
2026-06-19 12:30:00,4162.57,4165.91,4162.57,4164.89,465.0
2026-06-19 13:00:00,4162.89,4162.99,4159.85,4159.89,273.0
2026-06-19 13:30:00,4153.73,4153.96,4151.73,4152.64,154.0
2026-06-19 14:00:00,4149.54,4149.9,4149.2,4149.51,29.0
2026-06-19 14:30:00,4144.02,4145.22,4142.79,4144.8,326.0
2026-06-19 15:00:00,4152.55,4158.41,4152.23,4157.31,694.0
2026-06-19 15:30:00,4151.65,4152.31,4149.41,4152.13,259.0
2026-06-19 16:00:00,4178.97,4181.38,4161.03,4166.98,1063.0
2026-06-19 16:30:00,4163.9,4167.9,4163.9,4164.17,369.0
2026-06-19 17:00:00,4151.29,4154.31,4147.99,4151.4,836.0
2026-06-19 17:30:00,4149.1,4150.4,4147.83,4148.75,239.0
2026-06-19 18:00:00,4149.3,4153.21,4148.01,4149.82,579.0
2026-06-19 18:30:00,4151.23,4151.48,4149.82,4151.14,132.0
2026-06-19 19:00:00,4150.94,4150.94,4146.83,4148.08,311.0
2026-06-19 19:30:00,4146.97,4147.47,4146.97,4147.25,34.0
2026-06-22 01:00:00,4142.58,4156.18,4128.64,4146.81,71.0
2026-06-22 01:30:00,4151.89,4154.84,4150.91,4153.52,523.0
2026-06-22 02:00:00,4156.06,4156.9,4155.26,4155.67,214.0
2026-06-22 02:30:00,4156.73,4156.75,4156.48,4156.6,28.0
2026-06-22 03:00:00,4140.35,4150.38,4139.9,4142.56,842.0
2026-06-22 03:30:00,4167.35,4170.93,4167.17,4168.23,221.0
2026-06-22 04:00:00,4200.96,4220.71,4200.96,4209.98,1116.0
2026-06-22 04:30:00,4207.15,4207.18,4196.29,4198.55,793.0
2026-06-22 05:00:00,4190.8,4192.67,4188.11,4189.43,190.0
2026-06-22 05:30:00,4188.53,4193.27,4186.98,4191.49,709.0
2026-06-22 06:00:00,4188.61,4189.94,4186.54,4188.25,1065.0
2026-06-22 06:30:00,4179.9,4180.58,4177.73,4179.65,611.0
2026-06-22 07:00:00,4171.35,4172.54,4170.6,4171.05,374.0
2026-06-22 07:30:00,4176.3,4176.62,4176.3,4176.62,14.0
2026-06-22 08:00:00,4181.68,4182.05,4180.45,4181.51,191.0
2026-06-22 08:30:00,4193.85,4196.63,4189.35,4191.09,796.0
2026-06-22 09:00:00,4193.74,4196.19,4192.89,4193.45,673.0
2026-06-22 09:30:00,4196.45,4196.94,4194.8,4195.42,261.0
2026-06-22 10:00:00,4197.76,4201.0,4197.25,4200.35,536.0
2026-06-22 10:30:00,4197.67,4199.67,4193.81,4197.95,620.0
2026-06-22 11:00:00,4190.15,4190.66,4189.0,4189.6,264.0
2026-06-22 11:30:00,4191.72,4191.72,4188.98,4189.35,563.0
2026-06-22 12:00:00,4197.22,4198.87,4195.93,4197.95,256.0
2026-06-22 12:30:00,4204.05,4204.32,4201.37,4202.67,220.0
2026-06-22 13:00:00,4208.2,4209.14,4207.79,4208.92,226.0
2026-06-22 13:30:00,4209.93,4210.77,4208.95,4210.16,511.0
2026-06-22 14:00:00,4204.6,4214.29,4204.49,4212.98,961.0
2026-06-22 14:30:00,4203.91,4205.67,4203.44,4205.65,299.0
2026-06-22 15:00:00,4207.48,4210.37,4205.77,4210.03,539.0
2026-06-22 15:30:00,4208.34,4208.7,4203.35,4204.87,582.0
2026-06-22 16:00:00,4193.36,4196.87,4192.48,4192.81,435.0
2026-06-22 16:30:00,4186.68,4187.16,4183.43,4185.49,207.0
2026-06-22 17:00:00,4199.77,4200.24,4199.45,4199.46,19.0
2026-06-22 17:30:00,4191.86,4192.33,4190.21,4190.94,119.0
2026-06-22 18:00:00,4198.17,4200.45,4197.44,4200.45,173.0
2026-06-22 18:30:00,4189.0,4189.83,4187.56,4188.85,244.0
2026-06-22 19:00:00,4182.8,4184.79,4179.99,4179.99,319.0
2026-06-22 19:30:00,4182.61,4183.75,4181.32,4183.43,317.0
2026-06-22 20:00:00,4189.83,4191.07,4188.18,4189.22,385.0
2026-06-22 20:30:00,4184.04,4184.62,4182.88,4182.96,260.0
2026-06-22 21:00:00,4183.09,4185.08,4182.39,4184.8,290.0
2026-06-22 21:30:00,4188.03,4189.37,4187.77,4188.44,282.0
2026-06-22 22:00:00,4191.29,4192.17,4191.04,4191.28,336.0
2026-06-22 22:30:00,4187.27,4187.46,4185.91,4187.07,413.0
2026-06-22 23:00:00,4190.65,4193.66,4190.0,4193.21,365.0
2026-06-22 23:30:00,4190.2,4190.68,4189.46,4190.52,144.0
2026-06-23 01:00:00,4189.99,4194.37,4189.99,4192.91,326.0
2026-06-23 01:30:00,4192.76,4194.45,4192.28,4192.57,324.0
2026-06-23 02:00:00,4189.84,4192.84,4189.43,4191.41,299.0
2026-06-23 02:30:00,4190.78,4192.52,4190.67,4192.46,230.0
2026-06-23 03:00:00,4187.46,4192.08,4186.84,4188.95,816.0
2026-06-23 03:30:00,4183.69,4186.06,4182.69,4184.2,784.0
2026-06-23 04:00:00,4193.31,4198.12,4192.66,4196.21,110.0
2026-06-23 04:30:00,4178.12,4178.52,4150.04,4161.14,6367.0
2026-06-23 05:00:00,4161.27,4163.36,4148.93,4161.74,4866.0
2026-06-23 05:30:00,4161.48,4162.18,4155.98,4157.39,1082.0
2026-06-23 06:00:00,4146.83,4149.5,4140.1,4141.57,801.0
2026-06-23 06:30:00,4140.53,4140.95,4139.82,4140.86,101.0
2026-06-23 07:00:00,4144.02,4146.81,4143.84,4144.6,511.0
2026-06-23 07:30:00,4139.68,4139.68,4136.88,4137.24,269.0
2026-06-23 08:00:00,4118.2,4126.38,4115.34,4126.38,479.0
2026-06-23 08:30:00,4125.2,4133.6,4117.19,4131.36,1402.0
2026-06-23 09:00:00,4121.4,4126.84,4119.65,4121.59,928.0
2026-06-23 09:30:00,4116.46,4116.65,4115.38,4116.49,56.0
2026-06-23 10:00:00,4114.21,4118.52,4110.3,4116.78,811.0
2026-06-23 10:30:00,4117.92,4118.38,4115.58,4116.58,248.0
2026-06-23 11:00:00,4098.45,4099.92,4091.8,4097.65,1011.0
2026-06-23 11:30:00,4098.06,4098.28,4096.7,4097.63,86.0
2026-06-23 12:00:00,4105.27,4105.67,4104.65,4105.31,57.0
2026-06-23 12:30:00,4112.61,4113.72,4112.36,4112.59,178.0
2026-06-23 13:00:00,4122.31,4132.24,4122.31,4129.51,616.0
2026-06-23 13:30:00,4130.26,4131.93,4129.22,4131.75,617.0
2026-06-23 14:00:00,4119.97,4121.34,4117.43,4118.88,863.0
2026-06-23 14:30:00,4127.15,4127.15,4125.79,4126.15,155.0
2026-06-23 15:00:00,4123.06,4127.23,4122.66,4126.86,432.0
2026-06-23 15:30:00,4115.05,4119.58,4114.14,4118.21,694.0
2026-06-23 16:00:00,4113.28,4114.19,4107.96,4112.23,1165.0
2026-06-23 16:30:00,4115.93,4116.9,4110.06,4113.85,246.0
2026-06-23 17:00:00,4135.4,4144.85,4128.7,4132.57,7243.0
2026-06-23 17:30:00,4132.66,4132.92,4122.88,4130.04,7094.0
2026-06-23 18:00:00,4130.05,4135.4,4123.45,4127.17,6150.0
2026-06-23 18:30:00,4127.15,4141.46,4126.6,4138.52,5804.0
2026-06-23 19:00:00,4138.53,4139.71,4132.89,4136.32,4524.0
2026-06-23 19:30:00,4136.22,4143.74,4131.49,4134.17,4580.0
2026-06-23 20:00:00,4134.07,4139.63,4129.93,4130.99,4808.0
2026-06-23 20:30:00,4131.13,4133.01,4127.73,4127.92,4136.0
2026-06-23 21:00:00,4127.9,4130.95,4120.56,4120.96,4017.0
2026-06-23 21:30:00,4120.82,4122.62,4112.71,4117.62,4332.0
2026-06-23 22:00:00,4117.83,4125.94,4116.74,4121.67,4873.0
2026-06-23 22:30:00,4121.74,4124.18,4111.5,4111.5,4937.0
2026-06-23 23:00:00,4111.65,4112.82,4107.37,4110.75,2400.0
2026-06-23 23:30:00,4110.67,4111.68,4108.63,4109.56,1382.0
2026-06-24 01:00:00,4112.53,4117.23,4104.57,4105.92,2774.0
2026-06-24 01:30:00,4106.17,4108.98,4097.13,4104.27,3743.0
2026-06-24 02:00:00,4104.34,4104.34,4094.85,4097.43,3178.0
2026-06-24 02:30:00,4097.44,4100.28,4080.85,4098.93,4900.0
2026-06-24 03:00:00,4099.08,4111.91,4093.73,4099.66,6039.0
2026-06-24 03:30:00,4099.62,4100.31,4093.76,4097.28,5128.0
2026-06-24 04:00:00,4097.23,4100.52,4068.43,4098.4,7606.0
2026-06-24 04:30:00,4098.26,4102.11,4082.3,4088.93,6539.0
2026-06-24 05:00:00,4088.82,4095.75,4082.35,4082.48,1536.0
2026-06-24 05:30:00,4073.47,4076.48,4070.67,4070.67,144.0
2026-06-24 06:00:00,4061.03,4065.32,4055.83,4057.19,1033.0
2026-06-24 06:30:00,4056.64,4060.57,4056.35,4058.23,524.0
2026-06-24 07:00:00,4062.65,4063.68,4056.47,4056.66,873.0
2026-06-24 07:30:00,4063.18,4065.57,4063.18,4065.1,551.0
2026-06-24 08:00:00,4064.37,4065.01,4061.61,4062.06,378.0
2026-06-24 08:30:00,4073.43,4078.07,4072.44,4076.48,197.0
2026-06-24 09:00:00,4076.23,4091.25,4075.9,4088.36,1747.0
2026-06-24 09:30:00,4087.51,4094.47,4084.4,4087.02,5104.0
2026-06-24 10:00:00,4086.97,4090.67,4083.15,4084.33,4436.0
2026-06-24 10:30:00,4084.3,4085.95,4074.27,4075.17,4465.0
2026-06-24 11:00:00,4074.73,4078.07,4073.9,4075.29,1641.0
2026-06-24 11:30:00,4080.35,4087.44,4075.5,4076.18,4358.0
2026-06-24 12:00:00,4076.09,4078.23,4069.83,4076.35,2110.0
2026-06-24 12:30:00,4069.35,4072.04,4068.69,4070.25,789.0
2026-06-24 13:00:00,4064.66,4066.08,4059.45,4061.8,731.0
2026-06-24 13:30:00,4060.68,4062.65,4060.68,4062.41,305.0
2026-06-24 14:00:00,4055.58,4056.22,4054.89,4055.29,93.0
2026-06-24 14:30:00,4044.15,4045.44,4044.15,4045.19,62.0
2026-06-24 15:00:00,4046.75,4046.87,4046.37,4046.87,4.0
2026-06-24 15:30:00,4015.37,4016.53,4015.04,4016.13,29.0
2026-06-24 16:00:00,3987.92,3995.39,3971.83,3981.2,1669.0
2026-06-24 16:30:00,3975.35,3996.17,3974.12,3992.08,1274.0
2026-06-24 17:00:00,4038.15,4040.94,4026.11,4026.29,1026.0
2026-06-24 17:30:00,4023.73,4029.21,4023.41,4026.58,487.0
2026-06-24 18:00:00,4008.07,4008.59,4006.63,4007.12,81.0
2026-06-24 18:30:00,4014.72,4015.16,4008.38,4009.14,506.0
2026-06-24 19:00:00,4002.97,4003.1,4000.44,4001.38,195.0
2026-06-24 19:30:00,4015.98,4015.98,4014.15,4015.13,69.0
2026-06-24 20:00:00,4006.65,4011.13,4005.47,4009.25,931.0
2026-06-24 20:30:00,3990.44,3990.83,3983.59,3984.81,1112.0
2026-06-24 21:00:00,3972.66,3975.23,3967.33,3968.43,889.0
2026-06-24 21:30:00,3990.1,3994.12,3989.35,3989.68,666.0
2026-06-24 22:00:00,3981.47,3981.8,3977.88,3980.02,542.0
2026-06-24 22:30:00,3983.94,3988.52,3983.94,3987.63,225.0
2026-06-24 23:00:00,3987.86,3987.96,3984.66,3986.8,179.0
2026-06-24 23:30:00,3999.96,4000.0,3999.24,3999.4,58.0
2026-06-25 01:00:00,4001.12,4008.78,4001.12,4007.64,468.0
2026-06-25 01:30:00,4002.4,4003.48,3999.52,4003.48,348.0
2026-06-25 02:00:00,3996.32,3998.47,3994.33,3995.59,425.0
2026-06-25 02:30:00,3998.08,3998.08,3997.99,3998.03,13.0
2026-06-25 03:00:00,4012.45,4014.66,4009.01,4013.84,1064.0
2026-06-25 03:30:00,3996.33,3996.33,3988.14,3989.19,840.0
2026-06-25 04:00:00,3991.28,4005.87,3988.97,4002.16,1112.0
2026-06-25 04:30:00,3990.58,3995.61,3989.16,3993.52,649.0
2026-06-25 05:00:00,3976.67,3981.37,3976.12,3980.86,592.0
2026-06-25 05:30:00,3986.53,3986.75,3978.56,3980.63,222.0
2026-06-25 06:00:00,3982.82,3989.13,3981.1,3982.42,988.0
2026-06-25 06:30:00,3976.09,3977.02,3971.61,3972.74,663.0
2026-06-25 07:00:00,3995.7,3997.51,3993.56,3995.35,466.0
2026-06-25 07:30:00,3994.46,3995.85,3990.92,3991.06,395.0
2026-06-25 08:00:00,3995.97,3997.02,3994.5,3995.56,288.0
2026-06-25 08:30:00,3994.13,3995.26,3985.79,3988.58,274.0
2026-06-25 09:00:00,3986.35,3987.99,3982.04,3983.52,300.0
2026-06-25 09:30:00,3984.17,3984.44,3982.39,3982.93,208.0
2026-06-25 10:00:00,3977.29,3977.9,3973.88,3974.34,202.0
2026-06-25 10:30:00,3985.09,3989.29,3982.15,3984.67,923.0
2026-06-25 11:00:00,3987.92,3995.18,3987.2,3990.41,792.0
2026-06-25 11:30:00,3994.48,3998.09,3993.76,3997.51,338.0
2026-06-25 12:00:00,3989.21,3992.21,3989.11,3991.04,420.0
2026-06-25 12:30:00,3993.86,3994.9,3993.86,3994.9,72.0
2026-06-25 13:00:00,3988.04,3988.3,3987.33,3988.3,62.0
2026-06-25 13:30:00,3989.09,3989.26,3984.6,3986.32,446.0
2026-06-25 14:00:00,3984.24,3986.02,3983.11,3984.34,274.0
2026-06-25 14:30:00,3977.1,3978.56,3976.5,3978.32,103.0
2026-06-25 15:00:00,3980.1,3983.97,3980.1,3982.88,209.0
2026-06-25 15:30:00,3983.74,4011.85,3981.77,3995.73,1540.0
2026-06-25 16:00:00,4012.44,4032.0,4011.85,4029.85,817.0
2026-06-25 16:30:00,4022.01,4025.66,4021.8,4025.66,79.0
2026-06-25 17:00:00,4002.05,4013.99,3998.96,4013.89,1092.0
2026-06-25 17:30:00,4026.44,4027.72,4022.07,4022.79,344.0
2026-06-25 18:00:00,4012.07,4013.06,4010.91,4011.05,165.0
2026-06-25 18:30:00,4026.9,4028.0,4025.04,4025.48,124.0
2026-06-25 19:00:00,4041.21,4042.01,4040.33,4041.24,101.0
2026-06-25 19:30:00,4040.36,4040.63,4039.83,4039.87,41.0
2026-06-25 20:00:00,4028.63,4030.91,4026.76,4030.09,1019.0
2026-06-25 20:30:00,4032.58,4035.0,4031.2,4032.53,808.0
2026-06-25 21:00:00,4034.63,4035.25,4028.21,4029.31,633.0
2026-06-25 21:30:00,4044.03,4044.03,4038.66,4038.91,430.0
2026-06-25 22:00:00,4034.67,4034.67,4034.67,4034.67,1.0
2026-06-25 22:30:00,4035.96,4036.64,4035.66,4036.12,84.0
2026-06-25 23:00:00,4026.77,4027.17,4025.68,4027.13,81.0
2026-06-25 23:30:00,4030.71,4030.73,4027.77,4027.8,303.0
2026-06-26 01:00:00,3987.73,4030.77,3987.73,4027.38,262.0
2026-06-26 01:30:00,4024.66,4025.73,4024.24,4024.71,62.0
2026-06-26 02:00:00,4026.12,4026.7,4026.0,4026.7,11.0
2026-06-26 02:30:00,4029.66,4030.27,4020.93,4022.32,570.0
2026-06-26 03:00:00,4014.36,4018.36,4013.01,4014.88,735.0
2026-06-26 03:30:00,4015.39,4016.62,4012.33,4015.06,536.0
2026-06-26 04:00:00,4020.38,4029.43,4019.82,4024.02,560.0
2026-06-26 04:30:00,4022.61,4023.61,4020.39,4020.39,405.0
2026-06-26 05:00:00,4021.01,4023.17,4019.53,4020.16,166.0
2026-06-26 05:30:00,4007.51,4009.1,4001.24,4002.48,982.0
2026-06-26 06:00:00,3990.51,3991.61,3986.55,3990.88,716.0
2026-06-26 06:30:00,3995.22,3996.35,3993.04,3995.16,427.0
2026-06-26 07:00:00,4004.17,4004.62,4002.85,4002.85,129.0
2026-06-26 07:30:00,4007.34,4008.19,4004.36,4004.7,822.0
2026-06-26 08:00:00,4011.52,4013.11,4009.6,4009.68,658.0
2026-06-26 08:30:00,4016.57,4021.41,4014.83,4015.43,479.0
2026-06-26 09:00:00,4007.93,4010.4,4006.81,4007.21,723.0
2026-06-26 09:30:00,4024.2,4024.45,4022.82,4023.74,111.0
2026-06-26 10:00:00,4032.03,4033.72,4029.7,4031.48,476.0
2026-06-26 10:30:00,4037.85,4038.71,4036.95,4038.14,628.0
2026-06-26 11:00:00,4030.54,4033.01,4028.91,4028.93,360.0
2026-06-26 11:30:00,4035.55,4035.98,4032.53,4033.31,557.0
2026-06-26 12:00:00,4030.89,4030.97,4030.41,4030.45,40.0
2026-06-26 12:30:00,4048.05,4048.34,4045.2,4047.26,483.0
2026-06-26 13:00:00,4047.09,4048.9,4044.43,4047.2,814.0
2026-06-26 13:30:00,4048.09,4053.2,4047.48,4052.89,583.0
2026-06-26 14:00:00,4054.52,4055.21,4051.4,4051.82,517.0
2026-06-26 14:30:00,4052.57,4054.59,4052.57,4053.94,193.0
2026-06-26 15:00:00,4045.93,4046.12,4043.61,4044.65,211.0
2026-06-26 15:30:00,4046.37,4048.35,4046.15,4047.5,108.0
2026-06-26 16:00:00,4059.04,4065.89,4059.04,4061.41,222.0
2026-06-26 16:30:00,4056.94,4056.94,4056.69,4056.69,2.0
2026-06-26 17:00:00,4073.55,4075.1,4068.07,4068.9,681.0
2026-06-26 17:30:00,4084.3,4084.78,4079.66,4080.29,1118.0
2026-06-26 18:00:00,4080.67,4083.08,4079.56,4080.27,995.0
2026-06-26 18:30:00,4084.15,4088.63,4082.5,4083.56,848.0
2026-06-26 19:00:00,4090.5,4092.76,4089.81,4091.3,793.0
2026-06-26 19:30:00,4086.64,4093.0,4086.64,4090.69,533.0
2026-06-26 20:00:00,4085.0,4085.73,4083.65,4084.23,406.0
2026-06-26 20:30:00,4081.43,4083.14,4076.35,4077.21,454.0
2026-06-26 21:00:00,4074.68,4074.96,4073.59,4074.4,166.0
2026-06-26 21:30:00,4073.55,4075.23,4073.5,4074.8,176.0
2026-06-26 22:00:00,4067.25,4067.95,4066.73,4067.2,231.0
2026-06-26 22:30:00,4066.29,4069.55,4065.66,4069.55,588.0
2026-06-26 23:00:00,4071.68,4072.68,4070.69,4071.75,591.0
2026-06-26 23:30:00,4072.04,4072.04,4068.2,4068.84,239.0
2026-06-29 01:00:00,4067.88,4086.14,4066.16,4080.35,703.0
2026-06-29 01:30:00,4057.14,4060.44,4056.38,4059.15,125.0
2026-06-29 02:00:00,4066.3,4067.05,4065.53,4066.39,113.0
2026-06-29 02:30:00,4056.85,4057.44,4051.95,4056.03,633.0
2026-06-29 03:00:00,4062.6,4062.86,4057.36,4062.71,687.0
2026-06-29 03:30:00,4048.19,4051.02,4048.19,4050.38,326.0
2026-06-29 04:00:00,4069.45,4069.88,4060.99,4061.39,691.0
2026-06-29 04:30:00,4059.01,4059.64,4055.68,4057.9,577.0
2026-06-29 05:00:00,4061.13,4070.33,4059.36,4066.35,951.0
2026-06-29 05:30:00,4068.79,4071.6,4068.27,4070.1,399.0
2026-06-29 06:00:00,4066.25,4067.23,4064.95,4065.66,779.0
2026-06-29 06:30:00,4072.59,4073.16,4070.11,4070.43,253.0
2026-06-29 07:00:00,4068.85,4068.95,4065.07,4067.13,554.0
2026-06-29 07:30:00,4065.01,4065.38,4060.55,4060.8,526.0
2026-06-29 08:00:00,4051.99,4052.7,4048.83,4048.84,244.0
2026-06-29 08:30:00,4049.17,4050.11,4040.34,4045.96,716.0
2026-06-29 09:00:00,4054.33,4057.97,4053.5,4056.71,314.0
2026-06-29 09:30:00,4060.9,4060.94,4055.39,4056.82,787.0
2026-06-29 10:00:00,4062.43,4062.63,4057.99,4060.89,702.0
2026-06-29 10:30:00,4065.86,4066.19,4065.25,4065.3,29.0
2026-06-29 11:00:00,4061.39,4064.14,4060.51,4061.94,361.0
2026-06-29 11:30:00,4061.11,4066.54,4060.86,4063.83,549.0
2026-06-29 12:00:00,4046.78,4049.25,4045.25,4048.71,253.0
2026-06-29 12:30:00,4047.23,4050.52,4045.34,4045.99,348.0
2026-06-29 13:00:00,4031.44,4033.2,4030.19,4031.15,476.0
2026-06-29 13:30:00,4037.2,4038.1,4036.46,4038.02,157.0
2026-06-29 14:00:00,4036.7,4038.45,4036.36,4036.81,145.0
2026-06-29 14:30:00,4031.89,4032.13,4031.35,4032.06,47.0
2026-06-29 15:00:00,4039.08,4047.76,4037.82,4046.68,900.0
2026-06-29 15:30:00,4038.29,4043.63,4037.54,4043.13,699.0
2026-06-29 16:00:00,4043.57,4051.06,4043.34,4047.52,625.0
2026-06-29 16:30:00,4037.77,4043.25,4036.77,4040.88,491.0
2026-06-29 17:00:00,4032.12,4033.02,4030.23,4031.58,130.0
2026-06-29 17:30:00,4024.81,4028.07,4023.69,4026.39,1196.0
2026-06-29 18:00:00,4025.67,4026.23,4021.08,4022.11,814.0
2026-06-29 18:30:00,4024.34,4026.43,4023.02,4023.18,663.0
2026-06-29 19:00:00,4027.0,4027.71,4025.3,4026.9,438.0
2026-06-29 19:30:00,4023.59,4024.26,4018.81,4019.55,375.0
2026-06-29 20:00:00,4023.81,4025.08,4023.57,4024.72,198.0
2026-06-29 20:30:00,4023.84,4024.07,4022.21,4022.42,191.0
2026-06-29 21:00:00,4020.91,4021.82,4020.34,4021.38,173.0
2026-06-29 21:30:00,4020.94,4021.42,4019.9,4019.9,85.0
2026-06-29 22:00:00,4013.24,4014.54,4010.99,4011.09,468.0
2026-06-29 22:30:00,4017.14,4019.37,4016.74,4016.82,326.0
2026-06-29 23:00:00,4015.78,4015.97,4014.16,4015.1,333.0
2026-06-29 23:30:00,4017.71,4017.73,4016.03,4016.8,138.0
2026-06-30 01:00:00,4025.37,4025.37,4016.75,4018.94,257.0
2026-06-30 01:30:00,4015.67,4015.71,4013.38,4014.1,286.0
2026-06-30 02:00:00,4014.23,4018.34,4014.09,4017.73,526.0
2026-06-30 02:30:00,4016.63,4021.55,4015.43,4018.81,511.0
2026-06-30 03:00:00,4014.8,4014.8,4012.4,4014.08,107.0
2026-06-30 03:30:00,4006.16,4006.68,4004.02,4004.82,192.0
2026-06-30 04:00:00,3987.04,3987.04,3979.91,3982.54,457.0
2026-06-30 04:30:00,3979.01,3979.38,3975.4,3976.53,526.0
2026-06-30 05:00:00,3969.13,3973.05,3966.6,3968.21,1305.0
2026-06-30 05:30:00,3961.62,3962.21,3960.74,3961.63,28.0
2026-06-30 06:00:00,3962.8,3966.5,3962.45,3966.0,160.0
2026-06-30 06:30:00,3965.51,3966.9,3961.89,3962.83,267.0
2026-06-30 07:00:00,3969.71,3974.91,3969.23,3974.17,342.0
2026-06-30 07:30:00,3982.41,3989.72,3982.29,3989.44,475.0
2026-06-30 08:00:00,3985.53,3988.28,3984.04,3987.33,600.0
2026-06-30 08:30:00,3982.95,3982.95,3976.07,3977.07,886.0
2026-06-30 09:00:00,3977.88,3986.2,3977.88,3984.28,950.0
2026-06-30 09:30:00,4011.87,4033.78,4010.95,4031.58,1583.0
2026-06-30 10:00:00,4029.61,4029.9,4024.82,4026.76,966.0
2026-06-30 10:30:00,4028.49,4030.41,4026.17,4029.73,588.0
2026-06-30 11:00:00,4032.01,4036.2,4031.6,4033.53,677.0
2026-06-30 11:30:00,4025.85,4026.71,4024.1,4024.45,315.0
2026-06-30 12:00:00,4015.36,4015.44,4014.62,4015.34,76.0
2026-06-30 12:30:00,4017.33,4018.64,4015.33,4015.46,245.0
2026-06-30 13:00:00,4023.91,4026.16,4023.26,4024.47,664.0
2026-06-30 13:30:00,4028.42,4031.22,4025.14,4029.77,3046.0
2026-06-30 14:00:00,4029.78,4034.12,4025.38,4031.8,3743.0
2026-06-30 14:30:00,4031.81,4037.16,4028.31,4033.07,2372.0
2026-06-30 15:00:00,4033.86,4034.28,4030.21,4030.53,785.0
2026-06-30 15:30:00,4016.7,4021.74,4014.87,4016.34,989.0
2026-06-30 16:00:00,4009.74,4018.07,4009.27,4015.49,1186.0
2026-06-30 16:30:00,4023.7,4027.48,4023.67,4025.34,385.0
2026-06-30 17:00:00,4029.89,4031.51,4025.34,4029.43,510.0
2026-06-30 17:30:00,4054.01,4058.55,4052.85,4053.76,858.0
2026-06-30 18:00:00,4037.3,4039.37,4034.23,4036.08,779.0
2026-06-30 18:30:00,4028.48,4031.15,4027.22,4030.5,742.0
2026-06-30 19:00:00,4029.25,4030.24,4026.24,4026.85,723.0
2026-06-30 19:30:00,4029.4,4031.05,4028.71,4030.43,591.0
2026-06-30 20:00:00,4026.06,4027.82,4024.48,4027.77,679.0
2026-06-30 20:30:00,4025.38,4027.94,4025.38,4026.84,492.0
2026-06-30 21:00:00,4030.73,4032.14,4030.7,4031.65,277.0
2026-06-30 21:30:00,4031.33,4031.47,4029.2,4029.6,166.0
2026-06-30 22:00:00,4028.39,4029.37,4027.58,4027.76,369.0
2026-06-30 22:30:00,4021.09,4022.92,4020.72,4022.86,256.0
2026-06-30 23:00:00,4015.89,4019.8,4013.84,4019.49,757.0
2026-06-30 23:30:00,4012.87,4013.58,4011.29,4011.69,190.0
2026-07-01 01:00:00,4017.65,4019.57,4010.41,4015.63,696.0
2026-07-01 01:30:00,4013.74,4014.94,4013.13,4014.53,166.0
2026-07-01 02:00:00,4013.07,4013.44,4010.96,4011.89,154.0
2026-07-01 02:30:00,4010.93,4012.39,4009.41,4011.39,422.0
2026-07-01 03:00:00,4005.79,4007.66,4005.52,4005.82,323.0
2026-07-01 03:30:00,4001.8,4005.53,4000.66,4004.45,573.0
2026-07-01 04:00:00,3996.42,3999.52,3990.47,3992.36,785.0
2026-07-01 04:30:00,3985.55,3985.56,3985.34,3985.34,4.0
2026-07-01 05:00:00,3977.65,3979.49,3977.53,3978.53,73.0
2026-07-01 05:30:00,3980.55,3984.68,3978.79,3983.14,809.0
2026-07-01 06:00:00,3979.02,3982.54,3978.48,3981.43,555.0
2026-07-01 06:30:00,3981.28,3981.47,3978.25,3978.46,269.0
2026-07-01 07:00:00,3980.56,3980.9,3974.93,3975.3,545.0
2026-07-01 07:30:00,3977.44,3980.52,3977.32,3977.84,434.0
2026-07-01 08:00:00,3976.47,3976.47,3976.19,3976.22,5.0
2026-07-01 08:30:00,3972.59,3978.7,3970.28,3976.64,863.0
2026-07-01 09:00:00,3973.71,3977.32,3963.04,3967.19,5355.0
2026-07-01 09:30:00,3967.33,3973.39,3963.07,3971.74,4170.0
2026-07-01 10:00:00,3971.7,3973.67,3959.87,3964.24,4848.0
2026-07-01 10:30:00,3964.23,3978.14,3960.64,3975.91,4575.0
2026-07-01 11:00:00,3975.96,3984.31,3969.36,3978.75,4260.0
2026-07-01 11:30:00,3978.74,3979.6,3971.25,3974.33,3679.0
2026-07-01 12:00:00,3974.32,3980.29,3972.69,3978.68,3567.0
2026-07-01 12:30:00,3978.63,3985.83,3977.53,3984.35,3339.0
2026-07-01 13:00:00,3984.45,3986.25,3984.29,3985.75,277.0
2026-07-01 13:30:00,3987.11,3991.94,3986.97,3990.62,497.0
2026-07-01 14:00:00,3997.85,4007.84,3997.85,4007.67,862.0
2026-07-01 14:30:00,4026.6,4027.64,4024.92,4024.93,260.0
2026-07-01 15:00:00,4030.5,4033.77,4030.41,4031.97,325.0
2026-07-01 15:30:00,4025.76,4033.04,4025.41,4027.71,1073.0
2026-07-01 16:00:00,4022.81,4024.83,4017.12,4019.66,807.0
2026-07-01 16:30:00,4046.84,4052.67,4041.79,4046.36,518.0
2026-07-01 17:00:00,4089.58,4101.53,4089.58,4098.32,373.0
2026-07-01 17:30:00,4100.54,4114.72,4098.4,4112.7,1506.0
2026-07-01 18:00:00,4093.3,4094.49,4088.18,4091.24,992.0
2026-07-01 18:30:00,4083.87,4083.99,4078.38,4080.31,666.0
2026-07-01 19:00:00,4081.79,4085.53,4081.79,4084.52,356.0
2026-07-01 19:30:00,4081.61,4083.23,4077.21,4078.72,527.0
2026-07-01 20:00:00,4071.06,4071.86,4070.8,4071.02,22.0
2026-07-01 20:30:00,4068.12,4071.75,4067.97,4071.67,173.0
2026-07-01 21:00:00,4068.19,4070.32,4068.1,4070.04,464.0
2026-07-01 21:30:00,4061.38,4063.96,4061.38,4063.81,350.0
2026-07-01 22:00:00,4062.14,4066.43,4061.65,4065.15,772.0
2026-07-01 22:30:00,4058.84,4059.62,4056.76,4057.07,448.0
2026-07-01 23:00:00,4038.64,4039.66,4034.22,4035.21,212.0
2026-07-01 23:30:00,4038.27,4038.95,4037.54,4038.26,208.0
2026-07-02 01:00:00,4028.66,4036.64,4027.88,4035.32,247.0
2026-07-02 01:30:00,4038.11,4038.56,4036.86,4037.22,207.0
2026-07-02 02:00:00,4044.88,4045.0,4042.72,4043.62,267.0
2026-07-02 02:30:00,4037.07,4038.03,4037.05,4037.45,40.0
2026-07-02 03:00:00,4034.81,4036.31,4031.9,4032.9,375.0
2026-07-02 03:30:00,4046.42,4052.3,4038.09,4051.64,3711.0
2026-07-02 04:00:00,4051.68,4068.28,4050.01,4053.04,5289.0
2026-07-02 04:30:00,4053.16,4056.14,4045.08,4050.06,4765.0
2026-07-02 05:00:00,4050.05,4050.83,4045.95,4046.65,536.0
2026-07-02 05:30:00,4051.31,4053.79,4047.65,4050.22,737.0
2026-07-02 06:00:00,4057.07,4059.45,4056.16,4058.37,830.0
2026-07-02 06:30:00,4065.26,4066.76,4063.77,4064.51,365.0
2026-07-02 07:00:00,4069.91,4072.76,4064.32,4066.22,2576.0
2026-07-02 07:30:00,4065.45,4066.38,4064.4,4065.07,133.0
2026-07-02 08:00:00,4060.6,4062.02,4054.25,4057.31,3535.0
2026-07-02 08:30:00,4057.39,4067.44,4053.18,4065.94,4906.0
2026-07-02 09:00:00,4066.02,4079.68,4065.9,4074.11,4786.0
2026-07-02 09:30:00,4074.21,4076.68,4065.98,4073.14,4638.0
2026-07-02 10:00:00,4073.23,4074.06,4060.78,4062.34,4408.0
2026-07-02 10:30:00,4062.33,4075.42,4060.72,4064.55,4042.0
2026-07-02 11:00:00,4064.27,4077.76,4061.32,4074.91,4540.0
2026-07-02 11:30:00,4074.95,4079.93,4071.99,4076.07,4115.0
2026-07-02 12:00:00,4075.97,4076.8,4066.1,4067.5,3607.0
2026-07-02 12:30:00,4067.6,4072.11,4063.76,4065.16,3656.0
2026-07-02 13:00:00,4065.28,4067.75,4061.88,4066.06,3341.0
2026-07-02 13:30:00,4066.09,4068.53,4061.4,4066.21,3018.0
2026-07-02 14:00:00,4066.2,4067.11,4057.43,4065.39,3820.0
2026-07-02 14:30:00,4065.38,4072.16,4063.34,4065.15,3777.0
2026-07-02 15:00:00,4065.32,4073.37,4061.39,4064.74,4620.0
2026-07-02 15:30:00,4062.66,4140.34,4062.66,4117.49,8942.0
2026-07-02 16:00:00,4117.5,4129.67,4109.43,4112.99,7500.0
2026-07-02 16:30:00,4112.9,4143.85,4110.02,4136.66,7802.0
2026-07-02 17:00:00,4136.68,4138.08,4114.12,4116.23,7039.0
2026-07-02 17:30:00,4116.25,4129.71,4114.6,4128.52,7221.0
2026-07-02 18:00:00,4128.61,4131.28,4114.7,4122.33,6455.0
2026-07-02 18:30:00,4122.41,4130.9,4122.41,4128.32,5255.0
2026-07-02 19:00:00,4128.36,4130.09,4115.38,4116.29,5193.0
2026-07-02 19:30:00,4116.3,4120.05,4100.28,4117.94,5696.0
2026-07-02 20:00:00,4117.98,4119.82,4111.41,4112.51,5197.0
2026-07-02 20:30:00,4112.47,4114.25,4105.7,4106.72,4936.0
2026-07-02 21:00:00,4106.73,4123.6,4105.79,4123.04,4845.0
2026-07-02 21:30:00,4123.08,4126.94,4119.93,4122.57,4101.0
2026-07-02 22:00:00,4122.67,4124.37,4108.1,4112.45,4128.0
2026-07-02 22:30:00,4112.46,4123.85,4110.95,4121.18,4001.0
2026-07-02 23:00:00,4121.17,4125.09,4116.32,4123.35,1855.0
2026-07-02 23:30:00,4123.51,4124.94,4118.67,4123.83,1049.0
2026-07-03 01:00:00,4126.67,4128.49,4122.4,4124.09,1353.0
2026-07-03 01:30:00,4124.3,4126.29,4122.6,4124.5,1058.0
2026-07-03 02:00:00,4124.48,4130.16,4124.24,4129.75,1628.0
2026-07-03 02:30:00,4129.61,4133.7,4121.14,4126.07,3511.0
2026-07-03 03:00:00,4125.83,4140.72,4123.06,4137.24,5115.0
2026-07-03 03:30:00,4137.13,4150.75,4133.16,4147.17,4409.0
2026-07-03 04:00:00,4147.32,4193.79,4146.64,4187.49,6637.0
2026-07-03 04:30:00,4187.37,4195.32,4175.25,4182.19,5357.0
2026-07-03 05:00:00,4182.21,4184.14,4176.5,4179.05,3854.0
2026-07-03 05:30:00,4179.12,4180.0,4178.29,4178.49,57.0
2026-07-03 06:00:00,4183.48,4184.5,4179.26,4181.36,3497.0
2026-07-03 06:30:00,4181.46,4183.0,4175.15,4175.88,2756.0
2026-07-03 07:00:00,4175.91,4182.66,4172.93,4178.41,2592.0
2026-07-03 07:30:00,4178.44,4178.77,4174.5,4178.73,2035.0
2026-07-03 08:00:00,4178.71,4181.06,4172.99,4175.93,3036.0
2026-07-03 08:30:00,4176.07,4181.76,4169.18,4171.12,4046.0
2026-07-03 09:00:00,4171.13,4171.73,4160.38,4164.76,4418.0
2026-07-03 09:30:00,4164.74,4174.35,4164.38,4173.05,4229.0
2026-07-03 10:00:00,4173.19,4181.0,4169.14,4175.23,3829.0
2026-07-03 10:30:00,4175.31,4181.55,4173.76,4177.03,3266.0
2026-07-03 11:00:00,4177.26,4185.68,4177.26,4183.07,3316.0
2026-07-03 11:30:00,4182.99,4186.46,4176.82,4180.96,3112.0
2026-07-03 12:00:00,4181.01,4181.7,4171.13,4171.87,3095.0
2026-07-03 12:30:00,4171.76,4174.95,4168.43,4171.92,2868.0
2026-07-03 13:00:00,4171.87,4181.0,4170.59,4178.38,2339.0
2026-07-03 13:30:00,4178.4,4178.92,4174.66,4176.97,2034.0
2026-07-03 14:00:00,4176.8,4185.94,4175.46,4183.01,2622.0
2026-07-03 14:30:00,4183.0,4186.19,4178.51,4180.84,2427.0
2026-07-03 15:00:00,4180.91,4183.04,4172.08,4174.62,3058.0
2026-07-03 15:30:00,4174.5,4177.43,4172.23,4176.74,2727.0
2026-07-03 16:00:00,4176.87,4179.16,4164.39,4171.3,4392.0
2026-07-03 16:30:00,4171.35,4171.56,4163.47,4164.6,3944.0
2026-07-03 17:00:00,4164.49,4167.0,4155.38,4166.08,4020.0
2026-07-03 17:30:00,4166.05,4170.98,4163.33,4169.7,3035.0
2026-07-03 18:00:00,4169.71,4174.26,4166.9,4167.37,3046.0
2026-07-03 18:30:00,4167.26,4168.83,4164.41,4164.82,2411.0
2026-07-03 19:00:00,4164.75,4167.49,4162.72,4166.56,1722.0
2026-07-03 19:30:00,4166.74,4176.31,4166.74,4174.78,2043.0
2026-07-06 01:00:00,4181.97,4189.47,4172.97,4178.64,352.0
2026-07-06 01:30:00,4184.42,4185.25,4182.64,4184.96,201.0
2026-07-06 02:00:00,4188.41,4188.99,4188.1,4188.84,67.0
2026-07-06 02:30:00,4200.1,4201.27,4193.6,4194.82,671.0
2026-07-06 03:00:00,4183.57,4185.19,4170.39,4176.28,963.0
2026-07-06 03:30:00,4174.53,4179.91,4174.17,4179.84,504.0
2026-07-06 04:00:00,4179.21,4182.84,4172.49,4178.22,432.0
2026-07-06 04:30:00,4189.42,4191.28,4187.46,4189.16,357.0
2026-07-06 05:00:00,4186.12,4187.7,4186.11,4186.67,111.0
2026-07-06 05:30:00,4177.69,4178.53,4172.52,4173.17,927.0
2026-07-06 06:00:00,4174.04,4176.24,4173.77,4173.99,269.0
2026-07-06 06:30:00,4165.53,4167.38,4164.51,4165.06,542.0
2026-07-06 07:00:00,4165.27,4166.52,4164.3,4164.69,295.0
2026-07-06 07:30:00,4161.22,4161.29,4160.45,4160.9,97.0
2026-07-06 08:00:00,4159.45,4160.88,4153.33,4154.33,606.0
2026-07-06 08:30:00,4152.65,4154.76,4149.55,4154.28,570.0
2026-07-06 09:00:00,4147.81,4150.68,4147.35,4147.9,294.0
2026-07-06 09:30:00,4156.24,4156.74,4155.54,4156.59,47.0
2026-07-06 10:00:00,4150.32,4153.26,4148.53,4152.03,595.0
2026-07-06 10:30:00,4152.74,4156.55,4151.06,4155.43,472.0
2026-07-06 11:00:00,4164.33,4165.89,4161.55,4161.83,432.0
2026-07-06 11:30:00,4155.31,4155.7,4154.11,4154.93,102.0
2026-07-06 12:00:00,4150.38,4150.6,4148.29,4148.64,314.0
2026-07-06 12:30:00,4143.26,4143.26,4138.6,4140.21,224.0
2026-07-06 13:00:00,4143.08,4144.83,4141.93,4142.28,271.0
2026-07-06 13:30:00,4148.65,4154.21,4148.59,4153.97,476.0
2026-07-06 14:00:00,4154.73,4156.18,4152.69,4152.73,299.0
2026-07-06 14:30:00,4154.9,4158.67,4154.9,4157.67,385.0
2026-07-06 15:00:00,4155.04,4156.28,4153.87,4156.01,221.0
2026-07-06 15:30:00,4145.65,4146.11,4142.51,4143.52,422.0
2026-07-06 16:00:00,4139.54,4146.54,4137.08,4143.75,1035.0
2026-07-06 16:30:00,4142.15,4146.81,4141.89,4145.71,498.0
2026-07-06 17:00:00,4138.72,4147.07,4138.14,4143.76,669.0
2026-07-06 17:30:00,4137.13,4137.79,4133.82,4133.92,330.0
2026-07-06 18:00:00,4138.26,4144.46,4137.5,4142.88,865.0
2026-07-06 18:30:00,4150.27,4151.78,4147.81,4149.43,606.0
2026-07-06 19:00:00,4148.27,4148.27,4144.9,4144.9,223.0
2026-07-06 19:30:00,4145.53,4148.36,4145.16,4148.19,470.0
2026-07-06 20:00:00,4155.04,4155.64,4154.7,4154.71,61.0
2026-07-06 20:30:00,4155.47,4157.14,4154.7,4156.26,379.0
2026-07-06 21:00:00,4161.28,4161.8,4157.52,4157.75,436.0
2026-07-06 21:30:00,4161.75,4163.86,4159.65,4163.48,532.0
2026-07-06 22:00:00,4163.87,4165.3,4162.49,4162.7,238.0
2026-07-06 22:30:00,4162.78,4163.0,4161.38,4162.01,357.0
2026-07-06 23:00:00,4163.79,4164.43,4162.29,4162.59,404.0
2026-07-06 23:30:00,4162.86,4163.43,4162.53,4163.26,64.0
2026-07-07 01:00:00,4166.47,4167.55,4160.54,4163.93,383.0
2026-07-07 01:30:00,4166.12,4168.3,4166.05,4168.19,186.0
2026-07-07 02:00:00,4164.27,4165.06,4164.07,4164.4,79.0
2026-07-07 02:30:00,4163.15,4164.99,4162.57,4164.75,153.0
2026-07-07 03:00:00,4157.28,4157.47,4154.71,4156.83,642.0
2026-07-07 03:30:00,4159.74,4162.57,4159.6,4162.1,129.0
2026-07-07 04:00:00,4145.84,4146.81,4140.81,4145.14,665.0
2026-07-07 04:30:00,4132.39,4132.86,4132.18,4132.86,11.0
2026-07-07 05:00:00,4141.98,4142.82,4140.23,4140.49,376.0
2026-07-07 05:30:00,4140.38,4140.88,4136.35,4138.5,585.0
2026-07-07 06:00:00,4136.55,4136.66,4135.27,4135.84,53.0
2026-07-07 06:30:00,4131.77,4133.0,4130.74,4132.15,333.0
2026-07-07 07:00:00,4131.0,4133.96,4130.28,4133.05,559.0
2026-07-07 07:30:00,4132.1,4132.18,4129.4,4130.73,317.0
2026-07-07 08:00:00,4126.57,4126.65,4126.2,4126.65,10.0
2026-07-07 08:30:00,4128.22,4128.56,4122.76,4123.41,513.0
2026-07-07 09:00:00,4123.59,4129.22,4123.16,4128.33,535.0
2026-07-07 09:30:00,4126.44,4126.64,4126.44,4126.48,11.0
2026-07-07 10:00:00,4130.44,4131.12,4126.32,4127.12,269.0
2026-07-07 10:30:00,4126.53,4128.13,4125.72,4127.28,553.0
2026-07-07 11:00:00,4124.49,4127.34,4124.49,4127.12,214.0
2026-07-07 11:30:00,4138.56,4138.99,4133.09,4134.12,463.0
2026-07-07 12:00:00,4125.81,4126.39,4124.58,4125.63,182.0
2026-07-07 12:30:00,4121.44,4126.09,4121.43,4124.96,490.0
2026-07-07 13:00:00,4131.03,4132.62,4131.03,4132.32,98.0
2026-07-07 13:30:00,4137.31,4137.41,4134.5,4136.77,367.0
2026-07-07 14:00:00,4135.62,4135.73,4134.53,4134.89,49.0
2026-07-07 14:30:00,4142.89,4143.35,4139.58,4139.63,262.0
2026-07-07 15:00:00,4157.01,4159.54,4154.67,4159.43,705.0
2026-07-07 15:30:00,4165.98,4167.29,4164.17,4165.42,244.0
2026-07-07 16:00:00,4172.19,4178.23,4166.4,4168.36,980.0
2026-07-07 16:30:00,4166.45,4166.52,4164.6,4164.66,24.0
2026-07-07 17:00:00,4158.56,4163.39,4156.62,4161.35,555.0
2026-07-07 17:30:00,4158.17,4159.08,4151.33,4151.49,871.0
2026-07-07 18:00:00,4153.96,4154.46,4150.89,4154.05,356.0
2026-07-07 18:30:00,4143.03,4144.99,4142.79,4144.1,472.0
2026-07-07 19:00:00,4139.25,4140.62,4137.1,4139.28,605.0
2026-07-07 19:30:00,4145.95,4146.51,4145.33,4145.58,113.0
2026-07-07 20:00:00,4145.12,4145.77,4143.99,4145.18,325.0
2026-07-07 20:30:00,4145.9,4148.08,4145.54,4145.93,624.0
2026-07-07 21:00:00,4144.56,4145.07,4142.1,4142.7,208.0
2026-07-07 21:30:00,4141.56,4141.7,4136.19,4136.95,528.0
2026-07-07 22:00:00,4126.85,4127.54,4119.07,4119.49,309.0
2026-07-07 22:30:00,4103.36,4106.75,4103.36,4106.75,106.0
2026-07-07 23:00:00,4114.21,4114.31,4112.71,4113.9,210.0
2026-07-07 23:30:00,4110.69,4110.96,4108.26,4108.39,210.0
2026-07-08 01:00:00,4104.64,4106.08,4093.99,4100.76,443.0
2026-07-08 01:30:00,4099.47,4100.85,4099.26,4099.68,210.0
2026-07-08 02:00:00,4098.24,4100.56,4096.11,4100.17,494.0
2026-07-08 02:30:00,4104.82,4105.3,4104.56,4105.25,55.0
2026-07-08 03:00:00,4098.43,4101.67,4096.85,4098.42,532.0
2026-07-08 03:30:00,4105.4,4108.28,4103.82,4107.87,765.0
2026-07-08 04:00:00,4111.43,4117.75,4107.54,4112.98,510.0
2026-07-08 04:30:00,4102.63,4105.71,4101.33,4105.11,146.0
2026-07-08 05:00:00,4111.35,4111.56,4108.01,4110.05,343.0
2026-07-08 05:30:00,4118.96,4121.0,4116.34,4117.31,760.0
2026-07-08 06:00:00,4114.75,4120.9,4114.5,4120.9,234.0
2026-07-08 06:30:00,4129.73,4131.0,4128.59,4129.31,292.0
2026-07-08 07:00:00,4123.35,4124.65,4121.6,4122.65,507.0
2026-07-08 07:30:00,4125.85,4126.8,4124.44,4125.09,126.0
2026-07-08 08:00:00,4124.97,4127.4,4124.79,4126.5,382.0
2026-07-08 08:30:00,4121.82,4127.52,4121.23,4126.19,872.0
2026-07-08 09:00:00,4127.69,4129.06,4127.65,4127.66,147.0
2026-07-08 09:30:00,4129.59,4129.75,4126.97,4127.26,371.0
2026-07-08 10:00:00,4123.47,4125.18,4121.17,4122.21,721.0
2026-07-08 10:30:00,4120.29,4126.08,4119.97,4124.8,478.0
2026-07-08 11:00:00,4120.97,4121.01,4116.43,4117.02,614.0
2026-07-08 11:30:00,4088.65,4091.92,4078.63,4083.14,898.0
2026-07-08 12:00:00,4056.57,4056.57,4051.63,4053.96,540.0
2026-07-08 12:30:00,4056.38,4057.19,4051.29,4054.87,764.0
2026-07-08 13:00:00,4043.04,4046.67,4042.95,4044.04,502.0
2026-07-08 13:30:00,4050.63,4056.31,4049.95,4054.64,774.0
2026-07-08 14:00:00,4052.72,4054.65,4050.5,4050.9,156.0
2026-07-08 14:30:00,4050.06,4050.66,4047.33,4047.36,421.0
2026-07-08 15:00:00,4062.08,4066.05,4058.68,4064.71,954.0
2026-07-08 15:30:00,4070.71,4074.03,4068.22,4071.14,393.0
2026-07-08 16:00:00,4072.11,4076.88,4070.14,4074.84,997.0
2026-07-08 16:30:00,4066.73,4069.79,4066.73,4069.48,225.0
2026-07-08 17:00:00,4070.46,4071.29,4063.84,4068.48,702.0
2026-07-08 17:30:00,4059.9,4061.15,4058.87,4058.9,106.0
2026-07-08 18:00:00,4040.84,4041.58,4036.51,4036.72,466.0
2026-07-08 18:30:00,4030.84,4032.03,4021.73,4024.38,745.0
2026-07-08 19:00:00,4034.09,4037.26,4033.15,4036.59,962.0
2026-07-08 19:30:00,4043.42,4046.91,4042.62,4046.41,237.0
2026-07-08 20:00:00,4063.6,4063.88,4059.59,4061.44,781.0
2026-07-08 20:30:00,4072.94,4076.18,4072.79,4074.03,448.0
2026-07-08 21:00:00,4065.5,4075.08,4063.57,4068.96,745.0
2026-07-08 21:30:00,4069.66,4070.04,4067.08,4068.36,307.0
2026-07-08 22:00:00,4084.48,4090.87,4084.48,4086.52,966.0
2026-07-08 22:30:00,4088.13,4091.08,4087.82,4090.64,625.0
2026-07-08 23:00:00,4079.89,4079.93,4076.01,4076.8,280.0
2026-07-08 23:30:00,4076.65,4078.34,4074.26,4074.76,374.0
2026-07-09 01:00:00,4072.57,4079.77,4072.1,4072.86,530.0
2026-07-09 01:30:00,4074.32,4075.59,4073.72,4073.72,88.0
2026-07-09 02:00:00,4076.78,4077.07,4073.9,4074.82,195.0
2026-07-09 02:30:00,4077.52,4077.52,4074.58,4075.99,250.0
2026-07-09 03:00:00,4076.33,4080.48,4076.33,4080.22,238.0
2026-07-09 03:30:00,4078.04,4081.4,4076.84,4081.02,532.0
2026-07-09 04:00:00,4073.72,4078.6,4065.14,4065.84,1118.0
2026-07-09 04:30:00,4066.7,4067.69,4065.07,4065.66,125.0
2026-07-09 05:00:00,4072.52,4075.75,4071.92,4073.97,363.0
2026-07-09 05:30:00,4080.28,4081.48,4071.95,4072.95,651.0
2026-07-09 06:00:00,4064.86,4066.0,4064.12,4065.39,192.0
2026-07-09 06:30:00,4058.12,4063.23,4056.4,4062.89,584.0
2026-07-09 07:00:00,4064.04,4064.35,4062.51,4062.73,151.0
2026-07-09 07:30:00,4058.71,4064.26,4058.7,4064.01,378.0
2026-07-09 08:00:00,4064.31,4064.35,4064.31,4064.35,2.0
2026-07-09 08:30:00,4072.43,4073.48,4065.37,4066.75,369.0
2026-07-09 09:00:00,4081.94,4099.51,4081.39,4090.92,854.0
2026-07-09 09:30:00,4102.24,4102.36,4099.26,4100.68,179.0
2026-07-09 10:00:00,4107.79,4110.03,4106.37,4109.31,452.0
2026-07-09 10:30:00,4108.9,4109.11,4107.21,4107.63,117.0
2026-07-09 11:00:00,4107.91,4109.46,4105.32,4105.89,435.0
2026-07-09 11:30:00,4114.7,4116.42,4110.3,4110.41,641.0
2026-07-09 12:00:00,4108.26,4108.48,4106.38,4107.45,218.0
2026-07-09 12:30:00,4108.41,4109.88,4106.61,4107.83,422.0
2026-07-09 13:00:00,4106.27,4106.57,4104.14,4106.44,176.0
2026-07-09 13:30:00,4104.1,4104.41,4102.4,4103.45,374.0
2026-07-09 14:00:00,4098.92,4103.07,4097.79,4102.29,431.0
2026-07-09 14:30:00,4100.29,4102.5,4099.94,4101.11,673.0
2026-07-09 15:00:00,4108.67,4109.86,4107.57,4108.9,368.0
2026-07-09 15:30:00,4105.08,4116.23,4104.84,4115.23,842.0
2026-07-09 16:00:00,4107.65,4112.86,4106.75,4112.36,276.0
2026-07-09 16:30:00,4125.9,4126.73,4119.68,4125.39,698.0
2026-07-09 17:00:00,4121.83,4134.33,4121.59,4131.29,1154.0
2026-07-09 17:30:00,4124.87,4125.15,4120.9,4122.11,421.0
2026-07-09 18:00:00,4127.69,4128.23,4125.05,4125.57,731.0
2026-07-09 18:30:00,4127.89,4128.38,4126.82,4128.07,238.0
2026-07-09 19:00:00,4127.01,4129.6,4126.96,4128.94,396.0
2026-07-09 19:30:00,4132.57,4134.35,4132.11,4133.49,116.0
2026-07-09 20:00:00,4127.97,4128.62,4126.08,4127.9,486.0
2026-07-09 20:30:00,4131.64,4133.7,4129.15,4129.57,728.0
2026-07-09 21:00:00,4136.05,4136.3,4134.24,4134.36,228.0
2026-07-09 21:30:00,4123.91,4124.98,4122.71,4124.08,456.0
2026-07-09 22:00:00,4124.28,4124.3,4124.28,4124.3,2.0
2026-07-09 22:30:00,4120.89,4121.05,4119.66,4120.35,280.0
2026-07-09 23:00:00,4122.16,4124.05,4121.41,4122.29,307.0
2026-07-09 23:30:00,4120.97,4121.31,4120.78,4121.27,51.0
2026-07-10 01:00:00,4125.28,4126.23,4124.51,4124.69,267.0
2026-07-10 01:30:00,4123.16,4123.22,4122.98,4123.14,30.0
2026-07-10 02:00:00,4121.71,4122.96,4121.45,4122.23,161.0
2026-07-10 02:30:00,4122.2,4122.25,4122.15,4122.22,12.0
2026-07-10 03:00:00,4123.26,4124.16,4119.84,4120.98,393.0
2026-07-10 03:30:00,4119.43,4119.47,4114.43,4115.42,483.0
2026-07-10 04:00:00,4126.38,4130.87,4126.16,4126.68,292.0
2026-07-10 04:30:00,4121.48,4123.4,4120.65,4121.32,412.0
2026-07-10 05:00:00,4116.92,4117.49,4116.12,4116.84,90.0
2026-07-10 05:30:00,4125.77,4128.53,4125.17,4125.79,386.0
2026-07-10 06:00:00,4127.6,4130.67,4127.19,4130.16,55.0
2026-07-10 06:30:00,4125.03,4125.91,4124.0,4124.21,168.0
2026-07-10 07:00:00,4120.16,4120.16,4117.83,4119.4,273.0
2026-07-10 07:30:00,4117.23,4118.18,4116.59,4118.08,294.0
2026-07-10 08:00:00,4115.03,4115.51,4114.17,4114.17,69.0
2026-07-10 08:30:00,4113.83,4115.21,4110.21,4112.07,464.0
2026-07-10 09:00:00,4116.62,4119.21,4115.49,4117.5,428.0
2026-07-10 09:30:00,4114.39,4114.5,4114.35,4114.46,9.0
2026-07-10 10:00:00,4111.36,4112.6,4110.48,4111.54,319.0
2026-07-10 10:30:00,4112.32,4113.24,4112.32,4113.16,19.0
2026-07-10 11:00:00,4108.99,4109.36,4105.06,4105.15,342.0
2026-07-10 11:30:00,4104.18,4105.44,4101.91,4102.34,650.0
2026-07-10 12:00:00,4097.69,4099.23,4095.46,4096.36,219.0
2026-07-10 12:30:00,4102.38,4102.7,4100.45,4101.6,369.0
2026-07-10 13:00:00,4104.4,4106.5,4104.11,4106.43,100.0
2026-07-10 13:30:00,4109.44,4110.4,4107.84,4107.89,261.0
2026-07-10 14:00:00,4104.35,4107.93,4104.33,4107.78,492.0
2026-07-10 14:30:00,4099.97,4102.96,4098.98,4102.19,243.0
2026-07-10 15:00:00,4102.22,4103.64,4101.5,4103.13,495.0
2026-07-10 15:30:00,4105.98,4106.64,4103.66,4104.14,232.0
2026-07-10 16:00:00,4100.77,4105.05,4098.88,4104.7,479.0
2026-07-10 16:30:00,4087.24,4096.89,4086.99,4089.35,1077.0
2026-07-10 17:00:00,4099.79,4100.29,4098.09,4099.0,84.0
2026-07-10 17:30:00,4105.44,4106.8,4104.63,4105.61,328.0
2026-07-10 18:00:00,4092.65,4098.59,4091.23,4098.13,662.0
2026-07-10 18:30:00,4102.08,4103.66,4101.35,4102.62,730.0
2026-07-10 19:00:00,4113.16,4113.16,4111.58,4111.68,144.0
2026-07-10 19:30:00,4114.28,4115.38,4112.94,4113.74,426.0
2026-07-10 20:00:00,4104.35,4105.01,4103.41,4103.89,203.0
2026-07-10 20:30:00,4105.51,4106.71,4105.21,4105.73,314.0
2026-07-10 21:00:00,4100.77,4102.54,4099.95,4102.47,483.0
2026-07-10 21:30:00,4102.93,4103.03,4101.94,4102.06,104.0
2026-07-10 22:00:00,4101.08,4101.08,4098.08,4098.25,223.0
2026-07-10 22:30:00,4101.8,4102.41,4100.44,4101.62,362.0
2026-07-10 23:00:00,4108.29,4110.14,4108.21,4110.14,66.0
2026-07-10 23:30:00,4111.25,4111.32,4110.33,4111.3,91.0
2026-07-13 01:00:00,4102.3,4104.28,4083.6,4096.12,612.0
2026-07-13 01:30:00,4083.91,4086.39,4082.7,4082.89,402.0
2026-07-13 02:00:00,4076.6,4076.61,4070.72,4072.21,564.0
2026-07-13 02:30:00,4074.51,4074.51,4072.68,4072.84,162.0
2026-07-13 03:00:00,4084.43,4086.21,4080.85,4084.92,694.0
2026-07-13 03:30:00,4074.57,4075.4,4071.29,4071.57,335.0
2026-07-13 04:00:00,4073.9,4075.05,4066.45,4066.83,335.0
2026-07-13 04:30:00,4079.75,4089.61,4077.68,4084.96,804.0
2026-07-13 05:00:00,4072.21,4074.43,4070.04,4072.08,440.0
2026-07-13 05:30:00,4067.21,4073.04,4064.55,4073.04,870.0
2026-07-13 06:00:00,4068.32,4069.26,4065.51,4065.77,434.0
2026-07-13 06:30:00,4061.65,4062.34,4058.68,4059.05,318.0
2026-07-13 07:00:00,4060.32,4060.32,4056.41,4056.98,583.0
2026-07-13 07:30:00,4055.49,4057.47,4053.97,4057.04,369.0
2026-07-13 08:00:00,4058.61,4058.73,4054.72,4057.04,322.0
2026-07-13 08:30:00,4057.95,4058.07,4052.69,4053.33,114.0
2026-07-13 09:00:00,4053.64,4055.34,4053.49,4054.55,30.0
2026-07-13 09:30:00,4061.06,4062.2,4058.81,4059.22,486.0
2026-07-13 10:00:00,4055.51,4056.36,4054.48,4054.81,235.0
2026-07-13 10:30:00,4058.61,4062.83,4056.12,4062.15,706.0
2026-07-13 11:00:00,4064.68,4067.21,4063.08,4064.28,693.0
2026-07-13 11:30:00,4074.0,4074.67,4072.9,4074.2,269.0
2026-07-13 12:00:00,4074.21,4075.98,4072.74,4073.68,517.0
2026-07-13 12:30:00,4072.59,4073.85,4071.04,4072.31,532.0
2026-07-13 13:00:00,4068.16,4069.03,4067.63,4068.42,96.0
2026-07-13 13:30:00,4064.91,4067.22,4064.84,4065.89,464.0
2026-07-13 14:00:00,4060.46,4062.75,4058.13,4060.74,495.0
2026-07-13 14:30:00,4062.55,4064.6,4061.94,4064.37,279.0
2026-07-13 15:00:00,4056.44,4059.01,4056.08,4058.63,209.0
2026-07-13 15:30:00,4058.86,4062.98,4058.69,4062.93,751.0
2026-07-13 16:00:00,4067.27,4067.41,4063.77,4065.16,450.0
2026-07-13 16:30:00,4062.12,4063.75,4056.69,4057.63,1008.0
2026-07-13 17:00:00,4043.32,4046.67,4037.95,4038.94,894.0
2026-07-13 17:30:00,4016.58,4016.86,4008.57,4009.21,489.0
2026-07-13 18:00:00,4015.18,4017.43,4014.54,4016.18,139.0
2026-07-13 18:30:00,4016.5,4017.51,4014.25,4015.69,621.0
2026-07-13 19:00:00,4015.79,4016.24,4013.73,4015.54,316.0
2026-07-13 19:30:00,4003.48,4004.59,3990.78,3991.7,1454.0
2026-07-13 20:00:00,3993.22,3996.98,3992.06,3993.98,812.0
2026-07-13 20:30:00,3998.77,4000.44,3997.59,3998.52,329.0
2026-07-13 21:00:00,3993.12,3993.38,3992.48,3993.15,35.0
2026-07-13 21:30:00,3995.3,3998.23,3993.98,3997.19,657.0
2026-07-13 22:00:00,4001.87,4001.9,3998.25,4001.37,348.0
2026-07-13 22:30:00,3998.31,4000.61,3998.31,4000.02,125.0
2026-07-13 23:00:00,4001.99,4002.19,4001.66,4001.66,19.0
2026-07-13 23:30:00,3999.74,4000.16,3999.0,3999.72,141.0
2026-07-14 01:00:00,4002.17,4013.89,4000.74,4001.69,459.0
2026-07-14 01:30:00,4004.08,4004.38,4003.05,4003.57,174.0
2026-07-14 02:00:00,4000.8,4001.61,4000.15,4000.6,116.0
2026-07-14 02:30:00,3997.24,3997.27,3993.55,3994.65,461.0
2026-07-14 03:00:00,4001.01,4004.58,3996.39,3997.14,766.0
2026-07-14 03:30:00,3995.58,3997.99,3994.21,3997.81,553.0
2026-07-14 04:00:00,4004.18,4004.18,3993.68,3993.71,587.0
2026-07-14 04:30:00,3997.82,4003.97,3996.13,3999.69,954.0
2026-07-14 05:00:00,4010.45,4010.79,4005.94,4009.35,584.0
2026-07-14 05:30:00,4017.79,4018.84,4016.09,4016.18,170.0
2026-07-14 06:00:00,4012.28,4016.38,4012.19,4013.23,674.0
2026-07-14 06:30:00,4017.91,4018.91,4016.85,4017.08,352.0
2026-07-14 07:00:00,4016.78,4017.81,4016.7,4017.65,111.0
2026-07-14 07:30:00,4015.9,4022.65,4015.63,4021.78,618.0
2026-07-14 08:00:00,4020.31,4022.69,4020.1,4020.44,405.0
2026-07-14 08:30:00,4022.77,4026.99,4022.42,4024.11,220.0
2026-07-14 09:00:00,4031.3,4033.06,4022.87,4022.87,4021.0
2026-07-14 09:30:00,4022.91,4026.46,4021.65,4023.79,3904.0
2026-07-14 10:00:00,4023.92,4029.66,4020.7,4026.29,4134.0
2026-07-14 10:30:00,4026.19,4029.38,4020.05,4020.58,4079.0
2026-07-14 11:00:00,4020.56,4023.08,4014.36,4021.69,4433.0
2026-07-14 11:30:00,4021.68,4023.72,4015.75,4015.84,3701.0
2026-07-14 12:00:00,4015.82,4024.29,4013.72,4015.74,3936.0
2026-07-14 12:30:00,4015.71,4023.77,4013.71,4021.62,3856.0
2026-07-14 13:00:00,4021.52,4022.03,4015.58,4017.72,3329.0
2026-07-14 13:30:00,4017.74,4022.71,4015.04,4021.52,3642.0
2026-07-14 14:00:00,4021.55,4028.24,4015.44,4024.79,4167.0
2026-07-14 14:30:00,4024.84,4031.79,4024.48,4031.18,3840.0
2026-07-14 15:00:00,4031.09,4035.68,4023.15,4027.7,4629.0
2026-07-14 15:30:00,4027.31,4100.74,4027.31,4076.23,8451.0
2026-07-14 16:00:00,4076.1,4083.25,4070.78,4072.0,1570.0
2026-07-14 16:30:00,4081.55,4084.73,4075.82,4076.75,1143.0
2026-07-14 17:00:00,4076.55,4080.22,4073.52,4075.14,1027.0
2026-07-14 17:30:00,4076.78,4076.88,4073.18,4073.62,486.0
2026-07-14 18:00:00,4085.18,4092.85,4078.74,4087.58,1242.0
2026-07-14 18:30:00,4084.77,4086.75,4083.15,4083.61,603.0
2026-07-14 19:00:00,4066.12,4066.89,4063.52,4063.72,149.0
2026-07-14 19:30:00,4059.28,4062.61,4058.8,4060.4,957.0
2026-07-14 20:00:00,4061.43,4064.39,4060.87,4063.55,498.0
2026-07-14 20:30:00,4062.82,4064.35,4062.77,4063.72,224.0
2026-07-14 21:00:00,4062.56,4062.7,4062.18,4062.37,14.0
2026-07-14 21:30:00,4058.33,4059.37,4055.28,4055.61,427.0
2026-07-14 22:00:00,4054.11,4054.74,4053.62,4053.76,268.0
2026-07-14 22:30:00,4051.51,4051.51,4048.82,4049.2,94.0
2026-07-14 23:00:00,4055.68,4056.33,4054.01,4054.82,395.0
2026-07-14 23:30:00,4052.92,4053.28,4052.42,4052.82,147.0
2026-07-15 01:00:00,4057.77,4057.77,4051.59,4051.76,346.0
2026-07-15 01:30:00,4051.52,4052.03,4051.36,4051.78,100.0
2026-07-15 02:00:00,4048.85,4049.99,4048.57,4049.47,42.0
2026-07-15 02:30:00,4053.72,4055.66,4051.45,4055.66,478.0
2026-07-15 03:00:00,4053.03,4054.27,4051.01,4052.83,517.0
2026-07-15 03:30:00,4058.11,4058.41,4055.1,4056.89,291.0
2026-07-15 04:00:00,4059.02,4061.45,4058.73,4059.63,104.0
2026-07-15 04:30:00,4054.31,4054.44,4049.57,4050.44,527.0
2026-07-15 05:00:00,4037.05,4037.49,4034.88,4035.96,234.0
2026-07-15 05:30:00,4032.95,4034.12,4032.53,4034.12,44.0
2026-07-15 06:00:00,4035.09,4038.57,4034.48,4037.82,549.0
2026-07-15 06:30:00,4030.9,4031.67,4027.96,4029.26,353.0
2026-07-15 07:00:00,4031.14,4033.04,4030.58,4032.35,203.0
2026-07-15 07:30:00,4033.49,4033.64,4032.7,4032.79,38.0
2026-07-15 08:00:00,4033.24,4035.83,4031.42,4032.35,633.0
2026-07-15 08:30:00,4025.05,4028.96,4022.15,4025.75,661.0
2026-07-15 09:00:00,4034.63,4035.28,4030.81,4032.99,336.0
2026-07-15 09:30:00,4026.38,4028.06,4022.57,4027.72,780.0
2026-07-15 10:00:00,4031.85,4032.12,4029.12,4031.2,433.0
2026-07-15 10:30:00,4023.91,4024.63,4021.8,4023.83,216.0
2026-07-15 11:00:00,4024.36,4025.01,4021.74,4022.29,93.0
2026-07-15 11:30:00,4026.6,4027.68,4025.75,4026.29,314.0
2026-07-15 12:00:00,4031.1,4034.16,4030.78,4033.56,686.0
2026-07-15 12:30:00,4027.4,4029.45,4027.21,4028.33,338.0
2026-07-15 13:00:00,4030.27,4030.48,4028.67,4030.36,393.0
2026-07-15 13:30:00,4028.71,4031.07,4028.3,4030.28,596.0
2026-07-15 14:00:00,4028.05,4029.39,4027.73,4029.3,87.0
2026-07-15 14:30:00,4030.61,4030.87,4029.21,4029.65,142.0
2026-07-15 15:00:00,4038.23,4040.42,4037.9,4039.63,282.0
2026-07-15 15:30:00,4039.21,4053.23,4037.48,4052.62,811.0
2026-07-15 16:00:00,4068.0,4068.71,4065.03,4065.46,412.0
2026-07-15 16:30:00,4055.74,4056.27,4055.58,4055.58,7.0
2026-07-15 17:00:00,4061.54,4063.18,4061.37,4061.8,184.0
2026-07-15 17:30:00,4058.37,4063.21,4057.57,4062.59,997.0
2026-07-15 18:00:00,4060.43,4062.88,4058.28,4058.78,684.0
2026-07-15 18:30:00,4048.95,4049.62,4044.81,4046.64,419.0
2026-07-15 19:00:00,4046.81,4047.75,4046.6,4047.35,94.0
2026-07-15 19:30:00,4034.72,4036.88,4032.7,4035.11,589.0
2026-07-15 20:00:00,4033.76,4038.63,4032.95,4037.81,821.0
2026-07-15 20:30:00,4047.44,4052.06,4047.07,4050.46,552.0
2026-07-15 21:00:00,4062.19,4068.64,4061.68,4068.39,831.0
2026-07-15 21:30:00,4074.37,4081.08,4074.26,4075.44,616.0
2026-07-15 22:00:00,4059.02,4059.02,4059.02,4059.02,1.0
2026-07-15 22:30:00,4055.91,4057.4,4055.59,4056.7,188.0
2026-07-15 23:00:00,4056.71,4057.54,4055.05,4057.26,254.0
2026-07-15 23:30:00,4061.34,4061.34,4060.26,4061.19,186.0
2026-07-16 01:00:00,4059.21,4067.19,4059.21,4065.4,86.0
2026-07-16 01:30:00,4062.27,4062.36,4061.13,4061.25,86.0
2026-07-16 02:00:00,4059.5,4061.71,4058.87,4059.73,386.0
2026-07-16 02:30:00,4057.76,4058.4,4056.07,4057.87,253.0
2026-07-16 03:00:00,4057.98,4059.32,4056.26,4057.23,622.0
2026-07-16 03:30:00,4058.32,4060.65,4058.19,4059.98,270.0
2026-07-16 04:00:00,4044.37,4050.4,4040.76,4045.3,1261.0
2026-07-16 04:30:00,4036.66,4039.62,4036.51,4038.83,206.0
2026-07-16 05:00:00,4039.1,4040.0,4038.11,4038.55,270.0
2026-07-16 05:30:00,4034.57,4035.61,4030.11,4030.73,445.0
2026-07-16 06:00:00,4031.38,4031.93,4030.08,4031.51,446.0
2026-07-16 06:30:00,4033.85,4034.34,4032.33,4033.73,549.0
2026-07-16 07:00:00,4036.17,4036.39,4035.64,4036.14,42.0
2026-07-16 07:30:00,4033.76,4034.82,4033.72,4034.78,90.0
2026-07-16 08:00:00,4033.01,4033.84,4031.39,4031.39,257.0
2026-07-16 08:30:00,4027.7,4031.59,4025.21,4030.22,683.0
2026-07-16 09:00:00,4027.24,4032.7,4026.96,4032.35,680.0
2026-07-16 09:30:00,4030.19,4030.55,4026.63,4027.0,705.0
2026-07-16 10:00:00,4030.39,4030.55,4029.37,4029.78,109.0
2026-07-16 10:30:00,4024.24,4025.07,4022.98,4023.21,182.0
2026-07-16 11:00:00,4030.56,4033.99,4029.44,4031.1,713.0
2026-07-16 11:30:00,4032.21,4033.81,4032.21,4033.62,183.0
2026-07-16 12:00:00,4035.19,4037.16,4035.18,4036.18,495.0
2026-07-16 12:30:00,4033.0,4033.96,4031.59,4032.68,226.0
2026-07-16 13:00:00,4031.68,4032.21,4030.01,4030.88,294.0
2026-07-16 13:30:00,4033.08,4033.79,4031.56,4032.81,341.0
2026-07-16 14:00:00,4029.41,4030.14,4027.76,4029.72,582.0
2026-07-16 14:30:00,4024.29,4024.73,4023.89,4024.33,35.0
2026-07-16 15:00:00,4038.37,4038.82,4036.51,4037.43,206.0
2026-07-16 15:30:00,4022.84,4029.46,4017.19,4023.74,553.0
2026-07-16 16:00:00,3992.23,3996.64,3976.9,3981.56,1029.0
2026-07-16 16:30:00,4005.43,4008.22,3995.15,3995.24,1100.0
2026-07-16 17:00:00,3989.9,3997.1,3989.32,3996.41,1192.0
2026-07-16 17:30:00,3999.16,3999.37,3995.44,3995.83,182.0
2026-07-16 18:00:00,3997.86,3998.51,3992.36,3993.54,820.0
2026-07-16 18:30:00,4011.23,4014.62,4007.57,4014.5,883.0
2026-07-16 19:00:00,4006.99,4007.45,4000.82,4001.34,672.0
2026-07-16 19:30:00,3987.38,3989.52,3986.87,3989.08,365.0
2026-07-16 20:00:00,3992.07,3992.81,3990.06,3990.49,697.0
2026-07-16 20:30:00,3987.47,3988.56,3986.47,3987.01,408.0
2026-07-16 21:00:00,3984.59,3986.82,3983.73,3986.82,685.0
2026-07-16 21:30:00,3986.41,3986.41,3984.25,3984.53,99.0
2026-07-16 22:00:00,3980.29,3985.35,3979.12,3985.13,427.0
2026-07-16 22:30:00,3979.01,3979.1,3977.59,3978.55,97.0
2026-07-16 23:00:00,3979.86,3979.98,3976.94,3977.33,424.0
2026-07-16 23:30:00,3974.85,3974.86,3973.59,3974.38,111.0
2026-07-17 01:00:00,3975.92,3980.49,3973.69,3979.1,383.0
2026-07-17 01:30:00,3976.26,3976.66,3975.77,3976.12,134.0
2026-07-17 02:00:00,3978.15,3978.35,3976.69,3977.61,28.0
2026-07-17 02:30:00,3978.44,3978.6,3975.56,3976.08,282.0
2026-07-17 03:00:00,3985.99,3986.91,3983.37,3984.71,258.0
2026-07-17 03:30:00,3984.72,3984.92,3981.11,3983.5,519.0
2026-07-17 04:00:00,3991.83,3991.97,3989.15,3989.15,24.0
2026-07-17 04:30:00,3990.97,3991.75,3988.93,3990.04,475.0
2026-07-17 05:00:00,3983.16,3984.14,3982.92,3983.17,82.0
2026-07-17 05:30:00,3982.81,3984.03,3978.28,3979.11,675.0
2026-07-17 06:00:00,3978.84,3980.5,3978.68,3979.92,172.0
2026-07-17 06:30:00,4001.02,4001.47,3997.14,3997.32,513.0
2026-07-17 07:00:00,3991.15,3991.54,3989.2,3990.37,153.0
2026-07-17 07:30:00,3986.13,3988.07,3984.82,3984.97,476.0
2026-07-17 08:00:00,3981.53,3982.62,3980.89,3981.74,230.0
2026-07-17 08:30:00,3979.58,3986.14,3978.46,3982.9,1129.0
2026-07-17 09:00:00,3984.95,4005.91,3984.95,4003.7,5539.0
2026-07-17 09:30:00,4003.54,4007.04,3995.63,3999.3,4668.0
2026-07-17 10:00:00,3999.18,4002.46,3993.25,3996.18,4572.0
2026-07-17 10:30:00,3996.2,3998.6,3992.62,3992.65,3719.0
2026-07-17 11:00:00,3992.64,3999.69,3988.16,3992.28,4881.0
2026-07-17 11:30:00,3992.29,3999.35,3987.78,3994.12,4108.0
2026-07-17 12:00:00,3993.98,4002.3,3992.72,3998.94,4154.0
2026-07-17 12:30:00,3999.07,3999.62,3994.66,3997.93,3528.0
2026-07-17 13:00:00,3998.02,3998.96,3994.31,3996.04,3464.0
2026-07-17 13:30:00,3995.81,3997.39,3990.46,3990.67,3081.0
2026-07-17 14:00:00,3990.69,3996.07,3989.91,3995.52,3702.0
2026-07-17 14:30:00,3995.56,3998.59,3991.36,3994.01,3448.0
2026-07-17 15:00:00,3994.0,3995.43,3984.25,3987.17,4238.0
2026-07-17 15:30:00,3987.13,3988.13,3963.92,3966.01,5261.0
2026-07-17 16:00:00,3965.99,3975.73,3959.28,3968.25,6524.0
2026-07-17 16:30:00,3968.18,4003.47,3963.8,3997.15,7861.0
2026-07-17 17:00:00,3997.24,4004.42,3990.12,3998.57,7078.0
2026-07-17 17:30:00,3998.5,4001.32,3992.0,4001.11,6089.0
2026-07-17 18:00:00,4001.03,4013.94,3997.72,4013.22,6285.0
2026-07-17 18:30:00,4013.35,4021.01,4009.26,4019.0,5600.0
2026-07-17 19:00:00,4019.15,4023.67,4010.95,4018.62,5786.0
2026-07-17 19:30:00,4018.74,4020.52,4012.78,4014.9,4552.0
2026-07-17 20:00:00,4014.88,4019.14,4012.44,4013.84,4231.0
2026-07-17 20:30:00,4013.75,4014.51,4008.32,4009.93,3797.0
2026-07-17 21:00:00,4010.03,4016.04,4007.71,4015.39,4082.0
2026-07-17 21:30:00,4015.24,4016.09,4006.53,4011.21,3674.0
2026-07-17 22:00:00,4011.19,4011.33,4002.24,4005.22,3579.0
2026-07-17 22:30:00,4005.34,4016.48,4004.89,4015.33,4013.0
2026-07-17 23:00:00,4015.42,4015.77,4008.86,4010.76,2132.0
2026-07-17 23:30:00,4010.86,4017.98,4008.52,4016.15,1574.0
2026-07-20 01:00:00,4001.53,4007.79,3994.7,3994.88,3816.0
2026-07-20 01:30:00,3994.89,3999.28,3993.35,3994.7,2348.0
2026-07-20 02:00:00,3994.81,3995.4,3990.44,3992.97,2588.0
2026-07-20 02:30:00,3993.14,3996.1,3989.43,3995.28,3173.0
2026-07-20 03:00:00,3995.23,4005.33,3982.67,4003.73,4940.0
2026-07-20 03:30:00,4003.67,4009.89,3998.34,4008.49,4341.0
2026-07-20 04:00:00,4008.46,4020.61,3999.7,4003.07,6003.0
2026-07-20 04:30:00,4003.01,4005.58,3995.69,4002.11,5116.0
2026-07-20 05:00:00,4002.22,4009.75,4001.26,4006.79,4341.0
2026-07-20 05:30:00,4006.77,4028.57,4006.01,4021.81,5144.0
2026-07-20 06:00:00,4021.79,4026.62,4018.57,4022.09,4679.0
2026-07-20 06:30:00,4022.22,4027.79,4018.68,4023.99,3309.0
2026-07-20 07:00:00,4023.94,4026.57,4021.35,4025.19,2672.0
2026-07-20 07:30:00,4025.17,4025.33,4018.4,4018.73,2661.0
2026-07-20 08:00:00,4018.86,4020.95,4009.86,4010.75,3200.0
2026-07-20 08:30:00,4010.53,4014.31,4005.31,4008.56,4672.0
2026-07-20 09:00:00,4008.52,4011.59,4003.96,4004.74,4274.0
2026-07-20 09:30:00,4004.75,4007.41,4002.93,4003.74,3854.0
2026-07-20 10:00:00,4003.7,4008.53,4002.13,4006.7,3724.0
2026-07-20 10:30:00,4006.61,4021.71,4006.52,4017.05,4609.0
2026-07-20 11:00:00,4017.2,4030.45,4017.07,4021.95,4157.0
2026-07-20 11:30:00,4021.98,4024.77,4017.61,4018.88,3410.0
2026-07-20 12:00:00,4018.65,4021.96,4015.2,4016.31,3115.0
2026-07-20 12:30:00,4016.29,4023.14,4014.85,4021.08,3197.0
2026-07-20 13:00:00,4021.06,4023.16,4018.14,4021.73,2828.0
2026-07-20 13:30:00,4021.67,4025.5,4020.86,4024.03,2760.0
2026-07-20 14:00:00,4024.12,4027.15,4019.75,4022.1,3270.0
2026-07-20 14:30:00,4022.08,4040.59,4021.41,4025.22,5722.0
2026-07-20 15:00:00,4025.09,4025.13,4006.65,4012.84,5359.0
2026-07-20 15:30:00,4012.99,4015.55,4006.49,4008.11,4580.0
2026-07-20 16:00:00,4008.02,4013.77,4006.92,4008.5,5073.0
2026-07-20 16:30:00,4008.6,4017.25,4005.62,4005.64,5864.0
2026-07-20 17:00:00,4005.55,4007.77,3998.24,4006.52,5896.0
2026-07-20 17:30:00,4006.57,4013.21,4005.05,4006.03,5172.0
2026-07-20 18:00:00,4006.04,4019.35,4004.37,4016.35,5111.0
2026-07-20 18:30:00,4016.37,4016.73,4010.2,4011.72,4167.0
2026-07-20 19:00:00,4011.78,4018.27,4010.62,4012.43,3579.0
2026-07-20 19:30:00,4012.44,4012.57,4001.28,4009.73,4098.0
2026-07-20 20:00:00,4009.7,4012.88,4008.83,4012.01,3382.0
2026-07-20 20:30:00,4012.12,4012.88,4003.65,4005.15,3314.0
2026-07-20 21:00:00,4005.17,4011.67,4003.27,4006.55,3432.0
2026-07-20 21:30:00,4006.65,4008.62,4004.25,4007.22,3413.0
2026-07-20 22:00:00,4007.23,4012.84,4004.19,4012.72,3256.0
2026-07-20 22:30:00,4012.83,4017.8,4005.22,4006.85,3950.0
2026-07-20 23:00:00,4006.98,4009.15,4005.63,4008.09,2025.0
2026-07-20 23:30:00,4008.18,4009.28,4007.25,4008.44,1096.0
2026-07-21 01:00:00,4013.97,4013.97,4004.97,4009.68,2037.0
2026-07-21 01:30:00,4009.66,4009.68,3999.51,4000.29,2890.0
2026-07-21 02:00:00,4000.44,4009.63,4000.06,4003.59,2828.0
2026-07-21 02:30:00,4003.44,4010.37,4003.38,4009.78,2466.0
2026-07-21 03:00:00,4009.8,4018.4,4003.75,4014.97,4963.0
2026-07-21 03:30:00,4014.98,4026.93,4014.16,4024.76,3976.0
2026-07-21 04:00:00,4025.07,4035.77,4018.42,4028.03,5429.0
2026-07-21 04:30:00,4028.04,4030.7,4021.38,4023.11,4609.0
2026-07-21 05:00:00,4023.14,4029.85,4021.98,4028.79,3597.0
2026-07-21 05:30:00,4028.71,4044.56,4027.94,4037.94,4878.0
2026-07-21 06:00:00,4037.73,4051.24,4036.83,4047.35,4403.0
2026-07-21 06:30:00,4047.36,4049.44,4041.8,4046.8,2899.0
2026-07-21 07:00:00,4046.82,4051.51,4043.7,4044.65,2772.0
2026-07-21 07:30:00,4044.65,4049.62,4044.38,4049.55,2227.0
2026-07-21 08:00:00,4049.64,4056.31,4046.31,4054.3,2922.0
2026-07-21 08:30:00,4054.32,4067.84,4054.32,4061.47,4601.0
2026-07-21 09:00:00,4061.73,4074.28,4061.6,4072.27,4494.0
2026-07-21 09:30:00,4072.34,4083.93,4071.89,4078.43,4247.0
2026-07-21 10:00:00,4078.51,4080.01,4068.29,4069.53,3473.0
2026-07-21 10:30:00,4069.51,4075.24,4067.67,4071.27,3213.0
2026-07-21 11:00:00,4071.14,4072.41,4063.0,4063.43,3686.0
2026-07-21 11:30:00,4063.5,4065.08,4059.12,4062.77,3114.0
2026-07-21 12:00:00,4062.78,4068.28,4062.45,4062.73,2969.0
2026-07-21 12:30:00,4062.74,4069.58,4061.01,4065.92,3010.0
2026-07-21 13:00:00,4065.87,4069.17,4060.97,4066.71,3652.0
2026-07-21 13:30:00,4066.83,4070.08,4062.52,4062.84,3019.0
2026-07-21 14:00:00,4062.9,4063.61,4055.27,4057.93,3363.0
2026-07-21 14:30:00,4057.97,4061.1,4054.4,4055.84,2969.0
2026-07-21 15:00:00,4055.88,4065.55,4055.65,4061.46,3879.0
2026-07-21 15:30:00,4061.59,4063.61,4051.02,4053.98,4574.0
2026-07-21 16:00:00,4053.89,4061.64,4050.18,4050.92,5096.0
2026-07-21 16:30:00,4051.08,4057.34,4044.45,4053.08,6087.0
2026-07-21 17:00:00,4053.17,4069.33,4051.72,4069.33,5767.0
2026-07-21 17:30:00,4069.26,4073.6,4062.25,4068.37,5385.0
2026-07-21 18:00:00,4068.38,4079.02,4065.58,4076.71,4885.0
2026-07-21 18:30:00,4076.6,4083.18,4072.03,4074.1,4165.0
2026-07-21 19:00:00,4074.04,4079.0,4073.43,4075.57,3156.0
2026-07-21 19:30:00,4075.55,4076.27,4069.84,4071.49,2977.0
2026-07-21 20:00:00,4071.5,4072.7,4068.89,4072.15,3041.0
2026-07-21 20:30:00,4072.05,4072.21,4066.74,4068.53,2315.0
2026-07-21 21:00:00,4068.54,4086.62,4067.61,4083.73,3168.0
2026-07-21 21:30:00,4083.71,4085.53,4079.23,4082.16,2718.0
2026-07-21 22:00:00,4082.38,4085.49,4080.05,4084.0,2776.0
2026-07-21 22:30:00,4084.26,4085.31,4081.78,4084.45,2780.0
2026-07-21 23:00:00,4084.39,4086.28,4081.49,4082.62,1398.0
2026-07-21 23:30:00,4083.0,4085.22,4076.59,4077.75,1309.0
2026-07-22 01:00:00,4082.26,4083.05,4077.02,4082.6,1925.0
2026-07-22 01:30:00,4082.41,4084.85,4078.2,4080.34,1936.0
2026-07-22 02:00:00,4080.33,4082.41,4079.4,4081.16,1349.0
2026-07-22 02:30:00,4081.17,4082.93,4079.18,4080.63,1742.0
2026-07-22 03:00:00,4080.55,4098.53,4076.72,4098.0,4505.0
2026-07-22 03:30:00,4098.03,4102.01,4089.54,4097.36,4163.0
2026-07-22 04:00:00,4097.48,4121.51,4096.62,4115.38,5817.0
2026-07-22 04:30:00,4115.39,4123.3,4112.92,4122.03,4769.0
2026-07-22 05:00:00,4121.81,4125.99,4118.81,4124.16,3853.0
2026-07-22 05:30:00,4124.15,4130.7,4122.18,4130.47,4543.0
2026-07-22 06:00:00,4130.44,4141.54,4129.2,4138.15,4099.0
2026-07-22 06:30:00,4138.14,4138.18,4130.05,4130.8,3050.0
2026-07-22 07:00:00,4130.62,4131.05,4126.21,4128.71,2679.0
2026-07-22 07:30:00,4128.7,4128.98,4124.73,4126.93,2557.0
2026-07-22 08:00:00,4126.89,4129.86,4123.09,4123.61,3230.0
2026-07-22 08:30:00,4123.45,4133.9,4122.93,4130.95,4493.0
2026-07-22 09:00:00,4131.02,4135.13,4113.97,4117.37,4321.0
2026-07-22 09:30:00,4117.51,4120.46,4113.34,4116.46,4424.0
2026-07-22 10:00:00,4116.69,4122.32,4111.91,4119.59,3778.0
2026-07-22 10:30:00,4119.57,4122.9,4109.17,4110.53,4221.0
2026-07-22 11:00:00,4110.64,4117.72,4110.57,4117.23,4098.0
2026-07-22 11:30:00,4117.32,4119.99,4113.27,4118.18,3498.0
2026-07-22 12:00:00,4118.3,4122.21,4117.71,4118.62,3499.0
2026-07-22 12:30:00,4118.5,4121.6,4113.23,4114.93,3435.0
2026-07-22 13:00:00,4115.04,4121.72,4114.91,4119.28,3324.0
2026-07-22 13:30:00,4119.27,4120.2,4115.78,4117.44,2902.0
2026-07-22 14:00:00,4117.51,4122.89,4115.11,4118.48,3079.0
2026-07-22 14:30:00,4118.66,4122.88,4112.58,4122.47,3811.0
2026-07-22 15:00:00,4122.56,4133.06,4121.7,4132.6,4076.0
2026-07-22 15:30:00,4132.58,4134.32,4107.06,4112.77,4585.0
2026-07-22 16:00:00,4112.92,4134.83,4112.53,4131.75,4757.0
2026-07-22 16:30:00,4131.86,4155.89,4131.86,4154.64,6383.0
2026-07-22 17:00:00,4154.66,4163.43,4144.39,4146.2,6222.0
2026-07-22 17:30:00,4146.29,4152.89,4144.08,4148.47,5216.0
2026-07-22 18:00:00,4148.52,4161.29,4148.52,4157.17,4398.0
2026-07-22 18:30:00,4157.15,4165.9,4155.68,4159.28,4402.0
2026-07-22 19:00:00,4159.37,4159.37,4147.77,4149.07,3982.0
2026-07-22 19:30:00,4149.15,4151.22,4144.33,4146.76,3961.0
2026-07-22 20:00:00,4146.91,4147.76,4142.64,4145.96,3954.0
2026-07-22 20:30:00,4145.95,4147.34,4138.27,4142.37,3570.0
2026-07-22 21:00:00,4142.21,4142.71,4134.66,4135.06,3835.0
2026-07-22 21:30:00,4135.17,4138.75,4131.93,4135.97,3143.0
2026-07-22 22:00:00,4135.88,4137.14,4131.68,4134.36,2986.0
2026-07-22 22:30:00,4134.27,4136.12,4128.92,4131.68,3463.0
2026-07-22 23:00:00,4131.58,4137.7,4130.26,4136.62,3236.0
2026-07-22 23:30:00,4136.56,4137.4,4128.36,4129.92,1997.0
2026-07-23 01:00:00,4133.77,4135.49,4109.17,4128.7,3796.0
2026-07-23 01:30:00,4128.53,4129.54,4119.91,4121.84,3408.0
2026-07-23 02:00:00,4121.87,4124.6,4116.51,4119.77,3244.0
2026-07-23 02:30:00,4119.82,4134.11,4118.91,4133.29,2740.0
2026-07-23 03:00:00,4133.44,4134.6,4126.11,4129.11,3757.0
2026-07-23 03:30:00,4129.09,4133.12,4125.15,4132.1,3342.0
2026-07-23 04:00:00,4131.94,4140.82,4129.74,4137.29,5204.0
2026-07-23 04:30:00,4137.4,4139.16,4114.18,4117.75,5674.0
2026-07-23 05:00:00,4117.74,4118.74,4112.03,4116.17,4493.0
2026-07-23 05:30:00,4115.9,4128.34,4113.77,4127.87,4457.0
2026-07-23 06:00:00,4127.95,4132.9,4124.03,4130.41,3933.0
2026-07-23 06:30:00,4130.29,4131.06,4123.96,4124.57,2889.0
2026-07-23 07:00:00,4124.56,4129.73,4122.4,4129.73,2859.0
2026-07-23 07:30:00,4129.65,4130.1,4119.98,4121.11,2677.0
2026-07-23 08:00:00,4121.12,4125.41,4119.4,4125.41,3214.0
2026-07-23 08:30:00,4125.47,4130.29,4120.54,4123.94,4350.0
2026-07-23 09:00:00,4123.93,4128.07,4121.14,4121.92,4188.0
2026-07-23 09:30:00,4121.97,4123.64,4116.78,4118.48,3952.0
2026-07-23 10:00:00,4118.62,4119.26,4101.93,4108.29,4779.0
2026-07-23 10:30:00,4108.3,4108.63,4090.12,4095.33,4873.0
2026-07-23 11:00:00,4095.34,4097.6,4088.56,4091.67,4364.0
2026-07-23 11:30:00,4091.73,4094.7,4086.88,4093.24,3813.0
2026-07-23 12:00:00,4093.3,4099.28,4089.32,4091.3,3822.0
2026-07-23 12:30:00,4091.41,4094.1,4088.37,4089.76,3502.0
2026-07-23 13:00:00,4089.85,4092.39,4086.03,4089.76,3571.0
2026-07-23 13:30:00,4089.74,4095.1,4086.55,4093.09,3603.0
2026-07-23 14:00:00,4093.05,4093.74,4080.91,4084.23,4102.0
2026-07-23 14:30:00,4084.04,4088.74,4072.96,4085.54,4756.0
2026-07-23 15:00:00,4085.45,4085.69,4070.3,4074.65,4813.0
2026-07-23 15:30:00,4074.92,4074.98,4060.94,4061.73,6274.0
2026-07-23 16:00:00,4061.72,4063.41,4040.35,4058.73,7552.0
2026-07-23 16:30:00,4058.71,4067.31,4042.54,4043.12,7364.0
2026-07-23 17:00:00,4043.18,4056.77,4039.98,4056.11,7438.0
2026-07-23 17:30:00,4056.2,4061.58,4051.6,4057.83,6236.0
2026-07-23 18:00:00,4057.91,4059.33,4045.48,4046.73,6169.0
2026-07-23 18:30:00,4046.56,4053.02,4042.23,4048.54,5751.0
2026-07-23 19:00:00,4048.53,4051.46,4045.7,4049.88,4251.0
2026-07-23 19:30:00,4049.9,4051.64,4046.73,4051.31,3849.0
2026-07-23 20:00:00,4051.39,4054.5,4046.11,4047.1,4584.0
2026-07-23 20:30:00,4047.08,4049.01,4041.53,4041.64,4038.0
2026-07-23 21:00:00,4041.69,4045.04,4040.59,4044.37,4227.0
2026-07-23 21:30:00,4044.29,4048.25,4044.29,4046.03,3159.0
2026-07-23 22:00:00,4046.12,4049.01,4042.9,4048.05,2929.0
2026-07-23 22:30:00,4048.1,4050.95,4044.8,4049.68,3630.0
2026-07-23 23:00:00,4049.84,4051.01,4047.26,4050.09,2162.0
2026-07-23 23:30:00,4050.19,4050.57,4047.38,4048.96,1291.0
2026-07-24 01:00:00,4046.33,4050.3,4046.32,4049.8,1386.0
2026-07-24 01:30:00,4049.83,4050.36,4048.39,4049.48,1131.0
2026-07-24 02:00:00,4049.49,4049.84,4047.09,4049.08,1153.0
2026-07-24 02:30:00,4049.1,4050.54,4046.55,4046.93,1803.0
2026-07-24 03:00:00,4047.04,4049.99,4041.09,4046.49,3952.0
2026-07-24 03:30:00,4046.48,4050.65,4044.73,4049.72,3254.0
2026-07-24 04:00:00,4049.84,4050.15,4040.14,4042.65,4805.0
2026-07-24 04:30:00,4042.65,4050.26,4041.29,4043.46,4256.0
2026-07-24 05:00:00,4043.56,4048.29,4040.91,4046.42,3134.0
2026-07-24 05:30:00,4046.45,4048.01,4023.02,4024.47,4891.0
2026-07-24 06:00:00,4024.59,4033.49,4023.1,4030.13,4175.0
2026-07-24 06:30:00,4030.23,4033.0,4028.16,4029.15,2697.0
2026-07-24 07:00:00,4028.81,4030.29,4027.0,4029.69,2396.0
2026-07-24 07:30:00,4029.8,4030.3,4025.51,4026.91,1906.0
2026-07-24 08:00:00,4027.16,4032.08,4022.3,4026.12,2805.0
2026-07-24 08:30:00,4025.99,4031.4,4021.92,4022.95,4215.0
2026-07-24 09:00:00,4023.05,4038.92,4022.86,4036.51,4274.0
2026-07-24 09:30:00,4036.43,4038.5,4031.59,4035.61,3910.0
2026-07-24 10:00:00,4035.47,4050.75,4034.97,4048.62,4245.0
2026-07-24 10:30:00,4048.61,4053.64,4045.71,4048.27,3399.0
2026-07-24 11:00:00,4048.37,4052.46,4045.03,4052.46,3642.0
2026-07-24 11:30:00,4052.35,4058.56,4048.74,4057.43,3404.0
2026-07-24 12:00:00,4057.53,4060.64,4052.36,4052.8,3238.0
2026-07-24 12:30:00,4052.71,4059.76,4051.63,4059.71,2756.0
2026-07-24 13:00:00,4059.9,4063.52,4057.48,4061.85,2817.0
2026-07-24 13:30:00,4061.86,4063.76,4056.99,4059.92,2511.0
2026-07-24 14:00:00,4059.9,4063.22,4058.35,4059.05,2457.0
2026-07-24 14:30:00,4058.97,4061.54,4051.31,4057.67,3101.0
2026-07-24 15:00:00,4057.84,4060.07,4052.22,4059.54,3947.0
2026-07-24 15:30:00,4059.36,4059.52,4051.61,4056.01,3446.0
2026-07-24 16:00:00,4055.84,4058.32,4044.57,4046.26,4654.0
2026-07-24 16:30:00,4046.27,4068.57,4044.5,4067.45,6121.0
2026-07-24 17:00:00,4067.31,4070.01,4055.84,4066.0,6370.0
2026-07-24 17:30:00,4066.09,4067.98,4058.41,4063.23,5570.0
2026-07-24 18:00:00,4063.22,4082.01,4061.73,4074.89,6423.0
2026-07-24 18:30:00,4074.93,4079.52,4070.91,4077.22,5167.0
2026-07-24 19:00:00,4077.28,4078.05,4073.51,4073.68,3961.0
2026-07-24 19:30:00,4073.66,4073.95,4064.06,4066.96,3999.0
2026-07-24 20:00:00,4067.09,4069.79,4062.92,4068.33,4116.0
2026-07-24 20:30:00,4068.19,4069.73,4062.95,4063.27,3106.0
2026-07-24 21:00:00,4063.28,4064.41,4054.82,4055.19,3484.0
2026-07-24 21:30:00,4055.33,4056.81,4051.02,4054.25,3419.0
2026-07-24 22:00:00,4054.34,4056.22,4049.14,4051.45,3477.0
2026-07-24 22:30:00,4051.64,4057.8,4051.19,4053.65,3741.0
2026-07-24 23:00:00,4053.63,4055.1,4051.98,4053.59,1371.0
2026-07-24 23:30:00,4053.61,4056.2,4051.49,4053.13,1103.0
2026-07-27 01:00:00,4087.81,4096.9,4082.43,4086.35,3679.0
2026-07-27 01:30:00,4086.02,4093.61,4085.49,4089.46,2339.0
2026-07-27 02:00:00,4089.45,4091.15,4083.54,4084.69,2256.0
2026-07-27 02:30:00,4084.67,4096.18,4084.5,4094.09,2818.0
2026-07-27 03:00:00,4094.3,4116.08,4090.26,4094.39,5500.0
2026-07-27 03:30:00,4094.3,4109.15,4093.59,4100.59,4590.0
2026-07-27 04:00:00,4100.48,4112.34,4096.83,4099.87,5906.0
2026-07-27 04:30:00,4099.8,4110.0,4097.8,4110.0,4771.0
2026-07-27 05:00:00,4110.27,4110.77,4101.81,4103.1,3662.0
2026-07-27 05:30:00,4102.83,4103.09,4093.57,4093.57,3521.0
2026-07-27 06:00:00,4093.46,4095.69,4085.22,4085.3,3388.0
2026-07-27 06:30:00,4085.33,4091.09,4085.03,4090.84,2587.0
2026-07-27 07:00:00,4091.07,4092.74,4086.97,4088.89,2423.0
2026-07-27 07:30:00,4088.9,4092.2,4088.9,4090.13,2103.0
2026-07-27 08:00:00,4090.1,4094.7,4086.02,4086.88,2682.0
2026-07-27 08:30:00,4086.89,4093.5,4084.28,4092.95,4158.0
2026-07-27 09:00:00,4093.0,4096.34,4091.14,4095.91,3826.0
2026-07-27 09:30:00,4095.93,4099.15,4094.16,4095.85,3564.0
2026-07-27 10:00:00,4095.91,4105.93,4095.9,4103.08,4108.0
2026-07-27 10:30:00,4103.14,4103.63,4088.43,4088.49,3625.0
2026-07-27 11:00:00,4088.6,4092.96,4086.97,4090.83,4039.0
2026-07-27 11:30:00,4090.87,4096.73,4087.31,4095.09,3100.0
2026-07-27 12:00:00,4094.94,4098.29,4091.04,4091.42,2811.0
2026-07-27 12:30:00,4091.27,4100.29,4090.27,4096.13,3016.0
2026-07-27 13:00:00,4096.0,4096.49,4086.39,4092.97,3148.0
2026-07-27 13:30:00,4093.02,4102.27,4092.89,4099.45,2789.0
2026-07-27 14:00:00,4099.47,4104.04,4096.87,4097.14,3084.0
2026-07-27 14:30:00,4096.93,4099.83,4093.63,4093.78,3640.0
2026-07-27 15:00:00,4093.88,4097.52,4081.57,4086.61,4618.0
2026-07-27 15:30:00,4086.65,4089.02,4081.59,4083.62,4163.0
2026-07-27 16:00:00,4083.73,4088.7,4075.91,4076.07,5661.0
2026-07-27 16:30:00,4075.96,4089.37,4070.48,4074.05,6914.0
2026-07-27 17:00:00,4074.15,4079.0,4067.08,4068.2,6503.0
2026-07-27 17:30:00,4068.33,4077.32,4065.26,4076.11,6127.0
2026-07-27 18:00:00,4076.14,4079.15,4071.75,4076.36,5213.0
2026-07-27 18:30:00,4076.4,4079.74,4072.57,4078.31,4404.0
2026-07-27 19:00:00,4078.37,4088.66,4077.76,4085.05,4664.0
2026-07-27 19:30:00,4085.22,4093.79,4080.65,4082.24,4844.0
2026-07-27 20:00:00,4082.22,4082.22,4070.47,4074.71,4703.0
2026-07-27 20:30:00,4074.69,4077.09,4072.06,4076.27,3659.0
2026-07-27 21:00:00,4076.4,4079.16,4074.08,4076.72,3417.0
2026-07-27 21:30:00,4076.71,4079.38,4072.93,4077.85,3484.0
2026-07-27 22:00:00,4077.95,4088.55,4076.09,4085.64,2815.0
2026-07-27 22:30:00,4085.88,4089.27,4082.33,4083.25,3076.0
2026-07-27 23:00:00,4083.31,4083.95,4078.15,4078.63,1698.0
2026-07-27 23:30:00,4078.58,4079.04,4075.2,4076.57,1263.0
2026-07-28 01:00:00,4078.21,4082.44,4070.83,4072.11,1776.0
2026-07-28 01:30:00,4072.22,4074.9,4072.2,4074.06,1445.0
2026-07-28 02:00:00,4074.09,4074.89,4071.72,4072.98,1657.0
2026-07-28 02:30:00,4072.73,4073.53,4069.77,4073.18,1812.0
2026-07-28 03:00:00,4073.21,4074.04,4059.08,4062.02,4540.0
2026-07-28 03:30:00,4062.03,4066.08,4057.56,4057.94,4353.0
2026-07-28 04:00:00,4057.68,4060.18,4046.32,4047.27,5637.0
2026-07-28 04:30:00,4047.24,4050.42,4042.52,4045.03,4508.0
2026-07-28 05:00:00,4045.05,4048.92,4042.37,4046.06,3584.0
2026-07-28 05:30:00,4046.07,4047.74,4040.67,4041.95,3757.0
2026-07-28 06:00:00,4041.85,4049.25,4040.19,4047.59,3173.0
2026-07-28 06:30:00,4047.55,4051.02,4047.23,4049.33,2990.0
2026-07-28 07:00:00,4049.17,4049.49,4043.41,4045.48,2997.0
2026-07-28 07:30:00,4045.54,4047.85,4041.29,4042.04,2360.0
2026-07-28 08:00:00,4041.9,4043.85,4039.91,4042.99,3281.0
2026-07-28 08:30:00,4042.42,4046.42,4034.81,4045.12,4673.0
2026-07-28 09:00:00,4045.16,4048.92,4042.84,4047.66,4284.0
2026-07-28 09:30:00,4047.7,4052.27,4046.83,4048.2,3495.0
2026-07-28 10:00:00,4048.09,4052.22,4047.38,4050.02,3200.0
2026-07-28 10:30:00,4050.09,4050.92,4046.02,4047.2,3184.0
2026-07-28 11:00:00,4047.06,4055.04,4043.0,4049.42,4785.0
2026-07-28 11:30:00,4049.32,4049.66,4041.56,4045.39,3628.0
2026-07-28 12:00:00,4045.25,4045.8,4039.01,4040.23,2861.0
2026-07-28 12:30:00,4040.25,4040.26,4019.43,4023.41,4035.0
2026-07-28 13:00:00,4023.37,4026.84,4016.95,4017.55,4280.0
2026-07-28 13:30:00,4017.46,4028.37,4017.14,4026.42,3670.0
2026-07-28 14:00:00,4026.41,4032.26,4022.97,4027.47,4477.0
2026-07-28 14:30:00,4027.37,4031.44,4023.86,4027.92,4032.0
2026-07-28 15:00:00,4027.81,4034.82,4022.73,4034.43,4212.0
2026-07-28 15:30:00,4034.39,4038.03,4025.88,4029.38,4586.0
2026-07-28 16:00:00,4029.43,4035.96,4028.43,4028.85,4850.0
2026-07-28 16:30:00,4028.95,4032.77,4020.12,4022.07,6750.0
2026-07-28 17:00:00,4022.02,4033.3,4011.49,4022.17,6912.0
2026-07-28 17:30:00,4022.03,4029.41,4018.68,4024.29,5940.0
2026-07-28 18:00:00,4024.38,4040.77,4022.01,4035.44,6535.0
2026-07-28 18:30:00,4035.57,4046.93,4032.26,4046.07,5198.0
2026-07-28 19:00:00,4046.25,4046.41,4041.92,4041.99,4122.0
2026-07-28 19:30:00,4042.01,4043.73,4036.54,4037.4,3901.0
2026-07-28 20:00:00,4037.49,4041.38,4035.11,4037.67,4354.0
2026-07-28 20:30:00,4037.57,4037.66,4025.56,4027.72,4046.0
2026-07-28 21:00:00,4027.85,4030.24,4025.8,4026.94,4076.0
2026-07-28 21:30:00,4026.99,4027.41,4021.49,4022.82,3909.0
2026-07-28 22:00:00,4022.81,4025.57,4021.78,4023.1,3255.0
2026-07-28 22:30:00,4023.24,4027.88,4023.01,4026.27,3511.0
2026-07-28 23:00:00,4026.21,4027.69,4022.53,4027.23,2220.0
2026-07-28 23:30:00,4027.38,4030.43,4026.51,4028.68,1637.0
2026-07-29 01:00:00,4024.99,4030.81,4017.25,4020.7,2078.0
2026-07-29 01:30:00,4020.84,4021.07,4013.8,4018.21,3044.0
2026-07-29 02:00:00,4018.25,4023.05,4015.04,4018.53,2980.0
2026-07-29 02:30:00,4018.93,4026.17,4017.33,4024.91,3190.0
2026-07-29 03:00:00,4024.89,4029.51,4017.56,4022.56,4976.0
2026-07-29 03:30:00,4022.47,4027.7,4020.28,4021.77,4436.0
2026-07-29 04:00:00,4021.76,4021.76,4010.22,4018.22,5838.0
2026-07-29 04:30:00,4018.24,4030.37,4014.92,4025.82,5570.0
2026-07-29 05:00:00,4025.92,4035.24,4022.97,4032.89,4447.0
2026-07-29 05:30:00,4032.9,4037.67,4029.01,4029.17,4237.0
2026-07-29 06:00:00,4029.05,4032.56,4025.41,4026.86,3782.0
2026-07-29 06:30:00,4026.91,4029.41,4023.09,4023.49,2700.0
2026-07-29 07:00:00,4023.51,4025.43,4020.53,4023.38,2917.0
2026-07-29 07:30:00,4023.21,4027.64,4023.21,4027.15,3709.0
2026-07-29 08:00:00,4027.31,4031.54,4026.48,4030.37,3237.0
2026-07-29 08:30:00,4030.45,4039.92,4029.65,4032.94,4358.0
2026-07-29 09:00:00,4032.88,4042.89,4032.84,4040.81,3717.0
2026-07-29 09:30:00,4040.77,4044.65,4039.66,4041.07,3551.0
2026-07-29 10:00:00,4041.26,4047.61,4041.04,4045.85,2994.0
2026-07-29 10:30:00,4046.04,4047.38,4042.54,4043.64,2801.0
2026-07-29 11:00:00,4043.48,4044.25,4035.56,4037.1,3033.0
2026-07-29 11:30:00,4037.14,4039.97,4035.59,4037.44,3009.0
2026-07-29 12:00:00,4037.57,4038.19,4033.34,4033.65,2886.0
2026-07-29 12:30:00,4033.73,4036.23,4031.19,4032.49,2840.0
2026-07-29 13:00:00,4032.56,4034.0,4030.11,4032.99,2896.0
2026-07-29 13:30:00,4032.85,4034.3,4025.9,4027.39,2548.0
2026-07-29 14:00:00,4027.4,4033.34,4024.87,4032.65,2826.0
2026-07-29 14:30:00,4032.76,4036.02,4030.07,4032.57,2496.0
2026-07-29 15:00:00,4032.68,4033.22,4012.55,4013.06,4635.0
2026-07-29 15:30:00,4012.92,4023.66,4009.05,4022.76,4103.0
2026-07-29 16:00:00,4022.66,4026.28,4013.62,4014.41,5038.0
2026-07-29 16:30:00,4014.36,4017.75,4002.32,4006.9,6753.0
2026-07-29 17:00:00,4007.05,4009.97,3995.82,4005.28,6525.0
2026-07-29 17:30:00,4005.34,4009.21,3998.21,4004.67,5829.0
2026-07-29 18:00:00,4004.65,4011.13,4003.35,4010.49,5238.0
2026-07-29 18:30:00,4010.4,4013.64,4006.98,4009.78,4476.0
2026-07-29 19:00:00,4009.7,4017.45,4007.54,4016.26,4338.0
2026-07-29 19:30:00,4016.17,4032.75,4014.82,4027.14,4633.0
2026-07-29 20:00:00,4027.24,4050.5,4027.24,4039.04,6169.0
2026-07-29 20:30:00,4038.91,4047.95,4036.29,4043.96,5026.0
2026-07-29 21:00:00,4043.94,4086.09,4042.76,4067.59,8719.0
2026-07-29 21:30:00,4067.58,4109.78,4052.28,4106.67,9335.0
2026-07-29 22:00:00,4106.6,4116.45,4080.92,4083.85,9036.0
2026-07-29 22:30:00,4083.97,4088.27,4044.12,4044.59,8385.0
2026-07-29 23:00:00,4044.72,4057.21,4042.7,4055.49,6727.0
2026-07-29 23:30:00,4055.5,4070.02,4053.92,4065.94,3454.0
2026-07-30 01:00:00,4068.79,4077.84,4060.36,4074.84,3434.0
2026-07-30 01:30:00,4074.95,4090.46,4072.83,4088.39,2862.0
2026-07-30 02:00:00,4088.53,4100.18,4088.24,4093.39,3234.0
2026-07-30 02:30:00,4093.52,4094.43,4084.31,4084.52,4041.0
2026-07-30 03:00:00,4084.51,4086.42,4072.67,4075.16,5990.0
2026-07-30 03:30:00,4075.21,4076.79,4064.78,4072.09,5124.0
2026-07-30 04:00:00,4072.1,4092.83,4070.44,4081.08,6745.0
2026-07-30 04:30:00,4081.09,4090.86,4080.57,4084.52,5216.0
2026-07-30 05:00:00,4084.53,4090.27,4079.81,4082.61,4341.0
2026-07-30 05:30:00,4082.59,4082.64,4063.36,4063.55,4902.0
2026-07-30 06:00:00,4063.59,4069.97,4052.38,4053.76,4885.0
2026-07-30 06:30:00,4053.72,4059.71,4050.65,4058.71,4126.0
2026-07-30 07:00:00,4058.82,4059.95,4051.01,4054.05,3494.0
2026-07-30 07:30:00,4053.94,4053.95,4044.38,4045.92,3677.0
2026-07-30 08:00:00,4046.01,4047.28,4037.49,4046.8,4212.0
2026-07-30 08:30:00,4046.54,4051.27,4028.38,4033.56,6049.0
2026-07-30 09:00:00,4033.52,4039.37,4029.31,4032.96,5647.0
2026-07-30 09:30:00,4033.07,4040.33,4030.94,4036.72,4603.0
2026-07-30 10:00:00,4036.54,4051.24,4035.49,4045.86,5516.0
2026-07-30 10:30:00,4045.84,4047.14,4036.03,4038.79,4581.0
2026-07-30 11:00:00,4038.65,4068.38,4036.71,4064.55,5664.0
2026-07-30 11:30:00,4064.42,4072.81,4059.37,4061.26,5144.0
2026-07-30 12:00:00,4061.46,4072.36,4060.21,4067.48,4602.0
2026-07-30 12:30:00,4067.81,4072.92,4060.6,4063.24,4502.0
2026-07-30 13:00:00,4063.39,4077.5,4062.84,4076.19,5007.0
2026-07-30 13:30:00,4076.27,4082.99,4075.17,4078.0,4376.0
2026-07-30 14:00:00,4077.96,4082.71,4076.5,4078.05,3986.0
2026-07-30 14:30:00,4078.4,4080.53,4075.55,4077.63,3784.0
2026-07-30 15:00:00,4077.74,4082.46,4071.61,4076.95,4697.0
2026-07-30 15:30:00,4077.04,4086.57,4067.14,4068.83,6470.0
2026-07-30 16:00:00,4068.96,4083.93,4064.95,4080.18,6646.0
2026-07-30 16:30:00,4080.13,4112.79,4074.79,4112.28,8876.0
2026-07-30 17:00:00,4112.19,4120.37,4086.88,4096.06,4925.0
2026-07-30 17:30:00,4096.09,4112.86,4094.68,4099.94,6743.0
2026-07-30 18:00:00,4099.95,4100.09,4083.02,4095.91,6794.0
2026-07-30 18:30:00,4095.92,4110.04,4092.52,4108.03,5589.0
2026-07-30 19:00:00,4107.95,4119.16,4107.58,4115.92,4996.0
2026-07-30 19:30:00,4116.01,4116.32,4106.52,4110.59,4428.0
2026-07-30 20:00:00,4110.44,4111.09,4098.4,4101.5,4328.0
2026-07-30 20:30:00,4101.48,4108.29,4099.83,4102.51,4685.0
2026-07-30 21:00:00,4102.5,4106.66,4100.69,4103.35,4014.0
2026-07-30 21:30:00,4103.43,4107.69,4098.74,4099.65,3227.0
2026-07-30 22:00:00,4099.51,4114.82,4098.71,4112.74,4079.0
2026-07-30 22:30:00,4112.77,4115.22,4109.02,4111.98,3882.0
2026-07-30 23:00:00,4112.03,4117.37,4109.97,4111.9,3395.0
2026-07-30 23:30:00,4112.19,4112.44,4099.08,4102.76,2515.0
2026-07-31 01:00:00,4107.42,4108.26,4099.38,4107.52,2300.0
2026-07-31 01:30:00,4107.4,4111.19,4106.81,4109.03,1639.0
2026-07-31 02:00:00,4109.02,4111.59,4103.83,4104.17,1740.0
2026-07-31 02:30:00,4103.99,4109.9,4102.18,4105.72,2197.0
2026-07-31 03:00:00,4105.82,4106.93,4096.04,4096.35,3697.0
2026-07-31 03:30:00,4096.25,4097.37,4090.4,4094.59,3324.0
2026-07-31 04:00:00,4094.73,4101.51,4086.5,4091.86,4816.0
2026-07-31 04:30:00,4091.87,4091.88,4081.84,4084.17,4078.0
2026-07-31 05:00:00,4084.21,4090.31,4081.41,4082.08,3125.0
2026-07-31 05:30:00,4081.94,4084.19,4074.13,4076.05,3473.0
2026-07-31 06:00:00,4075.8,4076.22,4071.78,4075.12,3468.0
2026-07-31 06:30:00,4075.16,4079.29,4074.21,4074.98,2852.0
2026-07-31 07:00:00,4074.97,4079.96,4073.3,4079.86,2472.0
2026-07-31 07:30:00,4079.9,4081.35,4074.65,4079.9,2015.0
2026-07-31 08:00:00,4079.91,4083.1,4079.39,4080.82,2006.0
2026-07-31 08:30:00,4081.08,4081.54,4073.28,4074.28,3535.0
2026-07-31 09:00:00,4074.32,4087.39,4072.71,4084.83,3876.0
2026-07-31 09:30:00,4084.86,4084.95,4076.34,4077.51,4114.0
2026-07-31 10:00:00,4077.47,4079.07,4072.01,4072.54,3654.0
2026-07-31 10:30:00,4072.53,4074.26,4067.43,4067.61,3639.0
2026-07-31 11:00:00,4067.51,4067.62,4057.88,4058.5,4263.0
2026-07-31 11:30:00,4058.49,4064.25,4054.28,4060.88,3898.0
2026-07-31 12:00:00,4060.76,4063.81,4051.21,4052.24,4411.0
2026-07-31 12:30:00,4052.04,4057.04,4049.95,4054.98,3212.0
2026-07-31 13:00:00,4054.82,4058.22,4051.92,4053.07,2913.0
2026-07-31 13:30:00,4053.11,4056.96,4052.83,4054.35,2593.0
2026-07-31 14:00:00,4054.63,4060.95,4051.98,4058.66,3420.0
2026-07-31 14:30:00,4058.59,4058.59,4050.63,4053.58,3159.0
2026-07-31 15:00:00,4053.72,4059.19,4046.97,4047.17,3840.0
2026-07-31 15:30:00,4047.36,4051.43,4040.41,4040.67,4702.0
2026-07-31 16:00:00,4040.69,4046.74,4034.59,4042.51,5979.0
2026-07-31 16:30:00,4042.4,4043.75,4021.92,4025.11,7715.0
2026-07-31 17:00:00,4024.84,4039.99,4020.92,4038.69,7241.0
2026-07-31 17:30:00,4038.87,4050.15,4036.58,4049.08,5928.0
2026-07-31 18:00:00,4049.27,4052.34,4040.04,4041.0,6088.0
2026-07-31 18:30:00,4041.09,4046.66,4036.58,4045.44,5415.0
2026-07-31 19:00:00,4045.43,4048.35,4041.23,4047.32,4572.0
2026-07-31 19:30:00,4047.37,4049.74,4041.14,4043.2,3684.0
2026-07-31 20:00:00,4043.07,4053.21,4041.46,4050.42,3443.0
2026-07-31 20:30:00,4050.35,4054.65,4047.6,4053.47,4500.0
2026-07-31 21:00:00,4053.72,4055.06,4046.98,4050.97,3838.0
2026-07-31 21:30:00,4050.77,4051.6,4047.86,4050.64,2433.0
2026-07-31 22:00:00,4050.69,4052.79,4046.84,4050.41,2475.0
2026-07-31 22:30:00,4050.22,4055.52,4048.81,4050.75,3577.0
2026-07-31 23:00:00,4050.68,4051.58,4045.09,4047.99,3067.0
2026-07-31 23:30:00,4047.85,4052.9,4044.6,4046.55,2439.0
2026-08-03 01:00:00,4069.26,4083.54,4063.84,4065.8,4749.0
2026-08-03 01:30:00,4065.82,4068.22,4063.27,4063.48,3063.0
2026-08-03 02:00:00,4063.4,4072.52,4063.09,4072.02,2698.0
2026-08-03 02:30:00,4072.08,4074.87,4067.84,4074.87,2813.0
2026-08-03 03:00:00,4074.76,4078.93,4061.21,4065.02,4840.0
2026-08-03 03:30:00,4063.82,4063.92,4055.63,4057.01,4008.0
2026-08-03 04:00:00,4057.02,4063.1,4047.3,4052.78,6065.0
2026-08-03 04:30:00,4052.75,4057.33,4047.45,4056.52,4750.0
2026-08-03 05:00:00,4056.56,4060.87,4051.98,4057.97,3688.0
2026-08-03 05:30:00,4058.06,4066.9,4052.35,4062.35,4280.0
2026-08-03 06:00:00,4062.21,4067.77,4060.84,4062.85,2903.0
2026-08-03 06:30:00,4062.65,4066.64,4059.15,4064.89,2546.0
2026-08-03 07:00:00,4064.99,4070.86,4064.17,4068.09,2317.0
2026-08-03 07:30:00,4068.1,4071.76,4063.75,4063.75,2342.0
2026-08-03 08:00:00,4063.8,4065.19,4054.04,4060.29,2913.0
2026-08-03 08:30:00,4060.06,4069.89,4055.02,4068.8,3813.0
2026-08-03 09:00:00,4068.85,4071.93,4065.4,4068.36,4297.0
2026-08-03 09:30:00,4068.41,4068.81,4060.37,4063.77,3848.0
2026-08-03 10:00:00,4063.65,4065.12,4052.03,4057.94,4474.0
2026-08-03 10:30:00,4058.08,4063.24,4056.49,4061.0,3514.0
2026-08-03 11:00:00,4061.09,4062.32,4054.18,4055.99,3698.0
2026-08-03 11:30:00,4055.9,4060.75,4054.66,4059.34,3114.0
2026-08-03 12:00:00,4059.17,4062.02,4052.01,4052.51,3151.0
2026-08-03 12:30:00,4052.5,4057.95,4046.48,4055.19,3947.0
2026-08-03 13:00:00,4055.26,4056.99,4051.88,4053.36,3406.0
2026-08-03 13:30:00,4053.35,4053.57,4046.07,4049.22,3020.0
2026-08-03 14:00:00,4049.24,4052.77,4045.38,4048.34,3339.0
2026-08-03 14:30:00,4048.32,4062.99,4047.85,4062.32,3593.0
2026-08-03 15:00:00,4062.37,4064.47,4048.53,4050.66,4092.0
2026-08-03 15:30:00,4050.82,4052.77,4042.15,4047.55,3879.0
2026-08-03 16:00:00,4047.62,4053.38,4031.34,4034.14,6326.0
2026-08-03 16:30:00,4034.09,4035.43,4018.98,4032.14,6990.0
2026-08-03 17:00:00,4032.1,4036.1,4026.57,4032.47,6081.0
2026-08-03 17:30:00,4032.35,4039.37,4031.85,4036.15,4503.0
2026-08-03 18:00:00,4036.26,4038.28,4030.27,4032.93,4706.0
2026-08-03 18:30:00,4032.72,4040.81,4030.91,4036.05,3837.0
2026-08-03 19:00:00,4035.93,4038.45,4034.56,4036.87,2913.0
2026-08-03 19:30:00,4036.88,4039.16,4035.53,4036.84,3095.0
2026-08-03 20:00:00,4037.0,4037.62,4033.18,4034.27,2926.0
2026-08-03 20:30:00,4034.24,4036.82,4030.18,4030.44,2601.0
2026-08-03 21:00:00,4030.46,4038.84,4029.6,4037.84,2832.0
2026-08-03 21:30:00,4037.8,4044.91,4036.45,4043.33,2384.0
2026-08-03 22:00:00,4043.44,4054.17,4043.44,4052.82,3094.0
2026-08-03 22:30:00,4052.96,4055.63,4051.54,4051.91,3306.0
2026-08-03 23:00:00,4052.03,4055.73,4050.13,4054.24,1683.0
2026-08-03 23:30:00,4054.25,4058.09,4053.84,4054.83,1448.0
2026-08-04 01:00:00,4044.48,4054.71,4044.48,4051.94,1355.0
2026-08-04 01:30:00,4051.87,4053.45,4051.15,4052.8,1279.0
2026-08-04 02:00:00,4052.77,4054.93,4050.1,4051.53,1779.0
2026-08-04 02:30:00,4051.68,4053.72,4050.96,4053.67,1523.0
2026-08-04 03:00:00,4053.57,4069.29,4052.9,4058.92,3597.0
2026-08-04 03:30:00,4058.95,4060.59,4048.58,4049.19,3133.0
2026-08-04 04:00:00,4048.87,4052.25,4042.54,4049.07,4130.0
2026-08-04 04:30:00,4049.35,4061.78,4048.28,4058.65,4232.0
2026-08-04 05:00:00,4058.74,4061.04,4055.41,4056.75,3335.0
2026-08-04 05:30:00,4056.73,4064.88,4055.52,4058.73,3467.0
2026-08-04 06:00:00,4058.55,4061.69,4056.31,4057.68,2890.0
2026-08-04 06:30:00,4057.79,4058.64,4052.04,4052.37,2111.0
2026-08-04 07:00:00,4052.41,4061.53,4051.06,4061.33,1954.0
2026-08-04 07:30:00,4061.34,4066.03,4060.46,4063.69,1986.0
2026-08-04 08:00:00,4063.8,4064.41,4057.14,4063.13,2202.0
2026-08-04 08:30:00,4063.17,4067.62,4058.55,4061.76,3412.0
2026-08-04 09:00:00,4061.66,4066.13,4059.38,4059.7,3202.0
2026-08-04 09:30:00,4059.79,4063.6,4055.61,4063.41,2936.0
2026-08-04 10:00:00,4063.6,4065.7,4060.71,4062.9,3130.0
2026-08-04 10:30:00,4062.84,4066.61,4061.35,4065.38,2859.0
2026-08-04 11:00:00,4065.35,4072.8,4060.22,4063.26,3714.0
2026-08-04 11:30:00,4063.03,4064.31,4054.36,4054.91,3317.0
2026-08-04 12:00:00,4054.92,4055.21,4048.43,4050.23,3194.0
2026-08-04 12:30:00,4050.22,4051.26,4046.09,4049.73,2566.0
2026-08-04 13:00:00,4049.72,4049.85,4045.47,4049.07,2218.0
2026-08-04 13:30:00,4049.19,4060.56,4046.4,4053.7,4021.0
2026-08-04 14:00:00,4053.72,4060.9,4052.26,4060.75,3378.0
2026-08-04 14:30:00,4060.84,4084.21,4059.85,4074.91,5910.0
2026-08-04 15:00:00,4075.11,4075.94,4060.86,4068.06,5000.0
2026-08-04 15:30:00,4068.21,4084.34,4068.21,4070.76,5501.0
2026-08-04 16:00:00,4070.78,4091.38,4061.16,4078.42,6142.0
2026-08-04 16:30:00,4078.31,4093.72,4075.93,4084.09,7175.0
2026-08-04 17:00:00,4084.07,4091.9,4080.55,4083.78,6007.0
2026-08-04 17:30:00,4083.74,4086.62,4074.23,4083.48,5831.0
2026-08-04 18:00:00,4083.37,4085.54,4074.69,4078.31,4763.0
2026-08-04 18:30:00,4078.2,4088.71,4076.57,4087.18,5036.0
2026-08-04 19:00:00,4087.22,4089.84,4082.99,4087.56,3979.0
2026-08-04 19:30:00,4087.55,4093.53,4084.83,4093.23,3211.0
2026-08-04 20:00:00,4093.03,4106.22,4092.35,4094.63,4673.0
2026-08-04 20:30:00,4094.53,4096.38,4085.98,4085.99,3352.0
2026-08-04 21:00:00,4085.88,4088.84,4084.24,4084.53,3442.0
2026-08-04 21:30:00,4084.51,4085.61,4075.1,4079.74,3402.0
2026-08-04 22:00:00,4079.66,4084.71,4078.69,4080.11,2945.0
2026-08-04 22:30:00,4080.02,4082.4,4076.21,4078.42,2955.0
2026-08-04 23:00:00,4078.46,4080.19,4074.59,4075.31,2588.0
2026-08-04 23:30:00,4075.25,4078.45,4075.14,4077.69,1595.0
2026-08-05 01:00:00,4085.36,4085.36,4075.69,4079.66,1590.0
2026-08-05 01:30:00,4079.67,4085.69,4075.54,4075.55,2145.0
2026-08-05 02:00:00,4075.66,4077.0,4065.4,4067.07,3049.0
2026-08-05 02:30:00,4066.89,4073.44,4065.82,4072.41,1916.0
2026-08-05 03:00:00,4072.55,4078.8,4070.35,4078.51,2959.0
2026-08-05 03:30:00,4078.54,4083.37,4077.67,4082.32,2736.0
2026-08-05 04:00:00,4082.1,4088.51,4077.52,4084.54,4613.0
2026-08-05 04:30:00,4084.43,4102.48,4080.05,4101.27,3847.0
2026-08-05 05:00:00,4101.33,4108.31,4095.39,4103.42,4113.0
2026-08-05 05:30:00,4103.66,4135.12,4101.4,4129.06,6261.0
2026-08-05 06:00:00,4129.02,4136.36,4126.9,4130.33,4194.0
2026-08-05 06:30:00,4130.1,4130.67,4127.41,4128.19,2587.0
2026-08-05 07:00:00,4128.16,4141.23,4128.16,4138.46,3074.0
2026-08-05 07:30:00,4138.69,4138.69,4132.4,4135.41,2337.0
2026-08-05 08:00:00,4135.35,4141.98,4134.65,4139.75,2746.0
2026-08-05 08:30:00,4139.82,4172.84,4139.74,4161.51,6481.0
2026-08-05 09:00:00,4161.39,4174.11,4160.07,4168.7,5021.0
2026-08-05 09:30:00,4168.64,4178.31,4166.93,4177.45,4733.0
2026-08-05 10:00:00,4177.54,4179.41,4163.12,4164.2,4787.0
2026-08-05 10:30:00,4164.21,4171.93,4162.14,4170.77,3718.0
2026-08-05 11:00:00,4170.5,4172.59,4161.97,4164.49,3829.0
2026-08-05 11:30:00,4164.48,4167.09,4158.82,4160.3,3890.0
2026-08-05 12:00:00,4160.46,4167.12,4155.08,4157.54,3754.0
2026-08-05 12:30:00,4157.56,4159.1,4152.96,4157.88,3432.0
2026-08-05 13:00:00,4157.84,4158.34,4150.05,4156.63,3021.0
2026-08-05 13:30:00,4156.64,4161.3,4153.72,4161.3,2906.0
2026-08-05 14:00:00,4161.28,4180.7,4160.69,4175.98,4072.0
2026-08-05 14:30:00,4175.96,4192.43,4174.02,4188.8,5238.0
2026-08-05 15:00:00,4188.94,4213.37,4188.81,4205.22,5929.0
2026-08-05 15:30:00,4205.12,4208.82,4183.15,4183.81,5754.0
2026-08-05 16:00:00,4183.69,4197.9,4183.58,4196.97,5890.0
2026-08-05 16:30:00,4196.91,4206.6,4189.42,4205.91,7371.0
2026-08-05 17:00:00,4206.03,4240.36,4203.47,4236.8,8124.0
2026-08-05 17:30:00,4237.03,4247.53,4228.69,4244.11,7674.0
2026-08-05 18:00:00,4244.06,4265.02,4242.78,4257.22,7076.0
2026-08-05 18:30:00,4257.35,4259.63,4232.19,4232.67,6252.0
2026-08-05 19:00:00,4232.7,4241.63,4224.61,4241.29,6084.0
2026-08-05 19:30:00,4241.34,4247.21,4238.19,4242.16,4732.0
2026-08-05 20:00:00,4242.17,4246.36,4236.75,4244.65,4995.0
2026-08-05 20:30:00,4244.51,4252.31,4240.79,4250.17,4240.0
2026-08-05 21:00:00,4250.15,4267.47,4249.23,4262.9,4371.0
2026-08-05 21:30:00,4262.74,4263.55,4254.56,4260.76,3626.0
2026-08-05 22:00:00,4260.68,4262.01,4250.42,4252.78,3704.0
2026-08-05 22:30:00,4252.93,4253.89,4246.27,4246.97,4307.0
2026-08-05 23:00:00,4246.88,4249.55,4244.7,4246.11,2406.0
2026-08-05 23:30:00,4246.08,4249.41,4242.92,4246.17,1337.0
2026-08-06 01:00:00,4246.09,4254.04,4244.43,4247.97,2182.0
2026-08-06 01:30:00,4247.82,4250.26,4247.4,4249.89,1438.0
2026-08-06 02:00:00,4250.07,4263.98,4248.99,4263.33,2246.0
2026-08-06 02:30:00,4263.36,4281.79,4260.97,4278.03,4223.0
2026-08-06 03:00:00,4278.05,4284.39,4264.45,4274.0,5745.0
2026-08-06 03:30:00,4273.85,4300.11,4273.85,4294.6,5367.0
2026-08-06 04:00:00,4294.62,4302.78,4272.88,4276.0,7336.0
2026-08-06 04:30:00,4275.97,4297.22,4275.7,4286.42,6465.0
2026-08-06 05:00:00,4286.32,4303.94,4283.33,4292.06,4682.0
2026-08-06 05:30:00,4291.91,4292.28,4274.87,4278.48,5124.0
2026-08-06 06:00:00,4278.49,4280.81,4260.76,4266.04,5072.0
2026-08-06 06:30:00,4265.89,4266.64,4260.25,4265.52,3244.0
2026-08-06 07:00:00,4265.58,4267.1,4252.88,4255.27,3151.0
2026-08-06 07:30:00,4255.31,4262.77,4255.31,4262.1,2781.0
2026-08-06 08:00:00,4261.77,4265.24,4252.98,4253.79,3511.0
2026-08-06 08:30:00,4253.42,4268.5,4247.08,4267.14,4905.0
2026-08-06 09:00:00,4267.14,4268.46,4254.45,4257.43,4458.0
2026-08-06 09:30:00,4257.45,4258.18,4249.24,4256.01,4320.0
2026-08-06 10:00:00,4255.93,4265.22,4253.21,4261.78,3688.0
2026-08-06 10:30:00,4261.79,4262.79,4252.37,4262.64,3301.0
2026-08-06 11:00:00,4262.8,4270.11,4260.2,4267.64,3863.0
2026-08-06 11:30:00,4267.69,4278.69,4266.38,4278.08,4005.0
2026-08-06 12:00:00,4278.12,4284.6,4275.95,4283.2,3978.0
2026-08-06 12:30:00,4283.16,4284.11,4271.17,4272.97,3356.0
2026-08-06 13:00:00,4272.84,4273.48,4267.15,4269.13,3315.0
2026-08-06 13:30:00,4269.23,4271.37,4264.46,4270.64,3168.0
2026-08-06 14:00:00,4270.65,4273.19,4260.19,4264.03,4112.0
2026-08-06 14:30:00,4264.12,4266.8,4254.06,4263.29,4303.0
2026-08-06 15:00:00,4263.44,4265.61,4253.11,4261.43,4551.0
2026-08-06 15:30:00,4261.66,4270.64,4248.95,4250.09,5298.0
2026-08-06 16:00:00,4250.01,4255.63,4230.59,4247.5,6585.0
2026-08-06 16:30:00,4247.53,4274.04,4245.8,4267.02,7281.0
2026-08-06 17:00:00,4267.08,4275.22,4260.02,4265.34,6591.0
2026-08-06 17:30:00,4265.49,4274.78,4262.73,4272.87,5901.0
2026-08-06 18:00:00,4272.99,4274.13,4250.54,4254.68,6142.0
2026-08-06 18:30:00,4254.73,4255.39,4229.51,4233.49,5923.0
2026-08-06 19:00:00,4233.54,4242.9,4223.33,4230.03,6717.0
2026-08-06 19:30:00,4230.01,4242.42,4230.01,4241.33,4975.0
2026-08-06 20:00:00,4241.4,4244.44,4238.37,4241.63,4066.0
2026-08-06 20:30:00,4241.59,4248.0,4238.46,4247.1,3515.0
2026-08-06 21:00:00,4247.27,4249.55,4244.03,4246.62,3102.0
2026-08-06 21:30:00,4246.63,4247.66,4240.58,4243.33,2533.0
2026-08-06 22:00:00,4243.38,4251.16,4235.1,4237.29,3655.0
2026-08-06 22:30:00,4237.15,4250.54,4232.91,4248.83,4285.0
2026-08-06 23:00:00,4248.78,4250.04,4239.86,4241.83,2277.0
2026-08-06 23:30:00,4241.68,4242.38,4234.63,4240.03,1772.0
2026-08-07 01:00:00,4236.5,4243.33,4235.75,4242.25,1449.0
2026-08-07 01:30:00,4242.24,4243.28,4238.76,4240.66,1341.0
2026-08-07 02:00:00,4240.4,4246.02,4240.13,4245.11,1387.0
2026-08-07 02:30:00,4245.13,4253.13,4244.67,4252.24,2106.0
2026-08-07 03:00:00,4251.98,4252.68,4239.09,4243.73,3689.0
2026-08-07 03:30:00,4243.92,4243.92,4229.56,4232.76,4379.0
2026-08-07 04:00:00,4232.53,4250.1,4231.32,4243.27,5633.0
2026-08-07 04:30:00,4243.26,4259.18,4239.04,4256.6,5535.0
2026-08-07 05:00:00,4256.56,4261.53,4255.94,4260.73,3509.0
2026-08-07 05:30:00,4260.86,4261.49,4247.0,4250.17,4228.0
2026-08-07 06:00:00,4250.08,4259.26,4249.52,4258.6,3812.0
2026-08-07 06:30:00,4258.56,4266.12,4257.56,4265.96,2316.0
2026-08-07 07:00:00,4266.03,4268.99,4261.78,4264.89,3375.0
2026-08-07 07:30:00,4264.97,4268.37,4260.58,4264.84,2534.0
2026-08-07 08:00:00,4264.85,4271.11,4261.85,4266.49,3418.0
2026-08-07 08:30:00,4266.51,4280.42,4265.84,4278.53,4877.0
2026-08-07 09:00:00,4278.54,4291.13,4278.36,4283.25,4339.0
2026-08-07 09:30:00,4283.22,4298.57,4280.01,4297.04,4984.0
2026-08-07 10:00:00,4297.01,4297.65,4284.65,4285.33,4122.0
2026-08-07 10:30:00,4285.18,4290.98,4282.78,4289.96,3670.0
2026-08-07 11:00:00,4290.05,4300.56,4288.98,4294.67,4222.0
2026-08-07 11:30:00,4294.78,4316.53,4294.04,4305.92,4804.0
2026-08-07 12:00:00,4306.01,4310.76,4304.45,4306.53,3731.0
2026-08-07 12:30:00,4306.55,4320.0,4302.14,4315.98,4672.0
2026-08-07 13:00:00,4315.95,4319.21,4307.91,4313.59,3865.0
2026-08-07 13:30:00,4313.66,4320.56,4313.0,4316.75,3583.0
2026-08-07 14:00:00,4316.76,4327.14,4316.72,4324.97,4736.0
2026-08-07 14:30:00,4325.04,4327.53,4320.75,4321.1,4220.0
2026-08-07 15:00:00,4320.9,4325.18,4301.66,4307.36,5174.0
2026-08-07 15:30:00,4308.03,4371.6,4308.03,4361.13,8825.0
2026-08-07 16:00:00,4361.23,4363.56,4338.9,4356.36,7337.0
2026-08-07 16:30:00,4356.3,4367.9,4342.39,4347.99,7843.0
2026-08-07 17:00:00,4348.09,4352.76,4327.41,4348.79,8096.0
2026-08-07 17:30:00,4348.95,4350.5,4340.28,4341.35,6834.0
2026-08-07 18:00:00,4341.41,4358.16,4340.2,4351.17,6227.0
2026-08-07 18:30:00,4351.14,4353.8,4339.67,4340.79,5624.0
2026-08-07 19:00:00,4341.02,4349.37,4334.27,4337.38,5769.0
2026-08-07 19:30:00,4337.2,4342.0,4329.01,4329.01,5668.0
2026-08-07 20:00:00,4329.0,4342.02,4327.6,4339.49,5012.0
2026-08-07 20:30:00,4339.46,4342.94,4329.76,4340.11,4615.0
2026-08-07 21:00:00,4340.12,4342.82,4332.01,4334.27,3959.0
2026-08-07 21:30:00,4334.36,4338.83,4333.04,4335.29,3165.0
2026-08-07 22:00:00,4335.19,4350.21,4335.19,4348.52,4863.0
2026-08-07 22:30:00,4348.47,4349.34,4340.03,4343.88,4592.0
2026-08-07 23:00:00,4343.62,4345.13,4337.07,4337.66,2275.0
2026-08-07 23:30:00,4337.61,4342.1,4335.84,4341.22,1520.0
2026-08-10 01:00:00,4339.73,4352.24,4332.81,4343.61,3705.0
2026-08-10 01:30:00,4343.65,4345.09,4340.03,4341.5,1771.0
2026-08-10 02:00:00,4341.53,4348.91,4341.19,4346.32,1886.0
2026-08-10 02:30:00,4346.17,4347.32,4332.06,4332.81,2641.0
2026-08-10 03:00:00,4332.6,4346.98,4332.57,4337.48,4792.0
2026-08-10 03:30:00,4337.49,4339.19,4330.69,4332.06,4109.0
2026-08-10 04:00:00,4332.12,4340.7,4316.48,4316.48,6228.0
2026-08-10 04:30:00,4316.46,4323.97,4313.34,4322.46,5379.0
2026-08-10 05:00:00,4322.51,4332.1,4318.81,4330.76,4015.0
2026-08-10 05:30:00,4330.71,4332.33,4318.69,4319.56,4163.0
2026-08-10 06:00:00,4319.51,4328.08,4317.39,4327.13,3493.0
2026-08-10 06:30:00,4327.08,4329.76,4324.24,4326.53,2275.0
2026-08-10 07:00:00,4326.58,4337.41,4322.97,4334.58,2836.0
2026-08-10 07:30:00,4334.52,4339.47,4329.75,4339.44,2643.0
2026-08-10 08:00:00,4339.32,4339.7,4332.78,4333.77,2225.0
2026-08-10 08:30:00,4333.72,4352.0,4331.57,4347.18,4919.0
2026-08-10 09:00:00,4347.23,4349.98,4341.76,4348.16,4116.0
2026-08-10 09:30:00,4347.99,4359.6,4345.85,4357.96,3807.0
2026-08-10 10:00:00,4358.18,4358.79,4350.01,4355.01,3877.0
2026-08-10 10:30:00,4355.02,4361.84,4352.49,4355.35,3502.0
2026-08-10 11:00:00,4355.36,4356.21,4351.51,4355.55,2938.0
2026-08-10 11:30:00,4355.47,4356.55,4343.75,4346.48,3457.0
2026-08-10 12:00:00,4346.6,4349.89,4344.9,4346.89,2962.0
2026-08-10 12:30:00,4346.69,4346.76,4340.73,4341.05,2915.0
2026-08-10 13:00:00,4340.93,4343.99,4339.07,4343.5,2730.0
2026-08-10 13:30:00,4343.43,4344.0,4335.34,4335.64,2976.0
2026-08-10 14:00:00,4335.88,4336.49,4328.84,4335.05,3479.0
2026-08-10 14:30:00,4334.5,4339.25,4331.9,4334.86,3135.0
2026-08-10 15:00:00,4334.73,4337.24,4324.07,4327.56,4022.0
2026-08-10 15:30:00,4327.52,4335.58,4326.19,4332.41,3967.0
2026-08-10 16:00:00,4332.2,4337.77,4325.89,4334.92,4972.0
2026-08-10 16:30:00,4335.09,4339.81,4316.6,4317.94,7065.0
2026-08-10 17:00:00,4317.82,4347.91,4317.82,4345.4,6338.0
2026-08-10 17:30:00,4345.38,4351.9,4342.48,4345.33,5963.0
2026-08-10 18:00:00,4345.34,4352.36,4343.26,4348.81,5516.0
2026-08-10 18:30:00,4348.89,4359.4,4347.8,4358.31,5034.0
2026-08-10 19:00:00,4358.32,4364.64,4356.67,4362.53,4980.0
2026-08-10 19:30:00,4362.63,4362.91,4350.08,4356.68,4941.0
2026-08-10 20:00:00,4356.8,4361.21,4351.69,4361.09,4096.0
2026-08-10 20:30:00,4361.06,4365.32,4357.6,4360.11,3974.0
2026-08-10 21:00:00,4360.09,4367.08,4359.79,4365.74,4007.0
2026-08-10 21:30:00,4365.84,4382.98,4365.08,4378.39,5082.0
2026-08-10 22:00:00,4378.32,4391.42,4378.32,4390.59,4587.0
2026-08-10 22:30:00,4390.55,4395.06,4384.23,4388.21,5262.0
2026-08-10 23:00:00,4388.22,4391.87,4385.72,4390.89,2116.0
2026-08-10 23:30:00,4390.92,4391.91,4388.55,4389.11,1368.0
2026-08-11 01:00:00,4385.16,4393.28,4385.16,4391.89,1914.0
2026-08-11 01:30:00,4391.91,4400.47,4391.83,4399.65,1824.0
2026-08-11 02:00:00,4399.53,4401.83,4394.53,4395.21,2122.0
2026-08-11 02:30:00,4395.22,4402.51,4395.14,4402.29,2396.0
2026-08-11 03:00:00,4402.44,4415.94,4396.4,4413.94,4319.0
2026-08-11 03:30:00,4413.99,4419.09,4407.39,4409.24,3877.0
2026-08-11 04:00:00,4409.4,4419.97,4393.62,4419.23,6588.0
2026-08-11 04:30:00,4419.25,4433.89,4414.41,4429.7,5260.0
2026-08-11 05:00:00,4429.62,4434.97,4421.52,4428.37,4284.0
2026-08-11 05:30:00,4428.04,4429.07,4407.97,4410.83,5121.0
2026-08-11 06:00:00,4410.8,4420.61,4409.76,4420.26,3652.0
2026-08-11 06:30:00,4420.19,4421.42,4414.09,4416.72,2354.0
2026-08-11 07:00:00,4416.74,4419.49,4409.88,4415.11,2593.0
2026-08-11 07:30:00,4415.12,4420.3,4403.33,4408.78,3754.0
2026-08-11 08:00:00,4408.73,4408.94,4390.65,4392.28,3283.0
2026-08-11 08:30:00,4392.33,4392.33,4367.29,4375.17,6659.0
2026-08-11 09:00:00,4375.21,4382.56,4362.16,4363.42,5699.0
2026-08-11 09:30:00,4363.35,4369.23,4359.85,4366.19,5260.0
2026-08-11 10:00:00,4366.17,4367.59,4357.6,4362.89,4312.0
2026-08-11 10:30:00,4363.03,4364.75,4356.65,4357.61,3865.0
2026-08-11 11:00:00,4357.52,4369.57,4356.91,4369.06,4128.0
2026-08-11 11:30:00,4368.9,4376.61,4368.69,4369.0,3686.0
2026-08-11 12:00:00,4369.05,4375.4,4367.44,4371.82,3587.0
2026-08-11 12:30:00,4371.65,4374.82,4370.19,4372.32,3200.0
2026-08-11 13:00:00,4372.4,4381.74,4371.1,4378.21,3615.0
2026-08-11 13:30:00,4378.17,4382.35,4376.85,4382.24,3456.0
2026-08-11 14:00:00,4382.22,4392.83,4380.31,4387.18,5425.0
2026-08-11 14:30:00,4387.33,4389.8,4382.95,4387.63,3889.0
2026-08-11 15:00:00,4387.64,4399.59,4383.85,4391.1,5346.0
2026-08-11 15:30:00,4391.22,4400.04,4388.66,4392.34,4478.0
2026-08-11 16:00:00,4392.47,4400.88,4389.44,4397.87,5769.0
2026-08-11 16:30:00,4398.05,4404.07,4384.41,4389.21,7211.0
2026-08-11 17:00:00,4389.09,4390.08,4381.29,4383.75,6723.0
2026-08-11 17:30:00,4383.85,4397.8,4383.84,4394.01,5659.0
2026-08-11 18:00:00,4394.14,4398.68,4381.85,4386.59,5681.0
2026-08-11 18:30:00,4386.43,4386.83,4369.0,4383.57,5998.0
2026-08-11 19:00:00,4383.64,4384.68,4378.34,4382.85,4394.0
2026-08-11 19:30:00,4382.76,4385.64,4379.17,4383.28,3690.0
2026-08-11 20:00:00,4383.37,4385.51,4378.83,4381.31,4052.0
2026-08-11 20:30:00,4381.45,4381.85,4368.89,4369.03,3676.0
2026-08-11 21:00:00,4369.02,4369.02,4360.19,4361.19,4886.0
2026-08-11 21:30:00,4361.22,4372.59,4361.06,4371.45,3559.0
2026-08-11 22:00:00,4371.5,4372.08,4361.16,4370.29,3769.0
2026-08-11 22:30:00,4370.49,4374.1,4366.23,4370.73,3938.0
2026-08-11 23:00:00,4370.82,4370.97,4367.53,4370.18,1671.0
2026-08-11 23:30:00,4370.22,4370.38,4367.03,4367.84,1105.0
2026-08-12 01:00:00,4371.63,4377.01,4370.66,4376.52,2332.0
2026-08-12 01:30:00,4376.57,4378.31,4367.18,4368.94,2872.0
2026-08-12 02:00:00,4368.95,4374.45,4362.43,4372.69,3437.0
2026-08-12 02:30:00,4372.68,4372.74,4366.57,4371.41,1818.0
2026-08-12 03:00:00,4371.29,4381.02,4366.36,4380.64,3992.0
2026-08-12 03:30:00,4380.63,4383.55,4377.52,4380.41,3168.0
2026-08-12 04:00:00,4380.52,4393.86,4378.22,4390.39,4974.0
2026-08-12 04:30:00,4390.45,4397.32,4385.21,4396.35,4351.0
2026-08-12 05:00:00,4396.42,4404.69,4394.16,4402.09,3620.0
2026-08-12 05:30:00,4402.14,4414.45,4397.52,4411.16,4606.0
2026-08-12 06:00:00,4411.24,4415.88,4404.28,4407.15,4088.0
2026-08-12 06:30:00,4407.14,4408.54,4400.7,4402.13,2687.0
2026-08-12 07:00:00,4402.08,4403.05,4395.27,4398.91,2365.0
2026-08-12 07:30:00,4398.9,4402.16,4395.29,4400.88,2323.0
2026-08-12 08:00:00,4400.8,4404.73,4392.49,4392.49,2674.0
2026-08-12 08:30:00,4392.23,4396.9,4383.77,4391.05,4496.0
2026-08-12 09:00:00,4390.99,4392.99,4385.11,4389.65,3897.0
2026-08-12 09:30:00,4389.61,4406.22,4388.31,4403.33,4401.0
2026-08-12 10:00:00,4403.54,4405.99,4398.08,4402.27,3175.0
2026-08-12 10:30:00,4402.28,4409.89,4401.3,4406.11,2779.0
2026-08-12 11:00:00,4406.1,4410.34,4405.47,4406.9,2817.0
2026-08-12 11:30:00,4406.91,4407.35,4401.62,4401.7,2415.0
2026-08-12 12:00:00,4401.76,4424.05,4401.76,4413.15,4014.0
2026-08-12 12:30:00,4413.13,4416.94,4410.7,4415.67,3812.0
2026-08-12 13:00:00,4415.72,4420.78,4414.47,4419.46,3089.0
2026-08-12 13:30:00,4419.47,4419.6,4407.43,4412.57,3407.0
2026-08-12 14:00:00,4412.7,4416.65,4407.78,4414.96,3143.0
2026-08-12 14:30:00,4414.93,4415.76,4410.1,4412.7,2637.0
2026-08-12 15:00:00,4412.58,4427.63,4404.61,4427.63,4470.0
2026-08-12 15:30:00,4427.24,4438.05,4382.09,4437.09,8425.0
2026-08-12 16:00:00,4437.43,4441.19,4414.38,4418.47,7230.0
2026-08-12 16:30:00,4418.37,4433.92,4408.44,4427.54,7887.0
2026-08-12 17:00:00,4427.66,4439.56,4421.06,4431.44,6440.0
2026-08-12 17:30:00,4431.46,4435.81,4416.26,4421.88,7267.0
2026-08-12 18:00:00,4421.99,4429.91,4414.86,4421.34,6163.0
2026-08-12 18:30:00,4421.45,4425.21,4410.98,4420.87,5207.0
2026-08-12 19:00:00,4420.86,4426.36,4416.64,4423.09,4808.0
2026-08-12 19:30:00,4423.08,4423.76,4396.64,4401.56,5597.0
2026-08-12 20:00:00,4401.54,4409.72,4399.93,4406.33,4994.0
2026-08-12 20:30:00,4406.43,4411.37,4398.94,4399.27,4037.0
2026-08-12 21:00:00,4399.13,4411.0,4396.18,4408.38,3693.0
2026-08-12 21:30:00,4408.39,4417.76,4407.86,4412.91,3405.0
2026-08-12 22:00:00,4412.96,4418.21,4412.77,4416.53,3057.0
2026-08-12 22:30:00,4416.58,4416.58,4408.18,4413.7,3926.0
2026-08-12 23:00:00,4413.82,4414.06,4406.54,4407.69,1785.0
2026-08-12 23:30:00,4407.72,4408.81,4406.56,4408.73,1273.0
2026-08-13 01:00:00,4407.3,4411.32,4398.18,4399.25,1733.0
2026-08-13 01:30:00,4399.14,4402.86,4398.67,4401.62,1308.0
2026-08-13 02:00:00,4401.88,4409.66,4401.59,4408.2,1434.0
2026-08-13 02:30:00,4408.21,4414.37,4407.24,4414.27,1470.0
2026-08-13 03:00:00,4414.26,4437.49,4412.8,4428.25,4542.0
2026-08-13 03:30:00,4428.26,4449.68,4423.95,4427.18,5187.0
2026-08-13 04:00:00,4427.67,4435.13,4418.95,4419.25,5975.0
2026-08-13 04:30:00,4419.16,4430.04,4406.12,4408.34,5555.0
2026-08-13 05:00:00,4408.21,4413.93,4405.39,4406.42,4112.0
2026-08-13 05:30:00,4406.19,4410.58,4398.9,4406.98,4652.0
2026-08-13 06:00:00,4407.05,4412.14,4404.07,4409.09,3973.0
2026-08-13 06:30:00,4409.22,4410.37,4398.56,4400.14,2640.0
2026-08-13 07:00:00,4400.1,4400.24,4391.6,4398.11,3479.0
2026-08-13 07:30:00,4398.17,4399.43,4395.03,4397.67,2756.0
2026-08-13 08:00:00,4397.65,4407.15,4393.06,4406.3,3814.0
2026-08-13 08:30:00,4406.54,4407.09,4380.48,4382.86,5700.0
2026-08-13 09:00:00,4382.76,4385.44,4374.11,4375.91,5136.0
2026-08-13 09:30:00,4375.75,4381.52,4368.97,4380.82,4916.0
2026-08-13 10:00:00,4380.76,4381.51,4373.66,4376.31,4217.0
2026-08-13 10:30:00,4376.09,4378.62,4369.16,4369.83,4044.0
2026-08-13 11:00:00,4369.71,4373.37,4363.91,4372.71,4516.0
2026-08-13 11:30:00,4372.61,4379.23,4371.78,4375.75,3276.0
2026-08-13 12:00:00,4375.74,4382.2,4372.4,4379.79,3511.0
2026-08-13 12:30:00,4379.84,4384.72,4378.39,4384.44,2763.0
2026-08-13 13:00:00,4384.59,4387.46,4381.28,4387.01,2715.0
2026-08-13 13:30:00,4386.98,4393.68,4384.5,4392.06,2412.0
2026-08-13 14:00:00,4392.07,4396.49,4388.02,4388.02,2925.0
2026-08-13 14:30:00,4387.96,4389.7,4382.74,4387.52,3307.0
2026-08-13 15:00:00,4387.61,4392.85,4384.02,4390.88,4262.0
2026-08-13 15:30:00,4390.97,4401.8,4380.64,4401.74,5833.0
2026-08-13 16:00:00,4401.63,4401.78,4383.95,4385.02,6015.0
2026-08-13 16:30:00,4385.07,4389.68,4370.65,4372.79,7163.0
2026-08-13 17:00:00,4372.65,4378.73,4366.58,4367.58,7400.0
2026-08-13 17:30:00,4367.57,4386.99,4356.97,4383.53,6318.0
2026-08-13 18:00:00,4383.57,4385.56,4363.43,4365.07,6006.0
2026-08-13 18:30:00,4365.09,4371.41,4357.52,4365.02,5392.0
2026-08-13 19:00:00,4365.06,4367.29,4351.24,4362.52,5365.0
2026-08-13 19:30:00,4362.48,4368.26,4362.48,4366.95,4100.0
2026-08-13 20:00:00,4367.07,4373.22,4362.35,4362.93,4364.0
2026-08-13 20:30:00,4362.98,4364.24,4355.54,4355.85,4163.0
2026-08-13 21:00:00,4355.88,4363.47,4354.63,4357.44,4156.0
2026-08-13 21:30:00,4357.33,4360.27,4354.55,4356.87,3481.0
2026-08-13 22:00:00,4356.98,4358.76,4343.74,4351.56,4132.0
2026-08-13 22:30:00,4351.57,4353.99,4347.6,4350.0,3696.0
2026-08-13 23:00:00,4349.89,4352.1,4346.87,4351.59,2025.0
2026-08-13 23:30:00,4351.61,4351.76,4347.96,4350.31,1406.0
2026-08-14 01:00:00,4348.46,4357.64,4348.46,4357.02,2095.0
2026-08-14 01:30:00,4357.0,4362.62,4353.26,4354.72,2901.0
2026-08-14 02:00:00,4354.9,4362.93,4349.14,4362.93,2944.0
2026-08-14 02:30:00,4363.08,4363.96,4356.31,4356.31,2562.0
2026-08-14 03:00:00,4356.57,4361.92,4339.32,4339.38,4285.0
2026-08-14 03:30:00,4339.34,4346.85,4329.45,4340.87,4970.0
2026-08-14 04:00:00,4340.75,4341.37,4314.9,4319.46,6466.0
2026-08-14 04:30:00,4319.53,4323.16,4312.35,4318.02,5223.0
2026-08-14 05:00:00,4318.16,4322.65,4310.77,4312.94,4470.0
2026-08-14 05:30:00,4312.84,4322.54,4311.53,4315.36,4842.0
2026-08-14 06:00:00,4315.66,4326.07,4313.62,4325.65,3590.0
2026-08-14 06:30:00,4325.66,4328.05,4323.43,4323.47,1876.0
2026-08-14 07:00:00,4323.53,4327.89,4322.67,4325.02,2155.0
2026-08-14 07:30:00,4325.06,4326.81,4323.35,4326.81,2057.0
2026-08-14 08:00:00,4326.83,4326.98,4317.07,4318.31,2842.0
2026-08-14 08:30:00,4318.18,4333.49,4310.9,4333.49,4836.0
2026-08-14 09:00:00,4333.48,4336.5,4328.34,4329.21,4241.0
2026-08-14 09:30:00,4329.1,4335.79,4327.87,4335.58,3558.0
2026-08-14 10:00:00,4335.54,4337.11,4329.57,4331.87,3308.0
2026-08-14 10:30:00,4331.97,4345.12,4331.62,4343.6,3345.0
2026-08-14 11:00:00,4343.43,4349.08,4341.87,4345.65,3823.0
2026-08-14 11:30:00,4345.61,4349.65,4342.73,4348.57,2699.0
2026-08-14 12:00:00,4348.49,4354.11,4345.97,4351.7,2929.0
2026-08-14 12:30:00,4351.69,4357.31,4349.95,4357.0,3034.0
2026-08-14 13:00:00,4357.04,4358.55,4350.18,4351.24,2802.0
2026-08-14 13:30:00,4351.36,4353.44,4348.17,4349.27,2385.0
2026-08-14 14:00:00,4349.4,4357.0,4348.44,4356.66,2661.0
2026-08-14 14:30:00,4356.68,4369.28,4356.42,4369.12,3625.0
2026-08-14 15:00:00,4368.99,4380.52,4365.87,4379.83,4815.0
2026-08-14 15:30:00,4380.04,4386.77,4370.87,4373.62,5339.0
2026-08-14 16:00:00,4373.57,4386.36,4370.26,4384.3,5494.0
2026-08-14 16:30:00,4384.32,4396.89,4382.72,4384.39,6543.0
2026-08-14 17:00:00,4384.68,4394.44,4384.16,4390.62,6068.0
2026-08-14 17:30:00,4390.6,4391.42,4378.78,4381.31,5133.0
2026-08-14 18:00:00,4381.54,4393.97,4378.98,4384.75,5640.0
2026-08-14 18:30:00,4384.79,4394.68,4383.84,4391.47,4551.0
2026-08-14 19:00:00,4391.49,4396.63,4386.81,4387.44,3801.0
2026-08-14 19:30:00,4387.52,4388.9,4380.2,4385.8,3376.0
2026-08-14 20:00:00,4385.88,4386.31,4379.16,4379.44,3208.0
2026-08-14 20:30:00,4379.34,4382.61,4376.13,4378.29,3038.0
2026-08-14 21:00:00,4378.34,4381.57,4376.37,4379.27,2863.0
2026-08-14 21:30:00,4379.26,4382.62,4370.84,4373.4,2544.0
2026-08-14 22:00:00,4373.28,4377.78,4372.08,4377.21,2108.0
2026-08-14 22:30:00,4377.25,4379.83,4373.49,4376.09,3135.0
2026-08-14 23:00:00,4375.91,4375.98,4371.36,4374.61,1659.0
2026-08-14 23:30:00,4374.52,4376.8,4373.49,4375.92,913.0
2026-08-17 01:00:00,4381.88,4384.34,4368.46,4374.39,2948.0
2026-08-17 01:30:00,4374.57,4386.73,4374.57,4385.81,2077.0
2026-08-17 02:00:00,4385.92,4386.13,4372.54,4374.62,2354.0
2026-08-17 02:30:00,4374.82,4375.05,4366.99,4370.2,2837.0
2026-08-17 03:00:00,4370.36,4390.79,4367.98,4389.8,4298.0
2026-08-17 03:30:00,4389.75,4402.1,4387.47,4400.72,3928.0
2026-08-17 04:00:00,4400.66,4416.33,4399.06,4406.97,5990.0
2026-08-17 04:30:00,4407.11,4407.94,4392.01,4395.63,5089.0
2026-08-17 05:00:00,4395.57,4398.1,4389.87,4395.32,3789.0
2026-08-17 05:30:00,4395.42,4398.0,4388.35,4393.13,4286.0
2026-08-17 06:00:00,4393.17,4394.88,4388.02,4392.88,3304.0
2026-08-17 06:30:00,4392.91,4397.58,4391.09,4397.0,2674.0
2026-08-17 07:00:00,4397.1,4399.46,4390.18,4390.9,2708.0
2026-08-17 07:30:00,4390.87,4397.81,4388.82,4390.69,2531.0
2026-08-17 08:00:00,4390.62,4399.31,4386.86,4399.31,2955.0
2026-08-17 08:30:00,4399.33,4401.17,4392.15,4394.67,4335.0
2026-08-17 09:00:00,4394.65,4399.95,4392.6,4398.35,4178.0
2026-08-17 09:30:00,4398.36,4404.4,4393.57,4403.0,4132.0
2026-08-17 10:00:00,4402.93,4405.03,4396.0,4404.76,3948.0
2026-08-17 10:30:00,4404.87,4411.35,4403.5,4405.17,3740.0
2026-08-17 11:00:00,4404.96,4404.96,4397.5,4401.76,3485.0
2026-08-17 11:30:00,4401.88,4402.05,4392.45,4394.94,2850.0
2026-08-17 12:00:00,4395.13,4400.51,4393.23,4396.76,2799.0
2026-08-17 12:30:00,4396.89,4397.39,4392.46,4395.42,2961.0
2026-08-17 13:00:00,4395.5,4405.51,4391.82,4405.34,2722.0
2026-08-17 13:30:00,4405.01,4405.72,4395.32,4398.87,3486.0
2026-08-17 14:00:00,4399.05,4404.62,4396.97,4403.38,3115.0
2026-08-17 14:30:00,4403.66,4404.87,4395.25,4396.62,2956.0
2026-08-17 15:00:00,4396.6,4398.68,4382.66,4385.69,4147.0
2026-08-17 15:30:00,4385.67,4390.14,4377.2,4384.81,5067.0
2026-08-17 16:00:00,4384.94,4389.38,4381.72,4386.17,5103.0
2026-08-17 16:30:00,4386.39,4416.14,4384.47,4408.69,6794.0
2026-08-17 17:00:00,4408.7,4427.51,4403.73,4418.14,6801.0
2026-08-17 17:30:00,4418.15,4424.58,4413.91,4417.12,5744.0
2026-08-17 18:00:00,4417.19,4425.9,4415.01,4425.41,5340.0
2026-08-17 18:30:00,4425.49,4427.69,4417.55,4427.41,4745.0
2026-08-17 19:00:00,4427.4,4428.73,4422.78,4424.68,4099.0
2026-08-17 19:30:00,4424.81,4426.87,4422.47,4424.08,3417.0
2026-08-17 20:00:00,4424.07,4425.96,4413.23,4416.49,4397.0
2026-08-17 20:30:00,4416.4,4420.39,4411.04,4413.54,4272.0
2026-08-17 21:00:00,4413.56,4416.16,4404.68,4406.06,4336.0
2026-08-17 21:30:00,4406.16,4407.37,4398.06,4406.55,3575.0
2026-08-17 22:00:00,4406.42,4417.36,4400.17,4414.37,3627.0
2026-08-17 22:30:00,4414.38,4420.86,4414.06,4419.69,3532.0
2026-08-17 23:00:00,4419.8,4421.25,4414.79,4415.01,1406.0
2026-08-17 23:30:00,4414.92,4416.6,4414.45,4416.3,1014.0
2026-08-18 01:00:00,4419.17,4419.34,4411.85,4412.35,1762.0
2026-08-18 01:30:00,4412.26,4416.18,4410.42,4411.68,1533.0
2026-08-18 02:00:00,4411.84,4421.73,4409.68,4420.17,1832.0
2026-08-18 02:30:00,4419.99,4425.93,4419.87,4425.83,2295.0
2026-08-18 03:00:00,4426.07,4431.42,4418.89,4431.27,4373.0
2026-08-18 03:30:00,4430.94,4434.87,4428.15,4434.58,3473.0
2026-08-18 04:00:00,4434.4,4436.0,4420.01,4424.8,5663.0
2026-08-18 04:30:00,4424.86,4426.04,4404.18,4407.91,5227.0
2026-08-18 05:00:00,4407.95,4408.28,4398.17,4402.23,4260.0
2026-08-18 05:30:00,4402.24,4402.7,4394.13,4399.82,4357.0
2026-08-18 06:00:00,4399.7,4404.03,4394.26,4397.07,4068.0
2026-08-18 06:30:00,4397.08,4397.08,4390.5,4391.77,3108.0
2026-08-18 07:00:00,4391.81,4393.51,4389.65,4392.3,2859.0
2026-08-18 07:30:00,4392.31,4395.34,4388.93,4393.5,2758.0
2026-08-18 08:00:00,4393.37,4395.97,4390.81,4391.33,2713.0
2026-08-18 08:30:00,4391.31,4397.52,4385.95,4394.29,4243.0
2026-08-18 09:00:00,4394.26,4399.73,4387.54,4399.36,4261.0
2026-08-18 09:30:00,4399.33,4400.03,4395.07,4398.75,2951.0
2026-08-18 10:00:00,4398.62,4403.22,4396.74,4402.99,3256.0
2026-08-18 10:30:00,4403.0,4403.56,4395.35,4395.6,3294.0
2026-08-18 11:00:00,4395.85,4396.11,4386.78,4389.23,3959.0
2026-08-18 11:30:00,4389.24,4398.46,4389.02,4393.21,3402.0
2026-08-18 12:00:00,4393.09,4393.75,4388.56,4389.27,3131.0
2026-08-18 12:30:00,4389.28,4394.84,4386.88,4393.19,3246.0
2026-08-18 13:00:00,4393.22,4396.02,4389.67,4391.92,2561.0
2026-08-18 13:30:00,4391.96,4399.45,4391.6,4397.52,2314.0
2026-08-18 14:00:00,4397.53,4398.62,4389.63,4389.99,2828.0
2026-08-18 14:30:00,4390.0,4396.68,4388.47,4395.87,2937.0
2026-08-18 15:00:00,4395.86,4400.62,4389.52,4395.13,4040.0
2026-08-18 15:30:00,4395.22,4397.97,4390.65,4394.08,3879.0
2026-08-18 16:00:00,4394.06,4397.25,4388.07,4388.7,5375.0
2026-08-18 16:30:00,4388.69,4406.41,4376.26,4394.47,7833.0
2026-08-18 17:00:00,4394.48,4406.41,4391.09,4394.07,6839.0
2026-08-18 17:30:00,4394.12,4396.13,4363.56,4366.4,7306.0
2026-08-18 18:00:00,4366.43,4377.34,4351.53,4354.84,7816.0
2026-08-18 18:30:00,4354.6,4366.42,4354.49,4364.66,6312.0
2026-08-18 19:00:00,4364.7,4371.49,4363.42,4364.03,4723.0
2026-08-18 19:30:00,4364.13,4368.67,4362.94,4363.8,4329.0
2026-08-18 20:00:00,4363.69,4368.25,4363.04,4365.29,4421.0
2026-08-18 20:30:00,4365.13,4366.01,4356.63,4357.62,4011.0
2026-08-18 21:00:00,4357.7,4360.84,4352.62,4360.1,3926.0
2026-08-18 21:30:00,4360.22,4360.45,4352.75,4354.13,3256.0
2026-08-18 22:00:00,4354.14,4358.59,4352.35,4354.65,3262.0
2026-08-18 22:30:00,4354.69,4357.55,4338.33,4345.51,4788.0
2026-08-18 23:00:00,4345.53,4346.41,4333.44,4337.77,2672.0
2026-08-18 23:30:00,4337.81,4339.44,4329.05,4334.65,2265.0
2026-08-19 01:00:00,4339.4,4343.72,4333.83,4336.23,2938.0
2026-08-19 01:30:00,4336.24,4336.51,4332.87,4333.72,2141.0
2026-08-19 02:00:00,4333.94,4338.27,4329.88,4330.36,2975.0
2026-08-19 02:30:00,4330.33,4334.2,4327.1,4332.99,3119.0
2026-08-19 03:00:00,4332.94,4346.14,4331.48,4342.82,4838.0
2026-08-19 03:30:00,4342.8,4347.19,4337.08,4338.04,4393.0
2026-08-19 04:00:00,4337.93,4346.1,4324.54,4342.27,6686.0
2026-08-19 04:30:00,4342.31,4357.47,4342.31,4356.4,5052.0
2026-08-19 05:00:00,4356.58,4361.93,4351.59,4359.58,4073.0
2026-08-19 05:30:00,4359.85,4360.1,4351.4,4354.75,4527.0
2026-08-19 06:00:00,4354.74,4357.72,4351.75,4356.97,3552.0
2026-08-19 06:30:00,4357.05,4360.24,4354.67,4354.83,2094.0
2026-08-19 07:00:00,4354.99,4356.07,4350.03,4351.04,2114.0
2026-08-19 07:30:00,4351.18,4351.92,4343.83,4348.34,2387.0
2026-08-19 08:00:00,4348.35,4350.53,4336.56,4345.09,3091.0
2026-08-19 08:30:00,4345.24,4345.24,4334.79,4335.5,4902.0
2026-08-19 09:00:00,4335.21,4348.18,4335.21,4343.06,5057.0
2026-08-19 09:30:00,4343.08,4349.28,4337.08,4348.9,4665.0
2026-08-19 10:00:00,4349.26,4356.96,4347.34,4356.65,3704.0
2026-08-19 10:30:00,4356.48,4363.01,4352.67,4354.69,3335.0
2026-08-19 11:00:00,4355.15,4362.68,4351.0,4360.86,4074.0
2026-08-19 11:30:00,4360.76,4363.11,4354.7,4355.58,3357.0
2026-08-19 12:00:00,4355.51,4359.69,4353.38,4356.47,3510.0
2026-08-19 12:30:00,4356.4,4361.84,4355.31,4361.78,3201.0
2026-08-19 13:00:00,4361.83,4368.96,4359.49,4368.62,3322.0
2026-08-19 13:30:00,4368.78,4369.39,4365.82,4367.11,2413.0
2026-08-19 14:00:00,4367.16,4373.97,4367.16,4370.77,3094.0
2026-08-19 14:30:00,4370.84,4371.57,4363.11,4364.53,3200.0
2026-08-19 15:00:00,4364.55,4373.47,4362.02,4369.26,4037.0
2026-08-19 15:30:00,4369.23,4442.22,4368.55,4438.67,8968.0
2026-08-19 16:00:00,4438.66,4464.12,4424.41,4458.06,8641.0
2026-08-19 16:30:00,4458.15,4466.11,4442.26,4459.72,8879.0
2026-08-19 17:00:00,4459.69,4487.68,4455.19,4485.88,8138.0
2026-08-19 17:30:00,4485.9,4498.55,4477.99,4488.04,7452.0
2026-08-19 18:00:00,4488.06,4488.2,4478.12,4483.54,6641.0
2026-08-19 18:30:00,4483.4,4493.91,4480.12,4493.71,5708.0
2026-08-19 19:00:00,4493.77,4499.17,4490.48,4491.04,5330.0
2026-08-19 19:30:00,4491.05,4497.67,4490.51,4493.1,5017.0
2026-08-19 20:00:00,4493.23,4498.87,4486.04,4487.88,5554.0
2026-08-19 20:30:00,4487.99,4491.53,4484.28,4486.86,4224.0
2026-08-19 21:00:00,4486.96,4496.33,4472.74,4475.27,5889.0
2026-08-19 21:30:00,4475.36,4496.6,4472.05,4495.03,5090.0
2026-08-19 22:00:00,4495.04,4507.55,4494.37,4506.98,5202.0
2026-08-19 22:30:00,4506.86,4512.1,4502.73,4511.09,5417.0
2026-08-19 23:00:00,4511.18,4521.92,4505.16,4518.65,3098.0
2026-08-19 23:30:00,4518.43,4524.14,4517.97,4522.93,2550.0
2026-08-20 01:00:00,4515.93,4527.33,4515.93,4520.74,3084.0
2026-08-20 01:30:00,4520.76,4521.86,4516.28,4518.72,2210.0
2026-08-20 02:00:00,4518.73,4523.58,4515.33,4517.56,2828.0
2026-08-20 02:30:00,4517.71,4518.1,4511.22,4511.64,2466.0
2026-08-20 03:00:00,4511.39,4521.15,4508.52,4510.19,5136.0
2026-08-20 03:30:00,4510.1,4513.06,4503.78,4504.54,4342.0
2026-08-20 04:00:00,4504.55,4510.19,4491.66,4500.47,6499.0
2026-08-20 04:30:00,4500.38,4501.08,4484.33,4489.58,5714.0
2026-08-20 05:00:00,4489.44,4499.53,4488.5,4492.72,4831.0
2026-08-20 05:30:00,4492.31,4494.63,4488.83,4490.64,4388.0
2026-08-20 06:00:00,4490.73,4496.91,4488.03,4493.44,4251.0
2026-08-20 06:30:00,4493.24,4500.89,4492.23,4498.64,3154.0
2026-08-20 07:00:00,4498.68,4499.08,4489.76,4489.88,2870.0
2026-08-20 07:30:00,4489.9,4491.51,4486.25,4488.48,2826.0
2026-08-20 08:00:00,4488.46,4493.9,4483.05,4483.1,3056.0
2026-08-20 08:30:00,4482.99,4485.94,4477.78,4481.19,4128.0
2026-08-20 09:00:00,4481.23,4495.82,4479.93,4494.01,4242.0
2026-08-20 09:30:00,4493.92,4495.2,4491.09,4493.74,3595.0
2026-08-20 10:00:00,4493.62,4493.87,4483.57,4483.89,3858.0
2026-08-20 10:30:00,4484.04,4493.83,4483.4,4490.82,4021.0
2026-08-20 11:00:00,4490.72,4498.59,4489.96,4491.3,4340.0
2026-08-20 11:30:00,4491.25,4495.24,4487.03,4488.6,2613.0
