time,open,high,low,close,volume
2024-01-01 00:00:00,2060.0,2061.42,2059.82,2061.29,529
2024-01-01 01:00:00,2061.29,2062.31,2060.84,2061.87,295
2024-01-01 02:00:00,2061.87,2062.01,2060.27,2060.39,180
2024-01-01 03:00:00,2060.39,2060.69,2060.15,2060.31,183
2024-01-01 04:00:00,2060.31,2064.87,2059.4,2064.63,814
2024-01-01 05:00:00,2064.63,2065.32,2061.63,2062.28,852
2024-01-01 06:00:00,2062.28,2063.16,2061.51,2061.63,126
2024-01-01 07:00:00,2061.63,2061.93,2060.13,2060.76,253
2024-01-01 08:00:00,2060.76,2060.96,2060.27,2060.88,836
2024-01-01 09:00:00,2060.88,2061.01,2057.56,2058.6,432
2024-01-01 10:00:00,2058.6,2061.13,2058.2,2060.64,172
2024-01-01 11:00:00,2060.64,2061.29,2059.64,2061.16,932
2024-01-01 12:00:00,2061.16,2064.28,2061.03,2063.65,189
2024-01-01 13:00:00,2063.65,2064.17,2060.98,2061.83,910
2024-01-01 14:00:00,2061.83,2063.58,2061.06,2063.28,179
2024-01-01 15:00:00,2063.28,2065.72,2062.48,2065.24,259
2024-01-01 16:00:00,2065.24,2066.04,2063.96,2064.38,245
2024-01-01 17:00:00,2064.38,2065.38,2063.84,2064.78,389
2024-01-01 18:00:00,2064.78,2067.59,2064.76,2067.22,586
2024-01-01 19:00:00,2067.22,2067.38,2066.49,2067.0,957
2024-01-01 20:00:00,2067.0,2070.48,2066.43,2070.42,819
2024-01-01 21:00:00,2070.42,2070.64,2067.4,2067.77,850
2024-01-01 22:00:00,2067.77,2068.6,2067.11,2067.59,759
2024-01-01 23:00:00,2067.59,2071.66,2067.21,2071.48,454
2024-01-02 00:00:00,2071.48,2075.02,2071.09,2074.57,872
2024-01-02 01:00:00,2074.57,2076.94,2074.31,2076.28,544
2024-01-02 02:00:00,2076.28,2077.36,2072.33,2072.54,191
2024-01-02 03:00:00,2072.54,2072.65,2071.68,2072.47,405
2024-01-02 04:00:00,2072.47,2078.91,2072.04,2078.13,794
2024-01-02 05:00:00,2078.13,2078.34,2077.98,2078.07,745
2024-01-02 06:00:00,2078.07,2078.11,2075.96,2076.06,689
2024-01-02 07:00:00,2076.06,2076.35,2075.72,2076.0,381
2024-01-02 08:00:00,2076.0,2076.57,2075.77,2076.23,564
2024-01-02 09:00:00,2076.23,2076.71,2073.73,2074.38,232
2024-01-02 10:00:00,2074.38,2077.33,2073.93,2076.46,104
2024-01-02 11:00:00,2076.46,2076.69,2075.09,2075.13,319
2024-01-02 12:00:00,2075.13,2078.04,2074.7,2077.58,220
2024-01-02 13:00:00,2077.58,2078.14,2075.25,2075.93,384
2024-01-02 14:00:00,2075.93,2077.37,2074.94,2076.7,355
2024-01-02 15:00:00,2076.7,2077.4,2074.87,2075.13,962
2024-01-02 16:00:00,2075.13,2075.52,2074.9,2075.31,219
2024-01-02 17:00:00,2075.31,2075.51,2073.16,2074.53,169
2024-01-02 18:00:00,2074.53,2074.59,2071.26,2071.32,212
2024-01-02 19:00:00,2071.32,2071.68,2069.28,2069.62,564
2024-01-02 20:00:00,2069.62,2069.87,2068.16,2068.35,649
2024-01-02 21:00:00,2068.35,2068.46,2068.03,2068.08,774
2024-01-02 22:00:00,2068.08,2068.72,2066.98,2067.07,680
2024-01-02 23:00:00,2067.07,2067.41,2065.99,2066.57,561
2024-01-03 00:00:00,2066.57,2066.94,2064.01,2064.92,718
2024-01-03 01:00:00,2064.92,2065.89,2063.92,2065.44,430
2024-01-03 02:00:00,2065.44,2067.35,2065.43,2066.83,797
2024-01-03 03:00:00,2066.83,2067.53,2061.61,2062.28,842
2024-01-03 04:00:00,2062.28,2062.34,2061.04,2061.29,257
2024-01-03 05:00:00,2061.29,2062.48,2060.82,2062.05,884
2024-01-03 06:00:00,2062.05,2063.28,2061.96,2063.28,467
2024-01-03 07:00:00,2063.28,2063.34,2062.64,2063.1,373
2024-01-03 08:00:00,2063.1,2064.56,2063.09,2064.18,439
2024-01-03 09:00:00,2064.18,2069.32,2064.09,2069.27,640
2024-01-03 10:00:00,2069.27,2072.3,2069.24,2071.81,779
2024-01-03 11:00:00,2071.81,2074.11,2071.33,2073.84,943
2024-01-03 12:00:00,2073.84,2075.43,2073.41,2074.85,407
2024-01-03 13:00:00,2074.85,2074.92,2073.75,2074.18,871
2024-01-03 14:00:00,2074.18,2075.89,2073.63,2075.85,479
2024-01-03 15:00:00,2075.85,2076.56,2074.56,2074.85,792
2024-01-03 16:00:00,2074.85,2076.83,2074.27,2076.36,332
2024-01-03 17:00:00,2076.36,2077.95,2076.01,2077.72,360
2024-01-03 18:00:00,2077.72,2077.89,2077.58,2077.84,769
2024-01-03 19:00:00,2077.84,2079.48,2076.15,2076.34,517
2024-01-03 20:00:00,2076.34,2076.54,2075.73,2075.75,791
2024-01-03 21:00:00,2075.75,2078.0,2075.6,2077.96,833
2024-01-03 22:00:00,2077.96,2078.37,2075.52,2075.66,859
2024-01-03 23:00:00,2075.66,2075.67,2073.46,2074.02,760
2024-01-04 00:00:00,2074.02,2074.95,2073.91,2074.89,127
2024-01-04 01:00:00,2074.89,2077.18,2074.48,2076.75,877
2024-01-04 02:00:00,2076.75,2076.8,2075.57,2075.62,491
2024-01-04 03:00:00,2075.62,2075.88,2073.95,2074.17,161
2024-01-04 04:00:00,2074.17,2077.43,2074.12,2077.34,414
2024-01-04 05:00:00,2077.34,2079.25,2077.03,2078.74,920
2024-01-04 06:00:00,2078.74,2078.82,2075.23,2075.71,788
2024-01-04 07:00:00,2075.71,2078.56,2075.38,2078.09,711
2024-01-04 08:00:00,2078.09,2079.56,2077.51,2077.62,606
2024-01-04 09:00:00,2077.62,2078.36,2077.0,2077.32,711
2024-01-04 10:00:00,2077.32,2077.35,2072.96,2073.73,530
2024-01-04 11:00:00,2073.73,2075.8,2073.7,2075.51,594
2024-01-04 12:00:00,2075.51,2076.46,2072.88,2073.29,420
2024-01-04 13:00:00,2073.29,2074.3,2068.02,2069.01,721
2024-01-04 14:00:00,2069.01,2070.2,2068.21,2069.44,736
2024-01-04 15:00:00,2069.44,2070.07,2066.21,2066.71,475
2024-01-04 16:00:00,2066.71,2067.1,2064.85,2064.91,986
2024-01-04 17:00:00,2064.91,2064.96,2061.91,2062.02,766
2024-01-04 18:00:00,2062.02,2065.66,2061.69,2065.59,205
2024-01-04 19:00:00,2065.59,2065.92,2064.35,2065.01,703
2024-01-04 20:00:00,2065.01,2065.68,2060.24,2060.7,402
2024-01-04 21:00:00,2060.7,2061.12,2060.6,2060.61,647
2024-01-04 22:00:00,2060.61,2061.33,2059.12,2059.63,417
2024-01-04 23:00:00,2059.63,2059.88,2057.98,2058.46,610
2024-01-05 00:00:00,2058.46,2058.51,2055.99,2056.68,121
2024-01-05 01:00:00,2056.68,2056.69,2053.04,2053.15,596
2024-01-05 02:00:00,2053.15,2053.68,2051.41,2051.7,831
2024-01-05 03:00:00,2051.7,2052.21,2047.76,2048.07,811
2024-01-05 04:00:00,2048.07,2051.17,2047.98,2051.11,525
2024-01-05 05:00:00,2051.11,2053.43,2050.62,2052.94,932
2024-01-05 06:00:00,2052.94,2052.96,2052.12,2052.89,489
2024-01-05 07:00:00,2052.89,2053.06,2049.94,2050.28,326
2024-01-05 08:00:00,2050.28,2053.07,2050.08,2052.72,715
2024-01-05 09:00:00,2052.72,2054.46,2052.7,2054.33,893
2024-01-05 10:00:00,2054.33,2055.08,2054.15,2054.61,535
2024-01-05 11:00:00,2054.61,2056.9,2054.37,2056.08,342
2024-01-05 12:00:00,2056.08,2056.24,2054.41,2054.6,765
2024-01-05 13:00:00,2054.6,2054.99,2053.78,2054.45,426
2024-01-05 14:00:00,2054.45,2055.22,2054.28,2054.51,929
2024-01-05 15:00:00,2054.51,2057.17,2053.61,2055.76,444
2024-01-05 16:00:00,2055.76,2055.98,2054.64,2054.82,997
2024-01-05 17:00:00,2054.82,2055.44,2054.67,2055.11,703
2024-01-05 18:00:00,2055.11,2055.39,2053.31,2054.03,254
2024-01-05 19:00:00,2054.03,2054.34,2053.28,2053.57,644
2024-01-05 20:00:00,2053.57,2054.83,2053.18,2054.8,765
2024-01-05 21:00:00,2054.8,2056.82,2054.72,2056.34,504
2024-01-05 22:00:00,2056.34,2056.76,2055.06,2055.63,649
2024-01-05 23:00:00,2055.63,2056.83,2055.33,2056.21,411
2024-01-08 00:00:00,2056.21,2057.15,2054.87,2055.82,269
2024-01-08 01:00:00,2055.82,2056.19,2055.25,2055.73,844
2024-01-08 02:00:00,2055.73,2055.94,2055.16,2055.77,146
2024-01-08 03:00:00,2055.77,2056.68,2053.76,2053.78,343
2024-01-08 04:00:00,2053.78,2056.46,2053.45,2055.78,590
2024-01-08 05:00:00,2055.78,2055.89,2052.59,2052.6,925
2024-01-08 06:00:00,2052.6,2052.67,2046.59,2047.88,348
2024-01-08 07:00:00,2047.88,2052.23,2047.76,2052.18,581
2024-01-08 08:00:00,2052.18,2052.78,2049.26,2049.53,415
2024-01-08 09:00:00,2049.53,2051.88,2049.24,2050.97,924
2024-01-08 10:00:00,2050.97,2051.46,2049.82,2049.99,793
2024-01-08 11:00:00,2049.99,2051.87,2049.32,2051.78,431
2024-01-08 12:00:00,2051.78,2055.21,2051.0,2054.81,843
2024-01-08 13:00:00,2054.81,2056.62,2054.4,2055.5,156
2024-01-08 14:00:00,2055.5,2056.5,2054.61,2055.76,796
2024-01-08 15:00:00,2055.76,2055.86,2055.56,2055.65,913
2024-01-08 16:00:00,2055.65,2055.83,2051.42,2051.6,229
2024-01-08 17:00:00,2051.6,2054.05,2051.16,2053.31,489
2024-01-08 18:00:00,2053.31,2055.04,2053.18,2053.92,440
2024-01-08 19:00:00,2053.92,2056.01,2053.43,2055.2,829
2024-01-08 20:00:00,2055.2,2055.95,2054.64,2054.65,789
2024-01-08 21:00:00,2054.65,2055.14,2051.34,2052.03,774
2024-01-08 22:00:00,2052.03,2052.67,2050.42,2051.02,908
2024-01-08 23:00:00,2051.02,2051.8,2050.63,2051.24,370
2024-01-09 00:00:00,2051.24,2051.76,2051.03,2051.73,693
2024-01-09 01:00:00,2051.73,2057.49,2051.28,2057.26,791
2024-01-09 02:00:00,2057.26,2057.62,2056.23,2056.56,938
2024-01-09 03:00:00,2056.56,2057.07,2052.94,2053.89,756
2024-01-09 04:00:00,2053.89,2054.36,2051.87,2052.11,679
2024-01-09 05:00:00,2052.11,2052.75,2051.51,2051.89,180
2024-01-09 06:00:00,2051.89,2052.66,2050.83,2050.97,788
2024-01-09 07:00:00,2050.97,2051.16,2050.51,2050.92,387
2024-01-09 08:00:00,2050.92,2052.99,2050.78,2052.24,209
2024-01-09 09:00:00,2052.24,2052.89,2050.53,2050.58,168
2024-01-09 10:00:00,2050.58,2053.68,2050.54,2053.6,694
2024-01-09 11:00:00,2053.6,2054.98,2053.5,2054.54,945
2024-01-09 12:00:00,2054.54,2055.06,2051.14,2051.57,875
2024-01-09 13:00:00,2051.57,2053.49,2050.58,2053.31,411
2024-01-09 14:00:00,2053.31,2054.89,2052.6,2054.73,965
2024-01-09 15:00:00,2054.73,2056.92,2053.88,2056.19,159
2024-01-09 16:00:00,2056.19,2056.29,2053.89,2054.29,112
2024-01-09 17:00:00,2054.29,2055.4,2054.2,2054.84,904
2024-01-09 18:00:00,2054.84,2055.87,2054.7,2055.4,590
2024-01-09 19:00:00,2055.4,2056.18,2054.63,2054.64,235
2024-01-09 20:00:00,2054.64,2055.67,2053.17,2055.57,978
2024-01-09 21:00:00,2055.57,2057.4,2055.15,2056.14,731
2024-01-09 22:00:00,2056.14,2056.89,2055.99,2056.88,932
2024-01-09 23:00:00,2056.88,2058.53,2056.23,2058.06,867
2024-01-10 00:00:00,2058.06,2061.63,2058.03,2061.5,986
2024-01-10 01:00:00,2061.5,2062.3,2058.32,2058.94,344
2024-01-10 02:00:00,2058.94,2058.98,2056.92,2057.17,146
2024-01-10 03:00:00,2057.17,2059.51,2056.66,2058.68,603
2024-01-10 04:00:00,2058.68,2059.65,2057.83,2058.64,462
2024-01-10 05:00:00,2058.64,2059.97,2058.62,2059.76,509
2024-01-10 06:00:00,2059.76,2060.34,2056.07,2057.14,535
2024-01-10 07:00:00,2057.14,2057.71,2055.98,2056.12,823
2024-01-10 08:00:00,2056.12,2056.34,2053.82,2054.85,330
2024-01-10 09:00:00,2054.85,2057.96,2054.42,2056.75,833
2024-01-10 10:00:00,2056.75,2058.01,2056.18,2057.71,615
2024-01-10 11:00:00,2057.71,2058.31,2052.99,2053.53,448
2024-01-10 12:00:00,2053.53,2054.66,2053.49,2054.04,598
2024-01-10 13:00:00,2054.04,2054.51,2051.25,2052.48,639
2024-01-10 14:00:00,2052.48,2052.87,2052.4,2052.76,963
2024-01-10 15:00:00,2052.76,2056.82,2052.61,2056.63,453
2024-01-10 16:00:00,2056.63,2056.98,2055.4,2055.97,610
2024-01-10 17:00:00,2055.97,2056.91,2055.14,2056.48,396
2024-01-10 18:00:00,2056.48,2061.62,2056.17,2060.77,257
2024-01-10 19:00:00,2060.77,2061.73,2060.36,2061.52,101
2024-01-10 20:00:00,2061.52,2062.51,2061.34,2062.31,677
2024-01-10 21:00:00,2062.31,2063.93,2061.21,2063.89,968
2024-01-10 22:00:00,2063.89,2064.11,2060.32,2060.76,872
2024-01-10 23:00:00,2060.76,2061.37,2058.98,2059.11,343
2024-01-11 00:00:00,2059.11,2060.08,2054.54,2054.79,650
2024-01-11 01:00:00,2054.79,2054.8,2051.28,2052.22,497
2024-01-11 02:00:00,2052.22,2057.95,2052.19,2056.4,152
2024-01-11 03:00:00,2056.4,2058.27,2056.01,2058.05,764
2024-01-11 04:00:00,2058.05,2058.69,2057.95,2058.67,366
2024-01-11 05:00:00,2058.67,2058.85,2056.71,2057.27,398
2024-01-11 06:00:00,2057.27,2058.05,2054.6,2055.09,916
2024-01-11 07:00:00,2055.09,2055.94,2052.63,2052.85,802
2024-01-11 08:00:00,2052.85,2055.34,2052.68,2054.38,298
2024-01-11 09:00:00,2054.38,2057.43,2054.38,2056.85,286
2024-01-11 10:00:00,2056.85,2057.31,2055.3,2056.0,621
2024-01-11 11:00:00,2056.0,2056.89,2055.56,2056.52,613
2024-01-11 12:00:00,2056.52,2057.04,2056.06,2056.94,475
2024-01-11 13:00:00,2056.94,2057.1,2056.32,2056.46,257
2024-01-11 14:00:00,2056.46,2060.6,2055.43,2060.21,148
2024-01-11 15:00:00,2060.21,2065.24,2059.76,2065.22,100
2024-01-11 16:00:00,2065.22,2065.78,2062.66,2062.87,896
2024-01-11 17:00:00,2062.87,2063.27,2061.52,2062.49,685
2024-01-11 18:00:00,2062.49,2062.81,2061.91,2061.94,110
2024-01-11 19:00:00,2061.94,2062.1,2058.56,2059.31,643
2024-01-11 20:00:00,2059.31,2060.61,2059.19,2060.43,792
2024-01-11 21:00:00,2060.43,2062.96,2059.73,2062.9,502
2024-01-11 22:00:00,2062.9,2063.93,2062.78,2063.89,714
2024-01-11 23:00:00,2063.89,2066.21,2063.31,2065.85,870
2024-01-12 00:00:00,2065.85,2065.89,2064.35,2064.59,240
2024-01-12 01:00:00,2064.59,2064.72,2062.53,2063.25,932
2024-01-12 02:00:00,2063.25,2065.44,2062.68,2065.02,471
2024-01-12 03:00:00,2065.02,2066.32,2064.66,2065.11,989
2024-01-12 04:00:00,2065.11,2069.3,2064.5,2069.21,541
2024-01-12 05:00:00,2069.21,2069.46,2066.05,2066.28,468
2024-01-12 06:00:00,2066.28,2066.37,2063.41,2063.67,224
2024-01-12 07:00:00,2063.67,2064.71,2061.41,2061.56,332
2024-01-12 08:00:00,2061.56,2061.86,2061.25,2061.29,919
2024-01-12 09:00:00,2061.29,2061.99,2060.77,2061.01,618
2024-01-12 10:00:00,2061.01,2061.47,2060.0,2060.53,399
2024-01-12 11:00:00,2060.53,2061.43,2060.0,2060.86,601
2024-01-12 12:00:00,2060.86,2061.19,2057.25,2057.6,881
2024-01-12 13:00:00,2057.6,2059.1,2056.9,2059.09,648
2024-01-12 14:00:00,2059.09,2059.49,2057.01,2057.5,506
2024-01-12 15:00:00,2057.5,2057.55,2057.0,2057.06,273
2024-01-12 16:00:00,2057.06,2059.87,2056.4,2058.99,451
2024-01-12 17:00:00,2058.99,2060.32,2058.08,2059.72,659
2024-01-12 18:00:00,2059.72,2060.09,2059.18,2059.78,801
2024-01-12 19:00:00,2059.78,2060.08,2057.19,2057.89,202
2024-01-12 20:00:00,2057.89,2058.87,2055.95,2055.97,809
2024-01-12 21:00:00,2055.97,2060.75,2055.56,2060.23,932
2024-01-12 22:00:00,2060.23,2060.36,2059.61,2059.75,241
2024-01-12 23:00:00,2059.75,2059.97,2058.24,2059.15,641
2024-01-15 00:00:00,2059.15,2059.61,2058.21,2058.26,963
2024-01-15 01:00:00,2058.26,2058.8,2057.71,2057.95,388
2024-01-15 02:00:00,2057.95,2058.67,2057.09,2058.2,702
2024-01-15 03:00:00,2058.2,2058.55,2056.89,2057.0,808
2024-01-15 04:00:00,2057.0,2057.16,2054.42,2054.67,426
2024-01-15 05:00:00,2054.67,2055.51,2052.72,2053.09,802
2024-01-15 06:00:00,2053.09,2053.13,2050.85,2051.06,536
2024-01-15 07:00:00,2051.06,2051.29,2050.37,2051.13,796
2024-01-15 08:00:00,2051.13,2051.52,2049.33,2049.49,242
2024-01-15 09:00:00,2049.49,2049.81,2046.95,2047.82,299
2024-01-15 10:00:00,2047.82,2050.61,2047.76,2049.89,653
2024-01-15 11:00:00,2049.89,2050.99,2049.72,2050.56,654
2024-01-15 12:00:00,2050.56,2052.31,2050.5,2052.06,268
2024-01-15 13:00:00,2052.06,2052.19,2051.7,2051.81,968
2024-01-15 14:00:00,2051.81,2052.23,2051.12,2051.95,483
2024-01-15 15:00:00,2051.95,2052.3,2051.77,2051.85,203
2024-01-15 16:00:00,2051.85,2052.36,2047.8,2048.15,438
2024-01-15 17:00:00,2048.15,2050.73,2047.73,2050.51,989
2024-01-15 18:00:00,2050.51,2051.82,2049.44,2051.55,500
2024-01-15 19:00:00,2051.55,2052.7,2051.07,2052.34,593
2024-01-15 20:00:00,2052.34,2052.51,2047.98,2048.39,653
2024-01-15 21:00:00,2048.39,2049.86,2048.3,2049.46,949
2024-01-15 22:00:00,2049.46,2049.83,2045.41,2046.18,778
2024-01-15 23:00:00,2046.18,2048.6,2045.41,2048.04,553
2024-01-16 00:00:00,2048.04,2048.04,2045.9,2046.22,601
2024-01-16 01:00:00,2046.22,2049.77,2045.1,2049.3,402
2024-01-16 02:00:00,2049.3,2049.62,2047.55,2048.3,385
2024-01-16 03:00:00,2048.3,2050.73,2047.6,2050.38,190
2024-01-16 04:00:00,2050.38,2050.99,2048.22,2048.68,678
2024-01-16 05:00:00,2048.68,2051.75,2048.12,2050.96,870
2024-01-16 06:00:00,2050.96,2054.39,2050.78,2053.63,592
2024-01-16 07:00:00,2053.63,2054.47,2050.79,2050.96,977
2024-01-16 08:00:00,2050.96,2051.72,2048.69,2049.54,998
2024-01-16 09:00:00,2049.54,2051.86,2049.22,2051.84,815
2024-01-16 10:00:00,2051.84,2051.88,2049.04,2049.31,598
2024-01-16 11:00:00,2049.31,2049.99,2045.47,2045.93,766
2024-01-16 12:00:00,2045.93,2046.44,2043.47,2043.91,833
2024-01-16 13:00:00,2043.91,2046.35,2043.12,2045.22,489
2024-01-16 14:00:00,2045.22,2045.25,2044.71,2045.06,109
2024-01-16 15:00:00,2045.06,2046.36,2044.99,2045.56,117
2024-01-16 16:00:00,2045.56,2047.93,2044.82,2047.38,211
2024-01-16 17:00:00,2047.38,2048.23,2046.34,2046.53,664
2024-01-16 18:00:00,2046.53,2047.21,2044.6,2044.76,933
2024-01-16 19:00:00,2044.76,2045.53,2043.41,2043.61,286
2024-01-16 20:00:00,2043.61,2048.24,2043.58,2047.97,590
2024-01-16 21:00:00,2047.97,2048.17,2046.53,2047.15,735
2024-01-16 22:00:00,2047.15,2048.51,2046.22,2047.93,526
2024-01-16 23:00:00,2047.93,2049.43,2047.62,2048.87,450
2024-01-17 00:00:00,2048.87,2049.21,2048.63,2048.88,335
2024-01-17 01:00:00,2048.88,2049.05,2047.9,2047.96,964
2024-01-17 02:00:00,2047.96,2049.31,2047.56,2048.57,989
2024-01-17 03:00:00,2048.57,2051.35,2047.81,2050.61,992
2024-01-17 04:00:00,2050.61,2050.7,2049.66,2050.0,474
2024-01-17 05:00:00,2050.0,2050.83,2047.51,2047.98,622
2024-01-17 06:00:00,2047.98,2048.5,2047.51,2048.09,323
2024-01-17 07:00:00,2048.09,2049.49,2047.52,2049.48,923
2024-01-17 08:00:00,2049.48,2050.81,2049.27,2050.47,236
2024-01-17 09:00:00,2050.47,2050.73,2049.97,2050.58,689
2024-01-17 10:00:00,2050.58,2051.17,2050.23,2050.36,651
2024-01-17 11:00:00,2050.36,2050.55,2047.9,2048.65,986
2024-01-17 12:00:00,2048.65,2052.23,2048.61,2052.02,237
2024-01-17 13:00:00,2052.02,2058.58,2051.83,2058.24,663
2024-01-17 14:00:00,2058.24,2058.96,2057.4,2058.88,450
2024-01-17 15:00:00,2058.88,2059.81,2058.6,2058.73,417
2024-01-17 16:00:00,2058.73,2059.5,2058.53,2059.21,121
2024-01-17 17:00:00,2059.21,2060.94,2058.97,2060.82,482
2024-01-17 18:00:00,2060.82,2061.25,2057.22,2057.51,771
2024-01-17 19:00:00,2057.51,2057.68,2055.34,2055.84,137
2024-01-17 20:00:00,2055.84,2058.49,2055.63,2057.57,441
2024-01-17 21:00:00,2057.57,2058.43,2057.14,2057.75,399
2024-01-17 22:00:00,2057.75,2057.85,2054.26,2054.63,496
2024-01-17 23:00:00,2054.63,2054.7,2050.41,2051.21,993
2024-01-18 00:00:00,2051.21,2051.26,2050.7,2050.73,381
2024-01-18 01:00:00,2050.73,2050.81,2048.35,2048.83,739
2024-01-18 02:00:00,2048.83,2049.93,2048.12,2048.79,853
2024-01-18 03:00:00,2048.79,2052.33,2048.29,2052.24,164
2024-01-18 04:00:00,2052.24,2052.32,2051.17,2051.51,970
2024-01-18 05:00:00,2051.51,2051.59,2050.02,2050.2,859
2024-01-18 06:00:00,2050.2,2051.09,2048.14,2048.71,842
2024-01-18 07:00:00,2048.71,2049.22,2047.32,2047.84,185
2024-01-18 08:00:00,2047.84,2048.34,2047.16,2047.29,385
2024-01-18 09:00:00,2047.29,2049.06,2046.95,2049.02,112
2024-01-18 10:00:00,2049.02,2049.21,2048.75,2048.82,152
2024-01-18 11:00:00,2048.82,2049.17,2047.07,2047.23,479
2024-01-18 12:00:00,2047.23,2050.02,2046.52,2049.96,946
2024-01-18 13:00:00,2049.96,2050.49,2049.08,2049.85,885
2024-01-18 14:00:00,2049.85,2050.94,2049.53,2050.04,936
2024-01-18 15:00:00,2050.04,2053.88,2049.56,2053.87,282
2024-01-18 16:00:00,2053.87,2053.94,2052.82,2052.88,887
2024-01-18 17:00:00,2052.88,2053.59,2052.43,2052.44,270
2024-01-18 18:00:00,2052.44,2052.55,2051.63,2052.24,668
2024-01-18 19:00:00,2052.24,2055.77,2051.65,2055.61,679
2024-01-18 20:00:00,2055.61,2059.82,2055.57,2059.56,579
2024-01-18 21:00:00,2059.56,2061.59,2059.54,2061.43,649
2024-01-18 22:00:00,2061.43,2061.7,2058.35,2058.52,575
2024-01-18 23:00:00,2058.52,2060.22,2058.28,2060.11,571
2024-01-19 00:00:00,2060.11,2062.26,2059.94,2061.79,506
2024-01-19 01:00:00,2061.79,2062.89,2061.77,2062.49,639
2024-01-19 02:00:00,2062.49,2064.76,2061.93,2063.84,566
2024-01-19 03:00:00,2063.84,2068.87,2063.75,2067.93,586
2024-01-19 04:00:00,2067.93,2070.59,2067.71,2070.33,851
2024-01-19 05:00:00,2070.33,2071.11,2070.15,2070.72,810
2024-01-19 06:00:00,2070.72,2071.5,2069.61,2069.76,518
2024-01-19 07:00:00,2069.76,2069.93,2069.22,2069.73,695
2024-01-19 08:00:00,2069.73,2072.5,2069.2,2072.49,828
2024-01-19 09:00:00,2072.49,2073.24,2068.35,2069.14,187
2024-01-19 10:00:00,2069.14,2069.79,2068.35,2068.84,204
2024-01-19 11:00:00,2068.84,2069.72,2068.71,2069.36,139
2024-01-19 12:00:00,2069.36,2069.66,2065.05,2065.1,359
2024-01-19 13:00:00,2065.1,2068.7,2064.17,2068.49,371
2024-01-19 14:00:00,2068.49,2068.62,2065.88,2066.5,847
2024-01-19 15:00:00,2066.5,2066.5,2061.82,2062.4,903
2024-01-19 16:00:00,2062.4,2066.29,2062.14,2066.23,137
2024-01-19 17:00:00,2066.23,2066.6,2063.73,2063.88,556
2024-01-19 18:00:00,2063.88,2065.62,2063.84,2065.18,857
2024-01-19 19:00:00,2065.18,2065.71,2064.07,2064.7,695
2024-01-19 20:00:00,2064.7,2065.35,2062.59,2062.68,265
2024-01-19 21:00:00,2062.68,2062.68,2061.7,2061.85,697
2024-01-19 22:00:00,2061.85,2062.67,2058.96,2059.27,435
2024-01-19 23:00:00,2059.27,2062.64,2059.17,2061.77,871
2024-01-22 00:00:00,2061.77,2067.57,2061.72,2067.51,858
2024-01-22 01:00:00,2067.51,2068.1,2066.84,2067.09,602
2024-01-22 02:00:00,2067.09,2067.37,2065.11,2065.51,593
2024-01-22 03:00:00,2065.51,2066.23,2065.08,2065.77,526
2024-01-22 04:00:00,2065.77,2066.08,2065.73,2066.05,747
2024-01-22 05:00:00,2066.05,2069.0,2065.94,2068.58,834
2024-01-22 06:00:00,2068.58,2068.91,2065.11,2065.14,592
2024-01-22 07:00:00,2065.14,2065.16,2062.93,2063.21,235
2024-01-22 08:00:00,2063.21,2063.7,2063.0,2063.18,784
2024-01-22 09:00:00,2063.18,2063.93,2060.82,2061.36,561
2024-01-22 10:00:00,2061.36,2061.94,2059.31,2059.78,101
2024-01-22 11:00:00,2059.78,2059.93,2054.94,2055.0,379
2024-01-22 12:00:00,2055.0,2059.45,2054.89,2059.43,393
2024-01-22 13:00:00,2059.43,2059.98,2058.73,2059.24,475
2024-01-22 14:00:00,2059.24,2062.67,2058.53,2062.01,707
2024-01-22 15:00:00,2062.01,2063.14,2061.99,2062.51,547
2024-01-22 16:00:00,2062.51,2062.84,2059.12,2059.51,418
2024-01-22 17:00:00,2059.51,2060.74,2059.25,2059.75,746
2024-01-22 18:00:00,2059.75,2061.27,2058.9,2060.82,624
2024-01-22 19:00:00,2060.82,2061.77,2060.74,2060.99,911
2024-01-22 20:00:00,2060.99,2061.25,2058.8,2060.23,903
2024-01-22 21:00:00,2060.23,2060.78,2060.11,2060.56,945
2024-01-22 22:00:00,2060.56,2061.76,2057.32,2058.06,299
2024-01-22 23:00:00,2058.06,2059.04,2057.16,2057.98,778
2024-01-23 00:00:00,2057.98,2061.78,2057.24,2061.36,523
2024-01-23 01:00:00,2061.36,2064.18,2061.07,2063.82,634
2024-01-23 02:00:00,2063.82,2068.55,2063.04,2068.34,352
2024-01-23 03:00:00,2068.34,2069.76,2067.81,2069.31,689
2024-01-23 04:00:00,2069.31,2069.44,2066.97,2067.73,966
2024-01-23 05:00:00,2067.73,2071.37,2067.69,2070.58,823
2024-01-23 06:00:00,2070.58,2070.66,2069.64,2069.75,853
2024-01-23 07:00:00,2069.75,2070.17,2064.02,2064.4,298
2024-01-23 08:00:00,2064.4,2065.2,2064.34,2065.03,266
2024-01-23 09:00:00,2065.03,2066.58,2064.84,2066.35,793
2024-01-23 10:00:00,2066.35,2066.72,2063.83,2063.93,769
2024-01-23 11:00:00,2063.93,2065.39,2063.5,2065.25,223
2024-01-23 12:00:00,2065.25,2065.55,2064.53,2065.39,385
2024-01-23 13:00:00,2065.39,2065.63,2064.59,2064.7,880
2024-01-23 14:00:00,2064.7,2068.86,2064.7,2068.26,406
2024-01-23 15:00:00,2068.26,2071.06,2067.88,2070.86,938
2024-01-23 16:00:00,2070.86,2071.34,2068.92,2069.06,889
2024-01-23 17:00:00,2069.06,2069.08,2065.56,2066.01,313
2024-01-23 18:00:00,2066.01,2066.36,2064.85,2065.3,234
2024-01-23 19:00:00,2065.3,2065.62,2064.58,2065.08,714
2024-01-23 20:00:00,2065.08,2065.26,2064.54,2065.25,699
2024-01-23 21:00:00,2065.25,2065.29,2064.91,2064.93,451
2024-01-23 22:00:00,2064.93,2065.14,2061.61,2061.96,251
2024-01-23 23:00:00,2061.96,2063.79,2061.05,2063.28,711
2024-01-24 00:00:00,2063.28,2065.11,2062.79,2064.6,609
2024-01-24 01:00:00,2064.6,2064.8,2063.75,2063.86,788
2024-01-24 02:00:00,2063.86,2065.16,2063.77,2064.5,307
2024-01-24 03:00:00,2064.5,2065.0,2061.79,2062.36,591
2024-01-24 04:00:00,2062.36,2063.11,2062.35,2062.69,837
2024-01-24 05:00:00,2062.69,2062.7,2062.0,2062.23,460
2024-01-24 06:00:00,2062.23,2062.44,2056.4,2057.37,708
2024-01-24 07:00:00,2057.37,2058.77,2057.32,2058.54,188
2024-01-24 08:00:00,2058.54,2061.54,2058.22,2061.46,748
2024-01-24 09:00:00,2061.46,2062.87,2061.35,2062.59,517
2024-01-24 10:00:00,2062.59,2063.11,2060.23,2060.86,496
2024-01-24 11:00:00,2060.86,2063.34,2060.39,2062.99,642
2024-01-24 12:00:00,2062.99,2063.93,2062.04,2063.66,742
2024-01-24 13:00:00,2063.66,2065.76,2062.85,2065.74,847
2024-01-24 14:00:00,2065.74,2065.77,2063.35,2063.47,888
2024-01-24 15:00:00,2063.47,2064.1,2061.6,2062.43,833
2024-01-24 16:00:00,2062.43,2063.0,2061.73,2062.09,657
2024-01-24 17:00:00,2062.09,2064.71,2061.96,2063.95,796
2024-01-24 18:00:00,2063.95,2064.12,2062.82,2063.26,895
2024-01-24 19:00:00,2063.26,2064.36,2062.83,2063.84,403
2024-01-24 20:00:00,2063.84,2064.82,2062.92,2064.6,401
2024-01-24 21:00:00,2064.6,2066.4,2064.05,2066.29,605
2024-01-24 22:00:00,2066.29,2066.7,2064.54,2064.9,460
2024-01-24 23:00:00,2064.9,2068.19,2064.58,2067.69,807
2024-01-25 00:00:00,2067.69,2067.73,2063.05,2063.2,125
2024-01-25 01:00:00,2063.2,2063.77,2059.02,2059.62,898
2024-01-25 02:00:00,2059.62,2061.62,2059.37,2061.33,967
2024-01-25 03:00:00,2061.33,2061.74,2060.51,2060.61,630
2024-01-25 04:00:00,2060.61,2061.36,2060.16,2060.79,815
2024-01-25 05:00:00,2060.79,2060.91,2060.17,2060.47,244
2024-01-25 06:00:00,2060.47,2061.73,2059.68,2059.91,770
2024-01-25 07:00:00,2059.91,2060.05,2059.4,2059.99,672
2024-01-25 08:00:00,2059.99,2062.3,2059.68,2062.17,729
2024-01-25 09:00:00,2062.17,2064.5,2062.12,2064.15,108
2024-01-25 10:00:00,2064.15,2064.22,2061.74,2062.12,583
2024-01-25 11:00:00,2062.12,2063.26,2061.66,2062.63,589
2024-01-25 12:00:00,2062.63,2063.49,2061.99,2062.92,688
2024-01-25 13:00:00,2062.92,2063.78,2062.71,2063.48,723
2024-01-25 14:00:00,2063.48,2063.65,2062.73,2062.77,615
2024-01-25 15:00:00,2062.77,2062.98,2061.48,2061.91,754
2024-01-25 16:00:00,2061.91,2061.93,2059.45,2060.44,856
2024-01-25 17:00:00,2060.44,2063.71,2059.91,2063.23,866
2024-01-25 18:00:00,2063.23,2065.75,2062.75,2065.6,257
2024-01-25 19:00:00,2065.6,2065.9,2065.32,2065.48,749
2024-01-25 20:00:00,2065.48,2065.81,2064.51,2064.53,893
2024-01-25 21:00:00,2064.53,2065.29,2064.2,2065.13,331
2024-01-25 22:00:00,2065.13,2067.99,2064.9,2067.9,825
2024-01-25 23:00:00,2067.9,2068.34,2067.24,2067.33,465
2024-01-26 00:00:00,2067.33,2069.79,2067.2,2069.44,543
2024-01-26 01:00:00,2069.44,2070.6,2068.82,2069.79,109
2024-01-26 02:00:00,2069.79,2070.66,2069.18,2070.63,762
2024-01-26 03:00:00,2070.63,2070.89,2065.86,2066.49,477
2024-01-26 04:00:00,2066.49,2066.94,2065.66,2065.75,279
2024-01-26 05:00:00,2065.75,2066.03,2064.57,2064.76,256
2024-01-26 06:00:00,2064.76,2065.28,2063.22,2063.42,758
2024-01-26 07:00:00,2063.42,2063.64,2060.75,2060.92,347
2024-01-26 08:00:00,2060.92,2061.51,2057.16,2057.49,328
2024-01-26 09:00:00,2057.49,2058.16,2054.12,2054.23,454
2024-01-26 10:00:00,2054.23,2056.8,2054.15,2056.59,502
2024-01-26 11:00:00,2056.59,2057.18,2054.11,2054.81,153
2024-01-26 12:00:00,2054.81,2057.4,2054.76,2057.36,476
2024-01-26 13:00:00,2057.36,2058.8,2057.18,2058.8,889
2024-01-26 14:00:00,2058.8,2059.8,2058.72,2059.57,252
2024-01-26 15:00:00,2059.57,2061.59,2059.51,2061.11,824
2024-01-26 16:00:00,2061.11,2062.38,2060.98,2062.1,253
2024-01-26 17:00:00,2062.1,2063.58,2061.48,2062.93,779
2024-01-26 18:00:00,2062.93,2063.73,2062.39,2063.22,663
2024-01-26 19:00:00,2063.22,2067.34,2062.8,2067.14,167
2024-01-26 20:00:00,2067.14,2067.63,2062.94,2063.53,359
2024-01-26 21:00:00,2063.53,2066.2,2063.45,2065.53,575
2024-01-26 22:00:00,2065.53,2065.9,2064.55,2064.64,664
2024-01-26 23:00:00,2064.64,2065.08,2060.85,2060.96,134
2024-01-29 00:00:00,2060.96,2063.58,2060.95,2062.92,716
2024-01-29 01:00:00,2062.92,2063.29,2060.57,2061.82,708
2024-01-29 02:00:00,2061.82,2062.01,2060.85,2061.08,777
2024-01-29 03:00:00,2061.08,2063.78,2061.02,2062.86,195
2024-01-29 04:00:00,2062.86,2063.73,2062.44,2063.3,528
2024-01-29 05:00:00,2063.3,2063.5,2060.71,2060.75,196
2024-01-29 06:00:00,2060.75,2063.46,2060.6,2063.32,778
2024-01-29 07:00:00,2063.32,2063.71,2062.8,2063.7,820
2024-01-29 08:00:00,2063.7,2065.82,2063.27,2065.44,942
2024-01-29 09:00:00,2065.44,2066.45,2064.73,2065.68,187
2024-01-29 10:00:00,2065.68,2068.87,2064.85,2068.67,468
2024-01-29 11:00:00,2068.67,2068.92,2067.23,2068.08,269
2024-01-29 12:00:00,2068.08,2068.19,2065.37,2065.53,766
2024-01-29 13:00:00,2065.53,2069.73,2065.16,2069.42,782
2024-01-29 14:00:00,2069.42,2070.2,2068.51,2070.06,192
2024-01-29 15:00:00,2070.06,2070.13,2067.42,2067.7,590
2024-01-29 16:00:00,2067.7,2068.56,2065.88,2066.05,748
2024-01-29 17:00:00,2066.05,2066.16,2063.58,2063.74,528
2024-01-29 18:00:00,2063.74,2063.97,2060.8,2060.81,471
2024-01-29 19:00:00,2060.81,2061.49,2059.16,2059.64,695
2024-01-29 20:00:00,2059.64,2062.09,2059.45,2061.99,534
2024-01-29 21:00:00,2061.99,2065.49,2061.65,2064.59,849
2024-01-29 22:00:00,2064.59,2064.77,2063.34,2063.77,338
2024-01-29 23:00:00,2063.77,2064.19,2063.63,2063.77,181
2024-01-30 00:00:00,2063.77,2064.95,2063.08,2063.13,880
2024-01-30 01:00:00,2063.13,2063.39,2061.53,2061.68,669
2024-01-30 02:00:00,2061.68,2064.08,2061.2,2062.79,680
2024-01-30 03:00:00,2062.79,2066.21,2062.79,2065.76,351
2024-01-30 04:00:00,2065.76,2065.89,2061.31,2062.33,774
2024-01-30 05:00:00,2062.33,2065.1,2062.24,2064.77,626
2024-01-30 06:00:00,2064.77,2065.34,2063.05,2063.34,401
2024-01-30 07:00:00,2063.34,2065.27,2063.08,2064.91,826
2024-01-30 08:00:00,2064.91,2065.73,2059.49,2060.26,895
2024-01-30 09:00:00,2060.26,2060.71,2060.04,2060.13,431
2024-01-30 10:00:00,2060.13,2060.56,2059.06,2059.12,858
2024-01-30 11:00:00,2059.12,2061.34,2058.76,2060.99,229
2024-01-30 12:00:00,2060.99,2062.44,2060.23,2062.07,957
2024-01-30 13:00:00,2062.07,2062.93,2061.94,2062.03,618
2024-01-30 14:00:00,2062.03,2062.23,2060.07,2061.26,747
2024-01-30 15:00:00,2061.26,2063.22,2060.86,2063.15,374
2024-01-30 16:00:00,2063.15,2067.35,2062.81,2066.93,945
2024-01-30 17:00:00,2066.93,2068.29,2066.28,2068.05,997
2024-01-30 18:00:00,2068.05,2068.44,2066.34,2066.45,123
2024-01-30 19:00:00,2066.45,2067.05,2064.8,2066.64,726
2024-01-30 20:00:00,2066.64,2066.99,2062.89,2063.87,430
2024-01-30 21:00:00,2063.87,2064.87,2063.07,2064.33,684
2024-01-30 22:00:00,2064.33,2065.02,2063.77,2064.0,928
2024-01-30 23:00:00,2064.0,2064.24,2061.47,2062.24,974
2024-01-31 00:00:00,2062.24,2062.7,2060.8,2061.34,896
2024-01-31 01:00:00,2061.34,2063.44,2061.14,2062.77,206
2024-01-31 02:00:00,2062.77,2064.66,2062.71,2064.14,733
2024-01-31 03:00:00,2064.14,2066.34,2064.01,2065.65,386
2024-01-31 04:00:00,2065.65,2066.22,2063.74,2063.93,918
2024-01-31 05:00:00,2063.93,2064.44,2058.12,2058.77,816
2024-01-31 06:00:00,2058.77,2059.44,2053.27,2053.95,830
2024-01-31 07:00:00,2053.95,2055.31,2053.28,2055.03,400
2024-01-31 08:00:00,2055.03,2055.83,2054.07,2054.08,353
2024-01-31 09:00:00,2054.08,2054.78,2053.19,2053.37,343
2024-01-31 10:00:00,2053.37,2053.84,2052.78,2053.09,396
2024-01-31 11:00:00,2053.09,2055.02,2052.81,2054.93,290
2024-01-31 12:00:00,2054.93,2055.02,2054.27,2054.42,460
2024-01-31 13:00:00,2054.42,2054.55,2053.0,2053.21,141
2024-01-31 14:00:00,2053.21,2054.02,2052.81,2053.56,834
2024-01-31 15:00:00,2053.56,2054.21,2049.65,2049.93,177
2024-01-31 16:00:00,2049.93,2052.08,2049.77,2051.61,285
2024-01-31 17:00:00,2051.61,2052.57,2051.27,2051.3,984
2024-01-31 18:00:00,2051.3,2052.06,2051.14,2051.79,932
2024-01-31 19:00:00,2051.79,2052.5,2050.46,2050.81,980
2024-01-31 20:00:00,2050.81,2052.57,2050.69,2052.54,440
2024-01-31 21:00:00,2052.54,2052.62,2050.68,2050.97,576
2024-01-31 22:00:00,2050.97,2051.01,2049.38,2049.51,596
2024-01-31 23:00:00,2049.51,2050.59,2048.98,2050.21,679
2024-02-01 00:00:00,2050.21,2051.08,2049.44,2050.44,600
2024-02-01 01:00:00,2050.44,2051.67,2049.13,2050.1,365
2024-02-01 02:00:00,2050.1,2051.64,2049.46,2051.58,609
2024-02-01 03:00:00,2051.58,2051.69,2051.28,2051.62,880
2024-02-01 04:00:00,2051.62,2052.0,2050.15,2050.35,935
2024-02-01 05:00:00,2050.35,2050.55,2048.66,2049.28,636
2024-02-01 06:00:00,2049.28,2049.69,2048.12,2048.71,235
2024-02-01 07:00:00,2048.71,2050.11,2048.53,2049.67,892
2024-02-01 08:00:00,2049.67,2050.66,2049.05,2050.12,441
2024-02-01 09:00:00,2050.12,2054.55,2048.9,2054.45,547
2024-02-01 10:00:00,2054.45,2055.38,2052.99,2053.55,200
2024-02-01 11:00:00,2053.55,2054.25,2052.81,2052.96,680
2024-02-01 12:00:00,2052.96,2054.26,2052.69,2053.58,817
2024-02-01 13:00:00,2053.58,2054.4,2053.46,2054.0,161
2024-02-01 14:00:00,2054.0,2054.15,2052.39,2052.65,559
2024-02-01 15:00:00,2052.65,2053.26,2051.72,2052.46,509
2024-02-01 16:00:00,2052.46,2053.65,2051.99,2053.03,704
2024-02-01 17:00:00,2053.03,2053.94,2052.77,2053.91,232
2024-02-01 18:00:00,2053.91,2054.59,2051.71,2052.31,410
2024-02-01 19:00:00,2052.31,2052.71,2049.18,2049.53,561
2024-02-01 20:00:00,2049.53,2051.12,2049.5,2050.85,258
2024-02-01 21:00:00,2050.85,2051.62,2049.64,2049.9,716
2024-02-01 22:00:00,2049.9,2051.49,2049.77,2051.4,130
2024-02-01 23:00:00,2051.4,2054.63,2050.97,2054.41,133
2024-02-02 00:00:00,2054.41,2055.96,2054.21,2055.86,507
2024-02-02 01:00:00,2055.86,2055.97,2053.44,2053.76,346
2024-02-02 02:00:00,2053.76,2054.43,2053.73,2054.21,243
2024-02-02 03:00:00,2054.21,2055.67,2053.94,2055.17,530
2024-02-02 04:00:00,2055.17,2055.41,2052.81,2053.04,926
2024-02-02 05:00:00,2053.04,2056.19,2052.75,2056.15,110
2024-02-02 06:00:00,2056.15,2057.81,2055.7,2057.77,913
2024-02-02 07:00:00,2057.77,2058.14,2057.33,2057.72,856
2024-02-02 08:00:00,2057.72,2059.34,2056.76,2058.95,233
2024-02-02 09:00:00,2058.95,2059.05,2056.37,2057.09,716
2024-02-02 10:00:00,2057.09,2057.68,2056.66,2057.48,468
2024-02-02 11:00:00,2057.48,2057.81,2053.81,2054.35,500
2024-02-02 12:00:00,2054.35,2057.86,2053.87,2057.0,170
2024-02-02 13:00:00,2057.0,2061.12,2056.91,2060.6,798
2024-02-02 14:00:00,2060.6,2060.79,2060.54,2060.78,290
2024-02-02 15:00:00,2060.78,2061.57,2057.49,2057.57,922
2024-02-02 16:00:00,2057.57,2057.63,2056.55,2056.66,444
2024-02-02 17:00:00,2056.66,2057.41,2053.83,2054.26,628
2024-02-02 18:00:00,2054.26,2055.96,2054.16,2055.03,740
2024-02-02 19:00:00,2055.03,2055.35,2053.89,2053.95,887
2024-02-02 20:00:00,2053.95,2054.64,2053.58,2054.17,392
2024-02-02 21:00:00,2054.17,2055.82,2052.97,2055.33,171
2024-02-02 22:00:00,2055.33,2055.44,2053.87,2054.27,409
2024-02-02 23:00:00,2054.27,2054.54,2054.05,2054.3,837
2024-02-05 00:00:00,2054.3,2054.79,2053.24,2053.49,417
2024-02-05 01:00:00,2053.49,2053.71,2052.91,2053.3,144
2024-02-05 02:00:00,2053.3,2053.39,2048.83,2048.87,523
2024-02-05 03:00:00,2048.87,2049.44,2044.88,2045.33,168
2024-02-05 04:00:00,2045.33,2045.45,2044.7,2044.82,474
2024-02-05 05:00:00,2044.82,2045.07,2038.2,2038.61,782
2024-02-05 06:00:00,2038.61,2039.34,2038.11,2038.75,638
2024-02-05 07:00:00,2038.75,2039.14,2035.2,2035.9,952
2024-02-05 08:00:00,2035.9,2037.95,2035.73,2037.92,237
2024-02-05 09:00:00,2037.92,2037.97,2036.01,2036.3,585
2024-02-05 10:00:00,2036.3,2037.24,2036.18,2036.91,195
2024-02-05 11:00:00,2036.91,2037.19,2034.87,2035.73,222
2024-02-05 12:00:00,2035.73,2036.25,2034.54,2034.79,885
2024-02-05 13:00:00,2034.79,2037.88,2034.77,2037.0,113
2024-02-05 14:00:00,2037.0,2037.28,2035.14,2035.17,259
2024-02-05 15:00:00,2035.17,2037.0,2035.17,2036.66,544
2024-02-05 16:00:00,2036.66,2037.76,2036.65,2037.65,432
2024-02-05 17:00:00,2037.65,2038.85,2037.14,2038.39,238
2024-02-05 18:00:00,2038.39,2041.35,2037.68,2040.8,919
2024-02-05 19:00:00,2040.8,2040.88,2037.62,2038.46,968
2024-02-05 20:00:00,2038.46,2039.41,2038.3,2039.16,214
2024-02-05 21:00:00,2039.16,2040.33,2038.6,2040.19,463
2024-02-05 22:00:00,2040.19,2040.81,2040.13,2040.21,565
2024-02-05 23:00:00,2040.21,2045.33,2040.08,2045.12,450
2024-02-06 00:00:00,2045.12,2045.42,2041.92,2042.26,945
2024-02-06 01:00:00,2042.26,2045.33,2042.22,2045.21,197
2024-02-06 02:00:00,2045.21,2045.47,2043.33,2044.17,559
2024-02-06 03:00:00,2044.17,2044.23,2040.05,2040.23,415
2024-02-06 04:00:00,2040.23,2040.57,2039.44,2039.45,988
2024-02-06 05:00:00,2039.45,2040.89,2039.26,2040.48,708
2024-02-06 06:00:00,2040.48,2040.85,2036.92,2037.12,190
2024-02-06 07:00:00,2037.12,2037.5,2035.85,2035.91,766
2024-02-06 08:00:00,2035.91,2036.11,2034.53,2034.76,287
2024-02-06 09:00:00,2034.76,2035.09,2031.76,2032.12,855
2024-02-06 10:00:00,2032.12,2032.69,2032.09,2032.34,334
2024-02-06 11:00:00,2032.34,2032.74,2030.37,2031.0,695
2024-02-06 12:00:00,2031.0,2031.97,2030.39,2031.61,708
2024-02-06 13:00:00,2031.61,2032.02,2027.27,2027.62,884
2024-02-06 14:00:00,2027.62,2028.93,2027.26,2027.54,991
2024-02-06 15:00:00,2027.54,2027.7,2025.38,2025.63,356
2024-02-06 16:00:00,2025.63,2026.2,2024.63,2025.88,627
2024-02-06 17:00:00,2025.88,2028.81,2025.49,2028.6,474
2024-02-06 18:00:00,2028.6,2029.9,2028.55,2029.6,143
2024-02-06 19:00:00,2029.6,2030.81,2029.16,2030.53,204
2024-02-06 20:00:00,2030.53,2030.9,2027.53,2027.55,968
2024-02-06 21:00:00,2027.55,2028.17,2026.88,2027.97,934
2024-02-06 22:00:00,2027.97,2029.14,2027.38,2028.02,631
2024-02-06 23:00:00,2028.02,2029.04,2027.69,2029.0,901
2024-02-07 00:00:00,2029.0,2029.39,2026.52,2026.65,792
2024-02-07 01:00:00,2026.65,2027.22,2024.54,2025.31,553
2024-02-07 02:00:00,2025.31,2029.5,2024.1,2029.34,404
2024-02-07 03:00:00,2029.34,2032.03,2029.22,2031.48,857
2024-02-07 04:00:00,2031.48,2031.78,2031.31,2031.47,374
2024-02-07 05:00:00,2031.47,2032.42,2031.21,2031.39,581
2024-02-07 06:00:00,2031.39,2034.28,2031.14,2033.65,273
2024-02-07 07:00:00,2033.65,2035.09,2033.39,2034.74,155
2024-02-07 08:00:00,2034.74,2034.84,2033.32,2034.04,387
2024-02-07 09:00:00,2034.04,2034.19,2033.76,2033.96,423
2024-02-07 10:00:00,2033.96,2034.23,2033.56,2033.64,257
2024-02-07 11:00:00,2033.64,2033.82,2032.85,2033.71,247
2024-02-07 12:00:00,2033.71,2034.31,2030.15,2030.28,967
2024-02-07 13:00:00,2030.28,2032.52,2030.24,2032.05,733
2024-02-07 14:00:00,2032.05,2032.06,2028.65,2029.13,497
2024-02-07 15:00:00,2029.13,2031.16,2028.48,2030.17,332
2024-02-07 16:00:00,2030.17,2033.45,2029.86,2032.46,394
2024-02-07 17:00:00,2032.46,2035.62,2031.63,2035.21,974
2024-02-07 18:00:00,2035.21,2035.86,2034.69,2035.41,572
2024-02-07 19:00:00,2035.41,2035.59,2031.05,2031.45,556
2024-02-07 20:00:00,2031.45,2031.85,2031.04,2031.64,407
2024-02-07 21:00:00,2031.64,2032.23,2028.34,2028.66,955
2024-02-07 22:00:00,2028.66,2030.94,2028.5,2030.23,964
2024-02-07 23:00:00,2030.23,2030.51,2025.97,2026.75,843
2024-02-08 00:00:00,2026.75,2027.77,2025.96,2027.76,948
2024-02-08 01:00:00,2027.76,2032.23,2027.61,2031.63,690
2024-02-08 02:00:00,2031.63,2032.05,2030.54,2031.05,338
2024-02-08 03:00:00,2031.05,2032.36,2030.23,2032.13,605
2024-02-08 04:00:00,2032.13,2032.31,2031.2,2031.21,398
2024-02-08 05:00:00,2031.21,2031.78,2029.22,2029.68,896
2024-02-08 06:00:00,2029.68,2030.53,2029.06,2030.38,237
2024-02-08 07:00:00,2030.38,2031.99,2029.73,2031.78,862
2024-02-08 08:00:00,2031.78,2032.69,2031.3,2032.63,264
2024-02-08 09:00:00,2032.63,2033.19,2032.29,2032.63,473
2024-02-08 10:00:00,2032.63,2032.94,2031.36,2031.58,749
2024-02-08 11:00:00,2031.58,2032.36,2030.69,2031.34,286
2024-02-08 12:00:00,2031.34,2032.42,2031.33,2032.35,378
2024-02-08 13:00:00,2032.35,2036.06,2031.84,2035.59,726
2024-02-08 14:00:00,2035.59,2036.23,2034.76,2034.9,712
2024-02-08 15:00:00,2034.9,2035.97,2034.66,2035.23,872
2024-02-08 16:00:00,2035.23,2037.59,2034.94,2037.33,539
2024-02-08 17:00:00,2037.33,2038.83,2037.27,2038.06,129
2024-02-08 18:00:00,2038.06,2038.32,2036.11,2036.15,762
2024-02-08 19:00:00,2036.15,2036.57,2034.79,2034.86,560
2024-02-08 20:00:00,2034.86,2037.64,2034.57,2037.3,238
2024-02-08 21:00:00,2037.3,2038.6,2036.79,2038.55,760
2024-02-08 22:00:00,2038.55,2038.94,2037.52,2038.04,566
2024-02-08 23:00:00,2038.04,2042.05,2037.93,2041.56,786
2024-02-09 00:00:00,2041.56,2043.32,2041.39,2042.65,257
2024-02-09 01:00:00,2042.65,2044.27,2042.56,2043.27,110
2024-02-09 02:00:00,2043.27,2043.39,2042.47,2043.0,687
2024-02-09 03:00:00,2043.0,2043.1,2040.03,2040.31,809
2024-02-09 04:00:00,2040.31,2041.21,2039.98,2041.2,855
2024-02-09 05:00:00,2041.2,2041.74,2040.68,2041.04,633
2024-02-09 06:00:00,2041.04,2042.11,2040.7,2042.03,704
2024-02-09 07:00:00,2042.03,2043.06,2041.33,2041.87,335
2024-02-09 08:00:00,2041.87,2043.52,2041.25,2043.46,209
2024-02-09 09:00:00,2043.46,2046.14,2043.34,2046.02,690
2024-02-09 10:00:00,2046.02,2048.12,2045.26,2047.14,116
2024-02-09 11:00:00,2047.14,2048.29,2045.2,2045.46,898
2024-02-09 12:00:00,2045.46,2045.62,2044.96,2045.22,254
2024-02-09 13:00:00,2045.22,2045.58,2043.2,2043.93,415
2024-02-09 14:00:00,2043.93,2044.39,2041.66,2042.46,760
2024-02-09 15:00:00,2042.46,2042.76,2036.85,2037.81,556
2024-02-09 16:00:00,2037.81,2038.02,2037.31,2037.49,630
2024-02-09 17:00:00,2037.49,2037.91,2035.41,2035.48,552
2024-02-09 18:00:00,2035.48,2039.04,2035.13,2038.56,471
2024-02-09 19:00:00,2038.56,2039.19,2037.73,2037.93,393
2024-02-09 20:00:00,2037.93,2037.98,2036.5,2036.59,695
2024-02-09 21:00:00,2036.59,2039.14,2036.44,2038.91,246
2024-02-09 22:00:00,2038.91,2038.95,2035.54,2035.83,544
2024-02-09 23:00:00,2035.83,2037.1,2034.82,2037.0,445
2024-02-12 00:00:00,2037.0,2038.05,2036.39,2037.9,361
2024-02-12 01:00:00,2037.9,2039.85,2037.63,2039.44,598
2024-02-12 02:00:00,2039.44,2040.22,2037.56,2038.27,970
2024-02-12 03:00:00,2038.27,2039.82,2037.78,2039.58,799
2024-02-12 04:00:00,2039.58,2045.53,2038.81,2045.34,163
2024-02-12 05:00:00,2045.34,2048.02,2045.04,2047.94,677
2024-02-12 06:00:00,2047.94,2048.75,2047.43,2048.74,624
2024-02-12 07:00:00,2048.74,2051.0,2048.25,2050.86,652
2024-02-12 08:00:00,2050.86,2052.07,2049.67,2050.1,143
2024-02-12 09:00:00,2050.1,2050.52,2048.97,2049.02,815
2024-02-12 10:00:00,2049.02,2049.97,2048.73,2049.7,353
2024-02-12 11:00:00,2049.7,2049.91,2045.02,2045.6,504
2024-02-12 12:00:00,2045.6,2047.21,2045.45,2046.7,337
2024-02-12 13:00:00,2046.7,2047.15,2045.63,2046.38,499
2024-02-12 14:00:00,2046.38,2046.89,2045.07,2045.59,601
2024-02-12 15:00:00,2045.59,2045.62,2045.24,2045.33,601
2024-02-12 16:00:00,2045.33,2045.42,2042.95,2043.22,427
2024-02-12 17:00:00,2043.22,2043.88,2041.8,2042.43,505
2024-02-12 18:00:00,2042.43,2042.52,2038.86,2039.2,361
2024-02-12 19:00:00,2039.2,2041.14,2039.13,2040.72,832
2024-02-12 20:00:00,2040.72,2042.06,2040.39,2041.7,323
2024-02-12 21:00:00,2041.7,2043.48,2041.5,2043.12,720
2024-02-12 22:00:00,2043.12,2044.3,2042.83,2043.75,479
2024-02-12 23:00:00,2043.75,2047.1,2043.52,2046.64,856
2024-02-13 00:00:00,2046.64,2048.07,2046.44,2047.87,721
2024-02-13 01:00:00,2047.87,2050.05,2047.09,2049.65,431
2024-02-13 02:00:00,2049.65,2050.12,2048.48,2048.57,167
2024-02-13 03:00:00,2048.57,2049.16,2048.45,2048.87,429
2024-02-13 04:00:00,2048.87,2049.15,2045.64,2046.29,379
2024-02-13 05:00:00,2046.29,2049.25,2046.03,2048.46,474
2024-02-13 06:00:00,2048.46,2048.58,2045.18,2045.53,560
2024-02-13 07:00:00,2045.53,2046.05,2044.65,2044.72,310
2024-02-13 08:00:00,2044.72,2045.57,2043.31,2043.79,100
2024-02-13 09:00:00,2043.79,2046.2,2043.67,2045.63,721
2024-02-13 10:00:00,2045.63,2048.97,2045.31,2047.82,670
2024-02-13 11:00:00,2047.82,2048.97,2047.39,2048.53,501
2024-02-13 12:00:00,2048.53,2051.35,2047.68,2050.97,675
2024-02-13 13:00:00,2050.97,2051.19,2050.88,2051.08,938
2024-02-13 14:00:00,2051.08,2051.78,2049.31,2050.36,683
2024-02-13 15:00:00,2050.36,2050.38,2048.9,2049.43,663
2024-02-13 16:00:00,2049.43,2050.28,2049.35,2049.71,134
2024-02-13 17:00:00,2049.71,2050.17,2049.13,2050.08,549
2024-02-13 18:00:00,2050.08,2050.35,2047.53,2048.32,955
2024-02-13 19:00:00,2048.32,2048.5,2046.8,2047.54,271
2024-02-13 20:00:00,2047.54,2050.34,2047.13,2049.57,499
2024-02-13 21:00:00,2049.57,2049.76,2045.92,2046.16,656
2024-02-13 22:00:00,2046.16,2046.94,2043.64,2044.1,435
2024-02-13 23:00:00,2044.1,2044.21,2040.08,2040.12,699
2024-02-14 00:00:00,2040.12,2040.26,2039.32,2039.67,943
2024-02-14 01:00:00,2039.67,2043.71,2039.58,2042.45,233
2024-02-14 02:00:00,2042.45,2045.01,2042.17,2044.43,765
2024-02-14 03:00:00,2044.43,2044.88,2040.88,2041.27,621
2024-02-14 04:00:00,2041.27,2042.89,2040.57,2042.63,180
2024-02-14 05:00:00,2042.63,2043.31,2038.69,2038.78,540
2024-02-14 06:00:00,2038.78,2039.89,2038.78,2039.61,377
2024-02-14 07:00:00,2039.61,2039.79,2038.68,2039.16,960
2024-02-14 08:00:00,2039.16,2039.51,2036.8,2037.17,774
2024-02-14 09:00:00,2037.17,2037.69,2034.09,2034.37,562
2024-02-14 10:00:00,2034.37,2034.84,2032.94,2033.61,568
2024-02-14 11:00:00,2033.61,2034.72,2033.44,2034.36,521
2024-02-14 12:00:00,2034.36,2038.41,2033.89,2037.5,114
2024-02-14 13:00:00,2037.5,2039.72,2037.0,2039.18,585
2024-02-14 14:00:00,2039.18,2039.5,2033.89,2034.63,590
2024-02-14 15:00:00,2034.63,2036.02,2033.75,2034.17,963
2024-02-14 16:00:00,2034.17,2038.97,2034.02,2037.88,189
2024-02-14 17:00:00,2037.88,2039.05,2037.52,2038.97,642
2024-02-14 18:00:00,2038.97,2039.4,2038.37,2039.25,410
2024-02-14 19:00:00,2039.25,2039.75,2038.85,2039.12,844
2024-02-14 20:00:00,2039.12,2039.46,2036.08,2036.34,367
2024-02-14 21:00:00,2036.34,2036.35,2034.48,2034.65,219
2024-02-14 22:00:00,2034.65,2034.73,2033.66,2034.09,293
2024-02-14 23:00:00,2034.09,2034.33,2033.65,2033.93,991
2024-02-15 00:00:00,2033.93,2034.47,2032.82,2034.12,873
2024-02-15 01:00:00,2034.12,2038.96,2034.11,2038.7,335
2024-02-15 02:00:00,2038.7,2038.91,2036.91,2036.93,539
2024-02-15 03:00:00,2036.93,2037.08,2035.59,2035.87,936
2024-02-15 04:00:00,2035.87,2039.69,2035.31,2039.17,787
2024-02-15 05:00:00,2039.17,2039.55,2035.02,2035.56,994
2024-02-15 06:00:00,2035.56,2035.61,2035.22,2035.42,748
2024-02-15 07:00:00,2035.42,2036.41,2035.32,2036.22,477
2024-02-15 08:00:00,2036.22,2039.41,2035.28,2038.95,492
2024-02-15 09:00:00,2038.95,2040.95,2038.56,2040.23,144
2024-02-15 10:00:00,2040.23,2041.91,2039.88,2041.75,737
2024-02-15 11:00:00,2041.75,2041.86,2040.37,2041.0,831
2024-02-15 12:00:00,2041.0,2041.53,2039.74,2039.99,848
2024-02-15 13:00:00,2039.99,2040.81,2039.77,2040.6,357
2024-02-15 14:00:00,2040.6,2041.27,2038.38,2038.69,824
2024-02-15 15:00:00,2038.69,2039.14,2036.23,2037.29,378
2024-02-15 16:00:00,2037.29,2040.62,2036.48,2040.55,204
2024-02-15 17:00:00,2040.55,2041.33,2040.08,2041.15,128
2024-02-15 18:00:00,2041.15,2042.28,2041.11,2041.68,660
2024-02-15 19:00:00,2041.68,2042.05,2040.22,2040.56,606
2024-02-15 20:00:00,2040.56,2041.09,2040.48,2040.98,374
2024-02-15 21:00:00,2040.98,2041.45,2037.67,2037.7,437
2024-02-15 22:00:00,2037.7,2038.56,2036.16,2036.47,117
2024-02-15 23:00:00,2036.47,2036.48,2035.39,2035.74,863
2024-02-16 00:00:00,2035.74,2037.73,2035.73,2036.96,326
2024-02-16 01:00:00,2036.96,2037.12,2036.04,2036.79,983
2024-02-16 02:00:00,2036.79,2037.16,2035.54,2035.65,950
2024-02-16 03:00:00,2035.65,2036.18,2034.21,2034.61,511
2024-02-16 04:00:00,2034.61,2035.03,2033.97,2034.16,974
2024-02-16 05:00:00,2034.16,2035.73,2033.78,2035.11,531
2024-02-16 06:00:00,2035.11,2035.62,2035.06,2035.51,287
2024-02-16 07:00:00,2035.51,2035.6,2031.62,2032.22,755
2024-02-16 08:00:00,2032.22,2034.2,2031.28,2034.08,937
2024-02-16 09:00:00,2034.08,2037.15,2033.68,2036.32,536
2024-02-16 10:00:00,2036.32,2043.33,2036.28,2042.74,752
2024-02-16 11:00:00,2042.74,2042.87,2041.47,2041.89,699
2024-02-16 12:00:00,2041.89,2042.09,2041.61,2041.92,935
2024-02-16 13:00:00,2041.92,2042.63,2040.73,2042.31,708
2024-02-16 14:00:00,2042.31,2046.38,2042.1,2045.72,447
2024-02-16 15:00:00,2045.72,2046.18,2042.35,2042.35,539
2024-02-16 16:00:00,2042.35,2042.87,2038.52,2039.1,318
2024-02-16 17:00:00,2039.1,2040.82,2038.96,2040.72,506
2024-02-16 18:00:00,2040.72,2041.02,2039.45,2039.81,671
2024-02-16 19:00:00,2039.81,2040.45,2039.78,2040.4,244
2024-02-16 20:00:00,2040.4,2041.92,2039.86,2041.06,868
2024-02-16 21:00:00,2041.06,2041.41,2038.97,2039.19,976
2024-02-16 22:00:00,2039.19,2044.55,2039.01,2044.07,882
2024-02-16 23:00:00,2044.07,2044.25,2042.27,2042.35,719
2024-02-19 00:00:00,2042.35,2044.27,2041.99,2043.57,216
2024-02-19 01:00:00,2043.57,2045.18,2042.73,2044.46,505
2024-02-19 02:00:00,2044.46,2048.24,2044.4,2047.74,947
2024-02-19 03:00:00,2047.74,2048.45,2047.58,2048.42,502
2024-02-19 04:00:00,2048.42,2049.08,2048.17,2048.88,418
2024-02-19 05:00:00,2048.88,2049.39,2043.49,2043.65,912
2024-02-19 06:00:00,2043.65,2043.84,2042.72,2042.77,137
2024-02-19 07:00:00,2042.77,2043.15,2039.44,2040.02,834
2024-02-19 08:00:00,2040.02,2040.19,2036.64,2036.83,504
2024-02-19 09:00:00,2036.83,2036.87,2035.69,2036.4,562
2024-02-19 10:00:00,2036.4,2037.84,2035.98,2037.64,152
2024-02-19 11:00:00,2037.64,2038.24,2033.28,2033.34,803
2024-02-19 12:00:00,2033.34,2037.0,2033.1,2036.2,161
2024-02-19 13:00:00,2036.2,2038.91,2035.93,2038.27,105
2024-02-19 14:00:00,2038.27,2039.15,2037.82,2039.04,663
2024-02-19 15:00:00,2039.04,2044.96,2038.52,2044.85,464
2024-02-19 16:00:00,2044.85,2046.69,2044.49,2046.32,229
2024-02-19 17:00:00,2046.32,2046.42,2045.1,2045.16,127
2024-02-19 18:00:00,2045.16,2045.84,2043.89,2045.75,495
2024-02-19 19:00:00,2045.75,2051.72,2045.62,2051.06,274
2024-02-19 20:00:00,2051.06,2052.13,2050.53,2051.75,839
2024-02-19 21:00:00,2051.75,2053.2,2051.4,2052.76,693
2024-02-19 22:00:00,2052.76,2053.43,2051.32,2051.52,254
2024-02-19 23:00:00,2051.52,2051.6,2048.2,2048.3,726
2024-02-20 00:00:00,2048.3,2049.76,2047.68,2048.79,940
2024-02-20 01:00:00,2048.79,2049.2,2046.09,2046.25,390
2024-02-20 02:00:00,2046.25,2048.18,2045.31,2048.05,120
2024-02-20 03:00:00,2048.05,2050.18,2047.26,2049.8,946
2024-02-20 04:00:00,2049.8,2054.41,2049.46,2054.37,364
2024-02-20 05:00:00,2054.37,2054.51,2048.66,2049.81,772
2024-02-20 06:00:00,2049.81,2052.39,2049.09,2052.01,400
2024-02-20 07:00:00,2052.01,2054.26,2051.46,2053.48,823
2024-02-20 08:00:00,2053.48,2053.59,2050.39,2051.17,780
2024-02-20 09:00:00,2051.17,2052.63,2051.03,2051.9,143
2024-02-20 10:00:00,2051.9,2054.79,2051.35,2054.12,307
2024-02-20 11:00:00,2054.12,2057.52,2054.0,2057.33,785
2024-02-20 12:00:00,2057.33,2058.07,2054.56,2054.7,907
2024-02-20 13:00:00,2054.7,2054.94,2050.15,2050.39,926
2024-02-20 14:00:00,2050.39,2052.37,2050.03,2051.86,840
2024-02-20 15:00:00,2051.86,2053.29,2050.55,2051.14,885
2024-02-20 16:00:00,2051.14,2051.88,2050.47,2050.69,961
2024-02-20 17:00:00,2050.69,2050.69,2049.84,2050.25,743
2024-02-20 18:00:00,2050.25,2053.99,2049.99,2053.96,200
2024-02-20 19:00:00,2053.96,2054.7,2051.64,2052.37,243
2024-02-20 20:00:00,2052.37,2052.72,2050.77,2051.48,532
2024-02-20 21:00:00,2051.48,2053.36,2051.19,2052.84,949
2024-02-20 22:00:00,2052.84,2053.47,2052.74,2053.03,372
2024-02-20 23:00:00,2053.03,2054.13,2052.83,2053.57,681
2024-02-21 00:00:00,2053.57,2053.66,2052.28,2052.95,264
2024-02-21 01:00:00,2052.95,2055.71,2052.84,2055.23,172
2024-02-21 02:00:00,2055.23,2056.58,2054.71,2056.07,584
2024-02-21 03:00:00,2056.07,2058.26,2055.92,2058.16,513
2024-02-21 04:00:00,2058.16,2058.85,2056.87,2057.71,229
2024-02-21 05:00:00,2057.71,2058.0,2054.35,2055.6,300
2024-02-21 06:00:00,2055.6,2055.79,2055.44,2055.61,411
2024-02-21 07:00:00,2055.61,2055.85,2052.55,2052.92,192
2024-02-21 08:00:00,2052.92,2053.29,2050.86,2051.26,125
2024-02-21 09:00:00,2051.26,2052.09,2051.12,2051.16,235
2024-02-21 10:00:00,2051.16,2051.29,2049.68,2050.58,236
2024-02-21 11:00:00,2050.58,2053.77,2050.01,2053.26,512
2024-02-21 12:00:00,2053.26,2055.83,2052.94,2054.98,445
2024-02-21 13:00:00,2054.98,2055.23,2054.44,2054.52,439
2024-02-21 14:00:00,2054.52,2056.97,2054.0,2056.14,121
2024-02-21 15:00:00,2056.14,2057.25,2053.79,2054.54,913
2024-02-21 16:00:00,2054.54,2057.06,2053.87,2056.56,797
2024-02-21 17:00:00,2056.56,2058.28,2056.54,2058.15,202
2024-02-21 18:00:00,2058.15,2060.5,2057.84,2059.55,243
2024-02-21 19:00:00,2059.55,2062.41,2059.0,2061.6,146
2024-02-21 20:00:00,2061.6,2061.77,2059.5,2059.89,255
2024-02-21 21:00:00,2059.89,2061.08,2058.38,2060.69,205
2024-02-21 22:00:00,2060.69,2065.46,2060.65,2065.06,943
2024-02-21 23:00:00,2065.06,2066.63,2064.64,2065.66,858
2024-02-22 00:00:00,2065.66,2072.82,2065.36,2072.58,599
2024-02-22 01:00:00,2072.58,2074.72,2072.08,2074.3,888
2024-02-22 02:00:00,2074.3,2074.7,2073.2,2073.41,600
2024-02-22 03:00:00,2073.41,2079.13,2073.35,2078.26,187
2024-02-22 04:00:00,2078.26,2079.08,2078.23,2078.9,486
2024-02-22 05:00:00,2078.9,2080.79,2078.78,2080.24,372
2024-02-22 06:00:00,2080.24,2080.96,2080.02,2080.43,949
2024-02-22 07:00:00,2080.43,2082.09,2080.28,2081.58,968
2024-02-22 08:00:00,2081.58,2082.08,2075.66,2076.34,374
2024-02-22 09:00:00,2076.34,2076.9,2073.97,2074.82,782
2024-02-22 10:00:00,2074.82,2074.95,2072.39,2072.51,271
2024-02-22 11:00:00,2072.51,2076.45,2072.37,2075.84,890
2024-02-22 12:00:00,2075.84,2075.87,2073.05,2073.92,273
2024-02-22 13:00:00,2073.92,2074.48,2073.85,2074.34,789
2024-02-22 14:00:00,2074.34,2075.45,2074.22,2075.2,637
2024-02-22 15:00:00,2075.2,2076.31,2074.99,2074.99,244
2024-02-22 16:00:00,2074.99,2075.48,2073.79,2075.16,260
2024-02-22 17:00:00,2075.16,2075.45,2074.92,2075.14,681
2024-02-22 18:00:00,2075.14,2077.82,2075.13,2077.11,902
2024-02-22 19:00:00,2077.11,2077.16,2074.84,2075.35,525
2024-02-22 20:00:00,2075.35,2077.44,2074.78,2077.17,425
2024-02-22 21:00:00,2077.17,2079.38,2077.15,2079.06,143
2024-02-22 22:00:00,2079.06,2083.31,2079.04,2082.78,154
2024-02-22 23:00:00,2082.78,2084.31,2082.45,2084.18,597
2024-02-23 00:00:00,2084.18,2084.62,2080.73,2081.09,391
2024-02-23 01:00:00,2081.09,2081.19,2077.4,2077.83,767
2024-02-23 02:00:00,2077.83,2078.85,2076.46,2076.72,255
2024-02-23 03:00:00,2076.72,2080.13,2076.2,2079.41,259
2024-02-23 04:00:00,2079.41,2080.01,2076.35,2076.88,340
2024-02-23 05:00:00,2076.88,2079.34,2076.31,2079.19,167
2024-02-23 06:00:00,2079.19,2081.04,2079.16,2080.65,881
2024-02-23 07:00:00,2080.65,2080.82,2077.97,2078.77,311
2024-02-23 08:00:00,2078.77,2082.85,2078.66,2082.5,115
2024-02-23 09:00:00,2082.5,2083.04,2080.39,2080.92,891
2024-02-23 10:00:00,2080.92,2081.37,2079.61,2079.72,598
2024-02-23 11:00:00,2079.72,2080.56,2079.39,2080.01,653
2024-02-23 12:00:00,2080.01,2080.48,2078.3,2079.14,485
2024-02-23 13:00:00,2079.14,2080.8,2078.82,2080.75,140
2024-02-23 14:00:00,2080.75,2081.54,2078.65,2078.7,433
2024-02-23 15:00:00,2078.7,2079.83,2077.8,2079.8,300
2024-02-23 16:00:00,2079.8,2080.74,2077.63,2078.36,697
2024-02-23 17:00:00,2078.36,2080.28,2078.1,2080.25,839
2024-02-23 18:00:00,2080.25,2080.43,2079.79,2080.0,563
2024-02-23 19:00:00,2080.0,2080.24,2079.73,2079.91,998
2024-02-23 20:00:00,2079.91,2080.02,2078.93,2079.98,553
2024-02-23 21:00:00,2079.98,2080.6,2079.93,2080.31,727
2024-02-23 22:00:00,2080.31,2080.79,2077.02,2077.82,942
2024-02-23 23:00:00,2077.82,2078.53,2077.07,2077.09,684
2024-02-26 00:00:00,2077.09,2077.19,2076.54,2076.76,970
2024-02-26 01:00:00,2076.76,2079.17,2076.0,2078.6,919
2024-02-26 02:00:00,2078.6,2080.32,2078.15,2079.94,626
2024-02-26 03:00:00,2079.94,2080.58,2076.67,2076.87,660
2024-02-26 04:00:00,2076.87,2080.25,2076.35,2079.82,610
2024-02-26 05:00:00,2079.82,2080.55,2077.3,2077.73,539
2024-02-26 06:00:00,2077.73,2077.97,2074.63,2074.98,472
2024-02-26 07:00:00,2074.98,2075.11,2074.16,2074.17,473
2024-02-26 08:00:00,2074.17,2076.08,2073.83,2075.73,205
2024-02-26 09:00:00,2075.73,2079.1,2075.36,2078.5,455
2024-02-26 10:00:00,2078.5,2079.07,2076.32,2076.38,507
2024-02-26 11:00:00,2076.38,2077.32,2075.94,2077.22,196
2024-02-26 12:00:00,2077.22,2078.25,2076.39,2078.14,605
2024-02-26 13:00:00,2078.14,2081.79,2076.82,2080.92,118
2024-02-26 14:00:00,2080.92,2082.72,2080.36,2082.01,604
2024-02-26 15:00:00,2082.01,2083.38,2079.16,2079.39,382
2024-02-26 16:00:00,2079.39,2081.78,2079.39,2081.28,843
2024-02-26 17:00:00,2081.28,2082.55,2078.54,2078.71,625
2024-02-26 18:00:00,2078.71,2079.31,2078.01,2079.14,438
2024-02-26 19:00:00,2079.14,2079.69,2076.5,2076.63,612
2024-02-26 20:00:00,2076.63,2076.75,2075.62,2075.75,790
2024-02-26 21:00:00,2075.75,2078.11,2075.57,2077.93,152
2024-02-26 22:00:00,2077.93,2083.2,2077.85,2082.66,245
2024-02-26 23:00:00,2082.66,2083.0,2080.43,2081.46,597
2024-02-27 00:00:00,2081.46,2081.58,2079.28,2079.99,741
2024-02-27 01:00:00,2079.99,2083.93,2079.16,2083.66,960
2024-02-27 02:00:00,2083.66,2085.9,2083.31,2084.97,249
2024-02-27 03:00:00,2084.97,2089.75,2084.43,2089.46,634
2024-02-27 04:00:00,2089.46,2089.94,2087.58,2087.59,102
2024-02-27 05:00:00,2087.59,2090.74,2087.26,2089.92,699
2024-02-27 06:00:00,2089.92,2094.0,2089.88,2093.99,440
2024-02-27 07:00:00,2093.99,2096.43,2093.7,2095.72,813
2024-02-27 08:00:00,2095.72,2096.38,2093.51,2093.54,736
2024-02-27 09:00:00,2093.54,2093.98,2091.04,2091.3,248
2024-02-27 10:00:00,2091.3,2091.6,2087.23,2087.59,607
2024-02-27 11:00:00,2087.59,2088.0,2083.88,2084.97,270
2024-02-27 12:00:00,2084.97,2086.34,2084.23,2085.83,408
2024-02-27 13:00:00,2085.83,2088.87,2085.49,2088.12,137
2024-02-27 14:00:00,2088.12,2088.35,2083.19,2083.73,705
2024-02-27 15:00:00,2083.73,2084.11,2082.12,2082.22,491
2024-02-27 16:00:00,2082.22,2086.53,2082.08,2086.41,1000
2024-02-27 17:00:00,2086.41,2087.93,2085.88,2087.82,450
2024-02-27 18:00:00,2087.82,2090.07,2087.77,2089.17,596
2024-02-27 19:00:00,2089.17,2090.06,2089.12,2089.4,797
2024-02-27 20:00:00,2089.4,2090.17,2088.51,2088.91,933
2024-02-27 21:00:00,2088.91,2089.61,2086.96,2087.11,290
2024-02-27 22:00:00,2087.11,2087.23,2084.37,2084.63,572
2024-02-27 23:00:00,2084.63,2085.06,2084.0,2084.79,902
2024-02-28 00:00:00,2084.79,2085.54,2081.36,2081.5,189
2024-02-28 01:00:00,2081.5,2081.8,2077.75,2078.25,211
2024-02-28 02:00:00,2078.25,2078.8,2076.48,2076.54,593
2024-02-28 03:00:00,2076.54,2077.2,2072.76,2073.34,389
2024-02-28 04:00:00,2073.34,2073.85,2072.96,2073.61,186
2024-02-28 05:00:00,2073.61,2074.4,2072.23,2072.52,162
2024-02-28 06:00:00,2072.52,2073.44,2072.25,2073.24,143
2024-02-28 07:00:00,2073.24,2077.97,2072.75,2077.66,495
2024-02-28 08:00:00,2077.66,2077.83,2073.54,2074.5,259
2024-02-28 09:00:00,2074.5,2074.77,2073.48,2073.84,734
2024-02-28 10:00:00,2073.84,2077.61,2073.75,2077.15,140
2024-02-28 11:00:00,2077.15,2077.68,2076.29,2076.34,282
2024-02-28 12:00:00,2076.34,2077.49,2075.99,2077.37,606
2024-02-28 13:00:00,2077.37,2078.2,2077.26,2078.02,849
2024-02-28 14:00:00,2078.02,2081.88,2077.6,2081.55,296
2024-02-28 15:00:00,2081.55,2082.1,2081.05,2081.36,629
2024-02-28 16:00:00,2081.36,2082.24,2081.27,2082.19,480
2024-02-28 17:00:00,2082.19,2083.76,2082.17,2083.1,272
2024-02-28 18:00:00,2083.1,2083.43,2080.82,2081.2,741
2024-02-28 19:00:00,2081.2,2082.59,2081.15,2081.62,495
2024-02-28 20:00:00,2081.62,2082.14,2081.03,2081.44,246
2024-02-28 21:00:00,2081.44,2083.94,2080.83,2083.68,174
2024-02-28 22:00:00,2083.68,2084.08,2083.64,2083.92,886
2024-02-28 23:00:00,2083.92,2084.25,2082.44,2084.04,260
2024-02-29 00:00:00,2084.04,2088.44,2083.18,2088.24,930
2024-02-29 01:00:00,2088.24,2090.47,2087.22,2090.08,229
2024-02-29 02:00:00,2090.08,2090.52,2089.71,2089.71,459
2024-02-29 03:00:00,2089.71,2090.62,2089.3,2090.21,373
2024-02-29 04:00:00,2090.21,2090.51,2085.93,2087.19,326
2024-02-29 05:00:00,2087.19,2087.36,2086.79,2087.13,476
2024-02-29 06:00:00,2087.13,2090.06,2085.5,2088.95,106
2024-02-29 07:00:00,2088.95,2089.61,2088.13,2088.53,288
2024-02-29 08:00:00,2088.53,2089.42,2087.48,2089.15,484
2024-02-29 09:00:00,2089.15,2089.17,2086.58,2086.84,519
2024-02-29 10:00:00,2086.84,2090.36,2086.0,2090.28,196
2024-02-29 11:00:00,2090.28,2093.85,2090.27,2093.66,943
2024-02-29 12:00:00,2093.66,2094.69,2091.72,2093.3,767
2024-02-29 13:00:00,2093.3,2093.71,2093.1,2093.66,859
2024-02-29 14:00:00,2093.66,2094.48,2093.12,2093.43,476
2024-02-29 15:00:00,2093.43,2095.4,2092.91,2094.95,187
2024-02-29 16:00:00,2094.95,2095.28,2093.45,2093.79,536
2024-02-29 17:00:00,2093.79,2094.63,2093.07,2094.41,375
2024-02-29 18:00:00,2094.41,2095.22,2094.26,2094.95,890
2024-02-29 19:00:00,2094.95,2099.76,2094.19,2098.95,150
2024-02-29 20:00:00,2098.95,2099.55,2098.05,2098.46,428
2024-02-29 21:00:00,2098.46,2098.95,2097.64,2098.77,693
2024-02-29 22:00:00,2098.77,2099.21,2098.6,2098.85,323
2024-02-29 23:00:00,2098.85,2099.57,2098.45,2099.29,581
2024-03-01 00:00:00,2099.29,2099.37,2098.32,2098.46,760
2024-03-01 01:00:00,2098.46,2100.23,2098.01,2100.08,432
2024-03-01 02:00:00,2100.08,2100.22,2098.78,2098.82,744
2024-03-01 03:00:00,2098.82,2101.31,2098.71,2100.06,604
2024-03-01 04:00:00,2100.06,2101.12,2099.42,2100.69,839
2024-03-01 05:00:00,2100.69,2100.9,2098.54,2099.12,736
2024-03-01 06:00:00,2099.12,2099.58,2096.92,2097.32,835
2024-03-01 07:00:00,2097.32,2099.17,2096.85,2098.87,265
2024-03-01 08:00:00,2098.87,2105.19,2098.63,2104.2,895
2024-03-01 09:00:00,2104.2,2104.37,2103.28,2103.64,332
2024-03-01 10:00:00,2103.64,2105.05,2102.55,2102.57,519
2024-03-01 11:00:00,2102.57,2103.6,2102.41,2103.2,170
2024-03-01 12:00:00,2103.2,2103.7,2102.5,2103.36,673
2024-03-01 13:00:00,2103.36,2103.65,2103.09,2103.37,459
2024-03-01 14:00:00,2103.37,2103.62,2101.46,2102.2,251
2024-03-01 15:00:00,2102.2,2102.32,2100.94,2100.99,743
2024-03-01 16:00:00,2100.99,2101.49,2099.12,2100.45,619
2024-03-01 17:00:00,2100.45,2100.73,2097.23,2097.58,796
2024-03-01 18:00:00,2097.58,2097.91,2094.34,2095.7,514
2024-03-01 19:00:00,2095.7,2095.97,2091.91,2092.34,133
2024-03-01 20:00:00,2092.34,2092.44,2090.9,2091.24,957
2024-03-01 21:00:00,2091.24,2093.15,2090.78,2092.79,966
2024-03-01 22:00:00,2092.79,2093.06,2092.34,2092.72,307
2024-03-01 23:00:00,2092.72,2093.32,2091.14,2091.72,396
2024-03-04 00:00:00,2091.72,2093.24,2091.14,2093.12,568
2024-03-04 01:00:00,2093.12,2093.16,2090.86,2091.04,488
2024-03-04 02:00:00,2091.04,2091.09,2089.68,2089.92,200
2024-03-04 03:00:00,2089.92,2092.36,2088.85,2091.56,690
2024-03-04 04:00:00,2091.56,2092.08,2089.54,2090.15,539
2024-03-04 05:00:00,2090.15,2090.86,2088.05,2088.31,160
2024-03-04 06:00:00,2088.31,2088.58,2086.97,2087.4,777
2024-03-04 07:00:00,2087.4,2087.74,2085.66,2085.8,734
2024-03-04 08:00:00,2085.8,2088.87,2085.7,2088.68,221
2024-03-04 09:00:00,2088.68,2089.26,2084.82,2085.06,804
2024-03-04 10:00:00,2085.06,2085.56,2083.56,2084.13,652
2024-03-04 11:00:00,2084.13,2086.46,2083.86,2086.22,703
2024-03-04 12:00:00,2086.22,2086.74,2084.03,2084.12,991
2024-03-04 13:00:00,2084.12,2085.87,2083.46,2085.34,781
2024-03-04 14:00:00,2085.34,2085.63,2084.31,2084.84,198
2024-03-04 15:00:00,2084.84,2085.66,2084.6,2084.74,443
2024-03-04 16:00:00,2084.74,2084.91,2082.52,2082.67,666
2024-03-04 17:00:00,2082.67,2083.59,2082.47,2083.56,689
2024-03-04 18:00:00,2083.56,2086.02,2083.05,2085.56,273
2024-03-04 19:00:00,2085.56,2085.85,2084.14,2084.37,629
2024-03-04 20:00:00,2084.37,2085.2,2084.25,2085.0,580
2024-03-04 21:00:00,2085.0,2085.21,2083.01,2083.47,178
2024-03-04 22:00:00,2083.47,2084.18,2081.49,2082.0,628
2024-03-04 23:00:00,2082.0,2082.02,2081.29,2081.62,379
2024-03-05 00:00:00,2081.62,2081.96,2079.8,2079.88,807
2024-03-05 01:00:00,2079.88,2081.09,2079.8,2080.13,361
2024-03-05 02:00:00,2080.13,2080.36,2079.0,2079.99,409
2024-03-05 03:00:00,2079.99,2080.64,2079.56,2079.57,465
2024-03-05 04:00:00,2079.57,2081.93,2078.74,2081.75,449
2024-03-05 05:00:00,2081.75,2082.22,2080.42,2081.34,713
2024-03-05 06:00:00,2081.34,2081.46,2079.49,2079.78,965
2024-03-05 07:00:00,2079.78,2081.39,2079.25,2080.85,972
2024-03-05 08:00:00,2080.85,2081.65,2076.63,2077.02,702
2024-03-05 09:00:00,2077.02,2077.37,2073.97,2075.13,652
2024-03-05 10:00:00,2075.13,2079.15,2074.99,2078.96,822
2024-03-05 11:00:00,2078.96,2078.98,2076.37,2076.4,471
2024-03-05 12:00:00,2076.4,2078.07,2075.81,2077.46,231
2024-03-05 13:00:00,2077.46,2077.53,2076.53,2076.88,566
2024-03-05 14:00:00,2076.88,2077.5,2075.33,2075.73,301
2024-03-05 15:00:00,2075.73,2079.98,2075.44,2079.59,621
2024-03-05 16:00:00,2079.59,2079.94,2079.09,2079.88,779
2024-03-05 17:00:00,2079.88,2083.24,2079.67,2083.11,711
2024-03-05 18:00:00,2083.11,2083.7,2075.84,2076.75,862
2024-03-05 19:00:00,2076.75,2077.02,2074.16,2075.53,768
2024-03-05 20:00:00,2075.53,2076.26,2072.05,2072.37,716
2024-03-05 21:00:00,2072.37,2077.37,2072.12,2077.05,228
2024-03-05 22:00:00,2077.05,2077.68,2075.33,2075.61,912
2024-03-05 23:00:00,2075.61,2077.14,2075.13,2076.87,230
2024-03-06 00:00:00,2076.87,2077.02,2074.74,2075.35,215
2024-03-06 01:00:00,2075.35,2075.87,2073.71,2074.35,440
2024-03-06 02:00:00,2074.35,2077.68,2073.12,2077.21,122
2024-03-06 03:00:00,2077.21,2077.97,2071.97,2072.23,225
2024-03-06 04:00:00,2072.23,2072.98,2071.7,2072.04,894
2024-03-06 05:00:00,2072.04,2072.61,2070.67,2071.16,513
2024-03-06 06:00:00,2071.16,2071.46,2070.7,2070.76,586
2024-03-06 07:00:00,2070.76,2071.0,2067.68,2067.81,686
2024-03-06 08:00:00,2067.81,2068.15,2067.68,2067.78,685
2024-03-06 09:00:00,2067.78,2068.09,2066.79,2067.27,656
2024-03-06 10:00:00,2067.27,2069.52,2066.99,2069.19,195
2024-03-06 11:00:00,2069.19,2069.22,2067.4,2067.9,668
2024-03-06 12:00:00,2067.9,2068.83,2067.44,2068.79,221
2024-03-06 13:00:00,2068.79,2069.56,2067.75,2068.47,676
2024-03-06 14:00:00,2068.47,2070.78,2068.31,2070.14,167
2024-03-06 15:00:00,2070.14,2071.02,2069.15,2070.84,950
2024-03-06 16:00:00,2070.84,2074.51,2070.61,2073.9,666
2024-03-06 17:00:00,2073.9,2074.75,2070.56,2071.13,373
2024-03-06 18:00:00,2071.13,2071.83,2067.71,2068.23,185
2024-03-06 19:00:00,2068.23,2070.73,2067.82,2070.41,488
2024-03-06 20:00:00,2070.41,2070.96,2068.89,2069.59,531
2024-03-06 21:00:00,2069.59,2070.28,2069.42,2069.8,697
2024-03-06 22:00:00,2069.8,2070.0,2067.87,2068.48,248
2024-03-06 23:00:00,2068.48,2068.54,2065.19,2065.66,939
2024-03-07 00:00:00,2065.66,2065.76,2065.5,2065.67,845
2024-03-07 01:00:00,2065.67,2066.29,2064.82,2066.0,603
2024-03-07 02:00:00,2066.0,2066.94,2065.97,2066.43,793
2024-03-07 03:00:00,2066.43,2066.99,2063.67,2063.86,191
2024-03-07 04:00:00,2063.86,2066.6,2063.78,2066.17,471
2024-03-07 05:00:00,2066.17,2066.36,2065.21,2065.59,499
2024-03-07 06:00:00,2065.59,2065.77,2062.48,2062.75,929
2024-03-07 07:00:00,2062.75,2063.81,2062.64,2063.04,566
2024-03-07 08:00:00,2063.04,2065.48,2062.83,2065.17,817
2024-03-07 09:00:00,2065.17,2065.86,2064.78,2065.42,957
2024-03-07 10:00:00,2065.42,2065.78,2062.73,2062.88,374
2024-03-07 11:00:00,2062.88,2063.38,2059.32,2059.78,637
2024-03-07 12:00:00,2059.78,2060.11,2056.77,2057.34,135
2024-03-07 13:00:00,2057.34,2057.56,2055.3,2055.43,769
2024-03-07 14:00:00,2055.43,2055.75,2053.56,2053.98,516
2024-03-07 15:00:00,2053.98,2054.64,2053.43,2054.2,298
2024-03-07 16:00:00,2054.2,2057.38,2053.65,2056.8,236
2024-03-07 17:00:00,2056.8,2058.68,2056.3,2058.39,185
2024-03-07 18:00:00,2058.39,2059.09,2057.59,2058.05,487
2024-03-07 19:00:00,2058.05,2060.41,2057.82,2060.02,596
2024-03-07 20:00:00,2060.02,2060.64,2058.92,2059.11,228
2024-03-07 21:00:00,2059.11,2060.06,2058.34,2059.96,725
2024-03-07 22:00:00,2059.96,2062.72,2059.79,2062.68,845
2024-03-07 23:00:00,2062.68,2064.05,2061.66,2063.6,486
2024-03-08 00:00:00,2063.6,2063.79,2062.3,2063.22,900
2024-03-08 01:00:00,2063.22,2063.51,2062.75,2063.0,343
2024-03-08 02:00:00,2063.0,2063.9,2062.27,2063.48,414
2024-03-08 03:00:00,2063.48,2063.64,2057.57,2058.03,405
2024-03-08 04:00:00,2058.03,2058.12,2056.72,2057.12,835
2024-03-08 05:00:00,2057.12,2057.16,2056.21,2056.52,287
2024-03-08 06:00:00,2056.52,2058.95,2056.18,2058.44,164
2024-03-08 07:00:00,2058.44,2060.16,2058.12,2059.65,494
2024-03-08 08:00:00,2059.65,2060.75,2058.63,2060.11,747
2024-03-08 09:00:00,2060.11,2062.89,2059.78,2062.21,742
2024-03-08 10:00:00,2062.21,2067.23,2062.06,2066.32,753
2024-03-08 11:00:00,2066.32,2068.04,2066.17,2067.59,931
2024-03-08 12:00:00,2067.59,2069.4,2067.57,2068.7,231
2024-03-08 13:00:00,2068.7,2069.44,2066.02,2066.53,283
2024-03-08 14:00:00,2066.53,2066.96,2064.9,2065.52,556
2024-03-08 15:00:00,2065.52,2065.66,2062.83,2063.17,968
2024-03-08 16:00:00,2063.17,2064.91,2062.73,2064.81,726
2024-03-08 17:00:00,2064.81,2065.27,2060.17,2060.66,772
2024-03-08 18:00:00,2060.66,2061.89,2060.47,2061.47,864
2024-03-08 19:00:00,2061.47,2062.4,2061.43,2062.39,885
2024-03-08 20:00:00,2062.39,2063.77,2062.08,2063.34,703
2024-03-08 21:00:00,2063.34,2064.15,2062.28,2062.51,349
2024-03-08 22:00:00,2062.51,2063.84,2061.9,2063.72,678
2024-03-08 23:00:00,2063.72,2065.66,2063.66,2065.46,717
2024-03-11 00:00:00,2065.46,2065.7,2064.85,2064.87,819
2024-03-11 01:00:00,2064.87,2065.27,2064.25,2064.26,362
2024-03-11 02:00:00,2064.26,2067.83,2064.23,2066.71,633
2024-03-11 03:00:00,2066.71,2067.28,2062.98,2063.58,513
2024-03-11 04:00:00,2063.58,2063.82,2063.16,2063.7,549
2024-03-11 05:00:00,2063.7,2065.67,2063.48,2065.28,917
2024-03-11 06:00:00,2065.28,2065.31,2063.89,2064.09,512
2024-03-11 07:00:00,2064.09,2066.18,2063.31,2065.87,597
2024-03-11 08:00:00,2065.87,2065.88,2064.57,2064.63,409
2024-03-11 09:00:00,2064.63,2066.1,2064.16,2065.64,402
2024-03-11 10:00:00,2065.64,2067.66,2065.54,2067.06,487
2024-03-11 11:00:00,2067.06,2067.06,2064.11,2064.26,354
2024-03-11 12:00:00,2064.26,2064.42,2062.72,2062.94,971
2024-03-11 13:00:00,2062.94,2063.45,2056.66,2056.9,726
2024-03-11 14:00:00,2056.9,2057.79,2056.7,2057.25,187
2024-03-11 15:00:00,2057.25,2057.31,2055.21,2055.69,392
2024-03-11 16:00:00,2055.69,2057.27,2055.23,2056.69,588
2024-03-11 17:00:00,2056.69,2056.93,2054.86,2055.95,581
2024-03-11 18:00:00,2055.95,2057.24,2055.57,2056.87,535
2024-03-11 19:00:00,2056.87,2057.34,2054.2,2054.62,493
2024-03-11 20:00:00,2054.62,2055.24,2054.58,2054.75,158
2024-03-11 21:00:00,2054.75,2054.9,2053.49,2053.64,753
2024-03-11 22:00:00,2053.64,2054.08,2052.37,2052.86,909
2024-03-11 23:00:00,2052.86,2054.47,2052.85,2054.16,221
2024-03-12 00:00:00,2054.16,2055.33,2053.21,2055.33,102
2024-03-12 01:00:00,2055.33,2059.34,2054.71,2059.0,165
2024-03-12 02:00:00,2059.0,2062.11,2058.85,2061.46,467
2024-03-12 03:00:00,2061.46,2063.93,2060.87,2063.82,758
2024-03-12 04:00:00,2063.82,2064.29,2062.36,2062.99,220
2024-03-12 05:00:00,2062.99,2063.32,2060.44,2061.02,189
2024-03-12 06:00:00,2061.02,2064.43,2060.53,2064.14,486
2024-03-12 07:00:00,2064.14,2064.27,2063.29,2063.67,940
2024-03-12 08:00:00,2063.67,2063.88,2063.06,2063.37,199
2024-03-12 09:00:00,2063.37,2067.18,2063.15,2067.02,404
2024-03-12 10:00:00,2067.02,2067.53,2064.52,2064.83,523
2024-03-12 11:00:00,2064.83,2065.81,2062.19,2062.21,411
2024-03-12 12:00:00,2062.21,2063.47,2061.64,2063.1,125
2024-03-12 13:00:00,2063.1,2063.46,2062.81,2063.23,652
2024-03-12 14:00:00,2063.23,2063.88,2060.18,2060.93,169
2024-03-12 15:00:00,2060.93,2060.97,2060.27,2060.49,851
2024-03-12 16:00:00,2060.49,2062.73,2060.13,2061.88,219
2024-03-12 17:00:00,2061.88,2063.87,2061.03,2063.16,828
2024-03-12 18:00:00,2063.16,2063.66,2061.82,2061.87,306
2024-03-12 19:00:00,2061.87,2063.75,2061.37,2063.35,721
2024-03-12 20:00:00,2063.35,2063.36,2061.26,2061.7,400
2024-03-12 21:00:00,2061.7,2061.73,2060.65,2061.51,245
2024-03-12 22:00:00,2061.51,2061.83,2059.81,2059.89,650
2024-03-12 23:00:00,2059.89,2061.5,2059.0,2060.86,157
2024-03-13 00:00:00,2060.86,2061.42,2057.16,2057.38,205
2024-03-13 01:00:00,2057.38,2058.89,2056.85,2058.7,743
2024-03-13 02:00:00,2058.7,2058.77,2055.49,2055.7,173
2024-03-13 03:00:00,2055.7,2055.86,2052.44,2053.0,390
2024-03-13 04:00:00,2053.0,2056.0,2052.83,2055.12,960
2024-03-13 05:00:00,2055.12,2055.34,2053.18,2054.08,286
2024-03-13 06:00:00,2054.08,2055.06,2052.94,2053.13,870
2024-03-13 07:00:00,2053.13,2053.66,2051.39,2051.45,869
2024-03-13 08:00:00,2051.45,2052.08,2051.09,2051.49,860
2024-03-13 09:00:00,2051.49,2053.61,2051.43,2053.36,768
2024-03-13 10:00:00,2053.36,2057.21,2053.26,2057.09,862
2024-03-13 11:00:00,2057.09,2057.67,2056.5,2057.57,501
2024-03-13 12:00:00,2057.57,2057.94,2057.03,2057.3,314
2024-03-13 13:00:00,2057.3,2060.14,2057.18,2060.13,449
2024-03-13 14:00:00,2060.13,2060.64,2058.57,2058.89,723
2024-03-13 15:00:00,2058.89,2059.12,2057.15,2057.67,141
2024-03-13 16:00:00,2057.67,2062.59,2057.39,2061.73,201
2024-03-13 17:00:00,2061.73,2063.06,2061.28,2062.48,681
2024-03-13 18:00:00,2062.48,2062.83,2060.74,2060.97,315
2024-03-13 19:00:00,2060.97,2062.96,2060.3,2062.79,592
2024-03-13 20:00:00,2062.79,2064.81,2062.76,2064.35,472
2024-03-13 21:00:00,2064.35,2066.6,2064.09,2066.33,575
2024-03-13 22:00:00,2066.33,2066.51,2066.28,2066.43,338
2024-03-13 23:00:00,2066.43,2066.8,2062.91,2063.05,178
2024-03-14 00:00:00,2063.05,2063.87,2062.9,2063.45,347
2024-03-14 01:00:00,2063.45,2063.54,2060.06,2060.82,974
2024-03-14 02:00:00,2060.82,2061.45,2059.76,2060.19,401
2024-03-14 03:00:00,2060.19,2061.29,2059.99,2060.8,771
2024-03-14 04:00:00,2060.8,2062.8,2060.62,2062.65,534
2024-03-14 05:00:00,2062.65,2062.78,2059.19,2059.23,694
2024-03-14 06:00:00,2059.23,2061.09,2058.81,2060.62,236
2024-03-14 07:00:00,2060.62,2061.2,2058.53,2059.24,874
2024-03-14 08:00:00,2059.24,2059.27,2058.12,2058.87,582
2024-03-14 09:00:00,2058.87,2059.26,2057.23,2057.27,706
2024-03-14 10:00:00,2057.27,2057.85,2057.14,2057.7,369
2024-03-14 11:00:00,2057.7,2058.61,2057.33,2057.76,321
2024-03-14 12:00:00,2057.76,2058.43,2055.91,2056.17,462
2024-03-14 13:00:00,2056.17,2060.05,2056.08,2059.79,148
2024-03-14 14:00:00,2059.79,2060.36,2059.55,2060.17,112
2024-03-14 15:00:00,2060.17,2060.88,2056.72,2057.19,774
2024-03-14 16:00:00,2057.19,2057.25,2055.4,2055.58,121
2024-03-14 17:00:00,2055.58,2058.46,2055.44,2058.32,367
2024-03-14 18:00:00,2058.32,2060.59,2057.42,2060.34,665
2024-03-14 19:00:00,2060.34,2060.85,2057.05,2057.22,356
2024-03-14 20:00:00,2057.22,2057.5,2055.78,2055.96,387
2024-03-14 21:00:00,2055.96,2057.56,2055.74,2057.01,330
2024-03-14 22:00:00,2057.01,2059.15,2056.91,2058.84,707
2024-03-14 23:00:00,2058.84,2061.13,2058.7,2060.88,371
2024-03-15 00:00:00,2060.88,2064.89,2060.43,2064.72,570
2024-03-15 01:00:00,2064.72,2065.55,2061.72,2061.81,460
2024-03-15 02:00:00,2061.81,2062.11,2059.87,2060.94,237
2024-03-15 03:00:00,2060.94,2061.25,2057.06,2057.76,784
2024-03-15 04:00:00,2057.76,2058.38,2056.84,2056.91,388
2024-03-15 05:00:00,2056.91,2057.68,2056.07,2056.17,707
2024-03-15 06:00:00,2056.17,2057.54,2055.45,2057.41,994
2024-03-15 07:00:00,2057.41,2057.93,2056.14,2056.95,221
2024-03-15 08:00:00,2056.95,2060.39,2056.85,2060.19,260
2024-03-15 09:00:00,2060.19,2061.23,2059.38,2059.7,960
2024-03-15 10:00:00,2059.7,2062.6,2059.45,2062.15,843
2024-03-15 11:00:00,2062.15,2062.7,2060.9,2061.04,230
2024-03-15 12:00:00,2061.04,2061.37,2060.81,2061.25,239
2024-03-15 13:00:00,2061.25,2065.75,2060.34,2065.34,664
2024-03-15 14:00:00,2065.34,2066.42,2063.42,2063.66,649
2024-03-15 15:00:00,2063.66,2067.03,2063.29,2066.9,111
2024-03-15 16:00:00,2066.9,2068.45,2065.5,2067.51,559
2024-03-15 17:00:00,2067.51,2067.54,2065.56,2065.66,604
2024-03-15 18:00:00,2065.66,2067.43,2065.38,2066.78,560
2024-03-15 19:00:00,2066.78,2067.74,2066.0,2066.91,660
2024-03-15 20:00:00,2066.91,2069.46,2066.61,2069.3,901
2024-03-15 21:00:00,2069.3,2070.58,2069.26,2069.96,327
2024-03-15 22:00:00,2069.96,2072.08,2069.65,2071.65,317
2024-03-15 23:00:00,2071.65,2073.13,2070.49,2072.84,966
2024-03-18 00:00:00,2072.84,2076.72,2072.74,2075.4,337
2024-03-18 01:00:00,2075.4,2076.51,2072.0,2072.13,699
2024-03-18 02:00:00,2072.13,2073.11,2069.51,2069.84,396
2024-03-18 03:00:00,2069.84,2070.09,2069.39,2069.55,587
2024-03-18 04:00:00,2069.55,2072.15,2069.3,2072.1,887
2024-03-18 05:00:00,2072.1,2072.26,2071.67,2071.95,427
2024-03-18 06:00:00,2071.95,2073.45,2071.67,2072.99,809
2024-03-18 07:00:00,2072.99,2076.21,2072.26,2075.72,446
2024-03-18 08:00:00,2075.72,2076.31,2072.65,2072.86,283
2024-03-18 09:00:00,2072.86,2076.49,2072.81,2075.82,440
2024-03-18 10:00:00,2075.82,2079.76,2075.76,2079.33,825
2024-03-18 11:00:00,2079.33,2082.47,2079.3,2082.03,480
2024-03-18 12:00:00,2082.03,2082.21,2080.58,2081.28,280
2024-03-18 13:00:00,2081.28,2081.47,2081.21,2081.4,825
2024-03-18 14:00:00,2081.4,2082.03,2077.0,2077.36,637
2024-03-18 15:00:00,2077.36,2082.05,2076.07,2081.54,578
2024-03-18 16:00:00,2081.54,2084.56,2079.8,2083.73,939
2024-03-18 17:00:00,2083.73,2086.16,2083.36,2085.97,422
2024-03-18 18:00:00,2085.97,2087.62,2085.73,2087.44,151
2024-03-18 19:00:00,2087.44,2087.58,2086.33,2086.74,582
2024-03-18 20:00:00,2086.74,2087.14,2086.05,2087.02,819
2024-03-18 21:00:00,2087.02,2089.78,2086.69,2088.86,353
2024-03-18 22:00:00,2088.86,2089.19,2088.73,2089.17,106
2024-03-18 23:00:00,2089.17,2091.08,2088.19,2090.51,845
2024-03-19 00:00:00,2090.51,2091.55,2088.7,2088.86,244
2024-03-19 01:00:00,2088.86,2091.76,2088.53,2091.24,367
2024-03-19 02:00:00,2091.24,2091.61,2090.47,2090.78,337
2024-03-19 03:00:00,2090.78,2091.61,2086.96,2087.63,892
2024-03-19 04:00:00,2087.63,2090.03,2087.43,2089.17,419
2024-03-19 05:00:00,2089.17,2089.35,2087.89,2088.05,470
2024-03-19 06:00:00,2088.05,2088.74,2087.82,2088.25,974
2024-03-19 07:00:00,2088.25,2093.47,2088.16,2092.03,935
2024-03-19 08:00:00,2092.03,2094.03,2091.77,2093.44,609
2024-03-19 09:00:00,2093.44,2093.72,2089.92,2091.37,919
2024-03-19 10:00:00,2091.37,2092.37,2091.2,2091.81,682
2024-03-19 11:00:00,2091.81,2092.5,2089.73,2089.74,360
2024-03-19 12:00:00,2089.74,2089.84,2086.52,2087.35,602
2024-03-19 13:00:00,2087.35,2087.8,2086.82,2087.74,829
2024-03-19 14:00:00,2087.74,2088.89,2087.3,2088.82,775
2024-03-19 15:00:00,2088.82,2088.89,2083.15,2083.73,486
2024-03-19 16:00:00,2083.73,2085.8,2083.09,2085.68,296
2024-03-19 17:00:00,2085.68,2090.67,2085.13,2090.54,183
2024-03-19 18:00:00,2090.54,2091.2,2089.55,2090.23,426
2024-03-19 19:00:00,2090.23,2090.52,2088.85,2089.47,315
2024-03-19 20:00:00,2089.47,2094.14,2088.05,2093.48,817
2024-03-19 21:00:00,2093.48,2094.26,2090.69,2090.86,321
2024-03-19 22:00:00,2090.86,2092.8,2089.93,2092.17,523
2024-03-19 23:00:00,2092.17,2097.56,2091.59,2096.98,274
2024-03-20 00:00:00,2096.98,2097.4,2096.91,2097.3,230
2024-03-20 01:00:00,2097.3,2097.83,2096.48,2096.95,516
2024-03-20 02:00:00,2096.95,2097.14,2094.16,2094.31,749
2024-03-20 03:00:00,2094.31,2094.54,2092.05,2092.59,231
2024-03-20 04:00:00,2092.59,2092.7,2089.18,2089.71,139
2024-03-20 05:00:00,2089.71,2090.94,2089.57,2090.15,984
2024-03-20 06:00:00,2090.15,2090.35,2088.49,2089.11,947
2024-03-20 07:00:00,2089.11,2089.64,2088.22,2088.3,131
2024-03-20 08:00:00,2088.3,2088.84,2087.79,2088.68,906
2024-03-20 09:00:00,2088.68,2093.39,2087.68,2093.02,315
2024-03-20 10:00:00,2093.02,2094.2,2091.12,2091.86,924
2024-03-20 11:00:00,2091.86,2093.86,2091.09,2093.58,799
2024-03-20 12:00:00,2093.58,2096.93,2093.37,2096.82,171
2024-03-20 13:00:00,2096.82,2097.41,2094.5,2094.7,235
2024-03-20 14:00:00,2094.7,2096.43,2094.25,2096.31,433
2024-03-20 15:00:00,2096.31,2097.05,2095.9,2096.17,740
2024-03-20 16:00:00,2096.17,2096.19,2093.97,2094.64,190
2024-03-20 17:00:00,2094.64,2097.02,2093.68,2096.58,759
2024-03-20 18:00:00,2096.58,2096.99,2096.42,2096.81,206
2024-03-20 19:00:00,2096.81,2097.63,2095.36,2096.06,265
2024-03-20 20:00:00,2096.06,2096.76,2092.74,2093.21,738
2024-03-20 21:00:00,2093.21,2093.65,2092.82,2093.11,749
2024-03-20 22:00:00,2093.11,2093.5,2093.05,2093.28,723
2024-03-20 23:00:00,2093.28,2093.65,2092.27,2092.49,694
2024-03-21 00:00:00,2092.49,2093.11,2089.34,2089.48,833
2024-03-21 01:00:00,2089.48,2092.18,2088.97,2090.9,451
2024-03-21 02:00:00,2090.9,2091.16,2089.18,2089.79,747
2024-03-21 03:00:00,2089.79,2092.02,2089.22,2091.36,749
2024-03-21 04:00:00,2091.36,2091.41,2090.73,2090.89,620
2024-03-21 05:00:00,2090.89,2093.25,2090.6,2093.11,312
2024-03-21 06:00:00,2093.11,2093.33,2089.42,2090.16,288
2024-03-21 07:00:00,2090.16,2090.63,2089.26,2089.7,426
2024-03-21 08:00:00,2089.7,2093.35,2089.42,2092.93,725
2024-03-21 09:00:00,2092.93,2093.24,2090.11,2090.52,437
2024-03-21 10:00:00,2090.52,2091.36,2088.63,2088.76,732
2024-03-21 11:00:00,2088.76,2089.17,2085.74,2086.14,529
2024-03-21 12:00:00,2086.14,2086.56,2085.82,2085.82,402
2024-03-21 13:00:00,2085.82,2085.95,2081.78,2081.92,747
2024-03-21 14:00:00,2081.92,2083.18,2081.56,2082.32,727
2024-03-21 15:00:00,2082.32,2085.34,2082.03,2085.23,748
2024-03-21 16:00:00,2085.23,2088.16,2085.1,2087.44,143
2024-03-21 17:00:00,2087.44,2087.87,2086.24,2086.39,304
2024-03-21 18:00:00,2086.39,2087.03,2083.23,2083.61,359
2024-03-21 19:00:00,2083.61,2083.78,2083.23,2083.27,229
2024-03-21 20:00:00,2083.27,2084.13,2082.32,2083.5,423
2024-03-21 21:00:00,2083.5,2083.84,2082.9,2083.21,128
2024-03-21 22:00:00,2083.21,2083.94,2080.76,2080.78,572
2024-03-21 23:00:00,2080.78,2084.89,2080.28,2084.71,543
2024-03-22 00:00:00,2084.71,2088.83,2084.15,2088.12,988
2024-03-22 01:00:00,2088.12,2088.34,2085.76,2085.83,104
2024-03-22 02:00:00,2085.83,2088.37,2085.4,2087.88,129
2024-03-22 03:00:00,2087.88,2088.25,2085.68,2086.39,933
2024-03-22 04:00:00,2086.39,2087.81,2086.23,2087.52,946
2024-03-22 05:00:00,2087.52,2089.01,2087.28,2088.46,877
2024-03-22 06:00:00,2088.46,2089.74,2086.74,2087.17,162
2024-03-22 07:00:00,2087.17,2087.25,2086.89,2086.98,788
2024-03-22 08:00:00,2086.98,2087.28,2086.34,2087.23,409
2024-03-22 09:00:00,2087.23,2092.11,2086.84,2092.11,220
2024-03-22 10:00:00,2092.11,2093.37,2091.75,2092.91,128
2024-03-22 11:00:00,2092.91,2093.17,2089.9,2090.02,679
2024-03-22 12:00:00,2090.02,2090.67,2087.84,2088.5,369
2024-03-22 13:00:00,2088.5,2090.78,2088.33,2090.78,169
2024-03-22 14:00:00,2090.78,2093.54,2090.21,2092.79,803
2024-03-22 15:00:00,2092.79,2093.3,2088.87,2089.19,396
2024-03-22 16:00:00,2089.19,2089.98,2086.61,2086.82,213
2024-03-22 17:00:00,2086.82,2089.96,2086.57,2089.82,383
2024-03-22 18:00:00,2089.82,2091.54,2089.52,2091.27,743
2024-03-22 19:00:00,2091.27,2092.41,2091.23,2091.65,729
2024-03-22 20:00:00,2091.65,2091.78,2091.37,2091.72,823
2024-03-22 21:00:00,2091.72,2092.28,2088.25,2088.44,678
2024-03-22 22:00:00,2088.44,2088.8,2087.94,2088.61,784
2024-03-22 23:00:00,2088.61,2090.51,2087.89,2089.97,538
2024-03-25 00:00:00,2089.97,2093.06,2089.2,2092.86,261
2024-03-25 01:00:00,2092.86,2092.95,2090.41,2090.56,582
2024-03-25 02:00:00,2090.56,2092.57,2090.25,2092.05,551
2024-03-25 03:00:00,2092.05,2092.09,2091.54,2092.09,612
2024-03-25 04:00:00,2092.09,2097.19,2091.98,2096.98,996
2024-03-25 05:00:00,2096.98,2097.15,2094.3,2095.07,274
2024-03-25 06:00:00,2095.07,2099.85,2094.75,2099.31,233
2024-03-25 07:00:00,2099.31,2100.2,2097.76,2098.24,154
2024-03-25 08:00:00,2098.24,2098.33,2095.25,2095.92,233
2024-03-25 09:00:00,2095.92,2097.43,2095.53,2097.0,598
2024-03-25 10:00:00,2097.0,2099.83,2096.56,2099.72,962
2024-03-25 11:00:00,2099.72,2102.58,2099.67,2102.52,137
2024-03-25 12:00:00,2102.52,2103.73,2102.05,2103.16,998
2024-03-25 13:00:00,2103.16,2104.88,2102.64,2104.18,134
2024-03-25 14:00:00,2104.18,2105.83,2103.48,2105.23,766
2024-03-25 15:00:00,2105.23,2105.5,2102.79,2103.18,862
2024-03-25 16:00:00,2103.18,2106.37,2103.16,2106.3,964
2024-03-25 17:00:00,2106.3,2106.63,2105.47,2105.65,907
2024-03-25 18:00:00,2105.65,2107.34,2105.19,2107.15,716
2024-03-25 19:00:00,2107.15,2108.38,2106.52,2107.87,901
2024-03-25 20:00:00,2107.87,2108.09,2107.52,2107.61,285
2024-03-25 21:00:00,2107.61,2108.04,2107.11,2107.93,164
2024-03-25 22:00:00,2107.93,2107.97,2102.88,2103.17,335
2024-03-25 23:00:00,2103.17,2103.17,2099.88,2100.04,749
2024-03-26 00:00:00,2100.04,2100.43,2099.02,2099.3,554
2024-03-26 01:00:00,2099.3,2101.23,2099.23,2100.3,980
2024-03-26 02:00:00,2100.3,2100.67,2098.45,2099.03,138
2024-03-26 03:00:00,2099.03,2099.08,2097.71,2098.22,865
2024-03-26 04:00:00,2098.22,2098.6,2097.87,2098.26,424
2024-03-26 05:00:00,2098.26,2102.99,2097.82,2102.17,199
2024-03-26 06:00:00,2102.17,2102.27,2099.13,2099.83,674
2024-03-26 07:00:00,2099.83,2100.3,2099.68,2100.18,743
2024-03-26 08:00:00,2100.18,2100.93,2096.9,2097.02,173
2024-03-26 09:00:00,2097.02,2099.19,2096.11,2098.37,194
2024-03-26 10:00:00,2098.37,2100.47,2098.15,2100.39,749
2024-03-26 11:00:00,2100.39,2101.08,2097.15,2097.88,385
2024-03-26 12:00:00,2097.88,2098.02,2094.57,2095.19,933
2024-03-26 13:00:00,2095.19,2097.87,2093.94,2097.18,410
2024-03-26 14:00:00,2097.18,2098.3,2096.31,2097.09,421
2024-03-26 15:00:00,2097.09,2097.45,2090.66,2091.08,310
2024-03-26 16:00:00,2091.08,2091.34,2088.97,2089.03,321
2024-03-26 17:00:00,2089.03,2089.62,2088.03,2088.54,492
2024-03-26 18:00:00,2088.54,2088.81,2087.39,2087.62,656
2024-03-26 19:00:00,2087.62,2087.65,2085.49,2086.24,687
2024-03-26 20:00:00,2086.24,2086.27,2084.48,2084.66,324
2024-03-26 21:00:00,2084.66,2085.61,2083.85,2085.16,962
2024-03-26 22:00:00,2085.16,2087.78,2084.41,2087.47,371
2024-03-26 23:00:00,2087.47,2088.52,2087.1,2088.32,562
2024-03-27 00:00:00,2088.32,2090.51,2088.3,2089.55,829
2024-03-27 01:00:00,2089.55,2089.63,2089.32,2089.55,559
2024-03-27 02:00:00,2089.55,2090.31,2087.57,2088.72,584
2024-03-27 03:00:00,2088.72,2089.8,2086.1,2086.31,790
2024-03-27 04:00:00,2086.31,2086.39,2085.24,2085.76,343
2024-03-27 05:00:00,2085.76,2085.88,2083.03,2083.79,507
2024-03-27 06:00:00,2083.79,2085.63,2083.77,2085.18,777
2024-03-27 07:00:00,2085.18,2085.93,2083.53,2084.54,731
2024-03-27 08:00:00,2084.54,2084.74,2082.22,2083.08,342
2024-03-27 09:00:00,2083.08,2085.07,2082.69,2084.39,219
2024-03-27 10:00:00,2084.39,2086.11,2084.21,2085.36,638
2024-03-27 11:00:00,2085.36,2087.62,2085.29,2087.28,265
2024-03-27 12:00:00,2087.28,2087.34,2084.1,2084.87,591
2024-03-27 13:00:00,2084.87,2085.05,2084.01,2084.09,102
2024-03-27 14:00:00,2084.09,2085.35,2083.2,2083.82,695
2024-03-27 15:00:00,2083.82,2084.54,2079.6,2080.13,942
2024-03-27 16:00:00,2080.13,2081.07,2077.07,2077.84,895
2024-03-27 17:00:00,2077.84,2077.9,2073.6,2074.27,456
2024-03-27 18:00:00,2074.27,2074.65,2070.61,2070.87,966
2024-03-27 19:00:00,2070.87,2072.26,2070.79,2072.2,109
2024-03-27 20:00:00,2072.2,2073.27,2071.92,2072.94,751
2024-03-27 21:00:00,2072.94,2073.72,2072.47,2073.65,386
2024-03-27 22:00:00,2073.65,2075.04,2072.85,2074.67,457
2024-03-27 23:00:00,2074.67,2074.72,2072.59,2072.93,402
2024-03-28 00:00:00,2072.93,2073.64,2072.43,2072.51,696
2024-03-28 01:00:00,2072.51,2073.22,2072.51,2072.81,881
2024-03-28 02:00:00,2072.81,2075.84,2072.32,2075.78,843
2024-03-28 03:00:00,2075.78,2079.07,2075.05,2078.71,965
2024-03-28 04:00:00,2078.71,2082.5,2078.67,2081.87,127
2024-03-28 05:00:00,2081.87,2082.18,2078.21,2078.49,583
2024-03-28 06:00:00,2078.49,2084.11,2078.09,2083.07,914
2024-03-28 07:00:00,2083.07,2085.99,2082.05,2085.98,435
2024-03-28 08:00:00,2085.98,2086.17,2085.66,2085.72,840
2024-03-28 09:00:00,2085.72,2085.88,2084.17,2084.72,276
2024-03-28 10:00:00,2084.72,2086.45,2084.16,2086.05,500
2024-03-28 11:00:00,2086.05,2088.52,2085.99,2087.99,425
2024-03-28 12:00:00,2087.99,2088.08,2083.05,2083.18,227
2024-03-28 13:00:00,2083.18,2084.3,2082.13,2082.47,480
2024-03-28 14:00:00,2082.47,2086.07,2082.2,2085.13,166
2024-03-28 15:00:00,2085.13,2085.31,2081.0,2081.81,374
2024-03-28 16:00:00,2081.81,2082.1,2081.28,2081.4,612
2024-03-28 17:00:00,2081.4,2082.02,2080.5,2081.27,177
2024-03-28 18:00:00,2081.27,2081.8,2078.22,2079.12,459
2024-03-28 19:00:00,2079.12,2079.34,2078.26,2079.33,736
2024-03-28 20:00:00,2079.33,2079.45,2078.26,2078.54,570
2024-03-28 21:00:00,2078.54,2078.6,2078.14,2078.28,833
2024-03-28 22:00:00,2078.28,2080.03,2077.96,2079.99,225
2024-03-28 23:00:00,2079.99,2082.15,2079.3,2082.13,390
2024-03-29 00:00:00,2082.13,2082.88,2081.75,2082.12,772
2024-03-29 01:00:00,2082.12,2082.79,2082.02,2082.42,817
2024-03-29 02:00:00,2082.42,2083.27,2081.31,2081.45,243
2024-03-29 03:00:00,2081.45,2084.0,2080.8,2083.69,167
2024-03-29 04:00:00,2083.69,2085.5,2083.12,2085.24,360
2024-03-29 05:00:00,2085.24,2087.83,2085.17,2087.64,883
2024-03-29 06:00:00,2087.64,2087.66,2086.4,2087.09,454
2024-03-29 07:00:00,2087.09,2087.11,2086.24,2086.83,835
2024-03-29 08:00:00,2086.83,2086.92,2086.37,2086.55,915
2024-03-29 09:00:00,2086.55,2087.69,2086.17,2087.56,752
2024-03-29 10:00:00,2087.56,2087.88,2087.56,2087.79,527
2024-03-29 11:00:00,2087.79,2088.65,2084.18,2084.56,341
2024-03-29 12:00:00,2084.56,2084.57,2082.58,2082.88,628
2024-03-29 13:00:00,2082.88,2083.1,2081.95,2082.24,279
2024-03-29 14:00:00,2082.24,2084.32,2081.77,2083.41,136
2024-03-29 15:00:00,2083.41,2087.2,2083.37,2086.98,435
2024-03-29 16:00:00,2086.98,2087.21,2086.35,2086.38,661
2024-03-29 17:00:00,2086.38,2086.4,2085.32,2085.96,851
2024-03-29 18:00:00,2085.96,2086.41,2085.48,2086.01,354
2024-03-29 19:00:00,2086.01,2086.57,2085.87,2086.32,361
2024-03-29 20:00:00,2086.32,2087.73,2085.55,2087.4,388
2024-03-29 21:00:00,2087.4,2088.04,2085.82,2086.16,572
2024-03-29 22:00:00,2086.16,2086.55,2085.13,2086.17,740
2024-03-29 23:00:00,2086.17,2086.17,2084.12,2084.29,184
2024-04-01 00:00:00,2084.29,2087.79,2083.19,2087.52,397
2024-04-01 01:00:00,2087.52,2088.37,2084.95,2085.27,520
2024-04-01 02:00:00,2085.27,2085.58,2083.1,2083.33,265
2024-04-01 03:00:00,2083.33,2083.55,2080.96,2081.82,962
2024-04-01 04:00:00,2081.82,2082.01,2080.47,2080.95,129
2024-04-01 05:00:00,2080.95,2081.08,2079.43,2080.43,971
2024-04-01 06:00:00,2080.43,2080.57,2075.79,2076.04,669
2024-04-01 07:00:00,2076.04,2076.5,2075.17,2075.46,373
2024-04-01 08:00:00,2075.46,2077.63,2075.0,2077.13,117
2024-04-01 09:00:00,2077.13,2081.25,2076.06,2080.47,517
2024-04-01 10:00:00,2080.47,2080.54,2079.41,2079.59,393
2024-04-01 11:00:00,2079.59,2080.45,2078.82,2078.86,146
2024-04-01 12:00:00,2078.86,2079.59,2078.26,2079.2,983
2024-04-01 13:00:00,2079.2,2082.25,2078.99,2081.96,384
2024-04-01 14:00:00,2081.96,2082.6,2079.65,2079.82,510
2024-04-01 15:00:00,2079.82,2080.82,2079.43,2080.72,713
2024-04-01 16:00:00,2080.72,2086.12,2080.71,2085.46,880
2024-04-01 17:00:00,2085.46,2085.78,2083.26,2084.37,179
2024-04-01 18:00:00,2084.37,2084.83,2082.81,2083.22,543
2024-04-01 19:00:00,2083.22,2087.05,2083.1,2086.88,889
2024-04-01 20:00:00,2086.88,2087.6,2082.33,2082.9,958
2024-04-01 21:00:00,2082.9,2083.71,2082.83,2083.28,741
2024-04-01 22:00:00,2083.28,2083.6,2082.89,2083.33,553
2024-04-01 23:00:00,2083.33,2084.83,2082.99,2084.39,541
2024-04-02 00:00:00,2084.39,2084.76,2080.42,2080.77,994
2024-04-02 01:00:00,2080.77,2082.69,2080.31,2082.24,498
2024-04-02 02:00:00,2082.24,2086.29,2081.93,2085.86,691
2024-04-02 03:00:00,2085.86,2089.51,2085.79,2088.36,121
2024-04-02 04:00:00,2088.36,2090.69,2088.3,2090.46,227
2024-04-02 05:00:00,2090.46,2093.07,2090.07,2092.69,255
2024-04-02 06:00:00,2092.69,2093.12,2092.26,2092.33,838
2024-04-02 07:00:00,2092.33,2095.35,2091.84,2095.07,496
2024-04-02 08:00:00,2095.07,2095.5,2093.76,2094.87,516
2024-04-02 09:00:00,2094.87,2095.57,2094.28,2094.37,963
2024-04-02 10:00:00,2094.37,2094.5,2090.96,2091.22,101
2024-04-02 11:00:00,2091.22,2093.94,2090.33,2092.76,670
2024-04-02 12:00:00,2092.76,2093.18,2092.1,2093.04,834
2024-04-02 13:00:00,2093.04,2094.09,2092.75,2093.73,128
2024-04-02 14:00:00,2093.73,2095.15,2093.41,2094.83,808
2024-04-02 15:00:00,2094.83,2095.96,2094.0,2095.85,154
2024-04-02 16:00:00,2095.85,2099.14,2095.59,2098.23,634
2024-04-02 17:00:00,2098.23,2098.61,2093.34,2093.68,326
2024-04-02 18:00:00,2093.68,2094.07,2092.85,2093.22,783
2024-04-02 19:00:00,2093.22,2095.69,2093.18,2095.64,522
2024-04-02 20:00:00,2095.64,2097.4,2095.57,2096.76,473
2024-04-02 21:00:00,2096.76,2098.93,2096.02,2098.6,444
2024-04-02 22:00:00,2098.6,2100.35,2098.56,2099.77,693
2024-04-02 23:00:00,2099.77,2101.62,2099.66,2101.59,647
2024-04-03 00:00:00,2101.59,2102.05,2101.09,2101.51,789
2024-04-03 01:00:00,2101.51,2101.53,2098.94,2099.02,515
2024-04-03 02:00:00,2099.02,2099.29,2098.15,2098.65,689
2024-04-03 03:00:00,2098.65,2100.71,2098.3,2100.55,166
2024-04-03 04:00:00,2100.55,2101.13,2099.15,2099.53,925
2024-04-03 05:00:00,2099.53,2108.28,2099.08,2107.41,854
2024-04-03 06:00:00,2107.41,2110.17,2107.01,2109.78,520
2024-04-03 07:00:00,2109.78,2110.31,2109.06,2110.26,148
2024-04-03 08:00:00,2110.26,2110.53,2108.71,2108.8,703
2024-04-03 09:00:00,2108.8,2110.85,2108.13,2110.85,595
2024-04-03 10:00:00,2110.85,2110.98,2108.42,2109.06,190
2024-04-03 11:00:00,2109.06,2110.37,2108.85,2110.07,449
2024-04-03 12:00:00,2110.07,2110.92,2109.94,2110.69,833
2024-04-03 13:00:00,2110.69,2115.04,2110.59,2114.91,453
2024-04-03 14:00:00,2114.91,2115.26,2112.95,2113.07,924
2024-04-03 15:00:00,2113.07,2113.41,2111.78,2111.9,824
2024-04-03 16:00:00,2111.9,2116.1,2110.85,2116.09,250
2024-04-03 17:00:00,2116.09,2117.02,2113.56,2113.89,294
2024-04-03 18:00:00,2113.89,2114.11,2112.26,2112.51,733
2024-04-03 19:00:00,2112.51,2115.39,2112.43,2115.05,971
2024-04-03 20:00:00,2115.05,2115.21,2113.2,2113.25,435
2024-04-03 21:00:00,2113.25,2114.26,2113.21,2113.5,469
2024-04-03 22:00:00,2113.5,2113.69,2110.14,2110.36,453
2024-04-03 23:00:00,2110.36,2110.62,2109.44,2109.69,387
2024-04-04 00:00:00,2109.69,2109.82,2109.55,2109.63,732
2024-04-04 01:00:00,2109.63,2112.12,2109.55,2111.98,628
2024-04-04 02:00:00,2111.98,2112.31,2111.9,2111.91,421
2024-04-04 03:00:00,2111.91,2112.12,2110.05,2110.1,329
2024-04-04 04:00:00,2110.1,2110.43,2107.22,2108.1,652
2024-04-04 05:00:00,2108.1,2110.01,2107.88,2109.4,371
2024-04-04 06:00:00,2109.4,2110.05,2107.71,2107.91,656
2024-04-04 07:00:00,2107.91,2109.09,2105.32,2105.47,760
2024-04-04 08:00:00,2105.47,2105.6,2103.13,2103.61,328
2024-04-04 09:00:00,2103.61,2103.89,2101.41,2102.66,526
2024-04-04 10:00:00,2102.66,2107.23,2102.36,2107.06,695
2024-04-04 11:00:00,2107.06,2107.33,2106.08,2106.6,522
2024-04-04 12:00:00,2106.6,2109.1,2106.23,2108.16,522
2024-04-04 13:00:00,2108.16,2108.34,2105.55,2105.72,224
2024-04-04 14:00:00,2105.72,2106.82,2105.67,2106.74,913
2024-04-04 15:00:00,2106.74,2107.09,2104.22,2104.84,547
2024-04-04 16:00:00,2104.84,2106.45,2103.83,2105.69,861
2024-04-04 17:00:00,2105.69,2106.06,2104.53,2104.58,167
2024-04-04 18:00:00,2104.58,2105.01,2102.19,2102.34,178
2024-04-04 19:00:00,2102.34,2103.06,2101.16,2101.89,263
2024-04-04 20:00:00,2101.89,2103.31,2098.08,2098.32,251
2024-04-04 21:00:00,2098.32,2099.9,2098.27,2099.43,552
2024-04-04 22:00:00,2099.43,2101.06,2099.09,2100.92,568
2024-04-04 23:00:00,2100.92,2101.88,2099.89,2101.53,768
2024-04-05 00:00:00,2101.53,2101.94,2100.11,2100.3,199
2024-04-05 01:00:00,2100.3,2100.47,2100.17,2100.19,498
2024-04-05 02:00:00,2100.19,2100.66,2095.68,2095.96,981
2024-04-05 03:00:00,2095.96,2096.88,2095.49,2096.6,421
2024-04-05 04:00:00,2096.6,2096.6,2090.9,2091.36,775
2024-04-05 05:00:00,2091.36,2091.62,2090.7,2090.86,197
2024-04-05 06:00:00,2090.86,2091.1,2088.77,2090.12,320
2024-04-05 07:00:00,2090.12,2094.7,2089.27,2094.03,124
2024-04-05 08:00:00,2094.03,2094.23,2091.75,2091.94,570
2024-04-05 09:00:00,2091.94,2095.36,2091.06,2094.93,175
2024-04-05 10:00:00,2094.93,2097.27,2094.72,2096.34,806
2024-04-05 11:00:00,2096.34,2102.14,2096.13,2101.32,269
2024-04-05 12:00:00,2101.32,2102.92,2101.22,2102.8,126
2024-04-05 13:00:00,2102.8,2104.56,2102.64,2104.08,814
2024-04-05 14:00:00,2104.08,2104.29,2101.79,2102.16,409
2024-04-05 15:00:00,2102.16,2104.41,2102.13,2104.4,314
2024-04-05 16:00:00,2104.4,2104.85,2101.35,2101.42,467
2024-04-05 17:00:00,2101.42,2102.09,2098.98,2099.5,998
2024-04-05 18:00:00,2099.5,2099.55,2097.51,2097.53,887
2024-04-05 19:00:00,2097.53,2099.1,2097.28,2098.44,446
2024-04-05 20:00:00,2098.44,2098.47,2096.7,2097.08,814
2024-04-05 21:00:00,2097.08,2097.19,2096.14,2096.26,517
2024-04-05 22:00:00,2096.26,2096.29,2095.54,2095.87,479
2024-04-05 23:00:00,2095.87,2098.79,2095.67,2098.48,736
2024-04-08 00:00:00,2098.48,2099.22,2097.95,2099.15,557
2024-04-08 01:00:00,2099.15,2099.25,2096.91,2097.16,175
2024-04-08 02:00:00,2097.16,2097.45,2096.3,2096.88,256
2024-04-08 03:00:00,2096.88,2097.42,2096.21,2096.59,349
2024-04-08 04:00:00,2096.59,2097.19,2094.83,2095.54,238
2024-04-08 05:00:00,2095.54,2096.35,2094.55,2096.08,137
2024-04-08 06:00:00,2096.08,2096.71,2094.54,2094.71,256
2024-04-08 07:00:00,2094.71,2097.48,2094.68,2096.63,470
2024-04-08 08:00:00,2096.63,2100.59,2096.6,2100.18,858
2024-04-08 09:00:00,2100.18,2101.09,2099.65,2100.63,396
2024-04-08 10:00:00,2100.63,2102.18,2100.03,2101.2,462
2024-04-08 11:00:00,2101.2,2102.01,2099.58,2099.76,560
2024-04-08 12:00:00,2099.76,2100.21,2099.23,2100.05,183
2024-04-08 13:00:00,2100.05,2100.5,2094.51,2094.73,103
2024-04-08 14:00:00,2094.73,2095.34,2094.47,2095.21,988
2024-04-08 15:00:00,2095.21,2097.3,2094.96,2096.57,788
2024-04-08 16:00:00,2096.57,2097.52,2095.69,2096.71,694
2024-04-08 17:00:00,2096.71,2097.0,2094.6,2095.51,405
2024-04-08 18:00:00,2095.51,2096.24,2095.27,2096.2,361
2024-04-08 19:00:00,2096.2,2101.42,2096.05,2100.41,468
2024-04-08 20:00:00,2100.41,2101.38,2100.39,2100.98,286
2024-04-08 21:00:00,2100.98,2102.88,2100.35,2102.78,109
2024-04-08 22:00:00,2102.78,2104.61,2102.28,2103.46,619
2024-04-08 23:00:00,2103.46,2103.73,2103.24,2103.59,209
2024-04-09 00:00:00,2103.59,2104.08,2100.42,2101.22,704
2024-04-09 01:00:00,2101.22,2101.68,2100.68,2100.71,118
2024-04-09 02:00:00,2100.71,2101.93,2100.71,2101.67,778
2024-04-09 03:00:00,2101.67,2103.56,2101.51,2103.45,277
2024-04-09 04:00:00,2103.45,2104.15,2101.54,2102.15,112
2024-04-09 05:00:00,2102.15,2107.08,2102.05,2106.17,548
2024-04-09 06:00:00,2106.17,2106.41,2105.66,2105.73,916
2024-04-09 07:00:00,2105.73,2105.74,2102.18,2103.75,112
2024-04-09 08:00:00,2103.75,2105.98,2103.22,2105.86,187
2024-04-09 09:00:00,2105.86,2108.82,2105.53,2108.12,512
2024-04-09 10:00:00,2108.12,2111.1,2107.75,2111.08,423
2024-04-09 11:00:00,2111.08,2111.48,2110.65,2111.27,241
2024-04-09 12:00:00,2111.27,2111.33,2109.19,2109.22,456
2024-04-09 13:00:00,2109.22,2109.34,2106.66,2107.26,946
2024-04-09 14:00:00,2107.26,2107.4,2105.96,2106.27,497
2024-04-09 15:00:00,2106.27,2106.64,2103.36,2104.22,505
2024-04-09 16:00:00,2104.22,2105.36,2104.02,2105.09,750
2024-04-09 17:00:00,2105.09,2105.81,2104.16,2105.23,850
2024-04-09 18:00:00,2105.23,2108.07,2104.54,2107.93,388
2024-04-09 19:00:00,2107.93,2108.74,2107.13,2108.12,298
2024-04-09 20:00:00,2108.12,2108.14,2107.02,2107.63,917
2024-04-09 21:00:00,2107.63,2107.81,2105.5,2105.77,104
2024-04-09 22:00:00,2105.77,2105.98,2105.27,2105.85,392
2024-04-09 23:00:00,2105.85,2109.59,2105.73,2109.52,156
2024-04-10 00:00:00,2109.52,2115.0,2108.91,2114.59,213
2024-04-10 01:00:00,2114.59,2117.87,2113.7,2117.51,929
2024-04-10 02:00:00,2117.51,2118.83,2117.08,2118.41,940
2024-04-10 03:00:00,2118.41,2118.91,2116.76,2116.77,863
2024-04-10 04:00:00,2116.77,2117.81,2116.15,2117.3,469
2024-04-10 05:00:00,2117.3,2117.6,2117.25,2117.35,247
2024-04-10 06:00:00,2117.35,2119.57,2116.98,2119.32,912
2024-04-10 07:00:00,2119.32,2119.92,2116.5,2117.01,806
2024-04-10 08:00:00,2117.01,2117.1,2116.31,2116.68,993
2024-04-10 09:00:00,2116.68,2118.29,2116.23,2117.76,627
2024-04-10 10:00:00,2117.76,2118.35,2115.14,2115.29,260
2024-04-10 11:00:00,2115.29,2115.51,2113.79,2114.14,393
2024-04-10 12:00:00,2114.14,2116.16,2114.03,2115.88,811
2024-04-10 13:00:00,2115.88,2116.39,2111.5,2112.09,275
2024-04-10 14:00:00,2112.09,2114.84,2111.87,2114.78,891
2024-04-10 15:00:00,2114.78,2115.08,2112.14,2112.76,403
2024-04-10 16:00:00,2112.76,2113.6,2112.57,2113.15,614
2024-04-10 17:00:00,2113.15,2113.18,2110.51,2111.27,111
2024-04-10 18:00:00,2111.27,2111.28,2109.29,2109.96,682
2024-04-10 19:00:00,2109.96,2110.63,2109.54,2110.21,218
2024-04-10 20:00:00,2110.21,2112.74,2109.96,2112.67,615
2024-04-10 21:00:00,2112.67,2112.98,2109.64,2109.66,554
2024-04-10 22:00:00,2109.66,2109.81,2109.39,2109.62,523
2024-04-10 23:00:00,2109.62,2112.31,2108.96,2111.69,571
2024-04-11 00:00:00,2111.69,2112.65,2111.41,2112.61,259
2024-04-11 01:00:00,2112.61,2114.16,2112.44,2114.04,735
2024-04-11 02:00:00,2114.04,2114.58,2112.42,2112.44,894
2024-04-11 03:00:00,2112.44,2113.02,2111.83,2112.45,346
2024-04-11 04:00:00,2112.45,2114.81,2112.16,2114.03,200
2024-04-11 05:00:00,2114.03,2115.09,2113.79,2114.96,362
2024-04-11 06:00:00,2114.96,2115.17,2113.36,2113.59,994
2024-04-11 07:00:00,2113.59,2114.84,2113.48,2114.7,787
2024-04-11 08:00:00,2114.7,2117.19,2114.48,2116.87,243
2024-04-11 09:00:00,2116.87,2117.23,2116.01,2116.74,839
2024-04-11 10:00:00,2116.74,2119.29,2116.63,2118.99,809
2024-04-11 11:00:00,2118.99,2121.38,2118.92,2120.7,767
2024-04-11 12:00:00,2120.7,2121.02,2119.08,2119.31,998
2024-04-11 13:00:00,2119.31,2119.67,2116.97,2117.02,535
2024-04-11 14:00:00,2117.02,2117.51,2114.85,2115.2,659
2024-04-11 15:00:00,2115.2,2115.53,2113.87,2113.99,602
2024-04-11 16:00:00,2113.99,2114.16,2113.66,2113.77,459
2024-04-11 17:00:00,2113.77,2114.93,2112.56,2114.75,623
2024-04-11 18:00:00,2114.75,2120.92,2114.37,2120.58,889
2024-04-11 19:00:00,2120.58,2120.75,2114.62,2115.78,849
2024-04-11 20:00:00,2115.78,2116.14,2114.43,2114.47,715
2024-04-11 21:00:00,2114.47,2114.53,2112.94,2113.34,869
2024-04-11 22:00:00,2113.34,2114.58,2113.16,2114.0,668
2024-04-11 23:00:00,2114.0,2114.58,2113.71,2114.45,320
2024-04-12 00:00:00,2114.45,2116.6,2113.78,2116.04,926
2024-04-12 01:00:00,2116.04,2116.22,2112.34,2113.2,707
2024-04-12 02:00:00,2113.2,2113.89,2107.85,2108.55,177
2024-04-12 03:00:00,2108.55,2110.74,2107.77,2109.04,608
2024-04-12 04:00:00,2109.04,2109.64,2106.25,2106.58,557
2024-04-12 05:00:00,2106.58,2107.54,2103.23,2103.32,755
2024-04-12 06:00:00,2103.32,2103.45,2101.47,2101.67,576
2024-04-12 07:00:00,2101.67,2102.59,2099.73,2100.45,563
2024-04-12 08:00:00,2100.45,2100.45,2098.92,2098.99,134
2024-04-12 09:00:00,2098.99,2099.0,2097.4,2097.74,608
2024-04-12 10:00:00,2097.74,2097.86,2097.31,2097.42,255
2024-04-12 11:00:00,2097.42,2098.15,2097.35,2097.79,877
2024-04-12 12:00:00,2097.79,2098.32,2096.0,2096.35,446
2024-04-12 13:00:00,2096.35,2097.04,2094.26,2094.91,250
2024-04-12 14:00:00,2094.91,2095.66,2094.58,2095.22,485
2024-04-12 15:00:00,2095.22,2095.64,2095.17,2095.23,295
2024-04-12 16:00:00,2095.23,2096.71,2095.21,2096.53,746
2024-04-12 17:00:00,2096.53,2096.69,2094.2,2094.29,567
2024-04-12 18:00:00,2094.29,2095.38,2094.2,2095.07,907
2024-04-12 19:00:00,2095.07,2095.91,2094.85,2095.52,119
2024-04-12 20:00:00,2095.52,2096.01,2092.8,2093.04,924
2024-04-12 21:00:00,2093.04,2093.34,2090.34,2091.0,595
2024-04-12 22:00:00,2091.0,2092.56,2090.94,2091.75,464
2024-04-12 23:00:00,2091.75,2093.28,2091.7,2092.76,915
2024-04-15 00:00:00,2092.76,2092.91,2090.54,2091.54,880
2024-04-15 01:00:00,2091.54,2092.29,2091.41,2091.76,628
2024-04-15 02:00:00,2091.76,2092.63,2091.3,2092.17,569
2024-04-15 03:00:00,2092.17,2092.24,2090.71,2091.19,215
2024-04-15 04:00:00,2091.19,2093.38,2090.58,2093.17,604
2024-04-15 05:00:00,2093.17,2093.79,2091.41,2092.65,987
2024-04-15 06:00:00,2092.65,2095.72,2091.88,2095.26,913
2024-04-15 07:00:00,2095.26,2096.1,2091.84,2092.41,870
2024-04-15 08:00:00,2092.41,2092.62,2090.88,2091.07,167
2024-04-15 09:00:00,2091.07,2092.3,2090.64,2091.86,730
2024-04-15 10:00:00,2091.86,2093.76,2091.84,2093.4,594
2024-04-15 11:00:00,2093.4,2094.91,2093.35,2094.8,879
2024-04-15 12:00:00,2094.8,2095.07,2089.01,2089.45,503
2024-04-15 13:00:00,2089.45,2090.44,2088.26,2088.28,290
2024-04-15 14:00:00,2088.28,2089.09,2087.55,2087.66,953
2024-04-15 15:00:00,2087.66,2089.26,2087.49,2089.09,815
2024-04-15 16:00:00,2089.09,2089.97,2088.18,2088.51,570
2024-04-15 17:00:00,2088.51,2089.29,2083.41,2084.05,268
2024-04-15 18:00:00,2084.05,2084.86,2082.32,2082.72,562
2024-04-15 19:00:00,2082.72,2082.95,2081.76,2082.79,546
2024-04-15 20:00:00,2082.79,2083.89,2082.11,2083.34,380
2024-04-15 21:00:00,2083.34,2088.06,2083.31,2087.62,100
2024-04-15 22:00:00,2087.62,2090.2,2086.84,2089.58,334
2024-04-15 23:00:00,2089.58,2089.77,2087.42,2088.11,861
2024-04-16 00:00:00,2088.11,2093.81,2087.94,2093.73,864
2024-04-16 01:00:00,2093.73,2094.39,2093.0,2094.11,237
2024-04-16 02:00:00,2094.11,2094.99,2093.07,2094.84,426
2024-04-16 03:00:00,2094.84,2095.16,2092.24,2092.48,384
2024-04-16 04:00:00,2092.48,2092.59,2089.15,2089.88,928
2024-04-16 05:00:00,2089.88,2093.39,2088.91,2093.08,360
2024-04-16 06:00:00,2093.08,2094.59,2091.82,2094.37,686
2024-04-16 07:00:00,2094.37,2094.73,2093.1,2094.62,879
2024-04-16 08:00:00,2094.62,2095.34,2094.14,2094.77,236
2024-04-16 09:00:00,2094.77,2095.19,2094.03,2094.52,914
2024-04-16 10:00:00,2094.52,2095.24,2094.03,2094.32,367
2024-04-16 11:00:00,2094.32,2094.62,2091.3,2091.57,470
2024-04-16 12:00:00,2091.57,2091.57,2087.96,2088.73,357
2024-04-16 13:00:00,2088.73,2089.12,2087.93,2088.16,997
2024-04-16 14:00:00,2088.16,2089.84,2088.0,2089.21,208
2024-04-16 15:00:00,2089.21,2089.82,2088.23,2088.66,316
2024-04-16 16:00:00,2088.66,2088.89,2087.48,2087.88,312
2024-04-16 17:00:00,2087.88,2088.34,2087.81,2088.26,101
2024-04-16 18:00:00,2088.26,2088.44,2085.69,2087.1,524
2024-04-16 19:00:00,2087.1,2087.14,2085.88,2086.11,474
2024-04-16 20:00:00,2086.11,2086.16,2082.64,2082.91,394
2024-04-16 21:00:00,2082.91,2084.58,2082.25,2084.24,477
2024-04-16 22:00:00,2084.24,2086.84,2084.1,2086.61,120
2024-04-16 23:00:00,2086.61,2087.13,2081.82,2082.54,241
2024-04-17 00:00:00,2082.54,2083.39,2081.95,2082.72,459
2024-04-17 01:00:00,2082.72,2085.74,2082.51,2085.21,703
2024-04-17 02:00:00,2085.21,2088.74,2084.52,2088.39,985
2024-04-17 03:00:00,2088.39,2089.24,2087.78,2089.18,369
2024-04-17 04:00:00,2089.18,2091.89,2088.45,2091.29,578
2024-04-17 05:00:00,2091.29,2094.09,2090.73,2094.05,468
2024-04-17 06:00:00,2094.05,2096.16,2093.67,2095.68,988
2024-04-17 07:00:00,2095.68,2095.81,2092.68,2092.89,996
2024-04-17 08:00:00,2092.89,2094.48,2092.36,2093.69,722
2024-04-17 09:00:00,2093.69,2095.33,2093.08,2095.09,389
2024-04-17 10:00:00,2095.09,2095.39,2091.78,2091.82,485
2024-04-17 11:00:00,2091.82,2092.37,2090.9,2092.34,766
2024-04-17 12:00:00,2092.34,2093.85,2092.19,2093.83,151
2024-04-17 13:00:00,2093.83,2096.21,2093.1,2095.44,811
2024-04-17 14:00:00,2095.44,2097.81,2095.36,2097.57,392
2024-04-17 15:00:00,2097.57,2104.5,2097.15,2103.92,110
2024-04-17 16:00:00,2103.92,2104.03,2100.07,2101.1,440
2024-04-17 17:00:00,2101.1,2101.11,2100.22,2100.23,481
2024-04-17 18:00:00,2100.23,2100.7,2098.4,2098.43,462
2024-04-17 19:00:00,2098.43,2103.07,2097.42,2102.83,879
2024-04-17 20:00:00,2102.83,2106.59,2102.68,2105.98,735
2024-04-17 21:00:00,2105.98,2106.76,2105.89,2106.55,926
2024-04-17 22:00:00,2106.55,2108.36,2105.99,2108.13,260
2024-04-17 23:00:00,2108.13,2108.13,2107.28,2107.51,499
2024-04-18 00:00:00,2107.51,2107.68,2105.01,2105.64,468
2024-04-18 01:00:00,2105.64,2105.87,2103.41,2103.82,441
2024-04-18 02:00:00,2103.82,2104.25,2100.82,2101.13,234
2024-04-18 03:00:00,2101.13,2102.14,2100.18,2101.78,402
2024-04-18 04:00:00,2101.78,2105.52,2101.34,2105.3,543
2024-04-18 05:00:00,2105.3,2106.02,2104.43,2104.97,225
2024-04-18 06:00:00,2104.97,2105.33,2103.64,2104.31,515
2024-04-18 07:00:00,2104.31,2105.86,2103.67,2105.82,381
2024-04-18 08:00:00,2105.82,2107.76,2105.73,2107.4,106
2024-04-18 09:00:00,2107.4,2107.88,2104.7,2105.17,539
2024-04-18 10:00:00,2105.17,2105.29,2104.51,2104.65,357
2024-04-18 11:00:00,2104.65,2109.08,2103.95,2108.75,218
2024-04-18 12:00:00,2108.75,2109.53,2107.62,2108.13,685
2024-04-18 13:00:00,2108.13,2109.38,2107.98,2108.9,212
2024-04-18 14:00:00,2108.9,2108.9,2104.44,2104.75,326
2024-04-18 15:00:00,2104.75,2104.83,2102.43,2102.57,270
2024-04-18 16:00:00,2102.57,2103.22,2102.46,2103.04,963
2024-04-18 17:00:00,2103.04,2103.22,2102.85,2102.98,886
2024-04-18 18:00:00,2102.98,2104.68,2102.81,2103.87,161
2024-04-18 19:00:00,2103.87,2107.32,2102.6,2106.92,248
2024-04-18 20:00:00,2106.92,2109.17,2106.79,2108.83,345
2024-04-18 21:00:00,2108.83,2108.88,2106.5,2107.46,796
2024-04-18 22:00:00,2107.46,2107.53,2106.58,2106.95,459
2024-04-18 23:00:00,2106.95,2107.04,2106.4,2106.93,852
2024-04-19 00:00:00,2106.93,2107.7,2106.2,2106.24,534
2024-04-19 01:00:00,2106.24,2109.93,2105.68,2109.14,669
2024-04-19 02:00:00,2109.14,2109.2,2108.04,2108.05,686
2024-04-19 03:00:00,2108.05,2108.18,2106.85,2107.36,518
2024-04-19 04:00:00,2107.36,2113.46,2107.17,2113.14,892
2024-04-19 05:00:00,2113.14,2114.36,2112.65,2114.03,853
2024-04-19 06:00:00,2114.03,2115.0,2113.38,2114.57,823
2024-04-19 07:00:00,2114.57,2116.3,2114.56,2116.19,793
2024-04-19 08:00:00,2116.19,2118.47,2115.99,2118.01,369
2024-04-19 09:00:00,2118.01,2119.1,2118.0,2119.09,307
2024-04-19 10:00:00,2119.09,2119.42,2118.53,2119.21,701
2024-04-19 11:00:00,2119.21,2119.64,2117.17,2117.41,448
2024-04-19 12:00:00,2117.41,2117.6,2115.62,2116.23,528
2024-04-19 13:00:00,2116.23,2116.69,2114.04,2114.04,197
2024-04-19 14:00:00,2114.04,2118.62,2113.55,2118.36,157
2024-04-19 15:00:00,2118.36,2118.36,2116.35,2117.08,786
2024-04-19 16:00:00,2117.08,2120.8,2116.82,2120.36,339
2024-04-19 17:00:00,2120.36,2122.05,2120.33,2121.02,522
2024-04-19 18:00:00,2121.02,2122.77,2120.89,2122.32,252
2024-04-19 19:00:00,2122.32,2124.36,2121.71,2124.04,421
2024-04-19 20:00:00,2124.04,2127.16,2123.49,2126.68,517
2024-04-19 21:00:00,2126.68,2127.3,2126.65,2126.99,360
2024-04-19 22:00:00,2126.99,2127.51,2126.26,2126.64,558
2024-04-19 23:00:00,2126.64,2130.92,2126.31,2130.13,344
2024-04-22 00:00:00,2130.13,2130.13,2129.73,2129.74,102
2024-04-22 01:00:00,2129.74,2132.52,2129.21,2131.86,240
2024-04-22 02:00:00,2131.86,2132.06,2129.37,2130.16,950
2024-04-22 03:00:00,2130.16,2133.47,2129.65,2132.7,481
2024-04-22 04:00:00,2132.7,2132.88,2131.78,2132.13,111
2024-04-22 05:00:00,2132.13,2132.48,2132.01,2132.33,888
2024-04-22 06:00:00,2132.33,2132.46,2132.03,2132.39,778
2024-04-22 07:00:00,2132.39,2136.38,2132.34,2136.02,450
2024-04-22 08:00:00,2136.02,2137.08,2135.42,2136.73,748
2024-04-22 09:00:00,2136.73,2137.04,2131.9,2132.6,274
2024-04-22 10:00:00,2132.6,2132.62,2131.06,2131.19,309
2024-04-22 11:00:00,2131.19,2132.71,2130.76,2132.52,571
2024-04-22 12:00:00,2132.52,2137.02,2132.32,2136.78,247
2024-04-22 13:00:00,2136.78,2139.37,2136.55,2139.15,111
2024-04-22 14:00:00,2139.15,2139.83,2138.9,2139.45,323
2024-04-22 15:00:00,2139.45,2139.45,2137.03,2137.16,133
2024-04-22 16:00:00,2137.16,2137.25,2132.18,2132.37,950
2024-04-22 17:00:00,2132.37,2132.62,2129.61,2129.64,923
2024-04-22 18:00:00,2129.64,2133.94,2129.11,2133.71,709
2024-04-22 19:00:00,2133.71,2134.63,2133.34,2134.53,771
2024-04-22 20:00:00,2134.53,2135.86,2134.22,2135.33,888
2024-04-22 21:00:00,2135.33,2135.78,2133.95,2134.12,464
2024-04-22 22:00:00,2134.12,2136.04,2133.95,2135.95,188
2024-04-22 23:00:00,2135.95,2137.34,2135.57,2137.07,897
2024-04-23 00:00:00,2137.07,2142.52,2136.06,2142.29,484
2024-04-23 01:00:00,2142.29,2142.65,2140.56,2140.99,182
2024-04-23 02:00:00,2140.99,2142.02,2140.87,2141.78,826
2024-04-23 03:00:00,2141.78,2143.05,2139.16,2139.97,911
2024-04-23 04:00:00,2139.97,2140.41,2137.38,2137.6,133
2024-04-23 05:00:00,2137.6,2138.02,2137.5,2137.99,208
2024-04-23 06:00:00,2137.99,2138.94,2137.01,2137.58,616
2024-04-23 07:00:00,2137.58,2138.03,2135.61,2136.25,839
2024-04-23 08:00:00,2136.25,2136.44,2135.3,2136.32,183
2024-04-23 09:00:00,2136.32,2137.52,2136.27,2137.17,797
2024-04-23 10:00:00,2137.17,2139.7,2136.93,2139.45,777
2024-04-23 11:00:00,2139.45,2139.85,2138.47,2138.89,911
2024-04-23 12:00:00,2138.89,2139.25,2134.38,2134.73,828
2024-04-23 13:00:00,2134.73,2138.85,2134.18,2138.78,581
2024-04-23 14:00:00,2138.78,2142.98,2138.22,2142.51,727
2024-04-23 15:00:00,2142.51,2144.47,2141.77,2143.52,614
2024-04-23 16:00:00,2143.52,2143.53,2143.25,2143.26,554
2024-04-23 17:00:00,2143.26,2147.84,2142.77,2146.98,675
2024-04-23 18:00:00,2146.98,2147.18,2144.28,2145.54,276
2024-04-23 19:00:00,2145.54,2148.71,2144.86,2147.96,402
2024-04-23 20:00:00,2147.96,2150.51,2147.67,2149.86,341
2024-04-23 21:00:00,2149.86,2154.51,2149.71,2154.37,273
2024-04-23 22:00:00,2154.37,2154.7,2152.32,2152.86,482
2024-04-23 23:00:00,2152.86,2154.64,2152.68,2153.59,970
2024-04-24 00:00:00,2153.59,2156.49,2152.92,2156.17,440
2024-04-24 01:00:00,2156.17,2156.98,2155.55,2156.89,627
2024-04-24 02:00:00,2156.89,2157.06,2153.97,2154.97,457
2024-04-24 03:00:00,2154.97,2155.78,2153.98,2153.98,111
2024-04-24 04:00:00,2153.98,2155.76,2153.9,2155.15,944
2024-04-24 05:00:00,2155.15,2157.89,2154.07,2157.49,843
2024-04-24 06:00:00,2157.49,2158.78,2157.27,2158.55,649
2024-04-24 07:00:00,2158.55,2160.66,2158.19,2160.41,323
2024-04-24 08:00:00,2160.41,2161.01,2159.49,2159.66,331
2024-04-24 09:00:00,2159.66,2160.09,2156.43,2157.37,666
2024-04-24 10:00:00,2157.37,2158.01,2157.28,2157.74,626
2024-04-24 11:00:00,2157.74,2158.33,2156.08,2156.86,984
2024-04-24 12:00:00,2156.86,2157.18,2152.39,2152.48,200
2024-04-24 13:00:00,2152.48,2153.15,2152.02,2152.12,663
2024-04-24 14:00:00,2152.12,2153.15,2148.33,2149.18,617
2024-04-24 15:00:00,2149.18,2150.66,2147.91,2150.28,991
2024-04-24 16:00:00,2150.28,2153.04,2150.2,2152.46,955
2024-04-24 17:00:00,2152.46,2155.77,2151.59,2155.62,549
2024-04-24 18:00:00,2155.62,2156.17,2154.81,2155.11,982
2024-04-24 19:00:00,2155.11,2159.11,2155.04,2158.25,908
2024-04-24 20:00:00,2158.25,2158.72,2157.78,2157.81,289
2024-04-24 21:00:00,2157.81,2158.18,2157.16,2157.88,990
2024-04-24 22:00:00,2157.88,2160.82,2157.02,2160.57,370
2024-04-24 23:00:00,2160.57,2162.09,2157.01,2157.14,902
2024-04-25 00:00:00,2157.14,2158.46,2157.11,2158.0,543
2024-04-25 01:00:00,2158.0,2159.95,2157.64,2159.61,343
2024-04-25 02:00:00,2159.61,2163.07,2159.41,2162.71,714
2024-04-25 03:00:00,2162.71,2164.96,2162.1,2164.48,448
2024-04-25 04:00:00,2164.48,2167.9,2164.21,2167.46,310
2024-04-25 05:00:00,2167.46,2171.47,2167.17,2171.1,405
2024-04-25 06:00:00,2171.1,2174.17,2170.7,2173.5,759
2024-04-25 07:00:00,2173.5,2173.63,2171.17,2171.2,263
2024-04-25 08:00:00,2171.2,2171.82,2169.42,2170.02,618
2024-04-25 09:00:00,2170.02,2172.31,2168.72,2171.96,109
2024-04-25 10:00:00,2171.96,2172.33,2168.91,2169.49,312
2024-04-25 11:00:00,2169.49,2169.53,2169.11,2169.52,794
2024-04-25 12:00:00,2169.52,2169.67,2167.36,2167.37,789
2024-04-25 13:00:00,2167.37,2168.57,2166.58,2168.01,640
2024-04-25 14:00:00,2168.01,2168.39,2164.33,2164.61,520
2024-04-25 15:00:00,2164.61,2164.64,2161.94,2162.04,146
2024-04-25 16:00:00,2162.04,2162.43,2159.72,2160.22,330
2024-04-25 17:00:00,2160.22,2162.11,2160.12,2161.8,480
2024-04-25 18:00:00,2161.8,2162.08,2159.74,2160.7,169
2024-04-25 19:00:00,2160.7,2161.19,2159.0,2159.43,315
2024-04-25 20:00:00,2159.43,2159.89,2155.21,2155.22,437
2024-04-25 21:00:00,2155.22,2156.55,2154.24,2156.38,450
2024-04-25 22:00:00,2156.38,2156.51,2155.04,2155.2,293
2024-04-25 23:00:00,2155.2,2155.58,2154.67,2155.5,854
2024-04-26 00:00:00,2155.5,2155.78,2150.93,2151.12,766
2024-04-26 01:00:00,2151.12,2151.39,2147.35,2148.88,834
2024-04-26 02:00:00,2148.88,2150.74,2148.27,2150.21,610
2024-04-26 03:00:00,2150.21,2150.56,2149.79,2150.48,391
2024-04-26 04:00:00,2150.48,2152.08,2150.19,2151.88,437
2024-04-26 05:00:00,2151.88,2152.31,2149.08,2149.16,987
2024-04-26 06:00:00,2149.16,2150.56,2148.52,2150.06,763
2024-04-26 07:00:00,2150.06,2152.81,2149.75,2152.06,411
2024-04-26 08:00:00,2152.06,2152.97,2150.02,2151.15,679
2024-04-26 09:00:00,2151.15,2153.84,2150.41,2152.98,604
2024-04-26 10:00:00,2152.98,2153.01,2151.66,2152.39,122
2024-04-26 11:00:00,2152.39,2155.4,2151.52,2154.56,717
2024-04-26 12:00:00,2154.56,2154.61,2149.83,2150.54,817
2024-04-26 13:00:00,2150.54,2151.85,2150.53,2151.16,241
2024-04-26 14:00:00,2151.16,2151.26,2147.07,2147.43,375
2024-04-26 15:00:00,2147.43,2147.87,2145.92,2147.46,572
2024-04-26 16:00:00,2147.46,2147.47,2142.65,2142.76,659
2024-04-26 17:00:00,2142.76,2143.66,2142.32,2143.45,593
2024-04-26 18:00:00,2143.45,2143.64,2137.64,2138.73,365
2024-04-26 19:00:00,2138.73,2138.83,2136.79,2137.07,208
2024-04-26 20:00:00,2137.07,2141.43,2136.97,2141.17,594
2024-04-26 21:00:00,2141.17,2141.43,2140.18,2140.85,763
2024-04-26 22:00:00,2140.85,2145.28,2140.56,2144.91,121
2024-04-26 23:00:00,2144.91,2147.59,2144.84,2147.12,900
2024-04-29 00:00:00,2147.12,2148.85,2147.12,2148.83,101
2024-04-29 01:00:00,2148.83,2149.05,2147.3,2147.99,979
2024-04-29 02:00:00,2147.99,2148.34,2147.9,2148.22,650
2024-04-29 03:00:00,2148.22,2148.68,2145.49,2146.02,534
2024-04-29 04:00:00,2146.02,2146.75,2143.96,2144.25,782
2024-04-29 05:00:00,2144.25,2146.71,2144.06,2146.31,885
2024-04-29 06:00:00,2146.31,2146.81,2144.27,2144.35,664
2024-04-29 07:00:00,2144.35,2147.06,2144.28,2146.8,939
2024-04-29 08:00:00,2146.8,2148.87,2145.83,2148.82,345
2024-04-29 09:00:00,2148.82,2149.26,2146.11,2147.14,775
2024-04-29 10:00:00,2147.14,2147.87,2145.57,2145.9,725
2024-04-29 11:00:00,2145.9,2146.95,2145.28,2146.62,131
2024-04-29 12:00:00,2146.62,2147.28,2142.68,2142.79,412
2024-04-29 13:00:00,2142.79,2142.85,2141.38,2142.32,857
2024-04-29 14:00:00,2142.32,2142.83,2139.77,2139.98,199
2024-04-29 15:00:00,2139.98,2140.31,2138.32,2139.28,632
2024-04-29 16:00:00,2139.28,2143.63,2138.76,2143.5,660
2024-04-29 17:00:00,2143.5,2143.87,2141.76,2141.94,339
2024-04-29 18:00:00,2141.94,2142.55,2141.17,2141.25,565
2024-04-29 19:00:00,2141.25,2141.94,2140.03,2140.3,153
2024-04-29 20:00:00,2140.3,2141.29,2137.79,2139.23,814
2024-04-29 21:00:00,2139.23,2139.93,2136.07,2136.26,112
2024-04-29 22:00:00,2136.26,2136.59,2135.16,2135.31,969
2024-04-29 23:00:00,2135.31,2137.65,2134.79,2137.36,418
2024-04-30 00:00:00,2137.36,2140.01,2136.15,2139.74,123
2024-04-30 01:00:00,2139.74,2140.78,2139.38,2140.76,771
2024-04-30 02:00:00,2140.76,2146.48,2140.52,2145.66,891
2024-04-30 03:00:00,2145.66,2145.83,2143.31,2143.45,739
2024-04-30 04:00:00,2143.45,2143.98,2141.65,2142.18,198
2024-04-30 05:00:00,2142.18,2142.64,2140.52,2141.07,438
2024-04-30 06:00:00,2141.07,2141.52,2138.24,2138.3,664
2024-04-30 07:00:00,2138.3,2139.62,2136.97,2137.03,430
2024-04-30 08:00:00,2137.03,2137.15,2135.67,2135.95,668
2024-04-30 09:00:00,2135.95,2137.9,2135.83,2137.71,348
2024-04-30 10:00:00,2137.71,2141.6,2137.4,2140.98,467
2024-04-30 11:00:00,2140.98,2143.02,2140.47,2142.83,676
2024-04-30 12:00:00,2142.83,2142.89,2139.14,2139.95,945
2024-04-30 13:00:00,2139.95,2143.94,2139.8,2143.4,987
2024-04-30 14:00:00,2143.4,2143.68,2141.56,2141.84,769
2024-04-30 15:00:00,2141.84,2144.16,2141.53,2143.66,108
2024-04-30 16:00:00,2143.66,2144.17,2141.35,2141.61,331
2024-04-30 17:00:00,2141.61,2146.94,2141.36,2146.27,263
2024-04-30 18:00:00,2146.27,2149.78,2145.2,2148.99,220
2024-04-30 19:00:00,2148.99,2149.33,2148.45,2148.6,266
2024-04-30 20:00:00,2148.6,2149.03,2145.17,2145.34,513
2024-04-30 21:00:00,2145.34,2146.45,2143.16,2143.63,439
2024-04-30 22:00:00,2143.63,2143.87,2139.77,2140.0,241
2024-04-30 23:00:00,2140.0,2141.16,2137.75,2138.13,226
2024-05-01 00:00:00,2138.13,2138.22,2137.27,2137.33,405
2024-05-01 01:00:00,2137.33,2137.9,2134.93,2134.98,259
2024-05-01 02:00:00,2134.98,2135.22,2134.12,2134.13,352
2024-05-01 03:00:00,2134.13,2134.35,2131.65,2131.9,874
2024-05-01 04:00:00,2131.9,2132.24,2129.09,2129.31,827
2024-05-01 05:00:00,2129.31,2129.43,2127.52,2128.04,705
2024-05-01 06:00:00,2128.04,2132.34,2127.68,2132.0,466
2024-05-01 07:00:00,2132.0,2132.45,2130.29,2130.55,497
2024-05-01 08:00:00,2130.55,2130.59,2128.43,2128.71,638
2024-05-01 09:00:00,2128.71,2129.12,2126.95,2127.68,188
2024-05-01 10:00:00,2127.68,2130.89,2127.24,2130.75,636
2024-05-01 11:00:00,2130.75,2131.92,2130.31,2131.84,101
2024-05-01 12:00:00,2131.84,2132.94,2131.64,2132.49,939
2024-05-01 13:00:00,2132.49,2133.4,2131.4,2132.54,533
2024-05-01 14:00:00,2132.54,2132.97,2131.68,2132.07,702
2024-05-01 15:00:00,2132.07,2132.16,2128.13,2128.74,454
2024-05-01 16:00:00,2128.74,2131.04,2128.37,2130.84,455
2024-05-01 17:00:00,2130.84,2131.64,2130.19,2130.5,479
2024-05-01 18:00:00,2130.5,2134.82,2130.09,2134.33,227
2024-05-01 19:00:00,2134.33,2135.84,2133.54,2135.8,519
2024-05-01 20:00:00,2135.8,2135.83,2132.5,2133.0,955
2024-05-01 21:00:00,2133.0,2134.63,2132.9,2134.37,151
2024-05-01 22:00:00,2134.37,2134.66,2130.46,2131.68,385
2024-05-01 23:00:00,2131.68,2131.96,2130.44,2130.72,719
2024-05-02 00:00:00,2130.72,2131.0,2129.49,2130.19,805
2024-05-02 01:00:00,2130.19,2130.68,2130.09,2130.59,520
2024-05-02 02:00:00,2130.59,2130.63,2128.84,2130.38,495
2024-05-02 03:00:00,2130.38,2132.99,2130.25,2132.8,283
2024-05-02 04:00:00,2132.8,2133.06,2130.19,2131.18,943
2024-05-02 05:00:00,2131.18,2131.32,2128.64,2129.14,219
2024-05-02 06:00:00,2129.14,2130.08,2126.97,2127.27,557
2024-05-02 07:00:00,2127.27,2127.75,2124.74,2124.91,486
2024-05-02 08:00:00,2124.91,2125.62,2123.71,2124.01,169
2024-05-02 09:00:00,2124.01,2127.93,2123.91,2127.71,468
2024-05-02 10:00:00,2127.71,2127.85,2126.27,2126.33,736
2024-05-02 11:00:00,2126.33,2126.43,2123.71,2124.83,689
2024-05-02 12:00:00,2124.83,2126.75,2124.57,2126.63,863
2024-05-02 13:00:00,2126.63,2127.05,2121.14,2121.31,509
2024-05-02 14:00:00,2121.31,2121.43,2116.85,2117.02,107
2024-05-02 15:00:00,2117.02,2119.19,2116.78,2118.52,104
2024-05-02 16:00:00,2118.52,2120.0,2117.63,2119.66,967
2024-05-02 17:00:00,2119.66,2121.88,2119.34,2121.75,822
2024-05-02 18:00:00,2121.75,2122.9,2121.05,2122.79,262
2024-05-02 19:00:00,2122.79,2122.8,2120.4,2120.98,143
2024-05-02 20:00:00,2120.98,2122.38,2116.99,2117.29,260
2024-05-02 21:00:00,2117.29,2117.74,2114.24,2114.37,308
2024-05-02 22:00:00,2114.37,2114.87,2113.28,2113.75,398
2024-05-02 23:00:00,2113.75,2114.37,2113.39,2114.34,210
2024-05-03 00:00:00,2114.34,2115.08,2111.99,2112.6,281
2024-05-03 01:00:00,2112.6,2112.83,2112.06,2112.19,587
2024-05-03 02:00:00,2112.19,2112.32,2110.33,2110.37,391
2024-05-03 03:00:00,2110.37,2114.58,2110.28,2114.57,130
2024-05-03 04:00:00,2114.57,2115.63,2113.79,2114.93,847
2024-05-03 05:00:00,2114.93,2115.17,2113.43,2114.64,263
2024-05-03 06:00:00,2114.64,2115.16,2112.53,2113.22,548
2024-05-03 07:00:00,2113.22,2113.53,2112.08,2112.41,381
2024-05-03 08:00:00,2112.41,2115.05,2112.09,2114.89,795
2024-05-03 09:00:00,2114.89,2116.27,2114.56,2115.86,834
2024-05-03 10:00:00,2115.86,2117.84,2115.14,2116.97,612
2024-05-03 11:00:00,2116.97,2119.82,2116.2,2119.55,329
2024-05-03 12:00:00,2119.55,2120.2,2115.78,2116.25,776
2024-05-03 13:00:00,2116.25,2116.26,2115.5,2115.96,716
2024-05-03 14:00:00,2115.96,2116.51,2112.23,2112.67,762
2024-05-03 15:00:00,2112.67,2115.94,2112.33,2115.88,202
2024-05-03 16:00:00,2115.88,2120.26,2115.15,2119.7,698
2024-05-03 17:00:00,2119.7,2120.33,2119.19,2120.06,995
2024-05-03 18:00:00,2120.06,2121.83,2119.82,2121.02,491
2024-05-03 19:00:00,2121.02,2121.64,2116.63,2116.73,798
2024-05-03 20:00:00,2116.73,2118.95,2116.26,2118.82,845
2024-05-03 21:00:00,2118.82,2120.4,2118.62,2120.08,164
2024-05-03 22:00:00,2120.08,2120.82,2118.98,2119.34,981
2024-05-03 23:00:00,2119.34,2119.65,2117.65,2118.22,921
2024-05-06 00:00:00,2118.22,2123.44,2118.09,2122.59,939
2024-05-06 01:00:00,2122.59,2123.29,2122.0,2122.81,198
2024-05-06 02:00:00,2122.81,2123.7,2122.3,2122.34,904
2024-05-06 03:00:00,2122.34,2122.76,2118.57,2119.33,987
2024-05-06 04:00:00,2119.33,2120.51,2119.16,2120.39,965
2024-05-06 05:00:00,2120.39,2123.89,2120.16,2123.46,124
2024-05-06 06:00:00,2123.46,2123.75,2121.46,2121.78,538
2024-05-06 07:00:00,2121.78,2121.78,2118.34,2118.64,379
2024-05-06 08:00:00,2118.64,2118.69,2117.75,2118.15,141
2024-05-06 09:00:00,2118.15,2119.06,2117.15,2117.86,413
2024-05-06 10:00:00,2117.86,2118.41,2115.04,2115.63,680
2024-05-06 11:00:00,2115.63,2116.41,2115.37,2115.95,979
2024-05-06 12:00:00,2115.95,2116.26,2113.76,2114.54,133
2024-05-06 13:00:00,2114.54,2115.05,2114.24,2115.04,912
2024-05-06 14:00:00,2115.04,2115.18,2112.4,2112.54,425
2024-05-06 15:00:00,2112.54,2113.57,2111.09,2111.2,727
2024-05-06 16:00:00,2111.2,2111.72,2110.84,2111.52,592
2024-05-06 17:00:00,2111.52,2112.43,2110.72,2112.14,234
2024-05-06 18:00:00,2112.14,2112.27,2111.48,2112.16,703
2024-05-06 19:00:00,2112.16,2112.42,2108.42,2109.01,415
2024-05-06 20:00:00,2109.01,2109.66,2108.16,2108.66,213
2024-05-06 21:00:00,2108.66,2109.74,2108.46,2108.93,263
2024-05-06 22:00:00,2108.93,2108.98,2103.67,2104.43,950
2024-05-06 23:00:00,2104.43,2105.62,2103.87,2105.38,876
2024-05-07 00:00:00,2105.38,2106.32,2105.17,2106.21,292
2024-05-07 01:00:00,2106.21,2107.97,2106.1,2107.78,799
2024-05-07 02:00:00,2107.78,2108.36,2105.39,2105.77,369
2024-05-07 03:00:00,2105.77,2110.63,2105.64,2110.08,726
2024-05-07 04:00:00,2110.08,2110.74,2108.68,2108.7,799
2024-05-07 05:00:00,2108.7,2109.33,2107.38,2107.7,697
2024-05-07 06:00:00,2107.7,2107.92,2101.91,2103.13,873
2024-05-07 07:00:00,2103.13,2108.61,2101.9,2107.47,416
2024-05-07 08:00:00,2107.47,2108.83,2107.36,2108.21,598
2024-05-07 09:00:00,2108.21,2109.0,2107.72,2108.48,504
2024-05-07 10:00:00,2108.48,2109.91,2107.6,2109.27,724
2024-05-07 11:00:00,2109.27,2112.16,2108.63,2111.67,116
2024-05-07 12:00:00,2111.67,2112.3,2108.89,2109.65,463
2024-05-07 13:00:00,2109.65,2110.18,2108.6,2110.12,732
2024-05-07 14:00:00,2110.12,2110.76,2107.13,2107.84,600
2024-05-07 15:00:00,2107.84,2107.86,2107.03,2107.73,247
2024-05-07 16:00:00,2107.73,2108.26,2105.83,2105.95,245
2024-05-07 17:00:00,2105.95,2107.2,2105.44,2106.79,895
2024-05-07 18:00:00,2106.79,2107.35,2104.19,2104.94,947
2024-05-07 19:00:00,2104.94,2105.29,2103.61,2104.21,325
2024-05-07 20:00:00,2104.21,2105.31,2103.66,2105.29,175
2024-05-07 21:00:00,2105.29,2105.95,2103.94,2104.3,533
2024-05-07 22:00:00,2104.3,2104.47,2103.83,2104.06,684
2024-05-07 23:00:00,2104.06,2104.08,2103.0,2103.31,938
2024-05-08 00:00:00,2103.31,2107.08,2103.28,2106.16,508
2024-05-08 01:00:00,2106.16,2106.83,2104.02,2105.1,127
2024-05-08 02:00:00,2105.1,2105.72,2102.57,2102.58,711
2024-05-08 03:00:00,2102.58,2106.65,2102.42,2106.62,408
2024-05-08 04:00:00,2106.62,2106.69,2105.1,2105.89,481
2024-05-08 05:00:00,2105.89,2106.18,2103.08,2103.71,953
2024-05-08 06:00:00,2103.71,2106.22,2103.06,2105.22,634
2024-05-08 07:00:00,2105.22,2105.28,2103.07,2103.62,136
2024-05-08 08:00:00,2103.62,2104.51,2102.31,2102.68,782
2024-05-08 09:00:00,2102.68,2102.86,2099.8,2100.43,358
2024-05-08 10:00:00,2100.43,2100.71,2096.38,2096.54,511
2024-05-08 11:00:00,2096.54,2097.97,2095.99,2097.72,651
2024-05-08 12:00:00,2097.72,2098.22,2097.44,2098.11,493
2024-05-08 13:00:00,2098.11,2099.26,2098.05,2099.08,916
2024-05-08 14:00:00,2099.08,2099.12,2095.69,2096.24,947
2024-05-08 15:00:00,2096.24,2100.66,2096.14,2100.61,850
2024-05-08 16:00:00,2100.61,2102.79,2099.85,2102.52,149
2024-05-08 17:00:00,2102.52,2103.21,2102.21,2102.94,411
2024-05-08 18:00:00,2102.94,2104.79,2102.02,2104.36,873
2024-05-08 19:00:00,2104.36,2105.28,2102.27,2103.65,192
2024-05-08 20:00:00,2103.65,2103.85,2100.63,2100.67,320
2024-05-08 21:00:00,2100.67,2103.33,2100.6,2102.98,302
2024-05-08 22:00:00,2102.98,2104.24,2102.07,2103.92,592
2024-05-08 23:00:00,2103.92,2104.97,2101.66,2102.6,354
2024-05-09 00:00:00,2102.6,2105.53,2102.3,2104.08,119
2024-05-09 01:00:00,2104.08,2104.5,2103.04,2103.47,419
2024-05-09 02:00:00,2103.47,2107.48,2103.17,2106.9,976
2024-05-09 03:00:00,2106.9,2109.69,2106.18,2109.44,898
2024-05-09 04:00:00,2109.44,2112.9,2109.33,2111.78,600
2024-05-09 05:00:00,2111.78,2113.77,2111.53,2113.18,626
2024-05-09 06:00:00,2113.18,2114.74,2112.8,2114.68,894
2024-05-09 07:00:00,2114.68,2114.77,2109.93,2110.02,329
2024-05-09 08:00:00,2110.02,2110.11,2105.26,2105.6,687
2024-05-09 09:00:00,2105.6,2105.73,2103.39,2103.43,358
2024-05-09 10:00:00,2103.43,2103.59,2102.61,2102.95,232
2024-05-09 11:00:00,2102.95,2104.59,2102.42,2104.07,764
2024-05-09 12:00:00,2104.07,2104.3,2101.19,2101.49,389
2024-05-09 13:00:00,2101.49,2105.59,2100.95,2104.26,210
2024-05-09 14:00:00,2104.26,2107.19,2104.14,2106.55,373
2024-05-09 15:00:00,2106.55,2107.34,2102.51,2103.13,589
2024-05-09 16:00:00,2103.13,2109.07,2103.05,2108.41,101
2024-05-09 17:00:00,2108.41,2108.69,2105.82,2106.49,796
2024-05-09 18:00:00,2106.49,2106.51,2104.42,2105.36,983
2024-05-09 19:00:00,2105.36,2105.45,2104.6,2104.69,195
2024-05-09 20:00:00,2104.69,2104.76,2104.03,2104.48,926
2024-05-09 21:00:00,2104.48,2107.85,2104.02,2107.37,830
2024-05-09 22:00:00,2107.37,2107.98,2105.48,2105.66,787
2024-05-09 23:00:00,2105.66,2106.17,2103.06,2103.45,921
2024-05-10 00:00:00,2103.45,2104.07,2102.18,2102.71,745
2024-05-10 01:00:00,2102.71,2103.14,2101.86,2102.85,375
2024-05-10 02:00:00,2102.85,2104.27,2102.78,2104.01,421
2024-05-10 03:00:00,2104.01,2105.68,2103.43,2105.47,993
2024-05-10 04:00:00,2105.47,2105.7,2105.21,2105.47,379
2024-05-10 05:00:00,2105.47,2108.95,2105.3,2108.67,879
2024-05-10 06:00:00,2108.67,2109.03,2108.53,2108.93,286
2024-05-10 07:00:00,2108.93,2109.57,2108.23,2108.36,113
2024-05-10 08:00:00,2108.36,2111.73,2108.29,2111.09,471
2024-05-10 09:00:00,2111.09,2112.68,2111.04,2112.66,741
2024-05-10 10:00:00,2112.66,2112.81,2112.28,2112.58,901
2024-05-10 11:00:00,2112.58,2115.85,2112.41,2115.14,113
2024-05-10 12:00:00,2115.14,2115.36,2113.98,2114.46,529
2024-05-10 13:00:00,2114.46,2115.87,2114.01,2115.65,199
2024-05-10 14:00:00,2115.65,2117.28,2115.57,2116.79,136
2024-05-10 15:00:00,2116.79,2116.87,2115.39,2116.18,553
2024-05-10 16:00:00,2116.18,2117.35,2115.38,2115.79,898
2024-05-10 17:00:00,2115.79,2117.79,2115.46,2117.51,929
2024-05-10 18:00:00,2117.51,2117.52,2116.83,2117.45,730
2024-05-10 19:00:00,2117.45,2118.24,2114.11,2114.59,434
2024-05-10 20:00:00,2114.59,2115.03,2114.42,2114.64,688
2024-05-10 21:00:00,2114.64,2115.07,2113.93,2114.83,957
2024-05-10 22:00:00,2114.83,2115.57,2110.78,2111.16,540
2024-05-10 23:00:00,2111.16,2112.28,2110.38,2112.25,512
2024-05-13 00:00:00,2112.25,2112.42,2109.05,2110.07,733
2024-05-13 01:00:00,2110.07,2112.09,2109.81,2111.5,911
2024-05-13 02:00:00,2111.5,2111.9,2108.94,2109.0,698
2024-05-13 03:00:00,2109.0,2111.63,2108.98,2111.11,667
2024-05-13 04:00:00,2111.11,2112.72,2110.65,2112.1,328
2024-05-13 05:00:00,2112.1,2112.16,2110.04,2110.59,614
2024-05-13 06:00:00,2110.59,2111.37,2110.46,2110.94,932
2024-05-13 07:00:00,2110.94,2111.67,2105.82,2105.91,354
2024-05-13 08:00:00,2105.91,2109.3,2105.26,2109.11,750
2024-05-13 09:00:00,2109.11,2111.87,2108.95,2110.97,966
2024-05-13 10:00:00,2110.97,2113.46,2110.42,2112.86,745
2024-05-13 11:00:00,2112.86,2113.1,2111.63,2111.72,153
2024-05-13 12:00:00,2111.72,2113.93,2110.66,2113.48,511
2024-05-13 13:00:00,2113.48,2116.6,2112.38,2116.2,108
2024-05-13 14:00:00,2116.2,2116.41,2113.47,2113.69,377
2024-05-13 15:00:00,2113.69,2118.25,2113.19,2117.89,611
2024-05-13 16:00:00,2117.89,2118.29,2115.29,2115.31,523
2024-05-13 17:00:00,2115.31,2119.74,2115.0,2118.42,586
2024-05-13 18:00:00,2118.42,2119.14,2116.46,2116.59,154
2024-05-13 19:00:00,2116.59,2117.12,2116.13,2116.69,585
2024-05-13 20:00:00,2116.69,2117.3,2116.01,2116.87,559
2024-05-13 21:00:00,2116.87,2116.98,2115.53,2115.67,495
2024-05-13 22:00:00,2115.67,2115.91,2113.54,2114.22,618
2024-05-13 23:00:00,2114.22,2114.54,2112.68,2112.7,455
2024-05-14 00:00:00,2112.7,2113.05,2110.67,2111.06,518
2024-05-14 01:00:00,2111.06,2112.32,2107.26,2107.49,895
2024-05-14 02:00:00,2107.49,2108.61,2107.43,2108.48,267
2024-05-14 03:00:00,2108.48,2108.64,2106.5,2107.12,171
2024-05-14 04:00:00,2107.12,2108.51,2106.97,2108.05,721
2024-05-14 05:00:00,2108.05,2108.12,2107.32,2107.89,606
2024-05-14 06:00:00,2107.89,2107.91,2104.99,2105.35,263
2024-05-14 07:00:00,2105.35,2105.6,2104.57,2104.97,691
2024-05-14 08:00:00,2104.97,2105.34,2104.18,2104.95,646
2024-05-14 09:00:00,2104.95,2106.73,2104.82,2106.29,294
2024-05-14 10:00:00,2106.29,2106.7,2105.98,2106.32,983
2024-05-14 11:00:00,2106.32,2106.58,2103.75,2103.84,102
2024-05-14 12:00:00,2103.84,2104.31,2100.89,2101.28,823
2024-05-14 13:00:00,2101.28,2105.02,2100.85,2104.43,207
2024-05-14 14:00:00,2104.43,2110.04,2104.4,2109.44,400
2024-05-14 15:00:00,2109.44,2110.2,2108.15,2109.14,676
2024-05-14 16:00:00,2109.14,2110.01,2108.03,2108.28,637
2024-05-14 17:00:00,2108.28,2108.87,2107.44,2107.84,586
2024-05-14 18:00:00,2107.84,2108.22,2106.01,2106.26,505
2024-05-14 19:00:00,2106.26,2108.3,2106.05,2107.3,867
2024-05-14 20:00:00,2107.3,2107.4,2103.8,2104.02,650
2024-05-14 21:00:00,2104.02,2108.9,2103.87,2108.62,809
2024-05-14 22:00:00,2108.62,2110.07,2107.16,2107.46,573
2024-05-14 23:00:00,2107.46,2109.13,2106.87,2108.73,589
2024-05-15 00:00:00,2108.73,2108.78,2108.14,2108.38,626
2024-05-15 01:00:00,2108.38,2108.54,2107.86,2107.96,216
2024-05-15 02:00:00,2107.96,2108.5,2107.26,2107.45,284
2024-05-15 03:00:00,2107.45,2109.11,2107.26,2108.84,573
2024-05-15 04:00:00,2108.84,2111.06,2108.59,2109.84,108
2024-05-15 05:00:00,2109.84,2110.64,2106.88,2106.94,464
2024-05-15 06:00:00,2106.94,2108.55,2106.52,2107.72,948
2024-05-15 07:00:00,2107.72,2108.47,2107.0,2107.88,608
2024-05-15 08:00:00,2107.88,2108.59,2106.64,2106.93,980
2024-05-15 09:00:00,2106.93,2109.21,2106.2,2107.94,166
2024-05-15 10:00:00,2107.94,2108.32,2106.76,2106.88,987
2024-05-15 11:00:00,2106.88,2108.73,2106.08,2108.49,557
2024-05-15 12:00:00,2108.49,2109.37,2108.08,2108.87,789
2024-05-15 13:00:00,2108.87,2110.36,2103.36,2103.52,145
2024-05-15 14:00:00,2103.52,2105.61,2102.92,2104.7,417
2024-05-15 15:00:00,2104.7,2108.97,2104.14,2108.88,470
2024-05-15 16:00:00,2108.88,2111.26,2108.26,2111.06,780
2024-05-15 17:00:00,2111.06,2112.02,2110.37,2110.57,410
2024-05-15 18:00:00,2110.57,2111.18,2109.67,2110.72,165
2024-05-15 19:00:00,2110.72,2111.02,2108.13,2108.6,781
2024-05-15 20:00:00,2108.6,2108.61,2106.21,2106.24,657
2024-05-15 21:00:00,2106.24,2108.24,2105.57,2107.93,332
2024-05-15 22:00:00,2107.93,2114.15,2107.72,2113.85,433
2024-05-15 23:00:00,2113.85,2115.03,2112.9,2114.16,446
2024-05-16 00:00:00,2114.16,2114.63,2112.08,2112.32,739
2024-05-16 01:00:00,2112.32,2112.45,2110.91,2111.21,678
2024-05-16 02:00:00,2111.21,2111.61,2110.27,2110.7,715
2024-05-16 03:00:00,2110.7,2110.75,2108.57,2108.59,684
2024-05-16 04:00:00,2108.59,2108.81,2108.38,2108.59,342
2024-05-16 05:00:00,2108.59,2112.27,2108.2,2111.83,397
2024-05-16 06:00:00,2111.83,2112.93,2111.72,2112.66,178
2024-05-16 07:00:00,2112.66,2115.6,2112.59,2115.58,912
2024-05-16 08:00:00,2115.58,2116.3,2115.23,2116.2,466
2024-05-16 09:00:00,2116.2,2116.52,2114.31,2114.96,901
2024-05-16 10:00:00,2114.96,2115.83,2111.67,2112.11,123
2024-05-16 11:00:00,2112.11,2115.93,2111.78,2115.57,246
2024-05-16 12:00:00,2115.57,2115.91,2113.79,2113.87,494
2024-05-16 13:00:00,2113.87,2115.43,2113.82,2114.96,589
2024-05-16 14:00:00,2114.96,2118.6,2114.73,2118.36,743
2024-05-16 15:00:00,2118.36,2118.84,2116.97,2117.14,325
2024-05-16 16:00:00,2117.14,2118.32,2116.21,2116.76,220
2024-05-16 17:00:00,2116.76,2117.81,2116.29,2117.74,122
2024-05-16 18:00:00,2117.74,2118.73,2117.38,2118.27,543
2024-05-16 19:00:00,2118.27,2118.55,2114.91,2115.04,802
2024-05-16 20:00:00,2115.04,2115.13,2114.14,2114.66,847
2024-05-16 21:00:00,2114.66,2114.94,2109.7,2109.85,607
2024-05-16 22:00:00,2109.85,2110.07,2109.61,2109.82,319
2024-05-16 23:00:00,2109.82,2110.5,2106.13,2106.68,524
2024-05-17 00:00:00,2106.68,2109.49,2106.16,2109.45,955
2024-05-17 01:00:00,2109.45,2110.08,2108.94,2109.56,270
2024-05-17 02:00:00,2109.56,2109.86,2107.62,2107.93,758
2024-05-17 03:00:00,2107.93,2108.95,2107.51,2107.54,722
2024-05-17 04:00:00,2107.54,2108.89,2106.63,2108.84,140
2024-05-17 05:00:00,2108.84,2109.15,2106.94,2107.33,137
2024-05-17 06:00:00,2107.33,2108.62,2105.88,2106.24,427
2024-05-17 07:00:00,2106.24,2107.89,2105.4,2107.54,175
2024-05-17 08:00:00,2107.54,2109.75,2107.47,2108.65,278
2024-05-17 09:00:00,2108.65,2114.0,2108.13,2113.89,459
2024-05-17 10:00:00,2113.89,2118.01,2113.23,2117.93,512
2024-05-17 11:00:00,2117.93,2118.49,2116.47,2116.56,160
2024-05-17 12:00:00,2116.56,2120.52,2116.36,2119.67,630
2024-05-17 13:00:00,2119.67,2120.18,2118.43,2118.91,113
2024-05-17 14:00:00,2118.91,2121.18,2118.32,2121.14,253
2024-05-17 15:00:00,2121.14,2122.54,2121.06,2122.24,771
2024-05-17 16:00:00,2122.24,2122.45,2119.58,2119.98,975
2024-05-17 17:00:00,2119.98,2120.55,2117.9,2118.31,688
2024-05-17 18:00:00,2118.31,2118.48,2116.81,2117.52,640
2024-05-17 19:00:00,2117.52,2118.9,2115.79,2116.03,405
2024-05-17 20:00:00,2116.03,2116.25,2115.07,2115.68,491
2024-05-17 21:00:00,2115.68,2116.49,2112.41,2112.77,157
2024-05-17 22:00:00,2112.77,2113.44,2109.99,2110.37,204
2024-05-17 23:00:00,2110.37,2111.16,2108.3,2109.1,693
2024-05-20 00:00:00,2109.1,2109.19,2106.79,2107.01,831
2024-05-20 01:00:00,2107.01,2107.12,2105.25,2105.93,170
2024-05-20 02:00:00,2105.93,2107.0,2105.65,2106.58,249
2024-05-20 03:00:00,2106.58,2107.61,2104.39,2104.79,179
2024-05-20 04:00:00,2104.79,2106.59,2104.18,2106.12,174
2024-05-20 05:00:00,2106.12,2108.33,2105.77,2107.36,949
2024-05-20 06:00:00,2107.36,2107.88,2106.28,2106.78,509
2024-05-20 07:00:00,2106.78,2107.28,2103.82,2104.39,758
2024-05-20 08:00:00,2104.39,2105.19,2104.01,2104.38,987
2024-05-20 09:00:00,2104.38,2108.42,2103.72,2108.12,361
2024-05-20 10:00:00,2108.12,2108.59,2106.11,2107.18,230
2024-05-20 11:00:00,2107.18,2109.4,2106.87,2109.23,441
2024-05-20 12:00:00,2109.23,2112.35,2108.88,2112.12,129
2024-05-20 13:00:00,2112.12,2112.39,2110.36,2110.91,915
2024-05-20 14:00:00,2110.91,2111.2,2106.93,2106.97,889
2024-05-20 15:00:00,2106.97,2114.27,2106.53,2113.75,311
2024-05-20 16:00:00,2113.75,2114.04,2112.77,2112.8,230
2024-05-20 17:00:00,2112.8,2113.49,2107.86,2108.46,653
2024-05-20 18:00:00,2108.46,2108.54,2107.34,2107.37,443
2024-05-20 19:00:00,2107.37,2107.85,2106.79,2107.44,331
2024-05-20 20:00:00,2107.44,2107.52,2105.77,2105.78,741
2024-05-20 21:00:00,2105.78,2106.06,2104.04,2104.61,796
2024-05-20 22:00:00,2104.61,2105.22,2103.86,2104.76,183
2024-05-20 23:00:00,2104.76,2108.37,2103.49,2107.91,857
2024-05-21 00:00:00,2107.91,2108.97,2104.78,2105.33,487
2024-05-21 01:00:00,2105.33,2106.07,2105.28,2106.05,755
2024-05-21 02:00:00,2106.05,2108.26,2105.91,2108.23,945
2024-05-21 03:00:00,2108.23,2109.94,2107.72,2109.69,494
2024-05-21 04:00:00,2109.69,2110.87,2107.41,2108.71,329
2024-05-21 05:00:00,2108.71,2111.62,2107.9,2111.11,548
2024-05-21 06:00:00,2111.11,2111.51,2110.16,2111.46,401
2024-05-21 07:00:00,2111.46,2115.02,2111.22,2114.46,162
2024-05-21 08:00:00,2114.46,2121.22,2114.35,2120.79,333
2024-05-21 09:00:00,2120.79,2120.91,2120.53,2120.72,164
2024-05-21 10:00:00,2120.72,2123.05,2120.67,2122.89,977
2024-05-21 11:00:00,2122.89,2123.07,2122.01,2123.07,108
2024-05-21 12:00:00,2123.07,2123.23,2121.9,2122.07,999
2024-05-21 13:00:00,2122.07,2123.2,2121.42,2122.95,342
2024-05-21 14:00:00,2122.95,2123.23,2122.05,2122.58,163
2024-05-21 15:00:00,2122.58,2126.26,2122.25,2125.9,153
2024-05-21 16:00:00,2125.9,2126.05,2124.77,2124.88,267
2024-05-21 17:00:00,2124.88,2125.01,2122.21,2122.31,652
2024-05-21 18:00:00,2122.31,2125.22,2121.96,2124.63,767
2024-05-21 19:00:00,2124.63,2126.15,2123.96,2125.99,413
2024-05-21 20:00:00,2125.99,2129.04,2125.25,2128.93,870
2024-05-21 21:00:00,2128.93,2129.01,2126.21,2127.08,575
2024-05-21 22:00:00,2127.08,2128.81,2126.87,2128.25,399
2024-05-21 23:00:00,2128.25,2129.07,2126.47,2126.77,848
2024-05-22 00:00:00,2126.77,2127.41,2122.14,2122.38,611
2024-05-22 01:00:00,2122.38,2123.02,2121.98,2122.7,716
2024-05-22 02:00:00,2122.7,2126.2,2122.19,2125.62,928
2024-05-22 03:00:00,2125.62,2125.7,2124.28,2124.79,394
2024-05-22 04:00:00,2124.79,2125.61,2121.71,2122.04,391
2024-05-22 05:00:00,2122.04,2122.31,2117.35,2117.52,218
2024-05-22 06:00:00,2117.52,2118.34,2116.87,2117.3,501
2024-05-22 07:00:00,2117.3,2117.65,2114.61,2114.67,342
2024-05-22 08:00:00,2114.67,2117.26,2114.49,2117.25,147
2024-05-22 09:00:00,2117.25,2117.73,2116.26,2116.47,644
2024-05-22 10:00:00,2116.47,2118.26,2115.79,2117.95,671
2024-05-22 11:00:00,2117.95,2120.66,2117.0,2120.11,419
2024-05-22 12:00:00,2120.11,2121.97,2119.68,2121.95,634
2024-05-22 13:00:00,2121.95,2122.93,2121.55,2122.63,730
2024-05-22 14:00:00,2122.63,2123.22,2121.94,2122.48,394
2024-05-22 15:00:00,2122.48,2123.86,2122.1,2123.84,842
2024-05-22 16:00:00,2123.84,2124.37,2122.19,2122.41,582
2024-05-22 17:00:00,2122.41,2122.95,2121.37,2121.57,232
2024-05-22 18:00:00,2121.57,2123.11,2121.57,2122.62,358
2024-05-22 19:00:00,2122.62,2122.92,2120.01,2120.26,406
2024-05-22 20:00:00,2120.26,2121.34,2120.07,2120.16,517
2024-05-22 21:00:00,2120.16,2120.82,2119.54,2120.35,751
2024-05-22 22:00:00,2120.35,2124.29,2120.32,2123.26,388
2024-05-22 23:00:00,2123.26,2125.32,2122.68,2124.44,150
2024-05-23 00:00:00,2124.44,2124.83,2123.66,2123.75,232
2024-05-23 01:00:00,2123.75,2124.15,2122.37,2122.38,160
2024-05-23 02:00:00,2122.38,2124.12,2121.92,2123.7,292
2024-05-23 03:00:00,2123.7,2123.92,2121.82,2122.81,534
2024-05-23 04:00:00,2122.81,2124.44,2122.63,2123.85,796
2024-05-23 05:00:00,2123.85,2124.44,2123.3,2123.41,498
2024-05-23 06:00:00,2123.41,2127.3,2123.26,2127.14,547
2024-05-23 07:00:00,2127.14,2128.0,2126.78,2127.32,392
2024-05-23 08:00:00,2127.32,2127.88,2127.29,2127.47,200
2024-05-23 09:00:00,2127.47,2130.29,2126.28,2129.44,146
2024-05-23 10:00:00,2129.44,2131.01,2129.12,2130.09,320
2024-05-23 11:00:00,2130.09,2130.53,2129.02,2129.38,224
2024-05-23 12:00:00,2129.38,2129.84,2129.29,2129.64,339
2024-05-23 13:00:00,2129.64,2131.32,2129.22,2130.62,600
2024-05-23 14:00:00,2130.62,2133.05,2130.34,2132.45,125
2024-05-23 15:00:00,2132.45,2132.74,2129.8,2129.92,387
2024-05-23 16:00:00,2129.92,2130.15,2125.57,2126.35,757
2024-05-23 17:00:00,2126.35,2127.37,2125.19,2126.12,292
2024-05-23 18:00:00,2126.12,2126.76,2125.81,2125.83,134
2024-05-23 19:00:00,2125.83,2126.05,2123.26,2123.77,864
2024-05-23 20:00:00,2123.77,2124.21,2123.39,2123.76,154
2024-05-23 21:00:00,2123.76,2124.72,2121.79,2122.33,901
2024-05-23 22:00:00,2122.33,2123.47,2121.41,2123.12,118
2024-05-23 23:00:00,2123.12,2123.34,2121.67,2122.37,943
2024-05-24 00:00:00,2122.37,2125.57,2122.23,2125.33,577
2024-05-24 01:00:00,2125.33,2125.7,2124.2,2124.4,353
2024-05-24 02:00:00,2124.4,2126.19,2124.11,2126.17,485
2024-05-24 03:00:00,2126.17,2129.85,2125.2,2129.72,402
2024-05-24 04:00:00,2129.72,2134.53,2129.31,2134.02,946
2024-05-24 05:00:00,2134.02,2135.02,2133.96,2134.95,420
2024-05-24 06:00:00,2134.95,2138.74,2134.45,2138.59,349
2024-05-24 07:00:00,2138.59,2141.41,2138.38,2141.2,702
2024-05-24 08:00:00,2141.2,2141.54,2138.3,2138.48,688
2024-05-24 09:00:00,2138.48,2138.82,2137.34,2137.78,310
2024-05-24 10:00:00,2137.78,2142.1,2137.62,2141.82,121
2024-05-24 11:00:00,2141.82,2142.71,2141.8,2142.42,481
2024-05-24 12:00:00,2142.42,2144.01,2142.16,2143.6,869
2024-05-24 13:00:00,2143.6,2144.76,2143.34,2144.48,687
2024-05-24 14:00:00,2144.48,2145.33,2144.28,2144.76,884
2024-05-24 15:00:00,2144.76,2146.09,2144.03,2145.59,400
2024-05-24 16:00:00,2145.59,2146.71,2144.12,2144.33,823
2024-05-24 17:00:00,2144.33,2145.22,2138.27,2139.12,263
2024-05-24 18:00:00,2139.12,2140.15,2139.03,2140.06,538
2024-05-24 19:00:00,2140.06,2141.5,2139.83,2141.1,572
2024-05-24 20:00:00,2141.1,2142.17,2141.02,2141.57,635
2024-05-24 21:00:00,2141.57,2142.88,2141.31,2142.81,295
2024-05-24 22:00:00,2142.81,2143.04,2141.01,2141.73,372
2024-05-24 23:00:00,2141.73,2142.4,2141.11,2141.88,433
2024-05-27 00:00:00,2141.88,2143.52,2141.06,2142.74,142
2024-05-27 01:00:00,2142.74,2146.25,2142.61,2145.42,773
2024-05-27 02:00:00,2145.42,2145.69,2144.5,2144.85,955
2024-05-27 03:00:00,2144.85,2146.15,2144.73,2146.15,882
2024-05-27 04:00:00,2146.15,2150.72,2145.85,2150.35,599
2024-05-27 05:00:00,2150.35,2150.83,2149.61,2150.33,448
2024-05-27 06:00:00,2150.33,2154.1,2149.49,2154.09,653
2024-05-27 07:00:00,2154.09,2154.67,2150.52,2151.27,115
2024-05-27 08:00:00,2151.27,2153.19,2151.07,2152.84,410
2024-05-27 09:00:00,2152.84,2153.13,2150.3,2150.41,559
2024-05-27 10:00:00,2150.41,2151.56,2149.58,2151.16,197
2024-05-27 11:00:00,2151.16,2151.51,2149.22,2149.32,829
2024-05-27 12:00:00,2149.32,2151.29,2148.79,2150.77,696
2024-05-27 13:00:00,2150.77,2154.24,2150.41,2153.44,869
2024-05-27 14:00:00,2153.44,2154.1,2151.93,2152.76,936
2024-05-27 15:00:00,2152.76,2153.4,2151.47,2151.61,735
2024-05-27 16:00:00,2151.61,2155.81,2150.79,2154.42,914
2024-05-27 17:00:00,2154.42,2157.07,2153.9,2156.08,149
2024-05-27 18:00:00,2156.08,2161.4,2154.83,2160.45,147
2024-05-27 19:00:00,2160.45,2163.06,2159.47,2162.52,851
2024-05-27 20:00:00,2162.52,2164.0,2161.95,2163.05,868
2024-05-27 21:00:00,2163.05,2167.35,2162.17,2166.49,132
2024-05-27 22:00:00,2166.49,2169.13,2166.0,2168.69,472
2024-05-27 23:00:00,2168.69,2169.17,2165.86,2165.87,520
2024-05-28 00:00:00,2165.87,2167.05,2164.71,2164.93,476
2024-05-28 01:00:00,2164.93,2166.28,2164.59,2166.14,811
2024-05-28 02:00:00,2166.14,2167.03,2163.7,2164.16,982
2024-05-28 03:00:00,2164.16,2164.24,2159.4,2159.93,248
2024-05-28 04:00:00,2159.93,2161.97,2158.87,2161.55,145
2024-05-28 05:00:00,2161.55,2162.46,2154.98,2155.95,290
2024-05-28 06:00:00,2155.95,2156.08,2155.35,2155.52,760
2024-05-28 07:00:00,2155.52,2156.03,2155.42,2155.64,347
2024-05-28 08:00:00,2155.64,2157.16,2154.68,2156.83,435
2024-05-28 09:00:00,2156.83,2157.29,2156.15,2156.95,511
2024-05-28 10:00:00,2156.95,2157.85,2155.87,2155.88,722
2024-05-28 11:00:00,2155.88,2156.25,2154.57,2155.23,286
2024-05-28 12:00:00,2155.23,2155.36,2153.79,2154.13,566
2024-05-28 13:00:00,2154.13,2156.02,2153.7,2155.71,454
2024-05-28 14:00:00,2155.71,2156.28,2155.25,2155.92,714
2024-05-28 15:00:00,2155.92,2156.52,2155.92,2156.3,702
2024-05-28 16:00:00,2156.3,2156.84,2154.95,2154.97,719
2024-05-28 17:00:00,2154.97,2157.4,2154.56,2157.22,323
2024-05-28 18:00:00,2157.22,2158.14,2155.3,2155.92,672
2024-05-28 19:00:00,2155.92,2157.65,2155.81,2157.54,406
2024-05-28 20:00:00,2157.54,2159.48,2157.41,2159.16,183
2024-05-28 21:00:00,2159.16,2162.22,2159.09,2162.0,230
2024-05-28 22:00:00,2162.0,2162.4,2158.06,2158.4,942
2024-05-28 23:00:00,2158.4,2158.41,2157.37,2157.62,504
2024-05-29 00:00:00,2157.62,2157.84,2156.66,2156.93,116
2024-05-29 01:00:00,2156.93,2161.68,2155.79,2161.44,486
2024-05-29 02:00:00,2161.44,2163.82,2161.09,2163.68,583
2024-05-29 03:00:00,2163.68,2164.85,2163.12,2163.99,445
2024-05-29 04:00:00,2163.99,2164.04,2162.75,2162.81,884
2024-05-29 05:00:00,2162.81,2163.39,2160.86,2161.8,731
2024-05-29 06:00:00,2161.8,2162.84,2161.71,2162.31,321
2024-05-29 07:00:00,2162.31,2162.75,2159.02,2159.69,180
2024-05-29 08:00:00,2159.69,2160.7,2159.26,2160.62,272
2024-05-29 09:00:00,2160.62,2161.49,2159.22,2159.38,768
2024-05-29 10:00:00,2159.38,2160.2,2158.29,2158.73,969
2024-05-29 11:00:00,2158.73,2158.82,2157.31,2158.2,758
2024-05-29 12:00:00,2158.2,2159.53,2157.99,2159.52,961
2024-05-29 13:00:00,2159.52,2159.92,2157.85,2157.92,527
2024-05-29 14:00:00,2157.92,2158.07,2153.42,2153.73,465
2024-05-29 15:00:00,2153.73,2153.85,2152.84,2153.15,705
2024-05-29 16:00:00,2153.15,2153.41,2151.3,2152.27,427
2024-05-29 17:00:00,2152.27,2156.64,2151.8,2155.96,210
2024-05-29 18:00:00,2155.96,2157.93,2155.01,2157.67,959
2024-05-29 19:00:00,2157.67,2158.47,2157.23,2157.99,856
2024-05-29 20:00:00,2157.99,2158.89,2157.97,2158.57,211
2024-05-29 21:00:00,2158.57,2159.08,2157.88,2158.26,376
2024-05-29 22:00:00,2158.26,2161.85,2157.88,2161.64,268
2024-05-29 23:00:00,2161.64,2162.6,2161.56,2162.48,975
2024-05-30 00:00:00,2162.48,2164.96,2162.23,2164.65,700
2024-05-30 01:00:00,2164.65,2165.22,2163.5,2164.28,317
2024-05-30 02:00:00,2164.28,2164.97,2163.46,2163.95,933
2024-05-30 03:00:00,2163.95,2164.74,2161.7,2162.14,451
2024-05-30 04:00:00,2162.14,2163.41,2161.95,2162.81,937
2024-05-30 05:00:00,2162.81,2162.85,2157.95,2158.07,324
2024-05-30 06:00:00,2158.07,2159.46,2157.63,2158.65,642
2024-05-30 07:00:00,2158.65,2158.78,2157.92,2158.09,761
2024-05-30 08:00:00,2158.09,2160.54,2157.94,2160.27,364
2024-05-30 09:00:00,2160.27,2160.79,2158.6,2159.74,492
2024-05-30 10:00:00,2159.74,2161.7,2159.55,2161.49,864
2024-05-30 11:00:00,2161.49,2164.82,2161.17,2163.95,791
2024-05-30 12:00:00,2163.95,2164.84,2163.82,2164.73,469
2024-05-30 13:00:00,2164.73,2164.85,2162.11,2162.96,167
2024-05-30 14:00:00,2162.96,2163.1,2162.5,2163.08,444
2024-05-30 15:00:00,2163.08,2163.28,2161.04,2161.62,477
2024-05-30 16:00:00,2161.62,2161.91,2159.53,2159.9,402
2024-05-30 17:00:00,2159.9,2161.32,2159.14,2160.19,811
2024-05-30 18:00:00,2160.19,2161.63,2159.67,2161.12,592
2024-05-30 19:00:00,2161.12,2164.96,2160.39,2164.23,431
2024-05-30 20:00:00,2164.23,2164.53,2163.51,2164.17,356
2024-05-30 21:00:00,2164.17,2164.37,2163.21,2163.22,440
2024-05-30 22:00:00,2163.22,2166.55,2162.72,2165.88,513
2024-05-30 23:00:00,2165.88,2165.97,2164.44,2164.78,378
2024-05-31 00:00:00,2164.78,2165.82,2163.31,2163.77,150
2024-05-31 01:00:00,2163.77,2165.3,2163.54,2164.74,622
2024-05-31 02:00:00,2164.74,2167.57,2163.97,2166.54,210
2024-05-31 03:00:00,2166.54,2166.7,2164.27,2165.46,131
2024-05-31 04:00:00,2165.46,2165.68,2162.31,2163.05,546
2024-05-31 05:00:00,2163.05,2163.96,2162.48,2162.74,256
2024-05-31 06:00:00,2162.74,2163.08,2160.95,2161.84,854
2024-05-31 07:00:00,2161.84,2162.11,2160.83,2162.01,576
2024-05-31 08:00:00,2162.01,2162.89,2161.75,2162.2,339
2024-05-31 09:00:00,2162.2,2162.78,2162.19,2162.64,914
2024-05-31 10:00:00,2162.64,2164.24,2162.43,2163.32,720
2024-05-31 11:00:00,2163.32,2164.46,2162.58,2164.01,838
2024-05-31 12:00:00,2164.01,2164.03,2162.0,2162.24,138
2024-05-31 13:00:00,2162.24,2162.89,2161.47,2162.58,925
2024-05-31 14:00:00,2162.58,2163.02,2160.26,2160.73,870
2024-05-31 15:00:00,2160.73,2161.84,2160.64,2161.08,448
2024-05-31 16:00:00,2161.08,2161.38,2158.16,2158.49,252
2024-05-31 17:00:00,2158.49,2161.73,2157.36,2161.42,868
2024-05-31 18:00:00,2161.42,2161.74,2158.6,2158.81,619
2024-05-31 19:00:00,2158.81,2158.85,2155.75,2156.0,695
2024-05-31 20:00:00,2156.0,2157.83,2155.35,2157.0,277
2024-05-31 21:00:00,2157.0,2157.99,2156.94,2157.37,541
2024-05-31 22:00:00,2157.37,2160.22,2157.22,2159.76,202
2024-05-31 23:00:00,2159.76,2160.61,2156.1,2156.53,849
2024-06-03 00:00:00,2156.53,2157.45,2156.34,2156.83,221
2024-06-03 01:00:00,2156.83,2157.24,2156.65,2156.76,491
2024-06-03 02:00:00,2156.76,2157.01,2155.49,2155.51,871
2024-06-03 03:00:00,2155.51,2156.85,2155.14,2156.68,898
2024-06-03 04:00:00,2156.68,2157.07,2154.96,2155.16,634
2024-06-03 05:00:00,2155.16,2157.59,2155.04,2157.22,269
2024-06-03 06:00:00,2157.22,2158.57,2156.5,2158.16,279
2024-06-03 07:00:00,2158.16,2158.42,2156.42,2157.27,967
2024-06-03 08:00:00,2157.27,2157.29,2155.17,2155.41,487
2024-06-03 09:00:00,2155.41,2155.44,2152.16,2152.51,607
2024-06-03 10:00:00,2152.51,2152.84,2150.03,2150.25,561
2024-06-03 11:00:00,2150.25,2151.81,2149.89,2151.46,702
2024-06-03 12:00:00,2151.46,2155.18,2151.41,2154.7,181
2024-06-03 13:00:00,2154.7,2154.99,2154.56,2154.85,888
2024-06-03 14:00:00,2154.85,2155.13,2152.88,2153.32,125
2024-06-03 15:00:00,2153.32,2156.45,2152.76,2155.98,403
2024-06-03 16:00:00,2155.98,2156.83,2155.09,2155.35,541
2024-06-03 17:00:00,2155.35,2160.62,2155.18,2160.33,730
2024-06-03 18:00:00,2160.33,2165.39,2159.93,2165.28,627
2024-06-03 19:00:00,2165.28,2168.11,2164.91,2167.89,987
2024-06-03 20:00:00,2167.89,2168.55,2167.81,2168.05,609
2024-06-03 21:00:00,2168.05,2168.32,2165.02,2165.09,251
2024-06-03 22:00:00,2165.09,2165.38,2161.86,2161.96,147
2024-06-03 23:00:00,2161.96,2162.53,2161.8,2162.03,810
2024-06-04 00:00:00,2162.03,2162.61,2161.58,2162.07,345
2024-06-04 01:00:00,2162.07,2165.47,2161.86,2165.26,230
2024-06-04 02:00:00,2165.26,2166.59,2162.2,2162.4,241
2024-06-04 03:00:00,2162.4,2162.87,2159.59,2160.38,964
2024-06-04 04:00:00,2160.38,2162.02,2160.14,2161.39,585
2024-06-04 05:00:00,2161.39,2162.2,2154.51,2154.56,302
2024-06-04 06:00:00,2154.56,2154.77,2154.48,2154.74,876
2024-06-04 07:00:00,2154.74,2155.05,2153.3,2153.78,221
2024-06-04 08:00:00,2153.78,2155.0,2153.32,2154.62,740
2024-06-04 09:00:00,2154.62,2156.07,2154.56,2155.64,369
2024-06-04 10:00:00,2155.64,2156.31,2155.42,2155.9,464
2024-06-04 11:00:00,2155.9,2160.19,2155.01,2159.93,683
2024-06-04 12:00:00,2159.93,2160.35,2155.27,2156.57,126
2024-06-04 13:00:00,2156.57,2159.29,2156.47,2158.6,647
2024-06-04 14:00:00,2158.6,2162.18,2158.15,2161.7,824
2024-06-04 15:00:00,2161.7,2162.26,2158.35,2158.97,769
2024-06-04 16:00:00,2158.97,2158.99,2157.79,2158.27,253
2024-06-04 17:00:00,2158.27,2158.32,2152.73,2153.69,602
2024-06-04 18:00:00,2153.69,2155.11,2153.07,2154.78,400
2024-06-04 19:00:00,2154.78,2155.53,2149.63,2149.63,992
2024-06-04 20:00:00,2149.63,2150.45,2148.2,2149.21,826
2024-06-04 21:00:00,2149.21,2149.44,2146.49,2147.51,476
2024-06-04 22:00:00,2147.51,2148.76,2146.62,2146.74,306
2024-06-04 23:00:00,2146.74,2149.35,2146.31,2148.88,740
2024-06-05 00:00:00,2148.88,2149.18,2145.11,2145.2,321
2024-06-05 01:00:00,2145.2,2145.3,2143.91,2143.96,832
2024-06-05 02:00:00,2143.96,2143.97,2139.0,2139.38,930
2024-06-05 03:00:00,2139.38,2140.02,2137.79,2138.23,915
2024-06-05 04:00:00,2138.23,2143.78,2138.17,2143.45,827
2024-06-05 05:00:00,2143.45,2143.64,2141.57,2142.07,196
2024-06-05 06:00:00,2142.07,2145.46,2141.24,2145.37,802
2024-06-05 07:00:00,2145.37,2145.74,2139.5,2139.7,675
2024-06-05 08:00:00,2139.7,2139.84,2136.33,2136.51,821
2024-06-05 09:00:00,2136.51,2137.83,2135.86,2137.67,797
2024-06-05 10:00:00,2137.67,2137.73,2136.61,2136.81,896
2024-06-05 11:00:00,2136.81,2136.89,2134.88,2135.86,259
2024-06-05 12:00:00,2135.86,2137.72,2134.61,2137.52,777
2024-06-05 13:00:00,2137.52,2138.18,2137.41,2137.81,710
2024-06-05 14:00:00,2137.81,2139.16,2137.67,2138.68,331
2024-06-05 15:00:00,2138.68,2139.05,2137.38,2137.68,854
2024-06-05 16:00:00,2137.68,2137.76,2133.99,2134.33,313
2024-06-05 17:00:00,2134.33,2134.49,2133.36,2133.85,470
2024-06-05 18:00:00,2133.85,2137.12,2133.45,2136.57,636
2024-06-05 19:00:00,2136.57,2137.08,2134.72,2135.15,202
2024-06-05 20:00:00,2135.15,2135.69,2132.56,2133.62,231
2024-06-05 21:00:00,2133.62,2135.0,2133.45,2134.39,162
2024-06-05 22:00:00,2134.39,2134.58,2127.71,2128.33,308
2024-06-05 23:00:00,2128.33,2132.18,2128.23,2131.51,692
2024-06-06 00:00:00,2131.51,2132.13,2131.06,2131.4,198
2024-06-06 01:00:00,2131.4,2131.89,2125.83,2126.24,791
2024-06-06 02:00:00,2126.24,2127.04,2125.91,2126.52,220
2024-06-06 03:00:00,2126.52,2128.23,2125.59,2128.1,263
2024-06-06 04:00:00,2128.1,2128.66,2127.27,2127.4,992
2024-06-06 05:00:00,2127.4,2127.51,2127.05,2127.2,989
2024-06-06 06:00:00,2127.2,2128.36,2127.19,2128.3,884
2024-06-06 07:00:00,2128.3,2128.74,2126.58,2126.73,909
2024-06-06 08:00:00,2126.73,2129.02,2126.52,2128.61,904
2024-06-06 09:00:00,2128.61,2129.43,2127.28,2127.64,402
2024-06-06 10:00:00,2127.64,2127.98,2123.74,2124.77,370
2024-06-06 11:00:00,2124.77,2125.33,2122.0,2122.18,624
2024-06-06 12:00:00,2122.18,2122.33,2118.66,2118.84,451
2024-06-06 13:00:00,2118.84,2119.11,2115.93,2116.64,610
2024-06-06 14:00:00,2116.64,2118.05,2116.6,2117.4,350
2024-06-06 15:00:00,2117.4,2117.93,2117.21,2117.8,902
2024-06-06 16:00:00,2117.8,2121.54,2116.96,2121.19,323
2024-06-06 17:00:00,2121.19,2121.87,2118.14,2118.58,370
2024-06-06 18:00:00,2118.58,2119.0,2118.32,2118.44,574
2024-06-06 19:00:00,2118.44,2119.23,2118.06,2118.23,162
2024-06-06 20:00:00,2118.23,2118.92,2118.23,2118.74,895
2024-06-06 21:00:00,2118.74,2123.5,2118.65,2122.39,347
2024-06-06 22:00:00,2122.39,2124.98,2121.88,2124.7,244
2024-06-06 23:00:00,2124.7,2128.57,2124.1,2128.39,342
2024-06-07 00:00:00,2128.39,2128.49,2127.66,2128.05,912
2024-06-07 01:00:00,2128.05,2130.24,2127.65,2129.75,384
2024-06-07 02:00:00,2129.75,2131.02,2129.58,2130.62,984
2024-06-07 03:00:00,2130.62,2132.44,2130.3,2132.4,617
2024-06-07 04:00:00,2132.4,2132.7,2132.26,2132.66,171
2024-06-07 05:00:00,2132.66,2132.68,2131.68,2132.26,518
2024-06-07 06:00:00,2132.26,2132.72,2131.82,2132.33,577
2024-06-07 07:00:00,2132.33,2132.89,2131.42,2132.49,673
2024-06-07 08:00:00,2132.49,2132.61,2130.88,2131.22,182
2024-06-07 09:00:00,2131.22,2131.86,2130.43,2130.66,751
2024-06-07 10:00:00,2130.66,2132.16,2130.64,2131.18,235
2024-06-07 11:00:00,2131.18,2131.26,2128.41,2128.49,265
2024-06-07 12:00:00,2128.49,2128.8,2124.9,2125.24,470
2024-06-07 13:00:00,2125.24,2128.54,2124.58,2128.16,238
2024-06-07 14:00:00,2128.16,2130.72,2127.42,2130.54,711
2024-06-07 15:00:00,2130.54,2131.22,2130.3,2130.32,516
2024-06-07 16:00:00,2130.32,2130.8,2129.0,2129.13,109
2024-06-07 17:00:00,2129.13,2129.7,2127.76,2127.77,311
2024-06-07 18:00:00,2127.77,2131.23,2127.65,2130.76,459
2024-06-07 19:00:00,2130.76,2131.4,2128.97,2129.44,965
2024-06-07 20:00:00,2129.44,2129.72,2127.16,2128.0,727
2024-06-07 21:00:00,2128.0,2128.28,2126.54,2127.13,840
2024-06-07 22:00:00,2127.13,2129.23,2126.42,2129.23,528
2024-06-07 23:00:00,2129.23,2133.42,2128.75,2133.08,124
2024-06-10 00:00:00,2133.08,2133.86,2129.52,2129.69,995
2024-06-10 01:00:00,2129.69,2129.96,2126.07,2126.07,641
2024-06-10 02:00:00,2126.07,2129.33,2125.98,2128.29,970
2024-06-10 03:00:00,2128.29,2132.9,2127.52,2132.43,113
2024-06-10 04:00:00,2132.43,2132.72,2130.66,2130.68,375
2024-06-10 05:00:00,2130.68,2130.94,2129.74,2130.56,824
2024-06-10 06:00:00,2130.56,2134.6,2130.23,2134.32,552
2024-06-10 07:00:00,2134.32,2135.83,2134.24,2135.58,196
2024-06-10 08:00:00,2135.58,2139.28,2135.14,2139.02,427
2024-06-10 09:00:00,2139.02,2139.43,2138.18,2138.37,506
2024-06-10 10:00:00,2138.37,2139.69,2138.01,2139.26,309
2024-06-10 11:00:00,2139.26,2140.24,2138.49,2140.08,438
2024-06-10 12:00:00,2140.08,2144.07,2139.88,2143.9,853
2024-06-10 13:00:00,2143.9,2144.68,2143.46,2144.57,378
2024-06-10 14:00:00,2144.57,2144.95,2141.9,2141.91,972
2024-06-10 15:00:00,2141.91,2142.03,2138.01,2138.4,607
2024-06-10 16:00:00,2138.4,2140.04,2137.66,2139.52,139
2024-06-10 17:00:00,2139.52,2139.62,2136.62,2137.17,852
2024-06-10 18:00:00,2137.17,2137.5,2137.17,2137.32,189
2024-06-10 19:00:00,2137.32,2139.41,2137.31,2139.26,345
2024-06-10 20:00:00,2139.26,2140.58,2138.66,2140.09,291
2024-06-10 21:00:00,2140.09,2140.18,2138.03,2138.78,537
2024-06-10 22:00:00,2138.78,2139.26,2137.18,2138.47,169
2024-06-10 23:00:00,2138.47,2138.79,2137.57,2138.34,543
2024-06-11 00:00:00,2138.34,2138.69,2138.02,2138.62,355
2024-06-11 01:00:00,2138.62,2139.11,2136.28,2136.4,870
2024-06-11 02:00:00,2136.4,2137.34,2136.18,2136.69,995
2024-06-11 03:00:00,2136.69,2137.39,2135.6,2135.86,655
2024-06-11 04:00:00,2135.86,2137.63,2135.85,2137.14,385
2024-06-11 05:00:00,2137.14,2141.03,2136.71,2140.37,436
2024-06-11 06:00:00,2140.37,2140.6,2138.77,2139.59,365
2024-06-11 07:00:00,2139.59,2141.09,2139.21,2140.23,230
2024-06-11 08:00:00,2140.23,2142.64,2140.06,2142.24,395
2024-06-11 09:00:00,2142.24,2144.55,2141.7,2143.79,299
2024-06-11 10:00:00,2143.79,2144.26,2142.26,2142.4,402
2024-06-11 11:00:00,2142.4,2142.93,2141.88,2142.72,199
2024-06-11 12:00:00,2142.72,2142.74,2140.9,2140.92,575
2024-06-11 13:00:00,2140.92,2141.45,2136.69,2136.77,748
2024-06-11 14:00:00,2136.77,2137.07,2135.44,2135.85,132
2024-06-11 15:00:00,2135.85,2136.3,2133.6,2135.03,970
2024-06-11 16:00:00,2135.03,2135.7,2134.48,2135.63,527
2024-06-11 17:00:00,2135.63,2135.88,2134.35,2134.75,191
2024-06-11 18:00:00,2134.75,2136.54,2134.21,2135.89,241
2024-06-11 19:00:00,2135.89,2136.93,2135.65,2136.79,616
2024-06-11 20:00:00,2136.79,2139.6,2136.48,2139.39,962
2024-06-11 21:00:00,2139.39,2139.47,2139.08,2139.13,756
2024-06-11 22:00:00,2139.13,2141.18,2139.11,2140.88,844
2024-06-11 23:00:00,2140.88,2141.55,2136.67,2136.83,239
2024-06-12 00:00:00,2136.83,2137.36,2135.51,2136.12,833
2024-06-12 01:00:00,2136.12,2136.12,2131.86,2133.42,151
2024-06-12 02:00:00,2133.42,2133.93,2131.45,2132.07,629
2024-06-12 03:00:00,2132.07,2134.71,2131.74,2134.01,292
2024-06-12 04:00:00,2134.01,2134.27,2133.66,2133.71,680
2024-06-12 05:00:00,2133.71,2134.58,2131.62,2131.85,986
2024-06-12 06:00:00,2131.85,2133.11,2129.79,2130.04,910
2024-06-12 07:00:00,2130.04,2130.1,2127.62,2128.03,630
2024-06-12 08:00:00,2128.03,2128.07,2124.61,2125.03,594
2024-06-12 09:00:00,2125.03,2125.96,2124.77,2125.22,651
2024-06-12 10:00:00,2125.22,2125.3,2121.94,2122.46,458
2024-06-12 11:00:00,2122.46,2122.56,2119.96,2120.15,354
2024-06-12 12:00:00,2120.15,2122.72,2119.89,2122.59,642
2024-06-12 13:00:00,2122.59,2123.54,2118.11,2119.7,736
2024-06-12 14:00:00,2119.7,2120.63,2118.23,2118.91,666
2024-06-12 15:00:00,2118.91,2122.21,2118.86,2121.67,565
2024-06-12 16:00:00,2121.67,2121.7,2119.14,2119.44,465
2024-06-12 17:00:00,2119.44,2120.74,2119.29,2120.19,517
2024-06-12 18:00:00,2120.19,2123.57,2119.53,2123.5,677
2024-06-12 19:00:00,2123.5,2124.15,2122.94,2123.99,517
2024-06-12 20:00:00,2123.99,2124.47,2123.3,2123.42,535
2024-06-12 21:00:00,2123.42,2123.51,2122.03,2122.26,450
2024-06-12 22:00:00,2122.26,2127.55,2121.99,2127.44,123
2024-06-12 23:00:00,2127.44,2127.49,2126.25,2127.04,861
2024-06-13 00:00:00,2127.04,2129.23,2126.46,2128.18,286
2024-06-13 01:00:00,2128.18,2128.52,2126.66,2127.44,175
2024-06-13 02:00:00,2127.44,2128.1,2125.47,2126.48,428
2024-06-13 03:00:00,2126.48,2127.06,2125.01,2125.57,330
2024-06-13 04:00:00,2125.57,2125.64,2125.44,2125.51,285
2024-06-13 05:00:00,2125.51,2128.06,2125.35,2127.13,288
2024-06-13 06:00:00,2127.13,2128.67,2126.12,2128.32,383
2024-06-13 07:00:00,2128.32,2129.47,2126.45,2127.07,403
2024-06-13 08:00:00,2127.07,2127.74,2126.41,2127.5,611
2024-06-13 09:00:00,2127.5,2127.84,2126.09,2126.19,884
2024-06-13 10:00:00,2126.19,2126.22,2122.06,2123.01,463
2024-06-13 11:00:00,2123.01,2123.57,2122.63,2123.25,113
2024-06-13 12:00:00,2123.25,2125.98,2122.4,2125.9,643
2024-06-13 13:00:00,2125.9,2126.44,2124.22,2124.26,809
2024-06-13 14:00:00,2124.26,2126.97,2123.56,2126.58,977
2024-06-13 15:00:00,2126.58,2127.75,2123.09,2123.64,840
2024-06-13 16:00:00,2123.64,2124.03,2122.64,2122.81,915
2024-06-13 17:00:00,2122.81,2122.94,2121.82,2121.9,754
2024-06-13 18:00:00,2121.9,2122.59,2121.21,2122.46,318
2024-06-13 19:00:00,2122.46,2124.56,2121.72,2124.41,624
2024-06-13 20:00:00,2124.41,2124.69,2121.26,2121.28,707
2024-06-13 21:00:00,2121.28,2122.21,2120.59,2121.91,881
2024-06-13 22:00:00,2121.91,2122.2,2121.65,2122.2,679
2024-06-13 23:00:00,2122.2,2123.58,2122.09,2123.28,650
2024-06-14 00:00:00,2123.28,2123.43,2121.52,2122.09,183
2024-06-14 01:00:00,2122.09,2122.22,2119.02,2119.18,654
2024-06-14 02:00:00,2119.18,2119.66,2117.24,2117.74,395
2024-06-14 03:00:00,2117.74,2118.31,2115.74,2116.11,554
2024-06-14 04:00:00,2116.11,2116.18,2113.98,2114.61,271
2024-06-14 05:00:00,2114.61,2115.76,2114.16,2115.57,691
2024-06-14 06:00:00,2115.57,2115.79,2113.15,2113.67,157
2024-06-14 07:00:00,2113.67,2118.19,2113.3,2117.89,264
2024-06-14 08:00:00,2117.89,2120.17,2117.49,2119.3,893
2024-06-14 09:00:00,2119.3,2119.87,2116.33,2116.89,862
2024-06-14 10:00:00,2116.89,2117.16,2114.94,2115.43,590
2024-06-14 11:00:00,2115.43,2116.09,2114.66,2114.76,923
2024-06-14 12:00:00,2114.76,2114.9,2114.07,2114.48,927
2024-06-14 13:00:00,2114.48,2118.09,2114.34,2117.52,562
2024-06-14 14:00:00,2117.52,2117.63,2112.71,2113.32,606
2024-06-14 15:00:00,2113.32,2113.98,2112.22,2113.15,666
2024-06-14 16:00:00,2113.15,2114.37,2112.11,2113.7,390
2024-06-14 17:00:00,2113.7,2114.93,2112.88,2114.29,939
2024-06-14 18:00:00,2114.29,2114.71,2111.69,2112.43,418
2024-06-14 19:00:00,2112.43,2113.18,2112.33,2113.11,992
2024-06-14 20:00:00,2113.11,2113.14,2111.6,2112.15,544
2024-06-14 21:00:00,2112.15,2115.42,2111.67,2114.97,732
2024-06-14 22:00:00,2114.97,2115.45,2114.6,2115.09,115
2024-06-14 23:00:00,2115.09,2116.36,2114.91,2116.04,367
2024-06-17 00:00:00,2116.04,2116.45,2114.54,2114.78,918
2024-06-17 01:00:00,2114.78,2115.07,2113.65,2114.21,967
2024-06-17 02:00:00,2114.21,2114.82,2113.89,2114.75,822
2024-06-17 03:00:00,2114.75,2116.31,2114.4,2116.11,452
2024-06-17 04:00:00,2116.11,2119.85,2115.62,2119.45,946
2024-06-17 05:00:00,2119.45,2121.47,2118.68,2120.6,901
2024-06-17 06:00:00,2120.6,2120.83,2119.03,2119.87,618
2024-06-17 07:00:00,2119.87,2122.26,2119.81,2121.99,302
2024-06-17 08:00:00,2121.99,2122.61,2118.95,2119.71,215
2024-06-17 09:00:00,2119.71,2121.05,2118.9,2120.53,958
2024-06-17 10:00:00,2120.53,2121.02,2120.44,2120.91,772
2024-06-17 11:00:00,2120.91,2123.09,2120.51,2122.68,546
2024-06-17 12:00:00,2122.68,2122.99,2119.44,2119.53,677
2024-06-17 13:00:00,2119.53,2119.68,2116.43,2117.06,718
2024-06-17 14:00:00,2117.06,2118.11,2116.46,2118.03,736
2024-06-17 15:00:00,2118.03,2120.35,2117.96,2120.26,147
2024-06-17 16:00:00,2120.26,2120.88,2119.88,2120.79,992
2024-06-17 17:00:00,2120.79,2123.43,2120.71,2122.78,763
2024-06-17 18:00:00,2122.78,2123.18,2121.07,2121.28,175
2024-06-17 19:00:00,2121.28,2121.43,2118.79,2119.58,506
2024-06-17 20:00:00,2119.58,2119.85,2119.04,2119.45,172
2024-06-17 21:00:00,2119.45,2119.58,2117.2,2118.59,903
2024-06-17 22:00:00,2118.59,2123.38,2118.31,2122.88,381
2024-06-17 23:00:00,2122.88,2124.78,2122.78,2124.67,173
2024-06-18 00:00:00,2124.67,2125.91,2124.51,2124.93,764
2024-06-18 01:00:00,2124.93,2125.1,2123.45,2123.76,400
2024-06-18 02:00:00,2123.76,2126.64,2123.71,2126.11,466
2024-06-18 03:00:00,2126.11,2126.94,2125.49,2126.39,586
2024-06-18 04:00:00,2126.39,2131.24,2126.2,2130.99,486
2024-06-18 05:00:00,2130.99,2137.43,2130.88,2137.35,847
2024-06-18 06:00:00,2137.35,2138.25,2134.36,2135.2,116
2024-06-18 07:00:00,2135.2,2135.36,2130.76,2131.41,751
2024-06-18 08:00:00,2131.41,2132.73,2130.6,2131.6,727
2024-06-18 09:00:00,2131.6,2133.2,2131.48,2132.39,297
2024-06-18 10:00:00,2132.39,2132.87,2130.49,2130.75,756
2024-06-18 11:00:00,2130.75,2131.25,2130.61,2130.83,869
2024-06-18 12:00:00,2130.83,2131.18,2130.28,2130.42,962
2024-06-18 13:00:00,2130.42,2133.76,2130.42,2132.8,409
2024-06-18 14:00:00,2132.8,2132.85,2131.44,2131.94,520
2024-06-18 15:00:00,2131.94,2132.37,2131.82,2131.96,103
2024-06-18 16:00:00,2131.96,2132.54,2131.84,2132.29,531
2024-06-18 17:00:00,2132.29,2134.18,2132.15,2132.66,814
2024-06-18 18:00:00,2132.66,2132.91,2128.31,2128.66,835
2024-06-18 19:00:00,2128.66,2129.88,2127.4,2129.26,302
2024-06-18 20:00:00,2129.26,2130.71,2129.21,2130.11,235
2024-06-18 21:00:00,2130.11,2130.22,2129.48,2129.96,954
2024-06-18 22:00:00,2129.96,2130.91,2128.09,2129.17,273
2024-06-18 23:00:00,2129.17,2129.97,2126.83,2127.15,178
2024-06-19 00:00:00,2127.15,2127.15,2124.8,2125.37,282
2024-06-19 01:00:00,2125.37,2125.77,2121.48,2122.29,845
2024-06-19 02:00:00,2122.29,2123.26,2119.07,2119.58,637
2024-06-19 03:00:00,2119.58,2119.82,2116.78,2117.48,396
2024-06-19 04:00:00,2117.48,2118.25,2116.5,2116.84,109
2024-06-19 05:00:00,2116.84,2117.43,2116.68,2117.24,522
2024-06-19 06:00:00,2117.24,2122.32,2116.73,2121.7,775
2024-06-19 07:00:00,2121.7,2122.22,2119.2,2119.73,211
2024-06-19 08:00:00,2119.73,2124.08,2119.68,2123.74,108
2024-06-19 09:00:00,2123.74,2125.13,2122.76,2124.55,128
2024-06-19 10:00:00,2124.55,2125.56,2124.51,2124.99,646
2024-06-19 11:00:00,2124.99,2125.71,2123.93,2124.14,403
2024-06-19 12:00:00,2124.14,2124.8,2120.88,2121.48,171
2024-06-19 13:00:00,2121.48,2121.54,2119.36,2119.78,619
2024-06-19 14:00:00,2119.78,2123.62,2119.78,2123.57,492
2024-06-19 15:00:00,2123.57,2123.57,2121.2,2121.71,966
2024-06-19 16:00:00,2121.71,2122.06,2121.13,2121.87,595
2024-06-19 17:00:00,2121.87,2124.61,2121.78,2124.57,853
2024-06-19 18:00:00,2124.57,2128.33,2124.07,2127.75,678
2024-06-19 19:00:00,2127.75,2128.34,2126.42,2126.64,553
2024-06-19 20:00:00,2126.64,2129.3,2126.35,2128.85,707
2024-06-19 21:00:00,2128.85,2130.34,2128.47,2130.08,855
2024-06-19 22:00:00,2130.08,2130.23,2128.13,2129.1,101
2024-06-19 23:00:00,2129.1,2129.2,2128.6,2128.66,762
2024-06-20 00:00:00,2128.66,2129.21,2128.48,2129.19,661
2024-06-20 01:00:00,2129.19,2129.72,2128.8,2129.29,423
2024-06-20 02:00:00,2129.29,2129.85,2127.6,2127.66,994
2024-06-20 03:00:00,2127.66,2128.32,2127.18,2128.17,647
2024-06-20 04:00:00,2128.17,2129.04,2128.07,2128.92,592
2024-06-20 05:00:00,2128.92,2130.92,2128.69,2130.79,861
2024-06-20 06:00:00,2130.79,2131.11,2128.7,2128.95,717
2024-06-20 07:00:00,2128.95,2129.21,2125.15,2125.61,536
2024-06-20 08:00:00,2125.61,2125.69,2125.2,2125.29,752
2024-06-20 09:00:00,2125.29,2126.44,2123.57,2123.68,676
2024-06-20 10:00:00,2123.68,2125.52,2123.55,2125.09,318
2024-06-20 11:00:00,2125.09,2126.68,2124.65,2125.78,613
2024-06-20 12:00:00,2125.78,2128.84,2125.67,2127.75,470
2024-06-20 13:00:00,2127.75,2129.64,2127.51,2129.24,556
2024-06-20 14:00:00,2129.24,2130.37,2129.08,2130.14,362
2024-06-20 15:00:00,2130.14,2132.33,2128.61,2131.39,463
2024-06-20 16:00:00,2131.39,2131.42,2130.49,2130.91,196
2024-06-20 17:00:00,2130.91,2131.63,2130.09,2130.66,220
2024-06-20 18:00:00,2130.66,2130.89,2129.09,2129.27,465
2024-06-20 19:00:00,2129.27,2129.83,2129.25,2129.76,116
2024-06-20 20:00:00,2129.76,2129.94,2127.48,2127.58,510
2024-06-20 21:00:00,2127.58,2131.33,2127.38,2130.28,137
2024-06-20 22:00:00,2130.28,2130.48,2129.41,2130.2,687
2024-06-20 23:00:00,2130.2,2132.47,2130.07,2131.91,575
2024-06-21 00:00:00,2131.91,2133.52,2131.9,2133.2,349
2024-06-21 01:00:00,2133.2,2137.78,2132.87,2137.41,743
2024-06-21 02:00:00,2137.41,2137.44,2134.84,2135.6,291
2024-06-21 03:00:00,2135.6,2135.76,2132.67,2132.77,260
2024-06-21 04:00:00,2132.77,2133.56,2132.69,2133.51,832
2024-06-21 05:00:00,2133.51,2135.8,2133.22,2135.24,837
2024-06-21 06:00:00,2135.24,2137.92,2134.23,2137.77,140
2024-06-21 07:00:00,2137.77,2138.46,2136.05,2136.23,593
2024-06-21 08:00:00,2136.23,2139.85,2135.77,2139.26,123
2024-06-21 09:00:00,2139.26,2139.69,2138.89,2139.67,895
2024-06-21 10:00:00,2139.67,2140.0,2135.45,2135.86,839
2024-06-21 11:00:00,2135.86,2136.33,2134.33,2134.43,902
2024-06-21 12:00:00,2134.43,2135.1,2133.32,2134.29,181
2024-06-21 13:00:00,2134.29,2136.85,2133.73,2136.81,975
2024-06-21 14:00:00,2136.81,2137.21,2135.46,2137.06,306
2024-06-21 15:00:00,2137.06,2137.6,2135.64,2136.12,556
2024-06-21 16:00:00,2136.12,2136.83,2136.03,2136.67,446
2024-06-21 17:00:00,2136.67,2140.25,2136.33,2139.01,451
2024-06-21 18:00:00,2139.01,2139.62,2136.78,2136.81,247
2024-06-21 19:00:00,2136.81,2137.39,2135.18,2135.2,478
2024-06-21 20:00:00,2135.2,2136.26,2134.47,2134.7,754
2024-06-21 21:00:00,2134.7,2134.93,2134.46,2134.5,296
2024-06-21 22:00:00,2134.5,2135.77,2134.1,2135.24,693
2024-06-21 23:00:00,2135.24,2137.6,2134.67,2136.98,830
2024-06-24 00:00:00,2136.98,2137.66,2136.98,2137.5,107
2024-06-24 01:00:00,2137.5,2139.03,2136.98,2138.71,291
2024-06-24 02:00:00,2138.71,2145.36,2138.22,2144.53,134
2024-06-24 03:00:00,2144.53,2149.86,2144.01,2148.94,309
2024-06-24 04:00:00,2148.94,2148.99,2144.19,2144.87,922
2024-06-24 05:00:00,2144.87,2145.44,2144.78,2145.28,608
2024-06-24 06:00:00,2145.28,2146.57,2143.22,2143.34,555
2024-06-24 07:00:00,2143.34,2144.94,2143.19,2144.66,260
2024-06-24 08:00:00,2144.66,2144.96,2144.06,2144.2,512
2024-06-24 09:00:00,2144.2,2146.18,2144.12,2145.54,774
2024-06-24 10:00:00,2145.54,2146.23,2143.95,2144.1,547
2024-06-24 11:00:00,2144.1,2144.6,2143.18,2143.44,222
2024-06-24 12:00:00,2143.44,2143.61,2141.01,2141.03,956
2024-06-24 13:00:00,2141.03,2143.34,2141.01,2142.95,687
2024-06-24 14:00:00,2142.95,2143.81,2141.95,2141.99,570
2024-06-24 15:00:00,2141.99,2145.73,2141.76,2145.48,283
2024-06-24 16:00:00,2145.48,2146.42,2143.36,2143.71,622
2024-06-24 17:00:00,2143.71,2144.11,2139.63,2140.17,906
2024-06-24 18:00:00,2140.17,2140.4,2139.17,2139.67,417
2024-06-24 19:00:00,2139.67,2144.04,2139.43,2143.41,313
2024-06-24 20:00:00,2143.41,2146.11,2143.35,2145.84,304
2024-06-24 21:00:00,2145.84,2147.24,2145.63,2146.87,239
2024-06-24 22:00:00,2146.87,2147.04,2145.06,2145.13,197
2024-06-24 23:00:00,2145.13,2145.46,2144.36,2144.71,680
2024-06-25 00:00:00,2144.71,2145.13,2142.16,2142.8,683
2024-06-25 01:00:00,2142.8,2143.76,2141.1,2141.29,398
2024-06-25 02:00:00,2141.29,2141.67,2137.89,2138.79,242
2024-06-25 03:00:00,2138.79,2138.99,2137.72,2137.73,143
2024-06-25 04:00:00,2137.73,2138.17,2135.89,2137.02,643
2024-06-25 05:00:00,2137.02,2138.15,2136.81,2138.01,883
2024-06-25 06:00:00,2138.01,2138.17,2132.97,2133.35,255
2024-06-25 07:00:00,2133.35,2136.21,2132.27,2135.55,117
2024-06-25 08:00:00,2135.55,2135.74,2133.27,2133.46,848
2024-06-25 09:00:00,2133.46,2133.89,2131.89,2132.01,280
2024-06-25 10:00:00,2132.01,2132.39,2129.26,2130.07,258
2024-06-25 11:00:00,2130.07,2130.75,2129.48,2130.11,369
2024-06-25 12:00:00,2130.11,2132.99,2129.75,2132.02,818
2024-06-25 13:00:00,2132.02,2133.82,2131.62,2133.55,493
2024-06-25 14:00:00,2133.55,2135.89,2133.47,2135.57,386
2024-06-25 15:00:00,2135.57,2136.03,2135.53,2135.61,955
2024-06-25 16:00:00,2135.61,2136.81,2130.82,2130.87,400
2024-06-25 17:00:00,2130.87,2131.5,2130.85,2131.46,489
2024-06-25 18:00:00,2131.46,2135.48,2130.9,2134.57,124
2024-06-25 19:00:00,2134.57,2135.79,2134.34,2135.72,806
2024-06-25 20:00:00,2135.72,2136.16,2132.48,2133.08,173
2024-06-25 21:00:00,2133.08,2136.24,2131.88,2136.04,985
2024-06-25 22:00:00,2136.04,2136.19,2135.77,2135.83,692
2024-06-25 23:00:00,2135.83,2136.55,2134.79,2135.19,655
2024-06-26 00:00:00,2135.19,2136.02,2135.05,2135.81,242
2024-06-26 01:00:00,2135.81,2136.3,2131.99,2132.34,865
2024-06-26 02:00:00,2132.34,2134.63,2131.38,2133.9,609
2024-06-26 03:00:00,2133.9,2133.98,2132.37,2132.66,637
2024-06-26 04:00:00,2132.66,2134.0,2132.21,2133.89,921
2024-06-26 05:00:00,2133.89,2135.68,2133.66,2135.26,736
2024-06-26 06:00:00,2135.26,2137.18,2134.91,2136.26,875
2024-06-26 07:00:00,2136.26,2136.75,2132.54,2133.34,281
2024-06-26 08:00:00,2133.34,2133.47,2128.48,2128.91,122
2024-06-26 09:00:00,2128.91,2129.7,2128.5,2128.87,131
2024-06-26 10:00:00,2128.87,2130.57,2128.71,2129.86,217
2024-06-26 11:00:00,2129.86,2135.58,2129.55,2134.71,396
2024-06-26 12:00:00,2134.71,2134.9,2132.79,2132.92,898
2024-06-26 13:00:00,2132.92,2133.91,2132.05,2132.71,506
2024-06-26 14:00:00,2132.71,2135.08,2132.45,2134.73,171
2024-06-26 15:00:00,2134.73,2137.5,2134.71,2137.07,437
2024-06-26 16:00:00,2137.07,2137.92,2135.01,2135.02,680
2024-06-26 17:00:00,2135.02,2135.54,2134.32,2134.7,924
2024-06-26 18:00:00,2134.7,2135.7,2133.08,2133.34,510
2024-06-26 19:00:00,2133.34,2136.0,2132.42,2135.53,799
2024-06-26 20:00:00,2135.53,2136.15,2134.08,2134.68,661
2024-06-26 21:00:00,2134.68,2135.17,2132.67,2133.0,273
2024-06-26 22:00:00,2133.0,2133.51,2132.6,2132.76,343
2024-06-26 23:00:00,2132.76,2133.19,2129.21,2130.13,370
2024-06-27 00:00:00,2130.13,2131.45,2129.65,2129.81,211
2024-06-27 01:00:00,2129.81,2131.73,2129.7,2131.59,187
2024-06-27 02:00:00,2131.59,2132.07,2131.23,2132.03,357
2024-06-27 03:00:00,2132.03,2132.47,2127.51,2128.1,480
2024-06-27 04:00:00,2128.1,2128.38,2126.95,2127.68,611
2024-06-27 05:00:00,2127.68,2128.56,2126.87,2128.11,223
2024-06-27 06:00:00,2128.11,2131.63,2127.87,2130.67,332
2024-06-27 07:00:00,2130.67,2133.31,2130.51,2133.25,471
2024-06-27 08:00:00,2133.25,2136.67,2132.97,2136.66,539
2024-06-27 09:00:00,2136.66,2137.28,2136.48,2137.17,486
2024-06-27 10:00:00,2137.17,2139.09,2136.7,2138.94,928
2024-06-27 11:00:00,2138.94,2139.09,2137.66,2137.67,801
2024-06-27 12:00:00,2137.67,2138.07,2134.65,2135.95,628
2024-06-27 13:00:00,2135.95,2136.47,2132.83,2132.92,777
2024-06-27 14:00:00,2132.92,2133.64,2132.88,2133.61,142
2024-06-27 15:00:00,2133.61,2133.73,2131.82,2131.91,417
2024-06-27 16:00:00,2131.91,2135.0,2131.59,2134.73,548
2024-06-27 17:00:00,2134.73,2137.03,2133.69,2136.59,936
2024-06-27 18:00:00,2136.59,2138.17,2136.08,2137.57,538
2024-06-27 19:00:00,2137.57,2138.05,2136.63,2137.01,696
2024-06-27 20:00:00,2137.01,2137.7,2133.95,2134.74,216
2024-06-27 21:00:00,2134.74,2137.12,2134.33,2137.02,882
2024-06-27 22:00:00,2137.02,2140.19,2136.41,2139.45,676
2024-06-27 23:00:00,2139.45,2139.58,2138.46,2139.56,927
2024-06-28 00:00:00,2139.56,2141.74,2139.4,2141.22,820
2024-06-28 01:00:00,2141.22,2145.74,2140.92,2145.45,851
2024-06-28 02:00:00,2145.45,2145.45,2143.57,2144.25,934
2024-06-28 03:00:00,2144.25,2147.11,2143.91,2147.05,146
2024-06-28 04:00:00,2147.05,2149.55,2146.23,2149.3,203
2024-06-28 05:00:00,2149.3,2151.63,2148.81,2151.61,201
2024-06-28 06:00:00,2151.61,2152.07,2151.07,2151.44,104
2024-06-28 07:00:00,2151.44,2151.66,2148.73,2149.07,633
2024-06-28 08:00:00,2149.07,2150.99,2148.86,2150.8,911
2024-06-28 09:00:00,2150.8,2154.73,2150.38,2153.6,668
2024-06-28 10:00:00,2153.6,2153.91,2148.98,2150.23,249
2024-06-28 11:00:00,2150.23,2150.27,2149.19,2149.22,960
2024-06-28 12:00:00,2149.22,2152.58,2149.13,2152.33,925
2024-06-28 13:00:00,2152.33,2154.72,2151.74,2153.85,624
2024-06-28 14:00:00,2153.85,2155.03,2153.49,2154.26,204
2024-06-28 15:00:00,2154.26,2157.78,2154.0,2157.57,172
2024-06-28 16:00:00,2157.57,2157.86,2151.32,2152.06,729
2024-06-28 17:00:00,2152.06,2154.41,2151.42,2153.75,675
2024-06-28 18:00:00,2153.75,2159.93,2153.48,2159.24,705
2024-06-28 19:00:00,2159.24,2160.32,2159.19,2160.19,129
2024-06-28 20:00:00,2160.19,2163.05,2159.89,2162.33,152
2024-06-28 21:00:00,2162.33,2162.52,2158.68,2158.85,263
2024-06-28 22:00:00,2158.85,2161.98,2158.77,2161.83,109
2024-06-28 23:00:00,2161.83,2161.92,2160.71,2161.2,261
2024-07-01 00:00:00,2161.2,2163.08,2161.01,2162.62,186
2024-07-01 01:00:00,2162.62,2164.27,2161.78,2164.09,456
2024-07-01 02:00:00,2164.09,2168.68,2163.76,2168.64,299
2024-07-01 03:00:00,2168.64,2172.4,2167.44,2172.0,613
2024-07-01 04:00:00,2172.0,2172.59,2170.79,2171.37,155
2024-07-01 05:00:00,2171.37,2174.32,2171.18,2173.82,731
2024-07-01 06:00:00,2173.82,2175.2,2173.1,2174.76,581
2024-07-01 07:00:00,2174.76,2177.24,2173.86,2176.8,371
2024-07-01 08:00:00,2176.8,2176.83,2175.9,2176.47,743
2024-07-01 09:00:00,2176.47,2177.9,2175.29,2176.96,273
2024-07-01 10:00:00,2176.96,2178.39,2176.5,2177.65,992
2024-07-01 11:00:00,2177.65,2177.92,2176.19,2176.61,992
2024-07-01 12:00:00,2176.61,2180.6,2176.2,2180.2,405
2024-07-01 13:00:00,2180.2,2184.1,2179.64,2183.82,691
2024-07-01 14:00:00,2183.82,2183.88,2181.53,2181.82,298
2024-07-01 15:00:00,2181.82,2183.38,2180.72,2183.28,107
2024-07-01 16:00:00,2183.28,2184.72,2182.72,2184.34,226
2024-07-01 17:00:00,2184.34,2187.54,2183.78,2186.92,686
2024-07-01 18:00:00,2186.92,2188.68,2186.17,2188.62,390
2024-07-01 19:00:00,2188.62,2191.31,2188.11,2191.06,361
2024-07-01 20:00:00,2191.06,2193.51,2190.52,2192.99,428
2024-07-01 21:00:00,2192.99,2196.37,2192.31,2195.93,333
2024-07-01 22:00:00,2195.93,2195.96,2194.77,2194.93,919
2024-07-01 23:00:00,2194.93,2195.09,2191.86,2191.92,493
2024-07-02 00:00:00,2191.92,2192.18,2189.08,2189.49,408
2024-07-02 01:00:00,2189.49,2189.53,2188.15,2188.26,471
2024-07-02 02:00:00,2188.26,2190.87,2187.76,2190.09,118
2024-07-02 03:00:00,2190.09,2190.87,2187.15,2187.43,651
2024-07-02 04:00:00,2187.43,2189.22,2186.75,2188.97,779
2024-07-02 05:00:00,2188.97,2189.73,2186.33,2186.59,895
2024-07-02 06:00:00,2186.59,2187.12,2182.97,2183.31,217
2024-07-02 07:00:00,2183.31,2186.52,2183.1,2185.67,150
2024-07-02 08:00:00,2185.67,2188.66,2185.02,2188.49,423
2024-07-02 09:00:00,2188.49,2190.16,2188.25,2189.58,499
2024-07-02 10:00:00,2189.58,2192.82,2189.44,2192.59,412
2024-07-02 11:00:00,2192.59,2193.04,2191.99,2192.61,370
2024-07-02 12:00:00,2192.61,2192.94,2191.86,2191.87,394
2024-07-02 13:00:00,2191.87,2193.38,2191.51,2191.81,232
2024-07-02 14:00:00,2191.81,2193.81,2191.52,2193.52,888
2024-07-02 15:00:00,2193.52,2196.61,2192.75,2196.03,267
2024-07-02 16:00:00,2196.03,2198.77,2195.96,2198.55,612
2024-07-02 17:00:00,2198.55,2199.43,2198.1,2199.25,518
2024-07-02 18:00:00,2199.25,2199.39,2196.61,2196.71,621
2024-07-02 19:00:00,2196.71,2196.72,2195.73,2195.98,917
2024-07-02 20:00:00,2195.98,2196.2,2194.57,2195.13,605
2024-07-02 21:00:00,2195.13,2196.43,2194.74,2196.22,631
2024-07-02 22:00:00,2196.22,2201.59,2195.91,2200.41,110
2024-07-02 23:00:00,2200.41,2200.49,2199.5,2199.82,813
2024-07-03 00:00:00,2199.82,2200.82,2199.82,2200.52,714
2024-07-03 01:00:00,2200.52,2200.64,2198.14,2198.23,396
2024-07-03 02:00:00,2198.23,2200.38,2197.73,2199.87,957
2024-07-03 03:00:00,2199.87,2200.54,2198.95,2199.15,122
2024-07-03 04:00:00,2199.15,2200.53,2198.91,2200.18,779
2024-07-03 05:00:00,2200.18,2202.31,2200.06,2202.22,889
2024-07-03 06:00:00,2202.22,2203.95,2201.96,2203.51,317
2024-07-03 07:00:00,2203.51,2204.2,2202.95,2203.56,652
2024-07-03 08:00:00,2203.56,2203.7,2202.75,2202.97,467
2024-07-03 09:00:00,2202.97,2204.81,2202.82,2204.59,645
2024-07-03 10:00:00,2204.59,2210.15,2204.18,2210.0,570
2024-07-03 11:00:00,2210.0,2210.89,2209.87,2210.48,100
2024-07-03 12:00:00,2210.48,2213.75,2210.4,2213.7,292
2024-07-03 13:00:00,2213.7,2216.53,2213.06,2215.9,753
2024-07-03 14:00:00,2215.9,2217.43,2214.9,2217.11,956
2024-07-03 15:00:00,2217.11,2220.53,2216.72,2220.51,356
2024-07-03 16:00:00,2220.51,2220.51,2216.2,2216.51,823
2024-07-03 17:00:00,2216.51,2217.15,2216.5,2216.79,246
2024-07-03 18:00:00,2216.79,2219.06,2216.21,2218.97,993
2024-07-03 19:00:00,2218.97,2219.04,2218.44,2218.69,883
2024-07-03 20:00:00,2218.69,2219.24,2215.43,2215.71,740
2024-07-03 21:00:00,2215.71,2218.38,2214.85,2217.93,495
2024-07-03 22:00:00,2217.93,2220.78,2217.9,2220.27,699
2024-07-03 23:00:00,2220.27,2220.46,2218.4,2218.77,725
2024-07-04 00:00:00,2218.77,2219.42,2215.85,2215.99,135
2024-07-04 01:00:00,2215.99,2216.29,2214.58,2215.6,160
2024-07-04 02:00:00,2215.6,2215.82,2210.03,2211.02,980
2024-07-04 03:00:00,2211.02,2211.06,2208.03,2209.07,504
2024-07-04 04:00:00,2209.07,2209.31,2207.84,2208.35,401
2024-07-04 05:00:00,2208.35,2208.69,2208.28,2208.63,539
2024-07-04 06:00:00,2208.63,2209.69,2206.91,2207.67,502
2024-07-04 07:00:00,2207.67,2208.04,2207.33,2207.67,590
2024-07-04 08:00:00,2207.67,2211.01,2207.62,2210.65,417
2024-07-04 09:00:00,2210.65,2213.6,2210.36,2213.31,834
2024-07-04 10:00:00,2213.31,2213.33,2211.75,2212.86,598
2024-07-04 11:00:00,2212.86,2213.3,2212.11,2212.88,986
2024-07-04 12:00:00,2212.88,2213.25,2209.71,2210.3,860
2024-07-04 13:00:00,2210.3,2211.87,2209.74,2211.83,245
2024-07-04 14:00:00,2211.83,2216.33,2210.67,2215.41,719
2024-07-04 15:00:00,2215.41,2215.78,2212.73,2212.84,746
2024-07-04 16:00:00,2212.84,2217.2,2212.37,2216.04,323
2024-07-04 17:00:00,2216.04,2216.37,2211.66,2212.12,691
2024-07-04 18:00:00,2212.12,2212.28,2210.94,2211.37,221
2024-07-04 19:00:00,2211.37,2217.23,2211.09,2216.66,143
2024-07-04 20:00:00,2216.66,2217.94,2213.57,2213.68,116
2024-07-04 21:00:00,2213.68,2217.81,2213.33,2217.22,354
2024-07-04 22:00:00,2217.22,2217.47,2215.9,2217.14,784
2024-07-04 23:00:00,2217.14,2219.67,2216.88,2219.58,254
2024-07-05 00:00:00,2219.58,2220.92,2219.4,2220.16,580
2024-07-05 01:00:00,2220.16,2220.94,2219.91,2219.96,608
2024-07-05 02:00:00,2219.96,2220.27,2218.43,2218.56,823
2024-07-05 03:00:00,2218.56,2223.02,2218.54,2222.8,654
2024-07-05 04:00:00,2222.8,2223.64,2219.28,2219.51,407
2024-07-05 05:00:00,2219.51,2222.04,2219.03,2221.33,922
2024-07-05 06:00:00,2221.33,2224.7,2220.48,2223.52,559
2024-07-05 07:00:00,2223.52,2225.17,2223.5,2225.1,783
2024-07-05 08:00:00,2225.1,2225.57,2224.42,2224.46,507
2024-07-05 09:00:00,2224.46,2224.94,2222.0,2222.19,293
2024-07-05 10:00:00,2222.19,2222.68,2222.13,2222.64,192
2024-07-05 11:00:00,2222.64,2222.98,2218.69,2219.19,731
2024-07-05 12:00:00,2219.19,2220.16,2218.81,2219.75,557
2024-07-05 13:00:00,2219.75,2219.99,2218.41,2218.48,840
2024-07-05 14:00:00,2218.48,2222.23,2218.2,2221.75,106
2024-07-05 15:00:00,2221.75,2222.43,2221.46,2222.21,694
2024-07-05 16:00:00,2222.21,2226.78,2221.67,2226.34,997
2024-07-05 17:00:00,2226.34,2226.91,2225.08,2226.24,341
2024-07-05 18:00:00,2226.24,2229.0,2225.58,2227.88,337
2024-07-05 19:00:00,2227.88,2231.79,2227.25,2231.42,421
2024-07-05 20:00:00,2231.42,2231.51,2227.65,2228.03,213
2024-07-05 21:00:00,2228.03,2228.25,2225.97,2226.16,212
2024-07-05 22:00:00,2226.16,2226.49,2225.13,2225.61,309
2024-07-05 23:00:00,2225.61,2229.22,2225.03,2228.34,225
2024-07-08 00:00:00,2228.34,2228.82,2225.99,2226.6,988
2024-07-08 01:00:00,2226.6,2228.54,2225.92,2228.42,659
2024-07-08 02:00:00,2228.42,2228.59,2227.39,2227.48,980
2024-07-08 03:00:00,2227.48,2231.68,2226.81,2230.7,877
2024-07-08 04:00:00,2230.7,2231.4,2227.7,2227.93,888
2024-07-08 05:00:00,2227.93,2228.16,2223.81,2224.19,402
2024-07-08 06:00:00,2224.19,2224.48,2223.68,2223.74,225
2024-07-08 07:00:00,2223.74,2227.84,2223.6,2227.1,120
2024-07-08 08:00:00,2227.1,2227.55,2224.86,2225.41,715
2024-07-08 09:00:00,2225.41,2225.57,2223.73,2223.98,738
2024-07-08 10:00:00,2223.98,2224.0,2215.83,2215.88,518
2024-07-08 11:00:00,2215.88,2216.21,2215.07,2215.64,699
2024-07-08 12:00:00,2215.64,2215.9,2212.62,2212.91,895
2024-07-08 13:00:00,2212.91,2213.23,2210.95,2211.21,847
2024-07-08 14:00:00,2211.21,2213.97,2210.96,2213.52,711
2024-07-08 15:00:00,2213.52,2215.43,2213.23,2215.15,759
2024-07-08 16:00:00,2215.15,2216.67,2214.5,2216.58,860
2024-07-08 17:00:00,2216.58,2219.34,2216.23,2218.43,546
2024-07-08 18:00:00,2218.43,2219.87,2218.11,2219.24,398
2024-07-08 19:00:00,2219.24,2219.34,2218.06,2218.72,842
2024-07-08 20:00:00,2218.72,2220.17,2218.71,2219.8,900
2024-07-08 21:00:00,2219.8,2221.12,2219.1,2220.72,287
2024-07-08 22:00:00,2220.72,2221.52,2218.65,2219.01,681
2024-07-08 23:00:00,2219.01,2219.04,2217.26,2217.98,239
2024-07-09 00:00:00,2217.98,2218.45,2217.73,2217.8,624
2024-07-09 01:00:00,2217.8,2218.18,2214.08,2214.4,132
2024-07-09 02:00:00,2214.4,2215.39,2212.29,2212.7,592
2024-07-09 03:00:00,2212.7,2215.6,2212.51,2214.76,220
2024-07-09 04:00:00,2214.76,2215.2,2209.83,2209.92,501
2024-07-09 05:00:00,2209.92,2210.09,2205.75,2205.83,140
2024-07-09 06:00:00,2205.83,2206.46,2205.27,2205.98,429
2024-07-09 07:00:00,2205.98,2206.11,2204.84,2205.44,355
2024-07-09 08:00:00,2205.44,2205.93,2202.33,2202.6,817
2024-07-09 09:00:00,2202.6,2202.91,2199.13,2199.38,627
2024-07-09 10:00:00,2199.38,2201.01,2199.18,2200.45,289
2024-07-09 11:00:00,2200.45,2200.67,2200.05,2200.17,356
2024-07-09 12:00:00,2200.17,2200.31,2197.63,2198.26,886
2024-07-09 13:00:00,2198.26,2198.32,2197.61,2198.06,203
2024-07-09 14:00:00,2198.06,2200.75,2197.56,2200.55,562
2024-07-09 15:00:00,2200.55,2203.45,2200.44,2203.03,443
2024-07-09 16:00:00,2203.03,2203.61,2202.32,2202.58,824
2024-07-09 17:00:00,2202.58,2203.75,2202.44,2203.37,294
2024-07-09 18:00:00,2203.37,2205.65,2203.21,2205.02,762
2024-07-09 19:00:00,2205.02,2205.34,2203.52,2203.96,939
2024-07-09 20:00:00,2203.96,2204.31,2201.71,2201.96,901
2024-07-09 21:00:00,2201.96,2202.03,2198.6,2199.8,552
2024-07-09 22:00:00,2199.8,2201.93,2199.55,2201.4,995
2024-07-09 23:00:00,2201.4,2201.51,2198.91,2199.11,126
2024-07-10 00:00:00,2199.11,2202.16,2198.55,2202.04,606
2024-07-10 01:00:00,2202.04,2202.07,2199.93,2201.13,817
2024-07-10 02:00:00,2201.13,2201.47,2198.54,2198.84,211
2024-07-10 03:00:00,2198.84,2199.14,2198.38,2198.69,774
2024-07-10 04:00:00,2198.69,2200.19,2198.46,2200.19,425
2024-07-10 05:00:00,2200.19,2205.23,2199.89,2204.48,782
2024-07-10 06:00:00,2204.48,2205.94,2204.01,2205.35,384
2024-07-10 07:00:00,2205.35,2205.93,2202.56,2202.77,122
2024-07-10 08:00:00,2202.77,2203.27,2199.73,2200.13,877
2024-07-10 09:00:00,2200.13,2201.88,2199.81,2201.69,674
2024-07-10 10:00:00,2201.69,2202.53,2201.36,2201.94,332
2024-07-10 11:00:00,2201.94,2203.82,2201.46,2203.32,709
2024-07-10 12:00:00,2203.32,2203.38,2202.44,2202.45,286
2024-07-10 13:00:00,2202.45,2202.99,2202.35,2202.68,734
2024-07-10 14:00:00,2202.68,2204.05,2202.13,2204.01,609
2024-07-10 15:00:00,2204.01,2204.52,2203.85,2204.5,609
2024-07-10 16:00:00,2204.5,2204.79,2203.08,2203.92,643
2024-07-10 17:00:00,2203.92,2204.74,2203.59,2204.62,635
2024-07-10 18:00:00,2204.62,2204.92,2202.54,2202.56,931
2024-07-10 19:00:00,2202.56,2202.84,2202.5,2202.76,353
2024-07-10 20:00:00,2202.76,2207.07,2202.74,2206.2,954
2024-07-10 21:00:00,2206.2,2207.78,2205.6,2207.07,756
2024-07-10 22:00:00,2207.07,2207.25,2205.57,2205.71,730
2024-07-10 23:00:00,2205.71,2206.33,2202.5,2202.62,728
2024-07-11 00:00:00,2202.62,2203.87,2199.41,2199.81,824
2024-07-11 01:00:00,2199.81,2200.71,2199.66,2200.64,169
2024-07-11 02:00:00,2200.64,2200.89,2197.38,2197.74,497
2024-07-11 03:00:00,2197.74,2199.95,2197.62,2199.78,791
2024-07-11 04:00:00,2199.78,2200.7,2199.65,2200.48,873
2024-07-11 05:00:00,2200.48,2203.7,2200.37,2203.12,793
2024-07-11 06:00:00,2203.12,2204.3,2203.09,2203.78,687
2024-07-11 07:00:00,2203.78,2206.34,2203.42,2206.32,609
2024-07-11 08:00:00,2206.32,2206.62,2201.95,2202.19,417
2024-07-11 09:00:00,2202.19,2202.39,2200.99,2201.28,322
2024-07-11 10:00:00,2201.28,2202.99,2200.94,2202.34,522
2024-07-11 11:00:00,2202.34,2207.41,2202.11,2206.9,694
2024-07-11 12:00:00,2206.9,2208.42,2206.24,2208.35,939
2024-07-11 13:00:00,2208.35,2209.04,2207.59,2207.63,859
2024-07-11 14:00:00,2207.63,2207.69,2205.41,2205.62,798
2024-07-11 15:00:00,2205.62,2208.64,2205.11,2207.89,359
2024-07-11 16:00:00,2207.89,2212.33,2207.64,2210.98,906
2024-07-11 17:00:00,2210.98,2211.18,2208.01,2208.21,135
2024-07-11 18:00:00,2208.21,2208.63,2204.89,2205.76,627
2024-07-11 19:00:00,2205.76,2208.45,2205.58,2207.6,586
2024-07-11 20:00:00,2207.6,2208.29,2205.14,2205.17,527
2024-07-11 21:00:00,2205.17,2207.19,2204.85,2206.71,647
2024-07-11 22:00:00,2206.71,2206.83,2205.38,2205.66,893
2024-07-11 23:00:00,2205.66,2206.07,2205.09,2205.97,500
2024-07-12 00:00:00,2205.97,2206.92,2205.25,2206.42,190
2024-07-12 01:00:00,2206.42,2206.82,2203.79,2203.85,137
2024-07-12 02:00:00,2203.85,2206.2,2203.75,2206.15,162
2024-07-12 03:00:00,2206.15,2206.28,2204.08,2204.41,968
2024-07-12 04:00:00,2204.41,2205.82,2204.31,2205.47,264
2024-07-12 05:00:00,2205.47,2207.1,2204.99,2206.48,775
2024-07-12 06:00:00,2206.48,2206.65,2205.32,2205.46,428
2024-07-12 07:00:00,2205.46,2206.03,2200.58,2200.97,237
2024-07-12 08:00:00,2200.97,2201.75,2200.54,2201.06,470
2024-07-12 09:00:00,2201.06,2201.61,2199.17,2199.41,785
2024-07-12 10:00:00,2199.41,2203.41,2199.04,2203.36,673
2024-07-12 11:00:00,2203.36,2205.36,2203.29,2205.19,680
2024-07-12 12:00:00,2205.19,2205.96,2202.46,2203.49,346
2024-07-12 13:00:00,2203.49,2203.64,2201.95,2202.52,375
2024-07-12 14:00:00,2202.52,2202.87,2198.58,2198.94,574
2024-07-12 15:00:00,2198.94,2200.34,2198.6,2199.9,341
2024-07-12 16:00:00,2199.9,2200.41,2199.51,2200.27,995
2024-07-12 17:00:00,2200.27,2202.59,2200.15,2202.18,305
2024-07-12 18:00:00,2202.18,2202.26,2201.55,2201.65,324
2024-07-12 19:00:00,2201.65,2201.66,2198.97,2199.49,616
2024-07-12 20:00:00,2199.49,2200.11,2197.09,2197.88,532
2024-07-12 21:00:00,2197.88,2197.99,2195.64,2196.27,180
2024-07-12 22:00:00,2196.27,2200.6,2196.24,2200.3,822
2024-07-12 23:00:00,2200.3,2204.51,2200.12,2204.28,383
2024-07-15 00:00:00,2204.28,2204.92,2203.9,2204.64,862
2024-07-15 01:00:00,2204.64,2206.12,2204.4,2205.15,686
2024-07-15 02:00:00,2205.15,2206.37,2204.99,2205.39,461
2024-07-15 03:00:00,2205.39,2206.9,2205.2,2206.5,853
2024-07-15 04:00:00,2206.5,2207.03,2203.59,2203.62,182
2024-07-15 05:00:00,2203.62,2204.4,2203.3,2203.7,657
2024-07-15 06:00:00,2203.7,2204.99,2203.59,2204.84,425
2024-07-15 07:00:00,2204.84,2205.15,2201.32,2201.8,974
2024-07-15 08:00:00,2201.8,2202.26,2200.78,2201.39,185
2024-07-15 09:00:00,2201.39,2201.95,2200.75,2200.93,543
2024-07-15 10:00:00,2200.93,2201.9,2197.82,2197.83,651
2024-07-15 11:00:00,2197.83,2198.13,2194.4,2195.04,656
2024-07-15 12:00:00,2195.04,2195.66,2191.71,2192.63,741
2024-07-15 13:00:00,2192.63,2192.8,2189.82,2190.32,801
2024-07-15 14:00:00,2190.32,2193.19,2190.07,2193.15,628
2024-07-15 15:00:00,2193.15,2193.18,2190.99,2192.99,377
2024-07-15 16:00:00,2192.99,2196.37,2192.66,2196.34,163
2024-07-15 17:00:00,2196.34,2197.44,2195.29,2195.92,646
2024-07-15 18:00:00,2195.92,2196.94,2195.15,2195.22,525
2024-07-15 19:00:00,2195.22,2199.01,2195.03,2198.13,203
2024-07-15 20:00:00,2198.13,2202.05,2197.47,2201.75,629
2024-07-15 21:00:00,2201.75,2203.86,2201.5,2203.64,597
2024-07-15 22:00:00,2203.64,2204.05,2200.37,2201.44,328
2024-07-15 23:00:00,2201.44,2204.14,2200.61,2203.45,870
2024-07-16 00:00:00,2203.45,2203.47,2201.18,2202.15,600
2024-07-16 01:00:00,2202.15,2202.6,2201.22,2201.68,670
2024-07-16 02:00:00,2201.68,2202.31,2201.65,2202.3,986
2024-07-16 03:00:00,2202.3,2203.01,2202.2,2202.8,697
2024-07-16 04:00:00,2202.8,2203.02,2201.34,2201.65,815
2024-07-16 05:00:00,2201.65,2201.88,2200.41,2200.63,160
2024-07-16 06:00:00,2200.63,2201.07,2198.72,2199.86,455
2024-07-16 07:00:00,2199.86,2204.99,2198.38,2204.25,353
2024-07-16 08:00:00,2204.25,2204.76,2202.88,2203.36,931
2024-07-16 09:00:00,2203.36,2203.6,2200.89,2201.56,694
2024-07-16 10:00:00,2201.56,2202.44,2197.96,2198.44,553
2024-07-16 11:00:00,2198.44,2199.98,2198.42,2199.5,138
2024-07-16 12:00:00,2199.5,2202.36,2199.31,2201.97,614
2024-07-16 13:00:00,2201.97,2202.25,2199.51,2200.38,518
2024-07-16 14:00:00,2200.38,2200.39,2195.65,2196.09,486
2024-07-16 15:00:00,2196.09,2199.68,2195.58,2199.41,714
2024-07-16 16:00:00,2199.41,2199.7,2199.12,2199.61,115
2024-07-16 17:00:00,2199.61,2204.82,2199.35,2204.15,447
2024-07-16 18:00:00,2204.15,2204.22,2203.53,2204.19,156
2024-07-16 19:00:00,2204.19,2204.43,2202.69,2203.47,105
2024-07-16 20:00:00,2203.47,2203.59,2201.53,2201.58,476
2024-07-16 21:00:00,2201.58,2201.84,2200.29,2201.25,947
2024-07-16 22:00:00,2201.25,2205.5,2200.91,2205.37,507
2024-07-16 23:00:00,2205.37,2208.56,2205.2,2207.88,237
2024-07-17 00:00:00,2207.88,2207.92,2206.73,2207.34,198
2024-07-17 01:00:00,2207.34,2208.55,2206.13,2208.53,477
2024-07-17 02:00:00,2208.53,2214.94,2207.45,2214.89,849
2024-07-17 03:00:00,2214.89,2214.93,2211.58,2211.75,366
2024-07-17 04:00:00,2211.75,2211.9,2210.52,2211.43,419
2024-07-17 05:00:00,2211.43,2212.33,2211.17,2211.78,836
2024-07-17 06:00:00,2211.78,2212.26,2210.58,2210.72,808
2024-07-17 07:00:00,2210.72,2213.93,2210.58,2212.94,568
2024-07-17 08:00:00,2212.94,2214.87,2212.35,2214.83,315
2024-07-17 09:00:00,2214.83,2215.18,2212.74,2212.86,488
2024-07-17 10:00:00,2212.86,2212.95,2208.72,2209.53,301
2024-07-17 11:00:00,2209.53,2209.59,2208.52,2208.58,357
2024-07-17 12:00:00,2208.58,2208.98,2205.06,2205.23,461
2024-07-17 13:00:00,2205.23,2206.41,2202.87,2203.71,640
2024-07-17 14:00:00,2203.71,2203.85,2201.04,2201.1,181
2024-07-17 15:00:00,2201.1,2202.5,2199.63,2202.23,226
2024-07-17 16:00:00,2202.23,2206.7,2201.91,2205.57,299
2024-07-17 17:00:00,2205.57,2206.71,2205.22,2205.88,873
2024-07-17 18:00:00,2205.88,2206.12,2205.27,2205.45,501
2024-07-17 19:00:00,2205.45,2205.69,2202.92,2203.69,433
2024-07-17 20:00:00,2203.69,2204.02,2199.16,2199.29,300
2024-07-17 21:00:00,2199.29,2199.88,2197.85,2198.21,895
2024-07-17 22:00:00,2198.21,2198.85,2198.09,2198.62,244
2024-07-17 23:00:00,2198.62,2200.78,2198.54,2200.71,916
2024-07-18 00:00:00,2200.71,2201.04,2197.32,2198.0,646
2024-07-18 01:00:00,2198.0,2199.5,2197.89,2198.8,194
2024-07-18 02:00:00,2198.8,2199.14,2197.5,2197.83,478
2024-07-18 03:00:00,2197.83,2198.19,2196.48,2197.44,958
2024-07-18 04:00:00,2197.44,2199.42,2197.1,2199.1,210
2024-07-18 05:00:00,2199.1,2199.93,2198.49,2199.7,123
2024-07-18 06:00:00,2199.7,2200.16,2196.22,2196.79,473
2024-07-18 07:00:00,2196.79,2198.51,2195.86,2197.68,877
2024-07-18 08:00:00,2197.68,2197.7,2193.47,2193.72,384
2024-07-18 09:00:00,2193.72,2196.21,2193.59,2195.41,911
2024-07-18 10:00:00,2195.41,2195.47,2194.4,2195.02,839
2024-07-18 11:00:00,2195.02,2198.1,2194.93,2198.05,870
2024-07-18 12:00:00,2198.05,2200.53,2198.05,2200.33,966
2024-07-18 13:00:00,2200.33,2201.58,2199.66,2201.26,111
2024-07-18 14:00:00,2201.26,2201.83,2199.59,2200.2,201
2024-07-18 15:00:00,2200.2,2201.88,2199.6,2201.53,608
2024-07-18 16:00:00,2201.53,2202.82,2201.48,2202.47,510
2024-07-18 17:00:00,2202.47,2203.4,2201.55,2202.56,538
2024-07-18 18:00:00,2202.56,2206.89,2201.76,2206.3,314
2024-07-18 19:00:00,2206.3,2206.85,2203.44,2204.02,186
2024-07-18 20:00:00,2204.02,2204.45,2203.8,2204.37,347
2024-07-18 21:00:00,2204.37,2204.76,2203.74,2203.86,368
2024-07-18 22:00:00,2203.86,2203.98,2203.03,2203.24,144
2024-07-18 23:00:00,2203.24,2203.51,2201.45,2201.9,669
2024-07-19 00:00:00,2201.9,2204.59,2201.4,2204.58,736
2024-07-19 01:00:00,2204.58,2204.77,2204.35,2204.42,867
2024-07-19 02:00:00,2204.42,2207.02,2204.12,2206.57,105
2024-07-19 03:00:00,2206.57,2206.86,2204.77,2204.81,523
2024-07-19 04:00:00,2204.81,2205.62,2204.65,2205.49,285
2024-07-19 05:00:00,2205.49,2209.84,2205.15,2208.91,119
2024-07-19 06:00:00,2208.91,2209.15,2207.01,2207.87,500
2024-07-19 07:00:00,2207.87,2209.58,2206.99,2209.49,909
2024-07-19 08:00:00,2209.49,2210.72,2209.16,2210.31,622
2024-07-19 09:00:00,2210.31,2210.51,2210.15,2210.15,128
2024-07-19 10:00:00,2210.15,2211.36,2208.19,2208.76,115
2024-07-19 11:00:00,2208.76,2211.06,2208.26,2211.01,531
2024-07-19 12:00:00,2211.01,2212.2,2210.26,2211.81,296
2024-07-19 13:00:00,2211.81,2212.83,2207.46,2207.74,325
2024-07-19 14:00:00,2207.74,2207.89,2204.84,2205.15,171
2024-07-19 15:00:00,2205.15,2209.66,2204.73,2209.56,398
2024-07-19 16:00:00,2209.56,2211.59,2208.86,2211.49,329
2024-07-19 17:00:00,2211.49,2211.86,2209.33,2210.16,490
2024-07-19 18:00:00,2210.16,2210.77,2209.93,2210.65,271
2024-07-19 19:00:00,2210.65,2212.63,2210.23,2211.99,382
2024-07-19 20:00:00,2211.99,2212.08,2211.07,2211.78,846
2024-07-19 21:00:00,2211.78,2212.12,2207.12,2207.88,397
2024-07-19 22:00:00,2207.88,2208.91,2206.71,2208.83,213
2024-07-19 23:00:00,2208.83,2208.92,2207.83,2207.92,213
2024-07-22 00:00:00,2207.92,2208.36,2205.86,2206.02,290
2024-07-22 01:00:00,2206.02,2206.29,2204.25,2204.93,698
2024-07-22 02:00:00,2204.93,2207.47,2203.83,2207.12,480
2024-07-22 03:00:00,2207.12,2209.61,2207.06,2209.06,769
2024-07-22 04:00:00,2209.06,2210.02,2208.85,2209.33,985
2024-07-22 05:00:00,2209.33,2212.66,2209.22,2211.76,386
2024-07-22 06:00:00,2211.76,2212.41,2210.43,2210.63,286
2024-07-22 07:00:00,2210.63,2211.04,2209.96,2210.38,585
2024-07-22 08:00:00,2210.38,2210.47,2208.24,2208.49,692
2024-07-22 09:00:00,2208.49,2209.16,2206.42,2206.75,926
2024-07-22 10:00:00,2206.75,2207.26,2204.14,2204.66,223
2024-07-22 11:00:00,2204.66,2205.49,2203.93,2204.02,586
2024-07-22 12:00:00,2204.02,2205.38,2203.74,2204.75,415
2024-07-22 13:00:00,2204.75,2205.89,2201.81,2202.31,513
2024-07-22 14:00:00,2202.31,2203.87,2201.34,2203.53,362
2024-07-22 15:00:00,2203.53,2203.61,2202.42,2202.46,648
2024-07-22 16:00:00,2202.46,2204.13,2200.38,2203.88,102
2024-07-22 17:00:00,2203.88,2204.82,2203.78,2204.67,995
2024-07-22 18:00:00,2204.67,2205.69,2204.64,2205.02,577
2024-07-22 19:00:00,2205.02,2205.33,2201.39,2201.68,495
2024-07-22 20:00:00,2201.68,2201.97,2200.48,2200.63,990
2024-07-22 21:00:00,2200.63,2201.67,2197.19,2197.29,714
2024-07-22 22:00:00,2197.29,2197.45,2193.32,2194.04,516
2024-07-22 23:00:00,2194.04,2194.24,2193.7,2194.06,446
2024-07-23 00:00:00,2194.06,2194.65,2192.89,2192.98,714
2024-07-23 01:00:00,2192.98,2193.22,2187.23,2187.75,352
2024-07-23 02:00:00,2187.75,2188.68,2185.88,2186.14,236
2024-07-23 03:00:00,2186.14,2186.44,2185.34,2185.4,407
2024-07-23 04:00:00,2185.4,2185.77,2184.66,2184.7,274
2024-07-23 05:00:00,2184.7,2184.98,2179.34,2179.46,810
2024-07-23 06:00:00,2179.46,2179.82,2178.37,2178.52,992
2024-07-23 07:00:00,2178.52,2179.25,2178.3,2179.1,686
2024-07-23 08:00:00,2179.1,2179.3,2175.01,2175.68,182
2024-07-23 09:00:00,2175.68,2180.19,2175.61,2179.64,311
2024-07-23 10:00:00,2179.64,2180.08,2176.2,2176.78,212
2024-07-23 11:00:00,2176.78,2177.93,2176.43,2177.51,943
2024-07-23 12:00:00,2177.51,2177.9,2175.24,2176.6,110
2024-07-23 13:00:00,2176.6,2180.81,2176.11,2179.99,807
2024-07-23 14:00:00,2179.99,2182.83,2179.31,2182.47,490
2024-07-23 15:00:00,2182.47,2183.09,2179.89,2180.11,833
2024-07-23 16:00:00,2180.11,2180.21,2177.22,2177.61,470
2024-07-23 17:00:00,2177.61,2179.77,2177.17,2179.49,174
2024-07-23 18:00:00,2179.49,2180.46,2178.2,2178.49,139
2024-07-23 19:00:00,2178.49,2178.58,2176.43,2176.82,867
2024-07-23 20:00:00,2176.82,2177.93,2176.39,2177.79,570
2024-07-23 21:00:00,2177.79,2180.21,2177.58,2179.88,507
2024-07-23 22:00:00,2179.88,2182.58,2179.22,2182.08,270
2024-07-23 23:00:00,2182.08,2185.52,2181.87,2184.96,559
2024-07-24 00:00:00,2184.96,2185.92,2182.05,2182.61,464
2024-07-24 01:00:00,2182.61,2184.51,2181.92,2184.24,383
2024-07-24 02:00:00,2184.24,2184.65,2182.84,2183.46,459
2024-07-24 03:00:00,2183.46,2184.03,2181.31,2181.47,883
2024-07-24 04:00:00,2181.47,2182.06,2180.81,2180.82,381
2024-07-24 05:00:00,2180.82,2181.11,2180.03,2180.27,497
2024-07-24 06:00:00,2180.27,2180.95,2179.29,2179.33,496
2024-07-24 07:00:00,2179.33,2186.68,2178.14,2186.3,388
2024-07-24 08:00:00,2186.3,2187.34,2185.1,2185.28,814
2024-07-24 09:00:00,2185.28,2185.85,2184.96,2185.54,219
2024-07-24 10:00:00,2185.54,2186.19,2185.37,2186.11,371
2024-07-24 11:00:00,2186.11,2187.72,2186.05,2187.5,529
2024-07-24 12:00:00,2187.5,2187.51,2187.31,2187.36,557
2024-07-24 13:00:00,2187.36,2188.41,2186.58,2188.2,552
2024-07-24 14:00:00,2188.2,2189.89,2187.33,2189.65,435
2024-07-24 15:00:00,2189.65,2191.71,2189.3,2191.68,551
2024-07-24 16:00:00,2191.68,2192.78,2185.62,2185.79,693
2024-07-24 17:00:00,2185.79,2188.55,2185.04,2187.47,728
2024-07-24 18:00:00,2187.47,2189.58,2187.35,2189.52,341
2024-07-24 19:00:00,2189.52,2189.77,2186.54,2187.05,208
2024-07-24 20:00:00,2187.05,2187.56,2185.67,2186.15,780
2024-07-24 21:00:00,2186.15,2188.76,2185.64,2188.51,704
2024-07-24 22:00:00,2188.51,2188.64,2187.07,2187.22,810
2024-07-24 23:00:00,2187.22,2187.69,2184.29,2184.36,380
2024-07-25 00:00:00,2184.36,2184.75,2183.71,2183.84,447
2024-07-25 01:00:00,2183.84,2186.15,2183.6,2185.42,768
2024-07-25 02:00:00,2185.42,2187.84,2185.19,2187.78,119
2024-07-25 03:00:00,2187.78,2189.83,2187.22,2189.45,145
2024-07-25 04:00:00,2189.45,2190.2,2188.55,2188.86,857
2024-07-25 05:00:00,2188.86,2189.74,2188.1,2189.14,719
2024-07-25 06:00:00,2189.14,2191.41,2188.96,2190.58,934
2024-07-25 07:00:00,2190.58,2192.24,2190.34,2192.0,574
2024-07-25 08:00:00,2192.0,2193.69,2191.87,2193.59,890
2024-07-25 09:00:00,2193.59,2196.27,2193.04,2196.08,582
2024-07-25 10:00:00,2196.08,2196.19,2193.9,2194.66,648
2024-07-25 11:00:00,2194.66,2199.1,2193.85,2199.02,240
2024-07-25 12:00:00,2199.02,2199.63,2198.24,2198.63,722
2024-07-25 13:00:00,2198.63,2198.76,2197.64,2198.74,254
2024-07-25 14:00:00,2198.74,2198.92,2195.09,2195.35,281
2024-07-25 15:00:00,2195.35,2195.58,2193.18,2193.4,557
2024-07-25 16:00:00,2193.4,2197.83,2193.14,2197.67,175
2024-07-25 17:00:00,2197.67,2200.33,2197.5,2199.92,449
2024-07-25 18:00:00,2199.92,2201.56,2199.31,2201.3,420
2024-07-25 19:00:00,2201.3,2201.67,2197.16,2197.76,931
2024-07-25 20:00:00,2197.76,2198.34,2193.56,2193.95,643
2024-07-25 21:00:00,2193.95,2194.57,2192.19,2192.32,646
2024-07-25 22:00:00,2192.32,2193.31,2191.52,2192.98,293
2024-07-25 23:00:00,2192.98,2194.25,2192.61,2193.66,832
2024-07-26 00:00:00,2193.66,2193.75,2192.56,2192.81,889
2024-07-26 01:00:00,2192.81,2196.51,2192.29,2196.16,495
2024-07-26 02:00:00,2196.16,2197.48,2195.79,2197.32,167
2024-07-26 03:00:00,2197.32,2197.77,2197.27,2197.48,954
2024-07-26 04:00:00,2197.48,2197.5,2196.64,2196.76,278
2024-07-26 05:00:00,2196.76,2201.69,2196.07,2201.6,827
2024-07-26 06:00:00,2201.6,2202.05,2196.83,2197.37,673
2024-07-26 07:00:00,2197.37,2197.86,2194.71,2194.83,157
2024-07-26 08:00:00,2194.83,2194.9,2193.7,2194.23,559
2024-07-26 09:00:00,2194.23,2194.62,2193.68,2194.22,548
2024-07-26 10:00:00,2194.22,2194.37,2192.67,2193.11,709
2024-07-26 11:00:00,2193.11,2197.71,2192.31,2197.54,182
2024-07-26 12:00:00,2197.54,2198.43,2196.22,2198.16,320
2024-07-26 13:00:00,2198.16,2198.82,2194.3,2195.13,538
2024-07-26 14:00:00,2195.13,2197.54,2195.04,2196.46,731
2024-07-26 15:00:00,2196.46,2197.19,2195.4,2195.52,859
2024-07-26 16:00:00,2195.52,2195.81,2193.11,2193.49,171
2024-07-26 17:00:00,2193.49,2195.43,2193.06,2195.14,132
2024-07-26 18:00:00,2195.14,2196.13,2195.08,2195.34,488
2024-07-26 19:00:00,2195.34,2197.98,2195.3,2197.42,681
2024-07-26 20:00:00,2197.42,2198.03,2197.35,2197.89,135
2024-07-26 21:00:00,2197.89,2198.38,2197.89,2198.01,419
2024-07-26 22:00:00,2198.01,2198.7,2197.02,2197.12,306
2024-07-26 23:00:00,2197.12,2197.24,2193.35,2193.88,207
2024-07-29 00:00:00,2193.88,2193.99,2193.85,2193.93,841
2024-07-29 01:00:00,2193.93,2194.48,2189.9,2190.57,357
2024-07-29 02:00:00,2190.57,2190.74,2189.01,2189.05,494
2024-07-29 03:00:00,2189.05,2189.28,2186.78,2187.49,487
2024-07-29 04:00:00,2187.49,2188.3,2186.82,2188.09,255
2024-07-29 05:00:00,2188.09,2191.19,2187.91,2190.72,201
2024-07-29 06:00:00,2190.72,2190.83,2188.33,2189.0,266
2024-07-29 07:00:00,2189.0,2189.6,2188.97,2189.53,755
2024-07-29 08:00:00,2189.53,2191.24,2189.37,2191.18,830
2024-07-29 09:00:00,2191.18,2191.26,2191.02,2191.21,808
2024-07-29 10:00:00,2191.21,2191.72,2191.1,2191.64,985
2024-07-29 11:00:00,2191.64,2193.02,2191.02,2192.9,619
2024-07-29 12:00:00,2192.9,2193.09,2190.82,2191.54,414
2024-07-29 13:00:00,2191.54,2192.22,2189.88,2190.33,328
2024-07-29 14:00:00,2190.33,2190.86,2189.86,2190.46,871
2024-07-29 15:00:00,2190.46,2191.11,2189.56,2189.84,760
2024-07-29 16:00:00,2189.84,2190.14,2189.8,2190.09,574
2024-07-29 17:00:00,2190.09,2190.25,2187.3,2187.77,817
2024-07-29 18:00:00,2187.77,2189.97,2186.58,2189.69,105
2024-07-29 19:00:00,2189.69,2190.17,2184.49,2184.54,293
2024-07-29 20:00:00,2184.54,2186.36,2184.2,2186.15,656
2024-07-29 21:00:00,2186.15,2186.67,2183.08,2183.11,632
2024-07-29 22:00:00,2183.11,2184.5,2183.05,2184.31,878
2024-07-29 23:00:00,2184.31,2185.78,2184.14,2185.21,278
2024-07-30 00:00:00,2185.21,2185.52,2184.01,2184.12,662
2024-07-30 01:00:00,2184.12,2184.57,2183.64,2183.79,809
2024-07-30 02:00:00,2183.79,2184.33,2180.63,2180.9,248
2024-07-30 03:00:00,2180.9,2182.71,2180.83,2182.41,966
2024-07-30 04:00:00,2182.41,2183.61,2181.46,2183.42,162
2024-07-30 05:00:00,2183.42,2184.12,2180.43,2181.26,175
2024-07-30 06:00:00,2181.26,2182.67,2180.97,2182.53,906
2024-07-30 07:00:00,2182.53,2183.36,2181.45,2181.6,265
2024-07-30 08:00:00,2181.6,2184.33,2181.16,2184.12,309
2024-07-30 09:00:00,2184.12,2184.35,2181.97,2182.06,985
2024-07-30 10:00:00,2182.06,2184.51,2181.31,2184.02,403
2024-07-30 11:00:00,2184.02,2184.79,2183.45,2184.22,336
2024-07-30 12:00:00,2184.22,2185.6,2184.08,2184.6,750
2024-07-30 13:00:00,2184.6,2186.65,2183.66,2186.59,537
2024-07-30 14:00:00,2186.59,2187.19,2185.11,2185.44,390
2024-07-30 15:00:00,2185.44,2186.13,2184.79,2185.08,536
2024-07-30 16:00:00,2185.08,2185.18,2182.56,2183.04,429
2024-07-30 17:00:00,2183.04,2183.87,2178.13,2178.27,504
2024-07-30 18:00:00,2178.27,2178.88,2175.02,2175.27,116
2024-07-30 19:00:00,2175.27,2175.6,2173.24,2173.74,549
2024-07-30 20:00:00,2173.74,2173.95,2171.57,2171.76,323
2024-07-30 21:00:00,2171.76,2175.05,2171.39,2174.79,265
2024-07-30 22:00:00,2174.79,2176.6,2174.53,2176.43,175
2024-07-30 23:00:00,2176.43,2178.42,2175.94,2178.18,641
2024-07-31 00:00:00,2178.18,2181.35,2177.51,2180.92,401
2024-07-31 01:00:00,2180.92,2181.79,2180.23,2181.51,443
2024-07-31 02:00:00,2181.51,2182.79,2180.78,2182.69,474
2024-07-31 03:00:00,2182.69,2186.0,2182.06,2185.47,993
2024-07-31 04:00:00,2185.47,2186.57,2185.33,2186.35,210
2024-07-31 05:00:00,2186.35,2188.5,2185.92,2188.47,946
2024-07-31 06:00:00,2188.47,2189.37,2188.41,2188.99,487
2024-07-31 07:00:00,2188.99,2191.08,2188.88,2190.17,388
2024-07-31 08:00:00,2190.17,2190.72,2184.07,2185.78,136
2024-07-31 09:00:00,2185.78,2187.46,2185.68,2186.83,195
2024-07-31 10:00:00,2186.83,2186.98,2184.76,2185.71,811
2024-07-31 11:00:00,2185.71,2187.69,2185.59,2187.23,693
2024-07-31 12:00:00,2187.23,2190.27,2186.0,2189.71,130
2024-07-31 13:00:00,2189.71,2193.0,2189.39,2192.15,748
2024-07-31 14:00:00,2192.15,2195.1,2191.38,2194.99,415
2024-07-31 15:00:00,2194.99,2195.41,2193.92,2194.55,620
2024-07-31 16:00:00,2194.55,2194.92,2194.54,2194.66,644
2024-07-31 17:00:00,2194.66,2196.45,2194.23,2196.4,565
2024-07-31 18:00:00,2196.4,2198.32,2196.35,2197.79,923
2024-07-31 19:00:00,2197.79,2198.08,2196.17,2196.77,456
2024-07-31 20:00:00,2196.77,2196.94,2193.46,2194.03,844
2024-07-31 21:00:00,2194.03,2199.78,2193.34,2199.12,101
2024-07-31 22:00:00,2199.12,2199.59,2197.09,2197.43,726
2024-07-31 23:00:00,2197.43,2198.65,2197.19,2198.02,516
2024-08-01 00:00:00,2198.02,2199.04,2197.42,2198.81,721
2024-08-01 01:00:00,2198.81,2201.29,2198.23,2200.91,177
2024-08-01 02:00:00,2200.91,2202.28,2200.56,2201.77,473
2024-08-01 03:00:00,2201.77,2204.26,2201.5,2203.86,726
2024-08-01 04:00:00,2203.86,2207.01,2203.67,2206.74,583
2024-08-01 05:00:00,2206.74,2206.89,2204.35,2204.56,739
2024-08-01 06:00:00,2204.56,2204.67,2204.0,2204.39,151
2024-08-01 07:00:00,2204.39,2204.85,2200.54,2200.61,988
2024-08-01 08:00:00,2200.61,2200.91,2197.81,2198.15,741
2024-08-01 09:00:00,2198.15,2201.79,2197.93,2201.67,500
2024-08-01 10:00:00,2201.67,2202.38,2201.1,2201.35,703
2024-08-01 11:00:00,2201.35,2203.06,2201.2,2202.17,158
2024-08-01 12:00:00,2202.17,2204.24,2201.96,2203.42,984
2024-08-01 13:00:00,2203.42,2203.69,2202.7,2203.31,624
2024-08-01 14:00:00,2203.31,2207.56,2202.65,2207.13,357
2024-08-01 15:00:00,2207.13,2207.21,2203.37,2204.0,421
2024-08-01 16:00:00,2204.0,2204.22,2202.96,2204.12,523
2024-08-01 17:00:00,2204.12,2204.86,2201.81,2202.01,864
2024-08-01 18:00:00,2202.01,2202.88,2199.76,2200.33,721
2024-08-01 19:00:00,2200.33,2201.41,2198.61,2198.69,950
2024-08-01 20:00:00,2198.69,2199.84,2197.66,2199.15,172
2024-08-01 21:00:00,2199.15,2199.17,2196.1,2196.77,255
2024-08-01 22:00:00,2196.77,2200.16,2196.03,2199.84,331
2024-08-01 23:00:00,2199.84,2200.06,2198.31,2198.45,179
2024-08-02 00:00:00,2198.45,2200.17,2197.76,2198.02,184
2024-08-02 01:00:00,2198.02,2198.61,2196.89,2197.52,144
2024-08-02 02:00:00,2197.52,2197.84,2196.85,2197.03,625
2024-08-02 03:00:00,2197.03,2197.68,2195.59,2195.74,517
2024-08-02 04:00:00,2195.74,2198.55,2195.05,2198.11,765
2024-08-02 05:00:00,2198.11,2198.12,2197.37,2197.72,754
2024-08-02 06:00:00,2197.72,2199.21,2197.22,2198.26,467
2024-08-02 07:00:00,2198.26,2198.31,2194.3,2194.3,369
2024-08-02 08:00:00,2194.3,2194.41,2193.7,2194.03,357
2024-08-02 09:00:00,2194.03,2195.45,2193.21,2194.84,700
2024-08-02 10:00:00,2194.84,2195.33,2194.66,2194.9,148
2024-08-02 11:00:00,2194.9,2195.65,2193.28,2193.53,533
2024-08-02 12:00:00,2193.53,2195.62,2193.2,2195.37,407
2024-08-02 13:00:00,2195.37,2196.4,2195.09,2196.15,473
2024-08-02 14:00:00,2196.15,2196.43,2189.13,2189.76,612
2024-08-02 15:00:00,2189.76,2190.56,2189.72,2190.0,204
2024-08-02 16:00:00,2190.0,2192.89,2189.84,2192.59,139
2024-08-02 17:00:00,2192.59,2192.82,2188.4,2189.17,829
2024-08-02 18:00:00,2189.17,2189.35,2184.87,2185.14,320
2024-08-02 19:00:00,2185.14,2187.61,2184.87,2187.37,460
2024-08-02 20:00:00,2187.37,2187.44,2183.32,2183.52,296
2024-08-02 21:00:00,2183.52,2183.67,2182.47,2182.87,325
2024-08-02 22:00:00,2182.87,2185.57,2182.77,2185.26,192
2024-08-02 23:00:00,2185.26,2186.35,2184.21,2185.9,602
2024-08-05 00:00:00,2185.9,2186.02,2184.04,2184.43,708
2024-08-05 01:00:00,2184.43,2187.69,2183.69,2186.38,734
2024-08-05 02:00:00,2186.38,2187.33,2186.16,2186.68,319
2024-08-05 03:00:00,2186.68,2188.86,2185.89,2188.44,814
2024-08-05 04:00:00,2188.44,2188.63,2187.88,2188.43,588
2024-08-05 05:00:00,2188.43,2188.81,2184.1,2184.19,842
2024-08-05 06:00:00,2184.19,2184.98,2183.51,2184.55,399
2024-08-05 07:00:00,2184.55,2184.75,2180.31,2180.78,466
2024-08-05 08:00:00,2180.78,2183.1,2179.86,2183.0,696
2024-08-05 09:00:00,2183.0,2183.01,2180.24,2180.87,265
2024-08-05 10:00:00,2180.87,2181.14,2177.0,2177.54,236
2024-08-05 11:00:00,2177.54,2181.72,2177.14,2181.2,181
2024-08-05 12:00:00,2181.2,2181.71,2177.72,2178.18,893
2024-08-05 13:00:00,2178.18,2181.88,2177.98,2181.47,323
2024-08-05 14:00:00,2181.47,2181.51,2177.76,2177.85,922
2024-08-05 15:00:00,2177.85,2179.22,2177.59,2179.2,523
2024-08-05 16:00:00,2179.2,2181.38,2178.64,2181.15,928
2024-08-05 17:00:00,2181.15,2182.79,2181.03,2182.07,276
2024-08-05 18:00:00,2182.07,2182.4,2181.62,2182.14,708
2024-08-05 19:00:00,2182.14,2182.61,2180.12,2180.35,208
2024-08-05 20:00:00,2180.35,2183.63,2179.42,2182.17,451
2024-08-05 21:00:00,2182.17,2184.0,2182.15,2183.8,721
2024-08-05 22:00:00,2183.8,2184.08,2181.13,2181.68,345
2024-08-05 23:00:00,2181.68,2182.07,2180.25,2180.28,312
2024-08-06 00:00:00,2180.28,2183.13,2179.34,2183.11,333
2024-08-06 01:00:00,2183.11,2183.71,2182.45,2182.5,474
2024-08-06 02:00:00,2182.5,2183.58,2182.37,2183.15,702
2024-08-06 03:00:00,2183.15,2183.36,2181.6,2182.28,703
2024-08-06 04:00:00,2182.28,2184.9,2182.25,2184.62,989
2024-08-06 05:00:00,2184.62,2185.07,2183.48,2183.6,676
2024-08-06 06:00:00,2183.6,2184.1,2180.78,2181.29,767
2024-08-06 07:00:00,2181.29,2182.63,2180.97,2182.32,498
2024-08-06 08:00:00,2182.32,2185.54,2181.74,2185.23,923
2024-08-06 09:00:00,2185.23,2188.5,2184.51,2187.92,502
2024-08-06 10:00:00,2187.92,2187.94,2186.85,2186.94,728
2024-08-06 11:00:00,2186.94,2187.31,2184.78,2185.54,668
2024-08-06 12:00:00,2185.54,2185.98,2184.35,2184.45,697
2024-08-06 13:00:00,2184.45,2185.23,2183.85,2185.19,966
2024-08-06 14:00:00,2185.19,2185.47,2180.86,2180.91,360
2024-08-06 15:00:00,2180.91,2183.29,2180.32,2182.58,547
2024-08-06 16:00:00,2182.58,2182.87,2182.13,2182.34,276
2024-08-06 17:00:00,2182.34,2185.59,2182.32,2185.48,309
2024-08-06 18:00:00,2185.48,2186.97,2184.94,2186.24,253
2024-08-06 19:00:00,2186.24,2188.15,2185.91,2187.08,614
2024-08-06 20:00:00,2187.08,2187.09,2185.52,2185.68,721
2024-08-06 21:00:00,2185.68,2186.56,2181.86,2181.92,536
2024-08-06 22:00:00,2181.92,2182.19,2179.86,2180.68,584
2024-08-06 23:00:00,2180.68,2182.21,2180.34,2181.85,173
2024-08-07 00:00:00,2181.85,2182.2,2181.03,2182.18,861
2024-08-07 01:00:00,2182.18,2182.41,2181.52,2182.11,665
2024-08-07 02:00:00,2182.11,2182.19,2179.11,2179.42,953
2024-08-07 03:00:00,2179.42,2179.56,2178.27,2178.6,931
2024-08-07 04:00:00,2178.6,2178.78,2178.38,2178.66,916
2024-08-07 05:00:00,2178.66,2179.59,2173.94,2174.2,881
2024-08-07 06:00:00,2174.2,2175.92,2173.34,2175.27,713
2024-08-07 07:00:00,2175.27,2176.09,2172.07,2172.31,856
2024-08-07 08:00:00,2172.31,2172.34,2170.4,2170.59,672
2024-08-07 09:00:00,2170.59,2171.34,2170.3,2171.04,903
2024-08-07 10:00:00,2171.04,2171.46,2168.57,2168.98,603
2024-08-07 11:00:00,2168.98,2169.61,2165.9,2165.9,933
2024-08-07 12:00:00,2165.9,2168.99,2165.6,2168.09,854
2024-08-07 13:00:00,2168.09,2169.13,2167.81,2168.06,172
2024-08-07 14:00:00,2168.06,2168.24,2166.02,2166.47,466
2024-08-07 15:00:00,2166.47,2167.31,2166.25,2166.46,812
2024-08-07 16:00:00,2166.46,2166.49,2163.63,2163.7,728
2024-08-07 17:00:00,2163.7,2164.68,2163.54,2164.4,830
2024-08-07 18:00:00,2164.4,2168.63,2164.33,2168.44,261
2024-08-07 19:00:00,2168.44,2170.79,2167.66,2170.12,319
2024-08-07 20:00:00,2170.12,2170.63,2169.12,2169.42,487
2024-08-07 21:00:00,2169.42,2173.47,2169.14,2173.18,937
2024-08-07 22:00:00,2173.18,2173.27,2171.95,2172.47,524
2024-08-07 23:00:00,2172.47,2172.58,2170.65,2171.12,968
2024-08-08 00:00:00,2171.12,2171.88,2170.19,2170.48,361
2024-08-08 01:00:00,2170.48,2171.69,2170.4,2171.65,356
2024-08-08 02:00:00,2171.65,2172.12,2170.25,2170.35,162
2024-08-08 03:00:00,2170.35,2170.38,2168.47,2168.73,211
2024-08-08 04:00:00,2168.73,2170.16,2168.32,2169.65,453
2024-08-08 05:00:00,2169.65,2171.67,2168.46,2170.79,273
2024-08-08 06:00:00,2170.79,2172.56,2170.69,2172.14,675
2024-08-08 07:00:00,2172.14,2175.32,2172.03,2174.6,838
2024-08-08 08:00:00,2174.6,2175.41,2174.56,2175.32,223
2024-08-08 09:00:00,2175.32,2175.5,2174.87,2175.2,369
2024-08-08 10:00:00,2175.2,2175.6,2173.05,2173.27,250
2024-08-08 11:00:00,2173.27,2173.34,2170.78,2171.29,397
2024-08-08 12:00:00,2171.29,2171.68,2168.04,2168.6,240
2024-08-08 13:00:00,2168.6,2170.23,2168.07,2169.51,674
2024-08-08 14:00:00,2169.51,2169.8,2167.11,2167.83,409
2024-08-08 15:00:00,2167.83,2168.0,2167.33,2167.35,763
2024-08-08 16:00:00,2167.35,2170.88,2167.23,2170.31,431
2024-08-08 17:00:00,2170.31,2172.89,2170.29,2172.81,414
2024-08-08 18:00:00,2172.81,2173.3,2172.3,2172.96,335
2024-08-08 19:00:00,2172.96,2174.93,2172.72,2174.57,658
2024-08-08 20:00:00,2174.57,2174.98,2172.95,2173.02,355
2024-08-08 21:00:00,2173.02,2174.29,2172.91,2173.56,218
2024-08-08 22:00:00,2173.56,2173.95,2171.21,2171.23,415
2024-08-08 23:00:00,2171.23,2171.24,2167.14,2167.27,272
2024-08-09 00:00:00,2167.27,2168.06,2167.2,2167.96,864
2024-08-09 01:00:00,2167.96,2171.04,2167.65,2170.77,418
2024-08-09 02:00:00,2170.77,2172.88,2170.72,2172.51,733
2024-08-09 03:00:00,2172.51,2173.09,2172.13,2172.34,922
2024-08-09 04:00:00,2172.34,2172.4,2169.66,2169.8,816
2024-08-09 05:00:00,2169.8,2171.76,2169.49,2171.28,856
2024-08-09 06:00:00,2171.28,2172.03,2170.64,2171.06,621
2024-08-09 07:00:00,2171.06,2171.07,2166.76,2167.87,641
2024-08-09 08:00:00,2167.87,2169.87,2167.47,2169.19,161
2024-08-09 09:00:00,2169.19,2169.32,2164.66,2164.93,114
2024-08-09 10:00:00,2164.93,2166.07,2164.86,2165.56,667
2024-08-09 11:00:00,2165.56,2165.59,2163.94,2164.57,447
2024-08-09 12:00:00,2164.57,2165.78,2163.92,2165.47,642
2024-08-09 13:00:00,2165.47,2166.03,2164.75,2165.82,987
2024-08-09 14:00:00,2165.82,2166.68,2165.27,2166.6,349
2024-08-09 15:00:00,2166.6,2167.85,2166.14,2167.79,667
2024-08-09 16:00:00,2167.79,2167.97,2167.78,2167.89,359
2024-08-09 17:00:00,2167.89,2169.1,2167.84,2168.84,562
2024-08-09 18:00:00,2168.84,2169.05,2166.99,2167.57,630
2024-08-09 19:00:00,2167.57,2167.74,2167.42,2167.62,697
2024-08-09 20:00:00,2167.62,2171.47,2167.44,2171.12,557
2024-08-09 21:00:00,2171.12,2171.42,2169.19,2169.89,679
2024-08-09 22:00:00,2169.89,2169.91,2167.28,2168.06,701
2024-08-09 23:00:00,2168.06,2169.45,2168.01,2169.34,686
2024-08-12 00:00:00,2169.34,2169.58,2168.46,2169.21,311
2024-08-12 01:00:00,2169.21,2169.91,2167.5,2168.64,524
2024-08-12 02:00:00,2168.64,2173.56,2168.58,2173.52,503
2024-08-12 03:00:00,2173.52,2177.34,2172.92,2177.3,352
2024-08-12 04:00:00,2177.3,2177.7,2176.58,2176.75,255
2024-08-12 05:00:00,2176.75,2178.41,2174.77,2175.43,308
2024-08-12 06:00:00,2175.43,2177.45,2174.71,2176.65,563
2024-08-12 07:00:00,2176.65,2177.17,2174.37,2174.71,703
2024-08-12 08:00:00,2174.71,2174.86,2171.66,2172.16,594
2024-08-12 09:00:00,2172.16,2172.7,2169.51,2169.52,673
2024-08-12 10:00:00,2169.52,2171.1,2168.74,2170.95,156
2024-08-12 11:00:00,2170.95,2171.27,2168.93,2169.83,102
2024-08-12 12:00:00,2169.83,2169.87,2168.87,2168.98,668
2024-08-12 13:00:00,2168.98,2169.29,2168.01,2168.14,208
2024-08-12 14:00:00,2168.14,2168.62,2166.11,2166.82,279
2024-08-12 15:00:00,2166.82,2166.89,2164.85,2165.13,451
2024-08-12 16:00:00,2165.13,2165.27,2162.93,2163.41,197
2024-08-12 17:00:00,2163.41,2163.45,2159.72,2159.75,651
2024-08-12 18:00:00,2159.75,2160.41,2157.65,2158.02,591
2024-08-12 19:00:00,2158.02,2158.15,2156.4,2157.08,625
2024-08-12 20:00:00,2157.08,2160.47,2156.91,2160.28,251
2024-08-12 21:00:00,2160.28,2161.14,2159.91,2160.11,483
2024-08-12 22:00:00,2160.11,2160.8,2157.19,2157.86,566
2024-08-12 23:00:00,2157.86,2158.78,2157.55,2158.52,403
2024-08-13 00:00:00,2158.52,2159.87,2158.48,2159.78,308
2024-08-13 01:00:00,2159.78,2160.19,2157.87,2158.49,271
2024-08-13 02:00:00,2158.49,2159.07,2156.88,2157.25,697
2024-08-13 03:00:00,2157.25,2158.04,2157.23,2157.67,281
2024-08-13 04:00:00,2157.67,2158.63,2157.63,2158.57,871
2024-08-13 05:00:00,2158.57,2158.79,2156.11,2156.53,290
2024-08-13 06:00:00,2156.53,2160.38,2156.09,2160.36,667
2024-08-13 07:00:00,2160.36,2160.59,2157.11,2157.37,424
2024-08-13 08:00:00,2157.37,2158.03,2156.35,2156.37,138
2024-08-13 09:00:00,2156.37,2157.7,2154.41,2157.2,136
2024-08-13 10:00:00,2157.2,2158.56,2156.53,2157.52,170
2024-08-13 11:00:00,2157.52,2160.62,2156.92,2159.71,767
2024-08-13 12:00:00,2159.71,2160.41,2159.09,2160.17,419
2024-08-13 13:00:00,2160.17,2162.37,2159.51,2161.44,889
2024-08-13 14:00:00,2161.44,2168.33,2160.88,2168.24,762
2024-08-13 15:00:00,2168.24,2168.49,2168.17,2168.37,883
2024-08-13 16:00:00,2168.37,2170.59,2167.98,2170.56,960
2024-08-13 17:00:00,2170.56,2174.07,2169.77,2173.88,849
2024-08-13 18:00:00,2173.88,2173.91,2172.2,2172.23,217
2024-08-13 19:00:00,2172.23,2176.52,2171.5,2176.08,193
2024-08-13 20:00:00,2176.08,2176.63,2174.1,2174.37,221
2024-08-13 21:00:00,2174.37,2174.84,2173.96,2174.71,294
2024-08-13 22:00:00,2174.71,2174.82,2173.49,2173.93,566
2024-08-13 23:00:00,2173.93,2175.11,2172.97,2174.92,913
2024-08-14 00:00:00,2174.92,2175.31,2173.82,2173.9,611
2024-08-14 01:00:00,2173.9,2175.58,2173.74,2175.5,797
2024-08-14 02:00:00,2175.5,2179.23,2175.32,2178.85,428
2024-08-14 03:00:00,2178.85,2179.03,2178.45,2178.79,788
2024-08-14 04:00:00,2178.79,2180.1,2178.13,2179.4,445
2024-08-14 05:00:00,2179.4,2179.41,2173.64,2174.02,360
2024-08-14 06:00:00,2174.02,2174.44,2172.85,2172.96,314
2024-08-14 07:00:00,2172.96,2173.4,2172.85,2173.24,540
2024-08-14 08:00:00,2173.24,2176.56,2172.81,2175.92,882
2024-08-14 09:00:00,2175.92,2176.06,2175.1,2175.28,812
2024-08-14 10:00:00,2175.28,2175.29,2173.8,2174.37,855
2024-08-14 11:00:00,2174.37,2175.55,2170.07,2170.41,341
2024-08-14 12:00:00,2170.41,2172.61,2170.25,2171.87,529
2024-08-14 13:00:00,2171.87,2172.31,2169.74,2169.88,288
2024-08-14 14:00:00,2169.88,2172.71,2169.32,2172.45,386
2024-08-14 15:00:00,2172.45,2173.59,2170.11,2170.17,258
2024-08-14 16:00:00,2170.17,2170.63,2167.81,2168.3,585
2024-08-14 17:00:00,2168.3,2168.46,2166.14,2166.5,887
2024-08-14 18:00:00,2166.5,2166.86,2165.46,2166.31,407
2024-08-14 19:00:00,2166.31,2166.46,2164.07,2164.21,708
2024-08-14 20:00:00,2164.21,2165.22,2160.98,2161.05,786
2024-08-14 21:00:00,2161.05,2163.16,2160.83,2162.43,789
2024-08-14 22:00:00,2162.43,2162.49,2160.38,2160.45,965
2024-08-14 23:00:00,2160.45,2161.05,2159.01,2159.17,824
2024-08-15 00:00:00,2159.17,2162.23,2158.83,2161.98,374
2024-08-15 01:00:00,2161.98,2165.17,2160.86,2164.95,538
2024-08-15 02:00:00,2164.95,2167.53,2164.92,2166.82,477
2024-08-15 03:00:00,2166.82,2167.7,2166.23,2167.14,699
2024-08-15 04:00:00,2167.14,2167.36,2163.09,2163.57,320
2024-08-15 05:00:00,2163.57,2163.67,2161.48,2162.36,573
2024-08-15 06:00:00,2162.36,2162.79,2158.99,2159.81,143
2024-08-15 07:00:00,2159.81,2164.01,2159.67,2163.89,626
2024-08-15 08:00:00,2163.89,2165.72,2163.7,2165.24,849
2024-08-15 09:00:00,2165.24,2168.94,2165.15,2168.85,129
2024-08-15 10:00:00,2168.85,2169.09,2168.23,2168.43,320
2024-08-15 11:00:00,2168.43,2169.21,2167.65,2169.14,390
2024-08-15 12:00:00,2169.14,2169.7,2166.38,2166.83,576
2024-08-15 13:00:00,2166.83,2170.74,2166.18,2170.33,414
2024-08-15 14:00:00,2170.33,2171.69,2169.22,2171.14,889
2024-08-15 15:00:00,2171.14,2171.21,2170.07,2170.69,693
2024-08-15 16:00:00,2170.69,2170.79,2167.86,2168.12,731
2024-08-15 17:00:00,2168.12,2169.79,2167.78,2169.76,238
2024-08-15 18:00:00,2169.76,2170.0,2167.86,2168.56,722
2024-08-15 19:00:00,2168.56,2169.05,2166.17,2166.87,170
2024-08-15 20:00:00,2166.87,2167.39,2165.71,2166.3,245
2024-08-15 21:00:00,2166.3,2166.43,2164.15,2164.31,941
2024-08-15 22:00:00,2164.31,2164.76,2162.25,2162.59,907
2024-08-15 23:00:00,2162.59,2164.47,2162.07,2163.99,724
2024-08-16 00:00:00,2163.99,2164.61,2162.58,2163.81,174
2024-08-16 01:00:00,2163.81,2163.95,2162.28,2162.92,126
2024-08-16 02:00:00,2162.92,2165.5,2162.9,2165.1,587
2024-08-16 03:00:00,2165.1,2166.44,2164.66,2166.43,603
2024-08-16 04:00:00,2166.43,2166.85,2165.89,2166.62,153
2024-08-16 05:00:00,2166.62,2167.71,2162.43,2162.73,608
2024-08-16 06:00:00,2162.73,2163.13,2161.09,2161.51,491
2024-08-16 07:00:00,2161.51,2161.81,2159.3,2159.55,281
2024-08-16 08:00:00,2159.55,2160.27,2158.56,2160.21,241
2024-08-16 09:00:00,2160.21,2160.54,2155.9,2156.51,848
2024-08-16 10:00:00,2156.51,2157.58,2156.19,2157.3,432
2024-08-16 11:00:00,2157.3,2159.74,2157.25,2159.66,262
2024-08-16 12:00:00,2159.66,2160.03,2159.49,2159.54,962
2024-08-16 13:00:00,2159.54,2160.54,2158.72,2159.3,201
2024-08-16 14:00:00,2159.3,2159.34,2158.88,2159.04,582
2024-08-16 15:00:00,2159.04,2159.45,2156.95,2157.03,788
2024-08-16 16:00:00,2157.03,2157.47,2156.72,2156.83,586
2024-08-16 17:00:00,2156.83,2157.06,2156.59,2157.05,872
2024-08-16 18:00:00,2157.05,2157.08,2156.12,2156.54,480
2024-08-16 19:00:00,2156.54,2156.6,2154.4,2154.61,138
2024-08-16 20:00:00,2154.61,2156.18,2153.43,2156.04,939
2024-08-16 21:00:00,2156.04,2156.4,2155.38,2156.17,891
2024-08-16 22:00:00,2156.17,2157.07,2153.96,2154.09,476
2024-08-16 23:00:00,2154.09,2156.76,2153.19,2155.97,448
2024-08-19 00:00:00,2155.97,2158.82,2155.32,2158.45,926
2024-08-19 01:00:00,2158.45,2158.54,2156.47,2156.7,121
2024-08-19 02:00:00,2156.7,2157.05,2156.52,2156.58,151
2024-08-19 03:00:00,2156.58,2156.84,2156.1,2156.6,467
2024-08-19 04:00:00,2156.6,2157.58,2152.83,2153.46,195
2024-08-19 05:00:00,2153.46,2158.18,2152.9,2157.18,813
2024-08-19 06:00:00,2157.18,2157.79,2152.46,2152.77,870
2024-08-19 07:00:00,2152.77,2154.76,2152.37,2154.65,686
2024-08-19 08:00:00,2154.65,2155.21,2152.25,2153.12,506
2024-08-19 09:00:00,2153.12,2153.51,2152.15,2152.33,309
2024-08-19 10:00:00,2152.33,2158.43,2152.26,2158.19,986
2024-08-19 11:00:00,2158.19,2159.25,2156.22,2156.32,898
2024-08-19 12:00:00,2156.32,2158.12,2156.01,2157.67,202
2024-08-19 13:00:00,2157.67,2158.64,2157.62,2158.55,809
2024-08-19 14:00:00,2158.55,2159.78,2158.29,2159.72,286
2024-08-19 15:00:00,2159.72,2161.17,2159.13,2161.05,484
2024-08-19 16:00:00,2161.05,2161.2,2159.96,2160.3,795
2024-08-19 17:00:00,2160.3,2160.35,2159.39,2160.23,112
2024-08-19 18:00:00,2160.23,2160.9,2157.65,2157.71,262
2024-08-19 19:00:00,2157.71,2158.86,2153.91,2154.69,632
2024-08-19 20:00:00,2154.69,2154.94,2151.01,2151.73,223
2024-08-19 21:00:00,2151.73,2153.74,2151.25,2153.71,165
2024-08-19 22:00:00,2153.71,2153.89,2151.0,2151.71,974
2024-08-19 23:00:00,2151.71,2153.04,2151.18,2152.81,166
2024-08-20 00:00:00,2152.81,2154.44,2152.0,2153.67,757
2024-08-20 01:00:00,2153.67,2156.24,2153.17,2155.89,948
2024-08-20 02:00:00,2155.89,2162.08,2155.73,2161.9,650
2024-08-20 03:00:00,2161.9,2164.8,2161.35,2163.78,948
2024-08-20 04:00:00,2163.78,2164.34,2162.7,2162.7,658
2024-08-20 05:00:00,2162.7,2163.57,2162.21,2163.1,681
2024-08-20 06:00:00,2163.1,2163.2,2159.69,2160.42,767
2024-08-20 07:00:00,2160.42,2162.06,2159.45,2161.68,796
2024-08-20 08:00:00,2161.68,2164.13,2160.78,2163.97,357
2024-08-20 09:00:00,2163.97,2170.92,2163.5,2170.63,803
2024-08-20 10:00:00,2170.63,2171.09,2167.81,2168.27,661
2024-08-20 11:00:00,2168.27,2169.97,2167.65,2169.6,494
2024-08-20 12:00:00,2169.6,2169.75,2167.43,2167.86,871
2024-08-20 13:00:00,2167.86,2168.08,2166.83,2166.95,657
2024-08-20 14:00:00,2166.95,2168.53,2166.49,2167.98,271
2024-08-20 15:00:00,2167.98,2168.59,2164.84,2166.08,363
2024-08-20 16:00:00,2166.08,2166.18,2164.82,2164.85,116
2024-08-20 17:00:00,2164.85,2166.08,2164.75,2165.8,150
2024-08-20 18:00:00,2165.8,2165.88,2161.9,2162.08,316
2024-08-20 19:00:00,2162.08,2162.87,2161.9,2161.97,566
2024-08-20 20:00:00,2161.97,2162.25,2160.19,2160.9,155
2024-08-20 21:00:00,2160.9,2163.25,2160.73,2162.65,994
2024-08-20 22:00:00,2162.65,2162.87,2160.58,2161.07,131
2024-08-20 23:00:00,2161.07,2161.83,2160.58,2161.69,200
2024-08-21 00:00:00,2161.69,2163.22,2161.32,2162.27,623
2024-08-21 01:00:00,2162.27,2163.35,2161.55,2163.22,769
2024-08-21 02:00:00,2163.22,2163.64,2160.67,2161.05,429
2024-08-21 03:00:00,2161.05,2161.35,2160.55,2160.66,201
2024-08-21 04:00:00,2160.66,2161.26,2158.95,2159.91,855
2024-08-21 05:00:00,2159.91,2160.6,2156.52,2157.07,174
2024-08-21 06:00:00,2157.07,2157.3,2153.28,2153.56,578
2024-08-21 07:00:00,2153.56,2154.69,2153.52,2154.32,437
2024-08-21 08:00:00,2154.32,2155.54,2153.85,2155.4,902
2024-08-21 09:00:00,2155.4,2157.97,2154.21,2157.91,124
2024-08-21 10:00:00,2157.91,2158.91,2156.25,2156.49,549
2024-08-21 11:00:00,2156.49,2156.98,2152.76,2153.5,783
2024-08-21 12:00:00,2153.5,2154.48,2150.92,2151.52,685
2024-08-21 13:00:00,2151.52,2156.03,2150.14,2155.27,859
2024-08-21 14:00:00,2155.27,2155.78,2151.3,2151.8,764
2024-08-21 15:00:00,2151.8,2152.35,2151.6,2152.02,671
2024-08-21 16:00:00,2152.02,2152.5,2150.37,2150.69,643
2024-08-21 17:00:00,2150.69,2150.99,2148.83,2149.29,246
2024-08-21 18:00:00,2149.29,2149.87,2149.07,2149.77,552
2024-08-21 19:00:00,2149.77,2151.58,2149.48,2151.32,759
2024-08-21 20:00:00,2151.32,2153.06,2150.91,2152.13,178
2024-08-21 21:00:00,2152.13,2155.45,2152.07,2154.88,153
2024-08-21 22:00:00,2154.88,2155.54,2154.5,2155.09,435
2024-08-21 23:00:00,2155.09,2155.17,2153.09,2153.41,939
2024-08-22 00:00:00,2153.41,2156.48,2152.69,2156.23,109
2024-08-22 01:00:00,2156.23,2156.82,2155.63,2155.82,738
2024-08-22 02:00:00,2155.82,2157.2,2154.56,2155.15,160
2024-08-22 03:00:00,2155.15,2156.71,2154.83,2156.56,467
2024-08-22 04:00:00,2156.56,2156.71,2156.07,2156.42,233
2024-08-22 05:00:00,2156.42,2157.51,2154.77,2154.91,216
2024-08-22 06:00:00,2154.91,2155.48,2152.28,2152.7,652
2024-08-22 07:00:00,2152.7,2154.38,2151.85,2153.73,426
2024-08-22 08:00:00,2153.73,2155.32,2153.19,2154.94,301
2024-08-22 09:00:00,2154.94,2155.31,2153.26,2153.62,888
2024-08-22 10:00:00,2153.62,2153.73,2152.68,2152.73,813
2024-08-22 11:00:00,2152.73,2155.75,2152.59,2154.24,981
2024-08-22 12:00:00,2154.24,2154.83,2152.05,2152.33,103
2024-08-22 13:00:00,2152.33,2152.4,2147.47,2147.98,625
2024-08-22 14:00:00,2147.98,2148.22,2145.78,2146.28,155
2024-08-22 15:00:00,2146.28,2146.55,2144.27,2144.67,540
2024-08-22 16:00:00,2144.67,2146.0,2143.73,2145.94,353
2024-08-22 17:00:00,2145.94,2149.91,2145.39,2149.58,486
2024-08-22 18:00:00,2149.58,2149.97,2149.16,2149.36,616
2024-08-22 19:00:00,2149.36,2152.06,2149.35,2151.05,223
2024-08-22 20:00:00,2151.05,2151.28,2145.66,2146.37,662
2024-08-22 21:00:00,2146.37,2148.77,2146.02,2148.5,264
2024-08-22 22:00:00,2148.5,2149.03,2147.91,2148.07,533
2024-08-22 23:00:00,2148.07,2148.78,2147.41,2147.82,259
2024-08-23 00:00:00,2147.82,2148.35,2145.84,2146.13,453
2024-08-23 01:00:00,2146.13,2148.28,2145.85,2148.22,359
2024-08-23 02:00:00,2148.22,2151.15,2147.31,2151.05,127
2024-08-23 03:00:00,2151.05,2151.47,2149.26,2149.77,631
2024-08-23 04:00:00,2149.77,2150.72,2149.62,2150.56,113
2024-08-23 05:00:00,2150.56,2152.73,2149.89,2152.12,706
2024-08-23 06:00:00,2152.12,2153.85,2151.16,2153.01,903
2024-08-23 07:00:00,2153.01,2156.52,2152.77,2156.17,923
2024-08-23 08:00:00,2156.17,2158.48,2155.93,2158.36,498
2024-08-23 09:00:00,2158.36,2158.48,2155.31,2155.47,937
2024-08-23 10:00:00,2155.47,2156.56,2155.01,2156.24,837
2024-08-23 11:00:00,2156.24,2161.24,2155.69,2161.17,984
2024-08-23 12:00:00,2161.17,2162.23,2160.86,2161.77,800
2024-08-23 13:00:00,2161.77,2162.13,2158.6,2158.77,403
2024-08-23 14:00:00,2158.77,2163.61,2158.43,2163.45,103
2024-08-23 15:00:00,2163.45,2164.52,2162.34,2164.0,991
2024-08-23 16:00:00,2164.0,2164.3,2160.82,2161.23,976
2024-08-23 17:00:00,2161.23,2161.59,2158.86,2159.18,781
2024-08-23 18:00:00,2159.18,2162.85,2159.14,2162.66,394
2024-08-23 19:00:00,2162.66,2165.36,2162.62,2165.2,385
2024-08-23 20:00:00,2165.2,2167.86,2164.96,2167.72,181
2024-08-23 21:00:00,2167.72,2168.92,2164.95,2165.71,988
2024-08-23 22:00:00,2165.71,2166.49,2160.49,2160.88,396
2024-08-23 23:00:00,2160.88,2161.09,2158.82,2159.2,554
2024-08-26 00:00:00,2159.2,2160.09,2158.25,2158.52,944
2024-08-26 01:00:00,2158.52,2159.26,2156.33,2156.46,1000
2024-08-26 02:00:00,2156.46,2156.51,2155.92,2156.01,420
2024-08-26 03:00:00,2156.01,2156.84,2155.72,2156.68,416
2024-08-26 04:00:00,2156.68,2156.79,2155.9,2156.11,143
2024-08-26 05:00:00,2156.11,2156.91,2154.26,2154.81,633
2024-08-26 06:00:00,2154.81,2155.6,2151.41,2152.27,390
2024-08-26 07:00:00,2152.27,2152.34,2148.28,2148.58,890
2024-08-26 08:00:00,2148.58,2148.96,2147.01,2147.98,352
2024-08-26 09:00:00,2147.98,2151.53,2147.53,2151.52,581
2024-08-26 10:00:00,2151.52,2151.77,2149.97,2150.15,307
2024-08-26 11:00:00,2150.15,2150.43,2148.77,2149.71,518
2024-08-26 12:00:00,2149.71,2150.12,2148.47,2150.0,382
2024-08-26 13:00:00,2150.0,2150.0,2147.97,2148.56,962
2024-08-26 14:00:00,2148.56,2149.43,2145.99,2146.12,734
2024-08-26 15:00:00,2146.12,2146.8,2145.23,2145.78,171
2024-08-26 16:00:00,2145.78,2148.38,2145.5,2148.36,127
2024-08-26 17:00:00,2148.36,2148.74,2148.25,2148.51,457
2024-08-26 18:00:00,2148.51,2148.61,2146.47,2146.86,836
2024-08-26 19:00:00,2146.86,2146.88,2143.78,2143.85,729
2024-08-26 20:00:00,2143.85,2144.76,2143.47,2144.43,622
2024-08-26 21:00:00,2144.43,2144.52,2143.76,2144.1,755
2024-08-26 22:00:00,2144.1,2145.52,2143.93,2145.05,885
2024-08-26 23:00:00,2145.05,2145.74,2144.15,2145.36,196
2024-08-27 00:00:00,2145.36,2146.77,2145.33,2146.67,364
2024-08-27 01:00:00,2146.67,2147.16,2142.77,2143.47,408
2024-08-27 02:00:00,2143.47,2145.43,2143.2,2144.83,523
2024-08-27 03:00:00,2144.83,2144.9,2142.74,2142.75,445
2024-08-27 04:00:00,2142.75,2143.32,2141.53,2142.14,521
2024-08-27 05:00:00,2142.14,2145.85,2142.09,2144.68,738
2024-08-27 06:00:00,2144.68,2145.47,2142.99,2143.7,128
2024-08-27 07:00:00,2143.7,2144.59,2143.35,2144.43,860
2024-08-27 08:00:00,2144.43,2145.08,2143.79,2144.22,717
2024-08-27 09:00:00,2144.22,2146.45,2144.1,2146.42,392
2024-08-27 10:00:00,2146.42,2149.53,2145.69,2149.13,555
2024-08-27 11:00:00,2149.13,2149.38,2148.38,2148.89,153
2024-08-27 12:00:00,2148.89,2150.04,2148.62,2149.82,985
2024-08-27 13:00:00,2149.82,2155.76,2149.4,2155.44,873
2024-08-27 14:00:00,2155.44,2155.78,2151.49,2152.08,799
2024-08-27 15:00:00,2152.08,2152.16,2149.97,2149.98,126
2024-08-27 16:00:00,2149.98,2150.03,2147.06,2147.06,409
2024-08-27 17:00:00,2147.06,2147.45,2143.59,2144.02,376
2024-08-27 18:00:00,2144.02,2144.76,2143.36,2144.4,637
2024-08-27 19:00:00,2144.4,2144.79,2142.91,2143.46,796
2024-08-27 20:00:00,2143.46,2143.63,2141.65,2142.2,387
2024-08-27 21:00:00,2142.2,2142.57,2140.47,2140.92,133
2024-08-27 22:00:00,2140.92,2141.25,2139.41,2139.74,862
2024-08-27 23:00:00,2139.74,2141.25,2138.92,2140.68,951
2024-08-28 00:00:00,2140.68,2141.28,2139.57,2140.56,156
2024-08-28 01:00:00,2140.56,2145.09,2140.54,2144.16,399
2024-08-28 02:00:00,2144.16,2146.78,2143.81,2146.3,170
2024-08-28 03:00:00,2146.3,2146.93,2142.87,2143.49,585
2024-08-28 04:00:00,2143.49,2144.31,2139.63,2140.5,669
2024-08-28 05:00:00,2140.5,2141.64,2138.03,2138.16,659
2024-08-28 06:00:00,2138.16,2141.14,2137.17,2140.84,356
2024-08-28 07:00:00,2140.84,2143.55,2140.05,2143.34,948
2024-08-28 08:00:00,2143.34,2144.82,2143.26,2144.61,766
2024-08-28 09:00:00,2144.61,2146.03,2144.49,2145.86,473
2024-08-28 10:00:00,2145.86,2146.35,2139.42,2140.25,762
2024-08-28 11:00:00,2140.25,2140.4,2138.07,2138.1,444
2024-08-28 12:00:00,2138.1,2138.74,2135.7,2136.05,557
2024-08-28 13:00:00,2136.05,2136.54,2135.18,2135.62,504
2024-08-28 14:00:00,2135.62,2136.6,2133.22,2133.35,412
2024-08-28 15:00:00,2133.35,2133.71,2131.48,2131.73,770
2024-08-28 16:00:00,2131.73,2132.25,2130.3,2131.08,806
2024-08-28 17:00:00,2131.08,2131.59,2129.91,2130.14,514
2024-08-28 18:00:00,2130.14,2130.73,2127.11,2128.26,291
2024-08-28 19:00:00,2128.26,2128.98,2127.18,2127.22,593
2024-08-28 20:00:00,2127.22,2127.27,2123.34,2123.65,401
2024-08-28 21:00:00,2123.65,2124.48,2121.3,2122.61,278
2024-08-28 22:00:00,2122.61,2124.3,2122.06,2123.54,222
2024-08-28 23:00:00,2123.54,2124.26,2122.41,2122.7,357
2024-08-29 00:00:00,2122.7,2126.66,2122.27,2126.17,718
2024-08-29 01:00:00,2126.17,2126.78,2124.65,2124.7,967
2024-08-29 02:00:00,2124.7,2126.06,2124.16,2125.38,977
2024-08-29 03:00:00,2125.38,2125.88,2125.15,2125.76,580
2024-08-29 04:00:00,2125.76,2128.81,2125.68,2128.06,792
2024-08-29 05:00:00,2128.06,2130.11,2126.73,2129.7,930
2024-08-29 06:00:00,2129.7,2130.22,2128.54,2128.6,250
2024-08-29 07:00:00,2128.6,2129.33,2127.46,2127.9,119
2024-08-29 08:00:00,2127.9,2128.2,2125.71,2126.01,101
2024-08-29 09:00:00,2126.01,2126.51,2125.55,2125.95,221
2024-08-29 10:00:00,2125.95,2126.85,2125.95,2126.61,368
2024-08-29 11:00:00,2126.61,2129.01,2126.35,2128.42,537
2024-08-29 12:00:00,2128.42,2131.37,2128.24,2131.14,329
2024-08-29 13:00:00,2131.14,2133.64,2131.01,2133.51,239
2024-08-29 14:00:00,2133.51,2134.07,2132.8,2132.99,930
2024-08-29 15:00:00,2132.99,2135.39,2132.76,2135.28,802
2024-08-29 16:00:00,2135.28,2135.72,2132.66,2133.23,671
2024-08-29 17:00:00,2133.23,2134.6,2132.35,2133.98,462
2024-08-29 18:00:00,2133.98,2135.05,2133.82,2134.77,742
2024-08-29 19:00:00,2134.77,2135.09,2133.79,2134.22,681
2024-08-29 20:00:00,2134.22,2136.1,2133.44,2136.02,561
2024-08-29 21:00:00,2136.02,2136.59,2134.4,2134.94,453
2024-08-29 22:00:00,2134.94,2136.94,2133.93,2136.29,607
2024-08-29 23:00:00,2136.29,2137.14,2135.98,2136.78,299
2024-08-30 00:00:00,2136.78,2137.84,2136.36,2137.78,595
2024-08-30 01:00:00,2137.78,2138.37,2137.65,2137.73,776
2024-08-30 02:00:00,2137.73,2139.29,2137.25,2138.82,408
2024-08-30 03:00:00,2138.82,2142.45,2137.73,2141.68,624
2024-08-30 04:00:00,2141.68,2143.01,2140.99,2142.55,230
2024-08-30 05:00:00,2142.55,2145.5,2142.26,2145.1,569
2024-08-30 06:00:00,2145.1,2147.15,2143.83,2147.04,779
2024-08-30 07:00:00,2147.04,2147.49,2143.85,2144.56,173
2024-08-30 08:00:00,2144.56,2145.16,2143.87,2144.63,328
2024-08-30 09:00:00,2144.63,2148.55,2144.3,2148.2,273
2024-08-30 10:00:00,2148.2,2148.57,2147.13,2147.37,565
2024-08-30 11:00:00,2147.37,2148.31,2146.74,2147.68,775
2024-08-30 12:00:00,2147.68,2150.45,2147.37,2149.98,493
2024-08-30 13:00:00,2149.98,2149.99,2148.7,2148.95,262
2024-08-30 14:00:00,2148.95,2152.02,2148.26,2151.26,793
2024-08-30 15:00:00,2151.26,2152.31,2151.01,2152.29,914
2024-08-30 16:00:00,2152.29,2152.82,2150.08,2150.13,718
2024-08-30 17:00:00,2150.13,2150.64,2145.29,2146.61,634
2024-08-30 18:00:00,2146.61,2146.95,2145.88,2145.91,561
2024-08-30 19:00:00,2145.91,2146.96,2141.39,2141.84,842
2024-08-30 20:00:00,2141.84,2141.91,2139.46,2139.85,301
2024-08-30 21:00:00,2139.85,2139.91,2137.89,2138.61,873
2024-08-30 22:00:00,2138.61,2138.79,2136.93,2138.13,220
2024-08-30 23:00:00,2138.13,2141.26,2138.06,2140.56,673
2024-09-02 00:00:00,2140.56,2140.7,2137.92,2138.79,607
2024-09-02 01:00:00,2138.79,2138.81,2137.59,2138.13,668
2024-09-02 02:00:00,2138.13,2138.69,2135.78,2137.02,693
2024-09-02 03:00:00,2137.02,2140.85,2136.93,2140.5,456
2024-09-02 04:00:00,2140.5,2144.04,2139.99,2143.39,894
2024-09-02 05:00:00,2143.39,2144.38,2142.95,2143.62,365
2024-09-02 06:00:00,2143.62,2144.09,2142.46,2144.08,289
2024-09-02 07:00:00,2144.08,2144.77,2144.07,2144.43,791
2024-09-02 08:00:00,2144.43,2147.11,2143.92,2146.4,190
2024-09-02 09:00:00,2146.4,2148.68,2145.56,2148.35,118
2024-09-02 10:00:00,2148.35,2151.82,2147.56,2151.29,864
2024-09-02 11:00:00,2151.29,2152.14,2150.27,2150.46,765
2024-09-02 12:00:00,2150.46,2150.6,2148.51,2149.21,728
2024-09-02 13:00:00,2149.21,2149.34,2145.73,2146.07,125
2024-09-02 14:00:00,2146.07,2146.29,2144.6,2144.71,376
2024-09-02 15:00:00,2144.71,2144.91,2141.63,2141.66,261
2024-09-02 16:00:00,2141.66,2142.06,2139.55,2139.84,979
2024-09-02 17:00:00,2139.84,2140.09,2137.48,2137.59,595
2024-09-02 18:00:00,2137.59,2138.04,2132.15,2132.69,882
2024-09-02 19:00:00,2132.69,2135.38,2132.65,2134.48,645
2024-09-02 20:00:00,2134.48,2137.09,2133.33,2136.71,110
2024-09-02 21:00:00,2136.71,2140.79,2136.6,2140.29,235
2024-09-02 22:00:00,2140.29,2141.91,2140.08,2141.03,804
2024-09-02 23:00:00,2141.03,2141.21,2137.31,2138.51,309
2024-09-03 00:00:00,2138.51,2140.85,2138.4,2140.8,492
2024-09-03 01:00:00,2140.8,2143.44,2140.69,2143.24,907
2024-09-03 02:00:00,2143.24,2143.33,2142.2,2142.61,299
2024-09-03 03:00:00,2142.61,2146.84,2142.38,2145.59,668
2024-09-03 04:00:00,2145.59,2146.43,2145.49,2146.0,114
2024-09-03 05:00:00,2146.0,2146.44,2140.35,2140.46,992
2024-09-03 06:00:00,2140.46,2141.06,2138.64,2138.74,194
2024-09-03 07:00:00,2138.74,2138.94,2135.27,2136.13,231
2024-09-03 08:00:00,2136.13,2136.14,2132.84,2133.02,915
2024-09-03 09:00:00,2133.02,2134.17,2130.28,2130.84,585
2024-09-03 10:00:00,2130.84,2131.48,2129.69,2130.32,984
2024-09-03 11:00:00,2130.32,2130.96,2130.29,2130.56,176
2024-09-03 12:00:00,2130.56,2131.71,2130.43,2131.54,312
2024-09-03 13:00:00,2131.54,2132.53,2130.32,2130.59,679
2024-09-03 14:00:00,2130.59,2135.17,2130.38,2134.63,334
2024-09-03 15:00:00,2134.63,2139.18,2134.57,2138.66,211
2024-09-03 16:00:00,2138.66,2139.12,2138.01,2139.06,780
2024-09-03 17:00:00,2139.06,2139.39,2138.58,2139.29,786
2024-09-03 18:00:00,2139.29,2140.62,2139.22,2140.14,926
2024-09-03 19:00:00,2140.14,2140.32,2137.35,2137.82,763
2024-09-03 20:00:00,2137.82,2138.32,2133.38,2133.7,477
2024-09-03 21:00:00,2133.7,2133.99,2131.89,2132.4,485
2024-09-03 22:00:00,2132.4,2132.44,2132.1,2132.23,369
2024-09-03 23:00:00,2132.23,2134.43,2131.45,2134.31,580
2024-09-04 00:00:00,2134.31,2135.12,2132.58,2133.25,136
2024-09-04 01:00:00,2133.25,2133.26,2131.51,2131.61,609
2024-09-04 02:00:00,2131.61,2131.72,2130.37,2130.73,432
2024-09-04 03:00:00,2130.73,2131.11,2129.22,2130.26,103
2024-09-04 04:00:00,2130.26,2131.9,2129.6,2131.59,264
2024-09-04 05:00:00,2131.59,2135.38,2131.35,2134.57,823
2024-09-04 06:00:00,2134.57,2134.75,2134.25,2134.27,194
2024-09-04 07:00:00,2134.27,2134.71,2131.66,2132.7,112
2024-09-04 08:00:00,2132.7,2133.11,2131.46,2131.64,302
2024-09-04 09:00:00,2131.64,2132.75,2131.22,2131.48,535
2024-09-04 10:00:00,2131.48,2131.79,2129.46,2129.72,372
2024-09-04 11:00:00,2129.72,2130.35,2125.48,2125.68,378
2024-09-04 12:00:00,2125.68,2126.1,2123.66,2123.98,191
2024-09-04 13:00:00,2123.98,2124.31,2122.69,2122.87,666
2024-09-04 14:00:00,2122.87,2123.76,2121.27,2121.38,149
2024-09-04 15:00:00,2121.38,2124.78,2120.52,2124.3,517
2024-09-04 16:00:00,2124.3,2129.94,2123.91,2129.82,123
2024-09-04 17:00:00,2129.82,2129.86,2129.67,2129.82,803
2024-09-04 18:00:00,2129.82,2130.7,2129.39,2130.39,600
2024-09-04 19:00:00,2130.39,2130.48,2125.8,2126.5,770
2024-09-04 20:00:00,2126.5,2126.69,2124.92,2125.5,689
2024-09-04 21:00:00,2125.5,2127.21,2125.39,2126.9,883
2024-09-04 22:00:00,2126.9,2131.72,2126.41,2131.46,697
2024-09-04 23:00:00,2131.46,2131.53,2129.81,2130.47,439
2024-09-05 00:00:00,2130.47,2131.21,2130.26,2131.13,523
2024-09-05 01:00:00,2131.13,2132.7,2130.99,2132.5,346
2024-09-05 02:00:00,2132.5,2133.37,2132.16,2133.3,294
2024-09-05 03:00:00,2133.3,2134.49,2131.43,2131.57,953
2024-09-05 04:00:00,2131.57,2131.92,2131.04,2131.32,411
2024-09-05 05:00:00,2131.32,2131.55,2128.22,2128.24,903
2024-09-05 06:00:00,2128.24,2131.99,2127.83,2130.91,897
2024-09-05 07:00:00,2130.91,2131.11,2128.97,2129.85,603
2024-09-05 08:00:00,2129.85,2131.85,2129.45,2131.73,163
2024-09-05 09:00:00,2131.73,2132.5,2131.03,2132.07,929
2024-09-05 10:00:00,2132.07,2132.43,2131.83,2132.14,831
2024-09-05 11:00:00,2132.14,2135.59,2131.6,2134.97,783
2024-09-05 12:00:00,2134.97,2135.64,2134.93,2135.3,688
2024-09-05 13:00:00,2135.3,2136.23,2135.26,2135.95,620
2024-09-05 14:00:00,2135.95,2136.9,2135.54,2136.76,363
2024-09-05 15:00:00,2136.76,2137.34,2136.29,2136.63,630
2024-09-05 16:00:00,2136.63,2137.02,2135.5,2135.84,581
2024-09-05 17:00:00,2135.84,2137.94,2135.26,2137.22,380
2024-09-05 18:00:00,2137.22,2137.28,2134.85,2135.3,771
2024-09-05 19:00:00,2135.3,2136.39,2132.31,2132.74,231
2024-09-05 20:00:00,2132.74,2133.11,2132.71,2132.8,859
2024-09-05 21:00:00,2132.8,2133.41,2132.74,2133.35,714
2024-09-05 22:00:00,2133.35,2133.42,2129.34,2130.65,943
2024-09-05 23:00:00,2130.65,2134.24,2129.75,2133.27,535
2024-09-06 00:00:00,2133.27,2133.37,2132.75,2133.06,360
2024-09-06 01:00:00,2133.06,2133.54,2132.3,2133.47,882
2024-09-06 02:00:00,2133.47,2134.23,2133.46,2134.22,612
2024-09-06 03:00:00,2134.22,2136.95,2133.95,2136.22,223
2024-09-06 04:00:00,2136.22,2137.66,2135.92,2137.13,788
2024-09-06 05:00:00,2137.13,2137.83,2137.13,2137.22,682
2024-09-06 06:00:00,2137.22,2137.63,2136.61,2137.57,795
2024-09-06 07:00:00,2137.57,2138.18,2136.6,2136.8,129
2024-09-06 08:00:00,2136.8,2139.36,2136.72,2138.9,571
2024-09-06 09:00:00,2138.9,2140.72,2138.65,2140.37,555
2024-09-06 10:00:00,2140.37,2141.32,2139.21,2139.72,683
2024-09-06 11:00:00,2139.72,2141.52,2139.39,2141.49,620
2024-09-06 12:00:00,2141.49,2143.7,2141.03,2143.39,589
2024-09-06 13:00:00,2143.39,2144.47,2142.32,2142.53,348
2024-09-06 14:00:00,2142.53,2144.18,2141.84,2144.13,846
2024-09-06 15:00:00,2144.13,2144.54,2141.02,2141.23,225
2024-09-06 16:00:00,2141.23,2141.65,2140.66,2141.17,855
2024-09-06 17:00:00,2141.17,2141.25,2140.46,2141.21,323
2024-09-06 18:00:00,2141.21,2144.41,2140.59,2144.07,715
2024-09-06 19:00:00,2144.07,2147.83,2143.36,2147.82,699
2024-09-06 20:00:00,2147.82,2147.98,2144.62,2145.37,967
2024-09-06 21:00:00,2145.37,2148.58,2145.26,2148.17,603
2024-09-06 22:00:00,2148.17,2149.04,2147.35,2147.44,174
2024-09-06 23:00:00,2147.44,2153.36,2146.53,2152.61,449
2024-09-09 00:00:00,2152.61,2152.89,2150.81,2151.98,294
2024-09-09 01:00:00,2151.98,2153.18,2147.86,2148.57,169
2024-09-09 02:00:00,2148.57,2149.55,2148.4,2149.23,794
2024-09-09 03:00:00,2149.23,2149.46,2147.26,2147.56,817
2024-09-09 04:00:00,2147.56,2148.03,2145.4,2145.79,580
2024-09-09 05:00:00,2145.79,2146.02,2145.46,2145.6,820
2024-09-09 06:00:00,2145.6,2146.7,2145.41,2146.68,566
2024-09-09 07:00:00,2146.68,2147.2,2141.86,2142.93,115
2024-09-09 08:00:00,2142.93,2143.21,2140.12,2140.46,683
2024-09-09 09:00:00,2140.46,2142.57,2140.15,2142.27,280
2024-09-09 10:00:00,2142.27,2142.74,2138.09,2138.36,347
2024-09-09 11:00:00,2138.36,2140.97,2137.96,2140.64,965
2024-09-09 12:00:00,2140.64,2140.91,2137.93,2138.14,751
2024-09-09 13:00:00,2138.14,2138.54,2136.8,2137.06,273
2024-09-09 14:00:00,2137.06,2138.17,2136.56,2137.7,933
2024-09-09 15:00:00,2137.7,2143.6,2137.29,2143.07,577
2024-09-09 16:00:00,2143.07,2145.77,2142.59,2145.52,869
2024-09-09 17:00:00,2145.52,2148.6,2144.82,2148.28,844
2024-09-09 18:00:00,2148.28,2151.07,2148.28,2150.25,149
2024-09-09 19:00:00,2150.25,2150.4,2147.5,2147.87,924
2024-09-09 20:00:00,2147.87,2148.16,2147.51,2148.11,700
2024-09-09 21:00:00,2148.11,2150.74,2147.9,2150.7,521
2024-09-09 22:00:00,2150.7,2150.74,2149.92,2150.17,891
2024-09-09 23:00:00,2150.17,2150.22,2149.69,2150.1,869
2024-09-10 00:00:00,2150.1,2150.45,2149.87,2150.35,430
2024-09-10 01:00:00,2150.35,2150.49,2148.73,2149.12,112
2024-09-10 02:00:00,2149.12,2152.19,2148.69,2151.56,207
2024-09-10 03:00:00,2151.56,2151.63,2150.68,2151.05,844
2024-09-10 04:00:00,2151.05,2151.05,2149.39,2150.12,461
2024-09-10 05:00:00,2150.12,2150.29,2148.7,2149.43,149
2024-09-10 06:00:00,2149.43,2149.53,2148.64,2149.49,473
2024-09-10 07:00:00,2149.49,2150.17,2147.21,2147.66,641
2024-09-10 08:00:00,2147.66,2147.86,2145.86,2145.9,182
2024-09-10 09:00:00,2145.9,2146.57,2144.67,2145.38,881
2024-09-10 10:00:00,2145.38,2146.64,2145.0,2146.54,319
2024-09-10 11:00:00,2146.54,2147.42,2146.44,2147.05,880
2024-09-10 12:00:00,2147.05,2148.86,2146.16,2148.3,504
2024-09-10 13:00:00,2148.3,2149.02,2145.65,2145.73,226
2024-09-10 14:00:00,2145.73,2150.04,2144.94,2149.51,339
2024-09-10 15:00:00,2149.51,2154.29,2149.44,2154.26,349
2024-09-10 16:00:00,2154.26,2155.78,2153.57,2155.24,907
2024-09-10 17:00:00,2155.24,2156.0,2154.61,2155.4,115
2024-09-10 18:00:00,2155.4,2155.83,2153.69,2154.53,141
2024-09-10 19:00:00,2154.53,2154.56,2153.93,2154.25,190
2024-09-10 20:00:00,2154.25,2154.92,2154.23,2154.43,173
2024-09-10 21:00:00,2154.43,2155.26,2154.05,2154.33,284
2024-09-10 22:00:00,2154.33,2157.02,2154.11,2155.98,515
2024-09-10 23:00:00,2155.98,2156.39,2151.37,2151.49,143
2024-09-11 00:00:00,2151.49,2153.65,2151.11,2153.55,802
2024-09-11 01:00:00,2153.55,2154.44,2153.2,2153.44,102
2024-09-11 02:00:00,2153.44,2155.56,2152.96,2155.24,718
2024-09-11 03:00:00,2155.24,2156.83,2155.09,2156.28,584
2024-09-11 04:00:00,2156.28,2156.99,2155.93,2156.05,893
2024-09-11 05:00:00,2156.05,2156.1,2154.89,2155.33,174
2024-09-11 06:00:00,2155.33,2155.56,2154.89,2155.38,891
2024-09-11 07:00:00,2155.38,2157.39,2154.62,2157.39,568
2024-09-11 08:00:00,2157.39,2157.45,2156.87,2157.3,681
2024-09-11 09:00:00,2157.3,2157.75,2155.92,2156.25,403
2024-09-11 10:00:00,2156.25,2156.27,2153.09,2153.81,181
2024-09-11 11:00:00,2153.81,2158.54,2153.67,2158.52,228
2024-09-11 12:00:00,2158.52,2158.81,2156.35,2156.36,691
2024-09-11 13:00:00,2156.36,2157.17,2156.34,2156.92,409
2024-09-11 14:00:00,2156.92,2158.48,2156.88,2158.2,871
2024-09-11 15:00:00,2158.2,2161.5,2157.91,2160.8,806
2024-09-11 16:00:00,2160.8,2161.98,2159.74,2161.78,887
2024-09-11 17:00:00,2161.78,2162.16,2157.89,2158.02,728
2024-09-11 18:00:00,2158.02,2158.57,2155.9,2156.01,922
2024-09-11 19:00:00,2156.01,2156.18,2151.49,2151.84,327
2024-09-11 20:00:00,2151.84,2151.92,2149.59,2149.84,471
2024-09-11 21:00:00,2149.84,2151.7,2149.5,2151.25,578
2024-09-11 22:00:00,2151.25,2154.82,2149.93,2154.5,690
2024-09-11 23:00:00,2154.5,2156.25,2154.16,2156.09,269
2024-09-12 00:00:00,2156.09,2156.1,2153.94,2154.58,721
2024-09-12 01:00:00,2154.58,2155.46,2151.55,2151.68,399
2024-09-12 02:00:00,2151.68,2151.75,2148.97,2150.3,958
2024-09-12 03:00:00,2150.3,2152.93,2149.97,2152.36,402
2024-09-12 04:00:00,2152.36,2156.91,2151.52,2156.84,323
2024-09-12 05:00:00,2156.84,2157.96,2156.45,2157.77,548
2024-09-12 06:00:00,2157.77,2158.63,2157.45,2158.5,977
2024-09-12 07:00:00,2158.5,2158.96,2156.2,2156.72,227
2024-09-12 08:00:00,2156.72,2158.06,2156.18,2157.84,361
2024-09-12 09:00:00,2157.84,2158.48,2156.87,2157.22,630
2024-09-12 10:00:00,2157.22,2157.82,2155.25,2155.43,961
2024-09-12 11:00:00,2155.43,2156.57,2154.68,2155.7,266
2024-09-12 12:00:00,2155.7,2155.97,2151.87,2152.19,285
2024-09-12 13:00:00,2152.19,2155.22,2151.9,2154.38,813
2024-09-12 14:00:00,2154.38,2154.74,2152.81,2153.31,721
2024-09-12 15:00:00,2153.31,2154.19,2153.09,2153.62,610
2024-09-12 16:00:00,2153.62,2156.11,2152.82,2155.83,448
2024-09-12 17:00:00,2155.83,2156.54,2155.6,2156.09,138
2024-09-12 18:00:00,2156.09,2158.3,2155.48,2157.59,561
2024-09-12 19:00:00,2157.59,2161.25,2157.45,2160.51,459
2024-09-12 20:00:00,2160.51,2160.6,2160.17,2160.59,278
2024-09-12 21:00:00,2160.59,2160.79,2159.59,2159.61,715
2024-09-12 22:00:00,2159.61,2163.96,2159.4,2163.74,940
2024-09-12 23:00:00,2163.74,2164.49,2163.2,2164.15,787
2024-09-13 00:00:00,2164.15,2167.71,2163.89,2167.14,645
2024-09-13 01:00:00,2167.14,2169.5,2166.92,2169.15,614
2024-09-13 02:00:00,2169.15,2172.5,2169.14,2172.41,466
2024-09-13 03:00:00,2172.41,2172.89,2170.21,2170.43,384
2024-09-13 04:00:00,2170.43,2173.2,2170.11,2172.82,869
2024-09-13 05:00:00,2172.82,2173.16,2172.77,2173.03,126
2024-09-13 06:00:00,2173.03,2176.58,2173.02,2176.31,156
2024-09-13 07:00:00,2176.31,2180.16,2175.7,2179.53,780
2024-09-13 08:00:00,2179.53,2182.67,2179.25,2182.18,905
2024-09-13 09:00:00,2182.18,2183.92,2181.65,2183.5,950
2024-09-13 10:00:00,2183.5,2184.16,2179.62,2179.68,881
2024-09-13 11:00:00,2179.68,2183.17,2179.26,2182.36,877
2024-09-13 12:00:00,2182.36,2183.14,2180.89,2180.94,150
2024-09-13 13:00:00,2180.94,2181.45,2178.65,2178.96,621
2024-09-13 14:00:00,2178.96,2179.11,2177.49,2178.34,995
2024-09-13 15:00:00,2178.34,2181.68,2177.9,2181.09,794
2024-09-13 16:00:00,2181.09,2181.44,2180.56,2180.74,474
2024-09-13 17:00:00,2180.74,2180.75,2180.28,2180.6,757
2024-09-13 18:00:00,2180.6,2180.77,2179.21,2179.74,737
2024-09-13 19:00:00,2179.74,2180.72,2178.95,2180.14,241
2024-09-13 20:00:00,2180.14,2182.09,2179.87,2181.9,994
2024-09-13 21:00:00,2181.9,2182.44,2180.52,2181.05,174
2024-09-13 22:00:00,2181.05,2181.48,2177.88,2178.89,705
2024-09-13 23:00:00,2178.89,2179.39,2175.88,2176.21,653
2024-09-16 00:00:00,2176.21,2178.2,2175.68,2177.06,487
2024-09-16 01:00:00,2177.06,2177.33,2174.35,2176.25,506
2024-09-16 02:00:00,2176.25,2176.4,2172.0,2172.35,507
2024-09-16 03:00:00,2172.35,2178.77,2171.44,2178.05,404
2024-09-16 04:00:00,2178.05,2178.23,2177.19,2177.5,802
2024-09-16 05:00:00,2177.5,2177.52,2176.21,2176.4,500
2024-09-16 06:00:00,2176.4,2177.09,2175.97,2176.46,889
2024-09-16 07:00:00,2176.46,2177.2,2175.87,2176.11,892
2024-09-16 08:00:00,2176.11,2176.37,2175.41,2175.73,452
2024-09-16 09:00:00,2175.73,2178.38,2174.85,2177.55,482
2024-09-16 10:00:00,2177.55,2177.7,2174.73,2175.2,999
2024-09-16 11:00:00,2175.2,2176.88,2175.03,2176.52,707
2024-09-16 12:00:00,2176.52,2177.02,2175.42,2176.33,870
2024-09-16 13:00:00,2176.33,2176.52,2175.38,2175.65,725
2024-09-16 14:00:00,2175.65,2175.78,2175.46,2175.49,791
2024-09-16 15:00:00,2175.49,2176.62,2174.95,2175.39,275
2024-09-16 16:00:00,2175.39,2178.61,2174.68,2178.07,718
2024-09-16 17:00:00,2178.07,2182.62,2177.31,2181.91,504
2024-09-16 18:00:00,2181.91,2182.37,2177.08,2177.29,574
2024-09-16 19:00:00,2177.29,2177.46,2175.16,2175.43,700
2024-09-16 20:00:00,2175.43,2176.94,2175.31,2176.92,443
2024-09-16 21:00:00,2176.92,2177.34,2175.53,2176.42,373
2024-09-16 22:00:00,2176.42,2179.13,2176.18,2178.88,946
2024-09-16 23:00:00,2178.88,2178.99,2176.45,2176.73,508
2024-09-17 00:00:00,2176.73,2177.56,2175.98,2176.06,966
2024-09-17 01:00:00,2176.06,2177.46,2175.99,2177.05,112
2024-09-17 02:00:00,2177.05,2177.7,2174.19,2174.44,858
2024-09-17 03:00:00,2174.44,2174.72,2173.08,2173.71,113
2024-09-17 04:00:00,2173.71,2174.79,2172.9,2174.23,394
2024-09-17 05:00:00,2174.23,2175.27,2174.21,2174.52,930
2024-09-17 06:00:00,2174.52,2174.84,2170.99,2172.0,713
2024-09-17 07:00:00,2172.0,2172.43,2168.43,2168.66,774
2024-09-17 08:00:00,2168.66,2168.82,2168.28,2168.65,103
2024-09-17 09:00:00,2168.65,2169.74,2167.98,2169.4,389
2024-09-17 10:00:00,2169.4,2170.54,2168.44,2170.2,536
2024-09-17 11:00:00,2170.2,2171.26,2170.16,2170.97,929
2024-09-17 12:00:00,2170.97,2173.88,2170.32,2173.74,637
2024-09-17 13:00:00,2173.74,2175.28,2172.43,2175.03,429
2024-09-17 14:00:00,2175.03,2175.25,2173.6,2173.67,506
2024-09-17 15:00:00,2173.67,2174.33,2171.57,2171.91,246
2024-09-17 16:00:00,2171.91,2173.15,2171.85,2173.05,107
2024-09-17 17:00:00,2173.05,2173.6,2172.49,2172.6,668
2024-09-17 18:00:00,2172.6,2173.76,2172.13,2173.27,298
2024-09-17 19:00:00,2173.27,2174.35,2172.34,2174.02,261
2024-09-17 20:00:00,2174.02,2175.28,2171.92,2172.22,100
2024-09-17 21:00:00,2172.22,2173.85,2171.94,2172.48,783
2024-09-17 22:00:00,2172.48,2173.49,2172.47,2173.03,469
2024-09-17 23:00:00,2173.03,2174.79,2168.93,2169.26,827
2024-09-18 00:00:00,2169.26,2169.54,2165.23,2165.32,457
2024-09-18 01:00:00,2165.32,2165.5,2163.04,2163.08,811
2024-09-18 02:00:00,2163.08,2164.48,2162.33,2164.02,506
2024-09-18 03:00:00,2164.02,2164.78,2161.71,2161.92,179
2024-09-18 04:00:00,2161.92,2164.22,2161.59,2164.04,902
2024-09-18 05:00:00,2164.04,2165.06,2162.81,2162.86,651
2024-09-18 06:00:00,2162.86,2166.41,2161.55,2166.1,614
2024-09-18 07:00:00,2166.1,2166.3,2163.46,2164.32,547
2024-09-18 08:00:00,2164.32,2164.78,2162.78,2162.93,465
2024-09-18 09:00:00,2162.93,2165.24,2162.92,2165.19,962
2024-09-18 10:00:00,2165.19,2165.36,2164.63,2164.79,779
2024-09-18 11:00:00,2164.79,2165.36,2163.3,2164.65,330
2024-09-18 12:00:00,2164.65,2167.38,2164.2,2167.34,680
2024-09-18 13:00:00,2167.34,2168.9,2167.23,2168.75,582
2024-09-18 14:00:00,2168.75,2169.58,2166.49,2166.79,555
2024-09-18 15:00:00,2166.79,2171.46,2166.62,2170.35,767
2024-09-18 16:00:00,2170.35,2173.94,2170.31,2173.67,805
2024-09-18 17:00:00,2173.67,2174.26,2173.03,2173.31,525
2024-09-18 18:00:00,2173.31,2174.26,2169.88,2170.2,175
2024-09-18 19:00:00,2170.2,2170.87,2169.66,2170.62,940
2024-09-18 20:00:00,2170.62,2172.37,2170.38,2172.13,464
2024-09-18 21:00:00,2172.13,2172.71,2170.81,2171.56,761
2024-09-18 22:00:00,2171.56,2172.02,2168.62,2168.66,302
2024-09-18 23:00:00,2168.66,2173.01,2168.19,2171.58,618
2024-09-19 00:00:00,2171.58,2172.44,2170.87,2170.97,948
2024-09-19 01:00:00,2170.97,2171.0,2169.51,2169.88,443
2024-09-19 02:00:00,2169.88,2170.11,2164.96,2166.05,534
2024-09-19 03:00:00,2166.05,2170.82,2165.72,2170.77,352
2024-09-19 04:00:00,2170.77,2172.32,2170.62,2172.24,422
2024-09-19 05:00:00,2172.24,2178.62,2172.13,2178.24,554
2024-09-19 06:00:00,2178.24,2178.39,2176.86,2177.28,949
2024-09-19 07:00:00,2177.28,2180.35,2176.87,2180.18,483
2024-09-19 08:00:00,2180.18,2182.73,2179.85,2182.19,646
2024-09-19 09:00:00,2182.19,2183.5,2181.96,2182.91,395
2024-09-19 10:00:00,2182.91,2184.02,2181.56,2183.63,309
2024-09-19 11:00:00,2183.63,2184.42,2183.38,2184.25,804
2024-09-19 12:00:00,2184.25,2184.42,2182.29,2182.68,844
2024-09-19 13:00:00,2182.68,2183.47,2182.45,2183.28,829
2024-09-19 14:00:00,2183.28,2183.69,2182.98,2183.54,801
2024-09-19 15:00:00,2183.54,2185.05,2183.48,2184.95,234
2024-09-19 16:00:00,2184.95,2185.03,2183.47,2184.06,112
2024-09-19 17:00:00,2184.06,2184.31,2183.16,2183.94,304
2024-09-19 18:00:00,2183.94,2185.52,2183.12,2185.41,888
2024-09-19 19:00:00,2185.41,2186.28,2183.15,2183.74,835
2024-09-19 20:00:00,2183.74,2187.48,2183.5,2187.0,652
2024-09-19 21:00:00,2187.0,2188.53,2186.89,2188.41,665
2024-09-19 22:00:00,2188.41,2189.67,2187.37,2189.16,975
2024-09-19 23:00:00,2189.16,2190.39,2189.12,2190.36,852
2024-09-20 00:00:00,2190.36,2191.87,2190.35,2191.63,199
2024-09-20 01:00:00,2191.63,2200.15,2191.48,2199.3,261
2024-09-20 02:00:00,2199.3,2203.47,2198.97,2203.12,294
2024-09-20 03:00:00,2203.12,2205.28,2202.97,2203.85,164
2024-09-20 04:00:00,2203.85,2204.83,2203.53,2204.01,917
2024-09-20 05:00:00,2204.01,2204.56,2203.86,2204.34,634
2024-09-20 06:00:00,2204.34,2209.58,2204.32,2208.83,605
2024-09-20 07:00:00,2208.83,2209.17,2205.05,2205.1,531
2024-09-20 08:00:00,2205.1,2205.25,2204.09,2204.42,131
2024-09-20 09:00:00,2204.42,2204.79,2203.75,2203.86,319
2024-09-20 10:00:00,2203.86,2203.87,2199.83,2200.52,592
2024-09-20 11:00:00,2200.52,2200.84,2196.84,2196.99,792
2024-09-20 12:00:00,2196.99,2197.05,2194.8,2194.9,854
2024-09-20 13:00:00,2194.9,2196.01,2193.86,2195.38,210
2024-09-20 14:00:00,2195.38,2195.41,2193.78,2193.96,905
2024-09-20 15:00:00,2193.96,2194.15,2192.9,2193.44,428
2024-09-20 16:00:00,2193.44,2195.55,2193.34,2194.9,188
2024-09-20 17:00:00,2194.9,2196.49,2194.1,2196.24,278
2024-09-20 18:00:00,2196.24,2198.03,2196.09,2198.01,370
2024-09-20 19:00:00,2198.01,2198.22,2194.68,2194.9,678
2024-09-20 20:00:00,2194.9,2195.76,2194.31,2194.47,911
2024-09-20 21:00:00,2194.47,2195.1,2193.2,2193.53,712
2024-09-20 22:00:00,2193.53,2193.79,2192.89,2193.19,385
2024-09-20 23:00:00,2193.19,2193.35,2189.58,2189.71,680
2024-09-23 00:00:00,2189.71,2192.1,2189.43,2191.34,716
2024-09-23 01:00:00,2191.34,2191.96,2191.12,2191.2,746
2024-09-23 02:00:00,2191.2,2194.03,2190.85,2193.05,988
2024-09-23 03:00:00,2193.05,2193.75,2192.17,2193.15,968
2024-09-23 04:00:00,2193.15,2193.16,2190.25,2191.18,786
2024-09-23 05:00:00,2191.18,2191.42,2188.24,2188.62,143
2024-09-23 06:00:00,2188.62,2188.71,2185.77,2185.85,672
2024-09-23 07:00:00,2185.85,2186.25,2185.37,2185.98,113
2024-09-23 08:00:00,2185.98,2187.28,2185.5,2187.1,347
2024-09-23 09:00:00,2187.1,2188.14,2184.27,2184.73,193
2024-09-23 10:00:00,2184.73,2184.82,2181.5,2181.55,723
2024-09-23 11:00:00,2181.55,2185.58,2181.28,2184.91,713
2024-09-23 12:00:00,2184.91,2185.41,2184.23,2185.11,299
2024-09-23 13:00:00,2185.11,2187.32,2184.66,2187.3,750
2024-09-23 14:00:00,2187.3,2187.46,2184.97,2185.65,480
2024-09-23 15:00:00,2185.65,2188.77,2185.57,2188.66,176
2024-09-23 16:00:00,2188.66,2188.75,2187.24,2187.26,691
2024-09-23 17:00:00,2187.26,2188.85,2187.19,2188.17,410
2024-09-23 18:00:00,2188.17,2192.0,2187.67,2191.91,803
2024-09-23 19:00:00,2191.91,2192.24,2191.34,2192.19,217
2024-09-23 20:00:00,2192.19,2194.74,2192.19,2193.94,877
2024-09-23 21:00:00,2193.94,2196.51,2193.76,2196.42,740
2024-09-23 22:00:00,2196.42,2196.71,2195.36,2195.6,483
2024-09-23 23:00:00,2195.6,2200.49,2195.54,2200.06,542
2024-09-24 00:00:00,2200.06,2200.26,2199.71,2200.04,660
2024-09-24 01:00:00,2200.04,2200.51,2199.35,2199.59,172
2024-09-24 02:00:00,2199.59,2200.64,2198.24,2200.08,881
2024-09-24 03:00:00,2200.08,2200.66,2198.02,2198.8,355
2024-09-24 04:00:00,2198.8,2199.51,2197.18,2197.35,751
2024-09-24 05:00:00,2197.35,2199.72,2197.05,2199.68,390
2024-09-24 06:00:00,2199.68,2200.61,2199.46,2200.61,888
2024-09-24 07:00:00,2200.61,2201.6,2199.94,2201.05,176
2024-09-24 08:00:00,2201.05,2201.2,2200.4,2200.59,579
2024-09-24 09:00:00,2200.59,2200.93,2198.13,2198.35,937
2024-09-24 10:00:00,2198.35,2199.03,2197.06,2197.46,187
2024-09-24 11:00:00,2197.46,2199.6,2196.96,2199.41,359
2024-09-24 12:00:00,2199.41,2199.42,2197.94,2198.02,788
2024-09-24 13:00:00,2198.02,2198.33,2196.11,2196.23,119
2024-09-24 14:00:00,2196.23,2196.9,2195.42,2196.53,762
2024-09-24 15:00:00,2196.53,2200.96,2196.44,2200.78,736
2024-09-24 16:00:00,2200.78,2202.85,2200.34,2202.63,535
2024-09-24 17:00:00,2202.63,2205.62,2201.42,2205.37,377
2024-09-24 18:00:00,2205.37,2206.02,2205.16,2205.31,848
2024-09-24 19:00:00,2205.31,2205.42,2204.37,2204.97,627
2024-09-24 20:00:00,2204.97,2208.07,2204.43,2207.78,793
2024-09-24 21:00:00,2207.78,2208.38,2206.77,2207.06,189
2024-09-24 22:00:00,2207.06,2207.65,2206.75,2207.3,805
2024-09-24 23:00:00,2207.3,2208.23,2206.97,2207.77,494
2024-09-25 00:00:00,2207.77,2207.89,2207.03,2207.51,164
2024-09-25 01:00:00,2207.51,2208.69,2204.9,2205.08,310
2024-09-25 02:00:00,2205.08,2205.71,2204.98,2205.53,523
2024-09-25 03:00:00,2205.53,2206.65,2204.78,2206.57,516
2024-09-25 04:00:00,2206.57,2208.37,2206.43,2207.6,303
2024-09-25 05:00:00,2207.6,2208.1,2205.75,2206.25,417
2024-09-25 06:00:00,2206.25,2207.9,2205.82,2207.52,615
2024-09-25 07:00:00,2207.52,2210.76,2206.85,2210.39,408
2024-09-25 08:00:00,2210.39,2210.57,2207.83,2208.48,1000
2024-09-25 09:00:00,2208.48,2208.62,2206.91,2207.68,469
2024-09-25 10:00:00,2207.68,2209.33,2207.65,2209.18,198
2024-09-25 11:00:00,2209.18,2210.12,2208.46,2209.98,155
2024-09-25 12:00:00,2209.98,2211.26,2209.89,2210.54,507
2024-09-25 13:00:00,2210.54,2210.85,2209.92,2210.15,595
2024-09-25 14:00:00,2210.15,2210.59,2207.11,2207.36,803
2024-09-25 15:00:00,2207.36,2207.5,2207.29,2207.32,302
2024-09-25 16:00:00,2207.32,2207.4,2205.19,2205.37,443
2024-09-25 17:00:00,2205.37,2205.37,2202.98,2203.47,607
2024-09-25 18:00:00,2203.47,2203.56,2201.01,2201.65,820
2024-09-25 19:00:00,2201.65,2202.02,2200.31,2201.14,942
2024-09-25 20:00:00,2201.14,2202.85,2201.0,2202.54,760
2024-09-25 21:00:00,2202.54,2202.55,2200.11,2201.94,142
2024-09-25 22:00:00,2201.94,2204.15,2201.64,2203.58,135
2024-09-25 23:00:00,2203.58,2206.72,2203.23,2206.52,428
2024-09-26 00:00:00,2206.52,2206.89,2206.48,2206.6,843
2024-09-26 01:00:00,2206.6,2207.07,2204.53,2205.43,925
2024-09-26 02:00:00,2205.43,2205.71,2200.09,2200.16,972
2024-09-26 03:00:00,2200.16,2200.42,2199.47,2200.04,678
2024-09-26 04:00:00,2200.04,2200.16,2198.15,2198.97,493
2024-09-26 05:00:00,2198.97,2199.44,2195.95,2196.45,756
2024-09-26 06:00:00,2196.45,2200.34,2196.37,2199.97,933
2024-09-26 07:00:00,2199.97,2200.44,2198.5,2198.79,373
2024-09-26 08:00:00,2198.79,2199.14,2195.27,2195.83,424
2024-09-26 09:00:00,2195.83,2197.96,2195.51,2197.22,391
2024-09-26 10:00:00,2197.22,2197.34,2196.28,2196.47,980
2024-09-26 11:00:00,2196.47,2197.11,2194.22,2194.37,922
2024-09-26 12:00:00,2194.37,2194.8,2192.52,2192.88,976
2024-09-26 13:00:00,2192.88,2192.95,2191.28,2191.65,299
2024-09-26 14:00:00,2191.65,2191.76,2187.86,2187.91,220
2024-09-26 15:00:00,2187.91,2187.91,2184.15,2184.5,239
2024-09-26 16:00:00,2184.5,2185.96,2184.49,2185.92,890
2024-09-26 17:00:00,2185.92,2186.58,2182.16,2182.76,248
2024-09-26 18:00:00,2182.76,2184.47,2182.76,2183.87,720
2024-09-26 19:00:00,2183.87,2185.2,2183.74,2184.63,458
2024-09-26 20:00:00,2184.63,2185.59,2184.46,2184.82,794
2024-09-26 21:00:00,2184.82,2185.83,2184.47,2185.64,755
2024-09-26 22:00:00,2185.64,2187.1,2185.0,2186.88,334
2024-09-26 23:00:00,2186.88,2186.98,2182.81,2182.86,747
2024-09-27 00:00:00,2182.86,2182.89,2182.59,2182.68,897
2024-09-27 01:00:00,2182.68,2182.69,2180.42,2181.19,786
2024-09-27 02:00:00,2181.19,2181.53,2179.99,2180.73,520
2024-09-27 03:00:00,2180.73,2181.48,2178.71,2179.61,467
2024-09-27 04:00:00,2179.61,2180.27,2179.5,2180.1,454
2024-09-27 05:00:00,2180.1,2180.41,2178.58,2179.12,151
2024-09-27 06:00:00,2179.12,2181.06,2178.24,2180.83,246
2024-09-27 07:00:00,2180.83,2181.83,2179.0,2179.31,858
2024-09-27 08:00:00,2179.31,2179.55,2176.45,2176.96,217
2024-09-27 09:00:00,2176.96,2178.39,2176.91,2178.2,333
2024-09-27 10:00:00,2178.2,2178.61,2176.68,2177.38,692
2024-09-27 11:00:00,2177.38,2177.46,2175.84,2176.16,372
2024-09-27 12:00:00,2176.16,2177.44,2173.81,2174.28,586
2024-09-27 13:00:00,2174.28,2175.55,2170.94,2171.21,249
2024-09-27 14:00:00,2171.21,2172.23,2170.62,2171.88,661
2024-09-27 15:00:00,2171.88,2172.81,2170.51,2171.2,461
2024-09-27 16:00:00,2171.2,2172.01,2166.07,2167.04,604
2024-09-27 17:00:00,2167.04,2167.44,2164.79,2165.09,290
2024-09-27 18:00:00,2165.09,2165.95,2164.74,2165.92,932
2024-09-27 19:00:00,2165.92,2166.07,2165.58,2165.66,126
2024-09-27 20:00:00,2165.66,2165.74,2164.28,2164.55,755
2024-09-27 21:00:00,2164.55,2167.08,2163.55,2166.6,248
2024-09-27 22:00:00,2166.6,2166.61,2165.65,2165.79,374
2024-09-27 23:00:00,2165.79,2166.04,2165.49,2165.97,517
2024-09-30 00:00:00,2165.97,2166.77,2164.33,2164.63,268
2024-09-30 01:00:00,2164.63,2165.56,2161.98,2162.33,886
2024-09-30 02:00:00,2162.33,2162.47,2161.26,2161.94,740
2024-09-30 03:00:00,2161.94,2162.91,2161.77,2162.66,539
2024-09-30 04:00:00,2162.66,2163.66,2162.37,2163.18,432
2024-09-30 05:00:00,2163.18,2166.81,2163.04,2166.13,888
2024-09-30 06:00:00,2166.13,2167.05,2165.71,2166.61,112
2024-09-30 07:00:00,2166.61,2166.97,2165.64,2166.3,719
2024-09-30 08:00:00,2166.3,2167.54,2165.68,2166.69,551
2024-09-30 09:00:00,2166.69,2166.99,2166.22,2166.72,899
2024-09-30 10:00:00,2166.72,2168.17,2166.31,2168.08,820
2024-09-30 11:00:00,2168.08,2168.78,2167.19,2168.16,227
2024-09-30 12:00:00,2168.16,2168.7,2166.76,2167.22,745
2024-09-30 13:00:00,2167.22,2167.61,2165.56,2165.58,770
2024-09-30 14:00:00,2165.58,2165.66,2159.36,2159.51,553
2024-09-30 15:00:00,2159.51,2159.98,2156.81,2156.82,202
2024-09-30 16:00:00,2156.82,2156.96,2154.73,2154.94,954
2024-09-30 17:00:00,2154.94,2156.07,2153.0,2153.26,254
2024-09-30 18:00:00,2153.26,2159.05,2151.65,2158.39,301
2024-09-30 19:00:00,2158.39,2158.71,2157.45,2157.78,358
2024-09-30 20:00:00,2157.78,2160.12,2157.25,2159.83,960
2024-09-30 21:00:00,2159.83,2164.25,2159.28,2163.81,574
2024-09-30 22:00:00,2163.81,2165.45,2163.49,2165.29,542
2024-09-30 23:00:00,2165.29,2166.1,2165.25,2165.73,592
2024-10-01 00:00:00,2165.73,2167.35,2165.2,2167.29,655
2024-10-01 01:00:00,2167.29,2167.59,2164.95,2165.24,642
2024-10-01 02:00:00,2165.24,2165.7,2165.2,2165.34,578
2024-10-01 03:00:00,2165.34,2168.06,2165.1,2167.63,640
2024-10-01 04:00:00,2167.63,2169.87,2166.55,2169.64,823
2024-10-01 05:00:00,2169.64,2170.59,2169.53,2169.57,545
2024-10-01 06:00:00,2169.57,2169.59,2169.27,2169.31,925
2024-10-01 07:00:00,2169.31,2170.31,2167.19,2167.82,107
2024-10-01 08:00:00,2167.82,2168.11,2165.06,2165.33,231
2024-10-01 09:00:00,2165.33,2166.0,2162.58,2162.68,847
2024-10-01 10:00:00,2162.68,2164.23,2161.87,2164.1,261
2024-10-01 11:00:00,2164.1,2168.22,2163.7,2167.64,346
2024-10-01 12:00:00,2167.64,2168.28,2167.29,2167.34,697
2024-10-01 13:00:00,2167.34,2172.34,2167.0,2171.78,558
2024-10-01 14:00:00,2171.78,2172.05,2169.89,2170.32,393
2024-10-01 15:00:00,2170.32,2170.87,2170.14,2170.64,270
2024-10-01 16:00:00,2170.64,2173.06,2170.48,2173.04,324
2024-10-01 17:00:00,2173.04,2173.68,2171.39,2172.11,358
2024-10-01 18:00:00,2172.11,2172.38,2169.69,2170.22,452
2024-10-01 19:00:00,2170.22,2170.5,2165.89,2165.96,702
2024-10-01 20:00:00,2165.96,2166.57,2160.36,2161.2,841
2024-10-01 21:00:00,2161.2,2165.05,2160.79,2164.81,804
2024-10-01 22:00:00,2164.81,2165.39,2164.61,2165.28,328
2024-10-01 23:00:00,2165.28,2167.68,2164.42,2167.25,890
2024-10-02 00:00:00,2167.25,2169.06,2167.15,2168.53,767
2024-10-02 01:00:00,2168.53,2170.79,2168.47,2170.2,601
2024-10-02 02:00:00,2170.2,2172.24,2169.73,2171.33,670
2024-10-02 03:00:00,2171.33,2172.26,2170.68,2170.84,276
2024-10-02 04:00:00,2170.84,2171.59,2170.18,2171.19,897
2024-10-02 05:00:00,2171.19,2171.68,2170.49,2171.6,911
2024-10-02 06:00:00,2171.6,2172.58,2171.41,2172.28,728
2024-10-02 07:00:00,2172.28,2172.87,2169.69,2169.97,686
2024-10-02 08:00:00,2169.97,2170.52,2166.89,2167.12,228
2024-10-02 09:00:00,2167.12,2167.59,2166.93,2167.08,620
2024-10-02 10:00:00,2167.08,2168.13,2165.36,2165.7,212
2024-10-02 11:00:00,2165.7,2167.2,2165.37,2167.01,659
2024-10-02 12:00:00,2167.01,2168.01,2166.53,2167.59,971
2024-10-02 13:00:00,2167.59,2174.08,2167.32,2173.81,801
2024-10-02 14:00:00,2173.81,2174.5,2172.96,2173.31,313
2024-10-02 15:00:00,2173.31,2173.78,2172.8,2173.07,944
2024-10-02 16:00:00,2173.07,2175.8,2172.7,2175.7,190
2024-10-02 17:00:00,2175.7,2176.06,2174.16,2174.5,580
2024-10-02 18:00:00,2174.5,2176.63,2174.06,2176.31,894
2024-10-02 19:00:00,2176.31,2179.93,2175.36,2179.47,427
2024-10-02 20:00:00,2179.47,2179.58,2177.53,2178.28,916
2024-10-02 21:00:00,2178.28,2178.49,2176.66,2176.67,959
2024-10-02 22:00:00,2176.67,2176.82,2172.88,2173.18,257
2024-10-02 23:00:00,2173.18,2176.43,2173.03,2176.28,640
2024-10-03 00:00:00,2176.28,2181.96,2176.08,2181.9,228
2024-10-03 01:00:00,2181.9,2183.8,2181.11,2183.27,454
2024-10-03 02:00:00,2183.27,2184.61,2182.93,2183.87,108
2024-10-03 03:00:00,2183.87,2186.35,2183.81,2185.9,408
2024-10-03 04:00:00,2185.9,2186.07,2184.13,2184.2,889
2024-10-03 05:00:00,2184.2,2184.71,2182.5,2183.49,505
2024-10-03 06:00:00,2183.49,2184.39,2179.53,2179.87,970
2024-10-03 07:00:00,2179.87,2180.45,2178.6,2178.72,913
2024-10-03 08:00:00,2178.72,2178.83,2177.36,2177.55,898
2024-10-03 09:00:00,2177.55,2177.65,2176.02,2176.38,139
2024-10-03 10:00:00,2176.38,2176.79,2175.06,2175.12,884
2024-10-03 11:00:00,2175.12,2178.64,2174.9,2177.95,116
2024-10-03 12:00:00,2177.95,2178.69,2175.31,2175.54,787
2024-10-03 13:00:00,2175.54,2175.59,2173.24,2173.37,624
2024-10-03 14:00:00,2173.37,2174.19,2172.02,2172.5,401
2024-10-03 15:00:00,2172.5,2173.19,2168.96,2169.69,946
2024-10-03 16:00:00,2169.69,2169.99,2167.14,2168.03,296
2024-10-03 17:00:00,2168.03,2168.94,2166.37,2166.55,603
2024-10-03 18:00:00,2166.55,2166.75,2161.1,2161.78,531
2024-10-03 19:00:00,2161.78,2163.98,2161.18,2163.39,422
2024-10-03 20:00:00,2163.39,2164.82,2163.04,2163.94,871
2024-10-03 21:00:00,2163.94,2164.16,2162.21,2162.42,177
2024-10-03 22:00:00,2162.42,2163.84,2162.17,2163.76,207
2024-10-03 23:00:00,2163.76,2166.4,2162.42,2165.93,406
2024-10-04 00:00:00,2165.93,2166.75,2165.5,2166.48,315
2024-10-04 01:00:00,2166.48,2166.73,2165.8,2166.71,908
2024-10-04 02:00:00,2166.71,2167.07,2165.77,2165.99,752
2024-10-04 03:00:00,2165.99,2166.56,2162.57,2162.89,943
2024-10-04 04:00:00,2162.89,2163.11,2162.54,2162.84,161
2024-10-04 05:00:00,2162.84,2163.63,2162.72,2163.0,380
2024-10-04 06:00:00,2163.0,2163.98,2162.36,2163.89,493
2024-10-04 07:00:00,2163.89,2164.15,2163.32,2163.54,130
2024-10-04 08:00:00,2163.54,2166.48,2162.09,2166.21,288
2024-10-04 09:00:00,2166.21,2166.37,2166.0,2166.23,935
2024-10-04 10:00:00,2166.23,2166.56,2166.04,2166.26,426
2024-10-04 11:00:00,2166.26,2169.69,2166.02,2169.42,295
2024-10-04 12:00:00,2169.42,2169.62,2167.28,2168.17,619
2024-10-04 13:00:00,2168.17,2168.25,2163.63,2163.78,959
2024-10-04 14:00:00,2163.78,2163.9,2161.74,2162.12,493
2024-10-04 15:00:00,2162.12,2162.86,2161.46,2162.59,516
2024-10-04 16:00:00,2162.59,2163.4,2155.93,2156.72,561
2024-10-04 17:00:00,2156.72,2158.83,2156.17,2158.11,646
2024-10-04 18:00:00,2158.11,2160.0,2157.24,2159.98,160
2024-10-04 19:00:00,2159.98,2160.14,2157.15,2158.07,460
2024-10-04 20:00:00,2158.07,2158.19,2156.81,2157.22,427
2024-10-04 21:00:00,2157.22,2160.18,2157.07,2159.82,483
2024-10-04 22:00:00,2159.82,2159.87,2157.02,2157.13,176
2024-10-04 23:00:00,2157.13,2157.86,2154.87,2154.9,120
2024-10-07 00:00:00,2154.9,2159.39,2154.36,2159.25,846
2024-10-07 01:00:00,2159.25,2159.66,2156.95,2157.38,366
2024-10-07 02:00:00,2157.38,2157.57,2156.57,2157.13,251
2024-10-07 03:00:00,2157.13,2158.91,2156.29,2158.54,426
2024-10-07 04:00:00,2158.54,2159.12,2157.54,2158.7,308
2024-10-07 05:00:00,2158.7,2161.61,2158.49,2161.28,938
2024-10-07 06:00:00,2161.28,2161.35,2157.54,2158.03,267
2024-10-07 07:00:00,2158.03,2159.46,2157.72,2159.25,775
2024-10-07 08:00:00,2159.25,2162.14,2158.35,2161.93,159
2024-10-07 09:00:00,2161.93,2162.8,2160.76,2160.92,870
2024-10-07 10:00:00,2160.92,2161.67,2160.28,2160.35,418
2024-10-07 11:00:00,2160.35,2161.0,2159.06,2159.23,730
2024-10-07 12:00:00,2159.23,2159.75,2157.29,2157.39,333
2024-10-07 13:00:00,2157.39,2158.16,2156.29,2156.8,193
2024-10-07 14:00:00,2156.8,2157.59,2155.88,2156.38,583
2024-10-07 15:00:00,2156.38,2157.08,2152.19,2152.46,252
2024-10-07 16:00:00,2152.46,2152.81,2152.4,2152.71,767
2024-10-07 17:00:00,2152.71,2155.47,2151.59,2155.13,812
2024-10-07 18:00:00,2155.13,2155.37,2154.41,2154.53,226
2024-10-07 19:00:00,2154.53,2154.53,2151.47,2152.11,110
2024-10-07 20:00:00,2152.11,2152.94,2150.56,2151.25,508
2024-10-07 21:00:00,2151.25,2151.6,2150.77,2150.83,245
2024-10-07 22:00:00,2150.83,2151.0,2149.58,2149.91,129
2024-10-07 23:00:00,2149.91,2151.56,2149.44,2150.49,544
2024-10-08 00:00:00,2150.49,2150.66,2148.63,2149.13,474
2024-10-08 01:00:00,2149.13,2150.67,2148.78,2150.51,326
2024-10-08 02:00:00,2150.51,2151.01,2150.06,2150.51,802
2024-10-08 03:00:00,2150.51,2151.26,2148.7,2149.16,323
2024-10-08 04:00:00,2149.16,2149.21,2145.51,2146.39,892
2024-10-08 05:00:00,2146.39,2146.75,2143.94,2144.37,816
2024-10-08 06:00:00,2144.37,2145.05,2143.19,2143.7,536
2024-10-08 07:00:00,2143.7,2144.33,2143.69,2143.88,348
2024-10-08 08:00:00,2143.88,2144.63,2143.48,2143.66,551
2024-10-08 09:00:00,2143.66,2144.39,2142.02,2142.38,684
2024-10-08 10:00:00,2142.38,2145.17,2141.72,2144.78,557
2024-10-08 11:00:00,2144.78,2146.4,2144.74,2145.05,481
2024-10-08 12:00:00,2145.05,2145.69,2144.63,2145.4,532
2024-10-08 13:00:00,2145.4,2145.7,2145.24,2145.3,662
2024-10-08 14:00:00,2145.3,2147.0,2144.85,2146.63,128
2024-10-08 15:00:00,2146.63,2146.85,2142.82,2143.09,282
2024-10-08 16:00:00,2143.09,2143.71,2142.9,2143.36,564
2024-10-08 17:00:00,2143.36,2143.51,2141.29,2141.71,921
2024-10-08 18:00:00,2141.71,2146.92,2140.9,2146.36,527
2024-10-08 19:00:00,2146.36,2146.73,2145.85,2145.91,831
2024-10-08 20:00:00,2145.91,2149.6,2145.51,2148.58,792
2024-10-08 21:00:00,2148.58,2150.91,2147.91,2150.49,578
2024-10-08 22:00:00,2150.49,2151.1,2148.53,2148.91,522
2024-10-08 23:00:00,2148.91,2149.24,2147.66,2148.06,325
2024-10-09 00:00:00,2148.06,2152.84,2148.05,2152.02,438
2024-10-09 01:00:00,2152.02,2154.98,2151.66,2154.66,359
2024-10-09 02:00:00,2154.66,2154.68,2151.58,2151.68,537
2024-10-09 03:00:00,2151.68,2152.36,2149.85,2150.41,798
2024-10-09 04:00:00,2150.41,2151.23,2146.68,2146.82,796
2024-10-09 05:00:00,2146.82,2147.73,2146.63,2147.44,554
2024-10-09 06:00:00,2147.44,2149.67,2147.06,2148.35,923
2024-10-09 07:00:00,2148.35,2148.82,2147.16,2147.24,620
2024-10-09 08:00:00,2147.24,2147.88,2145.02,2145.68,904
2024-10-09 09:00:00,2145.68,2146.2,2142.21,2143.03,543
2024-10-09 10:00:00,2143.03,2143.34,2141.75,2142.31,592
2024-10-09 11:00:00,2142.31,2146.36,2142.26,2145.78,795
2024-10-09 12:00:00,2145.78,2146.0,2144.32,2144.75,181
2024-10-09 13:00:00,2144.75,2147.31,2144.56,2146.79,319
2024-10-09 14:00:00,2146.79,2148.91,2146.48,2148.86,232
2024-10-09 15:00:00,2148.86,2150.62,2148.74,2150.06,800
2024-10-09 16:00:00,2150.06,2150.17,2149.2,2149.44,106
2024-10-09 17:00:00,2149.44,2152.22,2149.38,2151.56,124
2024-10-09 18:00:00,2151.56,2152.01,2147.57,2148.11,802
2024-10-09 19:00:00,2148.11,2148.36,2146.64,2147.52,570
2024-10-09 20:00:00,2147.52,2149.12,2147.29,2148.43,483
2024-10-09 21:00:00,2148.43,2148.55,2147.6,2147.71,367
2024-10-09 22:00:00,2147.71,2148.3,2146.21,2146.46,507
2024-10-09 23:00:00,2146.46,2147.17,2146.27,2146.72,646
2024-10-10 00:00:00,2146.72,2146.76,2143.75,2144.15,988
2024-10-10 01:00:00,2144.15,2147.36,2143.96,2147.11,312
2024-10-10 02:00:00,2147.11,2148.27,2141.54,2141.86,919
2024-10-10 03:00:00,2141.86,2142.64,2141.09,2141.18,904
2024-10-10 04:00:00,2141.18,2141.78,2139.99,2140.26,234
2024-10-10 05:00:00,2140.26,2140.8,2138.81,2139.43,689
2024-10-10 06:00:00,2139.43,2139.58,2137.1,2137.8,460
2024-10-10 07:00:00,2137.8,2138.63,2137.21,2138.14,188
2024-10-10 08:00:00,2138.14,2139.39,2137.66,2139.29,669
2024-10-10 09:00:00,2139.29,2139.73,2139.07,2139.27,347
2024-10-10 10:00:00,2139.27,2139.43,2138.87,2139.37,154
2024-10-10 11:00:00,2139.37,2140.28,2139.03,2139.37,785
2024-10-10 12:00:00,2139.37,2139.45,2138.01,2138.63,877
2024-10-10 13:00:00,2138.63,2139.47,2138.12,2138.89,866
2024-10-10 14:00:00,2138.89,2139.54,2133.34,2133.56,271
2024-10-10 15:00:00,2133.56,2133.94,2130.88,2130.92,433
2024-10-10 16:00:00,2130.92,2132.23,2128.85,2129.37,415
2024-10-10 17:00:00,2129.37,2134.47,2129.31,2133.88,726
2024-10-10 18:00:00,2133.88,2134.1,2129.76,2130.64,213
2024-10-10 19:00:00,2130.64,2130.82,2129.97,2130.38,465
2024-10-10 20:00:00,2130.38,2130.78,2130.36,2130.58,453
2024-10-10 21:00:00,2130.58,2136.15,2129.77,2136.13,498
2024-10-10 22:00:00,2136.13,2136.77,2133.24,2134.12,862
2024-10-10 23:00:00,2134.12,2134.73,2133.93,2134.0,836
2024-10-11 00:00:00,2134.0,2134.71,2133.82,2133.91,790
2024-10-11 01:00:00,2133.91,2136.66,2133.8,2136.53,713
2024-10-11 02:00:00,2136.53,2138.66,2136.35,2137.01,348
2024-10-11 03:00:00,2137.01,2137.35,2136.91,2137.01,577
2024-10-11 04:00:00,2137.01,2137.02,2133.18,2133.27,817
2024-10-11 05:00:00,2133.27,2133.48,2130.33,2132.03,316
2024-10-11 06:00:00,2132.03,2132.45,2131.85,2132.15,506
2024-10-11 07:00:00,2132.15,2133.11,2131.76,2132.63,721
2024-10-11 08:00:00,2132.63,2134.65,2132.6,2134.31,630
2024-10-11 09:00:00,2134.31,2134.41,2132.63,2132.73,290
2024-10-11 10:00:00,2132.73,2135.96,2132.56,2135.83,610
2024-10-11 11:00:00,2135.83,2136.67,2134.84,2135.36,452
2024-10-11 12:00:00,2135.36,2136.78,2132.34,2132.83,707
2024-10-11 13:00:00,2132.83,2132.87,2131.81,2132.02,943
2024-10-11 14:00:00,2132.02,2132.8,2128.26,2129.18,415
2024-10-11 15:00:00,2129.18,2129.86,2127.06,2127.43,701
2024-10-11 16:00:00,2127.43,2128.4,2126.83,2126.87,105
2024-10-11 17:00:00,2126.87,2126.98,2126.35,2126.52,848
2024-10-11 18:00:00,2126.52,2126.71,2123.33,2124.35,726
2024-10-11 19:00:00,2124.35,2125.61,2124.07,2125.42,156
2024-10-11 20:00:00,2125.42,2128.86,2125.16,2127.65,788
2024-10-11 21:00:00,2127.65,2128.46,2120.96,2121.87,628
2024-10-11 22:00:00,2121.87,2122.73,2121.1,2122.38,100
2024-10-11 23:00:00,2122.38,2124.75,2122.24,2123.93,699
2024-10-14 00:00:00,2123.93,2127.06,2123.89,2126.72,312
2024-10-14 01:00:00,2126.72,2128.94,2126.24,2128.94,340
2024-10-14 02:00:00,2128.94,2129.05,2128.1,2128.23,173
2024-10-14 03:00:00,2128.23,2129.68,2127.73,2129.17,453
2024-10-14 04:00:00,2129.17,2129.67,2127.02,2128.01,937
2024-10-14 05:00:00,2128.01,2128.19,2125.55,2125.76,735
2024-10-14 06:00:00,2125.76,2131.55,2125.57,2131.08,532
2024-10-14 07:00:00,2131.08,2131.91,2130.63,2131.34,453
2024-10-14 08:00:00,2131.34,2132.72,2130.78,2132.18,421
2024-10-14 09:00:00,2132.18,2132.21,2130.62,2131.35,868
2024-10-14 10:00:00,2131.35,2131.83,2131.12,2131.22,761
2024-10-14 11:00:00,2131.22,2132.3,2130.73,2131.2,378
2024-10-14 12:00:00,2131.2,2134.71,2130.54,2134.54,697
2024-10-14 13:00:00,2134.54,2137.64,2134.08,2137.01,371
2024-10-14 14:00:00,2137.01,2138.98,2136.17,2138.74,783
2024-10-14 15:00:00,2138.74,2139.07,2135.78,2136.13,216
2024-10-14 16:00:00,2136.13,2136.47,2132.41,2132.7,599
2024-10-14 17:00:00,2132.7,2133.59,2132.41,2133.13,701
2024-10-14 18:00:00,2133.13,2133.58,2131.26,2132.21,447
2024-10-14 19:00:00,2132.21,2135.02,2131.83,2134.48,466
2024-10-14 20:00:00,2134.48,2135.34,2133.95,2135.28,675
2024-10-14 21:00:00,2135.28,2136.55,2134.92,2136.47,952
2024-10-14 22:00:00,2136.47,2138.23,2133.51,2134.69,863
2024-10-14 23:00:00,2134.69,2136.45,2134.55,2136.18,462
2024-10-15 00:00:00,2136.18,2136.81,2133.1,2133.44,662
2024-10-15 01:00:00,2133.44,2133.67,2130.47,2130.97,833
2024-10-15 02:00:00,2130.97,2131.42,2129.72,2130.12,191
2024-10-15 03:00:00,2130.12,2130.66,2128.52,2128.54,214
2024-10-15 04:00:00,2128.54,2136.16,2128.26,2135.44,566
2024-10-15 05:00:00,2135.44,2136.65,2135.11,2136.47,857
2024-10-15 06:00:00,2136.47,2136.87,2132.89,2133.63,205
2024-10-15 07:00:00,2133.63,2134.59,2131.76,2132.38,355
2024-10-15 08:00:00,2132.38,2134.72,2131.35,2134.5,868
2024-10-15 09:00:00,2134.5,2134.67,2133.2,2133.84,866
2024-10-15 10:00:00,2133.84,2134.54,2132.56,2132.96,237
2024-10-15 11:00:00,2132.96,2136.34,2132.57,2136.16,339
2024-10-15 12:00:00,2136.16,2138.79,2135.72,2138.28,604
2024-10-15 13:00:00,2138.28,2138.8,2135.84,2136.56,269
2024-10-15 14:00:00,2136.56,2136.61,2134.24,2134.32,269
2024-10-15 15:00:00,2134.32,2136.06,2134.22,2136.01,131
2024-10-15 16:00:00,2136.01,2136.5,2135.38,2135.47,161
2024-10-15 17:00:00,2135.47,2135.78,2132.33,2132.52,937
2024-10-15 18:00:00,2132.52,2132.92,2131.58,2132.21,345
2024-10-15 19:00:00,2132.21,2133.83,2132.14,2133.74,312
2024-10-15 20:00:00,2133.74,2138.54,2132.63,2138.24,787
2024-10-15 21:00:00,2138.24,2141.16,2138.01,2140.92,964
2024-10-15 22:00:00,2140.92,2142.23,2139.47,2142.19,687
2024-10-15 23:00:00,2142.19,2144.73,2141.84,2144.4,133
2024-10-16 00:00:00,2144.4,2144.71,2144.17,2144.18,938
2024-10-16 01:00:00,2144.18,2144.59,2143.14,2143.49,254
2024-10-16 02:00:00,2143.49,2146.77,2143.37,2145.9,906
2024-10-16 03:00:00,2145.9,2147.31,2145.25,2146.81,484
2024-10-16 04:00:00,2146.81,2149.11,2146.21,2148.68,232
2024-10-16 05:00:00,2148.68,2148.73,2143.89,2144.03,322
2024-10-16 06:00:00,2144.03,2146.92,2143.44,2146.04,836
2024-10-16 07:00:00,2146.04,2146.2,2143.53,2144.47,672
2024-10-16 08:00:00,2144.47,2146.61,2144.3,2146.51,255
2024-10-16 09:00:00,2146.51,2148.63,2146.07,2148.16,570
2024-10-16 10:00:00,2148.16,2148.7,2147.36,2147.58,472
2024-10-16 11:00:00,2147.58,2147.76,2145.19,2145.7,874
2024-10-16 12:00:00,2145.7,2146.08,2143.28,2143.55,186
2024-10-16 13:00:00,2143.55,2145.25,2143.04,2144.72,969
2024-10-16 14:00:00,2144.72,2149.22,2144.2,2148.9,841
2024-10-16 15:00:00,2148.9,2149.18,2145.31,2145.38,384
2024-10-16 16:00:00,2145.38,2147.59,2145.03,2147.57,976
2024-10-16 17:00:00,2147.57,2148.05,2145.06,2145.47,781
2024-10-16 18:00:00,2145.47,2145.56,2144.49,2145.23,675
2024-10-16 19:00:00,2145.23,2145.27,2144.08,2144.1,885
2024-10-16 20:00:00,2144.1,2148.41,2143.9,2148.2,765
2024-10-16 21:00:00,2148.2,2150.3,2147.92,2150.05,729
2024-10-16 22:00:00,2150.05,2150.34,2149.08,2149.19,197
2024-10-16 23:00:00,2149.19,2152.98,2148.9,2152.81,585
2024-10-17 00:00:00,2152.81,2152.87,2150.19,2150.4,253
2024-10-17 01:00:00,2150.4,2151.1,2150.27,2150.83,103
2024-10-17 02:00:00,2150.83,2150.92,2148.52,2149.65,899
2024-10-17 03:00:00,2149.65,2150.18,2149.38,2149.99,620
2024-10-17 04:00:00,2149.99,2150.18,2148.1,2148.72,391
2024-10-17 05:00:00,2148.72,2152.76,2148.31,2151.73,811
2024-10-17 06:00:00,2151.73,2154.36,2151.21,2153.62,569
2024-10-17 07:00:00,2153.62,2154.2,2151.41,2151.98,646
2024-10-17 08:00:00,2151.98,2152.26,2150.23,2151.04,881
2024-10-17 09:00:00,2151.04,2151.97,2147.9,2148.35,497
2024-10-17 10:00:00,2148.35,2149.21,2146.71,2148.73,137
2024-10-17 11:00:00,2148.73,2149.17,2148.49,2148.89,677
2024-10-17 12:00:00,2148.89,2149.34,2143.75,2144.15,769
2024-10-17 13:00:00,2144.15,2144.21,2143.93,2143.94,218
2024-10-17 14:00:00,2143.94,2144.07,2141.53,2141.75,954
2024-10-17 15:00:00,2141.75,2142.64,2140.89,2142.51,400
2024-10-17 16:00:00,2142.51,2142.76,2140.83,2141.09,863
2024-10-17 17:00:00,2141.09,2142.36,2140.12,2141.19,277
2024-10-17 18:00:00,2141.19,2141.44,2138.26,2138.64,963
2024-10-17 19:00:00,2138.64,2139.06,2137.53,2138.06,360
2024-10-17 20:00:00,2138.06,2141.41,2138.01,2141.33,977
2024-10-17 21:00:00,2141.33,2144.03,2141.04,2143.66,138
2024-10-17 22:00:00,2143.66,2143.98,2143.31,2143.53,271
2024-10-17 23:00:00,2143.53,2144.17,2140.27,2140.82,798
2024-10-18 00:00:00,2140.82,2141.41,2138.4,2138.62,659
2024-10-18 01:00:00,2138.62,2139.23,2138.01,2138.67,697
2024-10-18 02:00:00,2138.67,2138.88,2137.22,2137.31,715
2024-10-18 03:00:00,2137.31,2137.36,2136.12,2136.43,767
2024-10-18 04:00:00,2136.43,2137.37,2135.49,2135.53,676
2024-10-18 05:00:00,2135.53,2135.54,2130.27,2130.34,414
2024-10-18 06:00:00,2130.34,2130.75,2130.13,2130.39,285
2024-10-18 07:00:00,2130.39,2133.91,2130.06,2132.77,369
2024-10-18 08:00:00,2132.77,2135.47,2131.72,2135.15,907
2024-10-18 09:00:00,2135.15,2135.52,2132.14,2132.63,306
2024-10-18 10:00:00,2132.63,2133.6,2132.42,2133.49,877
2024-10-18 11:00:00,2133.49,2135.65,2133.2,2135.33,699
2024-10-18 12:00:00,2135.33,2137.96,2134.99,2137.8,735
2024-10-18 13:00:00,2137.8,2139.34,2137.75,2138.94,613
2024-10-18 14:00:00,2138.94,2139.69,2138.61,2139.08,178
2024-10-18 15:00:00,2139.08,2139.43,2138.69,2138.96,194
2024-10-18 16:00:00,2138.96,2139.36,2138.41,2138.83,895
2024-10-18 17:00:00,2138.83,2139.89,2138.73,2139.74,743
2024-10-18 18:00:00,2139.74,2139.92,2138.05,2138.1,998
2024-10-18 19:00:00,2138.1,2143.06,2137.82,2141.52,511
2024-10-18 20:00:00,2141.52,2142.5,2141.11,2142.08,485
2024-10-18 21:00:00,2142.08,2142.41,2140.04,2140.07,428
2024-10-18 22:00:00,2140.07,2143.27,2139.56,2143.11,247
2024-10-18 23:00:00,2143.11,2145.0,2143.11,2144.87,291
2024-10-21 00:00:00,2144.87,2146.56,2144.61,2145.6,250
2024-10-21 01:00:00,2145.6,2146.47,2140.85,2141.54,168
2024-10-21 02:00:00,2141.54,2141.66,2139.74,2139.94,218
2024-10-21 03:00:00,2139.94,2140.73,2138.41,2138.83,724
2024-10-21 04:00:00,2138.83,2140.56,2138.53,2140.09,430
2024-10-21 05:00:00,2140.09,2140.36,2138.97,2139.53,835
2024-10-21 06:00:00,2139.53,2139.68,2134.21,2135.1,453
2024-10-21 07:00:00,2135.1,2135.3,2133.95,2134.16,289
2024-10-21 08:00:00,2134.16,2134.21,2133.36,2133.49,572
2024-10-21 09:00:00,2133.49,2134.42,2132.51,2132.62,661
2024-10-21 10:00:00,2132.62,2137.31,2131.86,2136.63,133
2024-10-21 11:00:00,2136.63,2137.88,2135.88,2137.24,583
2024-10-21 12:00:00,2137.24,2137.45,2134.29,2134.72,257
2024-10-21 13:00:00,2134.72,2137.2,2134.19,2137.05,735
2024-10-21 14:00:00,2137.05,2137.76,2132.32,2132.37,953
2024-10-21 15:00:00,2132.37,2132.57,2129.92,2130.18,612
2024-10-21 16:00:00,2130.18,2130.35,2128.15,2128.76,638
2024-10-21 17:00:00,2128.76,2129.2,2126.89,2127.52,406
2024-10-21 18:00:00,2127.52,2127.56,2124.56,2125.61,519
2024-10-21 19:00:00,2125.61,2125.66,2125.42,2125.46,169
2024-10-21 20:00:00,2125.46,2127.12,2125.4,2126.63,163
2024-10-21 21:00:00,2126.63,2127.09,2123.01,2123.92,660
2024-10-21 22:00:00,2123.92,2124.16,2122.64,2123.12,925
2024-10-21 23:00:00,2123.12,2123.19,2122.75,2122.76,744
2024-10-22 00:00:00,2122.76,2124.46,2122.35,2124.44,665
2024-10-22 01:00:00,2124.44,2124.65,2123.6,2124.07,227
2024-10-22 02:00:00,2124.07,2127.21,2122.86,2126.37,877
2024-10-22 03:00:00,2126.37,2126.89,2125.4,2125.77,461
2024-10-22 04:00:00,2125.77,2126.15,2122.39,2123.78,544
2024-10-22 05:00:00,2123.78,2124.5,2123.61,2124.21,853
2024-10-22 06:00:00,2124.21,2124.62,2123.56,2123.65,229
2024-10-22 07:00:00,2123.65,2126.96,2123.31,2126.94,835
2024-10-22 08:00:00,2126.94,2127.24,2125.32,2125.56,413
2024-10-22 09:00:00,2125.56,2127.25,2124.94,2126.74,181
2024-10-22 10:00:00,2126.74,2128.59,2125.95,2128.3,123
2024-10-22 11:00:00,2128.3,2128.82,2124.98,2125.02,978
2024-10-22 12:00:00,2125.02,2127.15,2124.84,2126.98,699
2024-10-22 13:00:00,2126.98,2129.35,2126.65,2128.77,247
2024-10-22 14:00:00,2128.77,2129.34,2126.49,2126.79,358
2024-10-22 15:00:00,2126.79,2127.45,2126.45,2127.25,994
2024-10-22 16:00:00,2127.25,2127.45,2127.0,2127.31,798
2024-10-22 17:00:00,2127.31,2128.7,2127.23,2128.26,461
2024-10-22 18:00:00,2128.26,2128.7,2126.49,2127.75,495
2024-10-22 19:00:00,2127.75,2130.38,2127.36,2129.97,434
2024-10-22 20:00:00,2129.97,2130.54,2125.37,2125.71,864
2024-10-22 21:00:00,2125.71,2125.74,2123.08,2123.23,543
2024-10-22 22:00:00,2123.23,2123.69,2119.26,2119.94,699
2024-10-22 23:00:00,2119.94,2122.69,2119.49,2122.19,306
2024-10-23 00:00:00,2122.19,2124.77,2121.88,2123.86,409
2024-10-23 01:00:00,2123.86,2124.13,2123.38,2123.49,708
2024-10-23 02:00:00,2123.49,2124.48,2122.83,2124.4,237
2024-10-23 03:00:00,2124.4,2124.69,2123.88,2124.38,443
2024-10-23 04:00:00,2124.38,2126.95,2123.52,2126.41,899
2024-10-23 05:00:00,2126.41,2127.15,2122.29,2122.61,308
2024-10-23 06:00:00,2122.61,2126.27,2122.37,2125.68,514
2024-10-23 07:00:00,2125.68,2126.14,2122.76,2123.47,470
2024-10-23 08:00:00,2123.47,2123.98,2120.14,2120.21,436
2024-10-23 09:00:00,2120.21,2121.42,2118.92,2119.34,348
2024-10-23 10:00:00,2119.34,2120.08,2111.68,2112.63,105
2024-10-23 11:00:00,2112.63,2112.79,2111.11,2111.77,252
2024-10-23 12:00:00,2111.77,2113.89,2111.13,2113.07,483
2024-10-23 13:00:00,2113.07,2117.23,2113.05,2116.45,976
2024-10-23 14:00:00,2116.45,2116.64,2114.55,2114.61,758
2024-10-23 15:00:00,2114.61,2114.75,2110.83,2110.92,121
2024-10-23 16:00:00,2110.92,2111.08,2110.04,2110.13,332
2024-10-23 17:00:00,2110.13,2110.93,2109.92,2110.63,676
2024-10-23 18:00:00,2110.63,2112.72,2109.57,2112.43,795
2024-10-23 19:00:00,2112.43,2112.46,2111.81,2112.39,189
2024-10-23 20:00:00,2112.39,2113.09,2111.98,2112.96,229
2024-10-23 21:00:00,2112.96,2113.12,2112.62,2113.0,946
2024-10-23 22:00:00,2113.0,2115.3,2112.63,2114.32,218
2024-10-23 23:00:00,2114.32,2116.5,2113.84,2116.4,116
2024-10-24 00:00:00,2116.4,2116.6,2110.46,2110.64,250
2024-10-24 01:00:00,2110.64,2110.94,2109.51,2110.12,344
2024-10-24 02:00:00,2110.12,2110.25,2109.79,2110.06,759
2024-10-24 03:00:00,2110.06,2110.89,2109.64,2110.41,302
2024-10-24 04:00:00,2110.41,2111.89,2110.27,2111.3,251
2024-10-24 05:00:00,2111.3,2114.51,2111.3,2114.39,547
2024-10-24 06:00:00,2114.39,2116.36,2114.0,2115.85,366
2024-10-24 07:00:00,2115.85,2116.77,2115.51,2116.31,361
2024-10-24 08:00:00,2116.31,2116.89,2116.18,2116.32,107
2024-10-24 09:00:00,2116.32,2116.73,2111.88,2112.1,271
2024-10-24 10:00:00,2112.1,2112.3,2108.4,2108.41,225
2024-10-24 11:00:00,2108.41,2108.74,2107.27,2107.59,464
2024-10-24 12:00:00,2107.59,2111.6,2107.38,2111.55,847
2024-10-24 13:00:00,2111.55,2111.6,2109.59,2110.08,249
2024-10-24 14:00:00,2110.08,2110.99,2109.1,2110.63,251
2024-10-24 15:00:00,2110.63,2110.76,2107.68,2108.21,116
2024-10-24 16:00:00,2108.21,2108.31,2105.81,2106.31,834
2024-10-24 17:00:00,2106.31,2106.33,2106.18,2106.31,262
2024-10-24 18:00:00,2106.31,2108.77,2105.86,2108.66,903
2024-10-24 19:00:00,2108.66,2109.66,2106.39,2106.77,245
2024-10-24 20:00:00,2106.77,2108.45,2106.56,2107.97,379
2024-10-24 21:00:00,2107.97,2108.66,2106.32,2106.62,783
2024-10-24 22:00:00,2106.62,2109.27,2106.08,2109.18,404
2024-10-24 23:00:00,2109.18,2109.33,2106.84,2108.04,306
2024-10-25 00:00:00,2108.04,2108.65,2107.09,2107.21,108
2024-10-25 01:00:00,2107.21,2107.57,2105.53,2105.88,567
2024-10-25 02:00:00,2105.88,2105.95,2104.93,2105.68,481
2024-10-25 03:00:00,2105.68,2105.85,2102.0,2102.52,779
2024-10-25 04:00:00,2102.52,2103.41,2101.22,2101.86,116
2024-10-25 05:00:00,2101.86,2105.67,2101.02,2105.52,564
2024-10-25 06:00:00,2105.52,2105.81,2103.4,2103.47,156
2024-10-25 07:00:00,2103.47,2104.31,2102.73,2104.23,626
2024-10-25 08:00:00,2104.23,2104.57,2103.28,2104.37,782
2024-10-25 09:00:00,2104.37,2105.01,2103.43,2103.92,173
2024-10-25 10:00:00,2103.92,2106.07,2103.42,2105.95,635
2024-10-25 11:00:00,2105.95,2107.07,2099.62,2100.51,540
2024-10-25 12:00:00,2100.51,2101.05,2098.09,2098.23,620
2024-10-25 13:00:00,2098.23,2098.89,2097.41,2097.47,771
2024-10-25 14:00:00,2097.47,2098.53,2096.9,2097.35,552
2024-10-25 15:00:00,2097.35,2097.96,2097.27,2097.77,796
2024-10-25 16:00:00,2097.77,2097.81,2097.28,2097.63,691
2024-10-25 17:00:00,2097.63,2098.08,2096.45,2097.21,242
2024-10-25 18:00:00,2097.21,2098.1,2096.95,2097.75,485
2024-10-25 19:00:00,2097.75,2097.8,2096.64,2097.18,500
2024-10-25 20:00:00,2097.18,2097.9,2096.4,2097.65,368
2024-10-25 21:00:00,2097.65,2097.77,2092.94,2093.42,184
2024-10-25 22:00:00,2093.42,2097.59,2092.93,2096.66,272
2024-10-25 23:00:00,2096.66,2097.2,2095.98,2097.14,757
2024-10-28 00:00:00,2097.14,2097.55,2095.87,2096.2,957
2024-10-28 01:00:00,2096.2,2099.03,2095.82,2098.39,369
2024-10-28 02:00:00,2098.39,2098.95,2098.24,2098.44,107
2024-10-28 03:00:00,2098.44,2098.49,2097.34,2097.78,658
2024-10-28 04:00:00,2097.78,2097.82,2095.56,2095.88,404
2024-10-28 05:00:00,2095.88,2096.08,2095.54,2095.57,789
2024-10-28 06:00:00,2095.57,2096.91,2095.04,2096.04,769
2024-10-28 07:00:00,2096.04,2096.82,2095.4,2095.45,167
2024-10-28 08:00:00,2095.45,2096.51,2095.32,2096.12,692
2024-10-28 09:00:00,2096.12,2096.22,2093.47,2093.78,611
2024-10-28 10:00:00,2093.78,2094.89,2090.67,2091.21,396
2024-10-28 11:00:00,2091.21,2092.3,2090.73,2091.78,108
2024-10-28 12:00:00,2091.78,2093.4,2091.6,2093.31,420
2024-10-28 13:00:00,2093.31,2094.41,2092.64,2093.55,839
2024-10-28 14:00:00,2093.55,2093.61,2088.21,2088.34,577
2024-10-28 15:00:00,2088.34,2089.17,2086.44,2086.83,531
2024-10-28 16:00:00,2086.83,2089.12,2086.78,2088.19,471
2024-10-28 17:00:00,2088.19,2088.63,2086.63,2087.23,395
2024-10-28 18:00:00,2087.23,2087.46,2086.34,2086.58,846
2024-10-28 19:00:00,2086.58,2087.71,2086.11,2086.36,759
2024-10-28 20:00:00,2086.36,2086.52,2084.95,2085.47,829
2024-10-28 21:00:00,2085.47,2085.81,2085.11,2085.16,964
2024-10-28 22:00:00,2085.16,2085.45,2085.09,2085.39,213
2024-10-28 23:00:00,2085.39,2086.3,2085.31,2086.29,737
2024-10-29 00:00:00,2086.29,2088.98,2085.25,2088.83,763
2024-10-29 01:00:00,2088.83,2092.56,2088.65,2092.25,510
2024-10-29 02:00:00,2092.25,2094.49,2091.71,2094.14,807
2024-10-29 03:00:00,2094.14,2097.68,2093.31,2097.18,551
2024-10-29 04:00:00,2097.18,2097.35,2096.19,2096.56,514
2024-10-29 05:00:00,2096.56,2096.58,2095.4,2095.66,706
2024-10-29 06:00:00,2095.66,2095.89,2093.51,2093.76,389
2024-10-29 07:00:00,2093.76,2094.22,2090.95,2091.31,221
2024-10-29 08:00:00,2091.31,2092.87,2090.38,2092.14,829
2024-10-29 09:00:00,2092.14,2092.54,2091.54,2092.13,857
2024-10-29 10:00:00,2092.13,2093.13,2090.54,2091.09,983
2024-10-29 11:00:00,2091.09,2091.36,2090.05,2090.13,852
2024-10-29 12:00:00,2090.13,2090.64,2089.48,2089.64,328
2024-10-29 13:00:00,2089.64,2094.11,2088.92,2094.02,375
2024-10-29 14:00:00,2094.02,2095.32,2093.59,2094.29,764
2024-10-29 15:00:00,2094.29,2094.52,2093.83,2094.11,538
2024-10-29 16:00:00,2094.11,2096.52,2094.07,2095.65,419
2024-10-29 17:00:00,2095.65,2099.1,2095.57,2099.08,164
2024-10-29 18:00:00,2099.08,2102.02,2098.8,2100.8,383
2024-10-29 19:00:00,2100.8,2100.98,2097.19,2097.34,120
2024-10-29 20:00:00,2097.34,2099.35,2096.57,2099.17,327
2024-10-29 21:00:00,2099.17,2101.77,2099.1,2101.72,604
2024-10-29 22:00:00,2101.72,2103.54,2101.56,2103.28,640
2024-10-29 23:00:00,2103.28,2105.87,2102.26,2105.75,581
2024-10-30 00:00:00,2105.75,2105.88,2100.53,2100.63,794
2024-10-30 01:00:00,2100.63,2101.61,2100.1,2101.07,101
2024-10-30 02:00:00,2101.07,2104.27,2100.19,2103.29,275
2024-10-30 03:00:00,2103.29,2103.45,2101.83,2102.03,958
2024-10-30 04:00:00,2102.03,2104.28,2101.49,2103.24,100
2024-10-30 05:00:00,2103.24,2103.63,2100.2,2100.6,934
2024-10-30 06:00:00,2100.6,2104.7,2100.46,2104.64,172
2024-10-30 07:00:00,2104.64,2104.8,2103.83,2104.6,688
2024-10-30 08:00:00,2104.6,2108.4,2104.51,2107.59,863
2024-10-30 09:00:00,2107.59,2107.65,2106.0,2106.31,482
2024-10-30 10:00:00,2106.31,2108.55,2105.29,2108.33,549
2024-10-30 11:00:00,2108.33,2110.96,2108.07,2110.58,234
2024-10-30 12:00:00,2110.58,2111.54,2110.27,2111.06,774
2024-10-30 13:00:00,2111.06,2111.56,2110.79,2111.44,694
2024-10-30 14:00:00,2111.44,2111.64,2110.4,2111.12,866
2024-10-30 15:00:00,2111.12,2111.36,2106.37,2106.54,797
2024-10-30 16:00:00,2106.54,2106.9,2103.43,2103.9,810
2024-10-30 17:00:00,2103.9,2108.63,2103.01,2107.56,152
2024-10-30 18:00:00,2107.56,2110.79,2106.45,2110.35,988
2024-10-30 19:00:00,2110.35,2111.8,2109.82,2111.34,996
2024-10-30 20:00:00,2111.34,2112.72,2110.52,2112.58,436
2024-10-30 21:00:00,2112.58,2113.27,2112.39,2112.7,396
2024-10-30 22:00:00,2112.7,2113.15,2110.86,2111.25,768
2024-10-30 23:00:00,2111.25,2113.76,2110.83,2113.3,410
2024-10-31 00:00:00,2113.3,2116.91,2112.81,2116.58,647
2024-10-31 01:00:00,2116.58,2116.98,2115.53,2115.84,565
2024-10-31 02:00:00,2115.84,2116.63,2115.59,2116.1,408
2024-10-31 03:00:00,2116.1,2116.41,2114.21,2114.51,135
2024-10-31 04:00:00,2114.51,2115.19,2113.8,2114.98,419
2024-10-31 05:00:00,2114.98,2118.52,2114.5,2117.91,509
2024-10-31 06:00:00,2117.91,2119.61,2117.65,2118.76,666
2024-10-31 07:00:00,2118.76,2118.89,2117.0,2117.18,473
2024-10-31 08:00:00,2117.18,2117.36,2114.69,2115.38,254
2024-10-31 09:00:00,2115.38,2119.1,2115.0,2118.25,106
2024-10-31 10:00:00,2118.25,2119.31,2118.15,2118.32,786
2024-10-31 11:00:00,2118.32,2119.13,2116.54,2116.88,530
2024-10-31 12:00:00,2116.88,2117.47,2116.69,2117.32,145
2024-10-31 13:00:00,2117.32,2117.61,2112.1,2112.54,809
2024-10-31 14:00:00,2112.54,2114.19,2112.53,2113.26,571
2024-10-31 15:00:00,2113.26,2113.31,2112.2,2112.87,385
2024-10-31 16:00:00,2112.87,2113.5,2110.18,2111.29,425
2024-10-31 17:00:00,2111.29,2112.17,2110.79,2111.76,462
2024-10-31 18:00:00,2111.76,2112.23,2111.16,2111.52,636
2024-10-31 19:00:00,2111.52,2112.2,2109.2,2109.47,533
2024-10-31 20:00:00,2109.47,2112.37,2109.29,2111.96,510
2024-10-31 21:00:00,2111.96,2112.43,2111.86,2112.24,245
2024-10-31 22:00:00,2112.24,2112.72,2111.87,2112.64,570
2024-10-31 23:00:00,2112.64,2114.54,2112.14,2114.35,606
2024-11-01 00:00:00,2114.35,2116.15,2113.95,2115.09,193
2024-11-01 01:00:00,2115.09,2115.33,2114.53,2115.31,762
2024-11-01 02:00:00,2115.31,2120.79,2115.3,2120.56,549
2024-11-01 03:00:00,2120.56,2120.58,2119.63,2119.81,236
2024-11-01 04:00:00,2119.81,2120.99,2118.73,2118.9,307
2024-11-01 05:00:00,2118.9,2121.55,2118.26,2121.43,613
2024-11-01 06:00:00,2121.43,2121.66,2117.02,2117.23,235
2024-11-01 07:00:00,2117.23,2117.79,2115.11,2115.39,361
2024-11-01 08:00:00,2115.39,2115.8,2113.11,2113.91,760
2024-11-01 09:00:00,2113.91,2116.68,2113.23,2116.32,317
2024-11-01 10:00:00,2116.32,2116.6,2115.88,2116.16,305
2024-11-01 11:00:00,2116.16,2117.99,2115.86,2117.25,763
2024-11-01 12:00:00,2117.25,2118.86,2116.76,2118.79,563
2024-11-01 13:00:00,2118.79,2118.88,2117.97,2118.27,114
2024-11-01 14:00:00,2118.27,2122.46,2118.04,2121.35,636
2024-11-01 15:00:00,2121.35,2125.06,2120.55,2124.79,810
2024-11-01 16:00:00,2124.79,2126.09,2124.45,2125.46,797
2024-11-01 17:00:00,2125.46,2130.18,2125.46,2129.55,139
2024-11-01 18:00:00,2129.55,2129.96,2128.94,2129.21,399
2024-11-01 19:00:00,2129.21,2130.06,2128.41,2129.48,133
2024-11-01 20:00:00,2129.48,2132.08,2128.99,2131.93,794
2024-11-01 21:00:00,2131.93,2132.93,2131.31,2132.27,803
2024-11-01 22:00:00,2132.27,2135.48,2131.4,2134.95,958
2024-11-01 23:00:00,2134.95,2135.02,2133.61,2133.89,679
2024-11-04 00:00:00,2133.89,2134.88,2133.63,2134.71,165
2024-11-04 01:00:00,2134.71,2135.33,2133.91,2135.1,453
2024-11-04 02:00:00,2135.1,2136.07,2134.68,2135.49,533
2024-11-04 03:00:00,2135.49,2139.21,2135.04,2138.87,320
2024-11-04 04:00:00,2138.87,2140.74,2138.75,2140.03,734
2024-11-04 05:00:00,2140.03,2140.77,2137.03,2138.05,614
2024-11-04 06:00:00,2138.05,2140.96,2137.96,2140.82,120
2024-11-04 07:00:00,2140.82,2141.25,2140.56,2141.23,854
2024-11-04 08:00:00,2141.23,2141.97,2141.18,2141.87,473
2024-11-04 09:00:00,2141.87,2144.49,2141.2,2143.61,616
2024-11-04 10:00:00,2143.61,2144.08,2142.72,2142.91,691
2024-11-04 11:00:00,2142.91,2148.03,2142.03,2147.94,510
2024-11-04 12:00:00,2147.94,2148.1,2146.83,2147.22,607
2024-11-04 13:00:00,2147.22,2149.34,2146.8,2149.16,975
2024-11-04 14:00:00,2149.16,2149.64,2149.08,2149.5,204
2024-11-04 15:00:00,2149.5,2152.45,2148.68,2152.45,256
2024-11-04 16:00:00,2152.45,2153.12,2152.27,2152.84,433
2024-11-04 17:00:00,2152.84,2152.99,2151.04,2151.39,478
2024-11-04 18:00:00,2151.39,2151.56,2151.03,2151.15,728
2024-11-04 19:00:00,2151.15,2151.93,2148.58,2149.21,729
2024-11-04 20:00:00,2149.21,2151.87,2148.38,2151.58,409
2024-11-04 21:00:00,2151.58,2152.81,2151.24,2152.29,795
2024-11-04 22:00:00,2152.29,2154.82,2150.96,2154.39,275
2024-11-04 23:00:00,2154.39,2154.46,2152.82,2153.38,313
2024-11-05 00:00:00,2153.38,2153.56,2152.28,2152.83,495
2024-11-05 01:00:00,2152.83,2153.35,2152.68,2152.98,295
2024-11-05 02:00:00,2152.98,2153.45,2152.87,2153.34,175
2024-11-05 03:00:00,2153.34,2156.04,2152.59,2155.92,970
2024-11-05 04:00:00,2155.92,2156.12,2153.92,2154.18,383
2024-11-05 05:00:00,2154.18,2155.94,2153.95,2155.68,330
2024-11-05 06:00:00,2155.68,2156.61,2154.91,2156.04,213
2024-11-05 07:00:00,2156.04,2156.45,2152.2,2152.77,377
2024-11-05 08:00:00,2152.77,2153.74,2150.58,2150.99,860
2024-11-05 09:00:00,2150.99,2151.56,2149.62,2150.1,781
2024-11-05 10:00:00,2150.1,2150.65,2148.83,2149.03,653
2024-11-05 11:00:00,2149.03,2150.53,2148.9,2150.43,115
2024-11-05 12:00:00,2150.43,2150.61,2149.32,2149.61,446
2024-11-05 13:00:00,2149.61,2150.37,2149.38,2150.15,376
2024-11-05 14:00:00,2150.15,2151.21,2149.28,2150.9,728
2024-11-05 15:00:00,2150.9,2151.72,2146.4,2147.12,747
2024-11-05 16:00:00,2147.12,2147.14,2143.33,2143.61,349
2024-11-05 17:00:00,2143.61,2143.85,2141.5,2141.91,113
2024-11-05 18:00:00,2141.91,2143.57,2141.54,2143.49,559
2024-11-05 19:00:00,2143.49,2148.12,2143.33,2147.81,353
2024-11-05 20:00:00,2147.81,2151.18,2147.56,2150.14,307
2024-11-05 21:00:00,2150.14,2150.41,2148.59,2149.16,753
2024-11-05 22:00:00,2149.16,2149.42,2146.44,2146.97,992
2024-11-05 23:00:00,2146.97,2147.99,2142.62,2142.78,890
2024-11-06 00:00:00,2142.78,2142.83,2141.22,2141.69,113
2024-11-06 01:00:00,2141.69,2142.29,2140.03,2140.6,646
2024-11-06 02:00:00,2140.6,2140.78,2138.85,2139.62,784
2024-11-06 03:00:00,2139.62,2140.71,2139.36,2140.7,678
2024-11-06 04:00:00,2140.7,2140.99,2137.4,2137.77,840
2024-11-06 05:00:00,2137.77,2139.36,2136.99,2139.14,841
2024-11-06 06:00:00,2139.14,2139.58,2136.32,2136.33,746
2024-11-06 07:00:00,2136.33,2139.62,2135.58,2138.94,854
2024-11-06 08:00:00,2138.94,2139.95,2138.61,2139.37,444
2024-11-06 09:00:00,2139.37,2139.9,2139.08,2139.43,747
2024-11-06 10:00:00,2139.43,2140.6,2138.15,2138.66,705
2024-11-06 11:00:00,2138.66,2139.33,2137.77,2138.37,436
2024-11-06 12:00:00,2138.37,2139.39,2136.94,2137.5,554
2024-11-06 13:00:00,2137.5,2138.0,2135.92,2136.19,620
2024-11-06 14:00:00,2136.19,2138.39,2135.72,2138.17,124
2024-11-06 15:00:00,2138.17,2138.6,2137.14,2138.19,956
2024-11-06 16:00:00,2138.19,2138.6,2137.58,2137.97,664
2024-11-06 17:00:00,2137.97,2140.35,2137.9,2139.68,415
2024-11-06 18:00:00,2139.68,2142.61,2139.55,2141.56,382
2024-11-06 19:00:00,2141.56,2141.84,2139.69,2139.79,395
2024-11-06 20:00:00,2139.79,2142.16,2139.6,2141.95,662
2024-11-06 21:00:00,2141.95,2142.65,2137.6,2137.78,979
2024-11-06 22:00:00,2137.78,2140.34,2137.15,2139.68,408
2024-11-06 23:00:00,2139.68,2140.18,2138.51,2139.32,600
2024-11-07 00:00:00,2139.32,2140.33,2138.77,2140.07,980
2024-11-07 01:00:00,2140.07,2142.05,2140.05,2141.56,135
2024-11-07 02:00:00,2141.56,2141.9,2137.79,2138.24,467
2024-11-07 03:00:00,2138.24,2138.93,2138.1,2138.93,901
2024-11-07 04:00:00,2138.93,2139.16,2134.09,2134.85,902
2024-11-07 05:00:00,2134.85,2137.16,2133.83,2136.41,133
2024-11-07 06:00:00,2136.41,2137.67,2136.19,2137.13,761
2024-11-07 07:00:00,2137.13,2137.71,2136.87,2137.23,663
2024-11-07 08:00:00,2137.23,2139.86,2136.51,2139.67,290
2024-11-07 09:00:00,2139.67,2143.05,2139.18,2142.48,294
2024-11-07 10:00:00,2142.48,2143.57,2142.24,2143.44,395
2024-11-07 11:00:00,2143.44,2148.6,2143.25,2148.2,436
2024-11-07 12:00:00,2148.2,2150.56,2148.03,2150.54,721
2024-11-07 13:00:00,2150.54,2151.13,2149.41,2150.03,127
2024-11-07 14:00:00,2150.03,2152.69,2149.3,2152.42,717
2024-11-07 15:00:00,2152.42,2152.57,2150.89,2150.93,497
2024-11-07 16:00:00,2150.93,2151.17,2149.31,2149.53,358
2024-11-07 17:00:00,2149.53,2150.34,2149.27,2150.31,878
2024-11-07 18:00:00,2150.31,2151.11,2149.54,2150.95,620
2024-11-07 19:00:00,2150.95,2151.28,2146.52,2147.15,319
2024-11-07 20:00:00,2147.15,2147.25,2140.57,2141.25,718
2024-11-07 21:00:00,2141.25,2143.36,2140.9,2143.21,575
2024-11-07 22:00:00,2143.21,2144.38,2142.68,2144.23,869
2024-11-07 23:00:00,2144.23,2146.5,2144.18,2146.1,128
2024-11-08 00:00:00,2146.1,2146.63,2144.2,2144.92,793
2024-11-08 01:00:00,2144.92,2145.82,2144.52,2145.62,749
2024-11-08 02:00:00,2145.62,2145.81,2145.09,2145.31,498
2024-11-08 03:00:00,2145.31,2146.28,2145.28,2145.98,905
2024-11-08 04:00:00,2145.98,2147.63,2145.81,2147.63,669
2024-11-08 05:00:00,2147.63,2150.34,2147.58,2149.41,541
2024-11-08 06:00:00,2149.41,2151.2,2149.0,2150.95,441
2024-11-08 07:00:00,2150.95,2151.69,2148.4,2148.77,403
2024-11-08 08:00:00,2148.77,2152.18,2148.31,2151.5,611
2024-11-08 09:00:00,2151.5,2151.92,2149.08,2149.44,604
2024-11-08 10:00:00,2149.44,2150.91,2149.13,2150.36,996
2024-11-08 11:00:00,2150.36,2151.42,2150.23,2151.36,940
2024-11-08 12:00:00,2151.36,2153.9,2150.84,2153.19,147
2024-11-08 13:00:00,2153.19,2153.89,2152.55,2153.0,155
2024-11-08 14:00:00,2153.0,2158.46,2151.84,2157.79,651
2024-11-08 15:00:00,2157.79,2158.75,2156.89,2158.53,123
2024-11-08 16:00:00,2158.53,2160.06,2158.07,2159.25,995
2024-11-08 17:00:00,2159.25,2159.8,2158.6,2159.52,867
2024-11-08 18:00:00,2159.52,2161.66,2159.32,2160.48,511
2024-11-08 19:00:00,2160.48,2161.19,2158.89,2159.0,797
2024-11-08 20:00:00,2159.0,2160.66,2158.89,2160.3,734
2024-11-08 21:00:00,2160.3,2160.36,2154.87,2155.17,652
2024-11-08 22:00:00,2155.17,2156.99,2154.26,2156.65,558
2024-11-08 23:00:00,2156.65,2160.89,2156.41,2160.79,874
2024-11-11 00:00:00,2160.79,2162.3,2160.58,2162.16,975
2024-11-11 01:00:00,2162.16,2162.57,2161.19,2161.5,934
2024-11-11 02:00:00,2161.5,2161.58,2160.35,2160.38,515
2024-11-11 03:00:00,2160.38,2161.27,2159.98,2161.1,871
2024-11-11 04:00:00,2161.1,2161.81,2158.5,2158.52,668
2024-11-11 05:00:00,2158.52,2158.73,2156.18,2156.52,529
2024-11-11 06:00:00,2156.52,2158.17,2155.65,2157.52,759
2024-11-11 07:00:00,2157.52,2158.73,2157.47,2157.94,234
2024-11-11 08:00:00,2157.94,2159.86,2157.16,2159.84,864
2024-11-11 09:00:00,2159.84,2160.14,2159.54,2159.86,418
2024-11-11 10:00:00,2159.86,2163.99,2158.83,2163.3,480
2024-11-11 11:00:00,2163.3,2163.48,2161.95,2163.2,855
2024-11-11 12:00:00,2163.2,2165.11,2162.55,2165.1,651
2024-11-11 13:00:00,2165.1,2165.41,2164.0,2164.22,742
2024-11-11 14:00:00,2164.22,2167.18,2164.2,2166.21,229
2024-11-11 15:00:00,2166.21,2166.47,2161.57,2161.84,198
2024-11-11 16:00:00,2161.84,2161.89,2159.21,2159.59,133
2024-11-11 17:00:00,2159.59,2159.74,2157.23,2157.35,912
2024-11-11 18:00:00,2157.35,2157.75,2155.45,2155.54,229
2024-11-11 19:00:00,2155.54,2155.89,2153.58,2153.97,975
2024-11-11 20:00:00,2153.97,2154.48,2153.57,2153.97,783
2024-11-11 21:00:00,2153.97,2154.29,2153.41,2153.69,949
2024-11-11 22:00:00,2153.69,2156.96,2153.34,2156.91,754
2024-11-11 23:00:00,2156.91,2156.98,2156.55,2156.73,692
2024-11-12 00:00:00,2156.73,2157.79,2156.57,2157.72,264
2024-11-12 01:00:00,2157.72,2158.08,2154.66,2154.86,479
2024-11-12 02:00:00,2154.86,2158.84,2154.37,2158.65,242
2024-11-12 03:00:00,2158.65,2159.86,2158.12,2159.56,312
2024-11-12 04:00:00,2159.56,2161.14,2159.52,2160.49,733
2024-11-12 05:00:00,2160.49,2161.61,2158.2,2158.5,452
2024-11-12 06:00:00,2158.5,2158.66,2158.04,2158.4,113
2024-11-12 07:00:00,2158.4,2158.71,2157.94,2158.34,457
2024-11-12 08:00:00,2158.34,2158.66,2157.03,2157.36,956
2024-11-12 09:00:00,2157.36,2157.67,2156.07,2157.12,380
2024-11-12 10:00:00,2157.12,2157.28,2154.12,2154.59,974
2024-11-12 11:00:00,2154.59,2154.99,2154.0,2154.3,754
2024-11-12 12:00:00,2154.3,2155.27,2154.11,2154.97,979
2024-11-12 13:00:00,2154.97,2156.72,2154.22,2156.47,499
2024-11-12 14:00:00,2156.47,2156.98,2156.18,2156.24,702
2024-11-12 15:00:00,2156.24,2156.69,2155.25,2156.54,870
2024-11-12 16:00:00,2156.54,2157.71,2155.16,2155.54,496
2024-11-12 17:00:00,2155.54,2155.85,2153.41,2153.57,761
2024-11-12 18:00:00,2153.57,2154.24,2152.94,2153.58,731
2024-11-12 19:00:00,2153.58,2156.37,2153.47,2155.99,575
2024-11-12 20:00:00,2155.99,2157.08,2155.22,2156.42,358
2024-11-12 21:00:00,2156.42,2156.49,2156.15,2156.3,575
2024-11-12 22:00:00,2156.3,2157.1,2154.37,2154.42,384
2024-11-12 23:00:00,2154.42,2154.89,2153.16,2153.18,972
2024-11-13 00:00:00,2153.18,2154.01,2152.82,2153.6,808
2024-11-13 01:00:00,2153.6,2154.55,2150.96,2151.47,234
2024-11-13 02:00:00,2151.47,2151.99,2147.91,2148.31,625
2024-11-13 03:00:00,2148.31,2150.54,2147.57,2150.5,215
2024-11-13 04:00:00,2150.5,2155.1,2149.59,2155.06,151
2024-11-13 05:00:00,2155.06,2155.24,2153.47,2154.01,729
2024-11-13 06:00:00,2154.01,2157.03,2153.78,2156.23,440
2024-11-13 07:00:00,2156.23,2156.24,2155.14,2155.47,781
2024-11-13 08:00:00,2155.47,2155.57,2155.24,2155.27,895
2024-11-13 09:00:00,2155.27,2157.27,2154.98,2157.15,750
2024-11-13 10:00:00,2157.15,2161.09,2156.71,2160.61,712
2024-11-13 11:00:00,2160.61,2163.55,2160.4,2162.3,973
2024-11-13 12:00:00,2162.3,2165.79,2161.19,2165.14,663
2024-11-13 13:00:00,2165.14,2166.58,2164.76,2165.91,174
2024-11-13 14:00:00,2165.91,2166.8,2159.51,2159.63,198
2024-11-13 15:00:00,2159.63,2159.68,2158.39,2158.9,364
2024-11-13 16:00:00,2158.9,2159.4,2156.82,2156.86,168
2024-11-13 17:00:00,2156.86,2157.23,2156.52,2156.62,882
2024-11-13 18:00:00,2156.62,2156.83,2156.55,2156.79,318
2024-11-13 19:00:00,2156.79,2156.93,2153.26,2153.98,697
2024-11-13 20:00:00,2153.98,2157.7,2152.94,2157.38,998
2024-11-13 21:00:00,2157.38,2157.55,2152.89,2153.23,297
2024-11-13 22:00:00,2153.23,2153.29,2151.25,2151.94,511
2024-11-13 23:00:00,2151.94,2152.5,2149.05,2149.1,787
2024-11-14 00:00:00,2149.1,2150.26,2148.99,2149.66,523
2024-11-14 01:00:00,2149.66,2151.23,2149.39,2150.96,432
2024-11-14 02:00:00,2150.96,2152.84,2150.2,2152.55,924
2024-11-14 03:00:00,2152.55,2152.87,2151.97,2152.35,244
2024-11-14 04:00:00,2152.35,2152.6,2151.48,2152.37,630
2024-11-14 05:00:00,2152.37,2152.39,2149.25,2150.09,287
2024-11-14 06:00:00,2150.09,2150.28,2148.15,2148.78,336
2024-11-14 07:00:00,2148.78,2152.46,2148.7,2151.47,275
2024-11-14 08:00:00,2151.47,2153.11,2151.08,2153.1,838
2024-11-14 09:00:00,2153.1,2153.29,2150.11,2150.19,442
2024-11-14 10:00:00,2150.19,2150.43,2147.14,2147.78,352
2024-11-14 11:00:00,2147.78,2149.06,2147.47,2148.66,277
2024-11-14 12:00:00,2148.66,2150.69,2148.52,2150.6,284
2024-11-14 13:00:00,2150.6,2151.67,2148.06,2148.26,219
2024-11-14 14:00:00,2148.26,2153.51,2147.8,2152.48,938
2024-11-14 15:00:00,2152.48,2155.64,2152.25,2155.08,653
2024-11-14 16:00:00,2155.08,2156.44,2154.98,2156.32,954
2024-11-14 17:00:00,2156.32,2158.1,2155.81,2157.61,770
2024-11-14 18:00:00,2157.61,2161.88,2157.52,2161.75,452
2024-11-14 19:00:00,2161.75,2162.71,2160.91,2162.67,399
2024-11-14 20:00:00,2162.67,2165.23,2162.2,2164.88,543
2024-11-14 21:00:00,2164.88,2165.15,2163.56,2163.65,927
2024-11-14 22:00:00,2163.65,2163.82,2162.17,2162.28,315
2024-11-14 23:00:00,2162.28,2162.31,2161.37,2161.43,216
2024-11-15 00:00:00,2161.43,2161.52,2158.88,2159.36,455
2024-11-15 01:00:00,2159.36,2159.68,2156.36,2156.88,154
2024-11-15 02:00:00,2156.88,2156.89,2155.07,2155.63,269
2024-11-15 03:00:00,2155.63,2157.44,2155.15,2156.42,353
2024-11-15 04:00:00,2156.42,2156.73,2155.53,2155.87,325
2024-11-15 05:00:00,2155.87,2158.47,2155.71,2158.22,502
2024-11-15 06:00:00,2158.22,2159.83,2156.97,2159.5,794
2024-11-15 07:00:00,2159.5,2160.3,2157.63,2158.33,821
2024-11-15 08:00:00,2158.33,2158.36,2157.42,2157.88,540
2024-11-15 09:00:00,2157.88,2158.16,2152.27,2152.82,601
2024-11-15 10:00:00,2152.82,2153.58,2151.51,2151.79,628
2024-11-15 11:00:00,2151.79,2152.59,2151.64,2152.26,523
2024-11-15 12:00:00,2152.26,2153.19,2152.13,2152.94,500
2024-11-15 13:00:00,2152.94,2155.57,2152.42,2155.04,798
2024-11-15 14:00:00,2155.04,2155.47,2154.65,2154.98,188
2024-11-15 15:00:00,2154.98,2159.21,2154.68,2158.67,735
2024-11-15 16:00:00,2158.67,2159.0,2156.54,2156.61,739
2024-11-15 17:00:00,2156.61,2158.02,2156.13,2157.63,605
2024-11-15 18:00:00,2157.63,2158.15,2155.88,2155.92,882
2024-11-15 19:00:00,2155.92,2156.3,2150.58,2151.2,181
2024-11-15 20:00:00,2151.2,2153.32,2150.8,2153.02,590
2024-11-15 21:00:00,2153.02,2154.53,2152.78,2154.32,327
2024-11-15 22:00:00,2154.32,2155.42,2153.79,2154.89,647
2024-11-15 23:00:00,2154.89,2155.84,2154.68,2155.2,647
2024-11-18 00:00:00,2155.2,2155.77,2153.96,2154.22,819
2024-11-18 01:00:00,2154.22,2154.48,2150.62,2150.84,260
2024-11-18 02:00:00,2150.84,2151.09,2150.27,2150.68,698
2024-11-18 03:00:00,2150.68,2153.38,2150.32,2152.99,646
2024-11-18 04:00:00,2152.99,2153.85,2147.3,2147.9,154
2024-11-18 05:00:00,2147.9,2150.83,2147.57,2150.75,789
2024-11-18 06:00:00,2150.75,2153.7,2150.56,2153.57,345
2024-11-18 07:00:00,2153.57,2155.4,2153.38,2154.75,733
2024-11-18 08:00:00,2154.75,2155.58,2154.08,2155.18,506
2024-11-18 09:00:00,2155.18,2155.52,2153.63,2153.74,335
2024-11-18 10:00:00,2153.74,2154.42,2153.68,2153.76,935
2024-11-18 11:00:00,2153.76,2154.16,2148.7,2149.47,537
2024-11-18 12:00:00,2149.47,2153.46,2149.11,2153.27,936
2024-11-18 13:00:00,2153.27,2154.07,2149.3,2149.51,231
2024-11-18 14:00:00,2149.51,2150.91,2149.32,2150.5,678
2024-11-18 15:00:00,2150.5,2150.86,2148.67,2149.08,455
2024-11-18 16:00:00,2149.08,2149.46,2148.67,2148.73,560
2024-11-18 17:00:00,2148.73,2150.53,2147.94,2150.0,912
2024-11-18 18:00:00,2150.0,2151.31,2149.29,2150.49,686
2024-11-18 19:00:00,2150.49,2151.81,2150.32,2151.57,663
2024-11-18 20:00:00,2151.57,2151.59,2149.85,2150.04,585
2024-11-18 21:00:00,2150.04,2152.79,2149.68,2152.4,406
2024-11-18 22:00:00,2152.4,2152.49,2151.12,2151.95,780
2024-11-18 23:00:00,2151.95,2152.4,2151.05,2151.39,879
2024-11-19 00:00:00,2151.39,2152.4,2151.13,2151.81,822
2024-11-19 01:00:00,2151.81,2153.16,2150.64,2152.72,876
2024-11-19 02:00:00,2152.72,2154.56,2152.64,2153.92,750
2024-11-19 03:00:00,2153.92,2154.41,2152.83,2152.84,218
2024-11-19 04:00:00,2152.84,2158.39,2152.1,2158.25,679
2024-11-19 05:00:00,2158.25,2159.6,2156.42,2157.71,629
2024-11-19 06:00:00,2157.71,2157.91,2155.59,2156.28,142
2024-11-19 07:00:00,2156.28,2156.52,2154.41,2154.52,645
2024-11-19 08:00:00,2154.52,2155.0,2151.59,2151.98,294
2024-11-19 09:00:00,2151.98,2153.95,2151.54,2153.15,527
2024-11-19 10:00:00,2153.15,2154.93,2152.83,2154.79,898
2024-11-19 11:00:00,2154.79,2154.8,2151.8,2152.34,350
2024-11-19 12:00:00,2152.34,2152.82,2147.03,2147.63,321
2024-11-19 13:00:00,2147.63,2148.43,2147.54,2148.14,980
2024-11-19 14:00:00,2148.14,2148.28,2145.38,2145.79,580
2024-11-19 15:00:00,2145.79,2147.05,2145.21,2146.08,407
2024-11-19 16:00:00,2146.08,2148.85,2145.86,2147.7,888
2024-11-19 17:00:00,2147.7,2147.97,2146.34,2146.39,100
2024-11-19 18:00:00,2146.39,2149.7,2146.15,2149.32,153
2024-11-19 19:00:00,2149.32,2149.59,2148.39,2148.73,709
2024-11-19 20:00:00,2148.73,2149.52,2143.75,2143.99,906
2024-11-19 21:00:00,2143.99,2145.5,2142.92,2145.39,461
2024-11-19 22:00:00,2145.39,2145.82,2140.7,2142.1,497
2024-11-19 23:00:00,2142.1,2142.31,2140.81,2140.85,620
2024-11-20 00:00:00,2140.85,2144.97,2140.7,2144.7,752
2024-11-20 01:00:00,2144.7,2145.07,2144.54,2144.59,370
2024-11-20 02:00:00,2144.59,2145.66,2144.3,2145.59,581
2024-11-20 03:00:00,2145.59,2149.86,2145.14,2149.55,239
2024-11-20 04:00:00,2149.55,2149.64,2145.81,2146.0,212
2024-11-20 05:00:00,2146.0,2146.9,2142.96,2143.11,118
2024-11-20 06:00:00,2143.11,2143.78,2142.99,2143.16,875
2024-11-20 07:00:00,2143.16,2143.47,2142.51,2142.84,279
2024-11-20 08:00:00,2142.84,2143.29,2139.66,2139.78,322
2024-11-20 09:00:00,2139.78,2140.11,2138.51,2139.01,582
2024-11-20 10:00:00,2139.01,2140.89,2138.77,2140.88,619
2024-11-20 11:00:00,2140.88,2142.96,2140.8,2142.25,776
2024-11-20 12:00:00,2142.25,2144.81,2141.64,2144.8,785
2024-11-20 13:00:00,2144.8,2145.78,2144.33,2145.14,330
2024-11-20 14:00:00,2145.14,2152.58,2145.11,2151.9,272
2024-11-20 15:00:00,2151.9,2152.73,2150.86,2151.03,509
2024-11-20 16:00:00,2151.03,2151.69,2150.29,2150.84,388
2024-11-20 17:00:00,2150.84,2151.69,2150.24,2151.16,104
2024-11-20 18:00:00,2151.16,2153.83,2150.56,2153.26,529
2024-11-20 19:00:00,2153.26,2153.26,2151.3,2151.91,871
2024-11-20 20:00:00,2151.91,2152.37,2151.61,2152.35,189
2024-11-20 21:00:00,2152.35,2154.29,2152.02,2154.23,499
2024-11-20 22:00:00,2154.23,2156.38,2154.23,2155.74,842
2024-11-20 23:00:00,2155.74,2157.17,2155.53,2156.66,220
2024-11-21 00:00:00,2156.66,2157.08,2155.12,2156.03,720
2024-11-21 01:00:00,2156.03,2157.23,2155.05,2156.49,643
2024-11-21 02:00:00,2156.49,2157.45,2156.29,2157.39,354
2024-11-21 03:00:00,2157.39,2157.79,2152.75,2152.89,489
2024-11-21 04:00:00,2152.89,2155.27,2152.83,2154.26,547
2024-11-21 05:00:00,2154.26,2158.26,2154.06,2158.11,306
2024-11-21 06:00:00,2158.11,2158.7,2155.53,2156.14,883
2024-11-21 07:00:00,2156.14,2157.69,2155.68,2157.38,947
2024-11-21 08:00:00,2157.38,2157.68,2156.37,2156.51,335
2024-11-21 09:00:00,2156.51,2157.59,2156.29,2157.07,611
2024-11-21 10:00:00,2157.07,2157.12,2155.6,2155.9,193
2024-11-21 11:00:00,2155.9,2156.63,2153.46,2153.71,831
2024-11-21 12:00:00,2153.71,2155.31,2153.39,2153.99,578
2024-11-21 13:00:00,2153.99,2154.42,2151.34,2151.46,157
2024-11-21 14:00:00,2151.46,2155.45,2150.85,2155.1,648
2024-11-21 15:00:00,2155.1,2155.11,2152.41,2153.03,935
2024-11-21 16:00:00,2153.03,2153.82,2150.07,2150.64,973
2024-11-21 17:00:00,2150.64,2150.72,2146.97,2147.3,669
2024-11-21 18:00:00,2147.3,2151.85,2147.26,2151.22,860
2024-11-21 19:00:00,2151.22,2151.93,2150.49,2150.52,283
2024-11-21 20:00:00,2150.52,2151.01,2148.44,2149.06,692
2024-11-21 21:00:00,2149.06,2149.23,2146.01,2146.79,349
2024-11-21 22:00:00,2146.79,2147.3,2144.09,2144.44,333
2024-11-21 23:00:00,2144.44,2145.57,2144.43,2145.0,741
2024-11-22 00:00:00,2145.0,2145.03,2142.75,2144.37,291
2024-11-22 01:00:00,2144.37,2144.77,2142.81,2143.19,586
2024-11-22 02:00:00,2143.19,2143.38,2143.01,2143.23,341
2024-11-22 03:00:00,2143.23,2143.52,2142.58,2143.44,336
2024-11-22 04:00:00,2143.44,2143.61,2140.49,2141.15,903
2024-11-22 05:00:00,2141.15,2141.35,2138.01,2139.02,164
2024-11-22 06:00:00,2139.02,2140.85,2137.96,2140.46,367
2024-11-22 07:00:00,2140.46,2141.75,2140.4,2140.94,872
2024-11-22 08:00:00,2140.94,2141.06,2138.57,2140.25,996
2024-11-22 09:00:00,2140.25,2142.91,2139.13,2142.74,450
2024-11-22 10:00:00,2142.74,2146.98,2142.72,2146.32,911
2024-11-22 11:00:00,2146.32,2147.75,2146.11,2147.17,184
2024-11-22 12:00:00,2147.17,2147.78,2147.14,2147.29,190
2024-11-22 13:00:00,2147.29,2148.29,2146.84,2148.18,615
2024-11-22 14:00:00,2148.18,2148.69,2145.34,2145.56,241
2024-11-22 15:00:00,2145.56,2146.28,2143.03,2143.68,725
2024-11-22 16:00:00,2143.68,2144.35,2141.91,2142.79,609
2024-11-22 17:00:00,2142.79,2148.53,2142.64,2148.17,574
2024-11-22 18:00:00,2148.17,2148.49,2146.24,2146.67,595
2024-11-22 19:00:00,2146.67,2147.32,2144.48,2145.53,719
2024-11-22 20:00:00,2145.53,2148.48,2144.67,2147.94,313
2024-11-22 21:00:00,2147.94,2147.95,2143.9,2144.47,359
2024-11-22 22:00:00,2144.47,2144.92,2144.39,2144.79,729
2024-11-22 23:00:00,2144.79,2145.7,2141.33,2141.98,145
2024-11-25 00:00:00,2141.98,2142.2,2139.01,2139.39,850
2024-11-25 01:00:00,2139.39,2142.44,2139.18,2141.78,684
2024-11-25 02:00:00,2141.78,2144.43,2141.08,2144.37,694
2024-11-25 03:00:00,2144.37,2144.96,2143.16,2143.22,479
2024-11-25 04:00:00,2143.22,2145.1,2142.86,2144.16,107
2024-11-25 05:00:00,2144.16,2146.13,2143.6,2145.73,184
2024-11-25 06:00:00,2145.73,2145.93,2142.64,2142.82,180
2024-11-25 07:00:00,2142.82,2143.66,2142.34,2142.92,299
2024-11-25 08:00:00,2142.92,2144.32,2142.37,2143.78,544
2024-11-25 09:00:00,2143.78,2143.9,2140.56,2141.03,342
2024-11-25 10:00:00,2141.03,2143.72,2140.97,2143.64,116
2024-11-25 11:00:00,2143.64,2143.65,2143.36,2143.5,282
2024-11-25 12:00:00,2143.5,2145.28,2143.24,2145.06,821
2024-11-25 13:00:00,2145.06,2146.87,2144.74,2146.46,216
2024-11-25 14:00:00,2146.46,2147.28,2146.44,2146.85,891
2024-11-25 15:00:00,2146.85,2147.53,2146.6,2146.67,990
2024-11-25 16:00:00,2146.67,2147.57,2143.96,2144.24,645
2024-11-25 17:00:00,2144.24,2144.95,2143.62,2144.22,176
2024-11-25 18:00:00,2144.22,2147.42,2144.19,2146.97,423
2024-11-25 19:00:00,2146.97,2147.12,2146.03,2146.33,773
2024-11-25 20:00:00,2146.33,2146.34,2141.74,2141.91,233
2024-11-25 21:00:00,2141.91,2142.85,2141.72,2142.59,176
2024-11-25 22:00:00,2142.59,2143.37,2142.31,2142.74,174
2024-11-25 23:00:00,2142.74,2145.45,2142.66,2144.6,574
2024-11-26 00:00:00,2144.6,2146.02,2144.37,2145.96,374
2024-11-26 01:00:00,2145.96,2146.21,2145.53,2145.54,192
2024-11-26 02:00:00,2145.54,2145.69,2144.27,2144.34,523
2024-11-26 03:00:00,2144.34,2144.78,2142.99,2143.21,132
2024-11-26 04:00:00,2143.21,2147.86,2143.11,2147.74,888
2024-11-26 05:00:00,2147.74,2148.35,2146.83,2148.07,326
2024-11-26 06:00:00,2148.07,2148.19,2145.65,2146.23,944
2024-11-26 07:00:00,2146.23,2146.62,2145.57,2145.58,382
2024-11-26 08:00:00,2145.58,2148.58,2145.57,2147.68,264
2024-11-26 09:00:00,2147.68,2149.82,2147.13,2149.34,911
2024-11-26 10:00:00,2149.34,2149.78,2145.62,2146.3,639
2024-11-26 11:00:00,2146.3,2146.78,2146.01,2146.75,691
2024-11-26 12:00:00,2146.75,2149.5,2146.58,2149.2,816
2024-11-26 13:00:00,2149.2,2152.8,2149.12,2152.68,832
2024-11-26 14:00:00,2152.68,2154.23,2152.49,2154.2,631
2024-11-26 15:00:00,2154.2,2154.81,2153.45,2154.36,453
2024-11-26 16:00:00,2154.36,2154.71,2153.75,2153.84,112
2024-11-26 17:00:00,2153.84,2154.21,2152.74,2152.91,665
2024-11-26 18:00:00,2152.91,2153.11,2151.98,2152.06,474
2024-11-26 19:00:00,2152.06,2155.16,2151.52,2154.63,827
2024-11-26 20:00:00,2154.63,2156.07,2153.99,2155.85,431
2024-11-26 21:00:00,2155.85,2156.68,2155.83,2156.33,137
2024-11-26 22:00:00,2156.33,2156.52,2155.01,2155.78,253
2024-11-26 23:00:00,2155.78,2156.77,2155.31,2156.49,518
2024-11-27 00:00:00,2156.49,2156.98,2156.11,2156.95,651
2024-11-27 01:00:00,2156.95,2157.15,2154.26,2155.19,745
2024-11-27 02:00:00,2155.19,2155.42,2150.96,2151.04,954
2024-11-27 03:00:00,2151.04,2155.28,2150.37,2154.96,886
2024-11-27 04:00:00,2154.96,2155.25,2154.12,2154.5,233
2024-11-27 05:00:00,2154.5,2154.62,2154.04,2154.54,270
2024-11-27 06:00:00,2154.54,2154.93,2154.48,2154.9,192
2024-11-27 07:00:00,2154.9,2156.15,2154.34,2155.48,867
2024-11-27 08:00:00,2155.48,2155.8,2154.92,2155.34,784
2024-11-27 09:00:00,2155.34,2159.54,2155.03,2158.88,916
2024-11-27 10:00:00,2158.88,2162.76,2158.5,2162.31,390
2024-11-27 11:00:00,2162.31,2165.56,2162.24,2164.96,236
2024-11-27 12:00:00,2164.96,2165.85,2163.38,2164.32,920
2024-11-27 13:00:00,2164.32,2164.42,2164.08,2164.16,302
2024-11-27 14:00:00,2164.16,2164.54,2163.62,2164.24,639
2024-11-27 15:00:00,2164.24,2167.03,2163.68,2166.46,670
2024-11-27 16:00:00,2166.46,2166.49,2162.62,2162.64,677
2024-11-27 17:00:00,2162.64,2162.86,2160.65,2160.79,543
2024-11-27 18:00:00,2160.79,2160.99,2159.87,2160.62,240
2024-11-27 19:00:00,2160.62,2161.52,2160.41,2161.19,993
2024-11-27 20:00:00,2161.19,2161.28,2161.06,2161.2,100
2024-11-27 21:00:00,2161.2,2161.54,2159.0,2160.11,917
2024-11-27 22:00:00,2160.11,2164.7,2159.65,2164.28,536
2024-11-27 23:00:00,2164.28,2164.65,2164.16,2164.33,260
2024-11-28 00:00:00,2164.33,2165.22,2164.06,2164.63,371
2024-11-28 01:00:00,2164.63,2165.41,2161.91,2162.65,890
2024-11-28 02:00:00,2162.65,2164.13,2162.55,2163.94,353
2024-11-28 03:00:00,2163.94,2164.16,2163.35,2163.38,722
2024-11-28 04:00:00,2163.38,2163.52,2162.37,2162.94,947
2024-11-28 05:00:00,2162.94,2164.65,2162.63,2163.85,163
2024-11-28 06:00:00,2163.85,2165.79,2163.66,2165.14,807
2024-11-28 07:00:00,2165.14,2165.8,2165.11,2165.44,836
2024-11-28 08:00:00,2165.44,2168.26,2165.24,2168.25,662
2024-11-28 09:00:00,2168.25,2168.88,2165.44,2165.61,542
2024-11-28 10:00:00,2165.61,2165.87,2164.65,2164.95,215
2024-11-28 11:00:00,2164.95,2167.29,2164.51,2166.72,491
2024-11-28 12:00:00,2166.72,2168.88,2166.31,2168.58,432
2024-11-28 13:00:00,2168.58,2171.19,2168.22,2170.87,278
2024-11-28 14:00:00,2170.87,2171.91,2170.83,2171.89,624
2024-11-28 15:00:00,2171.89,2173.86,2171.19,2173.71,554
2024-11-28 16:00:00,2173.71,2174.03,2172.14,2172.23,728
2024-11-28 17:00:00,2172.23,2173.9,2172.15,2173.48,994
2024-11-28 18:00:00,2173.48,2175.15,2173.1,2174.01,249
2024-11-28 19:00:00,2174.01,2174.34,2173.37,2173.51,205
2024-11-28 20:00:00,2173.51,2173.57,2172.86,2173.25,829
2024-11-28 21:00:00,2173.25,2173.39,2172.52,2172.55,403
2024-11-28 22:00:00,2172.55,2172.87,2171.99,2172.12,424
2024-11-28 23:00:00,2172.12,2172.7,2171.14,2171.48,921
2024-11-29 00:00:00,2171.48,2173.11,2171.13,2172.18,703
2024-11-29 01:00:00,2172.18,2175.45,2171.66,2175.05,807
2024-11-29 02:00:00,2175.05,2175.35,2171.13,2171.32,490
2024-11-29 03:00:00,2171.32,2172.33,2170.69,2172.14,558
2024-11-29 04:00:00,2172.14,2172.42,2167.6,2167.96,722
2024-11-29 05:00:00,2167.96,2172.72,2167.13,2171.8,470
2024-11-29 06:00:00,2171.8,2172.16,2168.36,2168.48,570
2024-11-29 07:00:00,2168.48,2171.27,2168.34,2170.73,364
2024-11-29 08:00:00,2170.73,2175.73,2170.45,2175.63,439
2024-11-29 09:00:00,2175.63,2177.29,2175.16,2176.34,691
2024-11-29 10:00:00,2176.34,2177.22,2176.26,2176.66,685
2024-11-29 11:00:00,2176.66,2177.61,2176.08,2177.59,466
2024-11-29 12:00:00,2177.59,2178.31,2173.37,2173.74,585
2024-11-29 13:00:00,2173.74,2176.59,2173.58,2176.17,336
2024-11-29 14:00:00,2176.17,2180.3,2176.15,2179.88,571
2024-11-29 15:00:00,2179.88,2179.93,2177.67,2177.89,125
2024-11-29 16:00:00,2177.89,2181.34,2177.33,2181.08,470
2024-11-29 17:00:00,2181.08,2181.19,2178.46,2179.14,768
2024-11-29 18:00:00,2179.14,2182.93,2179.07,2182.71,392
2024-11-29 19:00:00,2182.71,2183.0,2182.39,2182.91,195
2024-11-29 20:00:00,2182.91,2183.54,2179.81,2180.26,717
2024-11-29 21:00:00,2180.26,2181.73,2180.12,2180.8,596
2024-11-29 22:00:00,2180.8,2183.82,2180.35,2182.53,371
2024-11-29 23:00:00,2182.53,2183.18,2179.73,2180.79,209
2024-12-02 00:00:00,2180.79,2181.45,2178.28,2178.8,780
2024-12-02 01:00:00,2178.8,2179.62,2176.95,2177.6,140
2024-12-02 02:00:00,2177.6,2179.84,2177.15,2179.58,158
2024-12-02 03:00:00,2179.58,2183.28,2179.25,2183.08,536
2024-12-02 04:00:00,2183.08,2184.82,2182.48,2184.48,746
2024-12-02 05:00:00,2184.48,2184.97,2182.84,2182.88,421
2024-12-02 06:00:00,2182.88,2182.88,2182.44,2182.45,317
2024-12-02 07:00:00,2182.45,2183.02,2179.39,2179.74,336
2024-12-02 08:00:00,2179.74,2180.25,2178.97,2179.59,109
2024-12-02 09:00:00,2179.59,2180.12,2178.49,2179.04,629
2024-12-02 10:00:00,2179.04,2182.6,2178.14,2181.78,176
2024-12-02 11:00:00,2181.78,2183.52,2181.76,2183.31,802
2024-12-02 12:00:00,2183.31,2185.76,2183.18,2185.06,842
2024-12-02 13:00:00,2185.06,2187.41,2184.66,2187.26,229
2024-12-02 14:00:00,2187.26,2191.79,2186.22,2191.5,618
2024-12-02 15:00:00,2191.5,2191.82,2187.0,2187.12,892
2024-12-02 16:00:00,2187.12,2187.2,2185.3,2186.6,964
2024-12-02 17:00:00,2186.6,2189.0,2186.53,2188.11,104
2024-12-02 18:00:00,2188.11,2188.77,2185.35,2185.96,239
2024-12-02 19:00:00,2185.96,2188.97,2185.52,2188.68,681
2024-12-02 20:00:00,2188.68,2188.81,2184.28,2185.02,136
2024-12-02 21:00:00,2185.02,2185.6,2183.02,2184.02,868
2024-12-02 22:00:00,2184.02,2189.11,2183.83,2188.64,311
2024-12-02 23:00:00,2188.64,2189.35,2188.06,2188.81,711
2024-12-03 00:00:00,2188.81,2189.01,2184.83,2185.15,406
2024-12-03 01:00:00,2185.15,2185.35,2184.87,2185.19,537
2024-12-03 02:00:00,2185.19,2185.3,2182.06,2182.48,911
2024-12-03 03:00:00,2182.48,2182.57,2180.82,2181.05,461
2024-12-03 04:00:00,2181.05,2181.4,2178.09,2178.15,208
2024-12-03 05:00:00,2178.15,2178.35,2175.29,2175.42,238
2024-12-03 06:00:00,2175.42,2175.43,2171.22,2171.27,372
2024-12-03 07:00:00,2171.27,2171.71,2169.94,2170.23,832
2024-12-03 08:00:00,2170.23,2171.78,2170.12,2171.49,943
2024-12-03 09:00:00,2171.49,2172.75,2171.34,2172.69,472
2024-12-03 10:00:00,2172.69,2173.12,2170.64,2170.68,695
2024-12-03 11:00:00,2170.68,2172.05,2170.49,2170.97,819
2024-12-03 12:00:00,2170.97,2171.19,2168.12,2168.37,574
2024-12-03 13:00:00,2168.37,2170.61,2167.74,2170.21,294
2024-12-03 14:00:00,2170.21,2172.85,2169.82,2172.44,658
2024-12-03 15:00:00,2172.44,2174.04,2171.49,2173.45,387
2024-12-03 16:00:00,2173.45,2173.96,2170.21,2170.51,250
2024-12-03 17:00:00,2170.51,2170.91,2168.43,2168.85,754
2024-12-03 18:00:00,2168.85,2169.29,2164.52,2164.97,284
2024-12-03 19:00:00,2164.97,2167.98,2164.71,2167.42,588
2024-12-03 20:00:00,2167.42,2167.81,2165.66,2165.77,315
2024-12-03 21:00:00,2165.77,2166.54,2164.55,2164.9,360
2024-12-03 22:00:00,2164.9,2164.91,2163.72,2164.35,279
2024-12-03 23:00:00,2164.35,2169.05,2163.67,2168.63,171
2024-12-04 00:00:00,2168.63,2169.2,2165.09,2165.6,993
2024-12-04 01:00:00,2165.6,2166.09,2162.45,2162.7,436
2024-12-04 02:00:00,2162.7,2163.18,2162.36,2162.71,453
2024-12-04 03:00:00,2162.71,2162.72,2159.52,2160.4,380
2024-12-04 04:00:00,2160.4,2162.5,2159.8,2161.58,328
2024-12-04 05:00:00,2161.58,2161.61,2160.93,2161.04,321
2024-12-04 06:00:00,2161.04,2161.59,2158.94,2159.3,703
2024-12-04 07:00:00,2159.3,2162.16,2159.3,2161.91,585
2024-12-04 08:00:00,2161.91,2162.9,2158.25,2158.77,115
2024-12-04 09:00:00,2158.77,2159.29,2153.53,2154.4,945
2024-12-04 10:00:00,2154.4,2154.75,2152.35,2152.58,311
2024-12-04 11:00:00,2152.58,2156.76,2151.98,2156.14,815
2024-12-04 12:00:00,2156.14,2161.54,2155.77,2160.64,150
2024-12-04 13:00:00,2160.64,2164.07,2160.14,2164.03,182
2024-12-04 14:00:00,2164.03,2165.41,2163.69,2165.24,404
2024-12-04 15:00:00,2165.24,2166.19,2163.46,2163.86,117
2024-12-04 16:00:00,2163.86,2165.61,2163.67,2165.61,271
2024-12-04 17:00:00,2165.61,2169.52,2164.69,2168.81,620
2024-12-04 18:00:00,2168.81,2169.48,2168.38,2169.3,454
2024-12-04 19:00:00,2169.3,2169.81,2168.72,2168.84,566
2024-12-04 20:00:00,2168.84,2169.05,2166.91,2167.87,462
2024-12-04 21:00:00,2167.87,2172.77,2167.29,2172.26,785
2024-12-04 22:00:00,2172.26,2172.51,2170.44,2170.58,619
2024-12-04 23:00:00,2170.58,2170.6,2169.49,2169.98,137
2024-12-05 00:00:00,2169.98,2172.37,2169.52,2171.12,649
2024-12-05 01:00:00,2171.12,2175.98,2169.83,2175.08,300
2024-12-05 02:00:00,2175.08,2175.97,2174.94,2175.8,966
2024-12-05 03:00:00,2175.8,2176.27,2173.44,2173.94,704
2024-12-05 04:00:00,2173.94,2175.65,2173.73,2175.41,946
2024-12-05 05:00:00,2175.41,2175.85,2174.91,2175.03,624
2024-12-05 06:00:00,2175.03,2179.74,2174.76,2179.59,568
2024-12-05 07:00:00,2179.59,2180.1,2172.46,2173.08,358
2024-12-05 08:00:00,2173.08,2175.77,2172.95,2175.73,193
2024-12-05 09:00:00,2175.73,2176.47,2175.59,2176.41,562
2024-12-05 10:00:00,2176.41,2177.52,2175.42,2177.34,423
2024-12-05 11:00:00,2177.34,2178.96,2177.22,2178.93,396
2024-12-05 12:00:00,2178.93,2179.34,2177.45,2177.73,775
2024-12-05 13:00:00,2177.73,2180.66,2177.12,2180.11,451
2024-12-05 14:00:00,2180.11,2180.33,2179.42,2179.96,520
2024-12-05 15:00:00,2179.96,2180.58,2178.92,2179.53,128
2024-12-05 16:00:00,2179.53,2182.79,2179.27,2182.18,837
2024-12-05 17:00:00,2182.18,2182.69,2178.52,2178.62,609
2024-12-05 18:00:00,2178.62,2178.96,2177.62,2177.67,705
2024-12-05 19:00:00,2177.67,2177.89,2171.37,2172.11,608
2024-12-05 20:00:00,2172.11,2174.69,2171.86,2174.32,620
2024-12-05 21:00:00,2174.32,2174.51,2172.33,2173.25,286
2024-12-05 22:00:00,2173.25,2173.74,2173.24,2173.54,220
2024-12-05 23:00:00,2173.54,2174.0,2173.19,2173.5,719
2024-12-06 00:00:00,2173.5,2174.89,2172.62,2174.55,451
2024-12-06 01:00:00,2174.55,2174.68,2173.51,2174.0,593
2024-12-06 02:00:00,2174.0,2174.71,2173.29,2174.43,908
2024-12-06 03:00:00,2174.43,2175.59,2171.5,2171.82,101
2024-12-06 04:00:00,2171.82,2172.64,2171.17,2172.07,868
2024-12-06 05:00:00,2172.07,2172.35,2171.82,2171.94,870
2024-12-06 06:00:00,2171.94,2173.23,2171.58,2172.78,653
2024-12-06 07:00:00,2172.78,2174.12,2172.09,2173.98,461
2024-12-06 08:00:00,2173.98,2174.18,2173.76,2173.86,415
2024-12-06 09:00:00,2173.86,2175.6,2173.08,2175.16,790
2024-12-06 10:00:00,2175.16,2175.42,2173.49,2173.62,688
2024-12-06 11:00:00,2173.62,2173.69,2171.89,2172.58,320
2024-12-06 12:00:00,2172.58,2173.72,2169.42,2169.43,652
2024-12-06 13:00:00,2169.43,2169.57,2165.08,2165.43,945
2024-12-06 14:00:00,2165.43,2168.58,2165.08,2168.34,379
2024-12-06 15:00:00,2168.34,2168.55,2165.09,2165.45,858
2024-12-06 16:00:00,2165.45,2168.76,2165.29,2168.54,282
2024-12-06 17:00:00,2168.54,2169.72,2168.42,2169.32,822
2024-12-06 18:00:00,2169.32,2173.03,2169.02,2171.89,318
2024-12-06 19:00:00,2171.89,2172.04,2169.92,2170.54,663
2024-12-06 20:00:00,2170.54,2170.94,2168.35,2168.56,471
2024-12-06 21:00:00,2168.56,2169.34,2167.76,2169.11,261
2024-12-06 22:00:00,2169.11,2170.0,2167.49,2167.94,677
2024-12-06 23:00:00,2167.94,2168.18,2165.94,2166.05,601
2024-12-09 00:00:00,2166.05,2166.45,2165.13,2165.86,251
2024-12-09 01:00:00,2165.86,2166.17,2160.78,2160.84,651
2024-12-09 02:00:00,2160.84,2161.91,2157.4,2157.46,400
2024-12-09 03:00:00,2157.46,2161.59,2157.26,2160.71,914
2024-12-09 04:00:00,2160.71,2163.02,2160.13,2161.81,305
2024-12-09 05:00:00,2161.81,2162.01,2161.07,2161.29,440
2024-12-09 06:00:00,2161.29,2161.79,2160.61,2161.29,337
2024-12-09 07:00:00,2161.29,2162.73,2160.69,2162.67,881
2024-12-09 08:00:00,2162.67,2166.69,2162.39,2166.64,442
2024-12-09 09:00:00,2166.64,2166.77,2165.37,2165.53,446
2024-12-09 10:00:00,2165.53,2166.42,2163.28,2163.89,665
2024-12-09 11:00:00,2163.89,2164.32,2161.46,2161.74,133
2024-12-09 12:00:00,2161.74,2163.4,2161.64,2163.36,768
2024-12-09 13:00:00,2163.36,2164.02,2163.35,2163.72,529
2024-12-09 14:00:00,2163.72,2163.83,2161.95,2162.59,472
2024-12-09 15:00:00,2162.59,2165.07,2162.35,2164.74,853
2024-12-09 16:00:00,2164.74,2165.16,2164.4,2165.05,896
2024-12-09 17:00:00,2165.05,2165.33,2164.85,2165.01,439
2024-12-09 18:00:00,2165.01,2165.04,2162.36,2162.54,346
2024-12-09 19:00:00,2162.54,2162.57,2161.89,2161.97,171
2024-12-09 20:00:00,2161.97,2163.95,2161.47,2163.43,510
2024-12-09 21:00:00,2163.43,2163.48,2159.39,2159.68,356
2024-12-09 22:00:00,2159.68,2160.29,2157.55,2157.61,145
2024-12-09 23:00:00,2157.61,2159.58,2157.07,2159.52,510
2024-12-10 00:00:00,2159.52,2160.15,2158.97,2159.56,810
2024-12-10 01:00:00,2159.56,2159.89,2158.52,2158.7,473
2024-12-10 02:00:00,2158.7,2158.78,2156.88,2157.27,332
2024-12-10 03:00:00,2157.27,2158.55,2157.22,2158.41,699
2024-12-10 04:00:00,2158.41,2159.56,2158.39,2159.18,283
2024-12-10 05:00:00,2159.18,2159.6,2158.56,2159.4,800
2024-12-10 06:00:00,2159.4,2159.45,2158.25,2158.96,358
2024-12-10 07:00:00,2158.96,2163.11,2158.29,2162.34,125
2024-12-10 08:00:00,2162.34,2164.62,2162.18,2164.55,920
2024-12-10 09:00:00,2164.55,2165.35,2162.52,2162.58,893
2024-12-10 10:00:00,2162.58,2168.03,2161.43,2167.64,337
2024-12-10 11:00:00,2167.64,2168.57,2167.4,2167.52,673
2024-12-10 12:00:00,2167.52,2168.61,2166.84,2168.38,181
2024-12-10 13:00:00,2168.38,2170.46,2168.25,2170.28,856
2024-12-10 14:00:00,2170.28,2172.46,2169.89,2171.42,947
2024-12-10 15:00:00,2171.42,2171.48,2170.56,2171.35,222
2024-12-10 16:00:00,2171.35,2172.36,2167.73,2168.41,121
2024-12-10 17:00:00,2168.41,2168.56,2166.96,2167.74,403
2024-12-10 18:00:00,2167.74,2167.92,2166.32,2166.66,428
2024-12-10 19:00:00,2166.66,2167.93,2166.55,2167.45,423
2024-12-10 20:00:00,2167.45,2167.62,2166.0,2166.26,250
2024-12-10 21:00:00,2166.26,2166.63,2165.84,2165.93,615
2024-12-10 22:00:00,2165.93,2169.63,2165.63,2169.43,340
2024-12-10 23:00:00,2169.43,2170.09,2169.3,2169.67,728
2024-12-11 00:00:00,2169.67,2169.74,2163.62,2164.01,194
2024-12-11 01:00:00,2164.01,2164.59,2163.42,2164.35,773
2024-12-11 02:00:00,2164.35,2164.64,2161.36,2161.56,637
2024-12-11 03:00:00,2161.56,2162.69,2161.35,2162.33,699
2024-12-11 04:00:00,2162.33,2164.57,2162.32,2163.77,876
2024-12-11 05:00:00,2163.77,2164.26,2162.14,2162.48,459
2024-12-11 06:00:00,2162.48,2163.28,2161.27,2161.64,828
2024-12-11 07:00:00,2161.64,2162.85,2161.36,2162.2,218
2024-12-11 08:00:00,2162.2,2163.09,2162.17,2162.5,417
2024-12-11 09:00:00,2162.5,2162.96,2160.37,2160.84,651
2024-12-11 10:00:00,2160.84,2162.21,2160.81,2161.9,550
2024-12-11 11:00:00,2161.9,2162.06,2158.46,2158.92,385
2024-12-11 12:00:00,2158.92,2160.43,2157.87,2160.12,847
2024-12-11 13:00:00,2160.12,2163.47,2160.02,2163.41,439
2024-12-11 14:00:00,2163.41,2164.75,2162.87,2164.45,427
2024-12-11 15:00:00,2164.45,2165.78,2164.07,2165.2,673
2024-12-11 16:00:00,2165.2,2167.57,2165.11,2166.8,319
2024-12-11 17:00:00,2166.8,2168.94,2166.59,2168.42,755
2024-12-11 18:00:00,2168.42,2168.49,2164.81,2165.38,602
2024-12-11 19:00:00,2165.38,2165.48,2162.23,2163.05,676
2024-12-11 20:00:00,2163.05,2163.22,2160.84,2160.97,159
2024-12-11 21:00:00,2160.97,2161.72,2160.74,2161.58,850
2024-12-11 22:00:00,2161.58,2162.21,2160.95,2161.04,960
2024-12-11 23:00:00,2161.04,2161.84,2157.29,2157.39,291
2024-12-12 00:00:00,2157.39,2157.96,2157.11,2157.63,870
2024-12-12 01:00:00,2157.63,2157.73,2156.84,2157.09,602
2024-12-12 02:00:00,2157.09,2159.83,2156.85,2158.98,849
2024-12-12 03:00:00,2158.98,2160.39,2158.65,2160.14,898
2024-12-12 04:00:00,2160.14,2161.79,2159.21,2161.54,975
2024-12-12 05:00:00,2161.54,2162.11,2158.17,2158.3,819
2024-12-12 06:00:00,2158.3,2160.6,2158.1,2160.17,950
2024-12-12 07:00:00,2160.17,2161.88,2159.84,2161.17,302
2024-12-12 08:00:00,2161.17,2162.09,2160.84,2160.88,794
2024-12-12 09:00:00,2160.88,2161.14,2159.54,2159.8,843
2024-12-12 10:00:00,2159.8,2159.97,2157.81,2158.35,954
2024-12-12 11:00:00,2158.35,2159.03,2156.94,2157.06,531
2024-12-12 12:00:00,2157.06,2157.57,2154.51,2154.67,233
2024-12-12 13:00:00,2154.67,2156.56,2154.26,2156.07,948
2024-12-12 14:00:00,2156.07,2162.13,2155.89,2161.16,800
2024-12-12 15:00:00,2161.16,2161.39,2159.98,2160.19,408
2024-12-12 16:00:00,2160.19,2162.43,2159.95,2162.11,855
2024-12-12 17:00:00,2162.11,2162.85,2161.66,2162.43,295
2024-12-12 18:00:00,2162.43,2162.55,2160.78,2160.96,319
2024-12-12 19:00:00,2160.96,2164.79,2160.74,2164.08,293
2024-12-12 20:00:00,2164.08,2164.4,2162.22,2162.78,345
2024-12-12 21:00:00,2162.78,2162.85,2161.85,2162.28,496
2024-12-12 22:00:00,2162.28,2164.83,2162.25,2164.47,509
2024-12-12 23:00:00,2164.47,2165.21,2163.86,2164.92,131
2024-12-13 00:00:00,2164.92,2165.87,2162.88,2162.95,479
2024-12-13 01:00:00,2162.95,2163.46,2160.75,2161.58,436
2024-12-13 02:00:00,2161.58,2166.78,2161.33,2166.41,783
2024-12-13 03:00:00,2166.41,2166.78,2165.65,2166.67,446
2024-12-13 04:00:00,2166.67,2166.99,2165.65,2166.38,623
2024-12-13 05:00:00,2166.38,2167.55,2166.19,2167.07,750
2024-12-13 06:00:00,2167.07,2170.29,2166.83,2170.19,976
2024-12-13 07:00:00,2170.19,2170.68,2168.2,2168.45,243
2024-12-13 08:00:00,2168.45,2169.3,2165.85,2167.0,607
2024-12-13 09:00:00,2167.0,2170.4,2166.72,2169.85,719
2024-12-13 10:00:00,2169.85,2173.44,2169.38,2173.41,667
2024-12-13 11:00:00,2173.41,2174.06,2173.35,2173.76,633
2024-12-13 12:00:00,2173.76,2173.97,2172.72,2172.81,216
2024-12-13 13:00:00,2172.81,2174.38,2172.46,2173.76,500
2024-12-13 14:00:00,2173.76,2173.81,2173.46,2173.59,997
2024-12-13 15:00:00,2173.59,2174.06,2170.48,2171.46,203
2024-12-13 16:00:00,2171.46,2174.94,2170.79,2173.93,977
2024-12-13 17:00:00,2173.93,2176.9,2173.82,2176.88,588
2024-12-13 18:00:00,2176.88,2177.36,2176.8,2177.14,170
2024-12-13 19:00:00,2177.14,2177.93,2175.31,2176.05,244
2024-12-13 20:00:00,2176.05,2178.44,2175.62,2177.98,799
2024-12-13 21:00:00,2177.98,2181.24,2177.59,2181.01,994
2024-12-13 22:00:00,2181.01,2181.31,2178.55,2178.96,843
2024-12-13 23:00:00,2178.96,2182.01,2178.96,2181.83,502
2024-12-16 00:00:00,2181.83,2182.8,2181.68,2182.63,309
2024-12-16 01:00:00,2182.63,2184.59,2182.41,2183.78,286
2024-12-16 02:00:00,2183.78,2183.93,2180.82,2180.82,269
2024-12-16 03:00:00,2180.82,2183.95,2180.63,2183.05,978
2024-12-16 04:00:00,2183.05,2183.73,2182.87,2182.88,864
2024-12-16 05:00:00,2182.88,2183.69,2179.59,2179.76,781
2024-12-16 06:00:00,2179.76,2180.13,2176.18,2176.61,480
2024-12-16 07:00:00,2176.61,2178.73,2176.36,2178.34,794
2024-12-16 08:00:00,2178.34,2180.49,2177.83,2180.16,432
2024-12-16 09:00:00,2180.16,2180.61,2177.76,2178.14,410
2024-12-16 10:00:00,2178.14,2180.3,2178.04,2179.42,323
2024-12-16 11:00:00,2179.42,2180.56,2179.07,2179.71,695
2024-12-16 12:00:00,2179.71,2180.32,2178.96,2178.98,878
2024-12-16 13:00:00,2178.98,2179.06,2176.45,2177.37,540
2024-12-16 14:00:00,2177.37,2178.64,2177.2,2178.59,531
2024-12-16 15:00:00,2178.59,2179.67,2178.01,2179.5,661
2024-12-16 16:00:00,2179.5,2182.23,2179.17,2181.98,951
2024-12-16 17:00:00,2181.98,2182.33,2180.5,2181.09,979
2024-12-16 18:00:00,2181.09,2181.39,2180.12,2180.31,933
2024-12-16 19:00:00,2180.31,2186.04,2179.93,2185.94,402
2024-12-16 20:00:00,2185.94,2186.26,2185.49,2185.92,351
2024-12-16 21:00:00,2185.92,2186.3,2184.9,2185.11,573
2024-12-16 22:00:00,2185.11,2188.53,2184.63,2188.28,584
2024-12-16 23:00:00,2188.28,2188.42,2187.72,2187.85,859
2024-12-17 00:00:00,2187.85,2187.89,2187.11,2187.58,735
2024-12-17 01:00:00,2187.58,2191.57,2186.96,2191.21,666
2024-12-17 02:00:00,2191.21,2191.92,2190.8,2191.69,771
2024-12-17 03:00:00,2191.69,2192.2,2188.43,2188.59,109
2024-12-17 04:00:00,2188.59,2190.05,2186.91,2189.53,456
2024-12-17 05:00:00,2189.53,2189.78,2185.95,2186.18,272
2024-12-17 06:00:00,2186.18,2186.92,2185.34,2185.44,173
2024-12-17 07:00:00,2185.44,2185.77,2183.99,2184.55,631
2024-12-17 08:00:00,2184.55,2187.05,2183.87,2186.91,657
2024-12-17 09:00:00,2186.91,2187.03,2184.87,2185.31,478
2024-12-17 10:00:00,2185.31,2185.54,2184.64,2184.82,916
2024-12-17 11:00:00,2184.82,2188.8,2184.75,2188.6,551
2024-12-17 12:00:00,2188.6,2188.84,2187.61,2187.84,913
2024-12-17 13:00:00,2187.84,2187.98,2185.91,2186.28,485
2024-12-17 14:00:00,2186.28,2186.76,2182.14,2182.29,856
2024-12-17 15:00:00,2182.29,2186.07,2182.03,2185.53,561
2024-12-17 16:00:00,2185.53,2186.49,2182.37,2182.8,362
2024-12-17 17:00:00,2182.8,2182.86,2179.44,2179.89,632
2024-12-17 18:00:00,2179.89,2181.94,2179.31,2181.79,952
2024-12-17 19:00:00,2181.79,2183.99,2181.13,2183.44,889
2024-12-17 20:00:00,2183.44,2183.55,2181.55,2182.06,845
2024-12-17 21:00:00,2182.06,2182.47,2181.39,2181.4,888
2024-12-17 22:00:00,2181.4,2184.3,2181.18,2184.1,740
2024-12-17 23:00:00,2184.1,2184.2,2183.19,2183.65,308
2024-12-18 00:00:00,2183.65,2183.77,2181.98,2182.12,479
2024-12-18 01:00:00,2182.12,2184.11,2181.08,2184.01,172
2024-12-18 02:00:00,2184.01,2190.88,2183.97,2190.57,527
2024-12-18 03:00:00,2190.57,2193.03,2189.9,2192.77,968
2024-12-18 04:00:00,2192.77,2194.0,2191.82,2193.01,640
2024-12-18 05:00:00,2193.01,2195.43,2192.37,2194.84,356
2024-12-18 06:00:00,2194.84,2195.1,2194.82,2195.0,511
2024-12-18 07:00:00,2195.0,2195.89,2194.93,2195.73,622
2024-12-18 08:00:00,2195.73,2195.92,2194.01,2194.12,209
2024-12-18 09:00:00,2194.12,2194.26,2190.91,2191.04,381
2024-12-18 10:00:00,2191.04,2192.32,2190.78,2191.99,539
2024-12-18 11:00:00,2191.99,2192.38,2190.65,2190.9,410
2024-12-18 12:00:00,2190.9,2191.06,2190.78,2190.89,972
2024-12-18 13:00:00,2190.89,2192.52,2190.38,2192.38,215
2024-12-18 14:00:00,2192.38,2193.6,2191.13,2191.72,244
2024-12-18 15:00:00,2191.72,2191.84,2190.62,2190.97,491
2024-12-18 16:00:00,2190.97,2191.11,2188.42,2188.58,658
2024-12-18 17:00:00,2188.58,2191.07,2188.45,2190.42,134
2024-12-18 18:00:00,2190.42,2190.62,2189.96,2190.36,540
2024-12-18 19:00:00,2190.36,2190.94,2188.81,2189.51,207
2024-12-18 20:00:00,2189.51,2189.84,2187.66,2188.41,195
2024-12-18 21:00:00,2188.41,2189.67,2188.34,2189.22,966
2024-12-18 22:00:00,2189.22,2189.96,2188.44,2189.75,258
2024-12-18 23:00:00,2189.75,2189.86,2185.62,2186.17,770
2024-12-19 00:00:00,2186.17,2189.63,2184.98,2189.58,338
2024-12-19 01:00:00,2189.58,2193.95,2189.17,2193.95,352
2024-12-19 02:00:00,2193.95,2194.54,2192.57,2193.16,216
2024-12-19 03:00:00,2193.16,2196.8,2193.1,2196.38,728
2024-12-19 04:00:00,2196.38,2199.66,2195.96,2199.59,500
2024-12-19 05:00:00,2199.59,2199.84,2199.05,2199.17,547
2024-12-19 06:00:00,2199.17,2200.22,2198.74,2199.41,307
2024-12-19 07:00:00,2199.41,2200.07,2198.03,2199.75,644
2024-12-19 08:00:00,2199.75,2200.18,2198.49,2198.53,290
2024-12-19 09:00:00,2198.53,2198.76,2195.15,2196.45,310
2024-12-19 10:00:00,2196.45,2199.74,2196.4,2199.38,359
2024-12-19 11:00:00,2199.38,2199.62,2197.9,2198.05,409
2024-12-19 12:00:00,2198.05,2203.0,2197.46,2201.53,257
2024-12-19 13:00:00,2201.53,2201.8,2199.95,2200.52,295
2024-12-19 14:00:00,2200.52,2201.89,2199.47,2201.23,107
2024-12-19 15:00:00,2201.23,2201.28,2199.23,2199.32,196
2024-12-19 16:00:00,2199.32,2204.35,2198.61,2203.57,489
2024-12-19 17:00:00,2203.57,2203.65,2200.51,2200.76,985
2024-12-19 18:00:00,2200.76,2201.22,2198.2,2198.4,789
2024-12-19 19:00:00,2198.4,2198.65,2197.42,2197.47,127
2024-12-19 20:00:00,2197.47,2198.78,2197.43,2198.39,130
2024-12-19 21:00:00,2198.39,2203.43,2198.14,2202.96,295
2024-12-19 22:00:00,2202.96,2203.14,2202.65,2202.73,129
2024-12-19 23:00:00,2202.73,2208.17,2202.46,2207.79,931
2024-12-20 00:00:00,2207.79,2208.21,2205.03,2205.74,867
2024-12-20 01:00:00,2205.74,2208.73,2205.5,2208.31,127
2024-12-20 02:00:00,2208.31,2209.17,2207.64,2207.78,795
2024-12-20 03:00:00,2207.78,2210.61,2207.55,2209.81,634
2024-12-20 04:00:00,2209.81,2211.2,2207.09,2207.43,554
2024-12-20 05:00:00,2207.43,2211.63,2206.8,2210.62,547
2024-12-20 06:00:00,2210.62,2213.37,2210.5,2212.75,945
2024-12-20 07:00:00,2212.75,2216.57,2212.61,2215.87,830
2024-12-20 08:00:00,2215.87,2216.06,2214.12,2214.35,551
2024-12-20 09:00:00,2214.35,2214.59,2211.87,2212.39,838
2024-12-20 10:00:00,2212.39,2212.74,2208.0,2208.9,228
2024-12-20 11:00:00,2208.9,2209.32,2207.12,2208.43,107
2024-12-20 12:00:00,2208.43,2208.47,2207.13,2207.78,454
2024-12-20 13:00:00,2207.78,2208.65,2207.27,2208.12,749
2024-12-20 14:00:00,2208.12,2208.23,2207.6,2207.85,239
2024-12-20 15:00:00,2207.85,2213.13,2207.13,2212.25,215
2024-12-20 16:00:00,2212.25,2213.07,2212.13,2212.52,632
2024-12-20 17:00:00,2212.52,2212.69,2211.9,2212.14,543
2024-12-20 18:00:00,2212.14,2212.83,2211.32,2211.56,853
2024-12-20 19:00:00,2211.56,2216.89,2211.02,2216.68,895
2024-12-20 20:00:00,2216.68,2216.88,2212.78,2213.21,209
2024-12-20 21:00:00,2213.21,2213.72,2211.47,2212.15,272
2024-12-20 22:00:00,2212.15,2212.83,2211.82,2212.0,861
2024-12-20 23:00:00,2212.0,2215.56,2211.45,2215.53,121
2024-12-23 00:00:00,2215.53,2215.9,2213.46,2214.24,849
2024-12-23 01:00:00,2214.24,2215.42,2212.87,2214.35,629
2024-12-23 02:00:00,2214.35,2214.45,2213.6,2213.61,360
2024-12-23 03:00:00,2213.61,2213.77,2211.15,2211.65,944
2024-12-23 04:00:00,2211.65,2216.15,2211.3,2215.51,222
2024-12-23 05:00:00,2215.51,2218.94,2215.21,2218.24,819
2024-12-23 06:00:00,2218.24,2219.2,2217.72,2218.81,763
2024-12-23 07:00:00,2218.81,2219.03,2218.26,2218.42,973
2024-12-23 08:00:00,2218.42,2219.19,2216.58,2217.22,242
2024-12-23 09:00:00,2217.22,2218.41,2214.99,2215.24,233
2024-12-23 10:00:00,2215.24,2215.68,2214.23,2214.26,298
2024-12-23 11:00:00,2214.26,2216.76,2213.51,2216.35,892
2024-12-23 12:00:00,2216.35,2217.22,2216.34,2217.2,110
2024-12-23 13:00:00,2217.2,2217.35,2215.0,2215.75,580
2024-12-23 14:00:00,2215.75,2216.78,2215.2,2216.52,392
2024-12-23 15:00:00,2216.52,2216.86,2213.85,2213.97,735
2024-12-23 16:00:00,2213.97,2214.02,2212.83,2212.86,582
2024-12-23 17:00:00,2212.86,2213.46,2212.31,2212.81,845
2024-12-23 18:00:00,2212.81,2213.57,2212.63,2213.14,958
2024-12-23 19:00:00,2213.14,2213.18,2211.76,2211.81,711
2024-12-23 20:00:00,2211.81,2212.72,2211.0,2211.3,164
2024-12-23 21:00:00,2211.3,2211.32,2210.97,2211.16,952
2024-12-23 22:00:00,2211.16,2211.25,2208.15,2208.18,151
2024-12-23 23:00:00,2208.18,2208.24,2207.88,2208.02,679
2024-12-24 00:00:00,2208.02,2208.2,2205.29,2205.61,810
2024-12-24 01:00:00,2205.61,2206.19,2204.86,2205.01,938
2024-12-24 02:00:00,2205.01,2205.33,2202.91,2203.21,265
2024-12-24 03:00:00,2203.21,2206.14,2203.08,2205.76,743
2024-12-24 04:00:00,2205.76,2206.31,2202.85,2203.3,119
2024-12-24 05:00:00,2203.3,2203.96,2201.4,2201.55,305
2024-12-24 06:00:00,2201.55,2201.62,2198.19,2199.06,932
2024-12-24 07:00:00,2199.06,2200.93,2198.56,2200.11,486
2024-12-24 08:00:00,2200.11,2200.46,2197.88,2198.49,494
2024-12-24 09:00:00,2198.49,2198.52,2197.77,2198.13,987
2024-12-24 10:00:00,2198.13,2198.31,2195.36,2195.54,237
2024-12-24 11:00:00,2195.54,2197.04,2195.17,2196.42,711
2024-12-24 12:00:00,2196.42,2196.98,2192.43,2192.84,820
2024-12-24 13:00:00,2192.84,2194.68,2192.2,2193.9,587
2024-12-24 14:00:00,2193.9,2197.13,2193.46,2196.86,486
2024-12-24 15:00:00,2196.86,2197.66,2195.96,2196.47,964
2024-12-24 16:00:00,2196.47,2199.76,2196.36,2199.53,198
2024-12-24 17:00:00,2199.53,2200.45,2199.31,2200.11,188
2024-12-24 18:00:00,2200.11,2202.55,2199.88,2201.73,799
2024-12-24 19:00:00,2201.73,2202.68,2201.27,2202.32,262
2024-12-24 20:00:00,2202.32,2203.29,2197.27,2197.48,481
2024-12-24 21:00:00,2197.48,2197.83,2193.45,2193.57,257
2024-12-24 22:00:00,2193.57,2198.08,2193.15,2197.8,676
2024-12-24 23:00:00,2197.8,2198.3,2195.9,2198.06,234
2024-12-25 00:00:00,2198.06,2198.98,2197.63,2198.7,272
2024-12-25 01:00:00,2198.7,2198.94,2192.79,2193.29,702
2024-12-25 02:00:00,2193.29,2193.74,2193.27,2193.38,347
2024-12-25 03:00:00,2193.38,2193.64,2191.68,2192.2,247
2024-12-25 04:00:00,2192.2,2192.55,2188.52,2189.0,854
2024-12-25 05:00:00,2189.0,2191.19,2188.78,2191.04,140
2024-12-25 06:00:00,2191.04,2194.31,2190.83,2194.27,983
2024-12-25 07:00:00,2194.27,2194.93,2194.08,2194.91,618
2024-12-25 08:00:00,2194.91,2196.18,2194.64,2195.72,624
2024-12-25 09:00:00,2195.72,2195.92,2194.66,2195.52,137
2024-12-25 10:00:00,2195.52,2195.83,2190.93,2192.38,958
2024-12-25 11:00:00,2192.38,2192.84,2191.63,2192.19,160
2024-12-25 12:00:00,2192.19,2192.49,2189.44,2189.65,832
2024-12-25 13:00:00,2189.65,2190.69,2184.67,2184.86,509
2024-12-25 14:00:00,2184.86,2185.15,2180.57,2180.79,341
2024-12-25 15:00:00,2180.79,2180.9,2178.4,2178.77,804
2024-12-25 16:00:00,2178.77,2181.2,2178.26,2180.59,584
2024-12-25 17:00:00,2180.59,2180.8,2179.7,2179.91,836
2024-12-25 18:00:00,2179.91,2180.47,2179.08,2179.46,275
2024-12-25 19:00:00,2179.46,2179.82,2178.08,2178.19,488
2024-12-25 20:00:00,2178.19,2178.44,2175.92,2176.31,422
2024-12-25 21:00:00,2176.31,2177.58,2176.2,2177.44,109
2024-12-25 22:00:00,2177.44,2179.83,2177.04,2179.74,584
2024-12-25 23:00:00,2179.74,2179.85,2179.55,2179.71,532
2024-12-26 00:00:00,2179.71,2179.71,2178.18,2178.56,805
2024-12-26 01:00:00,2178.56,2179.07,2174.21,2174.45,817
2024-12-26 02:00:00,2174.45,2175.37,2174.05,2174.97,364
2024-12-26 03:00:00,2174.97,2175.01,2169.47,2170.49,940
2024-12-26 04:00:00,2170.49,2172.44,2170.33,2171.53,697
2024-12-26 05:00:00,2171.53,2178.54,2171.13,2178.05,865
2024-12-26 06:00:00,2178.05,2180.11,2177.78,2179.63,769
2024-12-26 07:00:00,2179.63,2181.77,2179.36,2180.49,789
2024-12-26 08:00:00,2180.49,2181.31,2180.27,2181.16,196
2024-12-26 09:00:00,2181.16,2181.22,2177.76,2178.4,740
2024-12-26 10:00:00,2178.4,2180.79,2178.11,2180.21,392
2024-12-26 11:00:00,2180.21,2180.97,2178.11,2178.22,482
2024-12-26 12:00:00,2178.22,2178.39,2173.86,2175.01,772
2024-12-26 13:00:00,2175.01,2176.65,2174.88,2175.88,214
2024-12-26 14:00:00,2175.88,2177.97,2175.32,2177.96,591
2024-12-26 15:00:00,2177.96,2178.64,2175.65,2176.09,724
2024-12-26 16:00:00,2176.09,2181.59,2175.7,2181.41,255
2024-12-26 17:00:00,2181.41,2182.37,2180.75,2180.89,582
2024-12-26 18:00:00,2180.89,2181.16,2180.6,2180.92,332
2024-12-26 19:00:00,2180.92,2187.86,2180.4,2187.44,526
2024-12-26 20:00:00,2187.44,2188.07,2183.84,2184.66,281
2024-12-26 21:00:00,2184.66,2185.38,2184.5,2184.55,951
2024-12-26 22:00:00,2184.55,2188.9,2184.32,2188.57,726
2024-12-26 23:00:00,2188.57,2189.02,2188.38,2188.85,167
2024-12-27 00:00:00,2188.85,2190.63,2188.5,2190.56,582
2024-12-27 01:00:00,2190.56,2193.01,2189.55,2192.89,251
2024-12-27 02:00:00,2192.89,2194.42,2192.56,2193.89,782
2024-12-27 03:00:00,2193.89,2194.15,2192.03,2192.73,208
2024-12-27 04:00:00,2192.73,2192.85,2191.5,2191.83,587
2024-12-27 05:00:00,2191.83,2192.23,2188.86,2189.36,423
2024-12-27 06:00:00,2189.36,2191.62,2189.17,2190.69,107
2024-12-27 07:00:00,2190.69,2193.21,2190.65,2193.06,757
2024-12-27 08:00:00,2193.06,2196.34,2192.86,2195.94,196
2024-12-27 09:00:00,2195.94,2196.28,2194.09,2194.11,677
2024-12-27 10:00:00,2194.11,2196.85,2193.98,2196.71,365
2024-12-27 11:00:00,2196.71,2197.52,2196.04,2197.23,829
2024-12-27 12:00:00,2197.23,2197.84,2194.41,2195.02,241
2024-12-27 13:00:00,2195.02,2196.67,2194.97,2196.18,209
2024-12-27 14:00:00,2196.18,2198.85,2195.91,2198.59,647
2024-12-27 15:00:00,2198.59,2198.6,2194.06,2195.31,227
2024-12-27 16:00:00,2195.31,2199.06,2195.0,2198.44,907
2024-12-27 17:00:00,2198.44,2198.74,2197.41,2197.49,675
2024-12-27 18:00:00,2197.49,2197.53,2196.52,2197.43,400
2024-12-27 19:00:00,2197.43,2197.81,2192.71,2192.82,851
2024-12-27 20:00:00,2192.82,2196.11,2191.75,2195.07,658
2024-12-27 21:00:00,2195.07,2196.52,2194.57,2196.27,824
2024-12-27 22:00:00,2196.27,2197.25,2196.18,2197.05,402
2024-12-27 23:00:00,2197.05,2197.4,2195.28,2195.94,636
2024-12-30 00:00:00,2195.94,2201.79,2195.16,2201.55,461
2024-12-30 01:00:00,2201.55,2204.89,2201.28,2204.68,436
2024-12-30 02:00:00,2204.68,2204.72,2203.79,2203.83,113
2024-12-30 03:00:00,2203.83,2204.46,2203.09,2204.11,494
2024-12-30 04:00:00,2204.11,2204.35,2200.04,2200.23,437
2024-12-30 05:00:00,2200.23,2200.27,2199.22,2200.12,116
2024-12-30 06:00:00,2200.12,2201.1,2199.23,2200.32,827
2024-12-30 07:00:00,2200.32,2200.8,2199.9,2200.77,288
2024-12-30 08:00:00,2200.77,2203.23,2200.69,2203.13,443
2024-12-30 09:00:00,2203.13,2205.98,2203.0,2205.59,572
2024-12-30 10:00:00,2205.59,2206.14,2203.86,2203.99,222
2024-12-30 11:00:00,2203.99,2205.2,2203.91,2205.16,480
2024-12-30 12:00:00,2205.16,2205.39,2201.58,2202.04,383
2024-12-30 13:00:00,2202.04,2202.08,2200.69,2201.23,761
2024-12-30 14:00:00,2201.23,2201.37,2199.01,2199.17,624
2024-12-30 15:00:00,2199.17,2199.77,2198.22,2198.35,170
2024-12-30 16:00:00,2198.35,2198.77,2197.73,2198.26,818
2024-12-30 17:00:00,2198.26,2198.57,2197.6,2198.47,585
2024-12-30 18:00:00,2198.47,2199.01,2198.16,2198.93,572
2024-12-30 19:00:00,2198.93,2201.33,2198.61,2201.26,810
2024-12-30 20:00:00,2201.26,2205.0,2201.02,2204.72,555
2024-12-30 21:00:00,2204.72,2204.76,2199.6,2199.72,750
2024-12-30 22:00:00,2199.72,2201.8,2199.32,2201.61,166
2024-12-30 23:00:00,2201.61,2203.5,2201.13,2203.2,291
2024-12-31 00:00:00,2203.2,2203.79,2202.88,2203.78,976
2024-12-31 01:00:00,2203.78,2205.94,2203.05,2205.56,776
2024-12-31 02:00:00,2205.56,2206.42,2205.48,2205.71,228
2024-12-31 03:00:00,2205.71,2209.52,2204.89,2209.24,235
2024-12-31 04:00:00,2209.24,2210.83,2209.01,2210.76,231
2024-12-31 05:00:00,2210.76,2211.35,2209.9,2210.31,499
2024-12-31 06:00:00,2210.31,2210.68,2208.7,2208.73,233
2024-12-31 07:00:00,2208.73,2209.44,2207.35,2207.52,765
2024-12-31 08:00:00,2207.52,2208.4,2202.16,2203.14,498
2024-12-31 09:00:00,2203.14,2206.7,2202.51,2205.94,915
2024-12-31 10:00:00,2205.94,2206.25,2203.79,2204.17,173
2024-12-31 11:00:00,2204.17,2207.65,2204.12,2207.2,845
2024-12-31 12:00:00,2207.2,2210.9,2206.35,2210.54,133
2024-12-31 13:00:00,2210.54,2211.86,2210.37,2211.31,757
2024-12-31 14:00:00,2211.31,2213.92,2210.68,2213.76,524
2024-12-31 15:00:00,2213.76,2214.67,2213.54,2213.69,196
2024-12-31 16:00:00,2213.69,2214.11,2211.6,2211.82,573
2024-12-31 17:00:00,2211.82,2212.71,2211.6,2212.57,555
2024-12-31 18:00:00,2212.57,2214.34,2212.13,2213.81,139
2024-12-31 19:00:00,2213.81,2214.58,2213.54,2214.08,904
2024-12-31 20:00:00,2214.08,2214.84,2213.35,2214.6,716
2024-12-31 21:00:00,2214.6,2217.8,2214.52,2217.79,440
2024-12-31 22:00:00,2217.79,2220.87,2217.47,2220.54,533
2024-12-31 23:00:00,2220.54,2228.83,2219.81,2227.79,738
